v 0.8 0 0
v 0.7961477813377575 0.07841371226364849 0
v 0.7846282243225844 0.1560722576129026 0
v 0.7655522685857671 0.2322277418035699 0
v 0.7391036260090295 0.3061467458920719 0
v 0.7055370114786841 0.3771173894607981 0
v 0.6651756898420362 0.4444561864156817 0
v 0.6184083626901896 0.5075146273309165 0
v 0.5656854249492381 0.565685424949238 0
v 0.5075146273309165 0.6184083626901896 0
v 0.4444561864156819 0.6651756898420362 0
v 0.3771173894607983 0.705537011478684 0
v 0.3061467458920719 0.7391036260090295 0
v 0.2322277418035699 0.7655522685857671 0
v 0.1560722576129027 0.7846282243225844 0
v 0.07841371226364863 0.7961477813377575 0
v 4.898587196589413e-17 0.8 0
v -0.07841371226364852 0.7961477813377575 0
v -0.1560722576129026 0.7846282243225844 0
v -0.2322277418035698 0.7655522685857672 0
v -0.3061467458920718 0.7391036260090295 0
v -0.3771173894607982 0.7055370114786841 0
v -0.4444561864156816 0.6651756898420363 0
v -0.5075146273309163 0.6184083626901897 0
v -0.565685424949238 0.5656854249492381 0
v -0.6184083626901896 0.5075146273309165 0
v -0.6651756898420363 0.4444561864156817 0
v -0.705537011478684 0.3771173894607983 0
v -0.7391036260090295 0.3061467458920719 0
v -0.7655522685857671 0.2322277418035699 0
v -0.7846282243225844 0.1560722576129029 0
v -0.7961477813377575 0.07841371226364867 0
v -0.8 9.797174393178826e-17 0
v -0.7961477813377575 -0.07841371226364847 0
v -0.7846282243225844 -0.1560722576129027 0
v -0.7655522685857672 -0.2322277418035697 0
v -0.7391036260090296 -0.3061467458920717 0
v -0.7055370114786841 -0.3771173894607981 0
v -0.6651756898420365 -0.4444561864156816 0
v -0.6184083626901897 -0.5075146273309162 0
v -0.5656854249492381 -0.565685424949238 0
v -0.5075146273309167 -0.6184083626901894 0
v -0.4444561864156817 -0.6651756898420362 0
v -0.3771173894607984 -0.705537011478684 0
v -0.3061467458920723 -0.7391036260090292 0
v -0.23222774180357 -0.7655522685857671 0
v -0.1560722576129029 -0.7846282243225843 0
v -0.07841371226364836 -0.7961477813377575 0
v -1.469576158976824e-16 -0.8 0
v 0.07841371226364807 -0.7961477813377575 0
v 0.1560722576129027 -0.7846282243225844 0
v 0.2322277418035696 -0.7655522685857672 0
v 0.306146745892072 -0.7391036260090293 0
v 0.3771173894607981 -0.7055370114786841 0
v 0.4444561864156815 -0.6651756898420365 0
v 0.5075146273309165 -0.6184083626901895 0
v 0.5656854249492379 -0.5656854249492381 0
v 0.6184083626901894 -0.5075146273309168 0
v 0.6651756898420362 -0.4444561864156817 0
v 0.7055370114786839 -0.3771173894607984 0
v 0.7391036260090292 -0.3061467458920724 0
v 0.7655522685857671 -0.23222774180357 0
v 0.7846282243225843 -0.156072257612903 0
v 0.7961477813377575 -0.07841371226364841 0
v 0.8064871719733159 0 0.06329113924050633
v 0.8026037158048974 0.07904956630929898 0.06329113924050633
v 0.7909907471054569 0.1573378420821508 0.06329113924050633
v 0.7717601051118645 0.2341108684261381 0.06329113924050633
v 0.7450969914190568 0.3086292791291629 0.06329113924050633
v 0.711258186387436 0.3801754211602483 0.06329113924050633
v 0.670569576207629 0.4480602660605351 0.06329113924050633
v 0.6234230144383245 0.5116300456640026 0.06329113924050633
v 0.570272548242293 0.5702725482422929 0.06329113924050633
v 0.5116300456640026 0.6234230144383245 0.06329113924050633
v 0.4480602660605352 0.670569576207629 0.06329113924050633
v 0.3801754211602484 0.7112581863874359 0.06329113924050633
v 0.308629279129163 0.7450969914190568 0.06329113924050633
v 0.2341108684261381 0.7717601051118645 0.06329113924050633
v 0.1573378420821509 0.7909907471054569 0.06329113924050633
v 0.07904956630929912 0.8026037158048973 0.06329113924050633
v 4.938309668552612e-17 0.8064871719733159 0.06329113924050633
v -0.079049566309299 0.8026037158048974 0.06329113924050633
v -0.1573378420821507 0.7909907471054569 0.06329113924050633
v -0.2341108684261379 0.7717601051118647 0.06329113924050633
v -0.3086292791291629 0.7450969914190568 0.06329113924050633
v -0.3801754211602483 0.711258186387436 0.06329113924050633
v -0.4480602660605349 0.6705695762076291 0.06329113924050633
v -0.5116300456640025 0.6234230144383246 0.06329113924050633
v -0.5702725482422929 0.570272548242293 0.06329113924050633
v -0.6234230144383245 0.5116300456640026 0.06329113924050633
v -0.6705695762076291 0.4480602660605351 0.06329113924050633
v -0.7112581863874359 0.3801754211602484 0.06329113924050633
v -0.7450969914190568 0.308629279129163 0.06329113924050633
v -0.7717601051118645 0.2341108684261381 0.06329113924050633
v -0.7909907471054569 0.1573378420821511 0.06329113924050633
v -0.8026037158048973 0.07904956630929916 0.06329113924050633
v -0.8064871719733159 9.876619337105223e-17 0.06329113924050633
v -0.8026037158048974 -0.07904956630929896 0.06329113924050633
v -0.7909907471054569 -0.1573378420821509 0.06329113924050633
v -0.7717601051118647 -0.2341108684261379 0.06329113924050633
v -0.7450969914190568 -0.3086292791291629 0.06329113924050633
v -0.711258186387436 -0.3801754211602483 0.06329113924050633
v -0.6705695762076292 -0.4480602660605349 0.06329113924050633
v -0.6234230144383246 -0.5116300456640024 0.06329113924050633
v -0.5702725482422931 -0.5702725482422929 0.06329113924050633
v -0.5116300456640028 -0.6234230144383243 0.06329113924050633
v -0.4480602660605351 -0.670569576207629 0.06329113924050633
v -0.3801754211602485 -0.7112581863874359 0.06329113924050633
v -0.3086292791291634 -0.7450969914190566 0.06329113924050633
v -0.2341108684261382 -0.7717601051118645 0.06329113924050633
v -0.1573378420821511 -0.7909907471054568 0.06329113924050633
v -0.07904956630929885 -0.8026037158048974 0.06329113924050633
v -1.481492900565783e-16 -0.8064871719733159 0.06329113924050633
v 0.07904956630929856 -0.8026037158048974 0.06329113924050633
v 0.1573378420821508 -0.7909907471054569 0.06329113924050633
v 0.2341108684261378 -0.7717601051118647 0.06329113924050633
v 0.3086292791291632 -0.7450969914190567 0.06329113924050633
v 0.3801754211602482 -0.711258186387436 0.06329113924050633
v 0.4480602660605348 -0.6705695762076292 0.06329113924050633
v 0.5116300456640027 -0.6234230144383245 0.06329113924050633
v 0.5702725482422929 -0.5702725482422931 0.06329113924050633
v 0.6234230144383243 -0.5116300456640029 0.06329113924050633
v 0.670569576207629 -0.4480602660605351 0.06329113924050633
v 0.7112581863874358 -0.3801754211602486 0.06329113924050633
v 0.7450969914190566 -0.3086292791291634 0.06329113924050633
v 0.7717601051118645 -0.2341108684261382 0.06329113924050633
v 0.7909907471054568 -0.1573378420821512 0.06329113924050633
v 0.8026037158048974 -0.07904956630929889 0.06329113924050633
v 0.8132894607512846 0 0.1265822784810127
v 0.8093732497031456 0.07971630720301133 0.1265822784810127
v 0.7976623318119408 0.1586649027902914 0.1265822784810127
v 0.7782694896188014 0.2360854686286424 0.1265822784810127
v 0.7513814867952533 0.3112324023466546 0.1265822784810127
v 0.7172572695069648 0.3833819978931309 0.1265822784810127
v 0.6762254726206167 0.4518394152219778 0.1265822784810127
v 0.6286812547704864 0.5159453719816877 0.1265822784810127
v 0.5750824927647838 0.5750824927647837 0.1265822784810127
v 0.5159453719816877 0.6286812547704864 0.1265822784810127
v 0.4518394152219779 0.6762254726206167 0.1265822784810127
v 0.383381997893131 0.7172572695069647 0.1265822784810127
v 0.3112324023466546 0.7513814867952533 0.1265822784810127
v 0.2360854686286424 0.7782694896188014 0.1265822784810127
v 0.1586649027902915 0.7976623318119408 0.1265822784810127
v 0.07971630720301147 0.8093732497031455 0.1265822784810127
v 4.979961674446688e-17 0.8132894607512846 0.1265822784810127
v -0.07971630720301137 0.8093732497031456 0.1265822784810127
v -0.1586649027902914 0.7976623318119408 0.1265822784810127
v -0.2360854686286422 0.7782694896188015 0.1265822784810127
v -0.3112324023466545 0.7513814867952533 0.1265822784810127
v -0.3833819978931309 0.7172572695069648 0.1265822784810127
v -0.4518394152219776 0.6762254726206168 0.1265822784810127
v -0.5159453719816877 0.6286812547704865 0.1265822784810127
v -0.5750824927647837 0.5750824927647838 0.1265822784810127
v -0.6286812547704864 0.5159453719816877 0.1265822784810127
v -0.6762254726206168 0.4518394152219778 0.1265822784810127
v -0.7172572695069647 0.383381997893131 0.1265822784810127
v -0.7513814867952533 0.3112324023466547 0.1265822784810127
v -0.7782694896188014 0.2360854686286424 0.1265822784810127
v -0.7976623318119408 0.1586649027902917 0.1265822784810127
v -0.8093732497031455 0.07971630720301151 0.1265822784810127
v -0.8132894607512846 9.959923348893376e-17 0.1265822784810127
v -0.8093732497031456 -0.07971630720301132 0.1265822784810127
v -0.7976623318119408 -0.1586649027902915 0.1265822784810127
v -0.7782694896188015 -0.2360854686286422 0.1265822784810127
v -0.7513814867952534 -0.3112324023466545 0.1265822784810127
v -0.7172572695069648 -0.3833819978931309 0.1265822784810127
v -0.6762254726206168 -0.4518394152219776 0.1265822784810127
v -0.6286812547704865 -0.5159453719816876 0.1265822784810127
v -0.575082492764784 -0.5750824927647837 0.1265822784810127
v -0.515945371981688 -0.6286812547704861 0.1265822784810127
v -0.4518394152219778 -0.6762254726206167 0.1265822784810127
v -0.3833819978931311 -0.7172572695069647 0.1265822784810127
v -0.311232402346655 -0.7513814867952532 0.1265822784810127
v -0.2360854686286425 -0.7782694896188014 0.1265822784810127
v -0.1586649027902917 -0.7976623318119407 0.1265822784810127
v -0.07971630720301121 -0.8093732497031456 0.1265822784810127
v -1.493988502334006e-16 -0.8132894607512846 0.1265822784810127
v 0.07971630720301091 -0.8093732497031456 0.1265822784810127
v 0.1586649027902915 -0.7976623318119408 0.1265822784810127
v 0.2360854686286421 -0.7782694896188015 0.1265822784810127
v 0.3112324023466547 -0.7513814867952532 0.1265822784810127
v 0.3833819978931308 -0.7172572695069648 0.1265822784810127
v 0.4518394152219775 -0.6762254726206168 0.1265822784810127
v 0.5159453719816878 -0.6286812547704863 0.1265822784810127
v 0.5750824927647837 -0.575082492764784 0.1265822784810127
v 0.6286812547704861 -0.5159453719816881 0.1265822784810127
v 0.6762254726206167 -0.4518394152219778 0.1265822784810127
v 0.7172572695069647 -0.3833819978931311 0.1265822784810127
v 0.7513814867952532 -0.3112324023466551 0.1265822784810127
v 0.7782694896188014 -0.2360854686286425 0.1265822784810127
v 0.7976623318119407 -0.1586649027902918 0.1265822784810127
v 0.8093732497031456 -0.07971630720301126 0.1265822784810127
v 0.8204038747701315 0 0.189873417721519
v 0.8164534058739247 0.08041364172025925 0.189873417721519
v 0.8046400443603202 0.1600528561121843 0.189873417721519
v 0.7850775593585347 0.238150674005958 0.189873417721519
v 0.7579543482930774 0.3139549707226532 0.189873417721519
v 0.723531622513564 0.3867357094460444 0.189873417721519
v 0.6821408916866272 0.4557919718762265 0.189873417721519
v 0.6341807711766055 0.5204587084560038 0.189873417721519
v 0.5801131431616792 0.5801131431616791 0.189873417721519
v 0.5204587084560038 0.6341807711766055 0.189873417721519
v 0.4557919718762266 0.6821408916866272 0.189873417721519
v 0.3867357094460446 0.7235316225135638 0.189873417721519
v 0.3139549707226533 0.7579543482930774 0.189873417721519
v 0.238150674005958 0.7850775593585347 0.189873417721519
v 0.1600528561121844 0.8046400443603202 0.189873417721519
v 0.08041364172025939 0.8164534058739246 0.189873417721519
v 5.023524896226638e-17 0.8204038747701315 0.189873417721519
v -0.08041364172025928 0.8164534058739247 0.189873417721519
v -0.1600528561121843 0.8046400443603202 0.189873417721519
v -0.2381506740059578 0.7850775593585347 0.189873417721519
v -0.3139549707226532 0.7579543482930774 0.189873417721519
v -0.3867357094460445 0.723531622513564 0.189873417721519
v -0.4557919718762263 0.6821408916866273 0.189873417721519
v -0.5204587084560038 0.6341807711766055 0.189873417721519
v -0.5801131431616791 0.5801131431616792 0.189873417721519
v -0.6341807711766055 0.5204587084560038 0.189873417721519
v -0.6821408916866273 0.4557919718762265 0.189873417721519
v -0.7235316225135638 0.3867357094460446 0.189873417721519
v -0.7579543482930774 0.3139549707226533 0.189873417721519
v -0.7850775593585347 0.238150674005958 0.189873417721519
v -0.8046400443603202 0.1600528561121846 0.189873417721519
v -0.8164534058739246 0.08041364172025943 0.189873417721519
v -0.8204038747701315 1.004704979245328e-16 0.189873417721519
v -0.8164534058739247 -0.08041364172025924 0.189873417721519
v -0.8046400443603202 -0.1600528561121844 0.189873417721519
v -0.7850775593585347 -0.2381506740059578 0.189873417721519
v -0.7579543482930775 -0.3139549707226532 0.189873417721519
v -0.723531622513564 -0.3867357094460444 0.189873417721519
v -0.6821408916866273 -0.4557919718762263 0.189873417721519
v -0.6341807711766055 -0.5204587084560037 0.189873417721519
v -0.5801131431616793 -0.5801131431616791 0.189873417721519
v -0.5204587084560042 -0.6341807711766052 0.189873417721519
v -0.4557919718762265 -0.6821408916866272 0.189873417721519
v -0.3867357094460446 -0.7235316225135638 0.189873417721519
v -0.3139549707226537 -0.7579543482930772 0.189873417721519
v -0.238150674005958 -0.7850775593585347 0.189873417721519
v -0.1600528561121847 -0.8046400443603201 0.189873417721519
v -0.08041364172025912 -0.8164534058739247 0.189873417721519
v -1.507057468867991e-16 -0.8204038747701315 0.189873417721519
v 0.08041364172025883 -0.8164534058739247 0.189873417721519
v 0.1600528561121844 -0.8046400443603202 0.189873417721519
v 0.2381506740059577 -0.7850775593585347 0.189873417721519
v 0.3139549707226534 -0.7579543482930773 0.189873417721519
v 0.3867357094460444 -0.723531622513564 0.189873417721519
v 0.4557919718762262 -0.6821408916866273 0.189873417721519
v 0.5204587084560039 -0.6341807711766054 0.189873417721519
v 0.5801131431616791 -0.5801131431616793 0.189873417721519
v 0.6341807711766052 -0.5204587084560043 0.189873417721519
v 0.6821408916866272 -0.4557919718762265 0.189873417721519
v 0.7235316225135637 -0.3867357094460447 0.189873417721519
v 0.7579543482930772 -0.3139549707226537 0.189873417721519
v 0.7850775593585347 -0.2381506740059581 0.189873417721519
v 0.8046400443603201 -0.1600528561121847 0.189873417721519
v 0.8164534058739247 -0.08041364172025917 0.189873417721519
v 0.8278254491098135 0 0.2531645569620253
v 0.8238392433046384 0.08114108321377812 0.2531645569620253
v 0.8119190152300986 0.1615007334399795 0.2531645569620253
v 0.7921795631988114 0.2403050433178725 0.2531645569620253
v 0.7648109889245205 0.3167950842645154 0.2531645569620253
v 0.7300768667386716 0.3902342153718821 0.2531645569620253
v 0.688311705225517 0.4599151776614959 0.2531645569620253
v 0.6399177257215882 0.5251669053750193 0.2531645569620253
v 0.5853609887043484 0.5853609887043483 0.2531645569620253
v 0.5251669053750193 0.6399177257215882 0.2531645569620253
v 0.459915177661496 0.688311705225517 0.2531645569620253
v 0.3902342153718822 0.7300768667386714 0.2531645569620253
v 0.3167950842645154 0.7648109889245205 0.2531645569620253
v 0.2403050433178725 0.7921795631988114 0.2531645569620253
v 0.1615007334399796 0.8119190152300986 0.2531645569620253
v 0.08114108321377826 0.8238392433046383 0.2531645569620253
v 5.068968932525266e-17 0.8278254491098135 0.2531645569620253
v -0.08114108321377815 0.8238392433046384 0.2531645569620253
v -0.1615007334399794 0.8119190152300986 0.2531645569620253
v -0.2403050433178724 0.7921795631988116 0.2531645569620253
v -0.3167950842645154 0.7648109889245205 0.2531645569620253
v -0.3902342153718821 0.7300768667386716 0.2531645569620253
v -0.4599151776614957 0.6883117052255171 0.2531645569620253
v -0.5251669053750193 0.6399177257215883 0.2531645569620253
v -0.5853609887043483 0.5853609887043484 0.2531645569620253
v -0.6399177257215882 0.5251669053750193 0.2531645569620253
v -0.6883117052255171 0.4599151776614959 0.2531645569620253
v -0.7300768667386714 0.3902342153718822 0.2531645569620253
v -0.7648109889245205 0.3167950842645155 0.2531645569620253
v -0.7921795631988114 0.2403050433178726 0.2531645569620253
v -0.8119190152300986 0.1615007334399798 0.2531645569620253
v -0.8238392433046383 0.0811410832137783 0.2531645569620253
v -0.8278254491098135 1.013793786505053e-16 0.2531645569620253
v -0.8238392433046384 -0.08114108321377811 0.2531645569620253
v -0.8119190152300986 -0.1615007334399796 0.2531645569620253
v -0.7921795631988116 -0.2403050433178724 0.2531645569620253
v -0.7648109889245206 -0.3167950842645153 0.2531645569620253
v -0.7300768667386716 -0.3902342153718821 0.2531645569620253
v -0.6883117052255172 -0.4599151776614957 0.2531645569620253
v -0.6399177257215883 -0.5251669053750192 0.2531645569620253
v -0.5853609887043485 -0.5853609887043483 0.2531645569620253
v -0.5251669053750196 -0.639917725721588 0.2531645569620253
v -0.4599151776614959 -0.688311705225517 0.2531645569620253
v -0.3902342153718823 -0.7300768667386714 0.2531645569620253
v -0.3167950842645159 -0.7648109889245203 0.2531645569620253
v -0.2403050433178726 -0.7921795631988114 0.2531645569620253
v -0.1615007334399798 -0.8119190152300985 0.2531645569620253
v -0.081141083213778 -0.8238392433046384 0.2531645569620253
v -1.52069067975758e-16 -0.8278254491098135 0.2531645569620253
v 0.08114108321377769 -0.8238392433046384 0.2531645569620253
v 0.1615007334399795 -0.8119190152300986 0.2531645569620253
v 0.2403050433178723 -0.7921795631988116 0.2531645569620253
v 0.3167950842645156 -0.7648109889245204 0.2531645569620253
v 0.390234215371882 -0.7300768667386716 0.2531645569620253
v 0.4599151776614956 -0.6883117052255172 0.2531645569620253
v 0.5251669053750194 -0.6399177257215882 0.2531645569620253
v 0.5853609887043482 -0.5853609887043485 0.2531645569620253
v 0.639917725721588 -0.5251669053750198 0.2531645569620253
v 0.688311705225517 -0.4599151776614959 0.2531645569620253
v 0.7300768667386713 -0.3902342153718824 0.2531645569620253
v 0.7648109889245203 -0.3167950842645159 0.2531645569620253
v 0.7921795631988114 -0.2403050433178727 0.2531645569620253
v 0.8119190152300985 -0.1615007334399799 0.2531645569620253
v 0.8238392433046384 -0.08114108321377804 0.2531645569620253
v 0.8355472768838428 0 0.3164556962025317
v 0.8315238883673455 0.08189795469030585 0.3164556962025317
v 0.8194924702486753 0.1630071873069679 0.3164556962025317
v 0.7995688916613574 0.2425465716010712 0.3164556962025317
v 0.7719450275585233 0.319750099821213 0.3164556962025317
v 0.7368869108522237 0.3938742597868918 0.3164556962025317
v 0.6947321703710562 0.4642051953172506 0.3164556962025317
v 0.6458867793099796 0.5300655810563318 0.3164556962025317
v 0.5908211454865191 0.590821145486519 0.3164556962025317
v 0.5300655810563318 0.6458867793099796 0.3164556962025317
v 0.4642051953172507 0.6947321703710562 0.3164556962025317
v 0.3938742597868919 0.7368869108522236 0.3164556962025317
v 0.3197500998212131 0.7719450275585233 0.3164556962025317
v 0.2425465716010712 0.7995688916613574 0.3164556962025317
v 0.163007187306968 0.8194924702486753 0.3164556962025317
v 0.08189795469030599 0.8315238883673455 0.3164556962025317
v 5.116251490860427e-17 0.8355472768838428 0.3164556962025317
v -0.08189795469030588 0.8315238883673455 0.3164556962025317
v -0.1630071873069679 0.8194924702486753 0.3164556962025317
v -0.242546571601071 0.7995688916613575 0.3164556962025317
v -0.3197500998212129 0.7719450275585233 0.3164556962025317
v -0.3938742597868919 0.7368869108522237 0.3164556962025317
v -0.4642051953172504 0.6947321703710563 0.3164556962025317
v -0.5300655810563317 0.6458867793099797 0.3164556962025317
v -0.590821145486519 0.5908211454865191 0.3164556962025317
v -0.6458867793099796 0.5300655810563318 0.3164556962025317
v -0.6947321703710563 0.4642051953172506 0.3164556962025317
v -0.7368869108522236 0.393874259786892 0.3164556962025317
v -0.7719450275585233 0.3197500998212131 0.3164556962025317
v -0.7995688916613574 0.2425465716010712 0.3164556962025317
v -0.8194924702486753 0.1630071873069683 0.3164556962025317
v -0.8315238883673455 0.08189795469030603 0.3164556962025317
v -0.8355472768838428 1.023250298172085e-16 0.3164556962025317
v -0.8315238883673455 -0.08189795469030584 0.3164556962025317
v -0.8194924702486753 -0.1630071873069681 0.3164556962025317
v -0.7995688916613575 -0.242546571601071 0.3164556962025317
v -0.7719450275585235 -0.3197500998212129 0.3164556962025317
v -0.7368869108522237 -0.3938742597868918 0.3164556962025317
v -0.6947321703710564 -0.4642051953172504 0.3164556962025317
v -0.6458867793099797 -0.5300655810563316 0.3164556962025317
v -0.5908211454865192 -0.590821145486519 0.3164556962025317
v -0.5300655810563322 -0.6458867793099794 0.3164556962025317
v -0.4642051953172506 -0.6947321703710562 0.3164556962025317
v -0.3938742597868921 -0.7368869108522236 0.3164556962025317
v -0.3197500998212134 -0.7719450275585231 0.3164556962025317
v -0.2425465716010713 -0.7995688916613574 0.3164556962025317
v -0.1630071873069683 -0.8194924702486752 0.3164556962025317
v -0.08189795469030572 -0.8315238883673455 0.3164556962025317
v -1.534875447258128e-16 -0.8355472768838428 0.3164556962025317
v 0.08189795469030542 -0.8315238883673455 0.3164556962025317
v 0.163007187306968 -0.8194924702486753 0.3164556962025317
v 0.2425465716010709 -0.7995688916613575 0.3164556962025317
v 0.3197500998212132 -0.7719450275585232 0.3164556962025317
v 0.3938742597868918 -0.7368869108522237 0.3164556962025317
v 0.4642051953172503 -0.6947321703710564 0.3164556962025317
v 0.5300655810563319 -0.6458867793099795 0.3164556962025317
v 0.5908211454865189 -0.5908211454865192 0.3164556962025317
v 0.6458867793099794 -0.5300655810563322 0.3164556962025317
v 0.6947321703710562 -0.4642051953172506 0.3164556962025317
v 0.7368869108522236 -0.3938742597868921 0.3164556962025317
v 0.7719450275585231 -0.3197500998212135 0.3164556962025317
v 0.7995688916613574 -0.2425465716010713 0.3164556962025317
v 0.8194924702486752 -0.1630071873069684 0.3164556962025317
v 0.8315238883673455 -0.08189795469030577 0.3164556962025317
v 0.8435605529068473 0 0.379746835443038
v 0.8394985782760481 0.08268339309075218 0.379746835443038
v 0.8273517734198463 0.1645704999067 0.379746835443038
v 0.8072371187091262 0.24487270284516 0.379746835443038
v 0.7793483292645407 0.3228166477941852 0.379746835443038
v 0.7439539893740043 0.3976516919554222 0.379746835443038
v 0.701394965879177 0.4686571329446016 0.379746835443038
v 0.6520811254414431 0.5351491495494755 0.379746835443038
v 0.5964873873019052 0.5964873873019051 0.379746835443038
v 0.5351491495494755 0.6520811254414431 0.379746835443038
v 0.4686571329446017 0.701394965879177 0.379746835443038
v 0.3976516919554223 0.7439539893740041 0.379746835443038
v 0.3228166477941853 0.7793483292645407 0.379746835443038
v 0.24487270284516 0.8072371187091262 0.379746835443038
v 0.1645704999067001 0.8273517734198463 0.379746835443038
v 0.08268339309075232 0.839498578276048 0.379746835443038
v 5.16531865502171e-17 0.8435605529068473 0.379746835443038
v -0.08268339309075222 0.8394985782760481 0.379746835443038
v -0.1645704999067 0.8273517734198463 0.379746835443038
v -0.2448727028451598 0.8072371187091263 0.379746835443038
v -0.3228166477941852 0.7793483292645407 0.379746835443038
v -0.3976516919554222 0.7439539893740043 0.379746835443038
v -0.4686571329446014 0.7013949658791772 0.379746835443038
v -0.5351491495494753 0.6520811254414431 0.379746835443038
v -0.5964873873019051 0.5964873873019052 0.379746835443038
v -0.6520811254414431 0.5351491495494755 0.379746835443038
v -0.7013949658791772 0.4686571329446016 0.379746835443038
v -0.7439539893740041 0.3976516919554223 0.379746835443038
v -0.7793483292645407 0.3228166477941853 0.379746835443038
v -0.8072371187091262 0.24487270284516 0.379746835443038
v -0.8273517734198463 0.1645704999067003 0.379746835443038
v -0.839498578276048 0.08268339309075237 0.379746835443038
v -0.8435605529068473 1.033063731004342e-16 0.379746835443038
v -0.8394985782760481 -0.08268339309075216 0.379746835443038
v -0.8273517734198463 -0.1645704999067001 0.379746835443038
v -0.8072371187091263 -0.2448727028451598 0.379746835443038
v -0.7793483292645407 -0.3228166477941851 0.379746835443038
v -0.7439539893740043 -0.3976516919554222 0.379746835443038
v -0.7013949658791772 -0.4686571329446014 0.379746835443038
v -0.6520811254414431 -0.5351491495494752 0.379746835443038
v -0.5964873873019052 -0.5964873873019051 0.379746835443038
v -0.5351491495494758 -0.6520811254414428 0.379746835443038
v -0.4686571329446016 -0.701394965879177 0.379746835443038
v -0.3976516919554224 -0.7439539893740041 0.379746835443038
v -0.3228166477941857 -0.7793483292645405 0.379746835443038
v -0.2448727028451601 -0.8072371187091262 0.379746835443038
v -0.1645704999067004 -0.8273517734198462 0.379746835443038
v -0.08268339309075205 -0.8394985782760481 0.379746835443038
v -1.549595596506513e-16 -0.8435605529068473 0.379746835443038
v 0.08268339309075175 -0.8394985782760481 0.379746835443038
v 0.1645704999067001 -0.8273517734198463 0.379746835443038
v 0.2448727028451597 -0.8072371187091263 0.379746835443038
v 0.3228166477941854 -0.7793483292645406 0.379746835443038
v 0.3976516919554221 -0.7439539893740043 0.379746835443038
v 0.4686571329446013 -0.7013949658791772 0.379746835443038
v 0.5351491495494756 -0.652081125441443 0.379746835443038
v 0.596487387301905 -0.5964873873019052 0.379746835443038
v 0.6520811254414428 -0.5351491495494759 0.379746835443038
v 0.701394965879177 -0.4686571329446016 0.379746835443038
v 0.743953989374004 -0.3976516919554224 0.379746835443038
v 0.7793483292645405 -0.3228166477941857 0.379746835443038
v 0.8072371187091262 -0.2448727028451601 0.379746835443038
v 0.8273517734198462 -0.1645704999067004 0.379746835443038
v 0.8394985782760481 -0.08268339309075209 0.379746835443038
v 0.8518546293637863 0 0.4430379746835443
v 0.8477527164878453 0.08349635474673608 0.4430379746835443
v 0.835486481523351 0.1661885939535107 0.4430379746835443
v 0.815174055018418 0.2472803461525863 0.4430379746835443
v 0.7870110567441904 0.3259906534410251 0.4430379746835443
v 0.7512687117695098 0.4015614925322085 0.4430379746835443
v 0.7082912384152358 0.4732650749344656 0.4430379746835443
v 0.6584925332436468 0.5404108559520974 0.4430379746835443
v 0.6023521850082865 0.6023521850082864 0.4430379746835443
v 0.5404108559520974 0.6584925332436468 0.4430379746835443
v 0.4732650749344657 0.7082912384152358 0.4430379746835443
v 0.4015614925322087 0.7512687117695097 0.4430379746835443
v 0.3259906534410252 0.7870110567441904 0.4430379746835443
v 0.2472803461525863 0.815174055018418 0.4430379746835443
v 0.1661885939535107 0.835486481523351 0.4430379746835443
v 0.08349635474673622 0.8477527164878452 0.4430379746835443
v 5.216105225946079e-17 0.8518546293637863 0.4430379746835443
v -0.08349635474673611 0.8477527164878453 0.4430379746835443
v -0.1661885939535106 0.835486481523351 0.4430379746835443
v -0.2472803461525862 0.8151740550184181 0.4430379746835443
v -0.3259906534410251 0.7870110567441904 0.4430379746835443
v -0.4015614925322086 0.7512687117695098 0.4430379746835443
v -0.4732650749344654 0.7082912384152359 0.4430379746835443
v -0.5404108559520973 0.6584925332436469 0.4430379746835443
v -0.6023521850082864 0.6023521850082865 0.4430379746835443
v -0.6584925332436468 0.5404108559520974 0.4430379746835443
v -0.7082912384152359 0.4732650749344656 0.4430379746835443
v -0.7512687117695097 0.4015614925322087 0.4430379746835443
v -0.7870110567441904 0.3259906534410252 0.4430379746835443
v -0.815174055018418 0.2472803461525864 0.4430379746835443
v -0.835486481523351 0.166188593953511 0.4430379746835443
v -0.8477527164878452 0.08349635474673626 0.4430379746835443
v -0.8518546293637863 1.043221045189216e-16 0.4430379746835443
v -0.8477527164878453 -0.08349635474673607 0.4430379746835443
v -0.835486481523351 -0.1661885939535107 0.4430379746835443
v -0.8151740550184181 -0.2472803461525862 0.4430379746835443
v -0.7870110567441905 -0.3259906534410251 0.4430379746835443
v -0.7512687117695098 -0.4015614925322085 0.4430379746835443
v -0.708291238415236 -0.4732650749344654 0.4430379746835443
v -0.6584925332436469 -0.5404108559520973 0.4430379746835443
v -0.6023521850082866 -0.6023521850082864 0.4430379746835443
v -0.5404108559520977 -0.6584925332436464 0.4430379746835443
v -0.4732650749344656 -0.7082912384152358 0.4430379746835443
v -0.4015614925322088 -0.7512687117695097 0.4430379746835443
v -0.3259906534410256 -0.7870110567441901 0.4430379746835443
v -0.2472803461525864 -0.815174055018418 0.4430379746835443
v -0.166188593953511 -0.835486481523351 0.4430379746835443
v -0.08349635474673595 -0.8477527164878453 0.4430379746835443
v -1.564831567783824e-16 -0.8518546293637863 0.4430379746835443
v 0.08349635474673564 -0.8477527164878453 0.4430379746835443
v 0.1661885939535107 -0.835486481523351 0.4430379746835443
v 0.2472803461525861 -0.8151740550184181 0.4430379746835443
v 0.3259906534410253 -0.7870110567441903 0.4430379746835443
v 0.4015614925322085 -0.7512687117695098 0.4430379746835443
v 0.4732650749344653 -0.708291238415236 0.4430379746835443
v 0.5404108559520975 -0.6584925332436466 0.4430379746835443
v 0.6023521850082862 -0.6023521850082866 0.4430379746835443
v 0.6584925332436464 -0.5404108559520978 0.4430379746835443
v 0.7082912384152358 -0.4732650749344656 0.4430379746835443
v 0.7512687117695096 -0.4015614925322088 0.4430379746835443
v 0.7870110567441901 -0.3259906534410257 0.4430379746835443
v 0.815174055018418 -0.2472803461525865 0.4430379746835443
v 0.835486481523351 -0.166188593953511 0.4430379746835443
v 0.8477527164878453 -0.083496354746736 0.4430379746835443
v 0.8604170831288669 0 0.5063291139240507
v 0.8562739396976904 0.08433562197899336 0.5063291139240507
v 0.8438844101402754 0.1678590458157884 0.5063291139240507
v 0.8233678123990658 0.249765895280289 0.5063291139240507
v 0.7949217325258224 0.3292673626373135 0.5063291139240507
v 0.758820121819934 0.405597805296291 0.5063291139240507
v 0.7154106585276457 0.478022119367951 0.5063291139240507
v 0.6651113995104891 0.5458428191166262 0.5063291139240507
v 0.6084067541291712 0.6084067541291711 0.5063291139240507
v 0.5458428191166262 0.6651113995104891 0.5063291139240507
v 0.4780221193679511 0.7154106585276457 0.5063291139240507
v 0.4055978052962911 0.7588201218199339 0.5063291139240507
v 0.3292673626373136 0.7949217325258224 0.5063291139240507
v 0.249765895280289 0.8233678123990658 0.5063291139240507
v 0.1678590458157885 0.8438844101402754 0.5063291139240507
v 0.0843356219789935 0.8562739396976903 0.5063291139240507
v 5.268535133927345e-17 0.8604170831288669 0.5063291139240507
v -0.0843356219789934 0.8562739396976904 0.5063291139240507
v -0.1678590458157884 0.8438844101402754 0.5063291139240507
v -0.2497658952802889 0.8233678123990658 0.5063291139240507
v -0.3292673626373135 0.7949217325258224 0.5063291139240507
v -0.405597805296291 0.758820121819934 0.5063291139240507
v -0.4780221193679508 0.7154106585276458 0.5063291139240507
v -0.5458428191166261 0.6651113995104893 0.5063291139240507
v -0.6084067541291711 0.6084067541291712 0.5063291139240507
v -0.6651113995104891 0.5458428191166262 0.5063291139240507
v -0.7154106585276458 0.478022119367951 0.5063291139240507
v -0.7588201218199339 0.4055978052962912 0.5063291139240507
v -0.7949217325258224 0.3292673626373137 0.5063291139240507
v -0.8233678123990658 0.2497658952802891 0.5063291139240507
v -0.8438844101402754 0.1678590458157887 0.5063291139240507
v -0.8562739396976903 0.08433562197899355 0.5063291139240507
v -0.8604170831288669 1.053707026785469e-16 0.5063291139240507
v -0.8562739396976904 -0.08433562197899334 0.5063291139240507
v -0.8438844101402754 -0.1678590458157885 0.5063291139240507
v -0.8233678123990658 -0.2497658952802888 0.5063291139240507
v -0.7949217325258225 -0.3292673626373135 0.5063291139240507
v -0.758820121819934 -0.405597805296291 0.5063291139240507
v -0.715410658527646 -0.4780221193679508 0.5063291139240507
v -0.6651113995104893 -0.545842819116626 0.5063291139240507
v -0.6084067541291713 -0.6084067541291711 0.5063291139240507
v -0.5458428191166265 -0.6651113995104889 0.5063291139240507
v -0.478022119367951 -0.7154106585276457 0.5063291139240507
v -0.4055978052962912 -0.7588201218199339 0.5063291139240507
v -0.329267362637314 -0.7949217325258223 0.5063291139240507
v -0.2497658952802891 -0.8233678123990658 0.5063291139240507
v -0.1678590458157888 -0.8438844101402753 0.5063291139240507
v -0.08433562197899322 -0.8562739396976904 0.5063291139240507
v -1.580560540178203e-16 -0.8604170831288669 0.5063291139240507
v 0.08433562197899291 -0.8562739396976904 0.5063291139240507
v 0.1678590458157885 -0.8438844101402754 0.5063291139240507
v 0.2497658952802888 -0.8233678123990658 0.5063291139240507
v 0.3292673626373138 -0.7949217325258224 0.5063291139240507
v 0.405597805296291 -0.758820121819934 0.5063291139240507
v 0.4780221193679507 -0.715410658527646 0.5063291139240507
v 0.5458428191166264 -0.665111399510489 0.5063291139240507
v 0.608406754129171 -0.6084067541291713 0.5063291139240507
v 0.6651113995104889 -0.5458428191166266 0.5063291139240507
v 0.7154106585276457 -0.478022119367951 0.5063291139240507
v 0.7588201218199339 -0.4055978052962913 0.5063291139240507
v 0.7949217325258223 -0.3292673626373141 0.5063291139240507
v 0.8233678123990658 -0.2497658952802891 0.5063291139240507
v 0.8438844101402753 -0.1678590458157888 0.5063291139240507
v 0.8562739396976904 -0.08433562197899327 0.5063291139240507
v 0.8692337943085442 0 0.569620253164557
v 0.8650481960031852 0.085199810795937 0.569620253164557
v 0.8525317106868694 0.1695791008389549 0.569620253164557
v 0.8318048789554 0.2523252514395274 0.569620253164557
v 0.8030673115287897 0.3326413719337241 0.569620253164557
v 0.7665957668909092 0.4097539741759282 0.569620253164557
v 0.7227414859539956 0.4829204216525109 0.569620253164557
v 0.6719268094166598 0.5514360814774241 0.569620253164557
v 0.6146411103920842 0.6146411103920841 0.569620253164557
v 0.5514360814774241 0.6719268094166598 0.569620253164557
v 0.4829204216525109 0.7227414859539956 0.569620253164557
v 0.4097539741759283 0.7665957668909091 0.569620253164557
v 0.3326413719337242 0.8030673115287897 0.569620253164557
v 0.2523252514395274 0.8318048789554 0.569620253164557
v 0.1695791008389549 0.8525317106868694 0.569620253164557
v 0.08519981079593714 0.8650481960031851 0.569620253164557
v 5.322521919553338e-17 0.8692337943085442 0.569620253164557
v -0.08519981079593703 0.8650481960031852 0.569620253164557
v -0.1695791008389548 0.8525317106868694 0.569620253164557
v -0.2523252514395273 0.8318048789554001 0.569620253164557
v -0.3326413719337241 0.8030673115287897 0.569620253164557
v -0.4097539741759282 0.7665957668909092 0.569620253164557
v -0.4829204216525106 0.7227414859539957 0.569620253164557
v -0.551436081477424 0.6719268094166599 0.569620253164557
v -0.6146411103920841 0.6146411103920842 0.569620253164557
v -0.6719268094166598 0.5514360814774241 0.569620253164557
v -0.7227414859539957 0.4829204216525109 0.569620253164557
v -0.7665957668909091 0.4097539741759283 0.569620253164557
v -0.8030673115287897 0.3326413719337242 0.569620253164557
v -0.8318048789554 0.2523252514395275 0.569620253164557
v -0.8525317106868694 0.1695791008389552 0.569620253164557
v -0.8650481960031851 0.08519981079593719 0.569620253164557
v -0.8692337943085442 1.064504383910668e-16 0.569620253164557
v -0.8650481960031852 -0.08519981079593698 0.569620253164557
v -0.8525317106868694 -0.169579100838955 0.569620253164557
v -0.8318048789554001 -0.2523252514395273 0.569620253164557
v -0.8030673115287899 -0.3326413719337241 0.569620253164557
v -0.7665957668909092 -0.4097539741759282 0.569620253164557
v -0.7227414859539958 -0.4829204216525106 0.569620253164557
v -0.6719268094166599 -0.5514360814774238 0.569620253164557
v -0.6146411103920844 -0.6146411103920841 0.569620253164557
v -0.5514360814774243 -0.6719268094166595 0.569620253164557
v -0.4829204216525109 -0.7227414859539956 0.569620253164557
v -0.4097539741759284 -0.7665957668909091 0.569620253164557
v -0.3326413719337246 -0.8030673115287896 0.569620253164557
v -0.2523252514395276 -0.8318048789554 0.569620253164557
v -0.1695791008389552 -0.8525317106868694 0.569620253164557
v -0.08519981079593686 -0.8650481960031852 0.569620253164557
v -1.596756575866001e-16 -0.8692337943085442 0.569620253164557
v 0.08519981079593655 -0.8650481960031852 0.569620253164557
v 0.1695791008389549 -0.8525317106868694 0.569620253164557
v 0.2523252514395272 -0.8318048789554001 0.569620253164557
v 0.3326413719337243 -0.8030673115287897 0.569620253164557
v 0.4097539741759281 -0.7665957668909092 0.569620253164557
v 0.4829204216525105 -0.7227414859539958 0.569620253164557
v 0.5514360814774242 -0.6719268094166597 0.569620253164557
v 0.614641110392084 -0.6146411103920844 0.569620253164557
v 0.6719268094166595 -0.5514360814774244 0.569620253164557
v 0.7227414859539956 -0.4829204216525109 0.569620253164557
v 0.7665957668909091 -0.4097539741759285 0.569620253164557
v 0.8030673115287896 -0.3326413719337247 0.569620253164557
v 0.8318048789554 -0.2523252514395276 0.569620253164557
v 0.8525317106868694 -0.1695791008389553 0.569620253164557
v 0.8650481960031852 -0.08519981079593691 0.569620253164557
v 0.8782890355120351 0 0.6329113924050633
v 0.8740598337452321 0.08608737964369757 0.6329113924050633
v 0.8614129579697541 0.1713456907612776 0.6329113924050633
v 0.8404702045128047 0.2549538492097441 0.6329113924050633
v 0.8114332635386479 0.3361066627183698 0.6329113924050633
v 0.7745817766620713 0.4140225853304261 0.6329113924050633
v 0.7302706438467682 0.487951244117983 0.6329113924050633
v 0.6789266055246792 0.5571806656834006 0.6329113924050633
v 0.6210441328523525 0.6210441328523524 0.6329113924050633
v 0.5571806656834006 0.6789266055246792 0.6329113924050633
v 0.4879512441179831 0.7302706438467682 0.6329113924050633
v 0.4140225853304262 0.7745817766620712 0.6329113924050633
v 0.3361066627183699 0.8114332635386479 0.6329113924050633
v 0.2549538492097441 0.8404702045128047 0.6329113924050633
v 0.1713456907612777 0.8614129579697541 0.6329113924050633
v 0.08608737964369773 0.874059833745232 0.6329113924050633
v 5.377969280330149e-17 0.8782890355120351 0.6329113924050633
v -0.08608737964369761 0.8740598337452321 0.6329113924050633
v -0.1713456907612776 0.8614129579697541 0.6329113924050633
v -0.254953849209744 0.8404702045128049 0.6329113924050633
v -0.3361066627183698 0.8114332635386479 0.6329113924050633
v -0.4140225853304261 0.7745817766620713 0.6329113924050633
v -0.4879512441179828 0.7302706438467683 0.6329113924050633
v -0.5571806656834005 0.6789266055246793 0.6329113924050633
v -0.6210441328523524 0.6210441328523525 0.6329113924050633
v -0.6789266055246792 0.5571806656834006 0.6329113924050633
v -0.7302706438467683 0.487951244117983 0.6329113924050633
v -0.7745817766620712 0.4140225853304263 0.6329113924050633
v -0.8114332635386479 0.3361066627183699 0.6329113924050633
v -0.8404702045128047 0.2549538492097442 0.6329113924050633
v -0.8614129579697541 0.1713456907612779 0.6329113924050633
v -0.874059833745232 0.08608737964369777 0.6329113924050633
v -0.8782890355120351 1.07559385606603e-16 0.6329113924050633
v -0.8740598337452321 -0.08608737964369757 0.6329113924050633
v -0.8614129579697541 -0.1713456907612777 0.6329113924050633
v -0.8404702045128049 -0.2549538492097439 0.6329113924050633
v -0.811433263538648 -0.3361066627183697 0.6329113924050633
v -0.7745817766620713 -0.4140225853304261 0.6329113924050633
v -0.7302706438467684 -0.4879512441179828 0.6329113924050633
v -0.6789266055246793 -0.5571806656834004 0.6329113924050633
v -0.6210441328523526 -0.6210441328523524 0.6329113924050633
v -0.5571806656834009 -0.678926605524679 0.6329113924050633
v -0.487951244117983 -0.7302706438467682 0.6329113924050633
v -0.4140225853304264 -0.7745817766620712 0.6329113924050633
v -0.3361066627183703 -0.8114332635386476 0.6329113924050633
v -0.2549538492097442 -0.8404702045128047 0.6329113924050633
v -0.171345690761278 -0.861412957969754 0.6329113924050633
v -0.08608737964369745 -0.8740598337452321 0.6329113924050633
v -1.613390784099045e-16 -0.8782890355120351 0.6329113924050633
v 0.08608737964369713 -0.8740598337452321 0.6329113924050633
v 0.1713456907612777 -0.8614129579697541 0.6329113924050633
v 0.2549538492097438 -0.8404702045128049 0.6329113924050633
v 0.33610666271837 -0.8114332635386478 0.6329113924050633
v 0.4140225853304261 -0.7745817766620713 0.6329113924050633
v 0.4879512441179827 -0.7302706438467684 0.6329113924050633
v 0.5571806656834007 -0.6789266055246791 0.6329113924050633
v 0.6210441328523523 -0.6210441328523526 0.6329113924050633
v 0.678926605524679 -0.557180665683401 0.6329113924050633
v 0.7302706438467682 -0.487951244117983 0.6329113924050633
v 0.7745817766620711 -0.4140225853304264 0.6329113924050633
v 0.8114332635386476 -0.3361066627183704 0.6329113924050633
v 0.8404702045128047 -0.2549538492097442 0.6329113924050633
v 0.861412957969754 -0.171345690761278 0.6329113924050633
v 0.8740598337452321 -0.08608737964369749 0.6329113924050633
v 0.887565571284946 0 0.6962025316455697
v 0.8832917004628612 0.08699663915232317 0.6962025316455697
v 0.8705112477089592 0.1731554531124089 0.6962025316455697
v 0.8493472957697659 0.257646685402623 0.6962025316455697
v 0.820003665071849 0.3396566392684049 0.6962025316455697
v 0.7827629508196896 0.4183955140228259 0.6962025316455697
v 0.7379838014493811 0.4931050112589537 0.6962025316455697
v 0.6860974646481327 0.5630656376780391 0.6962025316455697
v 0.6276036342032973 0.6276036342032972 0.6962025316455697
v 0.5630656376780391 0.6860974646481327 0.6962025316455697
v 0.4931050112589538 0.7379838014493811 0.6962025316455697
v 0.418395514022826 0.7827629508196895 0.6962025316455697
v 0.3396566392684049 0.820003665071849 0.6962025316455697
v 0.257646685402623 0.8493472957697659 0.6962025316455697
v 0.173155453112409 0.8705112477089592 0.6962025316455697
v 0.08699663915232332 0.8832917004628612 0.6962025316455697
v 5.434771679537505e-17 0.887565571284946 0.6962025316455697
v -0.08699663915232321 0.8832917004628612 0.6962025316455697
v -0.1731554531124089 0.8705112477089592 0.6962025316455697
v -0.2576466854026229 0.849347295769766 0.6962025316455697
v -0.3396566392684048 0.820003665071849 0.6962025316455697
v -0.418395514022826 0.7827629508196896 0.6962025316455697
v -0.4931050112589536 0.7379838014493811 0.6962025316455697
v -0.563065637678039 0.6860974646481328 0.6962025316455697
v -0.6276036342032972 0.6276036342032973 0.6962025316455697
v -0.6860974646481327 0.5630656376780391 0.6962025316455697
v -0.7379838014493811 0.4931050112589537 0.6962025316455697
v -0.7827629508196895 0.4183955140228261 0.6962025316455697
v -0.820003665071849 0.339656639268405 0.6962025316455697
v -0.8493472957697659 0.2576466854026231 0.6962025316455697
v -0.8705112477089592 0.1731554531124093 0.6962025316455697
v -0.8832917004628612 0.08699663915232338 0.6962025316455697
v -0.887565571284946 1.086954335907501e-16 0.6962025316455697
v -0.8832917004628612 -0.08699663915232315 0.6962025316455697
v -0.8705112477089592 -0.173155453112409 0.6962025316455697
v -0.849347295769766 -0.2576466854026228 0.6962025316455697
v -0.8200036650718491 -0.3396566392684048 0.6962025316455697
v -0.7827629508196896 -0.4183955140228259 0.6962025316455697
v -0.7379838014493812 -0.4931050112589536 0.6962025316455697
v -0.6860974646481328 -0.5630656376780389 0.6962025316455697
v -0.6276036342032975 -0.6276036342032972 0.6962025316455697
v -0.5630656376780394 -0.6860974646481325 0.6962025316455697
v -0.4931050112589537 -0.7379838014493811 0.6962025316455697
v -0.4183955140228262 -0.7827629508196895 0.6962025316455697
v -0.3396566392684054 -0.8200036650718489 0.6962025316455697
v -0.2576466854026231 -0.8493472957697659 0.6962025316455697
v -0.1731554531124093 -0.870511247708959 0.6962025316455697
v -0.08699663915232304 -0.8832917004628612 0.6962025316455697
v -1.630431503861251e-16 -0.887565571284946 0.6962025316455697
v 0.08699663915232271 -0.8832917004628612 0.6962025316455697
v 0.173155453112409 -0.8705112477089592 0.6962025316455697
v 0.2576466854026228 -0.849347295769766 0.6962025316455697
v 0.3396566392684051 -0.820003665071849 0.6962025316455697
v 0.4183955140228259 -0.7827629508196896 0.6962025316455697
v 0.4931050112589535 -0.7379838014493812 0.6962025316455697
v 0.5630656376780392 -0.6860974646481326 0.6962025316455697
v 0.6276036342032971 -0.6276036342032975 0.6962025316455697
v 0.6860974646481325 -0.5630656376780394 0.6962025316455697
v 0.7379838014493811 -0.4931050112589537 0.6962025316455697
v 0.7827629508196894 -0.4183955140228262 0.6962025316455697
v 0.8200036650718489 -0.3396566392684054 0.6962025316455697
v 0.8493472957697659 -0.2576466854026231 0.6962025316455697
v 0.870511247708959 -0.1731554531124093 0.6962025316455697
v 0.8832917004628612 -0.08699663915232309 0.6962025316455697
v 0.8970447670773652 0 0.759493670886076
v 0.8927252513366123 0.08792576281652012 0.759493670886076
v 0.8798083034122242 0.1750047524720059 0.759493670886076
v 0.8584183205738349 0.2603983506938573 0.759493670886076
v 0.8287613000491323 0.3432841704503086 0.759493670886076
v 0.7911228551579457 0.4228639759871071 0.759493670886076
v 0.7458654646998438 0.4983713702741865 0.759493670886076
v 0.6934249820851449 0.5690791758280221 0.759493670886076
v 0.6343064378283121 0.634306437828312 0.759493670886076
v 0.5690791758280221 0.6934249820851449 0.759493670886076
v 0.4983713702741867 0.7458654646998438 0.759493670886076
v 0.4228639759871072 0.7911228551579456 0.759493670886076
v 0.3432841704503087 0.8287613000491323 0.759493670886076
v 0.2603983506938573 0.8584183205738349 0.759493670886076
v 0.175004752472006 0.8798083034122242 0.759493670886076
v 0.08792576281652026 0.8927252513366122 0.759493670886076
v 5.492815013465892e-17 0.8970447670773652 0.759493670886076
v -0.08792576281652015 0.8927252513366123 0.759493670886076
v -0.1750047524720059 0.8798083034122242 0.759493670886076
v -0.2603983506938571 0.858418320573835 0.759493670886076
v -0.3432841704503086 0.8287613000491323 0.759493670886076
v -0.4228639759871071 0.7911228551579457 0.759493670886076
v -0.4983713702741864 0.7458654646998439 0.759493670886076
v -0.569079175828022 0.693424982085145 0.759493670886076
v -0.634306437828312 0.6343064378283121 0.759493670886076
v -0.6934249820851449 0.5690791758280221 0.759493670886076
v -0.7458654646998439 0.4983713702741865 0.759493670886076
v -0.7911228551579456 0.4228639759871073 0.759493670886076
v -0.8287613000491323 0.3432841704503087 0.759493670886076
v -0.8584183205738349 0.2603983506938574 0.759493670886076
v -0.8798083034122242 0.1750047524720063 0.759493670886076
v -0.8927252513366122 0.08792576281652031 0.759493670886076
v -0.8970447670773652 1.098563002693178e-16 0.759493670886076
v -0.8927252513366123 -0.08792576281652011 0.759493670886076
v -0.8798083034122242 -0.175004752472006 0.759493670886076
v -0.858418320573835 -0.2603983506938571 0.759493670886076
v -0.8287613000491324 -0.3432841704503085 0.759493670886076
v -0.7911228551579457 -0.4228639759871071 0.759493670886076
v -0.745865464699844 -0.4983713702741864 0.759493670886076
v -0.693424982085145 -0.5690791758280219 0.759493670886076
v -0.6343064378283121 -0.634306437828312 0.759493670886076
v -0.5690791758280225 -0.6934249820851446 0.759493670886076
v -0.4983713702741865 -0.7458654646998438 0.759493670886076
v -0.4228639759871073 -0.7911228551579456 0.759493670886076
v -0.3432841704503091 -0.8287613000491321 0.759493670886076
v -0.2603983506938574 -0.8584183205738349 0.759493670886076
v -0.1750047524720063 -0.8798083034122242 0.759493670886076
v -0.08792576281651998 -0.8927252513366123 0.759493670886076
v -1.647844504039768e-16 -0.8970447670773652 0.759493670886076
v 0.08792576281651965 -0.8927252513366123 0.759493670886076
v 0.175004752472006 -0.8798083034122242 0.759493670886076
v 0.2603983506938571 -0.858418320573835 0.759493670886076
v 0.3432841704503088 -0.8287613000491322 0.759493670886076
v 0.4228639759871071 -0.7911228551579457 0.759493670886076
v 0.4983713702741863 -0.745865464699844 0.759493670886076
v 0.5690791758280223 -0.6934249820851448 0.759493670886076
v 0.6343064378283119 -0.6343064378283121 0.759493670886076
v 0.6934249820851446 -0.5690791758280226 0.759493670886076
v 0.7458654646998438 -0.4983713702741865 0.759493670886076
v 0.7911228551579454 -0.4228639759871074 0.759493670886076
v 0.8287613000491321 -0.3432841704503092 0.759493670886076
v 0.8584183205738349 -0.2603983506938575 0.759493670886076
v 0.8798083034122242 -0.1750047524720064 0.759493670886076
v 0.8927252513366123 -0.08792576281652002 0.759493670886076
v 0.9067067070574871 0 0.8227848101265823
v 0.9023406664348531 0.08887279854340752 0.8227848101265823
v 0.8892845919248672 0.1768897034540284 0.8227848101265823
v 0.8676642206622373 0.263203063822639 0.8227848101265823
v 0.8376877686411194 0.3469816348052072 0.8227848101265823
v 0.7996439254812726 0.4274185829651452 0.8227848101265823
v 0.7538990741892063 0.5037392565203643 0.8227848101265823
v 0.7008937626895425 0.5752086456634037 0.8227848101265823
v 0.6411384611076736 0.6411384611076736 0.8227848101265823
v 0.5752086456634037 0.7008937626895425 0.8227848101265823
v 0.5037392565203644 0.7538990741892063 0.8227848101265823
v 0.4274185829651453 0.7996439254812725 0.8227848101265823
v 0.3469816348052072 0.8376877686411194 0.8227848101265823
v 0.263203063822639 0.8676642206622373 0.8227848101265823
v 0.1768897034540285 0.8892845919248672 0.8227848101265823
v 0.08887279854340767 0.902340666434853 0.8227848101265823
v 5.551977332816942e-17 0.9067067070574871 0.8227848101265823
v -0.08887279854340756 0.9023406664348531 0.8227848101265823
v -0.1768897034540284 0.8892845919248672 0.8227848101265823
v -0.2632030638226388 0.8676642206622374 0.8227848101265823
v -0.3469816348052071 0.8376877686411194 0.8227848101265823
v -0.4274185829651452 0.7996439254812726 0.8227848101265823
v -0.5037392565203641 0.7538990741892064 0.8227848101265823
v -0.5752086456634036 0.7008937626895426 0.8227848101265823
v -0.6411384611076736 0.6411384611076736 0.8227848101265823
v -0.7008937626895425 0.5752086456634037 0.8227848101265823
v -0.7538990741892064 0.5037392565203643 0.8227848101265823
v -0.7996439254812725 0.4274185829651454 0.8227848101265823
v -0.8376877686411194 0.3469816348052073 0.8227848101265823
v -0.8676642206622373 0.263203063822639 0.8227848101265823
v -0.8892845919248672 0.1768897034540287 0.8227848101265823
v -0.902340666434853 0.08887279854340771 0.8227848101265823
v -0.9067067070574871 1.110395466563388e-16 0.8227848101265823
v -0.9023406664348531 -0.0888727985434075 0.8227848101265823
v -0.8892845919248672 -0.1768897034540285 0.8227848101265823
v -0.8676642206622374 -0.2632030638226387 0.8227848101265823
v -0.8376877686411195 -0.3469816348052071 0.8227848101265823
v -0.7996439254812726 -0.4274185829651452 0.8227848101265823
v -0.7538990741892064 -0.5037392565203641 0.8227848101265823
v -0.7008937626895426 -0.5752086456634035 0.8227848101265823
v -0.6411384611076737 -0.6411384611076736 0.8227848101265823
v -0.575208645663404 -0.7008937626895422 0.8227848101265823
v -0.5037392565203643 -0.7538990741892063 0.8227848101265823
v -0.4274185829651455 -0.7996439254812725 0.8227848101265823
v -0.3469816348052077 -0.8376877686411193 0.8227848101265823
v -0.2632030638226391 -0.8676642206622373 0.8227848101265823
v -0.1768897034540288 -0.8892845919248671 0.8227848101265823
v -0.08887279854340738 -0.9023406664348531 0.8227848101265823
v -1.665593199845083e-16 -0.9067067070574871 0.8227848101265823
v 0.08887279854340704 -0.9023406664348531 0.8227848101265823
v 0.1768897034540285 -0.8892845919248672 0.8227848101265823
v 0.2632030638226387 -0.8676642206622374 0.8227848101265823
v 0.3469816348052073 -0.8376877686411193 0.8227848101265823
v 0.4274185829651451 -0.7996439254812726 0.8227848101265823
v 0.503739256520364 -0.7538990741892064 0.8227848101265823
v 0.5752086456634038 -0.7008937626895424 0.8227848101265823
v 0.6411384611076735 -0.6411384611076737 0.8227848101265823
v 0.7008937626895422 -0.5752086456634041 0.8227848101265823
v 0.7538990741892063 -0.5037392565203643 0.8227848101265823
v 0.7996439254812724 -0.4274185829651455 0.8227848101265823
v 0.8376877686411193 -0.3469816348052077 0.8227848101265823
v 0.8676642206622373 -0.2632030638226391 0.8227848101265823
v 0.8892845919248671 -0.1768897034540289 0.8227848101265823
v 0.9023406664348531 -0.08887279854340742 0.8227848101265823
v 0.9165303200259132 0 0.8860759493670887
v 0.9121169760217696 0.08983568099427702 0.8860759493670887
v 0.8989194469246777 0.1788061952714005 0.8860759493670887
v 0.8770648321543462 0.2660547081426513 0.8860759493670887
v 0.8467636035979607 0.3507409687341906 0.8860759493670887
v 0.8083075786508558 0.4320494020623028 0.8860759493670887
v 0.7620671098554738 0.5091969634663271 0.8860759493670887
v 0.7084875182039255 0.581440679756796 0.8860759493670887
v 0.6480848044533998 0.6480848044533997 0.8860759493670887
v 0.581440679756796 0.7084875182039255 0.8860759493670887
v 0.5091969634663273 0.7620671098554738 0.8860759493670887
v 0.4320494020623029 0.8083075786508557 0.8860759493670887
v 0.3507409687341907 0.8467636035979607 0.8860759493670887
v 0.2660547081426513 0.8770648321543462 0.8860759493670887
v 0.1788061952714005 0.8989194469246777 0.8860759493670887
v 0.08983568099427718 0.9121169760217694 0.8860759493670887
v 5.612129613706169e-17 0.9165303200259132 0.8860759493670887
v -0.08983568099427706 0.9121169760217696 0.8860759493670887
v -0.1788061952714004 0.8989194469246777 0.8860759493670887
v -0.2660547081426511 0.8770648321543463 0.8860759493670887
v -0.3507409687341906 0.8467636035979607 0.8860759493670887
v -0.4320494020623029 0.8083075786508558 0.8860759493670887
v -0.5091969634663269 0.7620671098554739 0.8860759493670887
v -0.5814406797567959 0.7084875182039256 0.8860759493670887
v -0.6480848044533997 0.6480848044533998 0.8860759493670887
v -0.7084875182039255 0.581440679756796 0.8860759493670887
v -0.7620671098554739 0.5091969634663271 0.8860759493670887
v -0.8083075786508557 0.432049402062303 0.8860759493670887
v -0.8467636035979607 0.3507409687341908 0.8860759493670887
v -0.8770648321543462 0.2660547081426513 0.8860759493670887
v -0.8989194469246777 0.1788061952714008 0.8860759493670887
v -0.9121169760217694 0.08983568099427722 0.8860759493670887
v -0.9165303200259132 1.122425922741234e-16 0.8860759493670887
v -0.9121169760217696 -0.08983568099427701 0.8860759493670887
v -0.8989194469246777 -0.1788061952714006 0.8860759493670887
v -0.8770648321543463 -0.2660547081426511 0.8860759493670887
v -0.8467636035979608 -0.3507409687341905 0.8860759493670887
v -0.8083075786508558 -0.4320494020623028 0.8860759493670887
v -0.762067109855474 -0.5091969634663269 0.8860759493670887
v -0.7084875182039256 -0.5814406797567959 0.8860759493670887
v -0.6480848044533999 -0.6480848044533997 0.8860759493670887
v -0.5814406797567964 -0.7084875182039253 0.8860759493670887
v -0.5091969634663271 -0.7620671098554738 0.8860759493670887
v -0.432049402062303 -0.8083075786508557 0.8860759493670887
v -0.3507409687341911 -0.8467636035979604 0.8860759493670887
v -0.2660547081426514 -0.8770648321543462 0.8860759493670887
v -0.1788061952714008 -0.8989194469246776 0.8860759493670887
v -0.08983568099427688 -0.9121169760217696 0.8860759493670887
v -1.683638884111851e-16 -0.9165303200259132 0.8860759493670887
v 0.08983568099427655 -0.9121169760217696 0.8860759493670887
v 0.1788061952714005 -0.8989194469246777 0.8860759493670887
v 0.266054708142651 -0.8770648321543463 0.8860759493670887
v 0.3507409687341909 -0.8467636035979605 0.8860759493670887
v 0.4320494020623027 -0.8083075786508558 0.8860759493670887
v 0.5091969634663268 -0.762067109855474 0.8860759493670887
v 0.5814406797567961 -0.7084875182039254 0.8860759493670887
v 0.6480848044533996 -0.6480848044533999 0.8860759493670887
v 0.7084875182039253 -0.5814406797567965 0.8860759493670887
v 0.7620671098554738 -0.5091969634663271 0.8860759493670887
v 0.8083075786508556 -0.4320494020623031 0.8860759493670887
v 0.8467636035979604 -0.3507409687341912 0.8860759493670887
v 0.8770648321543462 -0.2660547081426514 0.8860759493670887
v 0.8989194469246776 -0.1788061952714009 0.8860759493670887
v 0.9121169760217696 -0.08983568099427693 0.8860759493670887
v 0.9264935126345593 0 0.949367088607595
v 0.9220321931347875 0.09081224464232912 0.949367088607595
v 0.9086911995810601 0.18074991772573 0.949367088607595
v 0.8865990130342286 0.2689468702934761 0.949367088607595
v 0.8559683933275566 0.3545537174789818 0.949367088607595
v 0.8170943300732192 0.4367460185463874 0.949367088607595
v 0.7703512017510803 0.5147322167055318 0.949367088607595
v 0.7161891702392753 0.58776126223655 0.949367088607595
v 0.6551298455092411 0.655129845509241 0.949367088607595
v 0.58776126223655 0.7161891702392753 0.949367088607595
v 0.5147322167055319 0.7703512017510803 0.949367088607595
v 0.4367460185463876 0.8170943300732191 0.949367088607595
v 0.3545537174789818 0.8559683933275566 0.949367088607595
v 0.2689468702934761 0.8865990130342286 0.949367088607595
v 0.18074991772573 0.9086911995810601 0.949367088607595
v 0.09081224464232927 0.9220321931347873 0.949367088607595
v 5.673136573393505e-17 0.9264935126345593 0.949367088607595
v -0.09081224464232916 0.9220321931347875 0.949367088607595
v -0.1807499177257299 0.9086911995810601 0.949367088607595
v -0.268946870293476 0.8865990130342287 0.949367088607595
v -0.3545537174789818 0.8559683933275566 0.949367088607595
v -0.4367460185463875 0.8170943300732192 0.949367088607595
v -0.5147322167055316 0.7703512017510804 0.949367088607595
v -0.5877612622365499 0.7161891702392754 0.949367088607595
v -0.655129845509241 0.6551298455092411 0.949367088607595
v -0.7161891702392753 0.58776126223655 0.949367088607595
v -0.7703512017510804 0.5147322167055318 0.949367088607595
v -0.8170943300732191 0.4367460185463877 0.949367088607595
v -0.8559683933275566 0.3545537174789819 0.949367088607595
v -0.8865990130342286 0.2689468702934762 0.949367088607595
v -0.9086911995810601 0.1807499177257303 0.949367088607595
v -0.9220321931347873 0.09081224464232933 0.949367088607595
v -0.9264935126345593 1.134627314678701e-16 0.949367088607595
v -0.9220321931347875 -0.09081224464232911 0.949367088607595
v -0.9086911995810601 -0.18074991772573 0.949367088607595
v -0.8865990130342287 -0.268946870293476 0.949367088607595
v -0.8559683933275567 -0.3545537174789817 0.949367088607595
v -0.8170943300732192 -0.4367460185463874 0.949367088607595
v -0.7703512017510805 -0.5147322167055316 0.949367088607595
v -0.7161891702392754 -0.5877612622365498 0.949367088607595
v -0.6551298455092412 -0.655129845509241 0.949367088607595
v -0.5877612622365503 -0.7161891702392751 0.949367088607595
v -0.5147322167055318 -0.7703512017510803 0.949367088607595
v -0.4367460185463877 -0.8170943300732191 0.949367088607595
v -0.3545537174789823 -0.8559683933275564 0.949367088607595
v -0.2689468702934762 -0.8865990130342286 0.949367088607595
v -0.1807499177257303 -0.90869119958106 0.949367088607595
v -0.09081224464232898 -0.9220321931347875 0.949367088607595
v -1.701940972018051e-16 -0.9264935126345593 0.949367088607595
v 0.09081224464232865 -0.9220321931347875 0.949367088607595
v 0.18074991772573 -0.9086911995810601 0.949367088607595
v 0.2689468702934759 -0.8865990130342287 0.949367088607595
v 0.354553717478982 -0.8559683933275565 0.949367088607595
v 0.4367460185463874 -0.8170943300732192 0.949367088607595
v 0.5147322167055315 -0.7703512017510805 0.949367088607595
v 0.5877612622365501 -0.7161891702392752 0.949367088607595
v 0.6551298455092409 -0.6551298455092412 0.949367088607595
v 0.7161891702392751 -0.5877612622365505 0.949367088607595
v 0.7703512017510803 -0.5147322167055318 0.949367088607595
v 0.817094330073219 -0.4367460185463878 0.949367088607595
v 0.8559683933275564 -0.3545537174789824 0.949367088607595
v 0.8865990130342286 -0.2689468702934763 0.949367088607595
v 0.90869119958106 -0.1807499177257304 0.949367088607595
v 0.9220321931347875 -0.09081224464232904 0.949367088607595
v 0.9365733090679143 0 1.012658227848101
v 0.9320634525932273 0.09180023746383069 1.012658227848101
v 0.9185773155523557 0.1827163884577702 1.012658227848101
v 0.8962447768172757 0.2718728807479233 1.012658227848101
v 0.8652809109442134 0.3584110885756395 1.012658227848101
v 0.8259839168880977 0.4414976016929413 1.012658227848101
v 0.7787322461836106 0.520332251558801 1.012658227848101
v 0.7239809582500272 0.5941558173996071 1.012658227848101
v 0.6622573379202464 0.6622573379202463 1.012658227848101
v 0.5941558173996071 0.7239809582500272 1.012658227848101
v 0.5203322515588011 0.7787322461836106 1.012658227848101
v 0.4414976016929415 0.8259839168880976 1.012658227848101
v 0.3584110885756395 0.8652809109442134 1.012658227848101
v 0.2718728807479233 0.8962447768172757 1.012658227848101
v 0.1827163884577703 0.9185773155523557 1.012658227848101
v 0.09180023746383084 0.9320634525932272 1.012658227848101
v 5.73485752558433e-17 0.9365733090679143 1.012658227848101
v -0.09180023746383073 0.9320634525932273 1.012658227848101
v -0.1827163884577701 0.9185773155523557 1.012658227848101
v -0.2718728807479232 0.8962447768172758 1.012658227848101
v -0.3584110885756394 0.8652809109442134 1.012658227848101
v -0.4414976016929414 0.8259839168880977 1.012658227848101
v -0.5203322515588008 0.7787322461836106 1.012658227848101
v -0.594155817399607 0.7239809582500273 1.012658227848101
v -0.6622573379202463 0.6622573379202464 1.012658227848101
v -0.7239809582500272 0.5941558173996071 1.012658227848101
v -0.7787322461836106 0.520332251558801 1.012658227848101
v -0.8259839168880976 0.4414976016929416 1.012658227848101
v -0.8652809109442134 0.3584110885756396 1.012658227848101
v -0.8962447768172757 0.2718728807479233 1.012658227848101
v -0.9185773155523557 0.1827163884577705 1.012658227848101
v -0.9320634525932272 0.0918002374638309 1.012658227848101
v -0.9365733090679143 1.146971505116866e-16 1.012658227848101
v -0.9320634525932273 -0.09180023746383068 1.012658227848101
v -0.9185773155523557 -0.1827163884577703 1.012658227848101
v -0.8962447768172758 -0.2718728807479231 1.012658227848101
v -0.8652809109442136 -0.3584110885756394 1.012658227848101
v -0.8259839168880977 -0.4414976016929413 1.012658227848101
v -0.7787322461836107 -0.5203322515588008 1.012658227848101
v -0.7239809582500273 -0.5941558173996069 1.012658227848101
v -0.6622573379202465 -0.6622573379202463 1.012658227848101
v -0.5941558173996074 -0.7239809582500268 1.012658227848101
v -0.520332251558801 -0.7787322461836106 1.012658227848101
v -0.4414976016929416 -0.8259839168880976 1.012658227848101
v -0.35841108857564 -0.8652809109442133 1.012658227848101
v -0.2718728807479234 -0.8962447768172757 1.012658227848101
v -0.1827163884577706 -0.9185773155523556 1.012658227848101
v -0.09180023746383054 -0.9320634525932273 1.012658227848101
v -1.720457257675299e-16 -0.9365733090679143 1.012658227848101
v 0.0918002374638302 -0.9320634525932273 1.012658227848101
v 0.1827163884577702 -0.9185773155523557 1.012658227848101
v 0.271872880747923 -0.8962447768172758 1.012658227848101
v 0.3584110885756397 -0.8652809109442133 1.012658227848101
v 0.4414976016929413 -0.8259839168880977 1.012658227848101
v 0.5203322515588007 -0.7787322461836107 1.012658227848101
v 0.5941558173996072 -0.7239809582500271 1.012658227848101
v 0.6622573379202462 -0.6622573379202465 1.012658227848101
v 0.7239809582500268 -0.5941558173996075 1.012658227848101
v 0.7787322461836106 -0.520332251558801 1.012658227848101
v 0.8259839168880975 -0.4414976016929416 1.012658227848101
v 0.8652809109442133 -0.3584110885756401 1.012658227848101
v 0.8962447768172757 -0.2718728807479234 1.012658227848101
v 0.9185773155523556 -0.1827163884577706 1.012658227848101
v 0.9320634525932273 -0.09180023746383059 1.012658227848101
v 0.9467459963035448 0 1.075949367088608
v 0.9421871555593401 0.09279733517613421 1.075949367088608
v 0.928554537455208 0.1847009812863387 1.075949367088608
v 0.9059794315558387 0.2748258559789289 1.075949367088608
v 0.8746792484718514 0.3623040074433471 1.075949367088608
v 0.8349554260767653 0.446292973260569 1.075949367088608
v 0.7871905264954954 0.5259838937767358 1.075949367088608
v 0.7318445518219593 0.6006093018637884 1.075949367088608
v 0.6694505140474507 0.6694505140474506 1.075949367088608
v 0.6006093018637884 0.7318445518219593 1.075949367088608
v 0.5259838937767359 0.7871905264954954 1.075949367088608
v 0.4462929732605692 0.8349554260767652 1.075949367088608
v 0.3623040074433472 0.8746792484718514 1.075949367088608
v 0.2748258559789289 0.9059794315558387 1.075949367088608
v 0.1847009812863388 0.928554537455208 1.075949367088608
v 0.09279733517613438 0.94218715555934 1.075949367088608
v 5.79714726989354e-17 0.9467459963035448 1.075949367088608
v -0.09279733517613425 0.9421871555593401 1.075949367088608
v -0.1847009812863387 0.928554537455208 1.075949367088608
v -0.2748258559789287 0.9059794315558388 1.075949367088608
v -0.3623040074433471 0.8746792484718514 1.075949367088608
v -0.4462929732605691 0.8349554260767653 1.075949367088608
v -0.5259838937767356 0.7871905264954955 1.075949367088608
v -0.6006093018637882 0.7318445518219594 1.075949367088608
v -0.6694505140474506 0.6694505140474507 1.075949367088608
v -0.7318445518219593 0.6006093018637884 1.075949367088608
v -0.7871905264954955 0.5259838937767358 1.075949367088608
v -0.8349554260767652 0.4462929732605693 1.075949367088608
v -0.8746792484718514 0.3623040074433472 1.075949367088608
v -0.9059794315558387 0.2748258559789289 1.075949367088608
v -0.928554537455208 0.1847009812863391 1.075949367088608
v -0.94218715555934 0.09279733517613444 1.075949367088608
v -0.9467459963035448 1.159429453978708e-16 1.075949367088608
v -0.9421871555593401 -0.0927973351761342 1.075949367088608
v -0.928554537455208 -0.1847009812863388 1.075949367088608
v -0.9059794315558388 -0.2748258559789287 1.075949367088608
v -0.8746792484718515 -0.362304007443347 1.075949367088608
v -0.8349554260767653 -0.446292973260569 1.075949367088608
v -0.7871905264954956 -0.5259838937767356 1.075949367088608
v -0.7318445518219594 -0.6006093018637881 1.075949367088608
v -0.6694505140474507 -0.6694505140474506 1.075949367088608
v -0.6006093018637887 -0.731844551821959 1.075949367088608
v -0.5259838937767358 -0.7871905264954954 1.075949367088608
v -0.4462929732605693 -0.8349554260767652 1.075949367088608
v -0.3623040074433477 -0.8746792484718512 1.075949367088608
v -0.274825855978929 -0.9059794315558387 1.075949367088608
v -0.1847009812863391 -0.9285545374552079 1.075949367088608
v -0.09279733517613407 -0.9421871555593401 1.075949367088608
v -1.739144180968062e-16 -0.9467459963035448 1.075949367088608
v 0.09279733517613373 -0.9421871555593401 1.075949367088608
v 0.1847009812863388 -0.928554537455208 1.075949367088608
v 0.2748258559789286 -0.9059794315558388 1.075949367088608
v 0.3623040074433473 -0.8746792484718513 1.075949367088608
v 0.446292973260569 -0.8349554260767653 1.075949367088608
v 0.5259838937767355 -0.7871905264954956 1.075949367088608
v 0.6006093018637885 -0.7318445518219592 1.075949367088608
v 0.6694505140474505 -0.6694505140474507 1.075949367088608
v 0.731844551821959 -0.6006093018637888 1.075949367088608
v 0.7871905264954954 -0.5259838937767358 1.075949367088608
v 0.8349554260767651 -0.4462929732605694 1.075949367088608
v 0.8746792484718512 -0.3623040074433477 1.075949367088608
v 0.9059794315558387 -0.2748258559789291 1.075949367088608
v 0.9285545374552079 -0.1847009812863392 1.075949367088608
v 0.9421871555593401 -0.09279733517613413 1.075949367088608
v 0.9569872740334581 0 1.139240506329114
v 0.9523791187377578 0.09380115593254112 1.139240506329114
v 0.9385990319052283 0.1866989554565241 1.139240506329114
v 0.9157797233050287 0.2777987419794301 1.139240506329114
v 0.8841409553532819 0.3662231747568345 1.139240506329114
v 0.8439874266808731 0.4511206781633789 1.139240506329114
v 0.795705837719069 0.5316736428315622 1.139240506329114
v 0.7397611665629732 0.6071062996769 1.139240506329114
v 0.676692190978287 0.6766921909782869 1.139240506329114
v 0.6071062996769 0.7397611665629732 1.139240506329114
v 0.5316736428315623 0.795705837719069 1.139240506329114
v 0.4511206781633791 0.843987426680873 1.139240506329114
v 0.3662231747568345 0.8841409553532819 1.139240506329114
v 0.2777987419794301 0.9157797233050287 1.139240506329114
v 0.1866989554565242 0.9385990319052283 1.139240506329114
v 0.09380115593254129 0.9523791187377577 1.139240506329114
v 5.859857009849127e-17 0.9569872740334581 1.139240506329114
v -0.09380115593254117 0.9523791187377578 1.139240506329114
v -0.186698955456524 0.9385990319052283 1.139240506329114
v -0.2777987419794299 0.9157797233050288 1.139240506329114
v -0.3662231747568344 0.8841409553532819 1.139240506329114
v -0.451120678163379 0.8439874266808731 1.139240506329114
v -0.5316736428315619 0.7957058377190691 1.139240506329114
v -0.6071062996768999 0.7397611665629733 1.139240506329114
v -0.6766921909782869 0.676692190978287 1.139240506329114
v -0.7397611665629732 0.6071062996769 1.139240506329114
v -0.7957058377190691 0.5316736428315622 1.139240506329114
v -0.843987426680873 0.4511206781633791 1.139240506329114
v -0.8841409553532819 0.3662231747568346 1.139240506329114
v -0.9157797233050287 0.2777987419794301 1.139240506329114
v -0.9385990319052283 0.1866989554565245 1.139240506329114
v -0.9523791187377577 0.09380115593254135 1.139240506329114
v -0.9569872740334581 1.171971401969825e-16 1.139240506329114
v -0.9523791187377578 -0.09380115593254111 1.139240506329114
v -0.9385990319052283 -0.1866989554565242 1.139240506329114
v -0.9157797233050288 -0.2777987419794299 1.139240506329114
v -0.884140955353282 -0.3662231747568344 1.139240506329114
v -0.8439874266808731 -0.4511206781633789 1.139240506329114
v -0.7957058377190692 -0.5316736428315619 1.139240506329114
v -0.7397611665629733 -0.6071062996768998 1.139240506329114
v -0.6766921909782871 -0.6766921909782869 1.139240506329114
v -0.6071062996769003 -0.739761166562973 1.139240506329114
v -0.5316736428315622 -0.795705837719069 1.139240506329114
v -0.4511206781633792 -0.843987426680873 1.139240506329114
v -0.366223174756835 -0.8841409553532816 1.139240506329114
v -0.2777987419794302 -0.9157797233050287 1.139240506329114
v -0.1866989554565245 -0.9385990319052282 1.139240506329114
v -0.09380115593254099 -0.9523791187377578 1.139240506329114
v -1.757957102954738e-16 -0.9569872740334581 1.139240506329114
v 0.09380115593254064 -0.9523791187377578 1.139240506329114
v 0.1866989554565242 -0.9385990319052283 1.139240506329114
v 0.2777987419794298 -0.9157797233050288 1.139240506329114
v 0.3662231747568347 -0.8841409553532817 1.139240506329114
v 0.4511206781633789 -0.8439874266808731 1.139240506329114
v 0.5316736428315618 -0.7957058377190692 1.139240506329114
v 0.6071062996769001 -0.7397611665629732 1.139240506329114
v 0.6766921909782868 -0.6766921909782871 1.139240506329114
v 0.739761166562973 -0.6071062996769004 1.139240506329114
v 0.795705837719069 -0.5316736428315622 1.139240506329114
v 0.8439874266808729 -0.4511206781633793 1.139240506329114
v 0.8841409553532816 -0.3662231747568351 1.139240506329114
v 0.9157797233050287 -0.2777987419794302 1.139240506329114
v 0.9385990319052282 -0.1866989554565245 1.139240506329114
v 0.9523791187377578 -0.09380115593254104 1.139240506329114
v 0.9672724082984711 0 1.20253164556962
v 0.9626147272700716 0.09480927538110327 1.20253164556962
v 0.948686540199324 0.1887054856122646 1.20253164556962
v 0.925621983141641 0.2807843588600682 1.20253164556962
v 0.8936431803898579 0.3701591252397055 1.20253164556962
v 0.8530581052958659 0.4559690568937233 1.20253164556962
v 0.804257614318879 0.5373877572718133 1.20253164556962
v 0.7477116828640675 0.6136311197813457 1.20253164556962
v 0.6839648791624918 0.6839648791624917 1.20253164556962
v 0.6136311197813457 0.7477116828640675 1.20253164556962
v 0.5373877572718134 0.804257614318879 1.20253164556962
v 0.4559690568937235 0.8530581052958658 1.20253164556962
v 0.3701591252397055 0.8936431803898579 1.20253164556962
v 0.2807843588600682 0.925621983141641 1.20253164556962
v 0.1887054856122647 0.948686540199324 1.20253164556962
v 0.09480927538110344 0.9626147272700715 1.20253164556962
v 5.922835293631372e-17 0.9672724082984711 1.20253164556962
v -0.09480927538110331 0.9626147272700716 1.20253164556962
v -0.1887054856122646 0.948686540199324 1.20253164556962
v -0.280784358860068 0.9256219831416411 1.20253164556962
v -0.3701591252397054 0.8936431803898579 1.20253164556962
v -0.4559690568937234 0.8530581052958659 1.20253164556962
v -0.5373877572718131 0.8042576143188791 1.20253164556962
v -0.6136311197813455 0.7477116828640676 1.20253164556962
v -0.6839648791624917 0.6839648791624918 1.20253164556962
v -0.7477116828640675 0.6136311197813457 1.20253164556962
v -0.8042576143188791 0.5373877572718133 1.20253164556962
v -0.8530581052958658 0.4559690568937235 1.20253164556962
v -0.8936431803898579 0.3701591252397056 1.20253164556962
v -0.925621983141641 0.2807843588600683 1.20253164556962
v -0.948686540199324 0.1887054856122649 1.20253164556962
v -0.9626147272700715 0.09480927538110349 1.20253164556962
v -0.9672724082984711 1.184567058726274e-16 1.20253164556962
v -0.9626147272700716 -0.09480927538110326 1.20253164556962
v -0.948686540199324 -0.1887054856122647 1.20253164556962
v -0.9256219831416411 -0.280784358860068 1.20253164556962
v -0.893643180389858 -0.3701591252397053 1.20253164556962
v -0.8530581052958659 -0.4559690568937233 1.20253164556962
v -0.8042576143188792 -0.5373877572718131 1.20253164556962
v -0.7477116828640676 -0.6136311197813454 1.20253164556962
v -0.6839648791624919 -0.6839648791624917 1.20253164556962
v -0.613631119781346 -0.7477116828640672 1.20253164556962
v -0.5373877572718133 -0.804257614318879 1.20253164556962
v -0.4559690568937236 -0.8530581052958658 1.20253164556962
v -0.370159125239706 -0.8936431803898577 1.20253164556962
v -0.2807843588600683 -0.925621983141641 1.20253164556962
v -0.188705485612265 -0.9486865401993239 1.20253164556962
v -0.09480927538110313 -0.9626147272700716 1.20253164556962
v -1.776850588089411e-16 -0.9672724082984711 1.20253164556962
v 0.09480927538110279 -0.9626147272700716 1.20253164556962
v 0.1887054856122647 -0.948686540199324 1.20253164556962
v 0.2807843588600679 -0.9256219831416411 1.20253164556962
v 0.3701591252397057 -0.8936431803898578 1.20253164556962
v 0.4559690568937232 -0.8530581052958659 1.20253164556962
v 0.537387757271813 -0.8042576143188792 1.20253164556962
v 0.6136311197813458 -0.7477116828640674 1.20253164556962
v 0.6839648791624917 -0.6839648791624919 1.20253164556962
v 0.7477116828640672 -0.6136311197813461 1.20253164556962
v 0.804257614318879 -0.5373877572718133 1.20253164556962
v 0.8530581052958657 -0.4559690568937236 1.20253164556962
v 0.8936431803898577 -0.3701591252397061 1.20253164556962
v 0.925621983141641 -0.2807843588600684 1.20253164556962
v 0.9486865401993239 -0.1887054856122651 1.20253164556962
v 0.9626147272700716 -0.09480927538110319 1.20253164556962
v 0.9775763878642663 0 1.265822784810127
v 0.9728690903578934 0.09581924199215675 1.265822784810127
v 0.9587925316870315 0.1907156923038032 1.265822784810127
v 0.9354822768067109 0.2837754462427616 1.265822784810127
v 0.9031628162141107 0.3741022875069637 1.265822784810127
v 0.8621454039823516 0.4608263192373609 1.265822784810127
v 0.8128250602136241 0.5431123416002114 1.265822784810127
v 0.7556767667796633 0.6201678952180456 1.265822784810127
v 0.6912508929866733 0.6912508929866732 1.265822784810127
v 0.6201678952180456 0.7556767667796633 1.265822784810127
v 0.5431123416002115 0.8128250602136241 1.265822784810127
v 0.4608263192373611 0.8621454039823515 1.265822784810127
v 0.3741022875069638 0.9031628162141107 1.265822784810127
v 0.2837754462427616 0.9354822768067109 1.265822784810127
v 0.1907156923038033 0.9587925316870315 1.265822784810127
v 0.09581924199215691 0.9728690903578933 1.265822784810127
v 5.985928971600026e-17 0.9775763878642663 1.265822784810127
v -0.09581924199215679 0.9728690903578934 1.265822784810127
v -0.1907156923038031 0.9587925316870315 1.265822784810127
v -0.2837754462427615 0.935482276806711 1.265822784810127
v -0.3741022875069637 0.9031628162141107 1.265822784810127
v -0.4608263192373609 0.8621454039823516 1.265822784810127
v -0.5431123416002112 0.8128250602136242 1.265822784810127
v -0.6201678952180455 0.7556767667796634 1.265822784810127
v -0.6912508929866732 0.6912508929866733 1.265822784810127
v -0.7556767667796633 0.6201678952180456 1.265822784810127
v -0.8128250602136242 0.5431123416002114 1.265822784810127
v -0.8621454039823515 0.4608263192373611 1.265822784810127
v -0.9031628162141107 0.3741022875069638 1.265822784810127
v -0.9354822768067109 0.2837754462427617 1.265822784810127
v -0.9587925316870315 0.1907156923038036 1.265822784810127
v -0.9728690903578933 0.09581924199215697 1.265822784810127
v -0.9775763878642663 1.197185794320005e-16 1.265822784810127
v -0.9728690903578934 -0.09581924199215673 1.265822784810127
v -0.9587925316870315 -0.1907156923038033 1.265822784810127
v -0.935482276806711 -0.2837754462427614 1.265822784810127
v -0.9031628162141108 -0.3741022875069636 1.265822784810127
v -0.8621454039823516 -0.4608263192373609 1.265822784810127
v -0.8128250602136242 -0.5431123416002112 1.265822784810127
v -0.7556767667796634 -0.6201678952180454 1.265822784810127
v -0.6912508929866734 -0.6912508929866732 1.265822784810127
v -0.6201678952180459 -0.755676766779663 1.265822784810127
v -0.5431123416002114 -0.8128250602136241 1.265822784810127
v -0.4608263192373612 -0.8621454039823515 1.265822784810127
v -0.3741022875069643 -0.9031628162141104 1.265822784810127
v -0.2837754462427617 -0.9354822768067109 1.265822784810127
v -0.1907156923038036 -0.9587925316870314 1.265822784810127
v -0.09581924199215661 -0.9728690903578934 1.265822784810127
v -1.795778691480008e-16 -0.9775763878642663 1.265822784810127
v 0.09581924199215625 -0.9728690903578934 1.265822784810127
v 0.1907156923038033 -0.9587925316870315 1.265822784810127
v 0.2837754462427614 -0.935482276806711 1.265822784810127
v 0.3741022875069639 -0.9031628162141105 1.265822784810127
v 0.4608263192373608 -0.8621454039823516 1.265822784810127
v 0.543112341600211 -0.8128250602136242 1.265822784810127
v 0.6201678952180457 -0.7556767667796632 1.265822784810127
v 0.6912508929866731 -0.6912508929866734 1.265822784810127
v 0.755676766779663 -0.6201678952180461 1.265822784810127
v 0.8128250602136241 -0.5431123416002114 1.265822784810127
v 0.8621454039823514 -0.4608263192373612 1.265822784810127
v 0.9031628162141104 -0.3741022875069643 1.265822784810127
v 0.9354822768067109 -0.2837754462427618 1.265822784810127
v 0.9587925316870314 -0.1907156923038036 1.265822784810127
v 0.9728690903578934 -0.09581924199215666 1.265822784810127
v 0.9878740823504664 0 1.329113924050633
v 0.9831171986304962 0.09682859255768157 1.329113924050633
v 0.9688923588611861 0.1927246728371397 1.329113924050633
v 0.945336556025603 0.2867647091631533 1.329113924050633
v 0.9126766453819652 0.3780430445783898 1.329113924050633
v 0.8712271597234943 0.4656806188149867 1.329113924050633
v 0.8213872802556749 0.5488334341254743 1.329113924050633
v 0.7636369922630318 0.6267006834424599 1.329113924050633
v 0.6985324625884527 0.6985324625884526 1.329113924050633
v 0.6267006834424599 0.7636369922630318 1.329113924050633
v 0.5488334341254744 0.8213872802556749 1.329113924050633
v 0.4656806188149869 0.8712271597234942 1.329113924050633
v 0.3780430445783899 0.9126766453819652 1.329113924050633
v 0.2867647091631533 0.945336556025603 1.329113924050633
v 0.1927246728371398 0.9688923588611861 1.329113924050633
v 0.09682859255768174 0.9831171986304961 1.329113924050633
v 6.048984164555637e-17 0.9878740823504664 1.329113924050633
v -0.09682859255768161 0.9831171986304962 1.329113924050633
v -0.1927246728371396 0.9688923588611861 1.329113924050633
v -0.2867647091631531 0.9453365560256031 1.329113924050633
v -0.3780430445783898 0.9126766453819652 1.329113924050633
v -0.4656806188149868 0.8712271597234943 1.329113924050633
v -0.548833434125474 0.821387280255675 1.329113924050633
v -0.6267006834424598 0.7636369922630319 1.329113924050633
v -0.6985324625884526 0.6985324625884527 1.329113924050633
v -0.7636369922630318 0.6267006834424599 1.329113924050633
v -0.821387280255675 0.5488334341254743 1.329113924050633
v -0.8712271597234942 0.465680618814987 1.329113924050633
v -0.9126766453819652 0.3780430445783899 1.329113924050633
v -0.945336556025603 0.2867647091631533 1.329113924050633
v -0.9688923588611861 0.19272467283714 1.329113924050633
v -0.9831171986304961 0.09682859255768179 1.329113924050633
v -0.9878740823504664 1.209796832911127e-16 1.329113924050633
v -0.9831171986304962 -0.09682859255768156 1.329113924050633
v -0.9688923588611861 -0.1927246728371398 1.329113924050633
v -0.9453365560256031 -0.2867647091631531 1.329113924050633
v -0.9126766453819654 -0.3780430445783897 1.329113924050633
v -0.8712271597234943 -0.4656806188149867 1.329113924050633
v -0.8213872802556751 -0.548833434125474 1.329113924050633
v -0.7636369922630319 -0.6267006834424597 1.329113924050633
v -0.6985324625884528 -0.6985324625884526 1.329113924050633
v -0.6267006834424602 -0.7636369922630315 1.329113924050633
v -0.5488334341254743 -0.8213872802556749 1.329113924050633
v -0.465680618814987 -0.8712271597234942 1.329113924050633
v -0.3780430445783904 -0.912676645381965 1.329113924050633
v -0.2867647091631534 -0.945336556025603 1.329113924050633
v -0.1927246728371401 -0.968892358861186 1.329113924050633
v -0.09682859255768142 -0.9831171986304962 1.329113924050633
v -1.814695249366691e-16 -0.9878740823504664 1.329113924050633
v 0.09682859255768106 -0.9831171986304962 1.329113924050633
v 0.1927246728371397 -0.9688923588611861 1.329113924050633
v 0.286764709163153 -0.9453365560256031 1.329113924050633
v 0.3780430445783901 -0.9126766453819651 1.329113924050633
v 0.4656806188149867 -0.8712271597234943 1.329113924050633
v 0.5488334341254739 -0.8213872802556751 1.329113924050633
v 0.62670068344246 -0.7636369922630317 1.329113924050633
v 0.6985324625884525 -0.6985324625884528 1.329113924050633
v 0.7636369922630315 -0.6267006834424603 1.329113924050633
v 0.8213872802556749 -0.5488334341254743 1.329113924050633
v 0.8712271597234941 -0.4656806188149871 1.329113924050633
v 0.912676645381965 -0.3780430445783904 1.329113924050633
v 0.945336556025603 -0.2867647091631534 1.329113924050633
v 0.968892358861186 -0.1927246728371401 1.329113924050633
v 0.9831171986304962 -0.09682859255768148 1.329113924050633
v 0.9981404011129914 0 1.392405063291139
v 0.9933340822621094 0.09783486776449599 1.392405063291139
v 0.9789614131873982 0.1947275322704409 1.392405063291139
v 0.9551608105489475 0.2897448641917243 1.392405063291139
v 0.9221614871608987 0.381971794680187 1.392405063291139
v 0.8802812445467436 0.4705201279788565 1.392405063291139
v 0.8299234123369259 0.5545370952326238 1.392405063291139
v 0.7715729639840176 0.6332135671184891 1.392405063291139
v 0.7057918462032569 0.7057918462032567 1.392405063291139
v 0.6332135671184891 0.7715729639840176 1.392405063291139
v 0.554537095232624 0.8299234123369259 1.392405063291139
v 0.4705201279788567 0.8802812445467435 1.392405063291139
v 0.3819717946801871 0.9221614871608987 1.392405063291139
v 0.2897448641917243 0.9551608105489475 1.392405063291139
v 0.194727532270441 0.9789614131873982 1.392405063291139
v 0.09783486776449615 0.9933340822621093 1.392405063291139
v 6.111847236613401e-17 0.9981404011129914 1.392405063291139
v -0.09783486776449603 0.9933340822621094 1.392405063291139
v -0.1947275322704408 0.9789614131873982 1.392405063291139
v -0.2897448641917241 0.9551608105489476 1.392405063291139
v -0.381971794680187 0.9221614871608987 1.392405063291139
v -0.4705201279788566 0.8802812445467436 1.392405063291139
v -0.5545370952326236 0.829923412336926 1.392405063291139
v -0.633213567118489 0.7715729639840178 1.392405063291139
v -0.7057918462032567 0.7057918462032569 1.392405063291139
v -0.7715729639840176 0.6332135671184891 1.392405063291139
v -0.829923412336926 0.5545370952326238 1.392405063291139
v -0.8802812445467435 0.4705201279788567 1.392405063291139
v -0.9221614871608987 0.3819717946801872 1.392405063291139
v -0.9551608105489475 0.2897448641917243 1.392405063291139
v -0.9789614131873982 0.1947275322704413 1.392405063291139
v -0.9933340822621093 0.09783486776449621 1.392405063291139
v -0.9981404011129914 1.22236944732268e-16 1.392405063291139
v -0.9933340822621094 -0.09783486776449597 1.392405063291139
v -0.9789614131873982 -0.194727532270441 1.392405063291139
v -0.9551608105489476 -0.2897448641917241 1.392405063291139
v -0.9221614871608989 -0.3819717946801869 1.392405063291139
v -0.8802812445467436 -0.4705201279788565 1.392405063291139
v -0.8299234123369261 -0.5545370952326236 1.392405063291139
v -0.7715729639840178 -0.6332135671184889 1.392405063291139
v -0.705791846203257 -0.7057918462032567 1.392405063291139
v -0.6332135671184894 -0.7715729639840173 1.392405063291139
v -0.5545370952326238 -0.8299234123369259 1.392405063291139
v -0.4705201279788568 -0.8802812445467435 1.392405063291139
v -0.3819717946801876 -0.9221614871608985 1.392405063291139
v -0.2897448641917244 -0.9551608105489475 1.392405063291139
v -0.1947275322704413 -0.978961413187398 1.392405063291139
v -0.09783486776449583 -0.9933340822621094 1.392405063291139
v -1.83355417098402e-16 -0.9981404011129914 1.392405063291139
v 0.09783486776449547 -0.9933340822621094 1.392405063291139
v 0.194727532270441 -0.9789614131873982 1.392405063291139
v 0.289744864191724 -0.9551608105489476 1.392405063291139
v 0.3819717946801873 -0.9221614871608986 1.392405063291139
v 0.4705201279788565 -0.8802812445467436 1.392405063291139
v 0.5545370952326235 -0.8299234123369261 1.392405063291139
v 0.6332135671184892 -0.7715729639840175 1.392405063291139
v 0.7057918462032566 -0.705791846203257 1.392405063291139
v 0.7715729639840173 -0.6332135671184895 1.392405063291139
v 0.8299234123369259 -0.5545370952326238 1.392405063291139
v 0.8802812445467434 -0.4705201279788568 1.392405063291139
v 0.9221614871608985 -0.3819717946801877 1.392405063291139
v 0.9551608105489475 -0.2897448641917245 1.392405063291139
v 0.978961413187398 -0.1947275322704414 1.392405063291139
v 0.9933340822621094 -0.09783486776449589 1.392405063291139
v 1.008350451875188 0 1.455696202531646
v 1.003494968839196 0.0988356277428262 1.455696202531646
v 0.9889752806871308 0.1967194143614389 1.455696202531646
v 0.9649312199531673 0.2927086854819803 1.455696202531646
v 0.9315943440859938 0.3858790119504864 1.455696202531646
v 0.8892857054240013 0.475333112590984 1.455696202531646
v 0.8384127592857592 0.5602094955137196 1.455696202531646
v 0.7794654399525601 0.6396907547529967 1.455696202531646
v 0.7130114423334653 0.7130114423334651 1.455696202531646
v 0.6396907547529967 0.7794654399525601 1.455696202531646
v 0.5602094955137197 0.8384127592857592 1.455696202531646
v 0.4753331125909842 0.8892857054240012 1.455696202531646
v 0.3858790119504865 0.9315943440859938 1.455696202531646
v 0.2927086854819803 0.9649312199531673 1.455696202531646
v 0.196719414361439 0.9889752806871308 1.455696202531646
v 0.09883562774282637 1.003494968839196 1.455696202531646
v 6.174365766538683e-17 1.008350451875188 1.455696202531646
v -0.09883562774282624 1.003494968839196 1.455696202531646
v -0.1967194143614389 0.9889752806871308 1.455696202531646
v -0.2927086854819801 0.9649312199531674 1.455696202531646
v -0.3858790119504864 0.9315943440859938 1.455696202531646
v -0.4753331125909841 0.8892857054240013 1.455696202531646
v -0.5602094955137193 0.8384127592857593 1.455696202531646
v -0.6396907547529966 0.7794654399525602 1.455696202531646
v -0.7130114423334651 0.7130114423334653 1.455696202531646
v -0.7794654399525601 0.6396907547529967 1.455696202531646
v -0.8384127592857593 0.5602094955137196 1.455696202531646
v -0.8892857054240012 0.4753331125909843 1.455696202531646
v -0.9315943440859938 0.3858790119504865 1.455696202531646
v -0.9649312199531673 0.2927086854819804 1.455696202531646
v -0.9889752806871308 0.1967194143614393 1.455696202531646
v -1.003494968839196 0.09883562774282642 1.455696202531646
v -1.008350451875188 1.234873153307737e-16 1.455696202531646
v -1.003494968839196 -0.09883562774282618 1.455696202531646
v -0.9889752806871308 -0.1967194143614391 1.455696202531646
v -0.9649312199531674 -0.2927086854819801 1.455696202531646
v -0.931594344085994 -0.3858790119504863 1.455696202531646
v -0.8892857054240013 -0.475333112590984 1.455696202531646
v -0.8384127592857594 -0.5602094955137193 1.455696202531646
v -0.7794654399525602 -0.6396907547529965 1.455696202531646
v -0.7130114423334654 -0.7130114423334651 1.455696202531646
v -0.6396907547529971 -0.7794654399525598 1.455696202531646
v -0.5602094955137196 -0.8384127592857592 1.455696202531646
v -0.4753331125909843 -0.8892857054240012 1.455696202531646
v -0.385879011950487 -0.9315943440859936 1.455696202531646
v -0.2927086854819804 -0.9649312199531673 1.455696202531646
v -0.1967194143614394 -0.9889752806871307 1.455696202531646
v -0.09883562774282605 -1.003494968839196 1.455696202531646
v -1.852309729961605e-16 -1.008350451875188 1.455696202531646
v 0.09883562774282567 -1.003494968839196 1.455696202531646
v 0.196719414361439 -0.9889752806871308 1.455696202531646
v 0.29270868548198 -0.9649312199531674 1.455696202531646
v 0.3858790119504866 -0.9315943440859937 1.455696202531646
v 0.4753331125909839 -0.8892857054240013 1.455696202531646
v 0.5602094955137192 -0.8384127592857594 1.455696202531646
v 0.6396907547529969 -0.77946543995256 1.455696202531646
v 0.713011442333465 -0.7130114423334654 1.455696202531646
v 0.7794654399525598 -0.6396907547529972 1.455696202531646
v 0.8384127592857592 -0.5602094955137196 1.455696202531646
v 0.8892857054240011 -0.4753331125909844 1.455696202531646
v 0.9315943440859936 -0.385879011950487 1.455696202531646
v 0.9649312199531673 -0.2927086854819805 1.455696202531646
v 0.9889752806871307 -0.1967194143614394 1.455696202531646
v 1.003494968839196 -0.0988356277428261 1.455696202531646
v 1.018479698104819 0 1.518987341772152
v 1.013575439979626 0.09982846749194851 1.518987341772152
v 0.9989098962907319 0.1986955322701581 1.518987341772152
v 0.9746243042408638 0.2956490504545795 1.518987341772152
v 0.9409525473573161 0.3897553066649124 1.518987341772152
v 0.8982189030657325 0.4801080062101387 1.518987341772152
v 0.8468349197212268 0.5658370032018281 1.518987341772152
v 0.7872954531727493 0.646116680534714 1.518987341772152
v 0.720173901030745 0.7201739010307449 1.518987341772152
v 0.646116680534714 0.7872954531727493 1.518987341772152
v 0.5658370032018282 0.8468349197212268 1.518987341772152
v 0.4801080062101388 0.8982189030657324 1.518987341772152
v 0.3897553066649124 0.9409525473573161 1.518987341772152
v 0.2956490504545795 0.9746243042408638 1.518987341772152
v 0.1986955322701582 0.9989098962907319 1.518987341772152
v 0.09982846749194868 1.013575439979625 1.518987341772152
v 6.236389511403143e-17 1.018479698104819 1.518987341772152
v -0.09982846749194856 1.013575439979626 1.518987341772152
v -0.1986955322701581 0.9989098962907319 1.518987341772152
v -0.2956490504545793 0.9746243042408639 1.518987341772152
v -0.3897553066649123 0.9409525473573161 1.518987341772152
v -0.4801080062101387 0.8982189030657325 1.518987341772152
v -0.5658370032018278 0.8468349197212269 1.518987341772152
v -0.6461166805347139 0.7872954531727494 1.518987341772152
v -0.7201739010307449 0.720173901030745 1.518987341772152
v -0.7872954531727493 0.646116680534714 1.518987341772152
v -0.8468349197212269 0.5658370032018281 1.518987341772152
v -0.8982189030657324 0.4801080062101389 1.518987341772152
v -0.9409525473573161 0.3897553066649125 1.518987341772152
v -0.9746243042408638 0.2956490504545795 1.518987341772152
v -0.9989098962907319 0.1986955322701585 1.518987341772152
v -1.013575439979625 0.09982846749194875 1.518987341772152
v -1.018479698104819 1.247277902280629e-16 1.518987341772152
v -1.013575439979626 -0.0998284674919485 1.518987341772152
v -0.9989098962907319 -0.1986955322701582 1.518987341772152
v -0.9746243042408639 -0.2956490504545792 1.518987341772152
v -0.9409525473573163 -0.3897553066649123 1.518987341772152
v -0.8982189030657325 -0.4801080062101387 1.518987341772152
v -0.846834919721227 -0.5658370032018278 1.518987341772152
v -0.7872954531727494 -0.6461166805347138 1.518987341772152
v -0.7201739010307451 -0.7201739010307449 1.518987341772152
v -0.6461166805347144 -0.787295453172749 1.518987341772152
v -0.5658370032018281 -0.8468349197212268 1.518987341772152
v -0.4801080062101389 -0.8982189030657324 1.518987341772152
v -0.3897553066649129 -0.9409525473573159 1.518987341772152
v -0.2956490504545796 -0.9746243042408638 1.518987341772152
v -0.1986955322701585 -0.9989098962907318 1.518987341772152
v -0.09982846749194836 -1.013575439979626 1.518987341772152
v -1.870916853420943e-16 -1.018479698104819 1.518987341772152
v 0.099828467491948 -1.013575439979626 1.518987341772152
v 0.1986955322701582 -0.9989098962907319 1.518987341772152
v 0.2956490504545792 -0.9746243042408639 1.518987341772152
v 0.3897553066649126 -0.940952547357316 1.518987341772152
v 0.4801080062101386 -0.8982189030657325 1.518987341772152
v 0.5658370032018277 -0.846834919721227 1.518987341772152
v 0.6461166805347142 -0.7872954531727492 1.518987341772152
v 0.7201739010307447 -0.7201739010307451 1.518987341772152
v 0.787295453172749 -0.6461166805347145 1.518987341772152
v 0.8468349197212268 -0.5658370032018281 1.518987341772152
v 0.8982189030657323 -0.480108006210139 1.518987341772152
v 0.9409525473573159 -0.389755306664913 1.518987341772152
v 0.9746243042408638 -0.2956490504545796 1.518987341772152
v 0.9989098962907318 -0.1986955322701586 1.518987341772152
v 1.013575439979626 -0.09982846749194842 1.518987341772152
v 1.028504114141916 0 1.582278481012658
v 1.023551585713552 0.1008110320853786 1.582278481012658
v 1.008741695984555 0.200651198822859 1.582278481012658
v 0.9842170722889227 0.2985589848285726 1.582278481012658
v 0.950213900159368 0.3935914846014443 1.582278481012658
v 0.907059648731523 0.4848334832186124 1.582278481012658
v 0.8551699170371513 0.5714062703554436 1.582278481012658
v 0.7950444315582823 0.6524761027463107 1.582278481012658
v 0.7272622335880115 0.7272622335880113 1.582278481012658
v 0.6524761027463107 0.7950444315582823 1.582278481012658
v 0.5714062703554437 0.8551699170371513 1.582278481012658
v 0.4848334832186126 0.9070596487315229 1.582278481012658
v 0.3935914846014444 0.950213900159368 1.582278481012658
v 0.2985589848285726 0.9842170722889227 1.582278481012658
v 0.2006511988228591 1.008741695984555 1.582278481012658
v 0.1008110320853787 1.023551585713552 1.582278481012658
v 6.297771356468905e-17 1.028504114141916 1.582278481012658
v -0.1008110320853786 1.023551585713552 1.582278481012658
v -0.200651198822859 1.008741695984555 1.582278481012658
v -0.2985589848285725 0.9842170722889229 1.582278481012658
v -0.3935914846014443 0.950213900159368 1.582278481012658
v -0.4848334832186125 0.907059648731523 1.582278481012658
v -0.5714062703554433 0.8551699170371514 1.582278481012658
v -0.6524761027463106 0.7950444315582824 1.582278481012658
v -0.7272622335880113 0.7272622335880115 1.582278481012658
v -0.7950444315582823 0.6524761027463107 1.582278481012658
v -0.8551699170371514 0.5714062703554436 1.582278481012658
v -0.9070596487315229 0.4848334832186126 1.582278481012658
v -0.950213900159368 0.3935914846014444 1.582278481012658
v -0.9842170722889227 0.2985589848285727 1.582278481012658
v -1.008741695984555 0.2006511988228594 1.582278481012658
v -1.023551585713552 0.1008110320853788 1.582278481012658
v -1.028504114141916 1.259554271293781e-16 1.582278481012658
v -1.023551585713552 -0.1008110320853785 1.582278481012658
v -1.008741695984555 -0.2006511988228591 1.582278481012658
v -0.9842170722889229 -0.2985589848285724 1.582278481012658
v -0.9502139001593681 -0.3935914846014442 1.582278481012658
v -0.907059648731523 -0.4848334832186124 1.582278481012658
v -0.8551699170371515 -0.5714062703554433 1.582278481012658
v -0.7950444315582824 -0.6524761027463105 1.582278481012658
v -0.7272622335880116 -0.7272622335880113 1.582278481012658
v -0.6524761027463111 -0.795044431558282 1.582278481012658
v -0.5714062703554436 -0.8551699170371513 1.582278481012658
v -0.4848334832186127 -0.9070596487315229 1.582278481012658
v -0.3935914846014449 -0.9502139001593678 1.582278481012658
v -0.2985589848285727 -0.9842170722889227 1.582278481012658
v -0.2006511988228595 -1.008741695984555 1.582278481012658
v -0.1008110320853784 -1.023551585713552 1.582278481012658
v -1.889331406940671e-16 -1.028504114141916 1.582278481012658
v 0.100811032085378 -1.023551585713552 1.582278481012658
v 0.2006511988228591 -1.008741695984555 1.582278481012658
v 0.2985589848285723 -0.9842170722889229 1.582278481012658
v 0.3935914846014446 -0.9502139001593679 1.582278481012658
v 0.4848334832186124 -0.907059648731523 1.582278481012658
v 0.5714062703554432 -0.8551699170371515 1.582278481012658
v 0.6524761027463108 -0.7950444315582822 1.582278481012658
v 0.7272622335880112 -0.7272622335880116 1.582278481012658
v 0.795044431558282 -0.6524761027463112 1.582278481012658
v 0.8551699170371513 -0.5714062703554436 1.582278481012658
v 0.9070596487315228 -0.4848334832186127 1.582278481012658
v 0.9502139001593678 -0.3935914846014449 1.582278481012658
v 0.9842170722889227 -0.2985589848285728 1.582278481012658
v 1.008741695984555 -0.2006511988228595 1.582278481012658
v 1.023551585713552 -0.1008110320853784 1.582278481012658
v 1.038400337096742 0 1.645569620253165
v 1.033400155649938 0.1017810315594744 1.645569620253165
v 1.018447765790237 0.2025818561458595 1.645569620253165
v 0.993687167205795 0.3014317067150526 1.645569620253165
v 0.9593568179965004 0.3973786051692474 1.645569620253165
v 0.9157873381921167 0.4894985304264201 1.645569620253165
v 0.8633983257006602 0.5769043172484704 1.645569620253165
v 0.8026943153511713 0.6587542001274386 1.645569620253165
v 0.7342599199475031 0.7342599199475029 1.645569620253165
v 0.6587542001274386 0.8026943153511713 1.645569620253165
v 0.5769043172484705 0.8633983257006602 1.645569620253165
v 0.4894985304264202 0.9157873381921166 1.645569620253165
v 0.3973786051692475 0.9593568179965004 1.645569620253165
v 0.3014317067150526 0.993687167205795 1.645569620253165
v 0.2025818561458596 1.018447765790237 1.645569620253165
v 0.1017810315594746 1.033400155649938 1.645569620253165
v 6.358368245295287e-17 1.038400337096742 1.645569620253165
v -0.1017810315594744 1.033400155649938 1.645569620253165
v -0.2025818561458594 1.018447765790237 1.645569620253165
v -0.3014317067150524 0.9936871672057951 1.645569620253165
v -0.3973786051692474 0.9593568179965004 1.645569620253165
v -0.4894985304264201 0.9157873381921167 1.645569620253165
v -0.5769043172484701 0.8633983257006603 1.645569620253165
v -0.6587542001274385 0.8026943153511714 1.645569620253165
v -0.7342599199475029 0.7342599199475031 1.645569620253165
v -0.8026943153511713 0.6587542001274386 1.645569620253165
v -0.8633983257006603 0.5769043172484704 1.645569620253165
v -0.9157873381921166 0.4894985304264203 1.645569620253165
v -0.9593568179965004 0.3973786051692476 1.645569620253165
v -0.993687167205795 0.3014317067150526 1.645569620253165
v -1.018447765790237 0.2025818561458599 1.645569620253165
v -1.033400155649938 0.1017810315594746 1.645569620253165
v -1.038400337096742 1.271673649059057e-16 1.645569620253165
v -1.033400155649938 -0.1017810315594744 1.645569620253165
v -1.018447765790237 -0.2025818561458596 1.645569620253165
v -0.9936871672057951 -0.3014317067150524 1.645569620253165
v -0.9593568179965005 -0.3973786051692473 1.645569620253165
v -0.9157873381921167 -0.4894985304264201 1.645569620253165
v -0.8633983257006604 -0.5769043172484701 1.645569620253165
v -0.8026943153511714 -0.6587542001274383 1.645569620253165
v -0.7342599199475032 -0.7342599199475029 1.645569620253165
v -0.6587542001274389 -0.802694315351171 1.645569620253165
v -0.5769043172484704 -0.8633983257006602 1.645569620253165
v -0.4894985304264203 -0.9157873381921166 1.645569620253165
v -0.397378605169248 -0.9593568179965002 1.645569620253165
v -0.3014317067150527 -0.993687167205795 1.645569620253165
v -0.2025818561458599 -1.018447765790237 1.645569620253165
v -0.1017810315594742 -1.033400155649938 1.645569620253165
v -1.907510473588586e-16 -1.038400337096742 1.645569620253165
v 0.1017810315594739 -1.033400155649938 1.645569620253165
v 0.2025818561458596 -1.018447765790237 1.645569620253165
v 0.3014317067150523 -0.9936871672057951 1.645569620253165
v 0.3973786051692477 -0.9593568179965003 1.645569620253165
v 0.48949853042642 -0.9157873381921167 1.645569620253165
v 0.57690431724847 -0.8633983257006604 1.645569620253165
v 0.6587542001274387 -0.8026943153511712 1.645569620253165
v 0.7342599199475028 -0.7342599199475032 1.645569620253165
v 0.802694315351171 -0.6587542001274391 1.645569620253165
v 0.8633983257006602 -0.5769043172484704 1.645569620253165
v 0.9157873381921164 -0.4894985304264204 1.645569620253165
v 0.9593568179965002 -0.3973786051692481 1.645569620253165
v 0.993687167205795 -0.3014317067150528 1.645569620253165
v 1.018447765790237 -0.20258185614586 1.645569620253165
v 1.033400155649938 -0.1017810315594743 1.645569620253165
v 1.0481458145575 0 1.708860759493671
v 1.043098705973013 0.1027362553913241 1.708860759493671
v 1.02800598663425 0.2044831044818798 1.708860759493671
v 1.003013007678964 0.3042606694944395 1.708860759493671
v 0.9683604651570453 0.4011080379339672 1.708860759493671
v 0.9243820819959873 0.494092516700233 1.708860759493671
v 0.8715013940666604 0.5823186144322312 1.708860759493671
v 0.8102276713013487 0.664936665579512 1.708860759493671
v 0.7411510131459061 0.741151013145906 1.708860759493671
v 0.664936665579512 0.8102276713013487 1.708860759493671
v 0.5823186144322313 0.8715013940666604 1.708860759493671
v 0.4940925167002331 0.9243820819959871 1.708860759493671
v 0.4011080379339672 0.9683604651570453 1.708860759493671
v 0.3042606694944395 1.003013007678964 1.708860759493671
v 0.2044831044818799 1.02800598663425 1.708860759493671
v 0.1027362553913243 1.043098705973013 1.708860759493671
v 6.418042084187691e-17 1.0481458145575 1.708860759493671
v -0.1027362553913242 1.043098705973013 1.708860759493671
v -0.2044831044818798 1.02800598663425 1.708860759493671
v -0.3042606694944394 1.003013007678964 1.708860759493671
v -0.4011080379339671 0.9683604651570453 1.708860759493671
v -0.494092516700233 0.9243820819959873 1.708860759493671
v -0.582318614432231 0.8715013940666605 1.708860759493671
v -0.6649366655795119 0.8102276713013488 1.708860759493671
v -0.741151013145906 0.7411510131459061 1.708860759493671
v -0.8102276713013487 0.664936665579512 1.708860759493671
v -0.8715013940666605 0.5823186144322312 1.708860759493671
v -0.9243820819959871 0.4940925167002332 1.708860759493671
v -0.9683604651570453 0.4011080379339673 1.708860759493671
v -1.003013007678964 0.3042606694944396 1.708860759493671
v -1.02800598663425 0.2044831044818802 1.708860759493671
v -1.043098705973013 0.1027362553913244 1.708860759493671
v -1.0481458145575 1.283608416837538e-16 1.708860759493671
v -1.043098705973013 -0.1027362553913241 1.708860759493671
v -1.02800598663425 -0.2044831044818799 1.708860759493671
v -1.003013007678964 -0.3042606694944393 1.708860759493671
v -0.9683604651570454 -0.401108037933967 1.708860759493671
v -0.9243820819959873 -0.494092516700233 1.708860759493671
v -0.8715013940666606 -0.582318614432231 1.708860759493671
v -0.8102276713013488 -0.6649366655795118 1.708860759493671
v -0.7411510131459063 -0.741151013145906 1.708860759493671
v -0.6649366655795124 -0.8102276713013483 1.708860759493671
v -0.5823186144322312 -0.8715013940666604 1.708860759493671
v -0.4940925167002332 -0.9243820819959871 1.708860759493671
v -0.4011080379339678 -0.9683604651570451 1.708860759493671
v -0.3042606694944396 -1.003013007678964 1.708860759493671
v -0.2044831044818802 -1.02800598663425 1.708860759493671
v -0.102736255391324 -1.043098705973013 1.708860759493671
v -1.925412625256307e-16 -1.0481458145575 1.708860759493671
v 0.1027362553913236 -1.043098705973013 1.708860759493671
v 0.2044831044818799 -1.02800598663425 1.708860759493671
v 0.3042606694944393 -1.003013007678964 1.708860759493671
v 0.4011080379339674 -0.9683604651570452 1.708860759493671
v 0.4940925167002329 -0.9243820819959873 1.708860759493671
v 0.5823186144322309 -0.8715013940666606 1.708860759493671
v 0.6649366655795121 -0.8102276713013485 1.708860759493671
v 0.7411510131459059 -0.7411510131459063 1.708860759493671
v 0.8102276713013483 -0.6649366655795125 1.708860759493671
v 0.8715013940666604 -0.5823186144322312 1.708860759493671
v 0.924382081995987 -0.4940925167002333 1.708860759493671
v 0.9683604651570451 -0.4011080379339678 1.708860759493671
v 1.003013007678964 -0.3042606694944397 1.708860759493671
v 1.02800598663425 -0.2044831044818803 1.708860759493671
v 1.043098705973013 -0.102736255391324 1.708860759493671
v 1.057718947173944 0 1.772151898734177
v 1.052625741339305 0.1036745864743836 1.772151898734177
v 1.037395174191806 0.2063507300067249 1.772151898734177
v 1.012173924418952 0.307039603206318 1.772151898734177
v 0.9772048864433936 0.4047715171821139 1.772151898734177
v 0.9328248312168556 0.4986052601768269 1.772151898734177
v 0.8794611629317755 0.5876371619506763 1.772151898734177
v 0.8176278028852872 0.6710097966197918 1.772151898734177
v 0.7479202401361914 0.7479202401361913 1.772151898734177
v 0.6710097966197918 0.8176278028852872 1.772151898734177
v 0.5876371619506764 0.8794611629317755 1.772151898734177
v 0.4986052601768271 0.9328248312168554 1.772151898734177
v 0.404771517182114 0.9772048864433936 1.772151898734177
v 0.307039603206318 1.012173924418952 1.772151898734177
v 0.2063507300067249 1.037395174191806 1.772151898734177
v 0.1036745864743837 1.052625741339305 1.772151898734177
v 6.476660615270394e-17 1.057718947173944 1.772151898734177
v -0.1036745864743836 1.052625741339305 1.772151898734177
v -0.2063507300067248 1.037395174191806 1.772151898734177
v -0.3070396032063178 1.012173924418952 1.772151898734177
v -0.4047715171821138 0.9772048864433936 1.772151898734177
v -0.498605260176827 0.9328248312168556 1.772151898734177
v -0.5876371619506761 0.8794611629317756 1.772151898734177
v -0.6710097966197915 0.8176278028852874 1.772151898734177
v -0.7479202401361913 0.7479202401361914 1.772151898734177
v -0.8176278028852872 0.6710097966197918 1.772151898734177
v -0.8794611629317756 0.5876371619506763 1.772151898734177
v -0.9328248312168554 0.4986052601768272 1.772151898734177
v -0.9772048864433936 0.404771517182114 1.772151898734177
v -1.012173924418952 0.3070396032063181 1.772151898734177
v -1.037395174191806 0.2063507300067252 1.772151898734177
v -1.052625741339305 0.1036745864743838 1.772151898734177
v -1.057718947173944 1.295332123054079e-16 1.772151898734177
v -1.052625741339305 -0.1036745864743835 1.772151898734177
v -1.037395174191806 -0.206350730006725 1.772151898734177
v -1.012173924418952 -0.3070396032063177 1.772151898734177
v -0.9772048864433938 -0.4047715171821138 1.772151898734177
v -0.9328248312168556 -0.4986052601768269 1.772151898734177
v -0.8794611629317757 -0.5876371619506761 1.772151898734177
v -0.8176278028852874 -0.6710097966197914 1.772151898734177
v -0.7479202401361915 -0.7479202401361913 1.772151898734177
v -0.6710097966197921 -0.8176278028852869 1.772151898734177
v -0.5876371619506763 -0.8794611629317755 1.772151898734177
v -0.4986052601768272 -0.9328248312168554 1.772151898734177
v -0.4047715171821145 -0.9772048864433934 1.772151898734177
v -0.3070396032063181 -1.012173924418952 1.772151898734177
v -0.2063507300067253 -1.037395174191806 1.772151898734177
v -0.1036745864743834 -1.052625741339305 1.772151898734177
v -1.942998184581118e-16 -1.057718947173944 1.772151898734177
v 0.103674586474383 -1.052625741339305 1.772151898734177
v 0.2063507300067249 -1.037395174191806 1.772151898734177
v 0.3070396032063177 -1.012173924418952 1.772151898734177
v 0.4047715171821142 -0.9772048864433935 1.772151898734177
v 0.4986052601768269 -0.9328248312168556 1.772151898734177
v 0.5876371619506759 -0.8794611629317757 1.772151898734177
v 0.6710097966197919 -0.8176278028852871 1.772151898734177
v 0.7479202401361912 -0.7479202401361915 1.772151898734177
v 0.8176278028852869 -0.6710097966197922 1.772151898734177
v 0.8794611629317755 -0.5876371619506763 1.772151898734177
v 0.9328248312168553 -0.4986052601768273 1.772151898734177
v 0.9772048864433934 -0.4047715171821146 1.772151898734177
v 1.012173924418952 -0.3070396032063182 1.772151898734177
v 1.037395174191806 -0.2063507300067254 1.772151898734177
v 1.052625741339305 -0.1036745864743834 1.772151898734177
v 1.06709922521542 0 1.835443037974684
v 1.061960850778121 0.1045940145035053 1.835443037974684
v 1.046595212820976 0.2081807314704373 1.835443037974684
v 1.021150290837224 0.3097625541901451 1.835443037974684
v 0.9858711333351788 0.408361194179565 1.835443037974684
v 0.9410974978871336 0.5030270926360995 1.835443037974684
v 0.887260579078212 0.592848565207968 1.835443037974684
v 0.8248788558667974 0.6769605820128921 1.835443037974684
v 0.7545530983487346 0.7545530983487345 1.835443037974684
v 0.6769605820128921 0.8248788558667974 1.835443037974684
v 0.5928485652079681 0.887260579078212 1.835443037974684
v 0.5030270926360997 0.9410974978871335 1.835443037974684
v 0.4083611941795651 0.9858711333351788 1.835443037974684
v 0.3097625541901451 1.021150290837224 1.835443037974684
v 0.2081807314704374 1.046595212820976 1.835443037974684
v 0.1045940145035054 1.061960850778121 1.835443037974684
v 6.534098252663425e-17 1.06709922521542 1.835443037974684
v -0.1045940145035053 1.061960850778121 1.835443037974684
v -0.2081807314704373 1.046595212820976 1.835443037974684
v -0.3097625541901449 1.021150290837224 1.835443037974684
v -0.408361194179565 0.9858711333351788 1.835443037974684
v -0.5030270926360996 0.9410974978871336 1.835443037974684
v -0.5928485652079678 0.8872605790782121 1.835443037974684
v -0.676960582012892 0.8248788558667975 1.835443037974684
v -0.7545530983487345 0.7545530983487346 1.835443037974684
v -0.8248788558667974 0.6769605820128921 1.835443037974684
v -0.8872605790782121 0.592848565207968 1.835443037974684
v -0.9410974978871335 0.5030270926360997 1.835443037974684
v -0.9858711333351788 0.4083611941795651 1.835443037974684
v -1.021150290837224 0.3097625541901451 1.835443037974684
v -1.046595212820976 0.2081807314704377 1.835443037974684
v -1.061960850778121 0.1045940145035055 1.835443037974684
v -1.06709922521542 1.306819650532685e-16 1.835443037974684
v -1.061960850778121 -0.1045940145035052 1.835443037974684
v -1.046595212820976 -0.2081807314704374 1.835443037974684
v -1.021150290837224 -0.3097625541901449 1.835443037974684
v -0.985871133335179 -0.4083611941795649 1.835443037974684
v -0.9410974978871336 -0.5030270926360995 1.835443037974684
v -0.8872605790782122 -0.5928485652079678 1.835443037974684
v -0.8248788558667975 -0.6769605820128919 1.835443037974684
v -0.7545530983487347 -0.7545530983487345 1.835443037974684
v -0.6769605820128924 -0.8248788558667971 1.835443037974684
v -0.592848565207968 -0.887260579078212 1.835443037974684
v -0.5030270926360998 -0.9410974978871335 1.835443037974684
v -0.4083611941795656 -0.9858711333351786 1.835443037974684
v -0.3097625541901452 -1.021150290837224 1.835443037974684
v -0.2081807314704378 -1.046595212820976 1.835443037974684
v -0.1045940145035051 -1.061960850778121 1.835443037974684
v -1.960229475799027e-16 -1.06709922521542 1.835443037974684
v 0.1045940145035047 -1.061960850778121 1.835443037974684
v 0.2081807314704374 -1.046595212820976 1.835443037974684
v 0.3097625541901448 -1.021150290837224 1.835443037974684
v 0.4083611941795652 -0.9858711333351787 1.835443037974684
v 0.5030270926360995 -0.9410974978871336 1.835443037974684
v 0.5928485652079677 -0.8872605790782122 1.835443037974684
v 0.6769605820128922 -0.8248788558667973 1.835443037974684
v 0.7545530983487344 -0.7545530983487347 1.835443037974684
v 0.8248788558667971 -0.6769605820128926 1.835443037974684
v 0.887260579078212 -0.592848565207968 1.835443037974684
v 0.9410974978871334 -0.5030270926360998 1.835443037974684
v 0.9858711333351786 -0.4083611941795657 1.835443037974684
v 1.021150290837224 -0.3097625541901453 1.835443037974684
v 1.046595212820976 -0.2081807314704378 1.835443037974684
v 1.061960850778121 -0.1045940145035051 1.835443037974684
v 1.076267358239994 0 1.89873417721519
v 1.071084836736276 0.1054926486847349 1.89873417721519
v 1.055587182740256 0.209969345494488 1.89873417721519
v 1.029923647131797 0.3124239227262094 1.89873417721519
v 0.994341383787923 0.4118696867937885 1.89873417721519
v 0.9491830693558793 0.50734892062667 1.89873417721519
v 0.8948836030896922 0.597942107008785 1.89873417721519
v 0.8319659185326128 0.6827767840320004 1.89873417721519
v 0.7610359473812309 0.7610359473812307 1.89873417721519
v 0.6827767840320004 0.8319659185326128 1.89873417721519
v 0.5979421070087851 0.8948836030896922 1.89873417721519
v 0.5073489206266703 0.9491830693558791 1.89873417721519
v 0.4118696867937885 0.994341383787923 1.89873417721519
v 0.3124239227262094 1.029923647131797 1.89873417721519
v 0.2099693454944881 1.055587182740256 1.89873417721519
v 0.1054926486847351 1.071084836736276 1.89873417721519
v 6.59023687647693e-17 1.076267358239994 1.89873417721519
v -0.105492648684735 1.071084836736276 1.89873417721519
v -0.209969345494488 1.055587182740256 1.89873417721519
v -0.3124239227262092 1.029923647131797 1.89873417721519
v -0.4118696867937884 0.994341383787923 1.89873417721519
v -0.5073489206266701 0.9491830693558793 1.89873417721519
v -0.5979421070087847 0.8948836030896923 1.89873417721519
v -0.6827767840320003 0.8319659185326129 1.89873417721519
v -0.7610359473812307 0.7610359473812309 1.89873417721519
v -0.8319659185326128 0.6827767840320004 1.89873417721519
v -0.8948836030896923 0.597942107008785 1.89873417721519
v -0.9491830693558791 0.5073489206266703 1.89873417721519
v -0.994341383787923 0.4118696867937886 1.89873417721519
v -1.029923647131797 0.3124239227262094 1.89873417721519
v -1.055587182740256 0.2099693454944884 1.89873417721519
v -1.071084836736276 0.1054926486847352 1.89873417721519
v -1.076267358239994 1.318047375295386e-16 1.89873417721519
v -1.071084836736276 -0.1054926486847349 1.89873417721519
v -1.055587182740256 -0.2099693454944882 1.89873417721519
v -1.029923647131797 -0.3124239227262091 1.89873417721519
v -0.9943413837879231 -0.4118696867937884 1.89873417721519
v -0.9491830693558793 -0.50734892062667 1.89873417721519
v -0.8948836030896924 -0.5979421070087847 1.89873417721519
v -0.8319659185326129 -0.6827767840320002 1.89873417721519
v -0.761035947381231 -0.7610359473812307 1.89873417721519
v -0.6827767840320007 -0.8319659185326125 1.89873417721519
v -0.597942107008785 -0.8948836030896922 1.89873417721519
v -0.5073489206266704 -0.9491830693558791 1.89873417721519
v -0.4118696867937891 -0.9943413837879228 1.89873417721519
v -0.3124239227262095 -1.029923647131797 1.89873417721519
v -0.2099693454944885 -1.055587182740256 1.89873417721519
v -0.1054926486847348 -1.071084836736276 1.89873417721519
v -1.977071062943079e-16 -1.076267358239994 1.89873417721519
v 0.1054926486847344 -1.071084836736276 1.89873417721519
v 0.2099693454944881 -1.055587182740256 1.89873417721519
v 0.3124239227262091 -1.029923647131797 1.89873417721519
v 0.4118696867937888 -0.9943413837879229 1.89873417721519
v 0.50734892062667 -0.9491830693558793 1.89873417721519
v 0.5979421070087846 -0.8948836030896924 1.89873417721519
v 0.6827767840320005 -0.8319659185326127 1.89873417721519
v 0.7610359473812306 -0.761035947381231 1.89873417721519
v 0.8319659185326125 -0.6827767840320009 1.89873417721519
v 0.8948836030896922 -0.597942107008785 1.89873417721519
v 0.949183069355879 -0.5073489206266705 1.89873417721519
v 0.9943413837879228 -0.4118696867937892 1.89873417721519
v 1.029923647131797 -0.3124239227262096 1.89873417721519
v 1.055587182740256 -0.2099693454944886 1.89873417721519
v 1.071084836736276 -0.1054926486847348 1.89873417721519
v 1.08520539705483 0 1.962025316455696
v 1.079979836451204 0.1063687296895198 1.962025316455696
v 1.064353479645521 0.2117130703650672 1.962025316455696
v 1.038476816996054 0.3150184984388621 1.962025316455696
v 1.002599054909742 0.4152901261660625 1.962025316455696
v 0.9570657158482546 0.5115622829576081 1.962025316455696
v 0.9023153107578095 0.602907815315882 1.962025316455696
v 0.8388751159690434 0.6884470158297267 1.962025316455696
v 0.7673560952377104 0.7673560952377103 1.962025316455696
v 0.6884470158297267 0.8388751159690434 1.962025316455696
v 0.6029078153158821 0.9023153107578095 1.962025316455696
v 0.5115622829576083 0.9570657158482545 1.962025316455696
v 0.4152901261660626 1.002599054909742 1.962025316455696
v 0.3150184984388621 1.038476816996054 1.962025316455696
v 0.2117130703650673 1.064353479645521 1.962025316455696
v 0.10636872968952 1.079979836451204 1.962025316455696
v 6.644966579603153e-17 1.08520539705483 1.962025316455696
v -0.1063687296895199 1.079979836451204 1.962025316455696
v -0.2117130703650671 1.064353479645521 1.962025316455696
v -0.3150184984388619 1.038476816996055 1.962025316455696
v -0.4152901261660625 1.002599054909742 1.962025316455696
v -0.5115622829576082 0.9570657158482546 1.962025316455696
v -0.6029078153158818 0.9023153107578096 1.962025316455696
v -0.6884470158297266 0.8388751159690435 1.962025316455696
v -0.7673560952377103 0.7673560952377104 1.962025316455696
v -0.8388751159690434 0.6884470158297267 1.962025316455696
v -0.9023153107578096 0.602907815315882 1.962025316455696
v -0.9570657158482545 0.5115622829576084 1.962025316455696
v -1.002599054909742 0.4152901261660627 1.962025316455696
v -1.038476816996054 0.3150184984388621 1.962025316455696
v -1.064353479645521 0.2117130703650676 1.962025316455696
v -1.079979836451204 0.1063687296895201 1.962025316455696
v -1.08520539705483 1.328993315920631e-16 1.962025316455696
v -1.079979836451204 -0.1063687296895198 1.962025316455696
v -1.064353479645521 -0.2117130703650673 1.962025316455696
v -1.038476816996055 -0.3150184984388618 1.962025316455696
v -1.002599054909742 -0.4152901261660624 1.962025316455696
v -0.9570657158482546 -0.5115622829576081 1.962025316455696
v -0.9023153107578097 -0.6029078153158818 1.962025316455696
v -0.8388751159690435 -0.6884470158297264 1.962025316455696
v -0.7673560952377105 -0.7673560952377103 1.962025316455696
v -0.6884470158297271 -0.8388751159690431 1.962025316455696
v -0.602907815315882 -0.9023153107578095 1.962025316455696
v -0.5115622829576084 -0.9570657158482545 1.962025316455696
v -0.4152901261660631 -1.002599054909742 1.962025316455696
v -0.3150184984388622 -1.038476816996054 1.962025316455696
v -0.2117130703650676 -1.064353479645521 1.962025316455696
v -0.1063687296895197 -1.079979836451204 1.962025316455696
v -1.993489973880946e-16 -1.08520539705483 1.962025316455696
v 0.1063687296895193 -1.079979836451204 1.962025316455696
v 0.2117130703650672 -1.064353479645521 1.962025316455696
v 0.3150184984388618 -1.038476816996055 1.962025316455696
v 0.4152901261660628 -1.002599054909742 1.962025316455696
v 0.5115622829576081 -0.9570657158482546 1.962025316455696
v 0.6029078153158817 -0.9023153107578097 1.962025316455696
v 0.6884470158297268 -0.8388751159690433 1.962025316455696
v 0.7673560952377101 -0.7673560952377105 1.962025316455696
v 0.8388751159690431 -0.6884470158297272 1.962025316455696
v 0.9023153107578095 -0.602907815315882 1.962025316455696
v 0.9570657158482544 -0.5115622829576085 1.962025316455696
v 1.002599054909742 -0.4152901261660632 1.962025316455696
v 1.038476816996054 -0.3150184984388623 1.962025316455696
v 1.064353479645521 -0.2117130703650677 1.962025316455696
v 1.079979836451204 -0.1063687296895197 1.962025316455696
v 1.093896847196773 0 2.025316455696203
v 1.088629434885099 0.10722064077775 2.025316455696203
v 1.072877926010097 0.2134086881720459 2.025316455696203
v 1.046794016212885 0.3175414932381892 2.025316455696203
v 1.010628907803725 0.4186162001386113 2.025316455696203
v 0.9647308905464576 0.5156594041928059 2.025316455696203
v 0.9095419874376776 0.6077365262965194 2.025316455696203
v 0.8455936977836462 0.6939608134294184 2.025316455696203
v 0.7735018785714229 0.7735018785714228 2.025316455696203
v 0.6939608134294184 0.8455936977836462 2.025316455696203
v 0.6077365262965195 0.9095419874376776 2.025316455696203
v 0.515659404192806 0.9647308905464574 2.025316455696203
v 0.4186162001386113 1.010628907803725 2.025316455696203
v 0.3175414932381892 1.046794016212885 2.025316455696203
v 0.213408688172046 1.072877926010097 2.025316455696203
v 0.1072206407777502 1.088629434885098 2.025316455696203
v 6.698186362584547e-17 1.093896847196773 2.025316455696203
v -0.1072206407777501 1.088629434885099 2.025316455696203
v -0.2134086881720459 1.072877926010097 2.025316455696203
v -0.317541493238189 1.046794016212885 2.025316455696203
v -0.4186162001386112 1.010628907803725 2.025316455696203
v -0.5156594041928059 0.9647308905464576 2.025316455696203
v -0.6077365262965192 0.9095419874376777 2.025316455696203
v -0.6939608134294183 0.8455936977836463 2.025316455696203
v -0.7735018785714228 0.7735018785714229 2.025316455696203
v -0.8455936977836462 0.6939608134294184 2.025316455696203
v -0.9095419874376777 0.6077365262965194 2.025316455696203
v -0.9647308905464574 0.5156594041928061 2.025316455696203
v -1.010628907803725 0.4186162001386114 2.025316455696203
v -1.046794016212885 0.3175414932381893 2.025316455696203
v -1.072877926010097 0.2134086881720463 2.025316455696203
v -1.088629434885098 0.1072206407777503 2.025316455696203
v -1.093896847196773 1.339637272516909e-16 2.025316455696203
v -1.088629434885099 -0.10722064077775 2.025316455696203
v -1.072877926010097 -0.213408688172046 2.025316455696203
v -1.046794016212885 -0.317541493238189 2.025316455696203
v -1.010628907803725 -0.4186162001386112 2.025316455696203
v -0.9647308905464576 -0.5156594041928059 2.025316455696203
v -0.9095419874376778 -0.6077365262965192 2.025316455696203
v -0.8455936977836463 -0.6939608134294182 2.025316455696203
v -0.7735018785714231 -0.7735018785714228 2.025316455696203
v -0.6939608134294187 -0.8455936977836459 2.025316455696203
v -0.6077365262965194 -0.9095419874376776 2.025316455696203
v -0.5156594041928061 -0.9647308905464574 2.025316455696203
v -0.4186162001386119 -1.010628907803725 2.025316455696203
v -0.3175414932381893 -1.046794016212885 2.025316455696203
v -0.2134086881720464 -1.072877926010097 2.025316455696203
v -0.1072206407777499 -1.088629434885099 2.025316455696203
v -2.009455908775364e-16 -1.093896847196773 2.025316455696203
v 0.1072206407777495 -1.088629434885099 2.025316455696203
v 0.213408688172046 -1.072877926010097 2.025316455696203
v 0.3175414932381889 -1.046794016212885 2.025316455696203
v 0.4186162001386116 -1.010628907803725 2.025316455696203
v 0.5156594041928058 -0.9647308905464576 2.025316455696203
v 0.6077365262965191 -0.9095419874376778 2.025316455696203
v 0.6939608134294185 -0.8455936977836461 2.025316455696203
v 0.7735018785714227 -0.7735018785714231 2.025316455696203
v 0.8455936977836459 -0.6939608134294188 2.025316455696203
v 0.9095419874376776 -0.6077365262965194 2.025316455696203
v 0.9647308905464573 -0.5156594041928062 2.025316455696203
v 1.010628907803725 -0.4186162001386119 2.025316455696203
v 1.046794016212885 -0.3175414932381894 2.025316455696203
v 1.072877926010097 -0.2134086881720464 2.025316455696203
v 1.088629434885099 -0.1072206407777499 2.025316455696203
v 1.10232677321565 0 2.088607594936709
v 1.097018768506062 0.1080469180193101 2.088607594936709
v 1.0811458733643 0.2150532851536407 2.088607594936709
v 1.054860952447587 0.3199885715918579 2.088607594936709
v 1.01841714391315 0.4218421931620989 2.088607594936709
v 0.9721654215593886 0.519633243809789 2.088607594936709
v 0.9165512147563323 0.6124199422591649 2.088607594936709
v 0.8521101187173127 0.6993087018817903 2.088607594936709
v 0.7794627364242718 0.7794627364242717 2.088607594936709
v 0.6993087018817903 0.8521101187173127 2.088607594936709
v 0.612419942259165 0.9165512147563323 2.088607594936709
v 0.5196332438097891 0.9721654215593885 2.088607594936709
v 0.421842193162099 1.01841714391315 2.088607594936709
v 0.3199885715918579 1.054860952447587 2.088607594936709
v 0.2150532851536408 1.0811458733643 2.088607594936709
v 0.1080469180193103 1.097018768506062 2.088607594936709
v 6.749804772164881e-17 1.10232677321565 2.088607594936709
v -0.1080469180193101 1.097018768506062 2.088607594936709
v -0.2150532851536407 1.0811458733643 2.088607594936709
v -0.3199885715918577 1.054860952447587 2.088607594936709
v -0.4218421931620988 1.01841714391315 2.088607594936709
v -0.519633243809789 0.9721654215593886 2.088607594936709
v -0.6124199422591646 0.9165512147563324 2.088607594936709
v -0.6993087018817902 0.8521101187173128 2.088607594936709
v -0.7794627364242717 0.7794627364242718 2.088607594936709
v -0.8521101187173127 0.6993087018817903 2.088607594936709
v -0.9165512147563324 0.6124199422591649 2.088607594936709
v -0.9721654215593885 0.5196332438097893 2.088607594936709
v -1.01841714391315 0.421842193162099 2.088607594936709
v -1.054860952447587 0.319988571591858 2.088607594936709
v -1.0811458733643 0.2150532851536411 2.088607594936709
v -1.097018768506062 0.1080469180193104 2.088607594936709
v -1.10232677321565 1.349960954432976e-16 2.088607594936709
v -1.097018768506062 -0.1080469180193101 2.088607594936709
v -1.0811458733643 -0.2150532851536409 2.088607594936709
v -1.054860952447587 -0.3199885715918576 2.088607594936709
v -1.01841714391315 -0.4218421931620988 2.088607594936709
v -0.9721654215593886 -0.519633243809789 2.088607594936709
v -0.9165512147563325 -0.6124199422591646 2.088607594936709
v -0.8521101187173128 -0.6993087018817901 2.088607594936709
v -0.7794627364242719 -0.7794627364242717 2.088607594936709
v -0.6993087018817906 -0.8521101187173122 2.088607594936709
v -0.6124199422591649 -0.9165512147563323 2.088607594936709
v -0.5196332438097893 -0.9721654215593885 2.088607594936709
v -0.4218421931620995 -1.01841714391315 2.088607594936709
v -0.319988571591858 -1.054860952447587 2.088607594936709
v -0.2150532851536412 -1.081145873364299 2.088607594936709
v -0.1080469180193099 -1.097018768506062 2.088607594936709
v -2.024941431649464e-16 -1.10232677321565 2.088607594936709
v 0.1080469180193095 -1.097018768506062 2.088607594936709
v 0.2150532851536408 -1.0811458733643 2.088607594936709
v 0.3199885715918576 -1.054860952447587 2.088607594936709
v 0.4218421931620991 -1.01841714391315 2.088607594936709
v 0.5196332438097889 -0.9721654215593886 2.088607594936709
v 0.6124199422591645 -0.9165512147563325 2.088607594936709
v 0.6993087018817904 -0.8521101187173126 2.088607594936709
v 0.7794627364242714 -0.7794627364242719 2.088607594936709
v 0.8521101187173122 -0.6993087018817908 2.088607594936709
v 0.9165512147563323 -0.6124199422591649 2.088607594936709
v 0.9721654215593883 -0.5196332438097894 2.088607594936709
v 1.01841714391315 -0.4218421931620996 2.088607594936709
v 1.054860952447587 -0.3199885715918581 2.088607594936709
v 1.081145873364299 -0.2150532851536413 2.088607594936709
v 1.097018768506062 -0.10804691801931 2.088607594936709
v 1.110481893100998 0 2.151898734177215
v 1.10513461926014 0.1088462595495166 2.151898734177215
v 1.089144294907772 0.2166442701181533 2.151898734177215
v 1.062664915608607 0.3223558779357474 2.151898734177215
v 1.025951492260399 0.4249630224311725 2.151898734177215
v 0.9793575951995867 0.5234775407121667 2.151898734177215
v 0.9233319491256829 0.6169506841141702 2.151898734177215
v 0.8584141116371127 0.7044822551686042 2.151898734177215
v 0.7852292769965903 0.7852292769965902 2.151898734177215
v 0.7044822551686042 0.8584141116371127 2.151898734177215
v 0.6169506841141703 0.9233319491256829 2.151898734177215
v 0.5234775407121668 0.9793575951995865 2.151898734177215
v 0.4249630224311726 1.025951492260399 2.151898734177215
v 0.3223558779357474 1.062664915608607 2.151898734177215
v 0.2166442701181534 1.089144294907772 2.151898734177215
v 0.1088462595495168 1.10513461926014 2.151898734177215
v 6.79974047948615e-17 1.110481893100998 2.151898734177215
v -0.1088462595495167 1.10513461926014 2.151898734177215
v -0.2166442701181533 1.089144294907772 2.151898734177215
v -0.3223558779357473 1.062664915608608 2.151898734177215
v -0.4249630224311725 1.025951492260399 2.151898734177215
v -0.5234775407121667 0.9793575951995867 2.151898734177215
v -0.61695068411417 0.9233319491256832 2.151898734177215
v -0.7044822551686041 0.8584141116371128 2.151898734177215
v -0.7852292769965902 0.7852292769965903 2.151898734177215
v -0.8584141116371127 0.7044822551686042 2.151898734177215
v -0.9233319491256832 0.6169506841141702 2.151898734177215
v -0.9793575951995865 0.5234775407121669 2.151898734177215
v -1.025951492260399 0.4249630224311726 2.151898734177215
v -1.062664915608607 0.3223558779357475 2.151898734177215
v -1.089144294907772 0.2166442701181537 2.151898734177215
v -1.10513461926014 0.1088462595495168 2.151898734177215
v -1.110481893100998 1.35994809589723e-16 2.151898734177215
v -1.10513461926014 -0.1088462595495166 2.151898734177215
v -1.089144294907772 -0.2166442701181535 2.151898734177215
v -1.062664915608608 -0.3223558779357472 2.151898734177215
v -1.025951492260399 -0.4249630224311724 2.151898734177215
v -0.9793575951995867 -0.5234775407121667 2.151898734177215
v -0.9233319491256833 -0.61695068411417 2.151898734177215
v -0.8584141116371128 -0.704482255168604 2.151898734177215
v -0.7852292769965904 -0.7852292769965902 2.151898734177215
v -0.7044822551686045 -0.8584141116371122 2.151898734177215
v -0.6169506841141702 -0.9233319491256829 2.151898734177215
v -0.5234775407121669 -0.9793575951995865 2.151898734177215
v -0.4249630224311731 -1.025951492260398 2.151898734177215
v -0.3223558779357475 -1.062664915608607 2.151898734177215
v -0.2166442701181538 -1.089144294907772 2.151898734177215
v -0.1088462595495164 -1.10513461926014 2.151898734177215
v -2.039922143845845e-16 -1.110481893100998 2.151898734177215
v 0.108846259549516 -1.10513461926014 2.151898734177215
v 0.2166442701181534 -1.089144294907772 2.151898734177215
v 0.3223558779357472 -1.062664915608608 2.151898734177215
v 0.4249630224311727 -1.025951492260398 2.151898734177215
v 0.5234775407121666 -0.9793575951995867 2.151898734177215
v 0.6169506841141699 -0.9233319491256833 2.151898734177215
v 0.7044822551686043 -0.8584141116371126 2.151898734177215
v 0.7852292769965901 -0.7852292769965904 2.151898734177215
v 0.8584141116371122 -0.7044822551686047 2.151898734177215
v 0.9233319491256829 -0.6169506841141702 2.151898734177215
v 0.9793575951995864 -0.523477540712167 2.151898734177215
v 1.025951492260398 -0.4249630224311732 2.151898734177215
v 1.062664915608607 -0.3223558779357476 2.151898734177215
v 1.089144294907772 -0.2166442701181539 2.151898734177215
v 1.10513461926014 -0.1088462595495165 2.151898734177215
v 1.118350662255209 0 2.215189873417722
v 1.11296549814012 0.1096175337999258 2.215189873417722
v 1.096861867869113 0.2181793908263189 2.215189873417722
v 1.070194858204838 0.3246400610500674 2.215189873417722
v 1.03322128702803 0.4279742700195945 2.215189873417722
v 0.9862972300409338 0.5271868528142988 2.215189873417722
v 0.9298745915636331 0.6213223380267526 2.215189873417722
v 0.864496752448416 0.7094741494746697 2.215189873417722
v 0.7907933370251243 0.7907933370251242 2.215189873417722
v 0.7094741494746697 0.864496752448416 2.215189873417722
v 0.6213223380267527 0.9298745915636331 2.215189873417722
v 0.5271868528142989 0.9862972300409336 2.215189873417722
v 0.4279742700195945 1.03322128702803 2.215189873417722
v 0.3246400610500674 1.070194858204838 2.215189873417722
v 0.218179390826319 1.096861867869113 2.215189873417722
v 0.109617533799926 1.11296549814012 2.215189873417722
v 6.84792279427582e-17 1.118350662255209 2.215189873417722
v -0.1096175337999259 1.11296549814012 2.215189873417722
v -0.2181793908263189 1.096861867869113 2.215189873417722
v -0.3246400610500673 1.070194858204838 2.215189873417722
v -0.4279742700195944 1.03322128702803 2.215189873417722
v -0.5271868528142988 0.9862972300409338 2.215189873417722
v -0.6213223380267524 0.9298745915636332 2.215189873417722
v -0.7094741494746696 0.8644967524484161 2.215189873417722
v -0.7907933370251242 0.7907933370251243 2.215189873417722
v -0.864496752448416 0.7094741494746697 2.215189873417722
v -0.9298745915636332 0.6213223380267526 2.215189873417722
v -0.9862972300409336 0.527186852814299 2.215189873417722
v -1.03322128702803 0.4279742700195946 2.215189873417722
v -1.070194858204838 0.3246400610500675 2.215189873417722
v -1.096861867869113 0.2181793908263193 2.215189873417722
v -1.11296549814012 0.1096175337999261 2.215189873417722
v -1.118350662255209 1.369584558855164e-16 2.215189873417722
v -1.11296549814012 -0.1096175337999258 2.215189873417722
v -1.096861867869113 -0.2181793908263191 2.215189873417722
v -1.070194858204838 -0.3246400610500672 2.215189873417722
v -1.03322128702803 -0.4279742700195944 2.215189873417722
v -0.9862972300409338 -0.5271868528142988 2.215189873417722
v -0.9298745915636333 -0.6213223380267524 2.215189873417722
v -0.8644967524484161 -0.7094741494746695 2.215189873417722
v -0.7907933370251244 -0.7907933370251242 2.215189873417722
v -0.70947414947467 -0.8644967524484156 2.215189873417722
v -0.6213223380267526 -0.9298745915636331 2.215189873417722
v -0.5271868528142991 -0.9862972300409336 2.215189873417722
v -0.4279742700195951 -1.03322128702803 2.215189873417722
v -0.3246400610500675 -1.070194858204838 2.215189873417722
v -0.2181793908263194 -1.096861867869113 2.215189873417722
v -0.1096175337999256 -1.11296549814012 2.215189873417722
v -2.054376838282746e-16 -1.118350662255209 2.215189873417722
v 0.1096175337999252 -1.11296549814012 2.215189873417722
v 0.218179390826319 -1.096861867869113 2.215189873417722
v 0.3246400610500672 -1.070194858204838 2.215189873417722
v 0.4279742700195948 -1.03322128702803 2.215189873417722
v 0.5271868528142987 -0.9862972300409338 2.215189873417722
v 0.6213223380267523 -0.9298745915636333 2.215189873417722
v 0.7094741494746698 -0.8644967524484158 2.215189873417722
v 0.7907933370251241 -0.7907933370251244 2.215189873417722
v 0.8644967524484156 -0.7094741494746701 2.215189873417722
v 0.9298745915636331 -0.6213223380267526 2.215189873417722
v 0.9862972300409335 -0.5271868528142991 2.215189873417722
v 1.03322128702803 -0.4279742700195952 2.215189873417722
v 1.070194858204838 -0.3246400610500677 2.215189873417722
v 1.096861867869113 -0.2181793908263195 2.215189873417722
v 1.11296549814012 -0.1096175337999257 2.215189873417722
v 1.125923346482194 0 2.278481012658228
v 1.120501717822728 0.1103597866524737 2.278481012658228
v 1.104289045092082 0.219656748230688 2.278481012658228
v 1.077441465191403 0.3268382952468479 2.278481012658228
v 1.040217534991513 0.4308722108117943 2.278481012658228
v 0.9929757412889076 0.5307565914479134 2.278481012658228
v 0.9361710483819342 0.6255294959673229 2.278481012658228
v 0.8703505165158908 0.7142782094913612 2.278481012658228
v 0.7961480333938101 0.79614803339381 2.278481012658228
v 0.7142782094913612 0.8703505165158908 2.278481012658228
v 0.625529495967323 0.9361710483819342 2.278481012658228
v 0.5307565914479135 0.9929757412889075 2.278481012658228
v 0.4308722108117943 1.040217534991513 2.278481012658228
v 0.3268382952468479 1.077441465191403 2.278481012658228
v 0.2196567482306881 1.104289045092082 2.278481012658228
v 0.1103597866524739 1.120501717822727 2.278481012658228
v 6.894292111773477e-17 1.125923346482194 2.278481012658228
v -0.1103597866524737 1.120501717822728 2.278481012658228
v -0.2196567482306879 1.104289045092082 2.278481012658228
v -0.3268382952468477 1.077441465191403 2.278481012658228
v -0.4308722108117942 1.040217534991513 2.278481012658228
v -0.5307565914479134 0.9929757412889076 2.278481012658228
v -0.6255294959673225 0.9361710483819343 2.278481012658228
v -0.7142782094913611 0.8703505165158909 2.278481012658228
v -0.79614803339381 0.7961480333938101 2.278481012658228
v -0.8703505165158908 0.7142782094913612 2.278481012658228
v -0.9361710483819343 0.6255294959673229 2.278481012658228
v -0.9929757412889075 0.5307565914479137 2.278481012658228
v -1.040217534991513 0.4308722108117944 2.278481012658228
v -1.077441465191403 0.3268382952468479 2.278481012658228
v -1.104289045092082 0.2196567482306884 2.278481012658228
v -1.120501717822727 0.110359786652474 2.278481012658228
v -1.125923346482194 1.378858422354695e-16 2.278481012658228
v -1.120501717822728 -0.1103597866524737 2.278481012658228
v -1.104289045092082 -0.2196567482306881 2.278481012658228
v -1.077441465191403 -0.3268382952468476 2.278481012658228
v -1.040217534991513 -0.4308722108117941 2.278481012658228
v -0.9929757412889076 -0.5307565914479134 2.278481012658228
v -0.9361710483819344 -0.6255294959673225 2.278481012658228
v -0.8703505165158909 -0.714278209491361 2.278481012658228
v -0.7961480333938104 -0.79614803339381 2.278481012658228
v -0.7142782094913616 -0.8703505165158905 2.278481012658228
v -0.6255294959673229 -0.9361710483819342 2.278481012658228
v -0.5307565914479137 -0.9929757412889075 2.278481012658228
v -0.4308722108117949 -1.040217534991513 2.278481012658228
v -0.326838295246848 -1.077441465191403 2.278481012658228
v -0.2196567482306885 -1.104289045092082 2.278481012658228
v -0.1103597866524735 -1.120501717822728 2.278481012658228
v -2.068287633532043e-16 -1.125923346482194 2.278481012658228
v 0.1103597866524731 -1.120501717822728 2.278481012658228
v 0.219656748230688 -1.104289045092082 2.278481012658228
v 0.3268382952468475 -1.077441465191403 2.278481012658228
v 0.4308722108117945 -1.040217534991513 2.278481012658228
v 0.5307565914479133 -0.9929757412889076 2.278481012658228
v 0.6255294959673224 -0.9361710483819344 2.278481012658228
v 0.7142782094913613 -0.8703505165158907 2.278481012658228
v 0.7961480333938099 -0.7961480333938104 2.278481012658228
v 0.8703505165158905 -0.7142782094913617 2.278481012658228
v 0.9361710483819342 -0.6255294959673229 2.278481012658228
v 0.9929757412889074 -0.5307565914479138 2.278481012658228
v 1.040217534991513 -0.4308722108117949 2.278481012658228
v 1.077441465191403 -0.326838295246848 2.278481012658228
v 1.104289045092082 -0.2196567482306885 2.278481012658228
v 1.120501717822728 -0.1103597866524736 2.278481012658228
v 1.133192083530105 0 2.341772151898734
v 1.127735453915005 0.1110722474717175 2.341772151898734
v 1.111418115395795 0.2210748084820155 2.341772151898734
v 1.08439721286238 0.3289482982348483 2.341772151898734
v 1.046932972377285 0.4336538360542482 2.341772151898734
v 0.9993861950564172 0.534183050373145 2.341772151898734
v 0.9422147823570901 0.6295677899027891 2.341772151898734
v 0.8759693262366712 0.7188894474589076 2.341772151898734
v 0.80128780665105 0.8012878066510499 2.341772151898734
v 0.7188894474589076 0.8759693262366712 2.341772151898734
v 0.6295677899027892 0.9422147823570901 2.341772151898734
v 0.5341830503731452 0.999386195056417 2.341772151898734
v 0.4336538360542483 1.046932972377285 2.341772151898734
v 0.3289482982348483 1.08439721286238 2.341772151898734
v 0.2210748084820156 1.111418115395795 2.341772151898734
v 0.1110722474717177 1.127735453915005 2.341772151898734
v 6.938800289571317e-17 1.133192083530105 2.341772151898734
v -0.1110722474717175 1.127735453915005 2.341772151898734
v -0.2210748084820155 1.111418115395795 2.341772151898734
v -0.3289482982348481 1.08439721286238 2.341772151898734
v -0.4336538360542481 1.046932972377285 2.341772151898734
v -0.5341830503731451 0.9993861950564172 2.341772151898734
v -0.6295677899027888 0.9422147823570902 2.341772151898734
v -0.7188894474589075 0.8759693262366713 2.341772151898734
v -0.8012878066510499 0.80128780665105 2.341772151898734
v -0.8759693262366712 0.7188894474589076 2.341772151898734
v -0.9422147823570902 0.6295677899027891 2.341772151898734
v -0.999386195056417 0.5341830503731452 2.341772151898734
v -1.046932972377285 0.4336538360542483 2.341772151898734
v -1.08439721286238 0.3289482982348484 2.341772151898734
v -1.111418115395795 0.2210748084820159 2.341772151898734
v -1.127735453915005 0.1110722474717177 2.341772151898734
v -1.133192083530105 1.387760057914263e-16 2.341772151898734
v -1.127735453915005 -0.1110722474717175 2.341772151898734
v -1.111418115395795 -0.2210748084820157 2.341772151898734
v -1.08439721286238 -0.3289482982348481 2.341772151898734
v -1.046932972377285 -0.4336538360542481 2.341772151898734
v -0.9993861950564172 -0.534183050373145 2.341772151898734
v -0.9422147823570903 -0.6295677899027888 2.341772151898734
v -0.8759693262366713 -0.7188894474589073 2.341772151898734
v -0.8012878066510501 -0.8012878066510499 2.341772151898734
v -0.7188894474589079 -0.8759693262366708 2.341772151898734
v -0.6295677899027891 -0.9422147823570901 2.341772151898734
v -0.5341830503731453 -0.999386195056417 2.341772151898734
v -0.4336538360542488 -1.046932972377284 2.341772151898734
v -0.3289482982348484 -1.08439721286238 2.341772151898734
v -0.221074808482016 -1.111418115395795 2.341772151898734
v -0.1110722474717173 -1.127735453915005 2.341772151898734
v -2.081640086871395e-16 -1.133192083530105 2.341772151898734
v 0.1110722474717169 -1.127735453915005 2.341772151898734
v 0.2210748084820156 -1.111418115395795 2.341772151898734
v 0.328948298234848 -1.08439721286238 2.341772151898734
v 0.4336538360542485 -1.046932972377284 2.341772151898734
v 0.534183050373145 -0.9993861950564172 2.341772151898734
v 0.6295677899027887 -0.9422147823570903 2.341772151898734
v 0.7188894474589077 -0.8759693262366711 2.341772151898734
v 0.8012878066510498 -0.8012878066510501 2.341772151898734
v 0.8759693262366708 -0.718889447458908 2.341772151898734
v 0.9422147823570901 -0.6295677899027891 2.341772151898734
v 0.9993861950564169 -0.5341830503731454 2.341772151898734
v 1.046932972377284 -0.4336538360542489 2.341772151898734
v 1.08439721286238 -0.3289482982348485 2.341772151898734
v 1.111418115395795 -0.2210748084820161 2.341772151898734
v 1.127735453915005 -0.1110722474717174 2.341772151898734
v 1.140150932799023 0 2.405063291139241
v 1.134660794422646 0.1117543339770412 2.405063291139241
v 1.118243252327294 0.2224324126267503 2.405063291139241
v 1.091056416418088 0.3309683455489384 2.405063291139241
v 1.053362110786669 0.4363168723777888 2.405063291139241
v 1.005523352202071 0.5374634292105767 2.405063291139241
v 0.9480008540607887 0.6334339194126698 2.405063291139241
v 0.88134858946492 0.7233040947006159 2.405063291139241
v 0.8062084561583567 0.8062084561583566 2.405063291139241
v 0.7233040947006159 0.88134858946492 2.405063291139241
v 0.6334339194126699 0.9480008540607887 2.405063291139241
v 0.5374634292105768 1.00552335220207 2.405063291139241
v 0.4363168723777889 1.053362110786669 2.405063291139241
v 0.3309683455489384 1.091056416418088 2.405063291139241
v 0.2224324126267504 1.118243252327294 2.405063291139241
v 0.1117543339770414 1.134660794422646 2.405063291139241
v 6.981410951985961e-17 1.140150932799023 2.405063291139241
v -0.1117543339770413 1.134660794422646 2.405063291139241
v -0.2224324126267503 1.118243252327294 2.405063291139241
v -0.3309683455489383 1.091056416418088 2.405063291139241
v -0.4363168723777888 1.053362110786669 2.405063291139241
v -0.5374634292105767 1.005523352202071 2.405063291139241
v -0.6334339194126696 0.9480008540607888 2.405063291139241
v -0.7233040947006157 0.8813485894649201 2.405063291139241
v -0.8062084561583566 0.8062084561583567 2.405063291139241
v -0.88134858946492 0.7233040947006159 2.405063291139241
v -0.9480008540607888 0.6334339194126698 2.405063291139241
v -1.00552335220207 0.5374634292105769 2.405063291139241
v -1.053362110786669 0.4363168723777889 2.405063291139241
v -1.091056416418088 0.3309683455489386 2.405063291139241
v -1.118243252327294 0.2224324126267508 2.405063291139241
v -1.134660794422646 0.1117543339770415 2.405063291139241
v -1.140150932799023 1.396282190397192e-16 2.405063291139241
v -1.134660794422646 -0.1117543339770412 2.405063291139241
v -1.118243252327294 -0.2224324126267505 2.405063291139241
v -1.091056416418088 -0.3309683455489382 2.405063291139241
v -1.053362110786669 -0.4363168723777887 2.405063291139241
v -1.005523352202071 -0.5374634292105767 2.405063291139241
v -0.9480008540607889 -0.6334339194126696 2.405063291139241
v -0.8813485894649201 -0.7233040947006156 2.405063291139241
v -0.8062084561583568 -0.8062084561583566 2.405063291139241
v -0.7233040947006163 -0.8813485894649197 2.405063291139241
v -0.6334339194126698 -0.9480008540607887 2.405063291139241
v -0.5374634292105769 -1.00552335220207 2.405063291139241
v -0.4363168723777894 -1.053362110786668 2.405063291139241
v -0.3309683455489386 -1.091056416418088 2.405063291139241
v -0.2224324126267508 -1.118243252327294 2.405063291139241
v -0.1117543339770411 -1.134660794422646 2.405063291139241
v -2.094423285595788e-16 -1.140150932799023 2.405063291139241
v 0.1117543339770406 -1.134660794422646 2.405063291139241
v 0.2224324126267504 -1.118243252327294 2.405063291139241
v 0.3309683455489382 -1.091056416418088 2.405063291139241
v 0.4363168723777891 -1.053362110786668 2.405063291139241
v 0.5374634292105765 -1.005523352202071 2.405063291139241
v 0.6334339194126695 -0.9480008540607889 2.405063291139241
v 0.723304094700616 -0.8813485894649199 2.405063291139241
v 0.8062084561583563 -0.8062084561583568 2.405063291139241
v 0.8813485894649197 -0.7233040947006164 2.405063291139241
v 0.9480008540607887 -0.6334339194126698 2.405063291139241
v 1.00552335220207 -0.537463429210577 2.405063291139241
v 1.053362110786668 -0.4363168723777895 2.405063291139241
v 1.091056416418088 -0.3309683455489387 2.405063291139241
v 1.118243252327294 -0.2224324126267509 2.405063291139241
v 1.134660794422646 -0.1117543339770411 2.405063291139241
v 1.14679591289934 0 2.468354430379747
v 1.141273777127522 0.1124056559240211 2.468354430379747
v 1.124760550998257 0.2237287839343119 2.468354430379747
v 1.097415265906219 0.3328972814527213 2.468354430379747
v 1.059501271895296 0.4388597961705759 2.468354430379747
v 1.011383701453712 0.5405958511461397 2.468354430379747
v 0.9535259530885574 0.6371256725554135 2.468354430379747
v 0.8864852285448525 0.7275196254496581 2.468354430379747
v 0.8109071666481404 0.8109071666481403 2.468354430379747
v 0.7275196254496581 0.8864852285448525 2.468354430379747
v 0.6371256725554136 0.9535259530885574 2.468354430379747
v 0.5405958511461399 1.011383701453711 2.468354430379747
v 0.4388597961705759 1.059501271895296 2.468354430379747
v 0.3328972814527213 1.097415265906219 2.468354430379747
v 0.223728783934312 1.124760550998257 2.468354430379747
v 0.1124056559240213 1.141273777127522 2.468354430379747
v 7.022099720037215e-17 1.14679591289934 2.468354430379747
v -0.1124056559240212 1.141273777127522 2.468354430379747
v -0.2237287839343119 1.124760550998257 2.468354430379747
v -0.3328972814527211 1.097415265906219 2.468354430379747
v -0.4388597961705758 1.059501271895296 2.468354430379747
v -0.5405958511461398 1.011383701453712 2.468354430379747
v -0.6371256725554133 0.9535259530885575 2.468354430379747
v -0.7275196254496579 0.8864852285448526 2.468354430379747
v -0.8109071666481403 0.8109071666481404 2.468354430379747
v -0.8864852285448525 0.7275196254496581 2.468354430379747
v -0.9535259530885575 0.6371256725554135 2.468354430379747
v -1.011383701453711 0.5405958511461399 2.468354430379747
v -1.059501271895296 0.438859796170576 2.468354430379747
v -1.097415265906219 0.3328972814527214 2.468354430379747
v -1.124760550998257 0.2237287839343124 2.468354430379747
v -1.141273777127522 0.1124056559240214 2.468354430379747
v -1.14679591289934 1.404419944007443e-16 2.468354430379747
v -1.141273777127522 -0.1124056559240211 2.468354430379747
v -1.124760550998257 -0.2237287839343121 2.468354430379747
v -1.097415265906219 -0.3328972814527211 2.468354430379747
v -1.059501271895296 -0.4388597961705757 2.468354430379747
v -1.011383701453712 -0.5405958511461397 2.468354430379747
v -0.9535259530885577 -0.6371256725554133 2.468354430379747
v -0.8864852285448526 -0.7275196254496578 2.468354430379747
v -0.8109071666481406 -0.8109071666481403 2.468354430379747
v -0.7275196254496584 -0.886485228544852 2.468354430379747
v -0.6371256725554135 -0.9535259530885574 2.468354430379747
v -0.5405958511461401 -1.011383701453711 2.468354430379747
v -0.4388597961705765 -1.059501271895296 2.468354430379747
v -0.3328972814527215 -1.097415265906219 2.468354430379747
v -0.2237287839343124 -1.124760550998257 2.468354430379747
v -0.112405655924021 -1.141273777127522 2.468354430379747
v -2.106629916011165e-16 -1.14679591289934 2.468354430379747
v 0.1124056559240205 -1.141273777127522 2.468354430379747
v 0.223728783934312 -1.124760550998257 2.468354430379747
v 0.332897281452721 -1.097415265906219 2.468354430379747
v 0.4388597961705761 -1.059501271895296 2.468354430379747
v 0.5405958511461397 -1.011383701453712 2.468354430379747
v 0.6371256725554132 -0.9535259530885577 2.468354430379747
v 0.7275196254496582 -0.8864852285448523 2.468354430379747
v 0.8109071666481402 -0.8109071666481406 2.468354430379747
v 0.886485228544852 -0.7275196254496585 2.468354430379747
v 0.9535259530885574 -0.6371256725554135 2.468354430379747
v 1.011383701453711 -0.5405958511461402 2.468354430379747
v 1.059501271895296 -0.4388597961705766 2.468354430379747
v 1.097415265906219 -0.3328972814527215 2.468354430379747
v 1.124760550998257 -0.2237287839343125 2.468354430379747
v 1.141273777127522 -0.112405655924021 2.468354430379747
v 1.15312502682339 0 2.531645569620253
v 1.147572414638105 0.1130260175716766 2.531645569620253
v 1.130968052772962 0.2249635328078317 2.531645569620253
v 1.103471850309587 0.3347345262454711 2.531645569620253
v 1.065348610708659 0.4412818432108612 2.531645569620253
v 1.016965481607815 0.5435793747969372 2.531645569620253
v 0.9587884189892064 0.640641939853006 2.531645569620253
v 0.8913776997686672 0.7315347728177825 2.531645569620253
v 0.8153825260227389 0.8153825260227388 2.531645569620253
v 0.7315347728177825 0.8913776997686672 2.531645569620253
v 0.6406419398530061 0.9587884189892064 2.531645569620253
v 0.5435793747969374 1.016965481607815 2.531645569620253
v 0.4412818432108613 1.065348610708659 2.531645569620253
v 0.3347345262454711 1.103471850309587 2.531645569620253
v 0.2249635328078319 1.130968052772962 2.531645569620253
v 0.1130260175716768 1.147572414638105 2.531645569620253
v 7.060854365579854e-17 1.15312502682339 2.531645569620253
v -0.1130260175716766 1.147572414638105 2.531645569620253
v -0.2249635328078317 1.130968052772962 2.531645569620253
v -0.3347345262454709 1.103471850309587 2.531645569620253
v -0.4412818432108612 1.065348610708659 2.531645569620253
v -0.5435793747969373 1.016965481607815 2.531645569620253
v -0.6406419398530058 0.9587884189892065 2.531645569620253
v -0.7315347728177822 0.8913776997686673 2.531645569620253
v -0.8153825260227388 0.8153825260227389 2.531645569620253
v -0.8913776997686672 0.7315347728177825 2.531645569620253
v -0.9587884189892065 0.640641939853006 2.531645569620253
v -1.016965481607815 0.5435793747969375 2.531645569620253
v -1.065348610708659 0.4412818432108614 2.531645569620253
v -1.103471850309587 0.3347345262454712 2.531645569620253
v -1.130968052772962 0.2249635328078322 2.531645569620253
v -1.147572414638105 0.1130260175716768 2.531645569620253
v -1.15312502682339 1.412170873115971e-16 2.531645569620253
v -1.147572414638105 -0.1130260175716766 2.531645569620253
v -1.130968052772962 -0.2249635328078319 2.531645569620253
v -1.103471850309587 -0.3347345262454708 2.531645569620253
v -1.065348610708659 -0.4412818432108611 2.531645569620253
v -1.016965481607815 -0.5435793747969372 2.531645569620253
v -0.9587884189892067 -0.6406419398530058 2.531645569620253
v -0.8913776997686673 -0.7315347728177821 2.531645569620253
v -0.815382526022739 -0.8153825260227388 2.531645569620253
v -0.7315347728177828 -0.8913776997686669 2.531645569620253
v -0.640641939853006 -0.9587884189892064 2.531645569620253
v -0.5435793747969375 -1.016965481607815 2.531645569620253
v -0.4412818432108619 -1.065348610708658 2.531645569620253
v -0.3347345262454712 -1.103471850309587 2.531645569620253
v -0.2249635328078322 -1.130968052772961 2.531645569620253
v -0.1130260175716764 -1.147572414638105 2.531645569620253
v -2.118256309673956e-16 -1.15312502682339 2.531645569620253
v 0.113026017571676 -1.147572414638105 2.531645569620253
v 0.2249635328078318 -1.130968052772962 2.531645569620253
v 0.3347345262454708 -1.103471850309587 2.531645569620253
v 0.4412818432108615 -1.065348610708659 2.531645569620253
v 0.5435793747969372 -1.016965481607815 2.531645569620253
v 0.6406419398530057 -0.9587884189892067 2.531645569620253
v 0.7315347728177826 -0.8913776997686671 2.531645569620253
v 0.8153825260227386 -0.815382526022739 2.531645569620253
v 0.8913776997686669 -0.7315347728177829 2.531645569620253
v 0.9587884189892064 -0.640641939853006 2.531645569620253
v 1.016965481607815 -0.5435793747969376 2.531645569620253
v 1.065348610708658 -0.4412818432108619 2.531645569620253
v 1.103471850309587 -0.3347345262454713 2.531645569620253
v 1.130968052772961 -0.2249635328078323 2.531645569620253
v 1.147572414638105 -0.1130260175716765 2.531645569620253
v 1.159138274571175 0 2.59493670886076
v 1.153556706954396 0.1136154189200076 2.59493670886076
v 1.136865757651406 0.2261366592473097 2.59493670886076
v 1.109226169628193 0.3364800799271878 2.59493670886076
v 1.070904127226756 0.443583013498645 2.59493670886076
v 1.022268692664381 0.546414000162969 2.59493670886076
v 0.9637882517627359 0.6439827213054471 2.59493670886076
v 0.8960260031363645 0.7353495368049889 2.59493670886076
v 0.8196345342821519 0.8196345342821518 2.59493670886076
v 0.7353495368049889 0.8960260031363645 2.59493670886076
v 0.6439827213054473 0.9637882517627359 2.59493670886076
v 0.5464140001629693 1.022268692664381 2.59493670886076
v 0.443583013498645 1.070904127226756 2.59493670886076
v 0.3364800799271878 1.109226169628193 2.59493670886076
v 0.2261366592473099 1.136865757651406 2.59493670886076
v 0.1136154189200078 1.153556706954396 2.59493670886076
v 7.097674888613875e-17 1.159138274571175 2.59493670886076
v -0.1136154189200076 1.153556706954396 2.59493670886076
v -0.2261366592473097 1.136865757651406 2.59493670886076
v -0.3364800799271876 1.109226169628193 2.59493670886076
v -0.4435830134986449 1.070904127226756 2.59493670886076
v -0.546414000162969 1.022268692664381 2.59493670886076
v -0.6439827213054469 0.963788251762736 2.59493670886076
v -0.7353495368049888 0.8960260031363646 2.59493670886076
v -0.8196345342821518 0.8196345342821519 2.59493670886076
v -0.8960260031363645 0.7353495368049889 2.59493670886076
v -0.963788251762736 0.6439827213054471 2.59493670886076
v -1.022268692664381 0.5464140001629693 2.59493670886076
v -1.070904127226756 0.4435830134986452 2.59493670886076
v -1.109226169628193 0.3364800799271879 2.59493670886076
v -1.136865757651406 0.2261366592473102 2.59493670886076
v -1.153556706954396 0.1136154189200078 2.59493670886076
v -1.159138274571175 1.419534977722775e-16 2.59493670886076
v -1.153556706954396 -0.1136154189200076 2.59493670886076
v -1.136865757651406 -0.2261366592473099 2.59493670886076
v -1.109226169628193 -0.3364800799271875 2.59493670886076
v -1.070904127226757 -0.4435830134986449 2.59493670886076
v -1.022268692664381 -0.546414000162969 2.59493670886076
v -0.9637882517627361 -0.6439827213054469 2.59493670886076
v -0.8960260031363646 -0.7353495368049887 2.59493670886076
v -0.819634534282152 -0.8196345342821518 2.59493670886076
v -0.7353495368049894 -0.896026003136364 2.59493670886076
v -0.6439827213054471 -0.9637882517627359 2.59493670886076
v -0.5464140001629694 -1.022268692664381 2.59493670886076
v -0.4435830134986457 -1.070904127226756 2.59493670886076
v -0.3364800799271879 -1.109226169628193 2.59493670886076
v -0.2261366592473102 -1.136865757651406 2.59493670886076
v -0.1136154189200074 -1.153556706954396 2.59493670886076
v -2.129302466584162e-16 -1.159138274571175 2.59493670886076
v 0.113615418920007 -1.153556706954396 2.59493670886076
v 0.2261366592473098 -1.136865757651406 2.59493670886076
v 0.3364800799271875 -1.109226169628193 2.59493670886076
v 0.4435830134986453 -1.070904127226756 2.59493670886076
v 0.5464140001629689 -1.022268692664381 2.59493670886076
v 0.6439827213054468 -0.9637882517627361 2.59493670886076
v 0.735349536804989 -0.8960260031363644 2.59493670886076
v 0.8196345342821517 -0.819634534282152 2.59493670886076
v 0.896026003136364 -0.7353495368049895 2.59493670886076
v 0.9637882517627359 -0.6439827213054471 2.59493670886076
v 1.022268692664381 -0.5464140001629694 2.59493670886076
v 1.070904127226756 -0.4435830134986457 2.59493670886076
v 1.109226169628193 -0.336480079927188 2.59493670886076
v 1.136865757651406 -0.2261366592473103 2.59493670886076
v 1.153556706954396 -0.1136154189200075 2.59493670886076
v 1.164837653150358 0 2.658227848101266
v 1.159228641467923 0.1141740557099947 2.658227848101266
v 1.142455624269315 0.2272485528496145 2.658227848101266
v 1.114680134879222 0.3381345221985971 2.658227848101266
v 1.076169666444097 0.4457640712556751 2.658227848101266
v 1.027295095826935 0.5491006686271322 2.658227848101266
v 0.9685271118603351 0.6471491263907512 2.658227848101266
v 0.9004316823557451 0.7389651842995292 2.658227848101266
v 0.823664603524042 0.8236646035240419 2.658227848101266
v 0.7389651842995292 0.9004316823557451 2.658227848101266
v 0.6471491263907513 0.9685271118603351 2.658227848101266
v 0.5491006686271324 1.027295095826935 2.658227848101266
v 0.4457640712556751 1.076169666444097 2.658227848101266
v 0.3381345221985971 1.114680134879222 2.658227848101266
v 0.2272485528496146 1.142455624269315 2.658227848101266
v 0.1141740557099949 1.159228641467922 2.658227848101266
v 7.132573517284507e-17 1.164837653150358 2.658227848101266
v -0.1141740557099948 1.159228641467923 2.658227848101266
v -0.2272485528496145 1.142455624269315 2.658227848101266
v -0.3381345221985969 1.114680134879222 2.658227848101266
v -0.445764071255675 1.076169666444097 2.658227848101266
v -0.5491006686271322 1.027295095826935 2.658227848101266
v -0.6471491263907508 0.9685271118603352 2.658227848101266
v -0.7389651842995291 0.9004316823557452 2.658227848101266
v -0.8236646035240419 0.823664603524042 2.658227848101266
v -0.9004316823557451 0.7389651842995292 2.658227848101266
v -0.9685271118603352 0.6471491263907512 2.658227848101266
v -1.027295095826935 0.5491006686271325 2.658227848101266
v -1.076169666444097 0.4457640712556752 2.658227848101266
v -1.114680134879222 0.3381345221985972 2.658227848101266
v -1.142455624269315 0.2272485528496149 2.658227848101266
v -1.159228641467922 0.114174055709995 2.658227848101266
v -1.164837653150358 1.426514703456901e-16 2.658227848101266
v -1.159228641467923 -0.1141740557099947 2.658227848101266
v -1.142455624269315 -0.2272485528496146 2.658227848101266
v -1.114680134879222 -0.3381345221985969 2.658227848101266
v -1.076169666444098 -0.445764071255675 2.658227848101266
v -1.027295095826935 -0.5491006686271322 2.658227848101266
v -0.9685271118603354 -0.6471491263907508 2.658227848101266
v -0.9004316823557452 -0.738965184299529 2.658227848101266
v -0.8236646035240421 -0.8236646035240419 2.658227848101266
v -0.7389651842995296 -0.9004316823557447 2.658227848101266
v -0.6471491263907512 -0.9685271118603351 2.658227848101266
v -0.5491006686271326 -1.027295095826935 2.658227848101266
v -0.4457640712556757 -1.076169666444097 2.658227848101266
v -0.3381345221985972 -1.114680134879222 2.658227848101266
v -0.227248552849615 -1.142455624269315 2.658227848101266
v -0.1141740557099945 -1.159228641467923 2.658227848101266
v -2.139772055185352e-16 -1.164837653150358 2.658227848101266
v 0.1141740557099941 -1.159228641467923 2.658227848101266
v 0.2272485528496146 -1.142455624269315 2.658227848101266
v 0.3381345221985968 -1.114680134879222 2.658227848101266
v 0.4457640712556754 -1.076169666444097 2.658227848101266
v 0.5491006686271321 -1.027295095826935 2.658227848101266
v 0.6471491263907507 -0.9685271118603354 2.658227848101266
v 0.7389651842995294 -0.900431682355745 2.658227848101266
v 0.8236646035240418 -0.8236646035240421 2.658227848101266
v 0.9004316823557447 -0.7389651842995297 2.658227848101266
v 0.9685271118603351 -0.6471491263907512 2.658227848101266
v 1.027295095826934 -0.5491006686271326 2.658227848101266
v 1.076169666444097 -0.4457640712556758 2.658227848101266
v 1.114680134879222 -0.3381345221985973 2.658227848101266
v 1.142455624269315 -0.2272485528496151 2.658227848101266
v 1.159228641467923 -0.1141740557099946 2.658227848101266
v 1.170227143950548 0 2.721518987341772
v 1.164592180396812 0.1147023181860618 2.721518987341772
v 1.14774155751501 0.2282999903453265 2.721518987341772
v 1.119837556014982 0.3396990087960962 2.721518987341772
v 1.081148906685051 0.4478265400937918 2.721518987341772
v 1.032048202367632 0.5516412570034954 2.721518987341772
v 0.9730083096864772 0.6501433670504696 2.721518987341772
v 0.9045978150825942 0.7423842410682314 2.721518987341772
v 0.8274755490159988 0.8274755490159987 2.721518987341772
v 0.7423842410682314 0.9045978150825942 2.721518987341772
v 0.6501433670504698 0.9730083096864772 2.721518987341772
v 0.5516412570034956 1.032048202367632 2.721518987341772
v 0.4478265400937919 1.081148906685051 2.721518987341772
v 0.3396990087960962 1.119837556014982 2.721518987341772
v 0.2282999903453266 1.14774155751501 2.721518987341772
v 0.114702318186062 1.164592180396812 2.721518987341772
v 7.165574630571939e-17 1.170227143950548 2.721518987341772
v -0.1147023181860619 1.164592180396812 2.721518987341772
v -0.2282999903453265 1.14774155751501 2.721518987341772
v -0.3396990087960959 1.119837556014982 2.721518987341772
v -0.4478265400937917 1.081148906685051 2.721518987341772
v -0.5516412570034955 1.032048202367632 2.721518987341772
v -0.6501433670504694 0.9730083096864773 2.721518987341772
v -0.7423842410682313 0.9045978150825943 2.721518987341772
v -0.8274755490159987 0.8274755490159988 2.721518987341772
v -0.9045978150825942 0.7423842410682314 2.721518987341772
v -0.9730083096864773 0.6501433670504696 2.721518987341772
v -1.032048202367632 0.5516412570034958 2.721518987341772
v -1.081148906685051 0.447826540093792 2.721518987341772
v -1.119837556014982 0.3396990087960962 2.721518987341772
v -1.14774155751501 0.2282999903453269 2.721518987341772
v -1.164592180396812 0.1147023181860621 2.721518987341772
v -1.170227143950548 1.433114926114388e-16 2.721518987341772
v -1.164592180396812 -0.1147023181860618 2.721518987341772
v -1.14774155751501 -0.2282999903453267 2.721518987341772
v -1.119837556014982 -0.3396990087960959 2.721518987341772
v -1.081148906685051 -0.4478265400937917 2.721518987341772
v -1.032048202367632 -0.5516412570034954 2.721518987341772
v -0.9730083096864774 -0.6501433670504694 2.721518987341772
v -0.9045978150825943 -0.7423842410682312 2.721518987341772
v -0.827475549015999 -0.8274755490159987 2.721518987341772
v -0.7423842410682319 -0.9045978150825938 2.721518987341772
v -0.6501433670504696 -0.9730083096864772 2.721518987341772
v -0.5516412570034958 -1.032048202367632 2.721518987341772
v -0.4478265400937925 -1.081148906685051 2.721518987341772
v -0.3396990087960963 -1.119837556014982 2.721518987341772
v -0.228299990345327 -1.14774155751501 2.721518987341772
v -0.1147023181860616 -1.164592180396812 2.721518987341772
v -2.149672389171582e-16 -1.170227143950548 2.721518987341772
v 0.1147023181860612 -1.164592180396812 2.721518987341772
v 0.2282999903453266 -1.14774155751501 2.721518987341772
v 0.3396990087960958 -1.119837556014982 2.721518987341772
v 0.4478265400937921 -1.081148906685051 2.721518987341772
v 0.5516412570034954 -1.032048202367632 2.721518987341772
v 0.6501433670504693 -0.9730083096864774 2.721518987341772
v 0.7423842410682315 -0.9045978150825941 2.721518987341772
v 0.8274755490159986 -0.827475549015999 2.721518987341772
v 0.9045978150825938 -0.742384241068232 2.721518987341772
v 0.9730083096864772 -0.6501433670504696 2.721518987341772
v 1.032048202367632 -0.5516412570034959 2.721518987341772
v 1.081148906685051 -0.4478265400937925 2.721518987341772
v 1.119837556014982 -0.3396990087960963 2.721518987341772
v 1.14774155751501 -0.2282999903453271 2.721518987341772
v 1.164592180396812 -0.1147023181860617 2.721518987341772
v 1.175312687571664 0 2.784810126582279
v 1.169653235735372 0.1152007886288248 2.784810126582279
v 1.152729383841449 0.2292921306879971 2.784810126582279
v 1.124704117835153 0.3411752641848153 2.784810126582279
v 1.085847336348293 0.4497726933821629 2.784810126582279
v 1.036533251427865 0.5540385656714758 2.784810126582279
v 0.9772367846694741 0.6529687437050844 2.784810126582279
v 0.908528993462749 0.7456104757877886 2.784810126582279
v 0.8310715713965099 0.8310715713965098 2.784810126582279
v 0.7456104757877886 0.908528993462749 2.784810126582279
v 0.6529687437050845 0.9772367846694741 2.784810126582279
v 0.5540385656714759 1.036533251427865 2.784810126582279
v 0.4497726933821629 1.085847336348293 2.784810126582279
v 0.3411752641848153 1.124704117835153 2.784810126582279
v 0.2292921306879972 1.152729383841449 2.784810126582279
v 0.115200788628825 1.169653235735372 2.784810126582279
v 7.196714604159558e-17 1.175312687571664 2.784810126582279
v -0.1152007886288249 1.169653235735372 2.784810126582279
v -0.229292130687997 1.152729383841449 2.784810126582279
v -0.3411752641848151 1.124704117835153 2.784810126582279
v -0.4497726933821628 1.085847336348293 2.784810126582279
v -0.5540385656714758 1.036533251427865 2.784810126582279
v -0.6529687437050841 0.9772367846694743 2.784810126582279
v -0.7456104757877885 0.9085289934627491 2.784810126582279
v -0.8310715713965098 0.8310715713965099 2.784810126582279
v -0.908528993462749 0.7456104757877886 2.784810126582279
v -0.9772367846694743 0.6529687437050844 2.784810126582279
v -1.036533251427865 0.554038565671476 2.784810126582279
v -1.085847336348293 0.449772693382163 2.784810126582279
v -1.124704117835153 0.3411752641848153 2.784810126582279
v -1.152729383841449 0.2292921306879975 2.784810126582279
v -1.169653235735372 0.1152007886288251 2.784810126582279
v -1.175312687571664 1.439342920831912e-16 2.784810126582279
v -1.169653235735372 -0.1152007886288248 2.784810126582279
v -1.152729383841449 -0.2292921306879972 2.784810126582279
v -1.124704117835153 -0.341175264184815 2.784810126582279
v -1.085847336348293 -0.4497726933821627 2.784810126582279
v -1.036533251427865 -0.5540385656714758 2.784810126582279
v -0.9772367846694744 -0.6529687437050841 2.784810126582279
v -0.9085289934627491 -0.7456104757877884 2.784810126582279
v -0.83107157139651 -0.8310715713965098 2.784810126582279
v -0.7456104757877891 -0.9085289934627486 2.784810126582279
v -0.6529687437050844 -0.9772367846694741 2.784810126582279
v -0.5540385656714761 -1.036533251427865 2.784810126582279
v -0.4497726933821635 -1.085847336348293 2.784810126582279
v -0.3411752641848154 -1.124704117835153 2.784810126582279
v -0.2292921306879976 -1.152729383841449 2.784810126582279
v -0.1152007886288246 -1.169653235735372 2.784810126582279
v -2.159014381247867e-16 -1.175312687571664 2.784810126582279
v 0.1152007886288242 -1.169653235735372 2.784810126582279
v 0.2292921306879972 -1.152729383841449 2.784810126582279
v 0.3411752641848149 -1.124704117835153 2.784810126582279
v 0.4497726933821631 -1.085847336348293 2.784810126582279
v 0.5540385656714757 -1.036533251427865 2.784810126582279
v 0.652968743705084 -0.9772367846694744 2.784810126582279
v 0.7456104757877888 -0.9085289934627488 2.784810126582279
v 0.8310715713965097 -0.83107157139651 2.784810126582279
v 0.9085289934627486 -0.7456104757877892 2.784810126582279
v 0.9772367846694741 -0.6529687437050844 2.784810126582279
v 1.036533251427865 -0.5540385656714761 2.784810126582279
v 1.085847336348293 -0.4497726933821636 2.784810126582279
v 1.124704117835153 -0.3411752641848155 2.784810126582279
v 1.152729383841449 -0.2292921306879976 2.784810126582279
v 1.169653235735372 -0.1152007886288247 2.784810126582279
v 1.180102146265555 0 2.848101265822785
v 1.174419631876559 0.1156702376737265 2.848101265822785
v 1.157426814429516 0.2302265077268711 2.848101265822785
v 1.12928734404566 0.3425655706559948 2.848101265822785
v 1.090272219207387 0.4516055398743116 2.848101265822785
v 1.040757176894725 0.5562963008709386 2.848101265822785
v 0.9812190740328222 0.6556296243876868 2.848101265822785
v 0.9122312950990753 0.7486488762179718 2.848101265822785
v 0.8344582301171727 0.8344582301171725 2.848101265822785
v 0.7486488762179718 0.9122312950990753 2.848101265822785
v 0.6556296243876869 0.9812190740328222 2.848101265822785
v 0.5562963008709387 1.040757176894725 2.848101265822785
v 0.4516055398743117 1.090272219207387 2.848101265822785
v 0.3425655706559948 1.12928734404566 2.848101265822785
v 0.2302265077268712 1.157426814429516 2.848101265822785
v 0.1156702376737267 1.174419631876559 2.848101265822785
v 7.226041580455165e-17 1.180102146265555 2.848101265822785
v -0.1156702376737266 1.174419631876559 2.848101265822785
v -0.2302265077268711 1.157426814429516 2.848101265822785
v -0.3425655706559946 1.12928734404566 2.848101265822785
v -0.4516055398743116 1.090272219207387 2.848101265822785
v -0.5562963008709386 1.040757176894725 2.848101265822785
v -0.6556296243876866 0.9812190740328223 2.848101265822785
v -0.7486488762179717 0.9122312950990754 2.848101265822785
v -0.8344582301171725 0.8344582301171727 2.848101265822785
v -0.9122312950990753 0.7486488762179718 2.848101265822785
v -0.9812190740328223 0.6556296243876868 2.848101265822785
v -1.040757176894725 0.5562963008709388 2.848101265822785
v -1.090272219207387 0.4516055398743117 2.848101265822785
v -1.12928734404566 0.3425655706559949 2.848101265822785
v -1.157426814429516 0.2302265077268715 2.848101265822785
v -1.174419631876559 0.1156702376737268 2.848101265822785
v -1.180102146265555 1.445208316091033e-16 2.848101265822785
v -1.174419631876559 -0.1156702376737265 2.848101265822785
v -1.157426814429516 -0.2302265077268713 2.848101265822785
v -1.12928734404566 -0.3425655706559945 2.848101265822785
v -1.090272219207387 -0.4516055398743115 2.848101265822785
v -1.040757176894725 -0.5562963008709386 2.848101265822785
v -0.9812190740328224 -0.6556296243876866 2.848101265822785
v -0.9122312950990754 -0.7486488762179716 2.848101265822785
v -0.8344582301171728 -0.8344582301171725 2.848101265822785
v -0.7486488762179723 -0.9122312950990749 2.848101265822785
v -0.6556296243876868 -0.9812190740328222 2.848101265822785
v -0.556296300870939 -1.040757176894725 2.848101265822785
v -0.4516055398743123 -1.090272219207386 2.848101265822785
v -0.3425655706559949 -1.12928734404566 2.848101265822785
v -0.2302265077268716 -1.157426814429516 2.848101265822785
v -0.1156702376737263 -1.174419631876559 2.848101265822785
v -2.167812474136549e-16 -1.180102146265555 2.848101265822785
v 0.1156702376737259 -1.174419631876559 2.848101265822785
v 0.2302265077268712 -1.157426814429516 2.848101265822785
v 0.3425655706559945 -1.12928734404566 2.848101265822785
v 0.4516055398743119 -1.090272219207387 2.848101265822785
v 0.5562963008709385 -1.040757176894725 2.848101265822785
v 0.6556296243876863 -0.9812190740328224 2.848101265822785
v 0.748648876217972 -0.9122312950990752 2.848101265822785
v 0.8344582301171724 -0.8344582301171728 2.848101265822785
v 0.9122312950990749 -0.7486488762179724 2.848101265822785
v 0.9812190740328222 -0.6556296243876868 2.848101265822785
v 1.040757176894725 -0.556296300870939 2.848101265822785
v 1.090272219207386 -0.4516055398743123 2.848101265822785
v 1.12928734404566 -0.342565570655995 2.848101265822785
v 1.157426814429516 -0.2302265077268717 2.848101265822785
v 1.174419631876559 -0.1156702376737264 2.848101265822785
v 1.184605254228308 0 2.911392405063292
v 1.178901056143647 0.1161116194388309 2.911392405063292
v 1.161843396435452 0.2311050205093981 2.911392405063292
v 1.133596549691376 0.3438727538976048 2.911392405063292
v 1.094432548486864 0.4533288046858088 2.911392405063292
v 1.044728563562734 0.5584190512701559 2.911392405063292
v 0.9849632714647696 0.6581314171278664 2.911392405063292
v 0.9157122446269049 0.7515056176674068 2.911392405063292
v 0.837642408294051 0.8376424082940508 2.911392405063292
v 0.7515056176674068 0.9157122446269049 2.911392405063292
v 0.6581314171278665 0.9849632714647696 2.911392405063292
v 0.5584190512701561 1.044728563562734 2.911392405063292
v 0.4533288046858089 1.094432548486864 2.911392405063292
v 0.3438727538976048 1.133596549691376 2.911392405063292
v 0.2311050205093982 1.161843396435452 2.911392405063292
v 0.1161116194388311 1.178901056143647 2.911392405063292
v 7.253615164219172e-17 1.184605254228308 2.911392405063292
v -0.116111619438831 1.178901056143647 2.911392405063292
v -0.2311050205093981 1.161843396435452 2.911392405063292
v -0.3438727538976046 1.133596549691376 2.911392405063292
v -0.4533288046858087 1.094432548486864 2.911392405063292
v -0.5584190512701559 1.044728563562734 2.911392405063292
v -0.658131417127866 0.9849632714647697 2.911392405063292
v -0.7515056176674065 0.915712244626905 2.911392405063292
v -0.8376424082940508 0.837642408294051 2.911392405063292
v -0.9157122446269049 0.7515056176674068 2.911392405063292
v -0.9849632714647697 0.6581314171278664 2.911392405063292
v -1.044728563562734 0.5584190512701561 2.911392405063292
v -1.094432548486864 0.4533288046858089 2.911392405063292
v -1.133596549691376 0.3438727538976049 2.911392405063292
v -1.161843396435452 0.2311050205093986 2.911392405063292
v -1.178901056143647 0.1161116194388312 2.911392405063292
v -1.184605254228308 1.450723032843834e-16 2.911392405063292
v -1.178901056143647 -0.1161116194388309 2.911392405063292
v -1.161843396435452 -0.2311050205093983 2.911392405063292
v -1.133596549691376 -0.3438727538976045 2.911392405063292
v -1.094432548486864 -0.4533288046858087 2.911392405063292
v -1.044728563562734 -0.5584190512701559 2.911392405063292
v -0.9849632714647698 -0.658131417127866 2.911392405063292
v -0.915712244626905 -0.7515056176674064 2.911392405063292
v -0.8376424082940511 -0.8376424082940508 2.911392405063292
v -0.7515056176674071 -0.9157122446269045 2.911392405063292
v -0.6581314171278664 -0.9849632714647696 2.911392405063292
v -0.5584190512701562 -1.044728563562734 2.911392405063292
v -0.4533288046858095 -1.094432548486863 2.911392405063292
v -0.3438727538976049 -1.133596549691376 2.911392405063292
v -0.2311050205093986 -1.161843396435451 2.911392405063292
v -0.1161116194388307 -1.178901056143647 2.911392405063292
v -2.176084549265752e-16 -1.184605254228308 2.911392405063292
v 0.1161116194388303 -1.178901056143647 2.911392405063292
v 0.2311050205093982 -1.161843396435452 2.911392405063292
v 0.3438727538976045 -1.133596549691376 2.911392405063292
v 0.4533288046858091 -1.094432548486863 2.911392405063292
v 0.5584190512701558 -1.044728563562734 2.911392405063292
v 0.6581314171278659 -0.9849632714647698 2.911392405063292
v 0.7515056176674069 -0.9157122446269048 2.911392405063292
v 0.8376424082940507 -0.8376424082940511 2.911392405063292
v 0.9157122446269045 -0.7515056176674072 2.911392405063292
v 0.9849632714647696 -0.6581314171278664 2.911392405063292
v 1.044728563562734 -0.5584190512701562 2.911392405063292
v 1.094432548486863 -0.4533288046858095 2.911392405063292
v 1.133596549691376 -0.343872753897605 2.911392405063292
v 1.161843396435451 -0.2311050205093987 2.911392405063292
v 1.178901056143647 -0.1161116194388308 2.911392405063292
v 1.188833556057533 0 2.974683544303798
v 1.183108997543852 0.1165260654925817 2.974683544303798
v 1.165990452630657 0.2319299212748429 2.974683544303798
v 1.137642782263411 0.3451001651294356 2.974683544303798
v 1.098338990004164 0.454946905742892 2.974683544303798
v 1.04845759285801 0.5604122589547677 2.974683544303798
v 0.9884789759474129 0.6604805357604058 2.974683544303798
v 0.9189807661408682 0.7541880239512835 2.974683544303798
v 0.840632269190399 0.8406322691903989 2.974683544303798
v 0.7541880239512835 0.9189807661408682 2.974683544303798
v 0.6604805357604059 0.9884789759474129 2.974683544303798
v 0.5604122589547679 1.04845759285801 2.974683544303798
v 0.454946905742892 1.098338990004164 2.974683544303798
v 0.3451001651294356 1.137642782263411 2.974683544303798
v 0.231929921274843 1.165990452630657 2.974683544303798
v 0.1165260654925819 1.183108997543852 2.974683544303798
v 7.279506045724114e-17 1.188833556057533 2.974683544303798
v -0.1165260654925818 1.183108997543852 2.974683544303798
v -0.2319299212748429 1.165990452630657 2.974683544303798
v -0.3451001651294354 1.137642782263411 2.974683544303798
v -0.4549469057428919 1.098338990004164 2.974683544303798
v -0.5604122589547678 1.04845759285801 2.974683544303798
v -0.6604805357604054 0.9884789759474131 2.974683544303798
v -0.7541880239512834 0.9189807661408683 2.974683544303798
v -0.8406322691903989 0.840632269190399 2.974683544303798
v -0.9189807661408682 0.7541880239512835 2.974683544303798
v -0.9884789759474131 0.6604805357604058 2.974683544303798
v -1.04845759285801 0.5604122589547679 2.974683544303798
v -1.098338990004164 0.4549469057428921 2.974683544303798
v -1.137642782263411 0.3451001651294357 2.974683544303798
v -1.165990452630657 0.2319299212748433 2.974683544303798
v -1.183108997543852 0.116526065492582 2.974683544303798
v -1.188833556057533 1.455901209144823e-16 2.974683544303798
v -1.183108997543852 -0.1165260654925817 2.974683544303798
v -1.165990452630657 -0.231929921274843 2.974683544303798
v -1.137642782263411 -0.3451001651294354 2.974683544303798
v -1.098338990004164 -0.4549469057428919 2.974683544303798
v -1.04845759285801 -0.5604122589547677 2.974683544303798
v -0.9884789759474132 -0.6604805357604054 2.974683544303798
v -0.9189807661408683 -0.7541880239512833 2.974683544303798
v -0.8406322691903991 -0.8406322691903989 2.974683544303798
v -0.7541880239512839 -0.9189807661408678 2.974683544303798
v -0.6604805357604058 -0.9884789759474129 2.974683544303798
v -0.560412258954768 -1.04845759285801 2.974683544303798
v -0.4549469057428926 -1.098338990004164 2.974683544303798
v -0.3451001651294358 -1.137642782263411 2.974683544303798
v -0.2319299212748434 -1.165990452630657 2.974683544303798
v -0.1165260654925816 -1.183108997543852 2.974683544303798
v -2.183851813717234e-16 -1.188833556057533 2.974683544303798
v 0.1165260654925811 -1.183108997543852 2.974683544303798
v 0.231929921274843 -1.165990452630657 2.974683544303798
v 0.3451001651294353 -1.137642782263411 2.974683544303798
v 0.4549469057428923 -1.098338990004164 2.974683544303798
v 0.5604122589547677 -1.04845759285801 2.974683544303798
v 0.6604805357604053 -0.9884789759474132 2.974683544303798
v 0.7541880239512837 -0.918980766140868 2.974683544303798
v 0.8406322691903988 -0.8406322691903991 2.974683544303798
v 0.9189807661408678 -0.754188023951284 2.974683544303798
v 0.9884789759474129 -0.6604805357604058 2.974683544303798
v 1.04845759285801 -0.5604122589547681 2.974683544303798
v 1.098338990004164 -0.4549469057428927 2.974683544303798
v 1.137642782263411 -0.3451001651294358 2.974683544303798
v 1.165990452630657 -0.2319299212748435 2.974683544303798
v 1.183108997543852 -0.1165260654925816 2.974683544303798
v 1.192800333763691 0 3.037974683544304
v 1.187056674131124 0.1169148776996625 3.037974683544304
v 1.169881009815489 0.2327038012149038 3.037974683544304
v 1.141438751853317 0.3462516599156081 3.037974683544304
v 1.102003814736906 0.456464925850914 3.037974683544304
v 1.051955978468014 0.5622821850211649 3.037974683544304
v 0.9917772310688429 0.6626843593749532 3.037974683544304
v 0.922047126773895 0.7567045210878406 3.037974683544304
v 0.8434372046058833 0.8434372046058832 3.037974683544304
v 0.7567045210878406 0.922047126773895 3.037974683544304
v 0.6626843593749533 0.9917772310688429 3.037974683544304
v 0.5622821850211651 1.051955978468014 3.037974683544304
v 0.4564649258509141 1.102003814736906 3.037974683544304
v 0.3462516599156081 1.141438751853317 3.037974683544304
v 0.2327038012149039 1.169881009815489 3.037974683544304
v 0.1169148776996626 1.187056674131124 3.037974683544304
v 7.303795553827995e-17 1.192800333763691 3.037974683544304
v -0.1169148776996625 1.187056674131124 3.037974683544304
v -0.2327038012149037 1.169881009815489 3.037974683544304
v -0.3462516599156079 1.141438751853318 3.037974683544304
v -0.456464925850914 1.102003814736906 3.037974683544304
v -0.562282185021165 1.051955978468014 3.037974683544304
v -0.662684359374953 0.991777231068843 3.037974683544304
v -0.7567045210878404 0.9220471267738951 3.037974683544304
v -0.8434372046058832 0.8434372046058833 3.037974683544304
v -0.922047126773895 0.7567045210878406 3.037974683544304
v -0.991777231068843 0.6626843593749532 3.037974683544304
v -1.051955978468014 0.5622821850211651 3.037974683544304
v -1.102003814736906 0.4564649258509142 3.037974683544304
v -1.141438751853317 0.3462516599156081 3.037974683544304
v -1.169881009815489 0.2327038012149042 3.037974683544304
v -1.187056674131124 0.1169148776996627 3.037974683544304
v -1.192800333763691 1.460759110765599e-16 3.037974683544304
v -1.187056674131124 -0.1169148776996624 3.037974683544304
v -1.169881009815489 -0.2327038012149039 3.037974683544304
v -1.141438751853318 -0.3462516599156078 3.037974683544304
v -1.102003814736906 -0.4564649258509139 3.037974683544304
v -1.051955978468014 -0.5622821850211649 3.037974683544304
v -0.9917772310688432 -0.662684359374953 3.037974683544304
v -0.9220471267738951 -0.7567045210878403 3.037974683544304
v -0.8434372046058835 -0.8434372046058832 3.037974683544304
v -0.7567045210878409 -0.9220471267738946 3.037974683544304
v -0.6626843593749532 -0.9917772310688429 3.037974683544304
v -0.5622821850211652 -1.051955978468014 3.037974683544304
v -0.4564649258509147 -1.102003814736906 3.037974683544304
v -0.3462516599156082 -1.141438751853317 3.037974683544304
v -0.2327038012149043 -1.169881009815489 3.037974683544304
v -0.1169148776996623 -1.187056674131124 3.037974683544304
v -2.191138666148398e-16 -1.192800333763691 3.037974683544304
v 0.1169148776996618 -1.187056674131124 3.037974683544304
v 0.2327038012149038 -1.169881009815489 3.037974683544304
v 0.3462516599156077 -1.141438751853318 3.037974683544304
v 0.4564649258509143 -1.102003814736906 3.037974683544304
v 0.5622821850211648 -1.051955978468014 3.037974683544304
v 0.6626843593749527 -0.9917772310688432 3.037974683544304
v 0.7567045210878407 -0.9220471267738948 3.037974683544304
v 0.843437204605883 -0.8434372046058835 3.037974683544304
v 0.9220471267738946 -0.756704521087841 3.037974683544304
v 0.9917772310688429 -0.6626843593749532 3.037974683544304
v 1.051955978468014 -0.5622821850211653 3.037974683544304
v 1.102003814736906 -0.4564649258509147 3.037974683544304
v 1.141438751853317 -0.3462516599156082 3.037974683544304
v 1.169881009815489 -0.2327038012149043 3.037974683544304
v 1.187056674131124 -0.1169148776996623 3.037974683544304
v 1.196520522796956 0 3.10126582278481
v 1.190758949437363 0.1172795199901885 3.10126582278481
v 1.173529716459632 0.2334295740913643 3.10126582278481
v 1.144998750795797 0.3473315737884549 3.10126582278481
v 1.105440821241812 0.4578885805592108 3.10126582278481
v 1.055236892283846 0.5640358699918218 3.10126582278481
v 0.9948704552020238 0.664751185663041 3.10126582278481
v 0.924922871785094 0.7590645840263629 3.10126582278481
v 0.8460677754986007 0.8460677754986006 3.10126582278481
v 0.7590645840263629 0.924922871785094 3.10126582278481
v 0.6647511856630411 0.9948704552020238 3.10126582278481
v 0.564035869991822 1.055236892283846 3.10126582278481
v 0.4578885805592108 1.105440821241812 3.10126582278481
v 0.3473315737884549 1.144998750795797 3.10126582278481
v 0.2334295740913644 1.173529716459632 3.10126582278481
v 0.1172795199901887 1.190758949437363 3.10126582278481
v 7.326575141787049e-17 1.196520522796956 3.10126582278481
v -0.1172795199901885 1.190758949437363 3.10126582278481
v -0.2334295740913642 1.173529716459632 3.10126582278481
v -0.3473315737884547 1.144998750795797 3.10126582278481
v -0.4578885805592107 1.105440821241812 3.10126582278481
v -0.5640358699918219 1.055236892283846 3.10126582278481
v -0.6647511856630408 0.9948704552020239 3.10126582278481
v -0.7590645840263628 0.9249228717850941 3.10126582278481
v -0.8460677754986006 0.8460677754986007 3.10126582278481
v -0.924922871785094 0.7590645840263629 3.10126582278481
v -0.9948704552020239 0.664751185663041 3.10126582278481
v -1.055236892283846 0.564035869991822 3.10126582278481
v -1.105440821241812 0.4578885805592109 3.10126582278481
v -1.144998750795797 0.347331573788455 3.10126582278481
v -1.173529716459632 0.2334295740913647 3.10126582278481
v -1.190758949437363 0.1172795199901887 3.10126582278481
v -1.196520522796956 1.46531502835741e-16 3.10126582278481
v -1.190758949437363 -0.1172795199901884 3.10126582278481
v -1.173529716459632 -0.2334295740913644 3.10126582278481
v -1.144998750795797 -0.3473315737884546 3.10126582278481
v -1.105440821241812 -0.4578885805592106 3.10126582278481
v -1.055236892283846 -0.5640358699918218 3.10126582278481
v -0.994870455202024 -0.6647511856630408 3.10126582278481
v -0.9249228717850941 -0.7590645840263627 3.10126582278481
v -0.8460677754986008 -0.8460677754986006 3.10126582278481
v -0.7590645840263633 -0.9249228717850936 3.10126582278481
v -0.664751185663041 -0.9948704552020238 3.10126582278481
v -0.5640358699918221 -1.055236892283846 3.10126582278481
v -0.4578885805592114 -1.105440821241812 3.10126582278481
v -0.347331573788455 -1.144998750795797 3.10126582278481
v -0.2334295740913647 -1.173529716459632 3.10126582278481
v -0.1172795199901883 -1.190758949437363 3.10126582278481
v -2.197972542536115e-16 -1.196520522796956 3.10126582278481
v 0.1172795199901878 -1.190758949437363 3.10126582278481
v 0.2334295740913643 -1.173529716459632 3.10126582278481
v 0.3473315737884546 -1.144998750795797 3.10126582278481
v 0.4578885805592111 -1.105440821241812 3.10126582278481
v 0.5640358699918216 -1.055236892283846 3.10126582278481
v 0.6647511856630407 -0.994870455202024 3.10126582278481
v 0.7590645840263631 -0.9249228717850939 3.10126582278481
v 0.8460677754986003 -0.8460677754986008 3.10126582278481
v 0.9249228717850936 -0.7590645840263635 3.10126582278481
v 0.9948704552020238 -0.664751185663041 3.10126582278481
v 1.055236892283846 -0.5640358699918222 3.10126582278481
v 1.105440821241812 -0.4578885805592115 3.10126582278481
v 1.144998750795797 -0.3473315737884551 3.10126582278481
v 1.173529716459632 -0.2334295740913648 3.10126582278481
v 1.190758949437363 -0.1172795199901883 3.10126582278481
v 1.200010617620483 0 3.164556962025316
v 1.194232238500375 0.1176216091042696 3.164556962025316
v 1.17695275008976 0.2341104578143531 3.164556962025316
v 1.148338563307961 0.34834469483789 3.164556962025316
v 1.108665248415793 0.4592241820255579 3.164556962025316
v 1.058314881123307 0.5656810893028459 3.164556962025316
v 0.9977723629918412 0.6666901784574087 3.164556962025316
v 0.9276207515669079 0.7612786767435031 3.164556962025316
v 0.848535645215301 0.8485356452153009 3.164556962025316
v 0.7612786767435031 0.9276207515669079 3.164556962025316
v 0.6666901784574089 0.9977723629918412 3.164556962025316
v 0.5656810893028461 1.058314881123307 3.164556962025316
v 0.459224182025558 1.108665248415793 3.164556962025316
v 0.34834469483789 1.148338563307961 3.164556962025316
v 0.2341104578143532 1.17695275008976 3.164556962025316
v 0.1176216091042698 1.194232238500375 3.164556962025316
v 7.347945809058817e-17 1.200010617620483 3.164556962025316
v -0.1176216091042697 1.194232238500375 3.164556962025316
v -0.234110457814353 1.17695275008976 3.164556962025316
v -0.3483446948378898 1.148338563307961 3.164556962025316
v -0.4592241820255578 1.108665248415793 3.164556962025316
v -0.565681089302846 1.058314881123307 3.164556962025316
v -0.6666901784574084 0.9977723629918414 3.164556962025316
v -0.7612786767435029 0.927620751566908 3.164556962025316
v -0.8485356452153009 0.848535645215301 3.164556962025316
v -0.9276207515669079 0.7612786767435031 3.164556962025316
v -0.9977723629918414 0.6666901784574087 3.164556962025316
v -1.058314881123307 0.5656810893028462 3.164556962025316
v -1.108665248415793 0.459224182025558 3.164556962025316
v -1.148338563307961 0.3483446948378901 3.164556962025316
v -1.17695275008976 0.2341104578143535 3.164556962025316
v -1.194232238500375 0.1176216091042699 3.164556962025316
v -1.200010617620483 1.469589161811763e-16 3.164556962025316
v -1.194232238500375 -0.1176216091042696 3.164556962025316
v -1.17695275008976 -0.2341104578143532 3.164556962025316
v -1.148338563307961 -0.3483446948378898 3.164556962025316
v -1.108665248415793 -0.4592241820255578 3.164556962025316
v -1.058314881123307 -0.5656810893028459 3.164556962025316
v -0.9977723629918415 -0.6666901784574084 3.164556962025316
v -0.927620751566908 -0.7612786767435028 3.164556962025316
v -0.8485356452153011 -0.8485356452153009 3.164556962025316
v -0.7612786767435035 -0.9276207515669075 3.164556962025316
v -0.6666901784574087 -0.9977723629918412 3.164556962025316
v -0.5656810893028462 -1.058314881123307 3.164556962025316
v -0.4592241820255585 -1.108665248415792 3.164556962025316
v -0.3483446948378902 -1.148338563307961 3.164556962025316
v -0.2341104578143536 -1.176952750089759 3.164556962025316
v -0.1176216091042694 -1.194232238500375 3.164556962025316
v -2.204383742717645e-16 -1.200010617620483 3.164556962025316
v 0.117621609104269 -1.194232238500375 3.164556962025316
v 0.2341104578143531 -1.17695275008976 3.164556962025316
v 0.3483446948378897 -1.148338563307961 3.164556962025316
v 0.4592241820255581 -1.108665248415793 3.164556962025316
v 0.5656810893028459 -1.058314881123307 3.164556962025316
v 0.6666901784574083 -0.9977723629918415 3.164556962025316
v 0.7612786767435032 -0.9276207515669078 3.164556962025316
v 0.8485356452153008 -0.8485356452153011 3.164556962025316
v 0.9276207515669075 -0.7612786767435036 3.164556962025316
v 0.9977723629918412 -0.6666901784574087 3.164556962025316
v 1.058314881123307 -0.5656810893028463 3.164556962025316
v 1.108665248415792 -0.4592241820255586 3.164556962025316
v 1.148338563307961 -0.3483446948378903 3.164556962025316
v 1.176952750089759 -0.2341104578143536 3.164556962025316
v 1.194232238500375 -0.1176216091042695 3.164556962025316
v 1.203288567427109 0 3.227848101265823
v 1.197494404082726 0.1179429043704588 3.227848101265823
v 1.180167715009998 0.2347499540976803 3.227848101265823
v 1.151475365696426 0.3492962334395626 3.227848101265823
v 1.111693679150733 0.4604785991086777 3.227848101265823
v 1.061205774761236 0.5672263041451684 3.227848101265823
v 1.000497878646703 0.6685113097953019 3.227848101265823
v 0.9301546410330275 0.7633581860866515 3.227848101265823
v 0.8508535057519547 0.8508535057519546 3.227848101265823
v 0.7633581860866515 0.9301546410330275 3.227848101265823
v 0.6685113097953022 1.000497878646703 3.227848101265823
v 0.5672263041451686 1.061205774761236 3.227848101265823
v 0.4604785991086777 1.111693679150733 3.227848101265823
v 0.3492962334395626 1.151475365696426 3.227848101265823
v 0.2347499540976803 1.180167715009998 3.227848101265823
v 0.117942904370459 1.197494404082726 3.227848101265823
v 7.368017462751063e-17 1.203288567427109 3.227848101265823
v -0.1179429043704589 1.197494404082726 3.227848101265823
v -0.2347499540976802 1.180167715009998 3.227848101265823
v -0.3492962334395623 1.151475365696426 3.227848101265823
v -0.4604785991086776 1.111693679150733 3.227848101265823
v -0.5672263041451685 1.061205774761236 3.227848101265823
v -0.6685113097953017 1.000497878646703 3.227848101265823
v -0.7633581860866514 0.9301546410330276 3.227848101265823
v -0.8508535057519546 0.8508535057519547 3.227848101265823
v -0.9301546410330275 0.7633581860866515 3.227848101265823
v -1.000497878646703 0.6685113097953019 3.227848101265823
v -1.061205774761236 0.5672263041451687 3.227848101265823
v -1.111693679150733 0.4604785991086778 3.227848101265823
v -1.151475365696426 0.3492962334395626 3.227848101265823
v -1.180167715009998 0.2347499540976807 3.227848101265823
v -1.197494404082726 0.1179429043704591 3.227848101265823
v -1.203288567427109 1.473603492550213e-16 3.227848101265823
v -1.197494404082726 -0.1179429043704588 3.227848101265823
v -1.180167715009998 -0.2347499540976804 3.227848101265823
v -1.151475365696426 -0.3492962334395623 3.227848101265823
v -1.111693679150733 -0.4604785991086776 3.227848101265823
v -1.061205774761236 -0.5672263041451684 3.227848101265823
v -1.000497878646703 -0.6685113097953017 3.227848101265823
v -0.9301546410330276 -0.7633581860866513 3.227848101265823
v -0.8508535057519548 -0.8508535057519546 3.227848101265823
v -0.763358186086652 -0.9301546410330271 3.227848101265823
v -0.6685113097953019 -1.000497878646703 3.227848101265823
v -0.5672263041451687 -1.061205774761236 3.227848101265823
v -0.4604785991086783 -1.111693679150733 3.227848101265823
v -0.3492962334395627 -1.151475365696426 3.227848101265823
v -0.2347499540976808 -1.180167715009998 3.227848101265823
v -0.1179429043704587 -1.197494404082726 3.227848101265823
v -2.210405238825319e-16 -1.203288567427109 3.227848101265823
v 0.1179429043704582 -1.197494404082726 3.227848101265823
v 0.2347499540976803 -1.180167715009998 3.227848101265823
v 0.3492962334395622 -1.151475365696426 3.227848101265823
v 0.4604785991086779 -1.111693679150733 3.227848101265823
v 0.5672263041451684 -1.061205774761236 3.227848101265823
v 0.6685113097953016 -1.000497878646703 3.227848101265823
v 0.7633581860866517 -0.9301546410330274 3.227848101265823
v 0.8508535057519545 -0.8508535057519548 3.227848101265823
v 0.9301546410330271 -0.7633581860866521 3.227848101265823
v 1.000497878646703 -0.6685113097953019 3.227848101265823
v 1.061205774761236 -0.5672263041451688 3.227848101265823
v 1.111693679150733 -0.4604785991086784 3.227848101265823
v 1.151475365696426 -0.3492962334395627 3.227848101265823
v 1.180167715009998 -0.2347499540976808 3.227848101265823
v 1.197494404082726 -0.1179429043704587 3.227848101265823
v 1.206373662658766 0 3.291139240506329
v 1.200564643737601 0.1182452965827103 3.291139240506329
v 1.18319353100185 0.2353518263198748 3.291139240506329
v 1.154427617763174 0.3501917893131836 3.291139240506329
v 1.11454393549111 0.4616592139411016 3.291139240506329
v 1.063926585848575 0.5686806079701693 3.291139240506329
v 1.003063041582886 0.6702252968720417 3.291139240506329
v 0.9325394518967184 0.7653153497826205 3.291139240506329
v 0.8530349975108662 0.853034997510866 3.291139240506329
v 0.7653153497826205 0.9325394518967184 3.291139240506329
v 0.6702252968720418 1.003063041582886 3.291139240506329
v 0.5686806079701695 1.063926585848575 3.291139240506329
v 0.4616592139411017 1.11454393549111 3.291139240506329
v 0.3501917893131836 1.154427617763174 3.291139240506329
v 0.2353518263198749 1.18319353100185 3.291139240506329
v 0.1182452965827105 1.200564643737601 3.291139240506329
v 7.386908222753634e-17 1.206373662658766 3.291139240506329
v -0.1182452965827103 1.200564643737601 3.291139240506329
v -0.2353518263198747 1.18319353100185 3.291139240506329
v -0.3501917893131833 1.154427617763174 3.291139240506329
v -0.4616592139411015 1.11454393549111 3.291139240506329
v -0.5686806079701694 1.063926585848575 3.291139240506329
v -0.6702252968720415 1.003063041582886 3.291139240506329
v -0.7653153497826204 0.9325394518967185 3.291139240506329
v -0.853034997510866 0.8530349975108662 3.291139240506329
v -0.9325394518967184 0.7653153497826205 3.291139240506329
v -1.003063041582886 0.6702252968720417 3.291139240506329
v -1.063926585848575 0.5686806079701695 3.291139240506329
v -1.11454393549111 0.4616592139411017 3.291139240506329
v -1.154427617763174 0.3501917893131836 3.291139240506329
v -1.18319353100185 0.2353518263198752 3.291139240506329
v -1.200564643737601 0.1182452965827106 3.291139240506329
v -1.206373662658766 1.477381644550727e-16 3.291139240506329
v -1.200564643737601 -0.1182452965827103 3.291139240506329
v -1.18319353100185 -0.2353518263198749 3.291139240506329
v -1.154427617763174 -0.3501917893131833 3.291139240506329
v -1.11454393549111 -0.4616592139411015 3.291139240506329
v -1.063926585848575 -0.5686806079701693 3.291139240506329
v -1.003063041582886 -0.6702252968720415 3.291139240506329
v -0.9325394518967185 -0.7653153497826202 3.291139240506329
v -0.8530349975108663 -0.853034997510866 3.291139240506329
v -0.7653153497826208 -0.9325394518967181 3.291139240506329
v -0.6702252968720417 -1.003063041582886 3.291139240506329
v -0.5686806079701696 -1.063926585848575 3.291139240506329
v -0.4616592139411023 -1.114543935491109 3.291139240506329
v -0.3501917893131837 -1.154427617763174 3.291139240506329
v -0.2353518263198753 -1.18319353100185 3.291139240506329
v -0.1182452965827101 -1.200564643737601 3.291139240506329
v -2.21607246682609e-16 -1.206373662658766 3.291139240506329
v 0.1182452965827097 -1.200564643737601 3.291139240506329
v 0.2353518263198748 -1.18319353100185 3.291139240506329
v 0.3501917893131832 -1.154427617763174 3.291139240506329
v 0.4616592139411019 -1.11454393549111 3.291139240506329
v 0.5686806079701692 -1.063926585848575 3.291139240506329
v 0.6702252968720412 -1.003063041582886 3.291139240506329
v 0.7653153497826206 -0.9325394518967183 3.291139240506329
v 0.8530349975108659 -0.8530349975108663 3.291139240506329
v 0.9325394518967181 -0.7653153497826211 3.291139240506329
v 1.003063041582886 -0.6702252968720417 3.291139240506329
v 1.063926585848575 -0.5686806079701697 3.291139240506329
v 1.114543935491109 -0.4616592139411023 3.291139240506329
v 1.154427617763174 -0.3501917893131838 3.291139240506329
v 1.18319353100185 -0.2353518263198753 3.291139240506329
v 1.200564643737601 -0.1182452965827102 3.291139240506329
v 1.209286413046109 0 3.354430379746836
v 1.203463368435693 0.1185307960461714 3.354430379746836
v 1.186050313707245 0.2359200757308941 3.354430379746836
v 1.157214946096742 0.3510373161192962 3.354430379746836
v 1.11723496595729 0.4627738752569527 3.354430379746836
v 1.066495402352912 0.5700536689979513 3.354430379746836
v 1.005484905018184 0.6718435342834657 3.354430379746836
v 0.9347910383941707 0.7671631790667958 3.354430379746836
v 0.85509462306166 0.8550946230616598 3.354430379746836
v 0.7671631790667958 0.9347910383941707 3.354430379746836
v 0.6718435342834658 1.005484905018184 3.354430379746836
v 0.5700536689979515 1.066495402352911 3.354430379746836
v 0.4627738752569527 1.11723496595729 3.354430379746836
v 0.3510373161192962 1.157214946096742 3.354430379746836
v 0.2359200757308942 1.186050313707245 3.354430379746836
v 0.1185307960461716 1.203463368435693 3.354430379746836
v 7.404743674946507e-17 1.209286413046109 3.354430379746836
v -0.1185307960461715 1.203463368435693 3.354430379746836
v -0.235920075730894 1.186050313707245 3.354430379746836
v -0.351037316119296 1.157214946096742 3.354430379746836
v -0.4627738752569526 1.11723496595729 3.354430379746836
v -0.5700536689979514 1.066495402352912 3.354430379746836
v -0.6718435342834653 1.005484905018184 3.354430379746836
v -0.7671631790667957 0.9347910383941709 3.354430379746836
v -0.8550946230616598 0.85509462306166 3.354430379746836
v -0.9347910383941707 0.7671631790667958 3.354430379746836
v -1.005484905018184 0.6718435342834657 3.354430379746836
v -1.066495402352911 0.5700536689979516 3.354430379746836
v -1.11723496595729 0.4627738752569528 3.354430379746836
v -1.157214946096742 0.3510373161192962 3.354430379746836
v -1.186050313707245 0.2359200757308945 3.354430379746836
v -1.203463368435693 0.1185307960461717 3.354430379746836
v -1.209286413046109 1.480948734989301e-16 3.354430379746836
v -1.203463368435693 -0.1185307960461714 3.354430379746836
v -1.186050313707245 -0.2359200757308942 3.354430379746836
v -1.157214946096742 -0.3510373161192959 3.354430379746836
v -1.11723496595729 -0.4627738752569525 3.354430379746836
v -1.066495402352912 -0.5700536689979513 3.354430379746836
v -1.005484905018184 -0.6718435342834653 3.354430379746836
v -0.9347910383941709 -0.7671631790667955 3.354430379746836
v -0.8550946230616601 -0.8550946230616598 3.354430379746836
v -0.7671631790667962 -0.9347910383941703 3.354430379746836
v -0.6718435342834657 -1.005484905018184 3.354430379746836
v -0.5700536689979516 -1.066495402352911 3.354430379746836
v -0.4627738752569533 -1.11723496595729 3.354430379746836
v -0.3510373161192963 -1.157214946096742 3.354430379746836
v -0.2359200757308946 -1.186050313707245 3.354430379746836
v -0.1185307960461713 -1.203463368435693 3.354430379746836
v -2.221423102483952e-16 -1.209286413046109 3.354430379746836
v 0.1185307960461708 -1.203463368435693 3.354430379746836
v 0.2359200757308941 -1.186050313707245 3.354430379746836
v 0.3510373161192958 -1.157214946096742 3.354430379746836
v 0.4627738752569529 -1.11723496595729 3.354430379746836
v 0.5700536689979513 -1.066495402352912 3.354430379746836
v 0.6718435342834652 -1.005484905018184 3.354430379746836
v 0.7671631790667959 -0.9347910383941705 3.354430379746836
v 0.8550946230616597 -0.8550946230616601 3.354430379746836
v 0.9347910383941703 -0.7671631790667963 3.354430379746836
v 1.005484905018184 -0.6718435342834657 3.354430379746836
v 1.066495402352911 -0.5700536689979517 3.354430379746836
v 1.11723496595729 -0.4627738752569534 3.354430379746836
v 1.157214946096742 -0.3510373161192963 3.354430379746836
v 1.186050313707245 -0.2359200757308946 3.354430379746836
v 1.203463368435693 -0.1185307960461713 3.354430379746836
v 1.212048417939384 0 3.417721518987342
v 1.206212073520475 0.1188015198673865 3.417721518987342
v 1.188759247450971 0.2364589161549332 3.417721518987342
v 1.159858019986607 0.3518390838183157 3.417721518987342
v 1.119786725746883 0.4638308487697203 3.417721518987342
v 1.068931273200525 0.5713556690917386 3.417721518987342
v 1.007781428155973 0.6733780219856237 3.417721518987342
v 0.9369260970489114 0.7689153764219165 3.417721518987342
v 0.8570476554513652 0.8570476554513651 3.417721518987342
v 0.7689153764219165 0.9369260970489114 3.417721518987342
v 0.6733780219856239 1.007781428155973 3.417721518987342
v 0.5713556690917388 1.068931273200525 3.417721518987342
v 0.4638308487697204 1.119786725746883 3.417721518987342
v 0.3518390838183157 1.159858019986607 3.417721518987342
v 0.2364589161549333 1.188759247450971 3.417721518987342
v 0.1188015198673867 1.206212073520474 3.417721518987342
v 7.421656077205401e-17 1.212048417939384 3.417721518987342
v -0.1188015198673866 1.206212073520475 3.417721518987342
v -0.2364589161549331 1.188759247450971 3.417721518987342
v -0.3518390838183156 1.159858019986607 3.417721518987342
v -0.4638308487697202 1.119786725746883 3.417721518987342
v -0.5713556690917386 1.068931273200525 3.417721518987342
v -0.6733780219856235 1.007781428155973 3.417721518987342
v -0.7689153764219164 0.9369260970489115 3.417721518987342
v -0.8570476554513651 0.8570476554513652 3.417721518987342
v -0.9369260970489114 0.7689153764219165 3.417721518987342
v -1.007781428155973 0.6733780219856237 3.417721518987342
v -1.068931273200525 0.5713556690917388 3.417721518987342
v -1.119786725746883 0.4638308487697205 3.417721518987342
v -1.159858019986607 0.3518390838183158 3.417721518987342
v -1.188759247450971 0.2364589161549337 3.417721518987342
v -1.206212073520474 0.1188015198673868 3.417721518987342
v -1.212048417939384 1.48433121544108e-16 3.417721518987342
v -1.206212073520475 -0.1188015198673865 3.417721518987342
v -1.188759247450971 -0.2364589161549334 3.417721518987342
v -1.159858019986607 -0.3518390838183155 3.417721518987342
v -1.119786725746883 -0.4638308487697202 3.417721518987342
v -1.068931273200525 -0.5713556690917386 3.417721518987342
v -1.007781428155973 -0.6733780219856235 3.417721518987342
v -0.9369260970489115 -0.7689153764219163 3.417721518987342
v -0.8570476554513653 -0.8570476554513651 3.417721518987342
v -0.768915376421917 -0.9369260970489109 3.417721518987342
v -0.6733780219856237 -1.007781428155973 3.417721518987342
v -0.571355669091739 -1.068931273200525 3.417721518987342
v -0.463830848769721 -1.119786725746883 3.417721518987342
v -0.3518390838183159 -1.159858019986607 3.417721518987342
v -0.2364589161549337 -1.188759247450971 3.417721518987342
v -0.1188015198673863 -1.206212073520475 3.417721518987342
v -2.22649682316162e-16 -1.212048417939384 3.417721518987342
v 0.1188015198673859 -1.206212073520475 3.417721518987342
v 0.2364589161549333 -1.188759247450971 3.417721518987342
v 0.3518390838183154 -1.159858019986607 3.417721518987342
v 0.4638308487697206 -1.119786725746883 3.417721518987342
v 0.5713556690917385 -1.068931273200525 3.417721518987342
v 0.6733780219856234 -1.007781428155973 3.417721518987342
v 0.7689153764219168 -0.9369260970489112 3.417721518987342
v 0.8570476554513649 -0.8570476554513653 3.417721518987342
v 0.9369260970489109 -0.7689153764219171 3.417721518987342
v 1.007781428155973 -0.6733780219856237 3.417721518987342
v 1.068931273200525 -0.571355669091739 3.417721518987342
v 1.119786725746883 -0.4638308487697211 3.417721518987342
v 1.159858019986607 -0.351839083818316 3.417721518987342
v 1.188759247450971 -0.2364589161549338 3.417721518987342
v 1.206212073520475 -0.1188015198673864 3.417721518987342
v 1.214682229750388 0 3.481012658227848
v 1.208833202807715 0.1190596785692674 3.481012658227848
v 1.191342451306556 0.2369727473492719 3.481012658227848
v 1.162378420745284 0.3526036390298221 3.481012658227848
v 1.122220050571556 0.4648387649137591 3.481012658227848
v 1.071254087842941 0.5725972393848597 3.481012658227848
v 1.009971362641346 0.674841289427193 3.481012658227848
v 0.9389620611110078 0.7705862489465685 3.481012658227848
v 0.8589100416432954 0.8589100416432952 3.481012658227848
v 0.7705862489465685 0.9389620611110078 3.481012658227848
v 0.6748412894271932 1.009971362641346 3.481012658227848
v 0.5725972393848598 1.071254087842941 3.481012658227848
v 0.4648387649137591 1.122220050571556 3.481012658227848
v 0.3526036390298221 1.162378420745284 3.481012658227848
v 0.236972747349272 1.191342451306556 3.481012658227848
v 0.1190596785692676 1.208833202807714 3.481012658227848
v 7.437783523224914e-17 1.214682229750388 3.481012658227848
v -0.1190596785692674 1.208833202807715 3.481012658227848
v -0.2369727473492718 1.191342451306556 3.481012658227848
v -0.3526036390298219 1.162378420745285 3.481012658227848
v -0.464838764913759 1.122220050571556 3.481012658227848
v -0.5725972393848597 1.071254087842941 3.481012658227848
v -0.6748412894271928 1.009971362641346 3.481012658227848
v -0.7705862489465684 0.9389620611110079 3.481012658227848
v -0.8589100416432952 0.8589100416432954 3.481012658227848
v -0.9389620611110078 0.7705862489465685 3.481012658227848
v -1.009971362641346 0.674841289427193 3.481012658227848
v -1.071254087842941 0.57259723938486 3.481012658227848
v -1.122220050571556 0.4648387649137592 3.481012658227848
v -1.162378420745284 0.3526036390298221 3.481012658227848
v -1.191342451306556 0.2369727473492723 3.481012658227848
v -1.208833202807714 0.1190596785692676 3.481012658227848
v -1.214682229750388 1.487556704644983e-16 3.481012658227848
v -1.208833202807715 -0.1190596785692673 3.481012658227848
v -1.191342451306556 -0.236972747349272 3.481012658227848
v -1.162378420745285 -0.3526036390298218 3.481012658227848
v -1.122220050571556 -0.464838764913759 3.481012658227848
v -1.071254087842941 -0.5725972393848597 3.481012658227848
v -1.009971362641347 -0.6748412894271928 3.481012658227848
v -0.9389620611110079 -0.7705862489465682 3.481012658227848
v -0.8589100416432955 -0.8589100416432952 3.481012658227848
v -0.7705862489465689 -0.9389620611110073 3.481012658227848
v -0.674841289427193 -1.009971362641346 3.481012658227848
v -0.5725972393848601 -1.071254087842941 3.481012658227848
v -0.4648387649137597 -1.122220050571556 3.481012658227848
v -0.3526036390298222 -1.162378420745284 3.481012658227848
v -0.2369727473492724 -1.191342451306555 3.481012658227848
v -0.1190596785692672 -1.208833202807715 3.481012658227848
v -2.231335056967474e-16 -1.214682229750388 3.481012658227848
v 0.1190596785692667 -1.208833202807715 3.481012658227848
v 0.236972747349272 -1.191342451306556 3.481012658227848
v 0.3526036390298217 -1.162378420745285 3.481012658227848
v 0.4648387649137594 -1.122220050571556 3.481012658227848
v 0.5725972393848596 -1.071254087842941 3.481012658227848
v 0.6748412894271927 -1.009971362641347 3.481012658227848
v 0.7705862489465686 -0.9389620611110077 3.481012658227848
v 0.8589100416432951 -0.8589100416432955 3.481012658227848
v 0.9389620611110073 -0.770586248946569 3.481012658227848
v 1.009971362641346 -0.674841289427193 3.481012658227848
v 1.071254087842941 -0.5725972393848601 3.481012658227848
v 1.122220050571556 -0.4648387649137598 3.481012658227848
v 1.162378420745284 -0.3526036390298223 3.481012658227848
v 1.191342451306555 -0.2369727473492725 3.481012658227848
v 1.208833202807715 -0.1190596785692672 3.481012658227848
v 1.217211211368859 0 3.544303797468355
v 1.211350006688452 0.1193075621154559 3.544303797468355
v 1.193822839252362 0.2374661271875923 3.544303797468355
v 1.164798505264325 0.3533377636427224 3.544303797468355
v 1.124556524926959 0.4658065642799038 3.544303797468355
v 1.073484450509417 0.5737893930672999 3.544303797468355
v 1.012074134007177 0.6762463163342693 3.544303797468355
v 0.9409169903384481 0.7721906179010998 3.544303797468355
v 0.8606983016952123 0.8606983016952122 3.544303797468355
v 0.7721906179010998 0.9409169903384481 3.544303797468355
v 0.6762463163342695 1.012074134007177 3.544303797468355
v 0.5737893930673 1.073484450509417 3.544303797468355
v 0.4658065642799039 1.124556524926959 3.544303797468355
v 0.3533377636427224 1.164798505264325 3.544303797468355
v 0.2374661271875924 1.193822839252362 3.544303797468355
v 0.1193075621154561 1.211350006688452 3.544303797468355
v 7.453269069445729e-17 1.217211211368859 3.544303797468355
v -0.119307562115456 1.211350006688452 3.544303797468355
v -0.2374661271875922 1.193822839252362 3.544303797468355
v -0.3533377636427222 1.164798505264325 3.544303797468355
v -0.4658065642799037 1.124556524926959 3.544303797468355
v -0.5737893930672999 1.073484450509417 3.544303797468355
v -0.676246316334269 1.012074134007177 3.544303797468355
v -0.7721906179010997 0.9409169903384482 3.544303797468355
v -0.8606983016952122 0.8606983016952123 3.544303797468355
v -0.9409169903384481 0.7721906179010998 3.544303797468355
v -1.012074134007177 0.6762463163342693 3.544303797468355
v -1.073484450509417 0.5737893930673001 3.544303797468355
v -1.124556524926959 0.4658065642799039 3.544303797468355
v -1.164798505264325 0.3533377636427225 3.544303797468355
v -1.193822839252362 0.2374661271875927 3.544303797468355
v -1.211350006688452 0.1193075621154562 3.544303797468355
v -1.217211211368859 1.490653813889146e-16 3.544303797468355
v -1.211350006688452 -0.1193075621154559 3.544303797468355
v -1.193822839252362 -0.2374661271875924 3.544303797468355
v -1.164798505264325 -0.3533377636427221 3.544303797468355
v -1.124556524926959 -0.4658065642799037 3.544303797468355
v -1.073484450509417 -0.5737893930672999 3.544303797468355
v -1.012074134007177 -0.676246316334269 3.544303797468355
v -0.9409169903384482 -0.7721906179010996 3.544303797468355
v -0.8606983016952126 -0.8606983016952122 3.544303797468355
v -0.7721906179011002 -0.9409169903384477 3.544303797468355
v -0.6762463163342693 -1.012074134007177 3.544303797468355
v -0.5737893930673003 -1.073484450509417 3.544303797468355
v -0.4658065642799045 -1.124556524926958 3.544303797468355
v -0.3533377636427225 -1.164798505264325 3.544303797468355
v -0.2374661271875928 -1.193822839252362 3.544303797468355
v -0.1193075621154557 -1.211350006688452 3.544303797468355
v -2.235980720833719e-16 -1.217211211368859 3.544303797468355
v 0.1193075621154553 -1.211350006688452 3.544303797468355
v 0.2374661271875923 -1.193822839252362 3.544303797468355
v 0.3533377636427221 -1.164798505264325 3.544303797468355
v 0.4658065642799041 -1.124556524926958 3.544303797468355
v 0.5737893930672998 -1.073484450509417 3.544303797468355
v 0.6762463163342689 -1.012074134007177 3.544303797468355
v 0.7721906179010999 -0.9409169903384479 3.544303797468355
v 0.8606983016952121 -0.8606983016952126 3.544303797468355
v 0.9409169903384477 -0.7721906179011003 3.544303797468355
v 1.012074134007177 -0.6762463163342693 3.544303797468355
v 1.073484450509417 -0.5737893930673003 3.544303797468355
v 1.124556524926958 -0.4658065642799045 3.544303797468355
v 1.164798505264325 -0.3533377636427226 3.544303797468355
v 1.193822839252362 -0.2374661271875929 3.544303797468355
v 1.211350006688452 -0.1193075621154558 3.544303797468355
v 1.219659388454764 0 3.607594936708861
v 1.213786395132533 0.1195475254324366 3.607594936708861
v 1.196223975302038 0.2379437428436339 3.607594936708861
v 1.167141264666842 0.3540484319379659 3.607594936708861
v 1.126818345628589 0.4667434410901752 3.607594936708861
v 1.075643549940366 0.5749434557567674 3.607594936708861
v 1.014109718859642 0.6776064506483584 3.607594936708861
v 0.9428094568175353 0.7737437250028408 3.607594936708861
v 0.8624294243142009 0.8624294243142008 3.607594936708861
v 0.7737437250028408 0.9428094568175353 3.607594936708861
v 0.6776064506483586 1.014109718859642 3.607594936708861
v 0.5749434557567676 1.075643549940366 3.607594936708861
v 0.4667434410901753 1.126818345628589 3.607594936708861
v 0.3540484319379659 1.167141264666842 3.607594936708861
v 0.237943742843634 1.196223975302038 3.607594936708861
v 0.1195475254324368 1.213786395132533 3.607594936708861
v 7.468259830605722e-17 1.219659388454764 3.607594936708861
v -0.1195475254324367 1.213786395132533 3.607594936708861
v -0.2379437428436338 1.196223975302038 3.607594936708861
v -0.3540484319379657 1.167141264666842 3.607594936708861
v -0.4667434410901752 1.126818345628589 3.607594936708861
v -0.5749434557567674 1.075643549940366 3.607594936708861
v -0.6776064506483582 1.014109718859642 3.607594936708861
v -0.7737437250028407 0.9428094568175355 3.607594936708861
v -0.8624294243142008 0.8624294243142009 3.607594936708861
v -0.9428094568175353 0.7737437250028408 3.607594936708861
v -1.014109718859642 0.6776064506483584 3.607594936708861
v -1.075643549940366 0.5749434557567676 3.607594936708861
v -1.126818345628589 0.4667434410901754 3.607594936708861
v -1.167141264666842 0.354048431937966 3.607594936708861
v -1.196223975302038 0.2379437428436343 3.607594936708861
v -1.213786395132533 0.1195475254324369 3.607594936708861
v -1.219659388454764 1.493651966121144e-16 3.607594936708861
v -1.213786395132533 -0.1195475254324366 3.607594936708861
v -1.196223975302038 -0.237943742843634 3.607594936708861
v -1.167141264666842 -0.3540484319379656 3.607594936708861
v -1.126818345628589 -0.4667434410901751 3.607594936708861
v -1.075643549940366 -0.5749434557567674 3.607594936708861
v -1.014109718859642 -0.6776064506483582 3.607594936708861
v -0.9428094568175355 -0.7737437250028406 3.607594936708861
v -0.862429424314201 -0.8624294243142008 3.607594936708861
v -0.7737437250028413 -0.9428094568175349 3.607594936708861
v -0.6776064506483584 -1.014109718859642 3.607594936708861
v -0.5749434557567678 -1.075643549940366 3.607594936708861
v -0.466743441090176 -1.126818345628589 3.607594936708861
v -0.3540484319379661 -1.167141264666842 3.607594936708861
v -0.2379437428436344 -1.196223975302038 3.607594936708861
v -0.1195475254324364 -1.213786395132533 3.607594936708861
v -2.240477949181717e-16 -1.219659388454764 3.607594936708861
v 0.119547525432436 -1.213786395132533 3.607594936708861
v 0.2379437428436339 -1.196223975302038 3.607594936708861
v 0.3540484319379656 -1.167141264666842 3.607594936708861
v 0.4667434410901755 -1.126818345628589 3.607594936708861
v 0.5749434557567673 -1.075643549940366 3.607594936708861
v 0.677606450648358 -1.014109718859642 3.607594936708861
v 0.7737437250028411 -0.9428094568175351 3.607594936708861
v 0.8624294243142007 -0.862429424314201 3.607594936708861
v 0.9428094568175349 -0.7737437250028414 3.607594936708861
v 1.014109718859642 -0.6776064506483584 3.607594936708861
v 1.075643549940366 -0.5749434557567678 3.607594936708861
v 1.126818345628589 -0.466743441090176 3.607594936708861
v 1.167141264666842 -0.3540484319379661 3.607594936708861
v 1.196223975302038 -0.2379437428436345 3.607594936708861
v 1.213786395132533 -0.1195475254324365 3.607594936708861
v 1.22205129754034 0 3.670886075949367
v 1.216166786522087 0.1197819735209331 3.670886075949367
v 1.198569924525234 0.2384103811573722 3.670886075949367
v 1.169430178950234 0.3547427664948944 3.670886075949367
v 1.129028181476381 0.4676587850689488 3.670886075949367
v 1.077753025425324 0.5760709938944925 3.670886075949367
v 1.016098518579689 0.6789353241363937 3.670886075949367
v 0.9446584275441789 0.7752611360630604 3.670886075949367
v 0.8641207594485936 0.8641207594485933 3.670886075949367
v 0.7752611360630604 0.9446584275441789 3.670886075949367
v 0.6789353241363939 1.016098518579689 3.670886075949367
v 0.5760709938944927 1.077753025425324 3.670886075949367
v 0.4676587850689489 1.129028181476381 3.670886075949367
v 0.3547427664948944 1.169430178950234 3.670886075949367
v 0.2384103811573723 1.198569924525234 3.670886075949367
v 0.1197819735209333 1.216166786522086 3.670886075949367
v 7.482906049633233e-17 1.22205129754034 3.670886075949367
v -0.1197819735209331 1.216166786522087 3.670886075949367
v -0.2384103811573721 1.198569924525234 3.670886075949367
v -0.3547427664948942 1.169430178950234 3.670886075949367
v -0.4676587850689487 1.129028181476381 3.670886075949367
v -0.5760709938944926 1.077753025425324 3.670886075949367
v -0.6789353241363935 1.016098518579689 3.670886075949367
v -0.7752611360630602 0.9446584275441792 3.670886075949367
v -0.8641207594485933 0.8641207594485936 3.670886075949367
v -0.9446584275441789 0.7752611360630604 3.670886075949367
v -1.016098518579689 0.6789353241363937 3.670886075949367
v -1.077753025425324 0.5760709938944927 3.670886075949367
v -1.129028181476381 0.4676587850689489 3.670886075949367
v -1.169430178950234 0.3547427664948945 3.670886075949367
v -1.198569924525234 0.2384103811573727 3.670886075949367
v -1.216166786522086 0.1197819735209334 3.670886075949367
v -1.22205129754034 1.496581209926647e-16 3.670886075949367
v -1.216166786522087 -0.1197819735209331 3.670886075949367
v -1.198569924525234 -0.2384103811573724 3.670886075949367
v -1.169430178950234 -0.3547427664948942 3.670886075949367
v -1.129028181476381 -0.4676587850689486 3.670886075949367
v -1.077753025425324 -0.5760709938944925 3.670886075949367
v -1.016098518579689 -0.6789353241363935 3.670886075949367
v -0.9446584275441792 -0.7752611360630601 3.670886075949367
v -0.8641207594485937 -0.8641207594485933 3.670886075949367
v -0.7752611360630608 -0.9446584275441786 3.670886075949367
v -0.6789353241363937 -1.016098518579689 3.670886075949367
v -0.5760709938944928 -1.077753025425324 3.670886075949367
v -0.4676587850689495 -1.12902818147638 3.670886075949367
v -0.3547427664948946 -1.169430178950234 3.670886075949367
v -0.2384103811573727 -1.198569924525233 3.670886075949367
v -0.1197819735209329 -1.216166786522087 3.670886075949367
v -2.24487181488997e-16 -1.22205129754034 3.670886075949367
v 0.1197819735209325 -1.216166786522087 3.670886075949367
v 0.2384103811573723 -1.198569924525234 3.670886075949367
v 0.3547427664948941 -1.169430178950234 3.670886075949367
v 0.4676587850689491 -1.12902818147638 3.670886075949367
v 0.5760709938944923 -1.077753025425324 3.670886075949367
v 0.6789353241363933 -1.016098518579689 3.670886075949367
v 0.7752611360630606 -0.9446584275441788 3.670886075949367
v 0.8641207594485932 -0.8641207594485937 3.670886075949367
v 0.9446584275441786 -0.7752611360630609 3.670886075949367
v 1.016098518579689 -0.6789353241363937 3.670886075949367
v 1.077753025425324 -0.5760709938944929 3.670886075949367
v 1.12902818147638 -0.4676587850689495 3.670886075949367
v 1.169430178950234 -0.3547427664948946 3.670886075949367
v 1.198569924525233 -0.2384103811573728 3.670886075949367
v 1.216166786522087 -0.119781973520933 3.670886075949367
v 1.224411830902241 0 3.734177215189874
v 1.218515953270651 0.1200133462507192 3.734177215189874
v 1.200885100900487 0.2388708983710754 3.734177215189874
v 1.171689068538079 0.3554279931600023 3.734177215189874
v 1.131209029935251 0.4685621220780934 3.734177215189874
v 1.079834829992389 0.5771837416184616 3.734177215189874
v 1.018061230338936 0.6802467662063157 3.734177215189874
v 0.9464831445084402 0.7767586425748948 3.734177215189874
v 0.865789908596011 0.8657899085960108 3.734177215189874
v 0.7767586425748948 0.9464831445084402 3.734177215189874
v 0.6802467662063159 1.018061230338936 3.734177215189874
v 0.5771837416184618 1.079834829992389 3.734177215189874
v 0.4685621220780936 1.131209029935251 3.734177215189874
v 0.3554279931600023 1.171689068538079 3.734177215189874
v 0.2388708983710754 1.200885100900487 3.734177215189874
v 0.1200133462507194 1.218515953270651 3.734177215189874
v 7.497360147762899e-17 1.224411830902241 3.734177215189874
v -0.1200133462507192 1.218515953270651 3.734177215189874
v -0.2388708983710753 1.200885100900487 3.734177215189874
v -0.3554279931600021 1.171689068538079 3.734177215189874
v -0.4685621220780934 1.131209029935251 3.734177215189874
v -0.5771837416184616 1.079834829992389 3.734177215189874
v -0.6802467662063154 1.018061230338936 3.734177215189874
v -0.7767586425748947 0.9464831445084403 3.734177215189874
v -0.8657899085960108 0.865789908596011 3.734177215189874
v -0.9464831445084402 0.7767586425748948 3.734177215189874
v -1.018061230338936 0.6802467662063157 3.734177215189874
v -1.079834829992389 0.5771837416184619 3.734177215189874
v -1.131209029935251 0.4685621220780936 3.734177215189874
v -1.171689068538079 0.3554279931600024 3.734177215189874
v -1.200885100900487 0.2388708983710758 3.734177215189874
v -1.218515953270651 0.1200133462507195 3.734177215189874
v -1.224411830902241 1.49947202955258e-16 3.734177215189874
v -1.218515953270651 -0.1200133462507192 3.734177215189874
v -1.200885100900487 -0.2388708983710755 3.734177215189874
v -1.171689068538079 -0.3554279931600021 3.734177215189874
v -1.131209029935251 -0.4685621220780933 3.734177215189874
v -1.079834829992389 -0.5771837416184616 3.734177215189874
v -1.018061230338936 -0.6802467662063154 3.734177215189874
v -0.9464831445084403 -0.7767586425748945 3.734177215189874
v -0.8657899085960111 -0.8657899085960108 3.734177215189874
v -0.7767586425748951 -0.9464831445084397 3.734177215189874
v -0.6802467662063157 -1.018061230338936 3.734177215189874
v -0.577183741618462 -1.079834829992389 3.734177215189874
v -0.4685621220780942 -1.131209029935251 3.734177215189874
v -0.3554279931600025 -1.171689068538079 3.734177215189874
v -0.2388708983710759 -1.200885100900487 3.734177215189874
v -0.120013346250719 -1.218515953270651 3.734177215189874
v -2.249208044328869e-16 -1.224411830902241 3.734177215189874
v 0.1200133462507186 -1.218515953270651 3.734177215189874
v 0.2388708983710754 -1.200885100900487 3.734177215189874
v 0.355427993160002 -1.171689068538079 3.734177215189874
v 0.4685621220780937 -1.131209029935251 3.734177215189874
v 0.5771837416184615 -1.079834829992389 3.734177215189874
v 0.6802467662063153 -1.018061230338936 3.734177215189874
v 0.7767586425748949 -0.94648314450844 3.734177215189874
v 0.8657899085960107 -0.8657899085960111 3.734177215189874
v 0.9464831445084397 -0.7767586425748954 3.734177215189874
v 1.018061230338936 -0.6802467662063157 3.734177215189874
v 1.079834829992388 -0.577183741618462 3.734177215189874
v 1.131209029935251 -0.4685621220780942 3.734177215189874
v 1.171689068538079 -0.3554279931600025 3.734177215189874
v 1.200885100900487 -0.2388708983710759 3.734177215189874
v 1.218515953270651 -0.1200133462507191 3.734177215189874
v 1.226766079184547 0 3.79746835443038
v 1.220858865203996 0.1202441029349766 3.79746835443038
v 1.203194112962187 0.2393301894265764 3.79746835443038
v 1.173941943679746 0.3561113953628084 3.79746835443038
v 1.133384071737723 0.469463053891406 3.79746835443038
v 1.08191109161411 0.5782935265764189 3.79746835443038
v 1.020018716245489 0.6815547164731025 3.79746835443038
v 0.948303003040474 0.7782521618744435 3.79746835443038
v 0.8674546135210264 0.8674546135210262 3.79746835443038
v 0.7782521618744435 0.948303003040474 3.79746835443038
v 0.6815547164731026 1.020018716245489 3.79746835443038
v 0.5782935265764191 1.08191109161411 3.79746835443038
v 0.469463053891406 1.133384071737723 3.79746835443038
v 0.3561113953628084 1.173941943679746 3.79746835443038
v 0.2393301894265764 1.203194112962187 3.79746835443038
v 0.1202441029349768 1.220858865203996 3.79746835443038
v 7.511775760879519e-17 1.226766079184547 3.79746835443038
v -0.1202441029349766 1.220858865203996 3.79746835443038
v -0.2393301894265763 1.203194112962187 3.79746835443038
v -0.3561113953628082 1.173941943679746 3.79746835443038
v -0.4694630538914059 1.133384071737723 3.79746835443038
v -0.578293526576419 1.08191109161411 3.79746835443038
v -0.6815547164731022 1.020018716245489 3.79746835443038
v -0.7782521618744433 0.9483030030404741 3.79746835443038
v -0.8674546135210262 0.8674546135210264 3.79746835443038
v -0.948303003040474 0.7782521618744435 3.79746835443038
v -1.020018716245489 0.6815547164731025 3.79746835443038
v -1.08191109161411 0.5782935265764191 3.79746835443038
v -1.133384071737723 0.4694630538914061 3.79746835443038
v -1.173941943679746 0.3561113953628084 3.79746835443038
v -1.203194112962187 0.2393301894265768 3.79746835443038
v -1.220858865203996 0.1202441029349769 3.79746835443038
v -1.226766079184547 1.502355152175904e-16 3.79746835443038
v -1.220858865203996 -0.1202441029349766 3.79746835443038
v -1.203194112962187 -0.2393301894265765 3.79746835443038
v -1.173941943679746 -0.3561113953628081 3.79746835443038
v -1.133384071737723 -0.4694630538914058 3.79746835443038
v -1.08191109161411 -0.5782935265764189 3.79746835443038
v -1.020018716245489 -0.6815547164731022 3.79746835443038
v -0.9483030030404741 -0.7782521618744432 3.79746835443038
v -0.8674546135210265 -0.8674546135210262 3.79746835443038
v -0.7782521618744439 -0.9483030030404735 3.79746835443038
v -0.6815547164731025 -1.020018716245489 3.79746835443038
v -0.5782935265764192 -1.08191109161411 3.79746835443038
v -0.4694630538914066 -1.133384071737723 3.79746835443038
v -0.3561113953628085 -1.173941943679746 3.79746835443038
v -0.2393301894265769 -1.203194112962187 3.79746835443038
v -0.1202441029349764 -1.220858865203996 3.79746835443038
v -2.253532728263856e-16 -1.226766079184547 3.79746835443038
v 0.120244102934976 -1.220858865203996 3.79746835443038
v 0.2393301894265764 -1.203194112962187 3.79746835443038
v 0.3561113953628081 -1.173941943679746 3.79746835443038
v 0.4694630538914062 -1.133384071737723 3.79746835443038
v 0.5782935265764187 -1.08191109161411 3.79746835443038
v 0.6815547164731021 -1.020018716245489 3.79746835443038
v 0.7782521618744437 -0.9483030030404738 3.79746835443038
v 0.867454613521026 -0.8674546135210265 3.79746835443038
v 0.9483030030404735 -0.778252161874444 3.79746835443038
v 1.020018716245489 -0.6815547164731025 3.79746835443038
v 1.08191109161411 -0.5782935265764193 3.79746835443038
v 1.133384071737723 -0.4694630538914067 3.79746835443038
v 1.173941943679746 -0.3561113953628086 3.79746835443038
v 1.203194112962187 -0.2393301894265769 3.79746835443038
v 1.220858865203996 -0.1202441029349765 3.79746835443038
v 1.229139172767635 0 3.860759493670886
v 1.223220531692849 0.1204767067817253 3.860759493670886
v 1.2055216082175 0.2397931570178755 3.860759493670886
v 1.17621285264987 0.3568002680676698 3.860759493670886
v 1.135576524327873 0.4703711974891058 3.860759493670886
v 1.084003973307324 0.5794121951476694 3.860759493670886
v 1.021991871446977 0.6828731366280362 3.860759493670886
v 0.9501374291870093 0.7797576365062466 3.860759493670886
v 0.8691326440860184 0.8691326440860182 3.860759493670886
v 0.7797576365062466 0.9501374291870093 3.860759493670886
v 0.6828731366280363 1.021991871446977 3.860759493670886
v 0.5794121951476696 1.084003973307324 3.860759493670886
v 0.4703711974891058 1.135576524327873 3.860759493670886
v 0.3568002680676698 1.17621285264987 3.860759493670886
v 0.2397931570178756 1.2055216082175 3.860759493670886
v 0.1204767067817255 1.223220531692849 3.860759493670886
v 7.52630676818255e-17 1.229139172767635 3.860759493670886
v -0.1204767067817254 1.223220531692849 3.860759493670886
v -0.2397931570178754 1.2055216082175 3.860759493670886
v -0.3568002680676696 1.176212852649871 3.860759493670886
v -0.4703711974891057 1.135576524327873 3.860759493670886
v -0.5794121951476695 1.084003973307324 3.860759493670886
v -0.6828731366280359 1.021991871446977 3.860759493670886
v -0.7797576365062464 0.9501374291870094 3.860759493670886
v -0.8691326440860182 0.8691326440860184 3.860759493670886
v -0.9501374291870093 0.7797576365062466 3.860759493670886
v -1.021991871446977 0.6828731366280362 3.860759493670886
v -1.084003973307324 0.5794121951476697 3.860759493670886
v -1.135576524327873 0.4703711974891059 3.860759493670886
v -1.17621285264987 0.3568002680676699 3.860759493670886
v -1.2055216082175 0.2397931570178759 3.860759493670886
v -1.223220531692849 0.1204767067817256 3.860759493670886
v -1.229139172767635 1.50526135363651e-16 3.860759493670886
v -1.223220531692849 -0.1204767067817253 3.860759493670886
v -1.2055216082175 -0.2397931570178756 3.860759493670886
v -1.176212852649871 -0.3568002680676696 3.860759493670886
v -1.135576524327873 -0.4703711974891056 3.860759493670886
v -1.084003973307324 -0.5794121951476694 3.860759493670886
v -1.021991871446977 -0.6828731366280359 3.860759493670886
v -0.9501374291870094 -0.7797576365062463 3.860759493670886
v -0.8691326440860185 -0.8691326440860182 3.860759493670886
v -0.779757636506247 -0.9501374291870088 3.860759493670886
v -0.6828731366280362 -1.021991871446977 3.860759493670886
v -0.5794121951476697 -1.084003973307324 3.860759493670886
v -0.4703711974891064 -1.135576524327872 3.860759493670886
v -0.35680026806767 -1.17621285264987 3.860759493670886
v -0.239793157017876 -1.2055216082175 3.860759493670886
v -0.1204767067817252 -1.223220531692849 3.860759493670886
v -2.257892030454765e-16 -1.229139172767635 3.860759493670886
v 0.1204767067817247 -1.223220531692849 3.860759493670886
v 0.2397931570178755 -1.2055216082175 3.860759493670886
v 0.3568002680676695 -1.176212852649871 3.860759493670886
v 0.4703711974891061 -1.135576524327872 3.860759493670886
v 0.5794121951476694 -1.084003973307324 3.860759493670886
v 0.6828731366280358 -1.021991871446977 3.860759493670886
v 0.7797576365062467 -0.9501374291870092 3.860759493670886
v 0.8691326440860181 -0.8691326440860185 3.860759493670886
v 0.9501374291870088 -0.7797576365062472 3.860759493670886
v 1.021991871446977 -0.6828731366280362 3.860759493670886
v 1.084003973307324 -0.5794121951476698 3.860759493670886
v 1.135576524327872 -0.4703711974891065 3.860759493670886
v 1.17621285264987 -0.35680026806767 3.860759493670886
v 1.2055216082175 -0.239793157017876 3.860759493670886
v 1.223220531692849 -0.1204767067817252 3.860759493670886
v 1.231556122885823 0 3.924050632911393
v 1.225625843535599 0.1207136093206293 3.924050632911393
v 1.207892117316888 0.2402646805947297 3.924050632911393
v 1.178525729707417 0.3575018716526682 3.924050632911393
v 1.137809495073167 0.4712961242561892 3.924050632911393
v 1.086135533011424 0.5805515375464545 3.924050632911393
v 1.024001492024701 0.6842159221683947 3.924050632911393
v 0.952005756893625 0.7812909334293836 3.924050632911393
v 0.8708416859043788 0.8708416859043787 3.924050632911393
v 0.7812909334293836 0.952005756893625 3.924050632911393
v 0.6842159221683949 1.024001492024701 3.924050632911393
v 0.5805515375464547 1.086135533011423 3.924050632911393
v 0.4712961242561893 1.137809495073167 3.924050632911393
v 0.3575018716526682 1.178525729707417 3.924050632911393
v 0.2402646805947298 1.207892117316888 3.924050632911393
v 0.1207136093206295 1.225625843535599 3.924050632911393
v 7.54110631931224e-17 1.231556122885823 3.924050632911393
v -0.1207136093206294 1.225625843535599 3.924050632911393
v -0.2402646805947296 1.207892117316888 3.924050632911393
v -0.357501871652668 1.178525729707417 3.924050632911393
v -0.4712961242561891 1.137809495073167 3.924050632911393
v -0.5805515375464546 1.086135533011424 3.924050632911393
v -0.6842159221683944 1.024001492024701 3.924050632911393
v -0.7812909334293835 0.9520057568936251 3.924050632911393
v -0.8708416859043787 0.8708416859043788 3.924050632911393
v -0.952005756893625 0.7812909334293836 3.924050632911393
v -1.024001492024701 0.6842159221683947 3.924050632911393
v -1.086135533011423 0.5805515375464547 3.924050632911393
v -1.137809495073167 0.4712961242561893 3.924050632911393
v -1.178525729707417 0.3575018716526683 3.924050632911393
v -1.207892117316888 0.2402646805947301 3.924050632911393
v -1.225625843535599 0.1207136093206296 3.924050632911393
v -1.231556122885823 1.508221263862448e-16 3.924050632911393
v -1.225625843535599 -0.1207136093206293 3.924050632911393
v -1.207892117316888 -0.2402646805947298 3.924050632911393
v -1.178525729707417 -0.3575018716526679 3.924050632911393
v -1.137809495073167 -0.4712961242561891 3.924050632911393
v -1.086135533011424 -0.5805515375464545 3.924050632911393
v -1.024001492024702 -0.6842159221683944 3.924050632911393
v -0.9520057568936251 -0.7812909334293834 3.924050632911393
v -0.8708416859043789 -0.8708416859043787 3.924050632911393
v -0.781290933429384 -0.9520057568936245 3.924050632911393
v -0.6842159221683947 -1.024001492024701 3.924050632911393
v -0.5805515375464548 -1.086135533011423 3.924050632911393
v -0.4712961242561899 -1.137809495073167 3.924050632911393
v -0.3575018716526683 -1.178525729707417 3.924050632911393
v -0.2402646805947302 -1.207892117316888 3.924050632911393
v -0.1207136093206291 -1.225625843535599 3.924050632911393
v -2.262331895793672e-16 -1.231556122885823 3.924050632911393
v 0.1207136093206287 -1.225625843535599 3.924050632911393
v 0.2402646805947298 -1.207892117316888 3.924050632911393
v 0.3575018716526678 -1.178525729707417 3.924050632911393
v 0.4712961242561894 -1.137809495073167 3.924050632911393
v 0.5805515375464544 -1.086135533011424 3.924050632911393
v 0.6842159221683943 -1.024001492024702 3.924050632911393
v 0.7812909334293838 -0.9520057568936249 3.924050632911393
v 0.8708416859043785 -0.8708416859043789 3.924050632911393
v 0.9520057568936245 -0.7812909334293842 3.924050632911393
v 1.024001492024701 -0.6842159221683947 3.924050632911393
v 1.086135533011423 -0.5805515375464549 3.924050632911393
v 1.137809495073167 -0.4712961242561899 3.924050632911393
v 1.178525729707417 -0.3575018716526684 3.924050632911393
v 1.207892117316888 -0.2402646805947303 3.924050632911393
v 1.225625843535599 -0.1207136093206292 3.924050632911393
v 1.234041663498294 0 3.987341772151899
v 1.228099415590653 0.1209572349036367 3.987341772151899
v 1.210329898963443 0.2407495855132007 3.987341772151899
v 1.180904243775591 0.358223386007162 3.987341772151899
v 1.140105835172254 0.4722472994690522 3.987341772151899
v 1.088327584130963 0.5817232132804215 3.987341772151899
v 1.026068143514114 0.6855968145456446 3.987341772151899
v 0.9539271057693223 0.7828677437014508 3.987341772151899
v 0.8725992285263712 0.8725992285263711 3.987341772151899
v 0.7828677437014508 0.9539271057693223 3.987341772151899
v 0.6855968145456447 1.026068143514114 3.987341772151899
v 0.5817232132804218 1.088327584130963 3.987341772151899
v 0.4722472994690523 1.140105835172254 3.987341772151899
v 0.358223386007162 1.180904243775591 3.987341772151899
v 0.2407495855132008 1.210329898963443 3.987341772151899
v 0.1209572349036369 1.228099415590653 3.987341772151899
v 7.556325866088303e-17 1.234041663498294 3.987341772151899
v -0.1209572349036367 1.228099415590653 3.987341772151899
v -0.2407495855132006 1.210329898963443 3.987341772151899
v -0.3582233860071618 1.180904243775591 3.987341772151899
v -0.4722472994690521 1.140105835172254 3.987341772151899
v -0.5817232132804216 1.088327584130963 3.987341772151899
v -0.6855968145456444 1.026068143514115 3.987341772151899
v -0.7828677437014507 0.9539271057693224 3.987341772151899
v -0.8725992285263711 0.8725992285263712 3.987341772151899
v -0.9539271057693223 0.7828677437014508 3.987341772151899
v -1.026068143514115 0.6855968145456446 3.987341772151899
v -1.088327584130963 0.5817232132804219 3.987341772151899
v -1.140105835172254 0.4722472994690524 3.987341772151899
v -1.180904243775591 0.3582233860071621 3.987341772151899
v -1.210329898963443 0.2407495855132012 3.987341772151899
v -1.228099415590653 0.1209572349036369 3.987341772151899
v -1.234041663498294 1.511265173217661e-16 3.987341772151899
v -1.228099415590653 -0.1209572349036366 3.987341772151899
v -1.210329898963443 -0.2407495855132009 3.987341772151899
v -1.180904243775591 -0.3582233860071617 3.987341772151899
v -1.140105835172254 -0.4722472994690521 3.987341772151899
v -1.088327584130963 -0.5817232132804215 3.987341772151899
v -1.026068143514115 -0.6855968145456444 3.987341772151899
v -0.9539271057693224 -0.7828677437014506 3.987341772151899
v -0.8725992285263714 -0.8725992285263711 3.987341772151899
v -0.7828677437014513 -0.9539271057693218 3.987341772151899
v -0.6855968145456446 -1.026068143514114 3.987341772151899
v -0.5817232132804219 -1.088327584130963 3.987341772151899
v -0.4722472994690529 -1.140105835172254 3.987341772151899
v -0.3582233860071621 -1.180904243775591 3.987341772151899
v -0.2407495855132012 -1.210329898963443 3.987341772151899
v -0.1209572349036365 -1.228099415590653 3.987341772151899
v -2.266897759826491e-16 -1.234041663498294 3.987341772151899
v 0.120957234903636 -1.228099415590653 3.987341772151899
v 0.2407495855132008 -1.210329898963443 3.987341772151899
v 0.3582233860071617 -1.180904243775591 3.987341772151899
v 0.4722472994690525 -1.140105835172254 3.987341772151899
v 0.5817232132804214 -1.088327584130963 3.987341772151899
v 0.6855968145456441 -1.026068143514115 3.987341772151899
v 0.7828677437014511 -0.953927105769322 3.987341772151899
v 0.872599228526371 -0.8725992285263714 3.987341772151899
v 0.9539271057693218 -0.7828677437014514 3.987341772151899
v 1.026068143514114 -0.6855968145456446 3.987341772151899
v 1.088327584130962 -0.581723213280422 3.987341772151899
v 1.140105835172254 -0.472247299469053 3.987341772151899
v 1.180904243775591 -0.3582233860071622 3.987341772151899
v 1.210329898963443 -0.2407495855132013 3.987341772151899
v 1.228099415590653 -0.1209572349036366 3.987341772151899
v 1.23662009491304 0 4.050632911392405
v 1.23066543115338 0.121209965377446 4.050632911392405
v 1.212858786541555 0.2412526125282001 4.050632911392405
v 1.18337164879928 0.3589718651382144 4.050632911392405
v 1.142487995182323 0.4732340224529653 4.050632911392405
v 1.090601557624291 0.5829386774354626 4.050632911392405
v 1.028212030882882 0.6870293142875603 4.050632911392405
v 0.9559202602062 0.7845034832746425 4.050632911392405
v 0.8744224548645627 0.8744224548645626 4.050632911392405
v 0.7845034832746425 0.9559202602062 4.050632911392405
v 0.6870293142875604 1.028212030882882 4.050632911392405
v 0.5829386774354628 1.090601557624291 4.050632911392405
v 0.4732340224529654 1.142487995182323 4.050632911392405
v 0.3589718651382144 1.18337164879928 4.050632911392405
v 0.2412526125282002 1.212858786541555 4.050632911392405
v 0.1212099653774462 1.23066543115338 4.050632911392405
v 7.572114204982753e-17 1.23662009491304 4.050632911392405
v -0.1212099653774461 1.23066543115338 4.050632911392405
v -0.2412526125282 1.212858786541555 4.050632911392405
v -0.3589718651382142 1.183371648799281 4.050632911392405
v -0.4732340224529653 1.142487995182323 4.050632911392405
v -0.5829386774354627 1.090601557624291 4.050632911392405
v -0.68702931428756 1.028212030882882 4.050632911392405
v -0.7845034832746424 0.9559202602062001 4.050632911392405
v -0.8744224548645626 0.8744224548645627 4.050632911392405
v -0.9559202602062 0.7845034832746425 4.050632911392405
v -1.028212030882882 0.6870293142875603 4.050632911392405
v -1.090601557624291 0.5829386774354629 4.050632911392405
v -1.142487995182323 0.4732340224529654 4.050632911392405
v -1.18337164879928 0.3589718651382145 4.050632911392405
v -1.212858786541555 0.2412526125282005 4.050632911392405
v -1.23066543115338 0.1212099653774463 4.050632911392405
v -1.23662009491304 1.514422840996551e-16 4.050632911392405
v -1.23066543115338 -0.121209965377446 4.050632911392405
v -1.212858786541555 -0.2412526125282002 4.050632911392405
v -1.183371648799281 -0.3589718651382142 4.050632911392405
v -1.142487995182323 -0.4732340224529651 4.050632911392405
v -1.090601557624291 -0.5829386774354626 4.050632911392405
v -1.028212030882882 -0.68702931428756 4.050632911392405
v -0.9559202602062001 -0.7845034832746423 4.050632911392405
v -0.8744224548645629 -0.8744224548645626 4.050632911392405
v -0.7845034832746429 -0.9559202602061996 4.050632911392405
v -0.6870293142875603 -1.028212030882882 4.050632911392405
v -0.5829386774354629 -1.090601557624291 4.050632911392405
v -0.473234022452966 -1.142487995182322 4.050632911392405
v -0.3589718651382146 -1.18337164879928 4.050632911392405
v -0.2412526125282006 -1.212858786541555 4.050632911392405
v -0.1212099653774458 -1.23066543115338 4.050632911392405
v -2.271634261494826e-16 -1.23662009491304 4.050632911392405
v 0.1212099653774454 -1.23066543115338 4.050632911392405
v 0.2412526125282002 -1.212858786541555 4.050632911392405
v 0.3589718651382141 -1.183371648799281 4.050632911392405
v 0.4732340224529656 -1.142487995182322 4.050632911392405
v 0.5829386774354626 -1.090601557624291 4.050632911392405
v 0.6870293142875599 -1.028212030882882 4.050632911392405
v 0.7845034832746427 -0.9559202602061999 4.050632911392405
v 0.8744224548645625 -0.8744224548645629 4.050632911392405
v 0.9559202602061996 -0.784503483274643 4.050632911392405
v 1.028212030882882 -0.6870293142875603 4.050632911392405
v 1.090601557624291 -0.582938677435463 4.050632911392405
v 1.142487995182322 -0.4732340224529661 4.050632911392405
v 1.18337164879928 -0.3589718651382147 4.050632911392405
v 1.212858786541555 -0.2412526125282007 4.050632911392405
v 1.23066543115338 -0.1212099653774459 4.050632911392405
v 1.239315130152496 0 4.113924050632912
v 1.233347489061529 0.1214741250247048 4.113924050632912
v 1.215502037434582 0.2417783878209103 4.113924050632912
v 1.185950636726135 0.3597541925728892 4.113924050632912
v 1.144977883079452 0.474265367788745 4.113924050632912
v 1.092978366510135 0.584209108252973 4.113924050632912
v 1.030452870788574 0.6885265956435406 4.113924050632912
v 0.9580035506184801 0.7862131955311374 4.113924050632912
v 0.8763281325579184 0.8763281325579183 4.113924050632912
v 0.7862131955311374 0.9580035506184801 4.113924050632912
v 0.6885265956435407 1.030452870788574 4.113924050632912
v 0.5842091082529732 1.092978366510135 4.113924050632912
v 0.4742653677887451 1.144977883079452 4.113924050632912
v 0.3597541925728892 1.185950636726135 4.113924050632912
v 0.2417783878209104 1.215502037434582 4.113924050632912
v 0.121474125024705 1.233347489061529 4.113924050632912
v 7.588616536380696e-17 1.239315130152496 4.113924050632912
v -0.1214741250247049 1.233347489061529 4.113924050632912
v -0.2417783878209102 1.215502037434582 4.113924050632912
v -0.359754192572889 1.185950636726135 4.113924050632912
v -0.474265367788745 1.144977883079452 4.113924050632912
v -0.584209108252973 1.092978366510135 4.113924050632912
v -0.6885265956435404 1.030452870788574 4.113924050632912
v -0.7862131955311373 0.9580035506184802 4.113924050632912
v -0.8763281325579183 0.8763281325579184 4.113924050632912
v -0.9580035506184801 0.7862131955311374 4.113924050632912
v -1.030452870788574 0.6885265956435406 4.113924050632912
v -1.092978366510135 0.5842091082529732 4.113924050632912
v -1.144977883079452 0.4742653677887451 4.113924050632912
v -1.185950636726135 0.3597541925728892 4.113924050632912
v -1.215502037434582 0.2417783878209107 4.113924050632912
v -1.233347489061529 0.1214741250247051 4.113924050632912
v -1.239315130152496 1.517723307276139e-16 4.113924050632912
v -1.233347489061529 -0.1214741250247048 4.113924050632912
v -1.215502037434582 -0.2417783878209104 4.113924050632912
v -1.185950636726135 -0.3597541925728889 4.113924050632912
v -1.144977883079452 -0.4742653677887448 4.113924050632912
v -1.092978366510135 -0.584209108252973 4.113924050632912
v -1.030452870788574 -0.6885265956435404 4.113924050632912
v -0.9580035506184802 -0.7862131955311372 4.113924050632912
v -0.8763281325579185 -0.8763281325579183 4.113924050632912
v -0.7862131955311379 -0.9580035506184796 4.113924050632912
v -0.6885265956435406 -1.030452870788574 4.113924050632912
v -0.5842091082529733 -1.092978366510135 4.113924050632912
v -0.4742653677887457 -1.144977883079452 4.113924050632912
v -0.3597541925728893 -1.185950636726135 4.113924050632912
v -0.2417783878209108 -1.215502037434581 4.113924050632912
v -0.1214741250247046 -1.233347489061529 4.113924050632912
v -2.276584960914209e-16 -1.239315130152496 4.113924050632912
v 0.1214741250247042 -1.233347489061529 4.113924050632912
v 0.2417783878209103 -1.215502037434582 4.113924050632912
v 0.3597541925728888 -1.185950636726135 4.113924050632912
v 0.4742653677887453 -1.144977883079452 4.113924050632912
v 0.5842091082529729 -1.092978366510135 4.113924050632912
v 0.6885265956435401 -1.030452870788574 4.113924050632912
v 0.7862131955311376 -0.9580035506184799 4.113924050632912
v 0.8763281325579182 -0.8763281325579185 4.113924050632912
v 0.9580035506184796 -0.786213195531138 4.113924050632912
v 1.030452870788574 -0.6885265956435406 4.113924050632912
v 1.092978366510135 -0.5842091082529735 4.113924050632912
v 1.144977883079452 -0.4742653677887457 4.113924050632912
v 1.185950636726135 -0.3597541925728894 4.113924050632912
v 1.215502037434581 -0.2417783878209109 4.113924050632912
v 1.233347489061529 -0.1214741250247047 4.113924050632912
v 1.242149745032171 0 4.177215189873418
v 1.23616845449578 0.1217519658691462 4.177215189873418
v 1.218282185984179 0.2423313937505778 4.177215189873418
v 1.188663194040763 0.3605770378383764 4.177215189873418
v 1.147596725749336 0.4753501279403323 4.177215189873418
v 1.095478273648759 0.5855453364574102 4.177215189873418
v 1.032809766923604 0.6901014232927626 4.177215189873418
v 0.9601947375517265 0.7880114561739937 4.177215189873418
v 0.8783325079613891 0.878332507961389 4.177215189873418
v 0.7880114561739937 0.9601947375517265 4.177215189873418
v 0.6901014232927627 1.032809766923604 4.177215189873418
v 0.5855453364574105 1.095478273648759 4.177215189873418
v 0.4753501279403323 1.147596725749336 4.177215189873418
v 0.3605770378383764 1.188663194040763 4.177215189873418
v 0.2423313937505779 1.218282185984179 4.177215189873418
v 0.1217519658691464 1.23616845449578 4.177215189873418
v 7.605973546576745e-17 1.242149745032171 4.177215189873418
v -0.1217519658691463 1.23616845449578 4.177215189873418
v -0.2423313937505777 1.218282185984179 4.177215189873418
v -0.3605770378383762 1.188663194040763 4.177215189873418
v -0.4753501279403322 1.147596725749336 4.177215189873418
v -0.5855453364574104 1.095478273648759 4.177215189873418
v -0.6901014232927623 1.032809766923605 4.177215189873418
v -0.7880114561739936 0.9601947375517267 4.177215189873418
v -0.878332507961389 0.8783325079613891 4.177215189873418
v -0.9601947375517265 0.7880114561739937 4.177215189873418
v -1.032809766923605 0.6901014232927626 4.177215189873418
v -1.095478273648759 0.5855453364574106 4.177215189873418
v -1.147596725749336 0.4753501279403324 4.177215189873418
v -1.188663194040763 0.3605770378383765 4.177215189873418
v -1.218282185984179 0.2423313937505782 4.177215189873418
v -1.23616845449578 0.1217519658691465 4.177215189873418
v -1.242149745032171 1.521194709315349e-16 4.177215189873418
v -1.23616845449578 -0.1217519658691462 4.177215189873418
v -1.218282185984179 -0.2423313937505779 4.177215189873418
v -1.188663194040763 -0.3605770378383761 4.177215189873418
v -1.147596725749336 -0.4753501279403321 4.177215189873418
v -1.095478273648759 -0.5855453364574102 4.177215189873418
v -1.032809766923605 -0.6901014232927623 4.177215189873418
v -0.9601947375517267 -0.7880114561739935 4.177215189873418
v -0.8783325079613892 -0.878332507961389 4.177215189873418
v -0.7880114561739942 -0.9601947375517261 4.177215189873418
v -0.6901014232927626 -1.032809766923604 4.177215189873418
v -0.5855453364574106 -1.095478273648759 4.177215189873418
v -0.4753501279403329 -1.147596725749336 4.177215189873418
v -0.3605770378383765 -1.188663194040763 4.177215189873418
v -0.2423313937505783 -1.218282185984179 4.177215189873418
v -0.121751965869146 -1.23616845449578 4.177215189873418
v -2.281792063973023e-16 -1.242149745032171 4.177215189873418
v 0.1217519658691456 -1.23616845449578 4.177215189873418
v 0.2423313937505779 -1.218282185984179 4.177215189873418
v 0.360577037838376 -1.188663194040763 4.177215189873418
v 0.4753501279403325 -1.147596725749336 4.177215189873418
v 0.5855453364574102 -1.095478273648759 4.177215189873418
v 0.6901014232927621 -1.032809766923605 4.177215189873418
v 0.7880114561739938 -0.9601947375517264 4.177215189873418
v 0.8783325079613887 -0.8783325079613892 4.177215189873418
v 0.9601947375517261 -0.7880114561739943 4.177215189873418
v 1.032809766923604 -0.6901014232927626 4.177215189873418
v 1.095478273648759 -0.5855453364574107 4.177215189873418
v 1.147596725749336 -0.475350127940333 4.177215189873418
v 1.188663194040763 -0.3605770378383766 4.177215189873418
v 1.218282185984179 -0.2423313937505784 4.177215189873418
v 1.23616845449578 -0.1217519658691461 4.177215189873418
v 1.24514603290015 0 4.240506329113924
v 1.239150314418706 0.1220456534375697 4.240506329113924
v 1.221220901020944 0.2429159405155949 4.240506329113924
v 1.191530462759097 0.3614468142950942 4.240506329113924
v 1.150364934784074 0.4764967576660044 4.240506329113924
v 1.098120763633639 0.5869577767809671 4.240506329113924
v 1.03530108923554 0.6917660716417696 4.240506329113924
v 0.9625108993949584 0.7899122810748608 4.240506329113924
v 0.8804512034312242 0.880451203431224 4.240506329113924
v 0.7899122810748608 0.9625108993949584 4.240506329113924
v 0.6917660716417697 1.03530108923554 4.240506329113924
v 0.5869577767809673 1.098120763633639 4.240506329113924
v 0.4764967576660045 1.150364934784074 4.240506329113924
v 0.3614468142950942 1.191530462759097 4.240506329113924
v 0.242915940515595 1.221220901020944 4.240506329113924
v 0.1220456534375699 1.239150314418706 4.240506329113924
v 7.624320518310969e-17 1.24514603290015 4.240506329113924
v -0.1220456534375697 1.239150314418706 4.240506329113924
v -0.2429159405155948 1.221220901020944 4.240506329113924
v -0.361446814295094 1.191530462759098 4.240506329113924
v -0.4764967576660044 1.150364934784074 4.240506329113924
v -0.5869577767809671 1.098120763633639 4.240506329113924
v -0.6917660716417693 1.03530108923554 4.240506329113924
v -0.7899122810748606 0.9625108993949585 4.240506329113924
v -0.880451203431224 0.8804512034312242 4.240506329113924
v -0.9625108993949584 0.7899122810748608 4.240506329113924
v -1.03530108923554 0.6917660716417696 4.240506329113924
v -1.098120763633639 0.5869577767809673 4.240506329113924
v -1.150364934784074 0.4764967576660046 4.240506329113924
v -1.191530462759097 0.3614468142950942 4.240506329113924
v -1.221220901020944 0.2429159405155953 4.240506329113924
v -1.239150314418706 0.12204565343757 4.240506329113924
v -1.24514603290015 1.524864103662194e-16 4.240506329113924
v -1.239150314418706 -0.1220456534375697 4.240506329113924
v -1.221220901020944 -0.242915940515595 4.240506329113924
v -1.191530462759098 -0.3614468142950939 4.240506329113924
v -1.150364934784074 -0.4764967576660043 4.240506329113924
v -1.098120763633639 -0.5869577767809671 4.240506329113924
v -1.03530108923554 -0.6917660716417693 4.240506329113924
v -0.9625108993949585 -0.7899122810748604 4.240506329113924
v -0.8804512034312243 -0.880451203431224 4.240506329113924
v -0.7899122810748611 -0.962510899394958 4.240506329113924
v -0.6917660716417696 -1.03530108923554 4.240506329113924
v -0.5869577767809674 -1.098120763633639 4.240506329113924
v -0.4764967576660051 -1.150364934784074 4.240506329113924
v -0.3614468142950943 -1.191530462759097 4.240506329113924
v -0.2429159405155954 -1.221220901020943 4.240506329113924
v -0.1220456534375695 -1.239150314418706 4.240506329113924
v -2.287296155493291e-16 -1.24514603290015 4.240506329113924
v 0.1220456534375691 -1.239150314418706 4.240506329113924
v 0.242915940515595 -1.221220901020944 4.240506329113924
v 0.3614468142950938 -1.191530462759098 4.240506329113924
v 0.4764967576660047 -1.150364934784074 4.240506329113924
v 0.5869577767809669 -1.098120763633639 4.240506329113924
v 0.6917660716417692 -1.03530108923554 4.240506329113924
v 0.7899122810748609 -0.9625108993949583 4.240506329113924
v 0.8804512034312238 -0.8804512034312243 4.240506329113924
v 0.962510899394958 -0.7899122810748613 4.240506329113924
v 1.03530108923554 -0.6917660716417696 4.240506329113924
v 1.098120763633639 -0.5869577767809674 4.240506329113924
v 1.150364934784074 -0.4764967576660052 4.240506329113924
v 1.191530462759097 -0.3614468142950944 4.240506329113924
v 1.221220901020943 -0.2429159405155955 4.240506329113924
v 1.239150314418706 -0.1220456534375696 4.240506329113924
v 1.248325064955832 0 4.30379746835443
v 1.242314038566122 0.1223572530686837 4.30379746835443
v 1.224338848867087 0.2435361389030375 4.30379746835443
v 1.194572606761765 0.3623696385893594 4.30379746835443
v 1.153301977433516 0.4777133205646715 4.30379746835443
v 1.10092441960359 0.5884563621182808 4.30379746835443
v 1.037944357786375 0.6935322472217217 4.30379746835443
v 0.9649683244055759 0.7919290376611264 4.30379746835443
v 0.8826991185554064 0.8826991185554063 4.30379746835443
v 0.7919290376611264 0.9649683244055759 4.30379746835443
v 0.6935322472217218 1.037944357786375 4.30379746835443
v 0.588456362118281 1.10092441960359 4.30379746835443
v 0.4777133205646716 1.153301977433516 4.30379746835443
v 0.3623696385893594 1.194572606761765 4.30379746835443
v 0.2435361389030376 1.224338848867087 4.30379746835443
v 0.1223572530686839 1.242314038566122 4.30379746835443
v 7.643786475467859e-17 1.248325064955832 4.30379746835443
v -0.1223572530686837 1.242314038566122 4.30379746835443
v -0.2435361389030374 1.224338848867087 4.30379746835443
v -0.3623696385893593 1.194572606761765 4.30379746835443
v -0.4777133205646714 1.153301977433516 4.30379746835443
v -0.5884563621182809 1.10092441960359 4.30379746835443
v -0.6935322472217215 1.037944357786376 4.30379746835443
v -0.7919290376611263 0.9649683244055761 4.30379746835443
v -0.8826991185554063 0.8826991185554064 4.30379746835443
v -0.9649683244055759 0.7919290376611264 4.30379746835443
v -1.037944357786376 0.6935322472217217 4.30379746835443
v -1.10092441960359 0.5884563621182811 4.30379746835443
v -1.153301977433516 0.4777133205646716 4.30379746835443
v -1.194572606761765 0.3623696385893596 4.30379746835443
v -1.224338848867087 0.243536138903038 4.30379746835443
v -1.242314038566122 0.1223572530686839 4.30379746835443
v -1.248325064955832 1.528757295093572e-16 4.30379746835443
v -1.242314038566122 -0.1223572530686836 4.30379746835443
v -1.224338848867087 -0.2435361389030377 4.30379746835443
v -1.194572606761765 -0.3623696385893592 4.30379746835443
v -1.153301977433516 -0.4777133205646714 4.30379746835443
v -1.10092441960359 -0.5884563621182808 4.30379746835443
v -1.037944357786376 -0.6935322472217215 4.30379746835443
v -0.9649683244055761 -0.7919290376611262 4.30379746835443
v -0.8826991185554065 -0.8826991185554063 4.30379746835443
v -0.7919290376611269 -0.9649683244055756 4.30379746835443
v -0.6935322472217217 -1.037944357786375 4.30379746835443
v -0.5884563621182812 -1.10092441960359 4.30379746835443
v -0.4777133205646722 -1.153301977433516 4.30379746835443
v -0.3623696385893596 -1.194572606761765 4.30379746835443
v -0.243536138903038 -1.224338848867087 4.30379746835443
v -0.1223572530686835 -1.242314038566122 4.30379746835443
v -2.293135942640357e-16 -1.248325064955832 4.30379746835443
v 0.122357253068683 -1.242314038566122 4.30379746835443
v 0.2435361389030376 -1.224338848867087 4.30379746835443
v 0.3623696385893591 -1.194572606761765 4.30379746835443
v 0.4777133205646718 -1.153301977433516 4.30379746835443
v 0.5884563621182808 -1.10092441960359 4.30379746835443
v 0.6935322472217212 -1.037944357786376 4.30379746835443
v 0.7919290376611265 -0.9649683244055758 4.30379746835443
v 0.8826991185554062 -0.8826991185554065 4.30379746835443
v 0.9649683244055756 -0.791929037661127 4.30379746835443
v 1.037944357786375 -0.6935322472217217 4.30379746835443
v 1.10092441960359 -0.5884563621182812 4.30379746835443
v 1.153301977433516 -0.4777133205646723 4.30379746835443
v 1.194572606761765 -0.3623696385893597 4.30379746835443
v 1.224338848867087 -0.2435361389030381 4.30379746835443
v 1.242314038566122 -0.1223572530686835 4.30379746835443
v 1.251706757031023 0 4.367088607594937
v 1.24567944686966 0.122688716855369 4.367088607594937
v 1.22765556267729 0.2441958742989458 4.367088607594937
v 1.197808684311541 0.3633512919819801 4.367088607594937
v 1.15642625352704 0.4790074380952072 4.367088607594937
v 1.103906805754179 0.5900504807274759 4.367088607594937
v 1.04075613198506 0.6954110146759358 4.367088607594937
v 0.967582407729752 0.7940743604027366 4.367088607594937
v 0.8850903359536583 0.8850903359536582 4.367088607594937
v 0.7940743604027366 0.967582407729752 4.367088607594937
v 0.6954110146759359 1.04075613198506 4.367088607594937
v 0.5900504807274761 1.103906805754179 4.367088607594937
v 0.4790074380952072 1.15642625352704 4.367088607594937
v 0.3633512919819801 1.197808684311541 4.367088607594937
v 0.2441958742989459 1.22765556267729 4.367088607594937
v 0.1226887168553692 1.24567944686966 4.367088607594937
v 7.664493367345777e-17 1.251706757031023 4.367088607594937
v -0.122688716855369 1.24567944686966 4.367088607594937
v -0.2441958742989457 1.22765556267729 4.367088607594937
v -0.3633512919819799 1.197808684311541 4.367088607594937
v -0.4790074380952071 1.15642625352704 4.367088607594937
v -0.590050480727476 1.103906805754179 4.367088607594937
v -0.6954110146759355 1.040756131985061 4.367088607594937
v -0.7940743604027365 0.9675824077297521 4.367088607594937
v -0.8850903359536582 0.8850903359536583 4.367088607594937
v -0.967582407729752 0.7940743604027366 4.367088607594937
v -1.040756131985061 0.6954110146759358 4.367088607594937
v -1.103906805754179 0.5900504807274761 4.367088607594937
v -1.15642625352704 0.4790074380952073 4.367088607594937
v -1.197808684311541 0.3633512919819801 4.367088607594937
v -1.22765556267729 0.2441958742989462 4.367088607594937
v -1.24567944686966 0.1226887168553692 4.367088607594937
v -1.251706757031023 1.532898673469155e-16 4.367088607594937
v -1.24567944686966 -0.1226887168553689 4.367088607594937
v -1.22765556267729 -0.2441958742989459 4.367088607594937
v -1.197808684311541 -0.3633512919819798 4.367088607594937
v -1.15642625352704 -0.479007438095207 4.367088607594937
v -1.103906805754179 -0.5900504807274759 4.367088607594937
v -1.040756131985061 -0.6954110146759355 4.367088607594937
v -0.9675824077297521 -0.7940743604027364 4.367088607594937
v -0.8850903359536585 -0.8850903359536582 4.367088607594937
v -0.794074360402737 -0.9675824077297516 4.367088607594937
v -0.6954110146759358 -1.04075613198506 4.367088607594937
v -0.5900504807274762 -1.103906805754179 4.367088607594937
v -0.4790074380952078 -1.15642625352704 4.367088607594937
v -0.3633512919819802 -1.197808684311541 4.367088607594937
v -0.2441958742989463 -1.22765556267729 4.367088607594937
v -0.1226887168553688 -1.24567944686966 4.367088607594937
v -2.299348010203733e-16 -1.251706757031023 4.367088607594937
v 0.1226887168553683 -1.24567944686966 4.367088607594937
v 0.2441958742989458 -1.22765556267729 4.367088607594937
v 0.3633512919819797 -1.197808684311541 4.367088607594937
v 0.4790074380952075 -1.15642625352704 4.367088607594937
v 0.5900504807274758 -1.103906805754179 4.367088607594937
v 0.6954110146759354 -1.040756131985061 4.367088607594937
v 0.7940743604027368 -0.9675824077297519 4.367088607594937
v 0.885090335953658 -0.8850903359536585 4.367088607594937
v 0.9675824077297516 -0.7940743604027372 4.367088607594937
v 1.04075613198506 -0.6954110146759358 4.367088607594937
v 1.103906805754178 -0.5900504807274763 4.367088607594937
v 1.15642625352704 -0.479007438095208 4.367088607594937
v 1.197808684311541 -0.3633512919819803 4.367088607594937
v 1.22765556267729 -0.2441958742989464 4.367088607594937
v 1.24567944686966 -0.1226887168553688 4.367088607594937
v 1.255309743675633 0 4.430379746835444
v 1.24926508414878 0.1230418713029193 4.430379746835444
v 1.231189318943813 0.2448987821236627 4.430379746835444
v 1.201256527560873 0.364397183797263 4.430379746835444
v 1.159754979143907 0.4803862413911323 4.430379746835444
v 1.107084356291224 0.591748916874573 4.430379746835444
v 1.043751905893586 0.6974127268056486 4.430379746835444
v 0.9703675540693623 0.7963600709330089 4.430379746835444
v 0.887638032242587 0.8876380322425869 4.430379746835444
v 0.7963600709330089 0.9703675540693623 4.430379746835444
v 0.6974127268056487 1.043751905893586 4.430379746835444
v 0.5917489168745732 1.107084356291224 4.430379746835444
v 0.4803862413911324 1.159754979143907 4.430379746835444
v 0.364397183797263 1.201256527560873 4.430379746835444
v 0.2448987821236628 1.231189318943813 4.430379746835444
v 0.1230418713029195 1.24926508414878 4.430379746835444
v 7.686555297654242e-17 1.255309743675633 4.430379746835444
v -0.1230418713029193 1.24926508414878 4.430379746835444
v -0.2448987821236626 1.231189318943813 4.430379746835444
v -0.3643971837972628 1.201256527560874 4.430379746835444
v -0.4803862413911322 1.159754979143907 4.430379746835444
v -0.591748916874573 1.107084356291224 4.430379746835444
v -0.6974127268056483 1.043751905893586 4.430379746835444
v -0.7963600709330088 0.9703675540693625 4.430379746835444
v -0.8876380322425869 0.887638032242587 4.430379746835444
v -0.9703675540693623 0.7963600709330089 4.430379746835444
v -1.043751905893586 0.6974127268056486 4.430379746835444
v -1.107084356291224 0.5917489168745732 4.430379746835444
v -1.159754979143907 0.4803862413911325 4.430379746835444
v -1.201256527560873 0.364397183797263 4.430379746835444
v -1.231189318943813 0.2448987821236631 4.430379746835444
v -1.24926508414878 0.1230418713029196 4.430379746835444
v -1.255309743675633 1.537311059530848e-16 4.430379746835444
v -1.24926508414878 -0.1230418713029193 4.430379746835444
v -1.231189318943813 -0.2448987821236628 4.430379746835444
v -1.201256527560874 -0.3643971837972627 4.430379746835444
v -1.159754979143907 -0.4803862413911322 4.430379746835444
v -1.107084356291224 -0.591748916874573 4.430379746835444
v -1.043751905893586 -0.6974127268056483 4.430379746835444
v -0.9703675540693625 -0.7963600709330086 4.430379746835444
v -0.8876380322425872 -0.8876380322425869 4.430379746835444
v -0.7963600709330093 -0.9703675540693619 4.430379746835444
v -0.6974127268056486 -1.043751905893586 4.430379746835444
v -0.5917489168745733 -1.107084356291224 4.430379746835444
v -0.480386241391133 -1.159754979143907 4.430379746835444
v -0.3643971837972631 -1.201256527560873 4.430379746835444
v -0.2448987821236632 -1.231189318943813 4.430379746835444
v -0.1230418713029191 -1.24926508414878 4.430379746835444
v -2.305966589296273e-16 -1.255309743675633 4.430379746835444
v 0.1230418713029186 -1.24926508414878 4.430379746835444
v 0.2448987821236627 -1.231189318943813 4.430379746835444
v 0.3643971837972627 -1.201256527560874 4.430379746835444
v 0.4803862413911326 -1.159754979143907 4.430379746835444
v 0.5917489168745729 -1.107084356291224 4.430379746835444
v 0.6974127268056481 -1.043751905893586 4.430379746835444
v 0.796360070933009 -0.9703675540693621 4.430379746835444
v 0.8876380322425867 -0.8876380322425872 4.430379746835444
v 0.9703675540693619 -0.7963600709330094 4.430379746835444
v 1.043751905893586 -0.6974127268056486 4.430379746835444
v 1.107084356291224 -0.5917489168745734 4.430379746835444
v 1.159754979143907 -0.4803862413911331 4.430379746835444
v 1.201256527560873 -0.3643971837972632 4.430379746835444
v 1.231189318943813 -0.2448987821236633 4.430379746835444
v 1.24926508414878 -0.1230418713029192 4.430379746835444
v 1.259151260344057 0 4.493670886075949
v 1.253088102864452 0.1234184057812865 4.493670886075949
v 1.234957021946627 0.2456482248475358 4.493670886075949
v 1.204932629811275 0.365512317223524 4.493670886075949
v 1.163304077767665 0.4818563261752923 4.493670886075949
v 1.110472271528455 0.5935597952965305 4.493670886075949
v 1.046946010268534 0.6995469591162733 4.493670886075949
v 0.973337086610821 0.7987971033084595 4.493670886075949
v 0.8903543947288705 0.8903543947288703 4.493670886075949
v 0.7987971033084595 0.973337086610821 4.493670886075949
v 0.6995469591162735 1.046946010268534 4.493670886075949
v 0.5935597952965307 1.110472271528455 4.493670886075949
v 0.4818563261752924 1.163304077767665 4.493670886075949
v 0.365512317223524 1.204932629811275 4.493670886075949
v 0.2456482248475358 1.234957021946627 4.493670886075949
v 0.1234184057812867 1.253088102864452 4.493670886075949
v 7.710077803113523e-17 1.259151260344057 4.493670886075949
v -0.1234184057812866 1.253088102864452 4.493670886075949
v -0.2456482248475357 1.234957021946627 4.493670886075949
v -0.3655123172235237 1.204932629811276 4.493670886075949
v -0.4818563261752923 1.163304077767665 4.493670886075949
v -0.5935597952965306 1.110472271528455 4.493670886075949
v -0.6995469591162731 1.046946010268534 4.493670886075949
v -0.7987971033084593 0.9733370866108211 4.493670886075949
v -0.8903543947288703 0.8903543947288705 4.493670886075949
v -0.973337086610821 0.7987971033084595 4.493670886075949
v -1.046946010268534 0.6995469591162733 4.493670886075949
v -1.110472271528455 0.5935597952965308 4.493670886075949
v -1.163304077767665 0.4818563261752925 4.493670886075949
v -1.204932629811275 0.365512317223524 4.493670886075949
v -1.234957021946627 0.2456482248475362 4.493670886075949
v -1.253088102864452 0.1234184057812868 4.493670886075949
v -1.259151260344057 1.542015560622705e-16 4.493670886075949
v -1.253088102864452 -0.1234184057812865 4.493670886075949
v -1.234957021946627 -0.2456482248475359 4.493670886075949
v -1.204932629811276 -0.3655123172235237 4.493670886075949
v -1.163304077767665 -0.4818563261752922 4.493670886075949
v -1.110472271528455 -0.5935597952965305 4.493670886075949
v -1.046946010268534 -0.6995469591162731 4.493670886075949
v -0.9733370866108211 -0.7987971033084592 4.493670886075949
v -0.8903543947288706 -0.8903543947288703 4.493670886075949
v -0.7987971033084599 -0.9733370866108205 4.493670886075949
v -0.6995469591162733 -1.046946010268534 4.493670886075949
v -0.5935597952965309 -1.110472271528455 4.493670886075949
v -0.4818563261752931 -1.163304077767664 4.493670886075949
v -0.3655123172235241 -1.204932629811275 4.493670886075949
v -0.2456482248475363 -1.234957021946626 4.493670886075949
v -0.1234184057812863 -1.253088102864452 4.493670886075949
v -2.313023340934057e-16 -1.259151260344057 4.493670886075949
v 0.1234184057812859 -1.253088102864452 4.493670886075949
v 0.2456482248475358 -1.234957021946627 4.493670886075949
v 0.3655123172235236 -1.204932629811276 4.493670886075949
v 0.4818563261752927 -1.163304077767664 4.493670886075949
v 0.5935597952965305 -1.110472271528455 4.493670886075949
v 0.699546959116273 -1.046946010268534 4.493670886075949
v 0.7987971033084597 -0.9733370866108207 4.493670886075949
v 0.8903543947288702 -0.8903543947288706 4.493670886075949
v 0.9733370866108205 -0.7987971033084601 4.493670886075949
v 1.046946010268534 -0.6995469591162733 4.493670886075949
v 1.110472271528455 -0.5935597952965309 4.493670886075949
v 1.163304077767664 -0.4818563261752931 4.493670886075949
v 1.204932629811275 -0.3655123172235242 4.493670886075949
v 1.234957021946626 -0.2456482248475363 4.493670886075949
v 1.253088102864452 -0.1234184057812864 4.493670886075949
v 1.263247034427077 0 4.556962025316456
v 1.257164154675774 0.1238198618443401 4.556962025316456
v 1.23897409687911 0.2464472707322976 4.556962025316456
v 1.208852041237365 0.3667012576813208 4.556962025316456
v 1.167088079612758 0.4834237110595747 4.556962025316456
v 1.114084421786238 0.595490529834043 4.556962025316456
v 1.050351521957422 0.7018224492779728 4.556962025316456
v 0.9765031627916081 0.8013954348801794 4.556962025316456
v 0.8932505443571825 0.8932505443571824 4.556962025316456
v 0.8013954348801794 0.9765031627916081 4.556962025316456
v 0.701822449277973 1.050351521957422 4.556962025316456
v 0.5954905298340432 1.114084421786238 4.556962025316456
v 0.4834237110595748 1.167088079612758 4.556962025316456
v 0.3667012576813208 1.208852041237365 4.556962025316456
v 0.2464472707322977 1.23897409687911 4.556962025316456
v 0.1238198618443403 1.257164154675774 4.556962025316456
v 7.735157186217533e-17 1.263247034427077 4.556962025316456
v -0.1238198618443402 1.257164154675774 4.556962025316456
v -0.2464472707322975 1.23897409687911 4.556962025316456
v -0.3667012576813206 1.208852041237365 4.556962025316456
v -0.4834237110595747 1.167088079612758 4.556962025316456
v -0.595490529834043 1.114084421786238 4.556962025316456
v -0.7018224492779725 1.050351521957422 4.556962025316456
v -0.8013954348801793 0.9765031627916083 4.556962025316456
v -0.8932505443571824 0.8932505443571825 4.556962025316456
v -0.9765031627916081 0.8013954348801794 4.556962025316456
v -1.050351521957422 0.7018224492779728 4.556962025316456
v -1.114084421786238 0.5954905298340433 4.556962025316456
v -1.167088079612758 0.4834237110595749 4.556962025316456
v -1.208852041237365 0.3667012576813209 4.556962025316456
v -1.23897409687911 0.246447270732298 4.556962025316456
v -1.257164154675774 0.1238198618443404 4.556962025316456
v -1.263247034427077 1.547031437243507e-16 4.556962025316456
v -1.257164154675774 -0.1238198618443401 4.556962025316456
v -1.23897409687911 -0.2464472707322977 4.556962025316456
v -1.208852041237365 -0.3667012576813206 4.556962025316456
v -1.167088079612758 -0.4834237110595746 4.556962025316456
v -1.114084421786238 -0.595490529834043 4.556962025316456
v -1.050351521957422 -0.7018224492779725 4.556962025316456
v -0.9765031627916083 -0.8013954348801791 4.556962025316456
v -0.8932505443571827 -0.8932505443571824 4.556962025316456
v -0.8013954348801798 -0.9765031627916078 4.556962025316456
v -0.7018224492779728 -1.050351521957422 4.556962025316456
v -0.5954905298340434 -1.114084421786238 4.556962025316456
v -0.4834237110595754 -1.167088079612757 4.556962025316456
v -0.3667012576813209 -1.208852041237365 4.556962025316456
v -0.2464472707322981 -1.23897409687911 4.556962025316456
v -0.1238198618443399 -1.257164154675774 4.556962025316456
v -2.32054715586526e-16 -1.263247034427077 4.556962025316456
v 0.1238198618443395 -1.257164154675774 4.556962025316456
v 0.2464472707322977 -1.23897409687911 4.556962025316456
v 0.3667012576813205 -1.208852041237365 4.556962025316456
v 0.483423711059575 -1.167088079612757 4.556962025316456
v 0.5954905298340429 -1.114084421786238 4.556962025316456
v 0.7018224492779724 -1.050351521957422 4.556962025316456
v 0.8013954348801795 -0.976503162791608 4.556962025316456
v 0.8932505443571823 -0.8932505443571827 4.556962025316456
v 0.9765031627916078 -0.8013954348801799 4.556962025316456
v 1.050351521957422 -0.7018224492779728 4.556962025316456
v 1.114084421786238 -0.5954905298340434 4.556962025316456
v 1.167088079612757 -0.4834237110595755 4.556962025316456
v 1.208852041237365 -0.3667012576813211 4.556962025316456
v 1.23897409687911 -0.2464472707322982 4.556962025316456
v 1.257164154675774 -0.12381986184434 4.556962025316456
v 1.26761118581824 0 4.620253164556963
v 1.261507291485144 0.1242476234836671 4.620253164556963
v 1.243254392325014 0.2472986744325266 4.620253164556963
v 1.21302827373481 0.367968103959394 4.620253164556963
v 1.171120029759833 0.4850937994933056 4.620253164556963
v 1.11793325969894 0.5975477765588515 4.620253164556963
v 1.053980181222661 0.7042470418832937 4.620253164556963
v 0.9798766974370341 0.8041640232138062 4.620253164556963
v 0.8963364653999981 0.896336465399998 4.620253164556963
v 0.8041640232138062 0.9798766974370341 4.620253164556963
v 0.7042470418832938 1.053980181222661 4.620253164556963
v 0.5975477765588517 1.11793325969894 4.620253164556963
v 0.4850937994933057 1.171120029759833 4.620253164556963
v 0.367968103959394 1.21302827373481 4.620253164556963
v 0.2472986744325267 1.243254392325014 4.620253164556963
v 0.1242476234836673 1.261507291485144 4.620253164556963
v 7.76187990637844e-17 1.26761118581824 4.620253164556963
v -0.1242476234836672 1.261507291485144 4.620253164556963
v -0.2472986744325265 1.243254392325014 4.620253164556963
v -0.3679681039593938 1.21302827373481 4.620253164556963
v -0.4850937994933056 1.171120029759833 4.620253164556963
v -0.5975477765588516 1.11793325969894 4.620253164556963
v -0.7042470418832933 1.053980181222661 4.620253164556963
v -0.8041640232138061 0.9798766974370343 4.620253164556963
v -0.896336465399998 0.8963364653999981 4.620253164556963
v -0.9798766974370341 0.8041640232138062 4.620253164556963
v -1.053980181222661 0.7042470418832937 4.620253164556963
v -1.11793325969894 0.5975477765588518 4.620253164556963
v -1.171120029759833 0.4850937994933057 4.620253164556963
v -1.21302827373481 0.3679681039593941 4.620253164556963
v -1.243254392325014 0.247298674432527 4.620253164556963
v -1.261507291485144 0.1242476234836674 4.620253164556963
v -1.26761118581824 1.552375981275688e-16 4.620253164556963
v -1.261507291485144 -0.1242476234836671 4.620253164556963
v -1.243254392325014 -0.2472986744325267 4.620253164556963
v -1.21302827373481 -0.3679681039593937 4.620253164556963
v -1.171120029759833 -0.4850937994933054 4.620253164556963
v -1.11793325969894 -0.5975477765588515 4.620253164556963
v -1.053980181222662 -0.7042470418832933 4.620253164556963
v -0.9798766974370343 -0.8041640232138059 4.620253164556963
v -0.8963364653999982 -0.896336465399998 4.620253164556963
v -0.8041640232138066 -0.9798766974370338 4.620253164556963
v -0.7042470418832937 -1.053980181222661 4.620253164556963
v -0.5975477765588519 -1.11793325969894 4.620253164556963
v -0.4850937994933063 -1.171120029759833 4.620253164556963
v -0.3679681039593941 -1.21302827373481 4.620253164556963
v -0.2472986744325271 -1.243254392325013 4.620253164556963
v -0.1242476234836669 -1.261507291485144 4.620253164556963
v -2.328563971913532e-16 -1.26761118581824 4.620253164556963
v 0.1242476234836665 -1.261507291485144 4.620253164556963
v 0.2472986744325266 -1.243254392325014 4.620253164556963
v 0.3679681039593937 -1.21302827373481 4.620253164556963
v 0.4850937994933059 -1.171120029759833 4.620253164556963
v 0.5975477765588515 -1.11793325969894 4.620253164556963
v 0.7042470418832932 -1.053980181222662 4.620253164556963
v 0.8041640232138063 -0.979876697437034 4.620253164556963
v 0.8963364653999979 -0.8963364653999982 4.620253164556963
v 0.9798766974370338 -0.8041640232138068 4.620253164556963
v 1.053980181222661 -0.7042470418832937 4.620253164556963
v 1.117933259698939 -0.5975477765588519 4.620253164556963
v 1.171120029759833 -0.4850937994933064 4.620253164556963
v 1.21302827373481 -0.3679681039593942 4.620253164556963
v 1.243254392325013 -0.2472986744325272 4.620253164556963
v 1.261507291485144 -0.124247623483667 4.620253164556963
v 1.272256137643337 0 4.683544303797468
v 1.266129876597609 0.1247029083785317 4.683544303797468
v 1.247810092703251 0.2482048595798341 4.683544303797468
v 1.217473215493778 0.3693164623008048 4.683544303797468
v 1.175411405680541 0.4868713456009041 4.683544303797468
v 1.122029741485366 0.5997373916919162 4.683544303797468
v 1.057842317515839 0.7068276388511275 4.683544303797468
v 0.9834672937532003 0.8071107494569113 4.683544303797468
v 0.899620942333809 0.8996209423338088 4.683544303797468
v 0.8071107494569113 0.9834672937532003 4.683544303797468
v 0.7068276388511276 1.057842317515839 4.683544303797468
v 0.5997373916919164 1.122029741485366 4.683544303797468
v 0.4868713456009042 1.175411405680541 4.683544303797468
v 0.3693164623008048 1.217473215493778 4.683544303797468
v 0.2482048595798342 1.247810092703251 4.683544303797468
v 0.1247029083785319 1.266129876597609 4.683544303797468
v 7.790322033302433e-17 1.272256137643337 4.683544303797468
v -0.1247029083785317 1.266129876597609 4.683544303797468
v -0.248204859579834 1.247810092703251 4.683544303797468
v -0.3693164623008046 1.217473215493778 4.683544303797468
v -0.4868713456009041 1.175411405680541 4.683544303797468
v -0.5997373916919162 1.122029741485366 4.683544303797468
v -0.7068276388511273 1.057842317515839 4.683544303797468
v -0.8071107494569111 0.9834672937532004 4.683544303797468
v -0.8996209423338088 0.899620942333809 4.683544303797468
v -0.9834672937532003 0.8071107494569113 4.683544303797468
v -1.057842317515839 0.7068276388511275 4.683544303797468
v -1.122029741485366 0.5997373916919164 4.683544303797468
v -1.175411405680541 0.4868713456009043 4.683544303797468
v -1.217473215493778 0.3693164623008048 4.683544303797468
v -1.247810092703251 0.2482048595798346 4.683544303797468
v -1.266129876597609 0.124702908378532 4.683544303797468
v -1.272256137643337 1.558064406660487e-16 4.683544303797468
v -1.266129876597609 -0.1247029083785317 4.683544303797468
v -1.247810092703251 -0.2482048595798343 4.683544303797468
v -1.217473215493778 -0.3693164623008044 4.683544303797468
v -1.175411405680541 -0.486871345600904 4.683544303797468
v -1.122029741485366 -0.5997373916919162 4.683544303797468
v -1.057842317515839 -0.7068276388511273 4.683544303797468
v -0.9834672937532004 -0.807110749456911 4.683544303797468
v -0.8996209423338091 -0.8996209423338088 4.683544303797468
v -0.8071107494569117 -0.9834672937531999 4.683544303797468
v -0.7068276388511275 -1.057842317515839 4.683544303797468
v -0.5997373916919165 -1.122029741485366 4.683544303797468
v -0.4868713456009048 -1.175411405680541 4.683544303797468
v -0.3693164623008049 -1.217473215493778 4.683544303797468
v -0.2482048595798347 -1.247810092703251 4.683544303797468
v -0.1247029083785315 -1.266129876597609 4.683544303797468
v -2.33709660999073e-16 -1.272256137643337 4.683544303797468
v 0.124702908378531 -1.266129876597609 4.683544303797468
v 0.2482048595798342 -1.247810092703251 4.683544303797468
v 0.3693164623008044 -1.217473215493778 4.683544303797468
v 0.4868713456009044 -1.175411405680541 4.683544303797468
v 0.5997373916919161 -1.122029741485366 4.683544303797468
v 0.7068276388511271 -1.057842317515839 4.683544303797468
v 0.8071107494569114 -0.9834672937532002 4.683544303797468
v 0.8996209423338086 -0.8996209423338091 4.683544303797468
v 0.9834672937531999 -0.8071107494569119 4.683544303797468
v 1.057842317515839 -0.7068276388511275 4.683544303797468
v 1.122029741485366 -0.5997373916919165 4.683544303797468
v 1.175411405680541 -0.4868713456009049 4.683544303797468
v 1.217473215493778 -0.3693164623008049 4.683544303797468
v 1.247810092703251 -0.2482048595798347 4.683544303797468
v 1.266129876597609 -0.1247029083785316 4.683544303797468
v 1.277192537717408 0 4.746835443037975
v 1.271042506556069 0.1251867601973148 4.746835443037975
v 1.252651641234082 0.2491679034598852 4.746835443037975
v 1.222197055837969 0.3707494236031056 4.746835443037975
v 1.179972044673263 0.4887604241247773 4.746835443037975
v 1.126383257680021 0.6020643945785012 4.746835443037975
v 1.061946784171597 0.7095701557905577 4.746835443037975
v 0.9872831826124385 0.8102423685118474 4.746835443037975
v 0.903111504300835 0.9031115043008349 4.746835443037975
v 0.8102423685118474 0.9872831826124385 4.746835443037975
v 0.7095701557905578 1.061946784171597 4.746835443037975
v 0.6020643945785015 1.126383257680021 4.746835443037975
v 0.4887604241247773 1.179972044673263 4.746835443037975
v 0.3707494236031056 1.222197055837969 4.746835443037975
v 0.2491679034598853 1.252651641234082 4.746835443037975
v 0.1251867601973151 1.271042506556069 4.746835443037975
v 7.820548766052547e-17 1.277192537717408 4.746835443037975
v -0.1251867601973149 1.271042506556069 4.746835443037975
v -0.2491679034598852 1.252651641234082 4.746835443037975
v -0.3707494236031054 1.222197055837969 4.746835443037975
v -0.4887604241247772 1.179972044673263 4.746835443037975
v -0.6020643945785014 1.126383257680021 4.746835443037975
v -0.7095701557905574 1.061946784171598 4.746835443037975
v -0.8102423685118473 0.9872831826124386 4.746835443037975
v -0.9031115043008349 0.903111504300835 4.746835443037975
v -0.9872831826124385 0.8102423685118474 4.746835443037975
v -1.061946784171598 0.7095701557905577 4.746835443037975
v -1.126383257680021 0.6020643945785016 4.746835443037975
v -1.179972044673263 0.4887604241247774 4.746835443037975
v -1.222197055837969 0.3707494236031057 4.746835443037975
v -1.252651641234082 0.2491679034598857 4.746835443037975
v -1.271042506556069 0.1251867601973151 4.746835443037975
v -1.277192537717408 1.564109753210509e-16 4.746835443037975
v -1.271042506556069 -0.1251867601973148 4.746835443037975
v -1.252651641234082 -0.2491679034598854 4.746835443037975
v -1.222197055837969 -0.3707494236031054 4.746835443037975
v -1.179972044673264 -0.4887604241247771 4.746835443037975
v -1.126383257680021 -0.6020643945785012 4.746835443037975
v -1.061946784171598 -0.7095701557905574 4.746835443037975
v -0.9872831826124386 -0.8102423685118472 4.746835443037975
v -0.9031115043008351 -0.9031115043008349 4.746835443037975
v -0.8102423685118478 -0.9872831826124381 4.746835443037975
v -0.7095701557905577 -1.061946784171597 4.746835443037975
v -0.6020643945785016 -1.126383257680021 4.746835443037975
v -0.488760424124778 -1.179972044673263 4.746835443037975
v -0.3707494236031058 -1.222197055837969 4.746835443037975
v -0.2491679034598858 -1.252651641234082 4.746835443037975
v -0.1251867601973146 -1.271042506556069 4.746835443037975
v -2.346164629815764e-16 -1.277192537717408 4.746835443037975
v 0.1251867601973142 -1.271042506556069 4.746835443037975
v 0.2491679034598853 -1.252651641234082 4.746835443037975
v 0.3707494236031053 -1.222197055837969 4.746835443037975
v 0.4887604241247775 -1.179972044673263 4.746835443037975
v 0.6020643945785012 -1.126383257680021 4.746835443037975
v 0.7095701557905573 -1.061946784171598 4.746835443037975
v 0.8102423685118476 -0.9872831826124383 4.746835443037975
v 0.9031115043008346 -0.9031115043008351 4.746835443037975
v 0.9872831826124381 -0.8102423685118479 4.746835443037975
v 1.061946784171597 -0.7095701557905577 4.746835443037975
v 1.126383257680021 -0.6020643945785017 4.746835443037975
v 1.179972044673263 -0.488760424124778 4.746835443037975
v 1.222197055837969 -0.3707494236031059 4.746835443037975
v 1.252651641234082 -0.2491679034598858 4.746835443037975
v 1.271042506556069 -0.1251867601973147 4.746835443037975
v 1.282429191225828 0 4.810126582278482
v 1.276253944146522 0.1257000419991069 4.810126582278482
v 1.257787673913711 0.2501895238791296 4.810126582278482
v 1.227208220804429 0.3722695438766905 4.810126582278482
v 1.184810081668545 0.4907644046634858 4.810126582278482
v 1.13100157376312 0.6045329359542585 4.810126582278482
v 1.066300902434006 0.7124794846004731 4.810126582278482
v 0.9913311705150851 0.8135644663290805 4.810126582278482
v 0.9068143775073625 0.9068143775073624 4.810126582278482
v 0.8135644663290805 0.9913311705150851 4.810126582278482
v 0.7124794846004732 1.066300902434006 4.810126582278482
v 0.6045329359542587 1.13100157376312 4.810126582278482
v 0.4907644046634859 1.184810081668545 4.810126582278482
v 0.3722695438766905 1.227208220804429 4.810126582278482
v 0.2501895238791297 1.257787673913711 4.810126582278482
v 0.1257000419991071 1.276253944146522 4.810126582278482
v 7.852614020839194e-17 1.282429191225828 4.810126582278482
v -0.1257000419991069 1.276253944146522 4.810126582278482
v -0.2501895238791296 1.257787673913711 4.810126582278482
v -0.3722695438766903 1.227208220804429 4.810126582278482
v -0.4907644046634858 1.184810081668545 4.810126582278482
v -0.6045329359542586 1.13100157376312 4.810126582278482
v -0.7124794846004727 1.066300902434006 4.810126582278482
v -0.8135644663290804 0.9913311705150853 4.810126582278482
v -0.9068143775073624 0.9068143775073625 4.810126582278482
v -0.9913311705150851 0.8135644663290805 4.810126582278482
v -1.066300902434006 0.7124794846004731 4.810126582278482
v -1.13100157376312 0.6045329359542587 4.810126582278482
v -1.184810081668545 0.490764404663486 4.810126582278482
v -1.227208220804429 0.3722695438766906 4.810126582278482
v -1.257787673913711 0.2501895238791301 4.810126582278482
v -1.276253944146522 0.1257000419991071 4.810126582278482
v -1.282429191225828 1.570522804167839e-16 4.810126582278482
v -1.276253944146522 -0.1257000419991068 4.810126582278482
v -1.257787673913711 -0.2501895238791298 4.810126582278482
v -1.227208220804429 -0.3722695438766903 4.810126582278482
v -1.184810081668545 -0.4907644046634856 4.810126582278482
v -1.13100157376312 -0.6045329359542585 4.810126582278482
v -1.066300902434006 -0.7124794846004727 4.810126582278482
v -0.9913311705150853 -0.8135644663290803 4.810126582278482
v -0.9068143775073626 -0.9068143775073624 4.810126582278482
v -0.813564466329081 -0.9913311705150848 4.810126582278482
v -0.7124794846004731 -1.066300902434006 4.810126582278482
v -0.6045329359542588 -1.13100157376312 4.810126582278482
v -0.4907644046634865 -1.184810081668545 4.810126582278482
v -0.3722695438766907 -1.227208220804429 4.810126582278482
v -0.2501895238791302 -1.257787673913711 4.810126582278482
v -0.1257000419991067 -1.276253944146522 4.810126582278482
v -2.355784206251758e-16 -1.282429191225828 4.810126582278482
v 0.1257000419991062 -1.276253944146522 4.810126582278482
v 0.2501895238791297 -1.257787673913711 4.810126582278482
v 0.3722695438766902 -1.227208220804429 4.810126582278482
v 0.4907644046634861 -1.184810081668545 4.810126582278482
v 0.6045329359542584 -1.13100157376312 4.810126582278482
v 0.7124794846004726 -1.066300902434006 4.810126582278482
v 0.8135644663290806 -0.991331170515085 4.810126582278482
v 0.9068143775073622 -0.9068143775073626 4.810126582278482
v 0.9913311705150848 -0.8135644663290811 4.810126582278482
v 1.066300902434006 -0.7124794846004731 4.810126582278482
v 1.13100157376312 -0.6045329359542589 4.810126582278482
v 1.184810081668545 -0.4907644046634866 4.810126582278482
v 1.227208220804429 -0.3722695438766908 4.810126582278482
v 1.257787673913711 -0.2501895238791302 4.810126582278482
v 1.276253944146522 -0.1257000419991067 4.810126582278482
v 1.287973005055082 0 4.873417721518988
v 1.28177106299691 0.1262434307771698 4.873417721518988
v 1.26322496491474 0.2512710683042763 4.873417721518988
v 1.232513319871432 0.3738788280848744 4.873417721518988
v 1.189931897797446 0.4928859303680579 4.873417721518988
v 1.135890781064728 0.6071462717029398 4.873417721518988
v 1.070910415169293 0.7155594625414091 4.873417721518988
v 0.9956165965565956 0.817081424591013 4.873417721518988
v 0.910734445859664 0.9107344458596638 4.873417721518988
v 0.817081424591013 0.9956165965565956 4.873417721518988
v 0.7155594625414092 1.070910415169293 4.873417721518988
v 0.60714627170294 1.135890781064728 4.873417721518988
v 0.4928859303680579 1.189931897797446 4.873417721518988
v 0.3738788280848744 1.232513319871432 4.873417721518988
v 0.2512710683042764 1.26322496491474 4.873417721518988
v 0.12624343077717 1.28177106299691 4.873417721518988
v 7.886560090144519e-17 1.287973005055082 4.873417721518988
v -0.1262434307771699 1.28177106299691 4.873417721518988
v -0.2512710683042763 1.26322496491474 4.873417721518988
v -0.3738788280848742 1.232513319871432 4.873417721518988
v -0.4928859303680578 1.189931897797446 4.873417721518988
v -0.6071462717029399 1.135890781064728 4.873417721518988
v -0.7155594625414089 1.070910415169293 4.873417721518988
v -0.8170814245910129 0.9956165965565957 4.873417721518988
v -0.9107344458596638 0.910734445859664 4.873417721518988
v -0.9956165965565956 0.817081424591013 4.873417721518988
v -1.070910415169293 0.7155594625414091 4.873417721518988
v -1.135890781064728 0.6071462717029401 4.873417721518988
v -1.189931897797446 0.4928859303680581 4.873417721518988
v -1.232513319871432 0.3738788280848745 4.873417721518988
v -1.26322496491474 0.2512710683042768 4.873417721518988
v -1.28177106299691 0.1262434307771701 4.873417721518988
v -1.287973005055082 1.577312018028904e-16 4.873417721518988
v -1.28177106299691 -0.1262434307771698 4.873417721518988
v -1.26322496491474 -0.2512710683042765 4.873417721518988
v -1.232513319871432 -0.3738788280848742 4.873417721518988
v -1.189931897797446 -0.4928859303680577 4.873417721518988
v -1.135890781064728 -0.6071462717029398 4.873417721518988
v -1.070910415169293 -0.7155594625414089 4.873417721518988
v -0.9956165965565957 -0.8170814245910127 4.873417721518988
v -0.9107344458596641 -0.9107344458596638 4.873417721518988
v -0.8170814245910134 -0.9956165965565952 4.873417721518988
v -0.7155594625414091 -1.070910415169293 4.873417721518988
v -0.6071462717029401 -1.135890781064728 4.873417721518988
v -0.4928859303680586 -1.189931897797446 4.873417721518988
v -0.3738788280848746 -1.232513319871432 4.873417721518988
v -0.2512710683042769 -1.26322496491474 4.873417721518988
v -0.1262434307771697 -1.28177106299691 4.873417721518988
v -2.365968027043356e-16 -1.287973005055082 4.873417721518988
v 0.1262434307771692 -1.28177106299691 4.873417721518988
v 0.2512710683042764 -1.26322496491474 4.873417721518988
v 0.3738788280848741 -1.232513319871432 4.873417721518988
v 0.4928859303680582 -1.189931897797446 4.873417721518988
v 0.6071462717029398 -1.135890781064728 4.873417721518988
v 0.7155594625414087 -1.070910415169293 4.873417721518988
v 0.8170814245910132 -0.9956165965565955 4.873417721518988
v 0.9107344458596637 -0.9107344458596641 4.873417721518988
v 0.9956165965565952 -0.8170814245910136 4.873417721518988
v 1.070910415169293 -0.7155594625414091 4.873417721518988
v 1.135890781064728 -0.6071462717029402 4.873417721518988
v 1.189931897797446 -0.4928859303680587 4.873417721518988
v 1.232513319871432 -0.3738788280848747 4.873417721518988
v 1.26322496491474 -0.2512710683042769 4.873417721518988
v 1.28177106299691 -0.1262434307771697 4.873417721518988
v 1.293828944125215 0 4.936708860759494
v 1.287598804119829 0.1268174131787684 4.936708860759494
v 1.268968383757664 0.2524135053431753 4.936708860759494
v 1.238117104171232 0.3755787174678697 4.936708860759494
v 1.195342080047975 0.4951269012311371 4.936708860759494
v 1.141055258253407 0.6099067422716522 4.936708860759494
v 1.075779450557604 0.7188128479751513 4.936708860759494
v 1.000143298672064 0.8207963930095767 4.936708860759494
v 0.91487522008637 0.9148752200863699 4.936708860759494
v 0.8207963930095767 1.000143298672064 4.936708860759494
v 0.7188128479751515 1.075779450557604 4.936708860759494
v 0.6099067422716524 1.141055258253406 4.936708860759494
v 0.4951269012311372 1.195342080047975 4.936708860759494
v 0.3755787174678697 1.238117104171232 4.936708860759494
v 0.2524135053431754 1.268968383757664 4.936708860759494
v 0.1268174131787686 1.287598804119829 4.936708860759494
v 7.922417375335719e-17 1.293828944125215 4.936708860759494
v -0.1268174131787684 1.287598804119829 4.936708860759494
v -0.2524135053431752 1.268968383757664 4.936708860759494
v -0.3755787174678695 1.238117104171232 4.936708860759494
v -0.4951269012311371 1.195342080047975 4.936708860759494
v -0.6099067422716523 1.141055258253407 4.936708860759494
v -0.7188128479751511 1.075779450557604 4.936708860759494
v -0.8207963930095765 1.000143298672064 4.936708860759494
v -0.9148752200863699 0.91487522008637 4.936708860759494
v -1.000143298672064 0.8207963930095767 4.936708860759494
v -1.075779450557604 0.7188128479751513 4.936708860759494
v -1.141055258253406 0.6099067422716525 4.936708860759494
v -1.195342080047975 0.4951269012311372 4.936708860759494
v -1.238117104171232 0.3755787174678698 4.936708860759494
v -1.268968383757664 0.2524135053431758 4.936708860759494
v -1.287598804119829 0.1268174131787687 4.936708860759494
v -1.293828944125215 1.584483475067144e-16 4.936708860759494
v -1.287598804119829 -0.1268174131787684 4.936708860759494
v -1.268968383757664 -0.2524135053431755 4.936708860759494
v -1.238117104171232 -0.3755787174678694 4.936708860759494
v -1.195342080047975 -0.495126901231137 4.936708860759494
v -1.141055258253407 -0.6099067422716522 4.936708860759494
v -1.075779450557604 -0.7188128479751511 4.936708860759494
v -1.000143298672064 -0.8207963930095764 4.936708860759494
v -0.9148752200863702 -0.9148752200863699 4.936708860759494
v -0.8207963930095772 -1.000143298672063 4.936708860759494
v -0.7188128479751513 -1.075779450557604 4.936708860759494
v -0.6099067422716525 -1.141055258253406 4.936708860759494
v -0.4951269012311378 -1.195342080047975 4.936708860759494
v -0.3755787174678699 -1.238117104171232 4.936708860759494
v -0.2524135053431759 -1.268968383757664 4.936708860759494
v -0.1268174131787682 -1.287598804119829 4.936708860759494
v -2.376725212600715e-16 -1.293828944125215 4.936708860759494
v 0.1268174131787677 -1.287598804119829 4.936708860759494
v 0.2524135053431754 -1.268968383757664 4.936708860759494
v 0.3755787174678694 -1.238117104171232 4.936708860759494
v 0.4951269012311374 -1.195342080047975 4.936708860759494
v 0.6099067422716522 -1.141055258253407 4.936708860759494
v 0.7188128479751509 -1.075779450557604 4.936708860759494
v 0.8207963930095769 -1.000143298672063 4.936708860759494
v 0.9148752200863698 -0.9148752200863702 4.936708860759494
v 1.000143298672063 -0.8207963930095773 4.936708860759494
v 1.075779450557604 -0.7188128479751513 4.936708860759494
v 1.141055258253406 -0.6099067422716526 4.936708860759494
v 1.195342080047975 -0.4951269012311379 4.936708860759494
v 1.238117104171232 -0.3755787174678699 4.936708860759494
v 1.268968383757664 -0.2524135053431759 4.936708860759494
v 1.287598804119829 -0.1268174131787683 4.936708860759494
v 1.3 0 5
v 1.293740144673856 0.1274222824284288 5
v 1.2750208645242 0.2536174186209667 5
v 1.244022436451871 0.3773700804308011 5
v 1.201043392264673 0.4974884620746167 5
v 1.146497643652862 0.6128157578737969 5
v 1.080910495993309 0.7222413029254828 5
v 1.004913589371558 0.8247112694127392 5
v 0.9192388155425119 0.9192388155425117 5
v 0.8247112694127392 1.004913589371558 5
v 0.7222413029254831 1.080910495993309 5
v 0.6128157578737972 1.146497643652862 5
v 0.4974884620746168 1.201043392264673 5
v 0.3773700804308011 1.244022436451871 5
v 0.2536174186209668 1.2750208645242 5
v 0.127422282428429 1.293740144673856 5
v 7.960204194457797e-17 1.3 5
v -0.1274222824284288 1.293740144673856 5
v -0.2536174186209667 1.2750208645242 5
v -0.3773700804308008 1.244022436451872 5
v -0.4974884620746167 1.201043392264673 5
v -0.6128157578737971 1.146497643652862 5
v -0.7222413029254826 1.080910495993309 5
v -0.824711269412739 1.004913589371558 5
v -0.9192388155425117 0.9192388155425119 5
v -1.004913589371558 0.8247112694127392 5
v -1.080910495993309 0.7222413029254828 5
v -1.146497643652862 0.6128157578737973 5
v -1.201043392264673 0.4974884620746169 5
v -1.244022436451871 0.3773700804308011 5
v -1.2750208645242 0.2536174186209672 5
v -1.293740144673856 0.1274222824284291 5
v -1.3 1.592040838891559e-16 5
v -1.293740144673856 -0.1274222824284288 5
v -1.2750208645242 -0.2536174186209669 5
v -1.244022436451872 -0.3773700804308008 5
v -1.201043392264673 -0.4974884620746166 5
v -1.146497643652862 -0.6128157578737969 5
v -1.080910495993309 -0.7222413029254826 5
v -1.004913589371558 -0.8247112694127389 5
v -0.919238815542512 -0.9192388155425117 5
v -0.8247112694127396 -1.004913589371558 5
v -0.7222413029254828 -1.080910495993309 5
v -0.6128157578737973 -1.146497643652862 5
v -0.4974884620746174 -1.201043392264673 5
v -0.3773700804308012 -1.244022436451871 5
v -0.2536174186209673 -1.275020864524199 5
v -0.1274222824284286 -1.293740144673856 5
v -2.388061258337339e-16 -1.3 5
v 0.1274222824284281 -1.293740144673856 5
v 0.2536174186209668 -1.2750208645242 5
v 0.3773700804308007 -1.244022436451872 5
v 0.497488462074617 -1.201043392264673 5
v 0.6128157578737968 -1.146497643652862 5
v 0.7222413029254824 -1.080910495993309 5
v 0.8247112694127393 -1.004913589371558 5
v 0.9192388155425116 -0.919238815542512 5
v 1.004913589371558 -0.8247112694127398 5
v 1.080910495993309 -0.7222413029254828 5
v 1.146497643652861 -0.6128157578737974 5
v 1.201043392264673 -0.4974884620746176 5
v 1.244022436451871 -0.3773700804308013 5
v 1.275020864524199 -0.2536174186209674 5
v 1.293740144673856 -0.1274222824284287 5
f 1 2 65
f 2 66 65
f 2 3 66
f 3 67 66
f 3 4 67
f 4 68 67
f 4 5 68
f 5 69 68
f 5 6 69
f 6 70 69
f 6 7 70
f 7 71 70
f 7 8 71
f 8 72 71
f 8 9 72
f 9 73 72
f 9 10 73
f 10 74 73
f 10 11 74
f 11 75 74
f 11 12 75
f 12 76 75
f 12 13 76
f 13 77 76
f 13 14 77
f 14 78 77
f 14 15 78
f 15 79 78
f 15 16 79
f 16 80 79
f 16 17 80
f 17 81 80
f 17 18 81
f 18 82 81
f 18 19 82
f 19 83 82
f 19 20 83
f 20 84 83
f 20 21 84
f 21 85 84
f 21 22 85
f 22 86 85
f 22 23 86
f 23 87 86
f 23 24 87
f 24 88 87
f 24 25 88
f 25 89 88
f 25 26 89
f 26 90 89
f 26 27 90
f 27 91 90
f 27 28 91
f 28 92 91
f 28 29 92
f 29 93 92
f 29 30 93
f 30 94 93
f 30 31 94
f 31 95 94
f 31 32 95
f 32 96 95
f 32 33 96
f 33 97 96
f 33 34 97
f 34 98 97
f 34 35 98
f 35 99 98
f 35 36 99
f 36 100 99
f 36 37 100
f 37 101 100
f 37 38 101
f 38 102 101
f 38 39 102
f 39 103 102
f 39 40 103
f 40 104 103
f 40 41 104
f 41 105 104
f 41 42 105
f 42 106 105
f 42 43 106
f 43 107 106
f 43 44 107
f 44 108 107
f 44 45 108
f 45 109 108
f 45 46 109
f 46 110 109
f 46 47 110
f 47 111 110
f 47 48 111
f 48 112 111
f 48 49 112
f 49 113 112
f 49 50 113
f 50 114 113
f 50 51 114
f 51 115 114
f 51 52 115
f 52 116 115
f 52 53 116
f 53 117 116
f 53 54 117
f 54 118 117
f 54 55 118
f 55 119 118
f 55 56 119
f 56 120 119
f 56 57 120
f 57 121 120
f 57 58 121
f 58 122 121
f 58 59 122
f 59 123 122
f 59 60 123
f 60 124 123
f 60 61 124
f 61 125 124
f 61 62 125
f 62 126 125
f 62 63 126
f 63 127 126
f 63 64 127
f 64 128 127
f 64 1 128
f 1 65 128
f 65 66 129
f 66 130 129
f 66 67 130
f 67 131 130
f 67 68 131
f 68 132 131
f 68 69 132
f 69 133 132
f 69 70 133
f 70 134 133
f 70 71 134
f 71 135 134
f 71 72 135
f 72 136 135
f 72 73 136
f 73 137 136
f 73 74 137
f 74 138 137
f 74 75 138
f 75 139 138
f 75 76 139
f 76 140 139
f 76 77 140
f 77 141 140
f 77 78 141
f 78 142 141
f 78 79 142
f 79 143 142
f 79 80 143
f 80 144 143
f 80 81 144
f 81 145 144
f 81 82 145
f 82 146 145
f 82 83 146
f 83 147 146
f 83 84 147
f 84 148 147
f 84 85 148
f 85 149 148
f 85 86 149
f 86 150 149
f 86 87 150
f 87 151 150
f 87 88 151
f 88 152 151
f 88 89 152
f 89 153 152
f 89 90 153
f 90 154 153
f 90 91 154
f 91 155 154
f 91 92 155
f 92 156 155
f 92 93 156
f 93 157 156
f 93 94 157
f 94 158 157
f 94 95 158
f 95 159 158
f 95 96 159
f 96 160 159
f 96 97 160
f 97 161 160
f 97 98 161
f 98 162 161
f 98 99 162
f 99 163 162
f 99 100 163
f 100 164 163
f 100 101 164
f 101 165 164
f 101 102 165
f 102 166 165
f 102 103 166
f 103 167 166
f 103 104 167
f 104 168 167
f 104 105 168
f 105 169 168
f 105 106 169
f 106 170 169
f 106 107 170
f 107 171 170
f 107 108 171
f 108 172 171
f 108 109 172
f 109 173 172
f 109 110 173
f 110 174 173
f 110 111 174
f 111 175 174
f 111 112 175
f 112 176 175
f 112 113 176
f 113 177 176
f 113 114 177
f 114 178 177
f 114 115 178
f 115 179 178
f 115 116 179
f 116 180 179
f 116 117 180
f 117 181 180
f 117 118 181
f 118 182 181
f 118 119 182
f 119 183 182
f 119 120 183
f 120 184 183
f 120 121 184
f 121 185 184
f 121 122 185
f 122 186 185
f 122 123 186
f 123 187 186
f 123 124 187
f 124 188 187
f 124 125 188
f 125 189 188
f 125 126 189
f 126 190 189
f 126 127 190
f 127 191 190
f 127 128 191
f 128 192 191
f 128 65 192
f 65 129 192
f 129 130 193
f 130 194 193
f 130 131 194
f 131 195 194
f 131 132 195
f 132 196 195
f 132 133 196
f 133 197 196
f 133 134 197
f 134 198 197
f 134 135 198
f 135 199 198
f 135 136 199
f 136 200 199
f 136 137 200
f 137 201 200
f 137 138 201
f 138 202 201
f 138 139 202
f 139 203 202
f 139 140 203
f 140 204 203
f 140 141 204
f 141 205 204
f 141 142 205
f 142 206 205
f 142 143 206
f 143 207 206
f 143 144 207
f 144 208 207
f 144 145 208
f 145 209 208
f 145 146 209
f 146 210 209
f 146 147 210
f 147 211 210
f 147 148 211
f 148 212 211
f 148 149 212
f 149 213 212
f 149 150 213
f 150 214 213
f 150 151 214
f 151 215 214
f 151 152 215
f 152 216 215
f 152 153 216
f 153 217 216
f 153 154 217
f 154 218 217
f 154 155 218
f 155 219 218
f 155 156 219
f 156 220 219
f 156 157 220
f 157 221 220
f 157 158 221
f 158 222 221
f 158 159 222
f 159 223 222
f 159 160 223
f 160 224 223
f 160 161 224
f 161 225 224
f 161 162 225
f 162 226 225
f 162 163 226
f 163 227 226
f 163 164 227
f 164 228 227
f 164 165 228
f 165 229 228
f 165 166 229
f 166 230 229
f 166 167 230
f 167 231 230
f 167 168 231
f 168 232 231
f 168 169 232
f 169 233 232
f 169 170 233
f 170 234 233
f 170 171 234
f 171 235 234
f 171 172 235
f 172 236 235
f 172 173 236
f 173 237 236
f 173 174 237
f 174 238 237
f 174 175 238
f 175 239 238
f 175 176 239
f 176 240 239
f 176 177 240
f 177 241 240
f 177 178 241
f 178 242 241
f 178 179 242
f 179 243 242
f 179 180 243
f 180 244 243
f 180 181 244
f 181 245 244
f 181 182 245
f 182 246 245
f 182 183 246
f 183 247 246
f 183 184 247
f 184 248 247
f 184 185 248
f 185 249 248
f 185 186 249
f 186 250 249
f 186 187 250
f 187 251 250
f 187 188 251
f 188 252 251
f 188 189 252
f 189 253 252
f 189 190 253
f 190 254 253
f 190 191 254
f 191 255 254
f 191 192 255
f 192 256 255
f 192 129 256
f 129 193 256
f 193 194 257
f 194 258 257
f 194 195 258
f 195 259 258
f 195 196 259
f 196 260 259
f 196 197 260
f 197 261 260
f 197 198 261
f 198 262 261
f 198 199 262
f 199 263 262
f 199 200 263
f 200 264 263
f 200 201 264
f 201 265 264
f 201 202 265
f 202 266 265
f 202 203 266
f 203 267 266
f 203 204 267
f 204 268 267
f 204 205 268
f 205 269 268
f 205 206 269
f 206 270 269
f 206 207 270
f 207 271 270
f 207 208 271
f 208 272 271
f 208 209 272
f 209 273 272
f 209 210 273
f 210 274 273
f 210 211 274
f 211 275 274
f 211 212 275
f 212 276 275
f 212 213 276
f 213 277 276
f 213 214 277
f 214 278 277
f 214 215 278
f 215 279 278
f 215 216 279
f 216 280 279
f 216 217 280
f 217 281 280
f 217 218 281
f 218 282 281
f 218 219 282
f 219 283 282
f 219 220 283
f 220 284 283
f 220 221 284
f 221 285 284
f 221 222 285
f 222 286 285
f 222 223 286
f 223 287 286
f 223 224 287
f 224 288 287
f 224 225 288
f 225 289 288
f 225 226 289
f 226 290 289
f 226 227 290
f 227 291 290
f 227 228 291
f 228 292 291
f 228 229 292
f 229 293 292
f 229 230 293
f 230 294 293
f 230 231 294
f 231 295 294
f 231 232 295
f 232 296 295
f 232 233 296
f 233 297 296
f 233 234 297
f 234 298 297
f 234 235 298
f 235 299 298
f 235 236 299
f 236 300 299
f 236 237 300
f 237 301 300
f 237 238 301
f 238 302 301
f 238 239 302
f 239 303 302
f 239 240 303
f 240 304 303
f 240 241 304
f 241 305 304
f 241 242 305
f 242 306 305
f 242 243 306
f 243 307 306
f 243 244 307
f 244 308 307
f 244 245 308
f 245 309 308
f 245 246 309
f 246 310 309
f 246 247 310
f 247 311 310
f 247 248 311
f 248 312 311
f 248 249 312
f 249 313 312
f 249 250 313
f 250 314 313
f 250 251 314
f 251 315 314
f 251 252 315
f 252 316 315
f 252 253 316
f 253 317 316
f 253 254 317
f 254 318 317
f 254 255 318
f 255 319 318
f 255 256 319
f 256 320 319
f 256 193 320
f 193 257 320
f 257 258 321
f 258 322 321
f 258 259 322
f 259 323 322
f 259 260 323
f 260 324 323
f 260 261 324
f 261 325 324
f 261 262 325
f 262 326 325
f 262 263 326
f 263 327 326
f 263 264 327
f 264 328 327
f 264 265 328
f 265 329 328
f 265 266 329
f 266 330 329
f 266 267 330
f 267 331 330
f 267 268 331
f 268 332 331
f 268 269 332
f 269 333 332
f 269 270 333
f 270 334 333
f 270 271 334
f 271 335 334
f 271 272 335
f 272 336 335
f 272 273 336
f 273 337 336
f 273 274 337
f 274 338 337
f 274 275 338
f 275 339 338
f 275 276 339
f 276 340 339
f 276 277 340
f 277 341 340
f 277 278 341
f 278 342 341
f 278 279 342
f 279 343 342
f 279 280 343
f 280 344 343
f 280 281 344
f 281 345 344
f 281 282 345
f 282 346 345
f 282 283 346
f 283 347 346
f 283 284 347
f 284 348 347
f 284 285 348
f 285 349 348
f 285 286 349
f 286 350 349
f 286 287 350
f 287 351 350
f 287 288 351
f 288 352 351
f 288 289 352
f 289 353 352
f 289 290 353
f 290 354 353
f 290 291 354
f 291 355 354
f 291 292 355
f 292 356 355
f 292 293 356
f 293 357 356
f 293 294 357
f 294 358 357
f 294 295 358
f 295 359 358
f 295 296 359
f 296 360 359
f 296 297 360
f 297 361 360
f 297 298 361
f 298 362 361
f 298 299 362
f 299 363 362
f 299 300 363
f 300 364 363
f 300 301 364
f 301 365 364
f 301 302 365
f 302 366 365
f 302 303 366
f 303 367 366
f 303 304 367
f 304 368 367
f 304 305 368
f 305 369 368
f 305 306 369
f 306 370 369
f 306 307 370
f 307 371 370
f 307 308 371
f 308 372 371
f 308 309 372
f 309 373 372
f 309 310 373
f 310 374 373
f 310 311 374
f 311 375 374
f 311 312 375
f 312 376 375
f 312 313 376
f 313 377 376
f 313 314 377
f 314 378 377
f 314 315 378
f 315 379 378
f 315 316 379
f 316 380 379
f 316 317 380
f 317 381 380
f 317 318 381
f 318 382 381
f 318 319 382
f 319 383 382
f 319 320 383
f 320 384 383
f 320 257 384
f 257 321 384
f 321 322 385
f 322 386 385
f 322 323 386
f 323 387 386
f 323 324 387
f 324 388 387
f 324 325 388
f 325 389 388
f 325 326 389
f 326 390 389
f 326 327 390
f 327 391 390
f 327 328 391
f 328 392 391
f 328 329 392
f 329 393 392
f 329 330 393
f 330 394 393
f 330 331 394
f 331 395 394
f 331 332 395
f 332 396 395
f 332 333 396
f 333 397 396
f 333 334 397
f 334 398 397
f 334 335 398
f 335 399 398
f 335 336 399
f 336 400 399
f 336 337 400
f 337 401 400
f 337 338 401
f 338 402 401
f 338 339 402
f 339 403 402
f 339 340 403
f 340 404 403
f 340 341 404
f 341 405 404
f 341 342 405
f 342 406 405
f 342 343 406
f 343 407 406
f 343 344 407
f 344 408 407
f 344 345 408
f 345 409 408
f 345 346 409
f 346 410 409
f 346 347 410
f 347 411 410
f 347 348 411
f 348 412 411
f 348 349 412
f 349 413 412
f 349 350 413
f 350 414 413
f 350 351 414
f 351 415 414
f 351 352 415
f 352 416 415
f 352 353 416
f 353 417 416
f 353 354 417
f 354 418 417
f 354 355 418
f 355 419 418
f 355 356 419
f 356 420 419
f 356 357 420
f 357 421 420
f 357 358 421
f 358 422 421
f 358 359 422
f 359 423 422
f 359 360 423
f 360 424 423
f 360 361 424
f 361 425 424
f 361 362 425
f 362 426 425
f 362 363 426
f 363 427 426
f 363 364 427
f 364 428 427
f 364 365 428
f 365 429 428
f 365 366 429
f 366 430 429
f 366 367 430
f 367 431 430
f 367 368 431
f 368 432 431
f 368 369 432
f 369 433 432
f 369 370 433
f 370 434 433
f 370 371 434
f 371 435 434
f 371 372 435
f 372 436 435
f 372 373 436
f 373 437 436
f 373 374 437
f 374 438 437
f 374 375 438
f 375 439 438
f 375 376 439
f 376 440 439
f 376 377 440
f 377 441 440
f 377 378 441
f 378 442 441
f 378 379 442
f 379 443 442
f 379 380 443
f 380 444 443
f 380 381 444
f 381 445 444
f 381 382 445
f 382 446 445
f 382 383 446
f 383 447 446
f 383 384 447
f 384 448 447
f 384 321 448
f 321 385 448
f 385 386 449
f 386 450 449
f 386 387 450
f 387 451 450
f 387 388 451
f 388 452 451
f 388 389 452
f 389 453 452
f 389 390 453
f 390 454 453
f 390 391 454
f 391 455 454
f 391 392 455
f 392 456 455
f 392 393 456
f 393 457 456
f 393 394 457
f 394 458 457
f 394 395 458
f 395 459 458
f 395 396 459
f 396 460 459
f 396 397 460
f 397 461 460
f 397 398 461
f 398 462 461
f 398 399 462
f 399 463 462
f 399 400 463
f 400 464 463
f 400 401 464
f 401 465 464
f 401 402 465
f 402 466 465
f 402 403 466
f 403 467 466
f 403 404 467
f 404 468 467
f 404 405 468
f 405 469 468
f 405 406 469
f 406 470 469
f 406 407 470
f 407 471 470
f 407 408 471
f 408 472 471
f 408 409 472
f 409 473 472
f 409 410 473
f 410 474 473
f 410 411 474
f 411 475 474
f 411 412 475
f 412 476 475
f 412 413 476
f 413 477 476
f 413 414 477
f 414 478 477
f 414 415 478
f 415 479 478
f 415 416 479
f 416 480 479
f 416 417 480
f 417 481 480
f 417 418 481
f 418 482 481
f 418 419 482
f 419 483 482
f 419 420 483
f 420 484 483
f 420 421 484
f 421 485 484
f 421 422 485
f 422 486 485
f 422 423 486
f 423 487 486
f 423 424 487
f 424 488 487
f 424 425 488
f 425 489 488
f 425 426 489
f 426 490 489
f 426 427 490
f 427 491 490
f 427 428 491
f 428 492 491
f 428 429 492
f 429 493 492
f 429 430 493
f 430 494 493
f 430 431 494
f 431 495 494
f 431 432 495
f 432 496 495
f 432 433 496
f 433 497 496
f 433 434 497
f 434 498 497
f 434 435 498
f 435 499 498
f 435 436 499
f 436 500 499
f 436 437 500
f 437 501 500
f 437 438 501
f 438 502 501
f 438 439 502
f 439 503 502
f 439 440 503
f 440 504 503
f 440 441 504
f 441 505 504
f 441 442 505
f 442 506 505
f 442 443 506
f 443 507 506
f 443 444 507
f 444 508 507
f 444 445 508
f 445 509 508
f 445 446 509
f 446 510 509
f 446 447 510
f 447 511 510
f 447 448 511
f 448 512 511
f 448 385 512
f 385 449 512
f 449 450 513
f 450 514 513
f 450 451 514
f 451 515 514
f 451 452 515
f 452 516 515
f 452 453 516
f 453 517 516
f 453 454 517
f 454 518 517
f 454 455 518
f 455 519 518
f 455 456 519
f 456 520 519
f 456 457 520
f 457 521 520
f 457 458 521
f 458 522 521
f 458 459 522
f 459 523 522
f 459 460 523
f 460 524 523
f 460 461 524
f 461 525 524
f 461 462 525
f 462 526 525
f 462 463 526
f 463 527 526
f 463 464 527
f 464 528 527
f 464 465 528
f 465 529 528
f 465 466 529
f 466 530 529
f 466 467 530
f 467 531 530
f 467 468 531
f 468 532 531
f 468 469 532
f 469 533 532
f 469 470 533
f 470 534 533
f 470 471 534
f 471 535 534
f 471 472 535
f 472 536 535
f 472 473 536
f 473 537 536
f 473 474 537
f 474 538 537
f 474 475 538
f 475 539 538
f 475 476 539
f 476 540 539
f 476 477 540
f 477 541 540
f 477 478 541
f 478 542 541
f 478 479 542
f 479 543 542
f 479 480 543
f 480 544 543
f 480 481 544
f 481 545 544
f 481 482 545
f 482 546 545
f 482 483 546
f 483 547 546
f 483 484 547
f 484 548 547
f 484 485 548
f 485 549 548
f 485 486 549
f 486 550 549
f 486 487 550
f 487 551 550
f 487 488 551
f 488 552 551
f 488 489 552
f 489 553 552
f 489 490 553
f 490 554 553
f 490 491 554
f 491 555 554
f 491 492 555
f 492 556 555
f 492 493 556
f 493 557 556
f 493 494 557
f 494 558 557
f 494 495 558
f 495 559 558
f 495 496 559
f 496 560 559
f 496 497 560
f 497 561 560
f 497 498 561
f 498 562 561
f 498 499 562
f 499 563 562
f 499 500 563
f 500 564 563
f 500 501 564
f 501 565 564
f 501 502 565
f 502 566 565
f 502 503 566
f 503 567 566
f 503 504 567
f 504 568 567
f 504 505 568
f 505 569 568
f 505 506 569
f 506 570 569
f 506 507 570
f 507 571 570
f 507 508 571
f 508 572 571
f 508 509 572
f 509 573 572
f 509 510 573
f 510 574 573
f 510 511 574
f 511 575 574
f 511 512 575
f 512 576 575
f 512 449 576
f 449 513 576
f 513 514 577
f 514 578 577
f 514 515 578
f 515 579 578
f 515 516 579
f 516 580 579
f 516 517 580
f 517 581 580
f 517 518 581
f 518 582 581
f 518 519 582
f 519 583 582
f 519 520 583
f 520 584 583
f 520 521 584
f 521 585 584
f 521 522 585
f 522 586 585
f 522 523 586
f 523 587 586
f 523 524 587
f 524 588 587
f 524 525 588
f 525 589 588
f 525 526 589
f 526 590 589
f 526 527 590
f 527 591 590
f 527 528 591
f 528 592 591
f 528 529 592
f 529 593 592
f 529 530 593
f 530 594 593
f 530 531 594
f 531 595 594
f 531 532 595
f 532 596 595
f 532 533 596
f 533 597 596
f 533 534 597
f 534 598 597
f 534 535 598
f 535 599 598
f 535 536 599
f 536 600 599
f 536 537 600
f 537 601 600
f 537 538 601
f 538 602 601
f 538 539 602
f 539 603 602
f 539 540 603
f 540 604 603
f 540 541 604
f 541 605 604
f 541 542 605
f 542 606 605
f 542 543 606
f 543 607 606
f 543 544 607
f 544 608 607
f 544 545 608
f 545 609 608
f 545 546 609
f 546 610 609
f 546 547 610
f 547 611 610
f 547 548 611
f 548 612 611
f 548 549 612
f 549 613 612
f 549 550 613
f 550 614 613
f 550 551 614
f 551 615 614
f 551 552 615
f 552 616 615
f 552 553 616
f 553 617 616
f 553 554 617
f 554 618 617
f 554 555 618
f 555 619 618
f 555 556 619
f 556 620 619
f 556 557 620
f 557 621 620
f 557 558 621
f 558 622 621
f 558 559 622
f 559 623 622
f 559 560 623
f 560 624 623
f 560 561 624
f 561 625 624
f 561 562 625
f 562 626 625
f 562 563 626
f 563 627 626
f 563 564 627
f 564 628 627
f 564 565 628
f 565 629 628
f 565 566 629
f 566 630 629
f 566 567 630
f 567 631 630
f 567 568 631
f 568 632 631
f 568 569 632
f 569 633 632
f 569 570 633
f 570 634 633
f 570 571 634
f 571 635 634
f 571 572 635
f 572 636 635
f 572 573 636
f 573 637 636
f 573 574 637
f 574 638 637
f 574 575 638
f 575 639 638
f 575 576 639
f 576 640 639
f 576 513 640
f 513 577 640
f 577 578 641
f 578 642 641
f 578 579 642
f 579 643 642
f 579 580 643
f 580 644 643
f 580 581 644
f 581 645 644
f 581 582 645
f 582 646 645
f 582 583 646
f 583 647 646
f 583 584 647
f 584 648 647
f 584 585 648
f 585 649 648
f 585 586 649
f 586 650 649
f 586 587 650
f 587 651 650
f 587 588 651
f 588 652 651
f 588 589 652
f 589 653 652
f 589 590 653
f 590 654 653
f 590 591 654
f 591 655 654
f 591 592 655
f 592 656 655
f 592 593 656
f 593 657 656
f 593 594 657
f 594 658 657
f 594 595 658
f 595 659 658
f 595 596 659
f 596 660 659
f 596 597 660
f 597 661 660
f 597 598 661
f 598 662 661
f 598 599 662
f 599 663 662
f 599 600 663
f 600 664 663
f 600 601 664
f 601 665 664
f 601 602 665
f 602 666 665
f 602 603 666
f 603 667 666
f 603 604 667
f 604 668 667
f 604 605 668
f 605 669 668
f 605 606 669
f 606 670 669
f 606 607 670
f 607 671 670
f 607 608 671
f 608 672 671
f 608 609 672
f 609 673 672
f 609 610 673
f 610 674 673
f 610 611 674
f 611 675 674
f 611 612 675
f 612 676 675
f 612 613 676
f 613 677 676
f 613 614 677
f 614 678 677
f 614 615 678
f 615 679 678
f 615 616 679
f 616 680 679
f 616 617 680
f 617 681 680
f 617 618 681
f 618 682 681
f 618 619 682
f 619 683 682
f 619 620 683
f 620 684 683
f 620 621 684
f 621 685 684
f 621 622 685
f 622 686 685
f 622 623 686
f 623 687 686
f 623 624 687
f 624 688 687
f 624 625 688
f 625 689 688
f 625 626 689
f 626 690 689
f 626 627 690
f 627 691 690
f 627 628 691
f 628 692 691
f 628 629 692
f 629 693 692
f 629 630 693
f 630 694 693
f 630 631 694
f 631 695 694
f 631 632 695
f 632 696 695
f 632 633 696
f 633 697 696
f 633 634 697
f 634 698 697
f 634 635 698
f 635 699 698
f 635 636 699
f 636 700 699
f 636 637 700
f 637 701 700
f 637 638 701
f 638 702 701
f 638 639 702
f 639 703 702
f 639 640 703
f 640 704 703
f 640 577 704
f 577 641 704
f 641 642 705
f 642 706 705
f 642 643 706
f 643 707 706
f 643 644 707
f 644 708 707
f 644 645 708
f 645 709 708
f 645 646 709
f 646 710 709
f 646 647 710
f 647 711 710
f 647 648 711
f 648 712 711
f 648 649 712
f 649 713 712
f 649 650 713
f 650 714 713
f 650 651 714
f 651 715 714
f 651 652 715
f 652 716 715
f 652 653 716
f 653 717 716
f 653 654 717
f 654 718 717
f 654 655 718
f 655 719 718
f 655 656 719
f 656 720 719
f 656 657 720
f 657 721 720
f 657 658 721
f 658 722 721
f 658 659 722
f 659 723 722
f 659 660 723
f 660 724 723
f 660 661 724
f 661 725 724
f 661 662 725
f 662 726 725
f 662 663 726
f 663 727 726
f 663 664 727
f 664 728 727
f 664 665 728
f 665 729 728
f 665 666 729
f 666 730 729
f 666 667 730
f 667 731 730
f 667 668 731
f 668 732 731
f 668 669 732
f 669 733 732
f 669 670 733
f 670 734 733
f 670 671 734
f 671 735 734
f 671 672 735
f 672 736 735
f 672 673 736
f 673 737 736
f 673 674 737
f 674 738 737
f 674 675 738
f 675 739 738
f 675 676 739
f 676 740 739
f 676 677 740
f 677 741 740
f 677 678 741
f 678 742 741
f 678 679 742
f 679 743 742
f 679 680 743
f 680 744 743
f 680 681 744
f 681 745 744
f 681 682 745
f 682 746 745
f 682 683 746
f 683 747 746
f 683 684 747
f 684 748 747
f 684 685 748
f 685 749 748
f 685 686 749
f 686 750 749
f 686 687 750
f 687 751 750
f 687 688 751
f 688 752 751
f 688 689 752
f 689 753 752
f 689 690 753
f 690 754 753
f 690 691 754
f 691 755 754
f 691 692 755
f 692 756 755
f 692 693 756
f 693 757 756
f 693 694 757
f 694 758 757
f 694 695 758
f 695 759 758
f 695 696 759
f 696 760 759
f 696 697 760
f 697 761 760
f 697 698 761
f 698 762 761
f 698 699 762
f 699 763 762
f 699 700 763
f 700 764 763
f 700 701 764
f 701 765 764
f 701 702 765
f 702 766 765
f 702 703 766
f 703 767 766
f 703 704 767
f 704 768 767
f 704 641 768
f 641 705 768
f 705 706 769
f 706 770 769
f 706 707 770
f 707 771 770
f 707 708 771
f 708 772 771
f 708 709 772
f 709 773 772
f 709 710 773
f 710 774 773
f 710 711 774
f 711 775 774
f 711 712 775
f 712 776 775
f 712 713 776
f 713 777 776
f 713 714 777
f 714 778 777
f 714 715 778
f 715 779 778
f 715 716 779
f 716 780 779
f 716 717 780
f 717 781 780
f 717 718 781
f 718 782 781
f 718 719 782
f 719 783 782
f 719 720 783
f 720 784 783
f 720 721 784
f 721 785 784
f 721 722 785
f 722 786 785
f 722 723 786
f 723 787 786
f 723 724 787
f 724 788 787
f 724 725 788
f 725 789 788
f 725 726 789
f 726 790 789
f 726 727 790
f 727 791 790
f 727 728 791
f 728 792 791
f 728 729 792
f 729 793 792
f 729 730 793
f 730 794 793
f 730 731 794
f 731 795 794
f 731 732 795
f 732 796 795
f 732 733 796
f 733 797 796
f 733 734 797
f 734 798 797
f 734 735 798
f 735 799 798
f 735 736 799
f 736 800 799
f 736 737 800
f 737 801 800
f 737 738 801
f 738 802 801
f 738 739 802
f 739 803 802
f 739 740 803
f 740 804 803
f 740 741 804
f 741 805 804
f 741 742 805
f 742 806 805
f 742 743 806
f 743 807 806
f 743 744 807
f 744 808 807
f 744 745 808
f 745 809 808
f 745 746 809
f 746 810 809
f 746 747 810
f 747 811 810
f 747 748 811
f 748 812 811
f 748 749 812
f 749 813 812
f 749 750 813
f 750 814 813
f 750 751 814
f 751 815 814
f 751 752 815
f 752 816 815
f 752 753 816
f 753 817 816
f 753 754 817
f 754 818 817
f 754 755 818
f 755 819 818
f 755 756 819
f 756 820 819
f 756 757 820
f 757 821 820
f 757 758 821
f 758 822 821
f 758 759 822
f 759 823 822
f 759 760 823
f 760 824 823
f 760 761 824
f 761 825 824
f 761 762 825
f 762 826 825
f 762 763 826
f 763 827 826
f 763 764 827
f 764 828 827
f 764 765 828
f 765 829 828
f 765 766 829
f 766 830 829
f 766 767 830
f 767 831 830
f 767 768 831
f 768 832 831
f 768 705 832
f 705 769 832
f 769 770 833
f 770 834 833
f 770 771 834
f 771 835 834
f 771 772 835
f 772 836 835
f 772 773 836
f 773 837 836
f 773 774 837
f 774 838 837
f 774 775 838
f 775 839 838
f 775 776 839
f 776 840 839
f 776 777 840
f 777 841 840
f 777 778 841
f 778 842 841
f 778 779 842
f 779 843 842
f 779 780 843
f 780 844 843
f 780 781 844
f 781 845 844
f 781 782 845
f 782 846 845
f 782 783 846
f 783 847 846
f 783 784 847
f 784 848 847
f 784 785 848
f 785 849 848
f 785 786 849
f 786 850 849
f 786 787 850
f 787 851 850
f 787 788 851
f 788 852 851
f 788 789 852
f 789 853 852
f 789 790 853
f 790 854 853
f 790 791 854
f 791 855 854
f 791 792 855
f 792 856 855
f 792 793 856
f 793 857 856
f 793 794 857
f 794 858 857
f 794 795 858
f 795 859 858
f 795 796 859
f 796 860 859
f 796 797 860
f 797 861 860
f 797 798 861
f 798 862 861
f 798 799 862
f 799 863 862
f 799 800 863
f 800 864 863
f 800 801 864
f 801 865 864
f 801 802 865
f 802 866 865
f 802 803 866
f 803 867 866
f 803 804 867
f 804 868 867
f 804 805 868
f 805 869 868
f 805 806 869
f 806 870 869
f 806 807 870
f 807 871 870
f 807 808 871
f 808 872 871
f 808 809 872
f 809 873 872
f 809 810 873
f 810 874 873
f 810 811 874
f 811 875 874
f 811 812 875
f 812 876 875
f 812 813 876
f 813 877 876
f 813 814 877
f 814 878 877
f 814 815 878
f 815 879 878
f 815 816 879
f 816 880 879
f 816 817 880
f 817 881 880
f 817 818 881
f 818 882 881
f 818 819 882
f 819 883 882
f 819 820 883
f 820 884 883
f 820 821 884
f 821 885 884
f 821 822 885
f 822 886 885
f 822 823 886
f 823 887 886
f 823 824 887
f 824 888 887
f 824 825 888
f 825 889 888
f 825 826 889
f 826 890 889
f 826 827 890
f 827 891 890
f 827 828 891
f 828 892 891
f 828 829 892
f 829 893 892
f 829 830 893
f 830 894 893
f 830 831 894
f 831 895 894
f 831 832 895
f 832 896 895
f 832 769 896
f 769 833 896
f 833 834 897
f 834 898 897
f 834 835 898
f 835 899 898
f 835 836 899
f 836 900 899
f 836 837 900
f 837 901 900
f 837 838 901
f 838 902 901
f 838 839 902
f 839 903 902
f 839 840 903
f 840 904 903
f 840 841 904
f 841 905 904
f 841 842 905
f 842 906 905
f 842 843 906
f 843 907 906
f 843 844 907
f 844 908 907
f 844 845 908
f 845 909 908
f 845 846 909
f 846 910 909
f 846 847 910
f 847 911 910
f 847 848 911
f 848 912 911
f 848 849 912
f 849 913 912
f 849 850 913
f 850 914 913
f 850 851 914
f 851 915 914
f 851 852 915
f 852 916 915
f 852 853 916
f 853 917 916
f 853 854 917
f 854 918 917
f 854 855 918
f 855 919 918
f 855 856 919
f 856 920 919
f 856 857 920
f 857 921 920
f 857 858 921
f 858 922 921
f 858 859 922
f 859 923 922
f 859 860 923
f 860 924 923
f 860 861 924
f 861 925 924
f 861 862 925
f 862 926 925
f 862 863 926
f 863 927 926
f 863 864 927
f 864 928 927
f 864 865 928
f 865 929 928
f 865 866 929
f 866 930 929
f 866 867 930
f 867 931 930
f 867 868 931
f 868 932 931
f 868 869 932
f 869 933 932
f 869 870 933
f 870 934 933
f 870 871 934
f 871 935 934
f 871 872 935
f 872 936 935
f 872 873 936
f 873 937 936
f 873 874 937
f 874 938 937
f 874 875 938
f 875 939 938
f 875 876 939
f 876 940 939
f 876 877 940
f 877 941 940
f 877 878 941
f 878 942 941
f 878 879 942
f 879 943 942
f 879 880 943
f 880 944 943
f 880 881 944
f 881 945 944
f 881 882 945
f 882 946 945
f 882 883 946
f 883 947 946
f 883 884 947
f 884 948 947
f 884 885 948
f 885 949 948
f 885 886 949
f 886 950 949
f 886 887 950
f 887 951 950
f 887 888 951
f 888 952 951
f 888 889 952
f 889 953 952
f 889 890 953
f 890 954 953
f 890 891 954
f 891 955 954
f 891 892 955
f 892 956 955
f 892 893 956
f 893 957 956
f 893 894 957
f 894 958 957
f 894 895 958
f 895 959 958
f 895 896 959
f 896 960 959
f 896 833 960
f 833 897 960
f 897 898 961
f 898 962 961
f 898 899 962
f 899 963 962
f 899 900 963
f 900 964 963
f 900 901 964
f 901 965 964
f 901 902 965
f 902 966 965
f 902 903 966
f 903 967 966
f 903 904 967
f 904 968 967
f 904 905 968
f 905 969 968
f 905 906 969
f 906 970 969
f 906 907 970
f 907 971 970
f 907 908 971
f 908 972 971
f 908 909 972
f 909 973 972
f 909 910 973
f 910 974 973
f 910 911 974
f 911 975 974
f 911 912 975
f 912 976 975
f 912 913 976
f 913 977 976
f 913 914 977
f 914 978 977
f 914 915 978
f 915 979 978
f 915 916 979
f 916 980 979
f 916 917 980
f 917 981 980
f 917 918 981
f 918 982 981
f 918 919 982
f 919 983 982
f 919 920 983
f 920 984 983
f 920 921 984
f 921 985 984
f 921 922 985
f 922 986 985
f 922 923 986
f 923 987 986
f 923 924 987
f 924 988 987
f 924 925 988
f 925 989 988
f 925 926 989
f 926 990 989
f 926 927 990
f 927 991 990
f 927 928 991
f 928 992 991
f 928 929 992
f 929 993 992
f 929 930 993
f 930 994 993
f 930 931 994
f 931 995 994
f 931 932 995
f 932 996 995
f 932 933 996
f 933 997 996
f 933 934 997
f 934 998 997
f 934 935 998
f 935 999 998
f 935 936 999
f 936 1000 999
f 936 937 1000
f 937 1001 1000
f 937 938 1001
f 938 1002 1001
f 938 939 1002
f 939 1003 1002
f 939 940 1003
f 940 1004 1003
f 940 941 1004
f 941 1005 1004
f 941 942 1005
f 942 1006 1005
f 942 943 1006
f 943 1007 1006
f 943 944 1007
f 944 1008 1007
f 944 945 1008
f 945 1009 1008
f 945 946 1009
f 946 1010 1009
f 946 947 1010
f 947 1011 1010
f 947 948 1011
f 948 1012 1011
f 948 949 1012
f 949 1013 1012
f 949 950 1013
f 950 1014 1013
f 950 951 1014
f 951 1015 1014
f 951 952 1015
f 952 1016 1015
f 952 953 1016
f 953 1017 1016
f 953 954 1017
f 954 1018 1017
f 954 955 1018
f 955 1019 1018
f 955 956 1019
f 956 1020 1019
f 956 957 1020
f 957 1021 1020
f 957 958 1021
f 958 1022 1021
f 958 959 1022
f 959 1023 1022
f 959 960 1023
f 960 1024 1023
f 960 897 1024
f 897 961 1024
f 961 962 1025
f 962 1026 1025
f 962 963 1026
f 963 1027 1026
f 963 964 1027
f 964 1028 1027
f 964 965 1028
f 965 1029 1028
f 965 966 1029
f 966 1030 1029
f 966 967 1030
f 967 1031 1030
f 967 968 1031
f 968 1032 1031
f 968 969 1032
f 969 1033 1032
f 969 970 1033
f 970 1034 1033
f 970 971 1034
f 971 1035 1034
f 971 972 1035
f 972 1036 1035
f 972 973 1036
f 973 1037 1036
f 973 974 1037
f 974 1038 1037
f 974 975 1038
f 975 1039 1038
f 975 976 1039
f 976 1040 1039
f 976 977 1040
f 977 1041 1040
f 977 978 1041
f 978 1042 1041
f 978 979 1042
f 979 1043 1042
f 979 980 1043
f 980 1044 1043
f 980 981 1044
f 981 1045 1044
f 981 982 1045
f 982 1046 1045
f 982 983 1046
f 983 1047 1046
f 983 984 1047
f 984 1048 1047
f 984 985 1048
f 985 1049 1048
f 985 986 1049
f 986 1050 1049
f 986 987 1050
f 987 1051 1050
f 987 988 1051
f 988 1052 1051
f 988 989 1052
f 989 1053 1052
f 989 990 1053
f 990 1054 1053
f 990 991 1054
f 991 1055 1054
f 991 992 1055
f 992 1056 1055
f 992 993 1056
f 993 1057 1056
f 993 994 1057
f 994 1058 1057
f 994 995 1058
f 995 1059 1058
f 995 996 1059
f 996 1060 1059
f 996 997 1060
f 997 1061 1060
f 997 998 1061
f 998 1062 1061
f 998 999 1062
f 999 1063 1062
f 999 1000 1063
f 1000 1064 1063
f 1000 1001 1064
f 1001 1065 1064
f 1001 1002 1065
f 1002 1066 1065
f 1002 1003 1066
f 1003 1067 1066
f 1003 1004 1067
f 1004 1068 1067
f 1004 1005 1068
f 1005 1069 1068
f 1005 1006 1069
f 1006 1070 1069
f 1006 1007 1070
f 1007 1071 1070
f 1007 1008 1071
f 1008 1072 1071
f 1008 1009 1072
f 1009 1073 1072
f 1009 1010 1073
f 1010 1074 1073
f 1010 1011 1074
f 1011 1075 1074
f 1011 1012 1075
f 1012 1076 1075
f 1012 1013 1076
f 1013 1077 1076
f 1013 1014 1077
f 1014 1078 1077
f 1014 1015 1078
f 1015 1079 1078
f 1015 1016 1079
f 1016 1080 1079
f 1016 1017 1080
f 1017 1081 1080
f 1017 1018 1081
f 1018 1082 1081
f 1018 1019 1082
f 1019 1083 1082
f 1019 1020 1083
f 1020 1084 1083
f 1020 1021 1084
f 1021 1085 1084
f 1021 1022 1085
f 1022 1086 1085
f 1022 1023 1086
f 1023 1087 1086
f 1023 1024 1087
f 1024 1088 1087
f 1024 961 1088
f 961 1025 1088
f 1025 1026 1089
f 1026 1090 1089
f 1026 1027 1090
f 1027 1091 1090
f 1027 1028 1091
f 1028 1092 1091
f 1028 1029 1092
f 1029 1093 1092
f 1029 1030 1093
f 1030 1094 1093
f 1030 1031 1094
f 1031 1095 1094
f 1031 1032 1095
f 1032 1096 1095
f 1032 1033 1096
f 1033 1097 1096
f 1033 1034 1097
f 1034 1098 1097
f 1034 1035 1098
f 1035 1099 1098
f 1035 1036 1099
f 1036 1100 1099
f 1036 1037 1100
f 1037 1101 1100
f 1037 1038 1101
f 1038 1102 1101
f 1038 1039 1102
f 1039 1103 1102
f 1039 1040 1103
f 1040 1104 1103
f 1040 1041 1104
f 1041 1105 1104
f 1041 1042 1105
f 1042 1106 1105
f 1042 1043 1106
f 1043 1107 1106
f 1043 1044 1107
f 1044 1108 1107
f 1044 1045 1108
f 1045 1109 1108
f 1045 1046 1109
f 1046 1110 1109
f 1046 1047 1110
f 1047 1111 1110
f 1047 1048 1111
f 1048 1112 1111
f 1048 1049 1112
f 1049 1113 1112
f 1049 1050 1113
f 1050 1114 1113
f 1050 1051 1114
f 1051 1115 1114
f 1051 1052 1115
f 1052 1116 1115
f 1052 1053 1116
f 1053 1117 1116
f 1053 1054 1117
f 1054 1118 1117
f 1054 1055 1118
f 1055 1119 1118
f 1055 1056 1119
f 1056 1120 1119
f 1056 1057 1120
f 1057 1121 1120
f 1057 1058 1121
f 1058 1122 1121
f 1058 1059 1122
f 1059 1123 1122
f 1059 1060 1123
f 1060 1124 1123
f 1060 1061 1124
f 1061 1125 1124
f 1061 1062 1125
f 1062 1126 1125
f 1062 1063 1126
f 1063 1127 1126
f 1063 1064 1127
f 1064 1128 1127
f 1064 1065 1128
f 1065 1129 1128
f 1065 1066 1129
f 1066 1130 1129
f 1066 1067 1130
f 1067 1131 1130
f 1067 1068 1131
f 1068 1132 1131
f 1068 1069 1132
f 1069 1133 1132
f 1069 1070 1133
f 1070 1134 1133
f 1070 1071 1134
f 1071 1135 1134
f 1071 1072 1135
f 1072 1136 1135
f 1072 1073 1136
f 1073 1137 1136
f 1073 1074 1137
f 1074 1138 1137
f 1074 1075 1138
f 1075 1139 1138
f 1075 1076 1139
f 1076 1140 1139
f 1076 1077 1140
f 1077 1141 1140
f 1077 1078 1141
f 1078 1142 1141
f 1078 1079 1142
f 1079 1143 1142
f 1079 1080 1143
f 1080 1144 1143
f 1080 1081 1144
f 1081 1145 1144
f 1081 1082 1145
f 1082 1146 1145
f 1082 1083 1146
f 1083 1147 1146
f 1083 1084 1147
f 1084 1148 1147
f 1084 1085 1148
f 1085 1149 1148
f 1085 1086 1149
f 1086 1150 1149
f 1086 1087 1150
f 1087 1151 1150
f 1087 1088 1151
f 1088 1152 1151
f 1088 1025 1152
f 1025 1089 1152
f 1089 1090 1153
f 1090 1154 1153
f 1090 1091 1154
f 1091 1155 1154
f 1091 1092 1155
f 1092 1156 1155
f 1092 1093 1156
f 1093 1157 1156
f 1093 1094 1157
f 1094 1158 1157
f 1094 1095 1158
f 1095 1159 1158
f 1095 1096 1159
f 1096 1160 1159
f 1096 1097 1160
f 1097 1161 1160
f 1097 1098 1161
f 1098 1162 1161
f 1098 1099 1162
f 1099 1163 1162
f 1099 1100 1163
f 1100 1164 1163
f 1100 1101 1164
f 1101 1165 1164
f 1101 1102 1165
f 1102 1166 1165
f 1102 1103 1166
f 1103 1167 1166
f 1103 1104 1167
f 1104 1168 1167
f 1104 1105 1168
f 1105 1169 1168
f 1105 1106 1169
f 1106 1170 1169
f 1106 1107 1170
f 1107 1171 1170
f 1107 1108 1171
f 1108 1172 1171
f 1108 1109 1172
f 1109 1173 1172
f 1109 1110 1173
f 1110 1174 1173
f 1110 1111 1174
f 1111 1175 1174
f 1111 1112 1175
f 1112 1176 1175
f 1112 1113 1176
f 1113 1177 1176
f 1113 1114 1177
f 1114 1178 1177
f 1114 1115 1178
f 1115 1179 1178
f 1115 1116 1179
f 1116 1180 1179
f 1116 1117 1180
f 1117 1181 1180
f 1117 1118 1181
f 1118 1182 1181
f 1118 1119 1182
f 1119 1183 1182
f 1119 1120 1183
f 1120 1184 1183
f 1120 1121 1184
f 1121 1185 1184
f 1121 1122 1185
f 1122 1186 1185
f 1122 1123 1186
f 1123 1187 1186
f 1123 1124 1187
f 1124 1188 1187
f 1124 1125 1188
f 1125 1189 1188
f 1125 1126 1189
f 1126 1190 1189
f 1126 1127 1190
f 1127 1191 1190
f 1127 1128 1191
f 1128 1192 1191
f 1128 1129 1192
f 1129 1193 1192
f 1129 1130 1193
f 1130 1194 1193
f 1130 1131 1194
f 1131 1195 1194
f 1131 1132 1195
f 1132 1196 1195
f 1132 1133 1196
f 1133 1197 1196
f 1133 1134 1197
f 1134 1198 1197
f 1134 1135 1198
f 1135 1199 1198
f 1135 1136 1199
f 1136 1200 1199
f 1136 1137 1200
f 1137 1201 1200
f 1137 1138 1201
f 1138 1202 1201
f 1138 1139 1202
f 1139 1203 1202
f 1139 1140 1203
f 1140 1204 1203
f 1140 1141 1204
f 1141 1205 1204
f 1141 1142 1205
f 1142 1206 1205
f 1142 1143 1206
f 1143 1207 1206
f 1143 1144 1207
f 1144 1208 1207
f 1144 1145 1208
f 1145 1209 1208
f 1145 1146 1209
f 1146 1210 1209
f 1146 1147 1210
f 1147 1211 1210
f 1147 1148 1211
f 1148 1212 1211
f 1148 1149 1212
f 1149 1213 1212
f 1149 1150 1213
f 1150 1214 1213
f 1150 1151 1214
f 1151 1215 1214
f 1151 1152 1215
f 1152 1216 1215
f 1152 1089 1216
f 1089 1153 1216
f 1153 1154 1217
f 1154 1218 1217
f 1154 1155 1218
f 1155 1219 1218
f 1155 1156 1219
f 1156 1220 1219
f 1156 1157 1220
f 1157 1221 1220
f 1157 1158 1221
f 1158 1222 1221
f 1158 1159 1222
f 1159 1223 1222
f 1159 1160 1223
f 1160 1224 1223
f 1160 1161 1224
f 1161 1225 1224
f 1161 1162 1225
f 1162 1226 1225
f 1162 1163 1226
f 1163 1227 1226
f 1163 1164 1227
f 1164 1228 1227
f 1164 1165 1228
f 1165 1229 1228
f 1165 1166 1229
f 1166 1230 1229
f 1166 1167 1230
f 1167 1231 1230
f 1167 1168 1231
f 1168 1232 1231
f 1168 1169 1232
f 1169 1233 1232
f 1169 1170 1233
f 1170 1234 1233
f 1170 1171 1234
f 1171 1235 1234
f 1171 1172 1235
f 1172 1236 1235
f 1172 1173 1236
f 1173 1237 1236
f 1173 1174 1237
f 1174 1238 1237
f 1174 1175 1238
f 1175 1239 1238
f 1175 1176 1239
f 1176 1240 1239
f 1176 1177 1240
f 1177 1241 1240
f 1177 1178 1241
f 1178 1242 1241
f 1178 1179 1242
f 1179 1243 1242
f 1179 1180 1243
f 1180 1244 1243
f 1180 1181 1244
f 1181 1245 1244
f 1181 1182 1245
f 1182 1246 1245
f 1182 1183 1246
f 1183 1247 1246
f 1183 1184 1247
f 1184 1248 1247
f 1184 1185 1248
f 1185 1249 1248
f 1185 1186 1249
f 1186 1250 1249
f 1186 1187 1250
f 1187 1251 1250
f 1187 1188 1251
f 1188 1252 1251
f 1188 1189 1252
f 1189 1253 1252
f 1189 1190 1253
f 1190 1254 1253
f 1190 1191 1254
f 1191 1255 1254
f 1191 1192 1255
f 1192 1256 1255
f 1192 1193 1256
f 1193 1257 1256
f 1193 1194 1257
f 1194 1258 1257
f 1194 1195 1258
f 1195 1259 1258
f 1195 1196 1259
f 1196 1260 1259
f 1196 1197 1260
f 1197 1261 1260
f 1197 1198 1261
f 1198 1262 1261
f 1198 1199 1262
f 1199 1263 1262
f 1199 1200 1263
f 1200 1264 1263
f 1200 1201 1264
f 1201 1265 1264
f 1201 1202 1265
f 1202 1266 1265
f 1202 1203 1266
f 1203 1267 1266
f 1203 1204 1267
f 1204 1268 1267
f 1204 1205 1268
f 1205 1269 1268
f 1205 1206 1269
f 1206 1270 1269
f 1206 1207 1270
f 1207 1271 1270
f 1207 1208 1271
f 1208 1272 1271
f 1208 1209 1272
f 1209 1273 1272
f 1209 1210 1273
f 1210 1274 1273
f 1210 1211 1274
f 1211 1275 1274
f 1211 1212 1275
f 1212 1276 1275
f 1212 1213 1276
f 1213 1277 1276
f 1213 1214 1277
f 1214 1278 1277
f 1214 1215 1278
f 1215 1279 1278
f 1215 1216 1279
f 1216 1280 1279
f 1216 1153 1280
f 1153 1217 1280
f 1217 1218 1281
f 1218 1282 1281
f 1218 1219 1282
f 1219 1283 1282
f 1219 1220 1283
f 1220 1284 1283
f 1220 1221 1284
f 1221 1285 1284
f 1221 1222 1285
f 1222 1286 1285
f 1222 1223 1286
f 1223 1287 1286
f 1223 1224 1287
f 1224 1288 1287
f 1224 1225 1288
f 1225 1289 1288
f 1225 1226 1289
f 1226 1290 1289
f 1226 1227 1290
f 1227 1291 1290
f 1227 1228 1291
f 1228 1292 1291
f 1228 1229 1292
f 1229 1293 1292
f 1229 1230 1293
f 1230 1294 1293
f 1230 1231 1294
f 1231 1295 1294
f 1231 1232 1295
f 1232 1296 1295
f 1232 1233 1296
f 1233 1297 1296
f 1233 1234 1297
f 1234 1298 1297
f 1234 1235 1298
f 1235 1299 1298
f 1235 1236 1299
f 1236 1300 1299
f 1236 1237 1300
f 1237 1301 1300
f 1237 1238 1301
f 1238 1302 1301
f 1238 1239 1302
f 1239 1303 1302
f 1239 1240 1303
f 1240 1304 1303
f 1240 1241 1304
f 1241 1305 1304
f 1241 1242 1305
f 1242 1306 1305
f 1242 1243 1306
f 1243 1307 1306
f 1243 1244 1307
f 1244 1308 1307
f 1244 1245 1308
f 1245 1309 1308
f 1245 1246 1309
f 1246 1310 1309
f 1246 1247 1310
f 1247 1311 1310
f 1247 1248 1311
f 1248 1312 1311
f 1248 1249 1312
f 1249 1313 1312
f 1249 1250 1313
f 1250 1314 1313
f 1250 1251 1314
f 1251 1315 1314
f 1251 1252 1315
f 1252 1316 1315
f 1252 1253 1316
f 1253 1317 1316
f 1253 1254 1317
f 1254 1318 1317
f 1254 1255 1318
f 1255 1319 1318
f 1255 1256 1319
f 1256 1320 1319
f 1256 1257 1320
f 1257 1321 1320
f 1257 1258 1321
f 1258 1322 1321
f 1258 1259 1322
f 1259 1323 1322
f 1259 1260 1323
f 1260 1324 1323
f 1260 1261 1324
f 1261 1325 1324
f 1261 1262 1325
f 1262 1326 1325
f 1262 1263 1326
f 1263 1327 1326
f 1263 1264 1327
f 1264 1328 1327
f 1264 1265 1328
f 1265 1329 1328
f 1265 1266 1329
f 1266 1330 1329
f 1266 1267 1330
f 1267 1331 1330
f 1267 1268 1331
f 1268 1332 1331
f 1268 1269 1332
f 1269 1333 1332
f 1269 1270 1333
f 1270 1334 1333
f 1270 1271 1334
f 1271 1335 1334
f 1271 1272 1335
f 1272 1336 1335
f 1272 1273 1336
f 1273 1337 1336
f 1273 1274 1337
f 1274 1338 1337
f 1274 1275 1338
f 1275 1339 1338
f 1275 1276 1339
f 1276 1340 1339
f 1276 1277 1340
f 1277 1341 1340
f 1277 1278 1341
f 1278 1342 1341
f 1278 1279 1342
f 1279 1343 1342
f 1279 1280 1343
f 1280 1344 1343
f 1280 1217 1344
f 1217 1281 1344
f 1281 1282 1345
f 1282 1346 1345
f 1282 1283 1346
f 1283 1347 1346
f 1283 1284 1347
f 1284 1348 1347
f 1284 1285 1348
f 1285 1349 1348
f 1285 1286 1349
f 1286 1350 1349
f 1286 1287 1350
f 1287 1351 1350
f 1287 1288 1351
f 1288 1352 1351
f 1288 1289 1352
f 1289 1353 1352
f 1289 1290 1353
f 1290 1354 1353
f 1290 1291 1354
f 1291 1355 1354
f 1291 1292 1355
f 1292 1356 1355
f 1292 1293 1356
f 1293 1357 1356
f 1293 1294 1357
f 1294 1358 1357
f 1294 1295 1358
f 1295 1359 1358
f 1295 1296 1359
f 1296 1360 1359
f 1296 1297 1360
f 1297 1361 1360
f 1297 1298 1361
f 1298 1362 1361
f 1298 1299 1362
f 1299 1363 1362
f 1299 1300 1363
f 1300 1364 1363
f 1300 1301 1364
f 1301 1365 1364
f 1301 1302 1365
f 1302 1366 1365
f 1302 1303 1366
f 1303 1367 1366
f 1303 1304 1367
f 1304 1368 1367
f 1304 1305 1368
f 1305 1369 1368
f 1305 1306 1369
f 1306 1370 1369
f 1306 1307 1370
f 1307 1371 1370
f 1307 1308 1371
f 1308 1372 1371
f 1308 1309 1372
f 1309 1373 1372
f 1309 1310 1373
f 1310 1374 1373
f 1310 1311 1374
f 1311 1375 1374
f 1311 1312 1375
f 1312 1376 1375
f 1312 1313 1376
f 1313 1377 1376
f 1313 1314 1377
f 1314 1378 1377
f 1314 1315 1378
f 1315 1379 1378
f 1315 1316 1379
f 1316 1380 1379
f 1316 1317 1380
f 1317 1381 1380
f 1317 1318 1381
f 1318 1382 1381
f 1318 1319 1382
f 1319 1383 1382
f 1319 1320 1383
f 1320 1384 1383
f 1320 1321 1384
f 1321 1385 1384
f 1321 1322 1385
f 1322 1386 1385
f 1322 1323 1386
f 1323 1387 1386
f 1323 1324 1387
f 1324 1388 1387
f 1324 1325 1388
f 1325 1389 1388
f 1325 1326 1389
f 1326 1390 1389
f 1326 1327 1390
f 1327 1391 1390
f 1327 1328 1391
f 1328 1392 1391
f 1328 1329 1392
f 1329 1393 1392
f 1329 1330 1393
f 1330 1394 1393
f 1330 1331 1394
f 1331 1395 1394
f 1331 1332 1395
f 1332 1396 1395
f 1332 1333 1396
f 1333 1397 1396
f 1333 1334 1397
f 1334 1398 1397
f 1334 1335 1398
f 1335 1399 1398
f 1335 1336 1399
f 1336 1400 1399
f 1336 1337 1400
f 1337 1401 1400
f 1337 1338 1401
f 1338 1402 1401
f 1338 1339 1402
f 1339 1403 1402
f 1339 1340 1403
f 1340 1404 1403
f 1340 1341 1404
f 1341 1405 1404
f 1341 1342 1405
f 1342 1406 1405
f 1342 1343 1406
f 1343 1407 1406
f 1343 1344 1407
f 1344 1408 1407
f 1344 1281 1408
f 1281 1345 1408
f 1345 1346 1409
f 1346 1410 1409
f 1346 1347 1410
f 1347 1411 1410
f 1347 1348 1411
f 1348 1412 1411
f 1348 1349 1412
f 1349 1413 1412
f 1349 1350 1413
f 1350 1414 1413
f 1350 1351 1414
f 1351 1415 1414
f 1351 1352 1415
f 1352 1416 1415
f 1352 1353 1416
f 1353 1417 1416
f 1353 1354 1417
f 1354 1418 1417
f 1354 1355 1418
f 1355 1419 1418
f 1355 1356 1419
f 1356 1420 1419
f 1356 1357 1420
f 1357 1421 1420
f 1357 1358 1421
f 1358 1422 1421
f 1358 1359 1422
f 1359 1423 1422
f 1359 1360 1423
f 1360 1424 1423
f 1360 1361 1424
f 1361 1425 1424
f 1361 1362 1425
f 1362 1426 1425
f 1362 1363 1426
f 1363 1427 1426
f 1363 1364 1427
f 1364 1428 1427
f 1364 1365 1428
f 1365 1429 1428
f 1365 1366 1429
f 1366 1430 1429
f 1366 1367 1430
f 1367 1431 1430
f 1367 1368 1431
f 1368 1432 1431
f 1368 1369 1432
f 1369 1433 1432
f 1369 1370 1433
f 1370 1434 1433
f 1370 1371 1434
f 1371 1435 1434
f 1371 1372 1435
f 1372 1436 1435
f 1372 1373 1436
f 1373 1437 1436
f 1373 1374 1437
f 1374 1438 1437
f 1374 1375 1438
f 1375 1439 1438
f 1375 1376 1439
f 1376 1440 1439
f 1376 1377 1440
f 1377 1441 1440
f 1377 1378 1441
f 1378 1442 1441
f 1378 1379 1442
f 1379 1443 1442
f 1379 1380 1443
f 1380 1444 1443
f 1380 1381 1444
f 1381 1445 1444
f 1381 1382 1445
f 1382 1446 1445
f 1382 1383 1446
f 1383 1447 1446
f 1383 1384 1447
f 1384 1448 1447
f 1384 1385 1448
f 1385 1449 1448
f 1385 1386 1449
f 1386 1450 1449
f 1386 1387 1450
f 1387 1451 1450
f 1387 1388 1451
f 1388 1452 1451
f 1388 1389 1452
f 1389 1453 1452
f 1389 1390 1453
f 1390 1454 1453
f 1390 1391 1454
f 1391 1455 1454
f 1391 1392 1455
f 1392 1456 1455
f 1392 1393 1456
f 1393 1457 1456
f 1393 1394 1457
f 1394 1458 1457
f 1394 1395 1458
f 1395 1459 1458
f 1395 1396 1459
f 1396 1460 1459
f 1396 1397 1460
f 1397 1461 1460
f 1397 1398 1461
f 1398 1462 1461
f 1398 1399 1462
f 1399 1463 1462
f 1399 1400 1463
f 1400 1464 1463
f 1400 1401 1464
f 1401 1465 1464
f 1401 1402 1465
f 1402 1466 1465
f 1402 1403 1466
f 1403 1467 1466
f 1403 1404 1467
f 1404 1468 1467
f 1404 1405 1468
f 1405 1469 1468
f 1405 1406 1469
f 1406 1470 1469
f 1406 1407 1470
f 1407 1471 1470
f 1407 1408 1471
f 1408 1472 1471
f 1408 1345 1472
f 1345 1409 1472
f 1409 1410 1473
f 1410 1474 1473
f 1410 1411 1474
f 1411 1475 1474
f 1411 1412 1475
f 1412 1476 1475
f 1412 1413 1476
f 1413 1477 1476
f 1413 1414 1477
f 1414 1478 1477
f 1414 1415 1478
f 1415 1479 1478
f 1415 1416 1479
f 1416 1480 1479
f 1416 1417 1480
f 1417 1481 1480
f 1417 1418 1481
f 1418 1482 1481
f 1418 1419 1482
f 1419 1483 1482
f 1419 1420 1483
f 1420 1484 1483
f 1420 1421 1484
f 1421 1485 1484
f 1421 1422 1485
f 1422 1486 1485
f 1422 1423 1486
f 1423 1487 1486
f 1423 1424 1487
f 1424 1488 1487
f 1424 1425 1488
f 1425 1489 1488
f 1425 1426 1489
f 1426 1490 1489
f 1426 1427 1490
f 1427 1491 1490
f 1427 1428 1491
f 1428 1492 1491
f 1428 1429 1492
f 1429 1493 1492
f 1429 1430 1493
f 1430 1494 1493
f 1430 1431 1494
f 1431 1495 1494
f 1431 1432 1495
f 1432 1496 1495
f 1432 1433 1496
f 1433 1497 1496
f 1433 1434 1497
f 1434 1498 1497
f 1434 1435 1498
f 1435 1499 1498
f 1435 1436 1499
f 1436 1500 1499
f 1436 1437 1500
f 1437 1501 1500
f 1437 1438 1501
f 1438 1502 1501
f 1438 1439 1502
f 1439 1503 1502
f 1439 1440 1503
f 1440 1504 1503
f 1440 1441 1504
f 1441 1505 1504
f 1441 1442 1505
f 1442 1506 1505
f 1442 1443 1506
f 1443 1507 1506
f 1443 1444 1507
f 1444 1508 1507
f 1444 1445 1508
f 1445 1509 1508
f 1445 1446 1509
f 1446 1510 1509
f 1446 1447 1510
f 1447 1511 1510
f 1447 1448 1511
f 1448 1512 1511
f 1448 1449 1512
f 1449 1513 1512
f 1449 1450 1513
f 1450 1514 1513
f 1450 1451 1514
f 1451 1515 1514
f 1451 1452 1515
f 1452 1516 1515
f 1452 1453 1516
f 1453 1517 1516
f 1453 1454 1517
f 1454 1518 1517
f 1454 1455 1518
f 1455 1519 1518
f 1455 1456 1519
f 1456 1520 1519
f 1456 1457 1520
f 1457 1521 1520
f 1457 1458 1521
f 1458 1522 1521
f 1458 1459 1522
f 1459 1523 1522
f 1459 1460 1523
f 1460 1524 1523
f 1460 1461 1524
f 1461 1525 1524
f 1461 1462 1525
f 1462 1526 1525
f 1462 1463 1526
f 1463 1527 1526
f 1463 1464 1527
f 1464 1528 1527
f 1464 1465 1528
f 1465 1529 1528
f 1465 1466 1529
f 1466 1530 1529
f 1466 1467 1530
f 1467 1531 1530
f 1467 1468 1531
f 1468 1532 1531
f 1468 1469 1532
f 1469 1533 1532
f 1469 1470 1533
f 1470 1534 1533
f 1470 1471 1534
f 1471 1535 1534
f 1471 1472 1535
f 1472 1536 1535
f 1472 1409 1536
f 1409 1473 1536
f 1473 1474 1537
f 1474 1538 1537
f 1474 1475 1538
f 1475 1539 1538
f 1475 1476 1539
f 1476 1540 1539
f 1476 1477 1540
f 1477 1541 1540
f 1477 1478 1541
f 1478 1542 1541
f 1478 1479 1542
f 1479 1543 1542
f 1479 1480 1543
f 1480 1544 1543
f 1480 1481 1544
f 1481 1545 1544
f 1481 1482 1545
f 1482 1546 1545
f 1482 1483 1546
f 1483 1547 1546
f 1483 1484 1547
f 1484 1548 1547
f 1484 1485 1548
f 1485 1549 1548
f 1485 1486 1549
f 1486 1550 1549
f 1486 1487 1550
f 1487 1551 1550
f 1487 1488 1551
f 1488 1552 1551
f 1488 1489 1552
f 1489 1553 1552
f 1489 1490 1553
f 1490 1554 1553
f 1490 1491 1554
f 1491 1555 1554
f 1491 1492 1555
f 1492 1556 1555
f 1492 1493 1556
f 1493 1557 1556
f 1493 1494 1557
f 1494 1558 1557
f 1494 1495 1558
f 1495 1559 1558
f 1495 1496 1559
f 1496 1560 1559
f 1496 1497 1560
f 1497 1561 1560
f 1497 1498 1561
f 1498 1562 1561
f 1498 1499 1562
f 1499 1563 1562
f 1499 1500 1563
f 1500 1564 1563
f 1500 1501 1564
f 1501 1565 1564
f 1501 1502 1565
f 1502 1566 1565
f 1502 1503 1566
f 1503 1567 1566
f 1503 1504 1567
f 1504 1568 1567
f 1504 1505 1568
f 1505 1569 1568
f 1505 1506 1569
f 1506 1570 1569
f 1506 1507 1570
f 1507 1571 1570
f 1507 1508 1571
f 1508 1572 1571
f 1508 1509 1572
f 1509 1573 1572
f 1509 1510 1573
f 1510 1574 1573
f 1510 1511 1574
f 1511 1575 1574
f 1511 1512 1575
f 1512 1576 1575
f 1512 1513 1576
f 1513 1577 1576
f 1513 1514 1577
f 1514 1578 1577
f 1514 1515 1578
f 1515 1579 1578
f 1515 1516 1579
f 1516 1580 1579
f 1516 1517 1580
f 1517 1581 1580
f 1517 1518 1581
f 1518 1582 1581
f 1518 1519 1582
f 1519 1583 1582
f 1519 1520 1583
f 1520 1584 1583
f 1520 1521 1584
f 1521 1585 1584
f 1521 1522 1585
f 1522 1586 1585
f 1522 1523 1586
f 1523 1587 1586
f 1523 1524 1587
f 1524 1588 1587
f 1524 1525 1588
f 1525 1589 1588
f 1525 1526 1589
f 1526 1590 1589
f 1526 1527 1590
f 1527 1591 1590
f 1527 1528 1591
f 1528 1592 1591
f 1528 1529 1592
f 1529 1593 1592
f 1529 1530 1593
f 1530 1594 1593
f 1530 1531 1594
f 1531 1595 1594
f 1531 1532 1595
f 1532 1596 1595
f 1532 1533 1596
f 1533 1597 1596
f 1533 1534 1597
f 1534 1598 1597
f 1534 1535 1598
f 1535 1599 1598
f 1535 1536 1599
f 1536 1600 1599
f 1536 1473 1600
f 1473 1537 1600
f 1537 1538 1601
f 1538 1602 1601
f 1538 1539 1602
f 1539 1603 1602
f 1539 1540 1603
f 1540 1604 1603
f 1540 1541 1604
f 1541 1605 1604
f 1541 1542 1605
f 1542 1606 1605
f 1542 1543 1606
f 1543 1607 1606
f 1543 1544 1607
f 1544 1608 1607
f 1544 1545 1608
f 1545 1609 1608
f 1545 1546 1609
f 1546 1610 1609
f 1546 1547 1610
f 1547 1611 1610
f 1547 1548 1611
f 1548 1612 1611
f 1548 1549 1612
f 1549 1613 1612
f 1549 1550 1613
f 1550 1614 1613
f 1550 1551 1614
f 1551 1615 1614
f 1551 1552 1615
f 1552 1616 1615
f 1552 1553 1616
f 1553 1617 1616
f 1553 1554 1617
f 1554 1618 1617
f 1554 1555 1618
f 1555 1619 1618
f 1555 1556 1619
f 1556 1620 1619
f 1556 1557 1620
f 1557 1621 1620
f 1557 1558 1621
f 1558 1622 1621
f 1558 1559 1622
f 1559 1623 1622
f 1559 1560 1623
f 1560 1624 1623
f 1560 1561 1624
f 1561 1625 1624
f 1561 1562 1625
f 1562 1626 1625
f 1562 1563 1626
f 1563 1627 1626
f 1563 1564 1627
f 1564 1628 1627
f 1564 1565 1628
f 1565 1629 1628
f 1565 1566 1629
f 1566 1630 1629
f 1566 1567 1630
f 1567 1631 1630
f 1567 1568 1631
f 1568 1632 1631
f 1568 1569 1632
f 1569 1633 1632
f 1569 1570 1633
f 1570 1634 1633
f 1570 1571 1634
f 1571 1635 1634
f 1571 1572 1635
f 1572 1636 1635
f 1572 1573 1636
f 1573 1637 1636
f 1573 1574 1637
f 1574 1638 1637
f 1574 1575 1638
f 1575 1639 1638
f 1575 1576 1639
f 1576 1640 1639
f 1576 1577 1640
f 1577 1641 1640
f 1577 1578 1641
f 1578 1642 1641
f 1578 1579 1642
f 1579 1643 1642
f 1579 1580 1643
f 1580 1644 1643
f 1580 1581 1644
f 1581 1645 1644
f 1581 1582 1645
f 1582 1646 1645
f 1582 1583 1646
f 1583 1647 1646
f 1583 1584 1647
f 1584 1648 1647
f 1584 1585 1648
f 1585 1649 1648
f 1585 1586 1649
f 1586 1650 1649
f 1586 1587 1650
f 1587 1651 1650
f 1587 1588 1651
f 1588 1652 1651
f 1588 1589 1652
f 1589 1653 1652
f 1589 1590 1653
f 1590 1654 1653
f 1590 1591 1654
f 1591 1655 1654
f 1591 1592 1655
f 1592 1656 1655
f 1592 1593 1656
f 1593 1657 1656
f 1593 1594 1657
f 1594 1658 1657
f 1594 1595 1658
f 1595 1659 1658
f 1595 1596 1659
f 1596 1660 1659
f 1596 1597 1660
f 1597 1661 1660
f 1597 1598 1661
f 1598 1662 1661
f 1598 1599 1662
f 1599 1663 1662
f 1599 1600 1663
f 1600 1664 1663
f 1600 1537 1664
f 1537 1601 1664
f 1601 1602 1665
f 1602 1666 1665
f 1602 1603 1666
f 1603 1667 1666
f 1603 1604 1667
f 1604 1668 1667
f 1604 1605 1668
f 1605 1669 1668
f 1605 1606 1669
f 1606 1670 1669
f 1606 1607 1670
f 1607 1671 1670
f 1607 1608 1671
f 1608 1672 1671
f 1608 1609 1672
f 1609 1673 1672
f 1609 1610 1673
f 1610 1674 1673
f 1610 1611 1674
f 1611 1675 1674
f 1611 1612 1675
f 1612 1676 1675
f 1612 1613 1676
f 1613 1677 1676
f 1613 1614 1677
f 1614 1678 1677
f 1614 1615 1678
f 1615 1679 1678
f 1615 1616 1679
f 1616 1680 1679
f 1616 1617 1680
f 1617 1681 1680
f 1617 1618 1681
f 1618 1682 1681
f 1618 1619 1682
f 1619 1683 1682
f 1619 1620 1683
f 1620 1684 1683
f 1620 1621 1684
f 1621 1685 1684
f 1621 1622 1685
f 1622 1686 1685
f 1622 1623 1686
f 1623 1687 1686
f 1623 1624 1687
f 1624 1688 1687
f 1624 1625 1688
f 1625 1689 1688
f 1625 1626 1689
f 1626 1690 1689
f 1626 1627 1690
f 1627 1691 1690
f 1627 1628 1691
f 1628 1692 1691
f 1628 1629 1692
f 1629 1693 1692
f 1629 1630 1693
f 1630 1694 1693
f 1630 1631 1694
f 1631 1695 1694
f 1631 1632 1695
f 1632 1696 1695
f 1632 1633 1696
f 1633 1697 1696
f 1633 1634 1697
f 1634 1698 1697
f 1634 1635 1698
f 1635 1699 1698
f 1635 1636 1699
f 1636 1700 1699
f 1636 1637 1700
f 1637 1701 1700
f 1637 1638 1701
f 1638 1702 1701
f 1638 1639 1702
f 1639 1703 1702
f 1639 1640 1703
f 1640 1704 1703
f 1640 1641 1704
f 1641 1705 1704
f 1641 1642 1705
f 1642 1706 1705
f 1642 1643 1706
f 1643 1707 1706
f 1643 1644 1707
f 1644 1708 1707
f 1644 1645 1708
f 1645 1709 1708
f 1645 1646 1709
f 1646 1710 1709
f 1646 1647 1710
f 1647 1711 1710
f 1647 1648 1711
f 1648 1712 1711
f 1648 1649 1712
f 1649 1713 1712
f 1649 1650 1713
f 1650 1714 1713
f 1650 1651 1714
f 1651 1715 1714
f 1651 1652 1715
f 1652 1716 1715
f 1652 1653 1716
f 1653 1717 1716
f 1653 1654 1717
f 1654 1718 1717
f 1654 1655 1718
f 1655 1719 1718
f 1655 1656 1719
f 1656 1720 1719
f 1656 1657 1720
f 1657 1721 1720
f 1657 1658 1721
f 1658 1722 1721
f 1658 1659 1722
f 1659 1723 1722
f 1659 1660 1723
f 1660 1724 1723
f 1660 1661 1724
f 1661 1725 1724
f 1661 1662 1725
f 1662 1726 1725
f 1662 1663 1726
f 1663 1727 1726
f 1663 1664 1727
f 1664 1728 1727
f 1664 1601 1728
f 1601 1665 1728
f 1665 1666 1729
f 1666 1730 1729
f 1666 1667 1730
f 1667 1731 1730
f 1667 1668 1731
f 1668 1732 1731
f 1668 1669 1732
f 1669 1733 1732
f 1669 1670 1733
f 1670 1734 1733
f 1670 1671 1734
f 1671 1735 1734
f 1671 1672 1735
f 1672 1736 1735
f 1672 1673 1736
f 1673 1737 1736
f 1673 1674 1737
f 1674 1738 1737
f 1674 1675 1738
f 1675 1739 1738
f 1675 1676 1739
f 1676 1740 1739
f 1676 1677 1740
f 1677 1741 1740
f 1677 1678 1741
f 1678 1742 1741
f 1678 1679 1742
f 1679 1743 1742
f 1679 1680 1743
f 1680 1744 1743
f 1680 1681 1744
f 1681 1745 1744
f 1681 1682 1745
f 1682 1746 1745
f 1682 1683 1746
f 1683 1747 1746
f 1683 1684 1747
f 1684 1748 1747
f 1684 1685 1748
f 1685 1749 1748
f 1685 1686 1749
f 1686 1750 1749
f 1686 1687 1750
f 1687 1751 1750
f 1687 1688 1751
f 1688 1752 1751
f 1688 1689 1752
f 1689 1753 1752
f 1689 1690 1753
f 1690 1754 1753
f 1690 1691 1754
f 1691 1755 1754
f 1691 1692 1755
f 1692 1756 1755
f 1692 1693 1756
f 1693 1757 1756
f 1693 1694 1757
f 1694 1758 1757
f 1694 1695 1758
f 1695 1759 1758
f 1695 1696 1759
f 1696 1760 1759
f 1696 1697 1760
f 1697 1761 1760
f 1697 1698 1761
f 1698 1762 1761
f 1698 1699 1762
f 1699 1763 1762
f 1699 1700 1763
f 1700 1764 1763
f 1700 1701 1764
f 1701 1765 1764
f 1701 1702 1765
f 1702 1766 1765
f 1702 1703 1766
f 1703 1767 1766
f 1703 1704 1767
f 1704 1768 1767
f 1704 1705 1768
f 1705 1769 1768
f 1705 1706 1769
f 1706 1770 1769
f 1706 1707 1770
f 1707 1771 1770
f 1707 1708 1771
f 1708 1772 1771
f 1708 1709 1772
f 1709 1773 1772
f 1709 1710 1773
f 1710 1774 1773
f 1710 1711 1774
f 1711 1775 1774
f 1711 1712 1775
f 1712 1776 1775
f 1712 1713 1776
f 1713 1777 1776
f 1713 1714 1777
f 1714 1778 1777
f 1714 1715 1778
f 1715 1779 1778
f 1715 1716 1779
f 1716 1780 1779
f 1716 1717 1780
f 1717 1781 1780
f 1717 1718 1781
f 1718 1782 1781
f 1718 1719 1782
f 1719 1783 1782
f 1719 1720 1783
f 1720 1784 1783
f 1720 1721 1784
f 1721 1785 1784
f 1721 1722 1785
f 1722 1786 1785
f 1722 1723 1786
f 1723 1787 1786
f 1723 1724 1787
f 1724 1788 1787
f 1724 1725 1788
f 1725 1789 1788
f 1725 1726 1789
f 1726 1790 1789
f 1726 1727 1790
f 1727 1791 1790
f 1727 1728 1791
f 1728 1792 1791
f 1728 1665 1792
f 1665 1729 1792
f 1729 1730 1793
f 1730 1794 1793
f 1730 1731 1794
f 1731 1795 1794
f 1731 1732 1795
f 1732 1796 1795
f 1732 1733 1796
f 1733 1797 1796
f 1733 1734 1797
f 1734 1798 1797
f 1734 1735 1798
f 1735 1799 1798
f 1735 1736 1799
f 1736 1800 1799
f 1736 1737 1800
f 1737 1801 1800
f 1737 1738 1801
f 1738 1802 1801
f 1738 1739 1802
f 1739 1803 1802
f 1739 1740 1803
f 1740 1804 1803
f 1740 1741 1804
f 1741 1805 1804
f 1741 1742 1805
f 1742 1806 1805
f 1742 1743 1806
f 1743 1807 1806
f 1743 1744 1807
f 1744 1808 1807
f 1744 1745 1808
f 1745 1809 1808
f 1745 1746 1809
f 1746 1810 1809
f 1746 1747 1810
f 1747 1811 1810
f 1747 1748 1811
f 1748 1812 1811
f 1748 1749 1812
f 1749 1813 1812
f 1749 1750 1813
f 1750 1814 1813
f 1750 1751 1814
f 1751 1815 1814
f 1751 1752 1815
f 1752 1816 1815
f 1752 1753 1816
f 1753 1817 1816
f 1753 1754 1817
f 1754 1818 1817
f 1754 1755 1818
f 1755 1819 1818
f 1755 1756 1819
f 1756 1820 1819
f 1756 1757 1820
f 1757 1821 1820
f 1757 1758 1821
f 1758 1822 1821
f 1758 1759 1822
f 1759 1823 1822
f 1759 1760 1823
f 1760 1824 1823
f 1760 1761 1824
f 1761 1825 1824
f 1761 1762 1825
f 1762 1826 1825
f 1762 1763 1826
f 1763 1827 1826
f 1763 1764 1827
f 1764 1828 1827
f 1764 1765 1828
f 1765 1829 1828
f 1765 1766 1829
f 1766 1830 1829
f 1766 1767 1830
f 1767 1831 1830
f 1767 1768 1831
f 1768 1832 1831
f 1768 1769 1832
f 1769 1833 1832
f 1769 1770 1833
f 1770 1834 1833
f 1770 1771 1834
f 1771 1835 1834
f 1771 1772 1835
f 1772 1836 1835
f 1772 1773 1836
f 1773 1837 1836
f 1773 1774 1837
f 1774 1838 1837
f 1774 1775 1838
f 1775 1839 1838
f 1775 1776 1839
f 1776 1840 1839
f 1776 1777 1840
f 1777 1841 1840
f 1777 1778 1841
f 1778 1842 1841
f 1778 1779 1842
f 1779 1843 1842
f 1779 1780 1843
f 1780 1844 1843
f 1780 1781 1844
f 1781 1845 1844
f 1781 1782 1845
f 1782 1846 1845
f 1782 1783 1846
f 1783 1847 1846
f 1783 1784 1847
f 1784 1848 1847
f 1784 1785 1848
f 1785 1849 1848
f 1785 1786 1849
f 1786 1850 1849
f 1786 1787 1850
f 1787 1851 1850
f 1787 1788 1851
f 1788 1852 1851
f 1788 1789 1852
f 1789 1853 1852
f 1789 1790 1853
f 1790 1854 1853
f 1790 1791 1854
f 1791 1855 1854
f 1791 1792 1855
f 1792 1856 1855
f 1792 1729 1856
f 1729 1793 1856
f 1793 1794 1857
f 1794 1858 1857
f 1794 1795 1858
f 1795 1859 1858
f 1795 1796 1859
f 1796 1860 1859
f 1796 1797 1860
f 1797 1861 1860
f 1797 1798 1861
f 1798 1862 1861
f 1798 1799 1862
f 1799 1863 1862
f 1799 1800 1863
f 1800 1864 1863
f 1800 1801 1864
f 1801 1865 1864
f 1801 1802 1865
f 1802 1866 1865
f 1802 1803 1866
f 1803 1867 1866
f 1803 1804 1867
f 1804 1868 1867
f 1804 1805 1868
f 1805 1869 1868
f 1805 1806 1869
f 1806 1870 1869
f 1806 1807 1870
f 1807 1871 1870
f 1807 1808 1871
f 1808 1872 1871
f 1808 1809 1872
f 1809 1873 1872
f 1809 1810 1873
f 1810 1874 1873
f 1810 1811 1874
f 1811 1875 1874
f 1811 1812 1875
f 1812 1876 1875
f 1812 1813 1876
f 1813 1877 1876
f 1813 1814 1877
f 1814 1878 1877
f 1814 1815 1878
f 1815 1879 1878
f 1815 1816 1879
f 1816 1880 1879
f 1816 1817 1880
f 1817 1881 1880
f 1817 1818 1881
f 1818 1882 1881
f 1818 1819 1882
f 1819 1883 1882
f 1819 1820 1883
f 1820 1884 1883
f 1820 1821 1884
f 1821 1885 1884
f 1821 1822 1885
f 1822 1886 1885
f 1822 1823 1886
f 1823 1887 1886
f 1823 1824 1887
f 1824 1888 1887
f 1824 1825 1888
f 1825 1889 1888
f 1825 1826 1889
f 1826 1890 1889
f 1826 1827 1890
f 1827 1891 1890
f 1827 1828 1891
f 1828 1892 1891
f 1828 1829 1892
f 1829 1893 1892
f 1829 1830 1893
f 1830 1894 1893
f 1830 1831 1894
f 1831 1895 1894
f 1831 1832 1895
f 1832 1896 1895
f 1832 1833 1896
f 1833 1897 1896
f 1833 1834 1897
f 1834 1898 1897
f 1834 1835 1898
f 1835 1899 1898
f 1835 1836 1899
f 1836 1900 1899
f 1836 1837 1900
f 1837 1901 1900
f 1837 1838 1901
f 1838 1902 1901
f 1838 1839 1902
f 1839 1903 1902
f 1839 1840 1903
f 1840 1904 1903
f 1840 1841 1904
f 1841 1905 1904
f 1841 1842 1905
f 1842 1906 1905
f 1842 1843 1906
f 1843 1907 1906
f 1843 1844 1907
f 1844 1908 1907
f 1844 1845 1908
f 1845 1909 1908
f 1845 1846 1909
f 1846 1910 1909
f 1846 1847 1910
f 1847 1911 1910
f 1847 1848 1911
f 1848 1912 1911
f 1848 1849 1912
f 1849 1913 1912
f 1849 1850 1913
f 1850 1914 1913
f 1850 1851 1914
f 1851 1915 1914
f 1851 1852 1915
f 1852 1916 1915
f 1852 1853 1916
f 1853 1917 1916
f 1853 1854 1917
f 1854 1918 1917
f 1854 1855 1918
f 1855 1919 1918
f 1855 1856 1919
f 1856 1920 1919
f 1856 1793 1920
f 1793 1857 1920
f 1857 1858 1921
f 1858 1922 1921
f 1858 1859 1922
f 1859 1923 1922
f 1859 1860 1923
f 1860 1924 1923
f 1860 1861 1924
f 1861 1925 1924
f 1861 1862 1925
f 1862 1926 1925
f 1862 1863 1926
f 1863 1927 1926
f 1863 1864 1927
f 1864 1928 1927
f 1864 1865 1928
f 1865 1929 1928
f 1865 1866 1929
f 1866 1930 1929
f 1866 1867 1930
f 1867 1931 1930
f 1867 1868 1931
f 1868 1932 1931
f 1868 1869 1932
f 1869 1933 1932
f 1869 1870 1933
f 1870 1934 1933
f 1870 1871 1934
f 1871 1935 1934
f 1871 1872 1935
f 1872 1936 1935
f 1872 1873 1936
f 1873 1937 1936
f 1873 1874 1937
f 1874 1938 1937
f 1874 1875 1938
f 1875 1939 1938
f 1875 1876 1939
f 1876 1940 1939
f 1876 1877 1940
f 1877 1941 1940
f 1877 1878 1941
f 1878 1942 1941
f 1878 1879 1942
f 1879 1943 1942
f 1879 1880 1943
f 1880 1944 1943
f 1880 1881 1944
f 1881 1945 1944
f 1881 1882 1945
f 1882 1946 1945
f 1882 1883 1946
f 1883 1947 1946
f 1883 1884 1947
f 1884 1948 1947
f 1884 1885 1948
f 1885 1949 1948
f 1885 1886 1949
f 1886 1950 1949
f 1886 1887 1950
f 1887 1951 1950
f 1887 1888 1951
f 1888 1952 1951
f 1888 1889 1952
f 1889 1953 1952
f 1889 1890 1953
f 1890 1954 1953
f 1890 1891 1954
f 1891 1955 1954
f 1891 1892 1955
f 1892 1956 1955
f 1892 1893 1956
f 1893 1957 1956
f 1893 1894 1957
f 1894 1958 1957
f 1894 1895 1958
f 1895 1959 1958
f 1895 1896 1959
f 1896 1960 1959
f 1896 1897 1960
f 1897 1961 1960
f 1897 1898 1961
f 1898 1962 1961
f 1898 1899 1962
f 1899 1963 1962
f 1899 1900 1963
f 1900 1964 1963
f 1900 1901 1964
f 1901 1965 1964
f 1901 1902 1965
f 1902 1966 1965
f 1902 1903 1966
f 1903 1967 1966
f 1903 1904 1967
f 1904 1968 1967
f 1904 1905 1968
f 1905 1969 1968
f 1905 1906 1969
f 1906 1970 1969
f 1906 1907 1970
f 1907 1971 1970
f 1907 1908 1971
f 1908 1972 1971
f 1908 1909 1972
f 1909 1973 1972
f 1909 1910 1973
f 1910 1974 1973
f 1910 1911 1974
f 1911 1975 1974
f 1911 1912 1975
f 1912 1976 1975
f 1912 1913 1976
f 1913 1977 1976
f 1913 1914 1977
f 1914 1978 1977
f 1914 1915 1978
f 1915 1979 1978
f 1915 1916 1979
f 1916 1980 1979
f 1916 1917 1980
f 1917 1981 1980
f 1917 1918 1981
f 1918 1982 1981
f 1918 1919 1982
f 1919 1983 1982
f 1919 1920 1983
f 1920 1984 1983
f 1920 1857 1984
f 1857 1921 1984
f 1921 1922 1985
f 1922 1986 1985
f 1922 1923 1986
f 1923 1987 1986
f 1923 1924 1987
f 1924 1988 1987
f 1924 1925 1988
f 1925 1989 1988
f 1925 1926 1989
f 1926 1990 1989
f 1926 1927 1990
f 1927 1991 1990
f 1927 1928 1991
f 1928 1992 1991
f 1928 1929 1992
f 1929 1993 1992
f 1929 1930 1993
f 1930 1994 1993
f 1930 1931 1994
f 1931 1995 1994
f 1931 1932 1995
f 1932 1996 1995
f 1932 1933 1996
f 1933 1997 1996
f 1933 1934 1997
f 1934 1998 1997
f 1934 1935 1998
f 1935 1999 1998
f 1935 1936 1999
f 1936 2000 1999
f 1936 1937 2000
f 1937 2001 2000
f 1937 1938 2001
f 1938 2002 2001
f 1938 1939 2002
f 1939 2003 2002
f 1939 1940 2003
f 1940 2004 2003
f 1940 1941 2004
f 1941 2005 2004
f 1941 1942 2005
f 1942 2006 2005
f 1942 1943 2006
f 1943 2007 2006
f 1943 1944 2007
f 1944 2008 2007
f 1944 1945 2008
f 1945 2009 2008
f 1945 1946 2009
f 1946 2010 2009
f 1946 1947 2010
f 1947 2011 2010
f 1947 1948 2011
f 1948 2012 2011
f 1948 1949 2012
f 1949 2013 2012
f 1949 1950 2013
f 1950 2014 2013
f 1950 1951 2014
f 1951 2015 2014
f 1951 1952 2015
f 1952 2016 2015
f 1952 1953 2016
f 1953 2017 2016
f 1953 1954 2017
f 1954 2018 2017
f 1954 1955 2018
f 1955 2019 2018
f 1955 1956 2019
f 1956 2020 2019
f 1956 1957 2020
f 1957 2021 2020
f 1957 1958 2021
f 1958 2022 2021
f 1958 1959 2022
f 1959 2023 2022
f 1959 1960 2023
f 1960 2024 2023
f 1960 1961 2024
f 1961 2025 2024
f 1961 1962 2025
f 1962 2026 2025
f 1962 1963 2026
f 1963 2027 2026
f 1963 1964 2027
f 1964 2028 2027
f 1964 1965 2028
f 1965 2029 2028
f 1965 1966 2029
f 1966 2030 2029
f 1966 1967 2030
f 1967 2031 2030
f 1967 1968 2031
f 1968 2032 2031
f 1968 1969 2032
f 1969 2033 2032
f 1969 1970 2033
f 1970 2034 2033
f 1970 1971 2034
f 1971 2035 2034
f 1971 1972 2035
f 1972 2036 2035
f 1972 1973 2036
f 1973 2037 2036
f 1973 1974 2037
f 1974 2038 2037
f 1974 1975 2038
f 1975 2039 2038
f 1975 1976 2039
f 1976 2040 2039
f 1976 1977 2040
f 1977 2041 2040
f 1977 1978 2041
f 1978 2042 2041
f 1978 1979 2042
f 1979 2043 2042
f 1979 1980 2043
f 1980 2044 2043
f 1980 1981 2044
f 1981 2045 2044
f 1981 1982 2045
f 1982 2046 2045
f 1982 1983 2046
f 1983 2047 2046
f 1983 1984 2047
f 1984 2048 2047
f 1984 1921 2048
f 1921 1985 2048
f 1985 1986 2049
f 1986 2050 2049
f 1986 1987 2050
f 1987 2051 2050
f 1987 1988 2051
f 1988 2052 2051
f 1988 1989 2052
f 1989 2053 2052
f 1989 1990 2053
f 1990 2054 2053
f 1990 1991 2054
f 1991 2055 2054
f 1991 1992 2055
f 1992 2056 2055
f 1992 1993 2056
f 1993 2057 2056
f 1993 1994 2057
f 1994 2058 2057
f 1994 1995 2058
f 1995 2059 2058
f 1995 1996 2059
f 1996 2060 2059
f 1996 1997 2060
f 1997 2061 2060
f 1997 1998 2061
f 1998 2062 2061
f 1998 1999 2062
f 1999 2063 2062
f 1999 2000 2063
f 2000 2064 2063
f 2000 2001 2064
f 2001 2065 2064
f 2001 2002 2065
f 2002 2066 2065
f 2002 2003 2066
f 2003 2067 2066
f 2003 2004 2067
f 2004 2068 2067
f 2004 2005 2068
f 2005 2069 2068
f 2005 2006 2069
f 2006 2070 2069
f 2006 2007 2070
f 2007 2071 2070
f 2007 2008 2071
f 2008 2072 2071
f 2008 2009 2072
f 2009 2073 2072
f 2009 2010 2073
f 2010 2074 2073
f 2010 2011 2074
f 2011 2075 2074
f 2011 2012 2075
f 2012 2076 2075
f 2012 2013 2076
f 2013 2077 2076
f 2013 2014 2077
f 2014 2078 2077
f 2014 2015 2078
f 2015 2079 2078
f 2015 2016 2079
f 2016 2080 2079
f 2016 2017 2080
f 2017 2081 2080
f 2017 2018 2081
f 2018 2082 2081
f 2018 2019 2082
f 2019 2083 2082
f 2019 2020 2083
f 2020 2084 2083
f 2020 2021 2084
f 2021 2085 2084
f 2021 2022 2085
f 2022 2086 2085
f 2022 2023 2086
f 2023 2087 2086
f 2023 2024 2087
f 2024 2088 2087
f 2024 2025 2088
f 2025 2089 2088
f 2025 2026 2089
f 2026 2090 2089
f 2026 2027 2090
f 2027 2091 2090
f 2027 2028 2091
f 2028 2092 2091
f 2028 2029 2092
f 2029 2093 2092
f 2029 2030 2093
f 2030 2094 2093
f 2030 2031 2094
f 2031 2095 2094
f 2031 2032 2095
f 2032 2096 2095
f 2032 2033 2096
f 2033 2097 2096
f 2033 2034 2097
f 2034 2098 2097
f 2034 2035 2098
f 2035 2099 2098
f 2035 2036 2099
f 2036 2100 2099
f 2036 2037 2100
f 2037 2101 2100
f 2037 2038 2101
f 2038 2102 2101
f 2038 2039 2102
f 2039 2103 2102
f 2039 2040 2103
f 2040 2104 2103
f 2040 2041 2104
f 2041 2105 2104
f 2041 2042 2105
f 2042 2106 2105
f 2042 2043 2106
f 2043 2107 2106
f 2043 2044 2107
f 2044 2108 2107
f 2044 2045 2108
f 2045 2109 2108
f 2045 2046 2109
f 2046 2110 2109
f 2046 2047 2110
f 2047 2111 2110
f 2047 2048 2111
f 2048 2112 2111
f 2048 1985 2112
f 1985 2049 2112
f 2049 2050 2113
f 2050 2114 2113
f 2050 2051 2114
f 2051 2115 2114
f 2051 2052 2115
f 2052 2116 2115
f 2052 2053 2116
f 2053 2117 2116
f 2053 2054 2117
f 2054 2118 2117
f 2054 2055 2118
f 2055 2119 2118
f 2055 2056 2119
f 2056 2120 2119
f 2056 2057 2120
f 2057 2121 2120
f 2057 2058 2121
f 2058 2122 2121
f 2058 2059 2122
f 2059 2123 2122
f 2059 2060 2123
f 2060 2124 2123
f 2060 2061 2124
f 2061 2125 2124
f 2061 2062 2125
f 2062 2126 2125
f 2062 2063 2126
f 2063 2127 2126
f 2063 2064 2127
f 2064 2128 2127
f 2064 2065 2128
f 2065 2129 2128
f 2065 2066 2129
f 2066 2130 2129
f 2066 2067 2130
f 2067 2131 2130
f 2067 2068 2131
f 2068 2132 2131
f 2068 2069 2132
f 2069 2133 2132
f 2069 2070 2133
f 2070 2134 2133
f 2070 2071 2134
f 2071 2135 2134
f 2071 2072 2135
f 2072 2136 2135
f 2072 2073 2136
f 2073 2137 2136
f 2073 2074 2137
f 2074 2138 2137
f 2074 2075 2138
f 2075 2139 2138
f 2075 2076 2139
f 2076 2140 2139
f 2076 2077 2140
f 2077 2141 2140
f 2077 2078 2141
f 2078 2142 2141
f 2078 2079 2142
f 2079 2143 2142
f 2079 2080 2143
f 2080 2144 2143
f 2080 2081 2144
f 2081 2145 2144
f 2081 2082 2145
f 2082 2146 2145
f 2082 2083 2146
f 2083 2147 2146
f 2083 2084 2147
f 2084 2148 2147
f 2084 2085 2148
f 2085 2149 2148
f 2085 2086 2149
f 2086 2150 2149
f 2086 2087 2150
f 2087 2151 2150
f 2087 2088 2151
f 2088 2152 2151
f 2088 2089 2152
f 2089 2153 2152
f 2089 2090 2153
f 2090 2154 2153
f 2090 2091 2154
f 2091 2155 2154
f 2091 2092 2155
f 2092 2156 2155
f 2092 2093 2156
f 2093 2157 2156
f 2093 2094 2157
f 2094 2158 2157
f 2094 2095 2158
f 2095 2159 2158
f 2095 2096 2159
f 2096 2160 2159
f 2096 2097 2160
f 2097 2161 2160
f 2097 2098 2161
f 2098 2162 2161
f 2098 2099 2162
f 2099 2163 2162
f 2099 2100 2163
f 2100 2164 2163
f 2100 2101 2164
f 2101 2165 2164
f 2101 2102 2165
f 2102 2166 2165
f 2102 2103 2166
f 2103 2167 2166
f 2103 2104 2167
f 2104 2168 2167
f 2104 2105 2168
f 2105 2169 2168
f 2105 2106 2169
f 2106 2170 2169
f 2106 2107 2170
f 2107 2171 2170
f 2107 2108 2171
f 2108 2172 2171
f 2108 2109 2172
f 2109 2173 2172
f 2109 2110 2173
f 2110 2174 2173
f 2110 2111 2174
f 2111 2175 2174
f 2111 2112 2175
f 2112 2176 2175
f 2112 2049 2176
f 2049 2113 2176
f 2113 2114 2177
f 2114 2178 2177
f 2114 2115 2178
f 2115 2179 2178
f 2115 2116 2179
f 2116 2180 2179
f 2116 2117 2180
f 2117 2181 2180
f 2117 2118 2181
f 2118 2182 2181
f 2118 2119 2182
f 2119 2183 2182
f 2119 2120 2183
f 2120 2184 2183
f 2120 2121 2184
f 2121 2185 2184
f 2121 2122 2185
f 2122 2186 2185
f 2122 2123 2186
f 2123 2187 2186
f 2123 2124 2187
f 2124 2188 2187
f 2124 2125 2188
f 2125 2189 2188
f 2125 2126 2189
f 2126 2190 2189
f 2126 2127 2190
f 2127 2191 2190
f 2127 2128 2191
f 2128 2192 2191
f 2128 2129 2192
f 2129 2193 2192
f 2129 2130 2193
f 2130 2194 2193
f 2130 2131 2194
f 2131 2195 2194
f 2131 2132 2195
f 2132 2196 2195
f 2132 2133 2196
f 2133 2197 2196
f 2133 2134 2197
f 2134 2198 2197
f 2134 2135 2198
f 2135 2199 2198
f 2135 2136 2199
f 2136 2200 2199
f 2136 2137 2200
f 2137 2201 2200
f 2137 2138 2201
f 2138 2202 2201
f 2138 2139 2202
f 2139 2203 2202
f 2139 2140 2203
f 2140 2204 2203
f 2140 2141 2204
f 2141 2205 2204
f 2141 2142 2205
f 2142 2206 2205
f 2142 2143 2206
f 2143 2207 2206
f 2143 2144 2207
f 2144 2208 2207
f 2144 2145 2208
f 2145 2209 2208
f 2145 2146 2209
f 2146 2210 2209
f 2146 2147 2210
f 2147 2211 2210
f 2147 2148 2211
f 2148 2212 2211
f 2148 2149 2212
f 2149 2213 2212
f 2149 2150 2213
f 2150 2214 2213
f 2150 2151 2214
f 2151 2215 2214
f 2151 2152 2215
f 2152 2216 2215
f 2152 2153 2216
f 2153 2217 2216
f 2153 2154 2217
f 2154 2218 2217
f 2154 2155 2218
f 2155 2219 2218
f 2155 2156 2219
f 2156 2220 2219
f 2156 2157 2220
f 2157 2221 2220
f 2157 2158 2221
f 2158 2222 2221
f 2158 2159 2222
f 2159 2223 2222
f 2159 2160 2223
f 2160 2224 2223
f 2160 2161 2224
f 2161 2225 2224
f 2161 2162 2225
f 2162 2226 2225
f 2162 2163 2226
f 2163 2227 2226
f 2163 2164 2227
f 2164 2228 2227
f 2164 2165 2228
f 2165 2229 2228
f 2165 2166 2229
f 2166 2230 2229
f 2166 2167 2230
f 2167 2231 2230
f 2167 2168 2231
f 2168 2232 2231
f 2168 2169 2232
f 2169 2233 2232
f 2169 2170 2233
f 2170 2234 2233
f 2170 2171 2234
f 2171 2235 2234
f 2171 2172 2235
f 2172 2236 2235
f 2172 2173 2236
f 2173 2237 2236
f 2173 2174 2237
f 2174 2238 2237
f 2174 2175 2238
f 2175 2239 2238
f 2175 2176 2239
f 2176 2240 2239
f 2176 2113 2240
f 2113 2177 2240
f 2177 2178 2241
f 2178 2242 2241
f 2178 2179 2242
f 2179 2243 2242
f 2179 2180 2243
f 2180 2244 2243
f 2180 2181 2244
f 2181 2245 2244
f 2181 2182 2245
f 2182 2246 2245
f 2182 2183 2246
f 2183 2247 2246
f 2183 2184 2247
f 2184 2248 2247
f 2184 2185 2248
f 2185 2249 2248
f 2185 2186 2249
f 2186 2250 2249
f 2186 2187 2250
f 2187 2251 2250
f 2187 2188 2251
f 2188 2252 2251
f 2188 2189 2252
f 2189 2253 2252
f 2189 2190 2253
f 2190 2254 2253
f 2190 2191 2254
f 2191 2255 2254
f 2191 2192 2255
f 2192 2256 2255
f 2192 2193 2256
f 2193 2257 2256
f 2193 2194 2257
f 2194 2258 2257
f 2194 2195 2258
f 2195 2259 2258
f 2195 2196 2259
f 2196 2260 2259
f 2196 2197 2260
f 2197 2261 2260
f 2197 2198 2261
f 2198 2262 2261
f 2198 2199 2262
f 2199 2263 2262
f 2199 2200 2263
f 2200 2264 2263
f 2200 2201 2264
f 2201 2265 2264
f 2201 2202 2265
f 2202 2266 2265
f 2202 2203 2266
f 2203 2267 2266
f 2203 2204 2267
f 2204 2268 2267
f 2204 2205 2268
f 2205 2269 2268
f 2205 2206 2269
f 2206 2270 2269
f 2206 2207 2270
f 2207 2271 2270
f 2207 2208 2271
f 2208 2272 2271
f 2208 2209 2272
f 2209 2273 2272
f 2209 2210 2273
f 2210 2274 2273
f 2210 2211 2274
f 2211 2275 2274
f 2211 2212 2275
f 2212 2276 2275
f 2212 2213 2276
f 2213 2277 2276
f 2213 2214 2277
f 2214 2278 2277
f 2214 2215 2278
f 2215 2279 2278
f 2215 2216 2279
f 2216 2280 2279
f 2216 2217 2280
f 2217 2281 2280
f 2217 2218 2281
f 2218 2282 2281
f 2218 2219 2282
f 2219 2283 2282
f 2219 2220 2283
f 2220 2284 2283
f 2220 2221 2284
f 2221 2285 2284
f 2221 2222 2285
f 2222 2286 2285
f 2222 2223 2286
f 2223 2287 2286
f 2223 2224 2287
f 2224 2288 2287
f 2224 2225 2288
f 2225 2289 2288
f 2225 2226 2289
f 2226 2290 2289
f 2226 2227 2290
f 2227 2291 2290
f 2227 2228 2291
f 2228 2292 2291
f 2228 2229 2292
f 2229 2293 2292
f 2229 2230 2293
f 2230 2294 2293
f 2230 2231 2294
f 2231 2295 2294
f 2231 2232 2295
f 2232 2296 2295
f 2232 2233 2296
f 2233 2297 2296
f 2233 2234 2297
f 2234 2298 2297
f 2234 2235 2298
f 2235 2299 2298
f 2235 2236 2299
f 2236 2300 2299
f 2236 2237 2300
f 2237 2301 2300
f 2237 2238 2301
f 2238 2302 2301
f 2238 2239 2302
f 2239 2303 2302
f 2239 2240 2303
f 2240 2304 2303
f 2240 2177 2304
f 2177 2241 2304
f 2241 2242 2305
f 2242 2306 2305
f 2242 2243 2306
f 2243 2307 2306
f 2243 2244 2307
f 2244 2308 2307
f 2244 2245 2308
f 2245 2309 2308
f 2245 2246 2309
f 2246 2310 2309
f 2246 2247 2310
f 2247 2311 2310
f 2247 2248 2311
f 2248 2312 2311
f 2248 2249 2312
f 2249 2313 2312
f 2249 2250 2313
f 2250 2314 2313
f 2250 2251 2314
f 2251 2315 2314
f 2251 2252 2315
f 2252 2316 2315
f 2252 2253 2316
f 2253 2317 2316
f 2253 2254 2317
f 2254 2318 2317
f 2254 2255 2318
f 2255 2319 2318
f 2255 2256 2319
f 2256 2320 2319
f 2256 2257 2320
f 2257 2321 2320
f 2257 2258 2321
f 2258 2322 2321
f 2258 2259 2322
f 2259 2323 2322
f 2259 2260 2323
f 2260 2324 2323
f 2260 2261 2324
f 2261 2325 2324
f 2261 2262 2325
f 2262 2326 2325
f 2262 2263 2326
f 2263 2327 2326
f 2263 2264 2327
f 2264 2328 2327
f 2264 2265 2328
f 2265 2329 2328
f 2265 2266 2329
f 2266 2330 2329
f 2266 2267 2330
f 2267 2331 2330
f 2267 2268 2331
f 2268 2332 2331
f 2268 2269 2332
f 2269 2333 2332
f 2269 2270 2333
f 2270 2334 2333
f 2270 2271 2334
f 2271 2335 2334
f 2271 2272 2335
f 2272 2336 2335
f 2272 2273 2336
f 2273 2337 2336
f 2273 2274 2337
f 2274 2338 2337
f 2274 2275 2338
f 2275 2339 2338
f 2275 2276 2339
f 2276 2340 2339
f 2276 2277 2340
f 2277 2341 2340
f 2277 2278 2341
f 2278 2342 2341
f 2278 2279 2342
f 2279 2343 2342
f 2279 2280 2343
f 2280 2344 2343
f 2280 2281 2344
f 2281 2345 2344
f 2281 2282 2345
f 2282 2346 2345
f 2282 2283 2346
f 2283 2347 2346
f 2283 2284 2347
f 2284 2348 2347
f 2284 2285 2348
f 2285 2349 2348
f 2285 2286 2349
f 2286 2350 2349
f 2286 2287 2350
f 2287 2351 2350
f 2287 2288 2351
f 2288 2352 2351
f 2288 2289 2352
f 2289 2353 2352
f 2289 2290 2353
f 2290 2354 2353
f 2290 2291 2354
f 2291 2355 2354
f 2291 2292 2355
f 2292 2356 2355
f 2292 2293 2356
f 2293 2357 2356
f 2293 2294 2357
f 2294 2358 2357
f 2294 2295 2358
f 2295 2359 2358
f 2295 2296 2359
f 2296 2360 2359
f 2296 2297 2360
f 2297 2361 2360
f 2297 2298 2361
f 2298 2362 2361
f 2298 2299 2362
f 2299 2363 2362
f 2299 2300 2363
f 2300 2364 2363
f 2300 2301 2364
f 2301 2365 2364
f 2301 2302 2365
f 2302 2366 2365
f 2302 2303 2366
f 2303 2367 2366
f 2303 2304 2367
f 2304 2368 2367
f 2304 2241 2368
f 2241 2305 2368
f 2305 2306 2369
f 2306 2370 2369
f 2306 2307 2370
f 2307 2371 2370
f 2307 2308 2371
f 2308 2372 2371
f 2308 2309 2372
f 2309 2373 2372
f 2309 2310 2373
f 2310 2374 2373
f 2310 2311 2374
f 2311 2375 2374
f 2311 2312 2375
f 2312 2376 2375
f 2312 2313 2376
f 2313 2377 2376
f 2313 2314 2377
f 2314 2378 2377
f 2314 2315 2378
f 2315 2379 2378
f 2315 2316 2379
f 2316 2380 2379
f 2316 2317 2380
f 2317 2381 2380
f 2317 2318 2381
f 2318 2382 2381
f 2318 2319 2382
f 2319 2383 2382
f 2319 2320 2383
f 2320 2384 2383
f 2320 2321 2384
f 2321 2385 2384
f 2321 2322 2385
f 2322 2386 2385
f 2322 2323 2386
f 2323 2387 2386
f 2323 2324 2387
f 2324 2388 2387
f 2324 2325 2388
f 2325 2389 2388
f 2325 2326 2389
f 2326 2390 2389
f 2326 2327 2390
f 2327 2391 2390
f 2327 2328 2391
f 2328 2392 2391
f 2328 2329 2392
f 2329 2393 2392
f 2329 2330 2393
f 2330 2394 2393
f 2330 2331 2394
f 2331 2395 2394
f 2331 2332 2395
f 2332 2396 2395
f 2332 2333 2396
f 2333 2397 2396
f 2333 2334 2397
f 2334 2398 2397
f 2334 2335 2398
f 2335 2399 2398
f 2335 2336 2399
f 2336 2400 2399
f 2336 2337 2400
f 2337 2401 2400
f 2337 2338 2401
f 2338 2402 2401
f 2338 2339 2402
f 2339 2403 2402
f 2339 2340 2403
f 2340 2404 2403
f 2340 2341 2404
f 2341 2405 2404
f 2341 2342 2405
f 2342 2406 2405
f 2342 2343 2406
f 2343 2407 2406
f 2343 2344 2407
f 2344 2408 2407
f 2344 2345 2408
f 2345 2409 2408
f 2345 2346 2409
f 2346 2410 2409
f 2346 2347 2410
f 2347 2411 2410
f 2347 2348 2411
f 2348 2412 2411
f 2348 2349 2412
f 2349 2413 2412
f 2349 2350 2413
f 2350 2414 2413
f 2350 2351 2414
f 2351 2415 2414
f 2351 2352 2415
f 2352 2416 2415
f 2352 2353 2416
f 2353 2417 2416
f 2353 2354 2417
f 2354 2418 2417
f 2354 2355 2418
f 2355 2419 2418
f 2355 2356 2419
f 2356 2420 2419
f 2356 2357 2420
f 2357 2421 2420
f 2357 2358 2421
f 2358 2422 2421
f 2358 2359 2422
f 2359 2423 2422
f 2359 2360 2423
f 2360 2424 2423
f 2360 2361 2424
f 2361 2425 2424
f 2361 2362 2425
f 2362 2426 2425
f 2362 2363 2426
f 2363 2427 2426
f 2363 2364 2427
f 2364 2428 2427
f 2364 2365 2428
f 2365 2429 2428
f 2365 2366 2429
f 2366 2430 2429
f 2366 2367 2430
f 2367 2431 2430
f 2367 2368 2431
f 2368 2432 2431
f 2368 2305 2432
f 2305 2369 2432
f 2369 2370 2433
f 2370 2434 2433
f 2370 2371 2434
f 2371 2435 2434
f 2371 2372 2435
f 2372 2436 2435
f 2372 2373 2436
f 2373 2437 2436
f 2373 2374 2437
f 2374 2438 2437
f 2374 2375 2438
f 2375 2439 2438
f 2375 2376 2439
f 2376 2440 2439
f 2376 2377 2440
f 2377 2441 2440
f 2377 2378 2441
f 2378 2442 2441
f 2378 2379 2442
f 2379 2443 2442
f 2379 2380 2443
f 2380 2444 2443
f 2380 2381 2444
f 2381 2445 2444
f 2381 2382 2445
f 2382 2446 2445
f 2382 2383 2446
f 2383 2447 2446
f 2383 2384 2447
f 2384 2448 2447
f 2384 2385 2448
f 2385 2449 2448
f 2385 2386 2449
f 2386 2450 2449
f 2386 2387 2450
f 2387 2451 2450
f 2387 2388 2451
f 2388 2452 2451
f 2388 2389 2452
f 2389 2453 2452
f 2389 2390 2453
f 2390 2454 2453
f 2390 2391 2454
f 2391 2455 2454
f 2391 2392 2455
f 2392 2456 2455
f 2392 2393 2456
f 2393 2457 2456
f 2393 2394 2457
f 2394 2458 2457
f 2394 2395 2458
f 2395 2459 2458
f 2395 2396 2459
f 2396 2460 2459
f 2396 2397 2460
f 2397 2461 2460
f 2397 2398 2461
f 2398 2462 2461
f 2398 2399 2462
f 2399 2463 2462
f 2399 2400 2463
f 2400 2464 2463
f 2400 2401 2464
f 2401 2465 2464
f 2401 2402 2465
f 2402 2466 2465
f 2402 2403 2466
f 2403 2467 2466
f 2403 2404 2467
f 2404 2468 2467
f 2404 2405 2468
f 2405 2469 2468
f 2405 2406 2469
f 2406 2470 2469
f 2406 2407 2470
f 2407 2471 2470
f 2407 2408 2471
f 2408 2472 2471
f 2408 2409 2472
f 2409 2473 2472
f 2409 2410 2473
f 2410 2474 2473
f 2410 2411 2474
f 2411 2475 2474
f 2411 2412 2475
f 2412 2476 2475
f 2412 2413 2476
f 2413 2477 2476
f 2413 2414 2477
f 2414 2478 2477
f 2414 2415 2478
f 2415 2479 2478
f 2415 2416 2479
f 2416 2480 2479
f 2416 2417 2480
f 2417 2481 2480
f 2417 2418 2481
f 2418 2482 2481
f 2418 2419 2482
f 2419 2483 2482
f 2419 2420 2483
f 2420 2484 2483
f 2420 2421 2484
f 2421 2485 2484
f 2421 2422 2485
f 2422 2486 2485
f 2422 2423 2486
f 2423 2487 2486
f 2423 2424 2487
f 2424 2488 2487
f 2424 2425 2488
f 2425 2489 2488
f 2425 2426 2489
f 2426 2490 2489
f 2426 2427 2490
f 2427 2491 2490
f 2427 2428 2491
f 2428 2492 2491
f 2428 2429 2492
f 2429 2493 2492
f 2429 2430 2493
f 2430 2494 2493
f 2430 2431 2494
f 2431 2495 2494
f 2431 2432 2495
f 2432 2496 2495
f 2432 2369 2496
f 2369 2433 2496
f 2433 2434 2497
f 2434 2498 2497
f 2434 2435 2498
f 2435 2499 2498
f 2435 2436 2499
f 2436 2500 2499
f 2436 2437 2500
f 2437 2501 2500
f 2437 2438 2501
f 2438 2502 2501
f 2438 2439 2502
f 2439 2503 2502
f 2439 2440 2503
f 2440 2504 2503
f 2440 2441 2504
f 2441 2505 2504
f 2441 2442 2505
f 2442 2506 2505
f 2442 2443 2506
f 2443 2507 2506
f 2443 2444 2507
f 2444 2508 2507
f 2444 2445 2508
f 2445 2509 2508
f 2445 2446 2509
f 2446 2510 2509
f 2446 2447 2510
f 2447 2511 2510
f 2447 2448 2511
f 2448 2512 2511
f 2448 2449 2512
f 2449 2513 2512
f 2449 2450 2513
f 2450 2514 2513
f 2450 2451 2514
f 2451 2515 2514
f 2451 2452 2515
f 2452 2516 2515
f 2452 2453 2516
f 2453 2517 2516
f 2453 2454 2517
f 2454 2518 2517
f 2454 2455 2518
f 2455 2519 2518
f 2455 2456 2519
f 2456 2520 2519
f 2456 2457 2520
f 2457 2521 2520
f 2457 2458 2521
f 2458 2522 2521
f 2458 2459 2522
f 2459 2523 2522
f 2459 2460 2523
f 2460 2524 2523
f 2460 2461 2524
f 2461 2525 2524
f 2461 2462 2525
f 2462 2526 2525
f 2462 2463 2526
f 2463 2527 2526
f 2463 2464 2527
f 2464 2528 2527
f 2464 2465 2528
f 2465 2529 2528
f 2465 2466 2529
f 2466 2530 2529
f 2466 2467 2530
f 2467 2531 2530
f 2467 2468 2531
f 2468 2532 2531
f 2468 2469 2532
f 2469 2533 2532
f 2469 2470 2533
f 2470 2534 2533
f 2470 2471 2534
f 2471 2535 2534
f 2471 2472 2535
f 2472 2536 2535
f 2472 2473 2536
f 2473 2537 2536
f 2473 2474 2537
f 2474 2538 2537
f 2474 2475 2538
f 2475 2539 2538
f 2475 2476 2539
f 2476 2540 2539
f 2476 2477 2540
f 2477 2541 2540
f 2477 2478 2541
f 2478 2542 2541
f 2478 2479 2542
f 2479 2543 2542
f 2479 2480 2543
f 2480 2544 2543
f 2480 2481 2544
f 2481 2545 2544
f 2481 2482 2545
f 2482 2546 2545
f 2482 2483 2546
f 2483 2547 2546
f 2483 2484 2547
f 2484 2548 2547
f 2484 2485 2548
f 2485 2549 2548
f 2485 2486 2549
f 2486 2550 2549
f 2486 2487 2550
f 2487 2551 2550
f 2487 2488 2551
f 2488 2552 2551
f 2488 2489 2552
f 2489 2553 2552
f 2489 2490 2553
f 2490 2554 2553
f 2490 2491 2554
f 2491 2555 2554
f 2491 2492 2555
f 2492 2556 2555
f 2492 2493 2556
f 2493 2557 2556
f 2493 2494 2557
f 2494 2558 2557
f 2494 2495 2558
f 2495 2559 2558
f 2495 2496 2559
f 2496 2560 2559
f 2496 2433 2560
f 2433 2497 2560
f 2497 2498 2561
f 2498 2562 2561
f 2498 2499 2562
f 2499 2563 2562
f 2499 2500 2563
f 2500 2564 2563
f 2500 2501 2564
f 2501 2565 2564
f 2501 2502 2565
f 2502 2566 2565
f 2502 2503 2566
f 2503 2567 2566
f 2503 2504 2567
f 2504 2568 2567
f 2504 2505 2568
f 2505 2569 2568
f 2505 2506 2569
f 2506 2570 2569
f 2506 2507 2570
f 2507 2571 2570
f 2507 2508 2571
f 2508 2572 2571
f 2508 2509 2572
f 2509 2573 2572
f 2509 2510 2573
f 2510 2574 2573
f 2510 2511 2574
f 2511 2575 2574
f 2511 2512 2575
f 2512 2576 2575
f 2512 2513 2576
f 2513 2577 2576
f 2513 2514 2577
f 2514 2578 2577
f 2514 2515 2578
f 2515 2579 2578
f 2515 2516 2579
f 2516 2580 2579
f 2516 2517 2580
f 2517 2581 2580
f 2517 2518 2581
f 2518 2582 2581
f 2518 2519 2582
f 2519 2583 2582
f 2519 2520 2583
f 2520 2584 2583
f 2520 2521 2584
f 2521 2585 2584
f 2521 2522 2585
f 2522 2586 2585
f 2522 2523 2586
f 2523 2587 2586
f 2523 2524 2587
f 2524 2588 2587
f 2524 2525 2588
f 2525 2589 2588
f 2525 2526 2589
f 2526 2590 2589
f 2526 2527 2590
f 2527 2591 2590
f 2527 2528 2591
f 2528 2592 2591
f 2528 2529 2592
f 2529 2593 2592
f 2529 2530 2593
f 2530 2594 2593
f 2530 2531 2594
f 2531 2595 2594
f 2531 2532 2595
f 2532 2596 2595
f 2532 2533 2596
f 2533 2597 2596
f 2533 2534 2597
f 2534 2598 2597
f 2534 2535 2598
f 2535 2599 2598
f 2535 2536 2599
f 2536 2600 2599
f 2536 2537 2600
f 2537 2601 2600
f 2537 2538 2601
f 2538 2602 2601
f 2538 2539 2602
f 2539 2603 2602
f 2539 2540 2603
f 2540 2604 2603
f 2540 2541 2604
f 2541 2605 2604
f 2541 2542 2605
f 2542 2606 2605
f 2542 2543 2606
f 2543 2607 2606
f 2543 2544 2607
f 2544 2608 2607
f 2544 2545 2608
f 2545 2609 2608
f 2545 2546 2609
f 2546 2610 2609
f 2546 2547 2610
f 2547 2611 2610
f 2547 2548 2611
f 2548 2612 2611
f 2548 2549 2612
f 2549 2613 2612
f 2549 2550 2613
f 2550 2614 2613
f 2550 2551 2614
f 2551 2615 2614
f 2551 2552 2615
f 2552 2616 2615
f 2552 2553 2616
f 2553 2617 2616
f 2553 2554 2617
f 2554 2618 2617
f 2554 2555 2618
f 2555 2619 2618
f 2555 2556 2619
f 2556 2620 2619
f 2556 2557 2620
f 2557 2621 2620
f 2557 2558 2621
f 2558 2622 2621
f 2558 2559 2622
f 2559 2623 2622
f 2559 2560 2623
f 2560 2624 2623
f 2560 2497 2624
f 2497 2561 2624
f 2561 2562 2625
f 2562 2626 2625
f 2562 2563 2626
f 2563 2627 2626
f 2563 2564 2627
f 2564 2628 2627
f 2564 2565 2628
f 2565 2629 2628
f 2565 2566 2629
f 2566 2630 2629
f 2566 2567 2630
f 2567 2631 2630
f 2567 2568 2631
f 2568 2632 2631
f 2568 2569 2632
f 2569 2633 2632
f 2569 2570 2633
f 2570 2634 2633
f 2570 2571 2634
f 2571 2635 2634
f 2571 2572 2635
f 2572 2636 2635
f 2572 2573 2636
f 2573 2637 2636
f 2573 2574 2637
f 2574 2638 2637
f 2574 2575 2638
f 2575 2639 2638
f 2575 2576 2639
f 2576 2640 2639
f 2576 2577 2640
f 2577 2641 2640
f 2577 2578 2641
f 2578 2642 2641
f 2578 2579 2642
f 2579 2643 2642
f 2579 2580 2643
f 2580 2644 2643
f 2580 2581 2644
f 2581 2645 2644
f 2581 2582 2645
f 2582 2646 2645
f 2582 2583 2646
f 2583 2647 2646
f 2583 2584 2647
f 2584 2648 2647
f 2584 2585 2648
f 2585 2649 2648
f 2585 2586 2649
f 2586 2650 2649
f 2586 2587 2650
f 2587 2651 2650
f 2587 2588 2651
f 2588 2652 2651
f 2588 2589 2652
f 2589 2653 2652
f 2589 2590 2653
f 2590 2654 2653
f 2590 2591 2654
f 2591 2655 2654
f 2591 2592 2655
f 2592 2656 2655
f 2592 2593 2656
f 2593 2657 2656
f 2593 2594 2657
f 2594 2658 2657
f 2594 2595 2658
f 2595 2659 2658
f 2595 2596 2659
f 2596 2660 2659
f 2596 2597 2660
f 2597 2661 2660
f 2597 2598 2661
f 2598 2662 2661
f 2598 2599 2662
f 2599 2663 2662
f 2599 2600 2663
f 2600 2664 2663
f 2600 2601 2664
f 2601 2665 2664
f 2601 2602 2665
f 2602 2666 2665
f 2602 2603 2666
f 2603 2667 2666
f 2603 2604 2667
f 2604 2668 2667
f 2604 2605 2668
f 2605 2669 2668
f 2605 2606 2669
f 2606 2670 2669
f 2606 2607 2670
f 2607 2671 2670
f 2607 2608 2671
f 2608 2672 2671
f 2608 2609 2672
f 2609 2673 2672
f 2609 2610 2673
f 2610 2674 2673
f 2610 2611 2674
f 2611 2675 2674
f 2611 2612 2675
f 2612 2676 2675
f 2612 2613 2676
f 2613 2677 2676
f 2613 2614 2677
f 2614 2678 2677
f 2614 2615 2678
f 2615 2679 2678
f 2615 2616 2679
f 2616 2680 2679
f 2616 2617 2680
f 2617 2681 2680
f 2617 2618 2681
f 2618 2682 2681
f 2618 2619 2682
f 2619 2683 2682
f 2619 2620 2683
f 2620 2684 2683
f 2620 2621 2684
f 2621 2685 2684
f 2621 2622 2685
f 2622 2686 2685
f 2622 2623 2686
f 2623 2687 2686
f 2623 2624 2687
f 2624 2688 2687
f 2624 2561 2688
f 2561 2625 2688
f 2625 2626 2689
f 2626 2690 2689
f 2626 2627 2690
f 2627 2691 2690
f 2627 2628 2691
f 2628 2692 2691
f 2628 2629 2692
f 2629 2693 2692
f 2629 2630 2693
f 2630 2694 2693
f 2630 2631 2694
f 2631 2695 2694
f 2631 2632 2695
f 2632 2696 2695
f 2632 2633 2696
f 2633 2697 2696
f 2633 2634 2697
f 2634 2698 2697
f 2634 2635 2698
f 2635 2699 2698
f 2635 2636 2699
f 2636 2700 2699
f 2636 2637 2700
f 2637 2701 2700
f 2637 2638 2701
f 2638 2702 2701
f 2638 2639 2702
f 2639 2703 2702
f 2639 2640 2703
f 2640 2704 2703
f 2640 2641 2704
f 2641 2705 2704
f 2641 2642 2705
f 2642 2706 2705
f 2642 2643 2706
f 2643 2707 2706
f 2643 2644 2707
f 2644 2708 2707
f 2644 2645 2708
f 2645 2709 2708
f 2645 2646 2709
f 2646 2710 2709
f 2646 2647 2710
f 2647 2711 2710
f 2647 2648 2711
f 2648 2712 2711
f 2648 2649 2712
f 2649 2713 2712
f 2649 2650 2713
f 2650 2714 2713
f 2650 2651 2714
f 2651 2715 2714
f 2651 2652 2715
f 2652 2716 2715
f 2652 2653 2716
f 2653 2717 2716
f 2653 2654 2717
f 2654 2718 2717
f 2654 2655 2718
f 2655 2719 2718
f 2655 2656 2719
f 2656 2720 2719
f 2656 2657 2720
f 2657 2721 2720
f 2657 2658 2721
f 2658 2722 2721
f 2658 2659 2722
f 2659 2723 2722
f 2659 2660 2723
f 2660 2724 2723
f 2660 2661 2724
f 2661 2725 2724
f 2661 2662 2725
f 2662 2726 2725
f 2662 2663 2726
f 2663 2727 2726
f 2663 2664 2727
f 2664 2728 2727
f 2664 2665 2728
f 2665 2729 2728
f 2665 2666 2729
f 2666 2730 2729
f 2666 2667 2730
f 2667 2731 2730
f 2667 2668 2731
f 2668 2732 2731
f 2668 2669 2732
f 2669 2733 2732
f 2669 2670 2733
f 2670 2734 2733
f 2670 2671 2734
f 2671 2735 2734
f 2671 2672 2735
f 2672 2736 2735
f 2672 2673 2736
f 2673 2737 2736
f 2673 2674 2737
f 2674 2738 2737
f 2674 2675 2738
f 2675 2739 2738
f 2675 2676 2739
f 2676 2740 2739
f 2676 2677 2740
f 2677 2741 2740
f 2677 2678 2741
f 2678 2742 2741
f 2678 2679 2742
f 2679 2743 2742
f 2679 2680 2743
f 2680 2744 2743
f 2680 2681 2744
f 2681 2745 2744
f 2681 2682 2745
f 2682 2746 2745
f 2682 2683 2746
f 2683 2747 2746
f 2683 2684 2747
f 2684 2748 2747
f 2684 2685 2748
f 2685 2749 2748
f 2685 2686 2749
f 2686 2750 2749
f 2686 2687 2750
f 2687 2751 2750
f 2687 2688 2751
f 2688 2752 2751
f 2688 2625 2752
f 2625 2689 2752
f 2689 2690 2753
f 2690 2754 2753
f 2690 2691 2754
f 2691 2755 2754
f 2691 2692 2755
f 2692 2756 2755
f 2692 2693 2756
f 2693 2757 2756
f 2693 2694 2757
f 2694 2758 2757
f 2694 2695 2758
f 2695 2759 2758
f 2695 2696 2759
f 2696 2760 2759
f 2696 2697 2760
f 2697 2761 2760
f 2697 2698 2761
f 2698 2762 2761
f 2698 2699 2762
f 2699 2763 2762
f 2699 2700 2763
f 2700 2764 2763
f 2700 2701 2764
f 2701 2765 2764
f 2701 2702 2765
f 2702 2766 2765
f 2702 2703 2766
f 2703 2767 2766
f 2703 2704 2767
f 2704 2768 2767
f 2704 2705 2768
f 2705 2769 2768
f 2705 2706 2769
f 2706 2770 2769
f 2706 2707 2770
f 2707 2771 2770
f 2707 2708 2771
f 2708 2772 2771
f 2708 2709 2772
f 2709 2773 2772
f 2709 2710 2773
f 2710 2774 2773
f 2710 2711 2774
f 2711 2775 2774
f 2711 2712 2775
f 2712 2776 2775
f 2712 2713 2776
f 2713 2777 2776
f 2713 2714 2777
f 2714 2778 2777
f 2714 2715 2778
f 2715 2779 2778
f 2715 2716 2779
f 2716 2780 2779
f 2716 2717 2780
f 2717 2781 2780
f 2717 2718 2781
f 2718 2782 2781
f 2718 2719 2782
f 2719 2783 2782
f 2719 2720 2783
f 2720 2784 2783
f 2720 2721 2784
f 2721 2785 2784
f 2721 2722 2785
f 2722 2786 2785
f 2722 2723 2786
f 2723 2787 2786
f 2723 2724 2787
f 2724 2788 2787
f 2724 2725 2788
f 2725 2789 2788
f 2725 2726 2789
f 2726 2790 2789
f 2726 2727 2790
f 2727 2791 2790
f 2727 2728 2791
f 2728 2792 2791
f 2728 2729 2792
f 2729 2793 2792
f 2729 2730 2793
f 2730 2794 2793
f 2730 2731 2794
f 2731 2795 2794
f 2731 2732 2795
f 2732 2796 2795
f 2732 2733 2796
f 2733 2797 2796
f 2733 2734 2797
f 2734 2798 2797
f 2734 2735 2798
f 2735 2799 2798
f 2735 2736 2799
f 2736 2800 2799
f 2736 2737 2800
f 2737 2801 2800
f 2737 2738 2801
f 2738 2802 2801
f 2738 2739 2802
f 2739 2803 2802
f 2739 2740 2803
f 2740 2804 2803
f 2740 2741 2804
f 2741 2805 2804
f 2741 2742 2805
f 2742 2806 2805
f 2742 2743 2806
f 2743 2807 2806
f 2743 2744 2807
f 2744 2808 2807
f 2744 2745 2808
f 2745 2809 2808
f 2745 2746 2809
f 2746 2810 2809
f 2746 2747 2810
f 2747 2811 2810
f 2747 2748 2811
f 2748 2812 2811
f 2748 2749 2812
f 2749 2813 2812
f 2749 2750 2813
f 2750 2814 2813
f 2750 2751 2814
f 2751 2815 2814
f 2751 2752 2815
f 2752 2816 2815
f 2752 2689 2816
f 2689 2753 2816
f 2753 2754 2817
f 2754 2818 2817
f 2754 2755 2818
f 2755 2819 2818
f 2755 2756 2819
f 2756 2820 2819
f 2756 2757 2820
f 2757 2821 2820
f 2757 2758 2821
f 2758 2822 2821
f 2758 2759 2822
f 2759 2823 2822
f 2759 2760 2823
f 2760 2824 2823
f 2760 2761 2824
f 2761 2825 2824
f 2761 2762 2825
f 2762 2826 2825
f 2762 2763 2826
f 2763 2827 2826
f 2763 2764 2827
f 2764 2828 2827
f 2764 2765 2828
f 2765 2829 2828
f 2765 2766 2829
f 2766 2830 2829
f 2766 2767 2830
f 2767 2831 2830
f 2767 2768 2831
f 2768 2832 2831
f 2768 2769 2832
f 2769 2833 2832
f 2769 2770 2833
f 2770 2834 2833
f 2770 2771 2834
f 2771 2835 2834
f 2771 2772 2835
f 2772 2836 2835
f 2772 2773 2836
f 2773 2837 2836
f 2773 2774 2837
f 2774 2838 2837
f 2774 2775 2838
f 2775 2839 2838
f 2775 2776 2839
f 2776 2840 2839
f 2776 2777 2840
f 2777 2841 2840
f 2777 2778 2841
f 2778 2842 2841
f 2778 2779 2842
f 2779 2843 2842
f 2779 2780 2843
f 2780 2844 2843
f 2780 2781 2844
f 2781 2845 2844
f 2781 2782 2845
f 2782 2846 2845
f 2782 2783 2846
f 2783 2847 2846
f 2783 2784 2847
f 2784 2848 2847
f 2784 2785 2848
f 2785 2849 2848
f 2785 2786 2849
f 2786 2850 2849
f 2786 2787 2850
f 2787 2851 2850
f 2787 2788 2851
f 2788 2852 2851
f 2788 2789 2852
f 2789 2853 2852
f 2789 2790 2853
f 2790 2854 2853
f 2790 2791 2854
f 2791 2855 2854
f 2791 2792 2855
f 2792 2856 2855
f 2792 2793 2856
f 2793 2857 2856
f 2793 2794 2857
f 2794 2858 2857
f 2794 2795 2858
f 2795 2859 2858
f 2795 2796 2859
f 2796 2860 2859
f 2796 2797 2860
f 2797 2861 2860
f 2797 2798 2861
f 2798 2862 2861
f 2798 2799 2862
f 2799 2863 2862
f 2799 2800 2863
f 2800 2864 2863
f 2800 2801 2864
f 2801 2865 2864
f 2801 2802 2865
f 2802 2866 2865
f 2802 2803 2866
f 2803 2867 2866
f 2803 2804 2867
f 2804 2868 2867
f 2804 2805 2868
f 2805 2869 2868
f 2805 2806 2869
f 2806 2870 2869
f 2806 2807 2870
f 2807 2871 2870
f 2807 2808 2871
f 2808 2872 2871
f 2808 2809 2872
f 2809 2873 2872
f 2809 2810 2873
f 2810 2874 2873
f 2810 2811 2874
f 2811 2875 2874
f 2811 2812 2875
f 2812 2876 2875
f 2812 2813 2876
f 2813 2877 2876
f 2813 2814 2877
f 2814 2878 2877
f 2814 2815 2878
f 2815 2879 2878
f 2815 2816 2879
f 2816 2880 2879
f 2816 2753 2880
f 2753 2817 2880
f 2817 2818 2881
f 2818 2882 2881
f 2818 2819 2882
f 2819 2883 2882
f 2819 2820 2883
f 2820 2884 2883
f 2820 2821 2884
f 2821 2885 2884
f 2821 2822 2885
f 2822 2886 2885
f 2822 2823 2886
f 2823 2887 2886
f 2823 2824 2887
f 2824 2888 2887
f 2824 2825 2888
f 2825 2889 2888
f 2825 2826 2889
f 2826 2890 2889
f 2826 2827 2890
f 2827 2891 2890
f 2827 2828 2891
f 2828 2892 2891
f 2828 2829 2892
f 2829 2893 2892
f 2829 2830 2893
f 2830 2894 2893
f 2830 2831 2894
f 2831 2895 2894
f 2831 2832 2895
f 2832 2896 2895
f 2832 2833 2896
f 2833 2897 2896
f 2833 2834 2897
f 2834 2898 2897
f 2834 2835 2898
f 2835 2899 2898
f 2835 2836 2899
f 2836 2900 2899
f 2836 2837 2900
f 2837 2901 2900
f 2837 2838 2901
f 2838 2902 2901
f 2838 2839 2902
f 2839 2903 2902
f 2839 2840 2903
f 2840 2904 2903
f 2840 2841 2904
f 2841 2905 2904
f 2841 2842 2905
f 2842 2906 2905
f 2842 2843 2906
f 2843 2907 2906
f 2843 2844 2907
f 2844 2908 2907
f 2844 2845 2908
f 2845 2909 2908
f 2845 2846 2909
f 2846 2910 2909
f 2846 2847 2910
f 2847 2911 2910
f 2847 2848 2911
f 2848 2912 2911
f 2848 2849 2912
f 2849 2913 2912
f 2849 2850 2913
f 2850 2914 2913
f 2850 2851 2914
f 2851 2915 2914
f 2851 2852 2915
f 2852 2916 2915
f 2852 2853 2916
f 2853 2917 2916
f 2853 2854 2917
f 2854 2918 2917
f 2854 2855 2918
f 2855 2919 2918
f 2855 2856 2919
f 2856 2920 2919
f 2856 2857 2920
f 2857 2921 2920
f 2857 2858 2921
f 2858 2922 2921
f 2858 2859 2922
f 2859 2923 2922
f 2859 2860 2923
f 2860 2924 2923
f 2860 2861 2924
f 2861 2925 2924
f 2861 2862 2925
f 2862 2926 2925
f 2862 2863 2926
f 2863 2927 2926
f 2863 2864 2927
f 2864 2928 2927
f 2864 2865 2928
f 2865 2929 2928
f 2865 2866 2929
f 2866 2930 2929
f 2866 2867 2930
f 2867 2931 2930
f 2867 2868 2931
f 2868 2932 2931
f 2868 2869 2932
f 2869 2933 2932
f 2869 2870 2933
f 2870 2934 2933
f 2870 2871 2934
f 2871 2935 2934
f 2871 2872 2935
f 2872 2936 2935
f 2872 2873 2936
f 2873 2937 2936
f 2873 2874 2937
f 2874 2938 2937
f 2874 2875 2938
f 2875 2939 2938
f 2875 2876 2939
f 2876 2940 2939
f 2876 2877 2940
f 2877 2941 2940
f 2877 2878 2941
f 2878 2942 2941
f 2878 2879 2942
f 2879 2943 2942
f 2879 2880 2943
f 2880 2944 2943
f 2880 2817 2944
f 2817 2881 2944
f 2881 2882 2945
f 2882 2946 2945
f 2882 2883 2946
f 2883 2947 2946
f 2883 2884 2947
f 2884 2948 2947
f 2884 2885 2948
f 2885 2949 2948
f 2885 2886 2949
f 2886 2950 2949
f 2886 2887 2950
f 2887 2951 2950
f 2887 2888 2951
f 2888 2952 2951
f 2888 2889 2952
f 2889 2953 2952
f 2889 2890 2953
f 2890 2954 2953
f 2890 2891 2954
f 2891 2955 2954
f 2891 2892 2955
f 2892 2956 2955
f 2892 2893 2956
f 2893 2957 2956
f 2893 2894 2957
f 2894 2958 2957
f 2894 2895 2958
f 2895 2959 2958
f 2895 2896 2959
f 2896 2960 2959
f 2896 2897 2960
f 2897 2961 2960
f 2897 2898 2961
f 2898 2962 2961
f 2898 2899 2962
f 2899 2963 2962
f 2899 2900 2963
f 2900 2964 2963
f 2900 2901 2964
f 2901 2965 2964
f 2901 2902 2965
f 2902 2966 2965
f 2902 2903 2966
f 2903 2967 2966
f 2903 2904 2967
f 2904 2968 2967
f 2904 2905 2968
f 2905 2969 2968
f 2905 2906 2969
f 2906 2970 2969
f 2906 2907 2970
f 2907 2971 2970
f 2907 2908 2971
f 2908 2972 2971
f 2908 2909 2972
f 2909 2973 2972
f 2909 2910 2973
f 2910 2974 2973
f 2910 2911 2974
f 2911 2975 2974
f 2911 2912 2975
f 2912 2976 2975
f 2912 2913 2976
f 2913 2977 2976
f 2913 2914 2977
f 2914 2978 2977
f 2914 2915 2978
f 2915 2979 2978
f 2915 2916 2979
f 2916 2980 2979
f 2916 2917 2980
f 2917 2981 2980
f 2917 2918 2981
f 2918 2982 2981
f 2918 2919 2982
f 2919 2983 2982
f 2919 2920 2983
f 2920 2984 2983
f 2920 2921 2984
f 2921 2985 2984
f 2921 2922 2985
f 2922 2986 2985
f 2922 2923 2986
f 2923 2987 2986
f 2923 2924 2987
f 2924 2988 2987
f 2924 2925 2988
f 2925 2989 2988
f 2925 2926 2989
f 2926 2990 2989
f 2926 2927 2990
f 2927 2991 2990
f 2927 2928 2991
f 2928 2992 2991
f 2928 2929 2992
f 2929 2993 2992
f 2929 2930 2993
f 2930 2994 2993
f 2930 2931 2994
f 2931 2995 2994
f 2931 2932 2995
f 2932 2996 2995
f 2932 2933 2996
f 2933 2997 2996
f 2933 2934 2997
f 2934 2998 2997
f 2934 2935 2998
f 2935 2999 2998
f 2935 2936 2999
f 2936 3000 2999
f 2936 2937 3000
f 2937 3001 3000
f 2937 2938 3001
f 2938 3002 3001
f 2938 2939 3002
f 2939 3003 3002
f 2939 2940 3003
f 2940 3004 3003
f 2940 2941 3004
f 2941 3005 3004
f 2941 2942 3005
f 2942 3006 3005
f 2942 2943 3006
f 2943 3007 3006
f 2943 2944 3007
f 2944 3008 3007
f 2944 2881 3008
f 2881 2945 3008
f 2945 2946 3009
f 2946 3010 3009
f 2946 2947 3010
f 2947 3011 3010
f 2947 2948 3011
f 2948 3012 3011
f 2948 2949 3012
f 2949 3013 3012
f 2949 2950 3013
f 2950 3014 3013
f 2950 2951 3014
f 2951 3015 3014
f 2951 2952 3015
f 2952 3016 3015
f 2952 2953 3016
f 2953 3017 3016
f 2953 2954 3017
f 2954 3018 3017
f 2954 2955 3018
f 2955 3019 3018
f 2955 2956 3019
f 2956 3020 3019
f 2956 2957 3020
f 2957 3021 3020
f 2957 2958 3021
f 2958 3022 3021
f 2958 2959 3022
f 2959 3023 3022
f 2959 2960 3023
f 2960 3024 3023
f 2960 2961 3024
f 2961 3025 3024
f 2961 2962 3025
f 2962 3026 3025
f 2962 2963 3026
f 2963 3027 3026
f 2963 2964 3027
f 2964 3028 3027
f 2964 2965 3028
f 2965 3029 3028
f 2965 2966 3029
f 2966 3030 3029
f 2966 2967 3030
f 2967 3031 3030
f 2967 2968 3031
f 2968 3032 3031
f 2968 2969 3032
f 2969 3033 3032
f 2969 2970 3033
f 2970 3034 3033
f 2970 2971 3034
f 2971 3035 3034
f 2971 2972 3035
f 2972 3036 3035
f 2972 2973 3036
f 2973 3037 3036
f 2973 2974 3037
f 2974 3038 3037
f 2974 2975 3038
f 2975 3039 3038
f 2975 2976 3039
f 2976 3040 3039
f 2976 2977 3040
f 2977 3041 3040
f 2977 2978 3041
f 2978 3042 3041
f 2978 2979 3042
f 2979 3043 3042
f 2979 2980 3043
f 2980 3044 3043
f 2980 2981 3044
f 2981 3045 3044
f 2981 2982 3045
f 2982 3046 3045
f 2982 2983 3046
f 2983 3047 3046
f 2983 2984 3047
f 2984 3048 3047
f 2984 2985 3048
f 2985 3049 3048
f 2985 2986 3049
f 2986 3050 3049
f 2986 2987 3050
f 2987 3051 3050
f 2987 2988 3051
f 2988 3052 3051
f 2988 2989 3052
f 2989 3053 3052
f 2989 2990 3053
f 2990 3054 3053
f 2990 2991 3054
f 2991 3055 3054
f 2991 2992 3055
f 2992 3056 3055
f 2992 2993 3056
f 2993 3057 3056
f 2993 2994 3057
f 2994 3058 3057
f 2994 2995 3058
f 2995 3059 3058
f 2995 2996 3059
f 2996 3060 3059
f 2996 2997 3060
f 2997 3061 3060
f 2997 2998 3061
f 2998 3062 3061
f 2998 2999 3062
f 2999 3063 3062
f 2999 3000 3063
f 3000 3064 3063
f 3000 3001 3064
f 3001 3065 3064
f 3001 3002 3065
f 3002 3066 3065
f 3002 3003 3066
f 3003 3067 3066
f 3003 3004 3067
f 3004 3068 3067
f 3004 3005 3068
f 3005 3069 3068
f 3005 3006 3069
f 3006 3070 3069
f 3006 3007 3070
f 3007 3071 3070
f 3007 3008 3071
f 3008 3072 3071
f 3008 2945 3072
f 2945 3009 3072
f 3009 3010 3073
f 3010 3074 3073
f 3010 3011 3074
f 3011 3075 3074
f 3011 3012 3075
f 3012 3076 3075
f 3012 3013 3076
f 3013 3077 3076
f 3013 3014 3077
f 3014 3078 3077
f 3014 3015 3078
f 3015 3079 3078
f 3015 3016 3079
f 3016 3080 3079
f 3016 3017 3080
f 3017 3081 3080
f 3017 3018 3081
f 3018 3082 3081
f 3018 3019 3082
f 3019 3083 3082
f 3019 3020 3083
f 3020 3084 3083
f 3020 3021 3084
f 3021 3085 3084
f 3021 3022 3085
f 3022 3086 3085
f 3022 3023 3086
f 3023 3087 3086
f 3023 3024 3087
f 3024 3088 3087
f 3024 3025 3088
f 3025 3089 3088
f 3025 3026 3089
f 3026 3090 3089
f 3026 3027 3090
f 3027 3091 3090
f 3027 3028 3091
f 3028 3092 3091
f 3028 3029 3092
f 3029 3093 3092
f 3029 3030 3093
f 3030 3094 3093
f 3030 3031 3094
f 3031 3095 3094
f 3031 3032 3095
f 3032 3096 3095
f 3032 3033 3096
f 3033 3097 3096
f 3033 3034 3097
f 3034 3098 3097
f 3034 3035 3098
f 3035 3099 3098
f 3035 3036 3099
f 3036 3100 3099
f 3036 3037 3100
f 3037 3101 3100
f 3037 3038 3101
f 3038 3102 3101
f 3038 3039 3102
f 3039 3103 3102
f 3039 3040 3103
f 3040 3104 3103
f 3040 3041 3104
f 3041 3105 3104
f 3041 3042 3105
f 3042 3106 3105
f 3042 3043 3106
f 3043 3107 3106
f 3043 3044 3107
f 3044 3108 3107
f 3044 3045 3108
f 3045 3109 3108
f 3045 3046 3109
f 3046 3110 3109
f 3046 3047 3110
f 3047 3111 3110
f 3047 3048 3111
f 3048 3112 3111
f 3048 3049 3112
f 3049 3113 3112
f 3049 3050 3113
f 3050 3114 3113
f 3050 3051 3114
f 3051 3115 3114
f 3051 3052 3115
f 3052 3116 3115
f 3052 3053 3116
f 3053 3117 3116
f 3053 3054 3117
f 3054 3118 3117
f 3054 3055 3118
f 3055 3119 3118
f 3055 3056 3119
f 3056 3120 3119
f 3056 3057 3120
f 3057 3121 3120
f 3057 3058 3121
f 3058 3122 3121
f 3058 3059 3122
f 3059 3123 3122
f 3059 3060 3123
f 3060 3124 3123
f 3060 3061 3124
f 3061 3125 3124
f 3061 3062 3125
f 3062 3126 3125
f 3062 3063 3126
f 3063 3127 3126
f 3063 3064 3127
f 3064 3128 3127
f 3064 3065 3128
f 3065 3129 3128
f 3065 3066 3129
f 3066 3130 3129
f 3066 3067 3130
f 3067 3131 3130
f 3067 3068 3131
f 3068 3132 3131
f 3068 3069 3132
f 3069 3133 3132
f 3069 3070 3133
f 3070 3134 3133
f 3070 3071 3134
f 3071 3135 3134
f 3071 3072 3135
f 3072 3136 3135
f 3072 3009 3136
f 3009 3073 3136
f 3073 3074 3137
f 3074 3138 3137
f 3074 3075 3138
f 3075 3139 3138
f 3075 3076 3139
f 3076 3140 3139
f 3076 3077 3140
f 3077 3141 3140
f 3077 3078 3141
f 3078 3142 3141
f 3078 3079 3142
f 3079 3143 3142
f 3079 3080 3143
f 3080 3144 3143
f 3080 3081 3144
f 3081 3145 3144
f 3081 3082 3145
f 3082 3146 3145
f 3082 3083 3146
f 3083 3147 3146
f 3083 3084 3147
f 3084 3148 3147
f 3084 3085 3148
f 3085 3149 3148
f 3085 3086 3149
f 3086 3150 3149
f 3086 3087 3150
f 3087 3151 3150
f 3087 3088 3151
f 3088 3152 3151
f 3088 3089 3152
f 3089 3153 3152
f 3089 3090 3153
f 3090 3154 3153
f 3090 3091 3154
f 3091 3155 3154
f 3091 3092 3155
f 3092 3156 3155
f 3092 3093 3156
f 3093 3157 3156
f 3093 3094 3157
f 3094 3158 3157
f 3094 3095 3158
f 3095 3159 3158
f 3095 3096 3159
f 3096 3160 3159
f 3096 3097 3160
f 3097 3161 3160
f 3097 3098 3161
f 3098 3162 3161
f 3098 3099 3162
f 3099 3163 3162
f 3099 3100 3163
f 3100 3164 3163
f 3100 3101 3164
f 3101 3165 3164
f 3101 3102 3165
f 3102 3166 3165
f 3102 3103 3166
f 3103 3167 3166
f 3103 3104 3167
f 3104 3168 3167
f 3104 3105 3168
f 3105 3169 3168
f 3105 3106 3169
f 3106 3170 3169
f 3106 3107 3170
f 3107 3171 3170
f 3107 3108 3171
f 3108 3172 3171
f 3108 3109 3172
f 3109 3173 3172
f 3109 3110 3173
f 3110 3174 3173
f 3110 3111 3174
f 3111 3175 3174
f 3111 3112 3175
f 3112 3176 3175
f 3112 3113 3176
f 3113 3177 3176
f 3113 3114 3177
f 3114 3178 3177
f 3114 3115 3178
f 3115 3179 3178
f 3115 3116 3179
f 3116 3180 3179
f 3116 3117 3180
f 3117 3181 3180
f 3117 3118 3181
f 3118 3182 3181
f 3118 3119 3182
f 3119 3183 3182
f 3119 3120 3183
f 3120 3184 3183
f 3120 3121 3184
f 3121 3185 3184
f 3121 3122 3185
f 3122 3186 3185
f 3122 3123 3186
f 3123 3187 3186
f 3123 3124 3187
f 3124 3188 3187
f 3124 3125 3188
f 3125 3189 3188
f 3125 3126 3189
f 3126 3190 3189
f 3126 3127 3190
f 3127 3191 3190
f 3127 3128 3191
f 3128 3192 3191
f 3128 3129 3192
f 3129 3193 3192
f 3129 3130 3193
f 3130 3194 3193
f 3130 3131 3194
f 3131 3195 3194
f 3131 3132 3195
f 3132 3196 3195
f 3132 3133 3196
f 3133 3197 3196
f 3133 3134 3197
f 3134 3198 3197
f 3134 3135 3198
f 3135 3199 3198
f 3135 3136 3199
f 3136 3200 3199
f 3136 3073 3200
f 3073 3137 3200
f 3137 3138 3201
f 3138 3202 3201
f 3138 3139 3202
f 3139 3203 3202
f 3139 3140 3203
f 3140 3204 3203
f 3140 3141 3204
f 3141 3205 3204
f 3141 3142 3205
f 3142 3206 3205
f 3142 3143 3206
f 3143 3207 3206
f 3143 3144 3207
f 3144 3208 3207
f 3144 3145 3208
f 3145 3209 3208
f 3145 3146 3209
f 3146 3210 3209
f 3146 3147 3210
f 3147 3211 3210
f 3147 3148 3211
f 3148 3212 3211
f 3148 3149 3212
f 3149 3213 3212
f 3149 3150 3213
f 3150 3214 3213
f 3150 3151 3214
f 3151 3215 3214
f 3151 3152 3215
f 3152 3216 3215
f 3152 3153 3216
f 3153 3217 3216
f 3153 3154 3217
f 3154 3218 3217
f 3154 3155 3218
f 3155 3219 3218
f 3155 3156 3219
f 3156 3220 3219
f 3156 3157 3220
f 3157 3221 3220
f 3157 3158 3221
f 3158 3222 3221
f 3158 3159 3222
f 3159 3223 3222
f 3159 3160 3223
f 3160 3224 3223
f 3160 3161 3224
f 3161 3225 3224
f 3161 3162 3225
f 3162 3226 3225
f 3162 3163 3226
f 3163 3227 3226
f 3163 3164 3227
f 3164 3228 3227
f 3164 3165 3228
f 3165 3229 3228
f 3165 3166 3229
f 3166 3230 3229
f 3166 3167 3230
f 3167 3231 3230
f 3167 3168 3231
f 3168 3232 3231
f 3168 3169 3232
f 3169 3233 3232
f 3169 3170 3233
f 3170 3234 3233
f 3170 3171 3234
f 3171 3235 3234
f 3171 3172 3235
f 3172 3236 3235
f 3172 3173 3236
f 3173 3237 3236
f 3173 3174 3237
f 3174 3238 3237
f 3174 3175 3238
f 3175 3239 3238
f 3175 3176 3239
f 3176 3240 3239
f 3176 3177 3240
f 3177 3241 3240
f 3177 3178 3241
f 3178 3242 3241
f 3178 3179 3242
f 3179 3243 3242
f 3179 3180 3243
f 3180 3244 3243
f 3180 3181 3244
f 3181 3245 3244
f 3181 3182 3245
f 3182 3246 3245
f 3182 3183 3246
f 3183 3247 3246
f 3183 3184 3247
f 3184 3248 3247
f 3184 3185 3248
f 3185 3249 3248
f 3185 3186 3249
f 3186 3250 3249
f 3186 3187 3250
f 3187 3251 3250
f 3187 3188 3251
f 3188 3252 3251
f 3188 3189 3252
f 3189 3253 3252
f 3189 3190 3253
f 3190 3254 3253
f 3190 3191 3254
f 3191 3255 3254
f 3191 3192 3255
f 3192 3256 3255
f 3192 3193 3256
f 3193 3257 3256
f 3193 3194 3257
f 3194 3258 3257
f 3194 3195 3258
f 3195 3259 3258
f 3195 3196 3259
f 3196 3260 3259
f 3196 3197 3260
f 3197 3261 3260
f 3197 3198 3261
f 3198 3262 3261
f 3198 3199 3262
f 3199 3263 3262
f 3199 3200 3263
f 3200 3264 3263
f 3200 3137 3264
f 3137 3201 3264
f 3201 3202 3265
f 3202 3266 3265
f 3202 3203 3266
f 3203 3267 3266
f 3203 3204 3267
f 3204 3268 3267
f 3204 3205 3268
f 3205 3269 3268
f 3205 3206 3269
f 3206 3270 3269
f 3206 3207 3270
f 3207 3271 3270
f 3207 3208 3271
f 3208 3272 3271
f 3208 3209 3272
f 3209 3273 3272
f 3209 3210 3273
f 3210 3274 3273
f 3210 3211 3274
f 3211 3275 3274
f 3211 3212 3275
f 3212 3276 3275
f 3212 3213 3276
f 3213 3277 3276
f 3213 3214 3277
f 3214 3278 3277
f 3214 3215 3278
f 3215 3279 3278
f 3215 3216 3279
f 3216 3280 3279
f 3216 3217 3280
f 3217 3281 3280
f 3217 3218 3281
f 3218 3282 3281
f 3218 3219 3282
f 3219 3283 3282
f 3219 3220 3283
f 3220 3284 3283
f 3220 3221 3284
f 3221 3285 3284
f 3221 3222 3285
f 3222 3286 3285
f 3222 3223 3286
f 3223 3287 3286
f 3223 3224 3287
f 3224 3288 3287
f 3224 3225 3288
f 3225 3289 3288
f 3225 3226 3289
f 3226 3290 3289
f 3226 3227 3290
f 3227 3291 3290
f 3227 3228 3291
f 3228 3292 3291
f 3228 3229 3292
f 3229 3293 3292
f 3229 3230 3293
f 3230 3294 3293
f 3230 3231 3294
f 3231 3295 3294
f 3231 3232 3295
f 3232 3296 3295
f 3232 3233 3296
f 3233 3297 3296
f 3233 3234 3297
f 3234 3298 3297
f 3234 3235 3298
f 3235 3299 3298
f 3235 3236 3299
f 3236 3300 3299
f 3236 3237 3300
f 3237 3301 3300
f 3237 3238 3301
f 3238 3302 3301
f 3238 3239 3302
f 3239 3303 3302
f 3239 3240 3303
f 3240 3304 3303
f 3240 3241 3304
f 3241 3305 3304
f 3241 3242 3305
f 3242 3306 3305
f 3242 3243 3306
f 3243 3307 3306
f 3243 3244 3307
f 3244 3308 3307
f 3244 3245 3308
f 3245 3309 3308
f 3245 3246 3309
f 3246 3310 3309
f 3246 3247 3310
f 3247 3311 3310
f 3247 3248 3311
f 3248 3312 3311
f 3248 3249 3312
f 3249 3313 3312
f 3249 3250 3313
f 3250 3314 3313
f 3250 3251 3314
f 3251 3315 3314
f 3251 3252 3315
f 3252 3316 3315
f 3252 3253 3316
f 3253 3317 3316
f 3253 3254 3317
f 3254 3318 3317
f 3254 3255 3318
f 3255 3319 3318
f 3255 3256 3319
f 3256 3320 3319
f 3256 3257 3320
f 3257 3321 3320
f 3257 3258 3321
f 3258 3322 3321
f 3258 3259 3322
f 3259 3323 3322
f 3259 3260 3323
f 3260 3324 3323
f 3260 3261 3324
f 3261 3325 3324
f 3261 3262 3325
f 3262 3326 3325
f 3262 3263 3326
f 3263 3327 3326
f 3263 3264 3327
f 3264 3328 3327
f 3264 3201 3328
f 3201 3265 3328
f 3265 3266 3329
f 3266 3330 3329
f 3266 3267 3330
f 3267 3331 3330
f 3267 3268 3331
f 3268 3332 3331
f 3268 3269 3332
f 3269 3333 3332
f 3269 3270 3333
f 3270 3334 3333
f 3270 3271 3334
f 3271 3335 3334
f 3271 3272 3335
f 3272 3336 3335
f 3272 3273 3336
f 3273 3337 3336
f 3273 3274 3337
f 3274 3338 3337
f 3274 3275 3338
f 3275 3339 3338
f 3275 3276 3339
f 3276 3340 3339
f 3276 3277 3340
f 3277 3341 3340
f 3277 3278 3341
f 3278 3342 3341
f 3278 3279 3342
f 3279 3343 3342
f 3279 3280 3343
f 3280 3344 3343
f 3280 3281 3344
f 3281 3345 3344
f 3281 3282 3345
f 3282 3346 3345
f 3282 3283 3346
f 3283 3347 3346
f 3283 3284 3347
f 3284 3348 3347
f 3284 3285 3348
f 3285 3349 3348
f 3285 3286 3349
f 3286 3350 3349
f 3286 3287 3350
f 3287 3351 3350
f 3287 3288 3351
f 3288 3352 3351
f 3288 3289 3352
f 3289 3353 3352
f 3289 3290 3353
f 3290 3354 3353
f 3290 3291 3354
f 3291 3355 3354
f 3291 3292 3355
f 3292 3356 3355
f 3292 3293 3356
f 3293 3357 3356
f 3293 3294 3357
f 3294 3358 3357
f 3294 3295 3358
f 3295 3359 3358
f 3295 3296 3359
f 3296 3360 3359
f 3296 3297 3360
f 3297 3361 3360
f 3297 3298 3361
f 3298 3362 3361
f 3298 3299 3362
f 3299 3363 3362
f 3299 3300 3363
f 3300 3364 3363
f 3300 3301 3364
f 3301 3365 3364
f 3301 3302 3365
f 3302 3366 3365
f 3302 3303 3366
f 3303 3367 3366
f 3303 3304 3367
f 3304 3368 3367
f 3304 3305 3368
f 3305 3369 3368
f 3305 3306 3369
f 3306 3370 3369
f 3306 3307 3370
f 3307 3371 3370
f 3307 3308 3371
f 3308 3372 3371
f 3308 3309 3372
f 3309 3373 3372
f 3309 3310 3373
f 3310 3374 3373
f 3310 3311 3374
f 3311 3375 3374
f 3311 3312 3375
f 3312 3376 3375
f 3312 3313 3376
f 3313 3377 3376
f 3313 3314 3377
f 3314 3378 3377
f 3314 3315 3378
f 3315 3379 3378
f 3315 3316 3379
f 3316 3380 3379
f 3316 3317 3380
f 3317 3381 3380
f 3317 3318 3381
f 3318 3382 3381
f 3318 3319 3382
f 3319 3383 3382
f 3319 3320 3383
f 3320 3384 3383
f 3320 3321 3384
f 3321 3385 3384
f 3321 3322 3385
f 3322 3386 3385
f 3322 3323 3386
f 3323 3387 3386
f 3323 3324 3387
f 3324 3388 3387
f 3324 3325 3388
f 3325 3389 3388
f 3325 3326 3389
f 3326 3390 3389
f 3326 3327 3390
f 3327 3391 3390
f 3327 3328 3391
f 3328 3392 3391
f 3328 3265 3392
f 3265 3329 3392
f 3329 3330 3393
f 3330 3394 3393
f 3330 3331 3394
f 3331 3395 3394
f 3331 3332 3395
f 3332 3396 3395
f 3332 3333 3396
f 3333 3397 3396
f 3333 3334 3397
f 3334 3398 3397
f 3334 3335 3398
f 3335 3399 3398
f 3335 3336 3399
f 3336 3400 3399
f 3336 3337 3400
f 3337 3401 3400
f 3337 3338 3401
f 3338 3402 3401
f 3338 3339 3402
f 3339 3403 3402
f 3339 3340 3403
f 3340 3404 3403
f 3340 3341 3404
f 3341 3405 3404
f 3341 3342 3405
f 3342 3406 3405
f 3342 3343 3406
f 3343 3407 3406
f 3343 3344 3407
f 3344 3408 3407
f 3344 3345 3408
f 3345 3409 3408
f 3345 3346 3409
f 3346 3410 3409
f 3346 3347 3410
f 3347 3411 3410
f 3347 3348 3411
f 3348 3412 3411
f 3348 3349 3412
f 3349 3413 3412
f 3349 3350 3413
f 3350 3414 3413
f 3350 3351 3414
f 3351 3415 3414
f 3351 3352 3415
f 3352 3416 3415
f 3352 3353 3416
f 3353 3417 3416
f 3353 3354 3417
f 3354 3418 3417
f 3354 3355 3418
f 3355 3419 3418
f 3355 3356 3419
f 3356 3420 3419
f 3356 3357 3420
f 3357 3421 3420
f 3357 3358 3421
f 3358 3422 3421
f 3358 3359 3422
f 3359 3423 3422
f 3359 3360 3423
f 3360 3424 3423
f 3360 3361 3424
f 3361 3425 3424
f 3361 3362 3425
f 3362 3426 3425
f 3362 3363 3426
f 3363 3427 3426
f 3363 3364 3427
f 3364 3428 3427
f 3364 3365 3428
f 3365 3429 3428
f 3365 3366 3429
f 3366 3430 3429
f 3366 3367 3430
f 3367 3431 3430
f 3367 3368 3431
f 3368 3432 3431
f 3368 3369 3432
f 3369 3433 3432
f 3369 3370 3433
f 3370 3434 3433
f 3370 3371 3434
f 3371 3435 3434
f 3371 3372 3435
f 3372 3436 3435
f 3372 3373 3436
f 3373 3437 3436
f 3373 3374 3437
f 3374 3438 3437
f 3374 3375 3438
f 3375 3439 3438
f 3375 3376 3439
f 3376 3440 3439
f 3376 3377 3440
f 3377 3441 3440
f 3377 3378 3441
f 3378 3442 3441
f 3378 3379 3442
f 3379 3443 3442
f 3379 3380 3443
f 3380 3444 3443
f 3380 3381 3444
f 3381 3445 3444
f 3381 3382 3445
f 3382 3446 3445
f 3382 3383 3446
f 3383 3447 3446
f 3383 3384 3447
f 3384 3448 3447
f 3384 3385 3448
f 3385 3449 3448
f 3385 3386 3449
f 3386 3450 3449
f 3386 3387 3450
f 3387 3451 3450
f 3387 3388 3451
f 3388 3452 3451
f 3388 3389 3452
f 3389 3453 3452
f 3389 3390 3453
f 3390 3454 3453
f 3390 3391 3454
f 3391 3455 3454
f 3391 3392 3455
f 3392 3456 3455
f 3392 3329 3456
f 3329 3393 3456
f 3393 3394 3457
f 3394 3458 3457
f 3394 3395 3458
f 3395 3459 3458
f 3395 3396 3459
f 3396 3460 3459
f 3396 3397 3460
f 3397 3461 3460
f 3397 3398 3461
f 3398 3462 3461
f 3398 3399 3462
f 3399 3463 3462
f 3399 3400 3463
f 3400 3464 3463
f 3400 3401 3464
f 3401 3465 3464
f 3401 3402 3465
f 3402 3466 3465
f 3402 3403 3466
f 3403 3467 3466
f 3403 3404 3467
f 3404 3468 3467
f 3404 3405 3468
f 3405 3469 3468
f 3405 3406 3469
f 3406 3470 3469
f 3406 3407 3470
f 3407 3471 3470
f 3407 3408 3471
f 3408 3472 3471
f 3408 3409 3472
f 3409 3473 3472
f 3409 3410 3473
f 3410 3474 3473
f 3410 3411 3474
f 3411 3475 3474
f 3411 3412 3475
f 3412 3476 3475
f 3412 3413 3476
f 3413 3477 3476
f 3413 3414 3477
f 3414 3478 3477
f 3414 3415 3478
f 3415 3479 3478
f 3415 3416 3479
f 3416 3480 3479
f 3416 3417 3480
f 3417 3481 3480
f 3417 3418 3481
f 3418 3482 3481
f 3418 3419 3482
f 3419 3483 3482
f 3419 3420 3483
f 3420 3484 3483
f 3420 3421 3484
f 3421 3485 3484
f 3421 3422 3485
f 3422 3486 3485
f 3422 3423 3486
f 3423 3487 3486
f 3423 3424 3487
f 3424 3488 3487
f 3424 3425 3488
f 3425 3489 3488
f 3425 3426 3489
f 3426 3490 3489
f 3426 3427 3490
f 3427 3491 3490
f 3427 3428 3491
f 3428 3492 3491
f 3428 3429 3492
f 3429 3493 3492
f 3429 3430 3493
f 3430 3494 3493
f 3430 3431 3494
f 3431 3495 3494
f 3431 3432 3495
f 3432 3496 3495
f 3432 3433 3496
f 3433 3497 3496
f 3433 3434 3497
f 3434 3498 3497
f 3434 3435 3498
f 3435 3499 3498
f 3435 3436 3499
f 3436 3500 3499
f 3436 3437 3500
f 3437 3501 3500
f 3437 3438 3501
f 3438 3502 3501
f 3438 3439 3502
f 3439 3503 3502
f 3439 3440 3503
f 3440 3504 3503
f 3440 3441 3504
f 3441 3505 3504
f 3441 3442 3505
f 3442 3506 3505
f 3442 3443 3506
f 3443 3507 3506
f 3443 3444 3507
f 3444 3508 3507
f 3444 3445 3508
f 3445 3509 3508
f 3445 3446 3509
f 3446 3510 3509
f 3446 3447 3510
f 3447 3511 3510
f 3447 3448 3511
f 3448 3512 3511
f 3448 3449 3512
f 3449 3513 3512
f 3449 3450 3513
f 3450 3514 3513
f 3450 3451 3514
f 3451 3515 3514
f 3451 3452 3515
f 3452 3516 3515
f 3452 3453 3516
f 3453 3517 3516
f 3453 3454 3517
f 3454 3518 3517
f 3454 3455 3518
f 3455 3519 3518
f 3455 3456 3519
f 3456 3520 3519
f 3456 3393 3520
f 3393 3457 3520
f 3457 3458 3521
f 3458 3522 3521
f 3458 3459 3522
f 3459 3523 3522
f 3459 3460 3523
f 3460 3524 3523
f 3460 3461 3524
f 3461 3525 3524
f 3461 3462 3525
f 3462 3526 3525
f 3462 3463 3526
f 3463 3527 3526
f 3463 3464 3527
f 3464 3528 3527
f 3464 3465 3528
f 3465 3529 3528
f 3465 3466 3529
f 3466 3530 3529
f 3466 3467 3530
f 3467 3531 3530
f 3467 3468 3531
f 3468 3532 3531
f 3468 3469 3532
f 3469 3533 3532
f 3469 3470 3533
f 3470 3534 3533
f 3470 3471 3534
f 3471 3535 3534
f 3471 3472 3535
f 3472 3536 3535
f 3472 3473 3536
f 3473 3537 3536
f 3473 3474 3537
f 3474 3538 3537
f 3474 3475 3538
f 3475 3539 3538
f 3475 3476 3539
f 3476 3540 3539
f 3476 3477 3540
f 3477 3541 3540
f 3477 3478 3541
f 3478 3542 3541
f 3478 3479 3542
f 3479 3543 3542
f 3479 3480 3543
f 3480 3544 3543
f 3480 3481 3544
f 3481 3545 3544
f 3481 3482 3545
f 3482 3546 3545
f 3482 3483 3546
f 3483 3547 3546
f 3483 3484 3547
f 3484 3548 3547
f 3484 3485 3548
f 3485 3549 3548
f 3485 3486 3549
f 3486 3550 3549
f 3486 3487 3550
f 3487 3551 3550
f 3487 3488 3551
f 3488 3552 3551
f 3488 3489 3552
f 3489 3553 3552
f 3489 3490 3553
f 3490 3554 3553
f 3490 3491 3554
f 3491 3555 3554
f 3491 3492 3555
f 3492 3556 3555
f 3492 3493 3556
f 3493 3557 3556
f 3493 3494 3557
f 3494 3558 3557
f 3494 3495 3558
f 3495 3559 3558
f 3495 3496 3559
f 3496 3560 3559
f 3496 3497 3560
f 3497 3561 3560
f 3497 3498 3561
f 3498 3562 3561
f 3498 3499 3562
f 3499 3563 3562
f 3499 3500 3563
f 3500 3564 3563
f 3500 3501 3564
f 3501 3565 3564
f 3501 3502 3565
f 3502 3566 3565
f 3502 3503 3566
f 3503 3567 3566
f 3503 3504 3567
f 3504 3568 3567
f 3504 3505 3568
f 3505 3569 3568
f 3505 3506 3569
f 3506 3570 3569
f 3506 3507 3570
f 3507 3571 3570
f 3507 3508 3571
f 3508 3572 3571
f 3508 3509 3572
f 3509 3573 3572
f 3509 3510 3573
f 3510 3574 3573
f 3510 3511 3574
f 3511 3575 3574
f 3511 3512 3575
f 3512 3576 3575
f 3512 3513 3576
f 3513 3577 3576
f 3513 3514 3577
f 3514 3578 3577
f 3514 3515 3578
f 3515 3579 3578
f 3515 3516 3579
f 3516 3580 3579
f 3516 3517 3580
f 3517 3581 3580
f 3517 3518 3581
f 3518 3582 3581
f 3518 3519 3582
f 3519 3583 3582
f 3519 3520 3583
f 3520 3584 3583
f 3520 3457 3584
f 3457 3521 3584
f 3521 3522 3585
f 3522 3586 3585
f 3522 3523 3586
f 3523 3587 3586
f 3523 3524 3587
f 3524 3588 3587
f 3524 3525 3588
f 3525 3589 3588
f 3525 3526 3589
f 3526 3590 3589
f 3526 3527 3590
f 3527 3591 3590
f 3527 3528 3591
f 3528 3592 3591
f 3528 3529 3592
f 3529 3593 3592
f 3529 3530 3593
f 3530 3594 3593
f 3530 3531 3594
f 3531 3595 3594
f 3531 3532 3595
f 3532 3596 3595
f 3532 3533 3596
f 3533 3597 3596
f 3533 3534 3597
f 3534 3598 3597
f 3534 3535 3598
f 3535 3599 3598
f 3535 3536 3599
f 3536 3600 3599
f 3536 3537 3600
f 3537 3601 3600
f 3537 3538 3601
f 3538 3602 3601
f 3538 3539 3602
f 3539 3603 3602
f 3539 3540 3603
f 3540 3604 3603
f 3540 3541 3604
f 3541 3605 3604
f 3541 3542 3605
f 3542 3606 3605
f 3542 3543 3606
f 3543 3607 3606
f 3543 3544 3607
f 3544 3608 3607
f 3544 3545 3608
f 3545 3609 3608
f 3545 3546 3609
f 3546 3610 3609
f 3546 3547 3610
f 3547 3611 3610
f 3547 3548 3611
f 3548 3612 3611
f 3548 3549 3612
f 3549 3613 3612
f 3549 3550 3613
f 3550 3614 3613
f 3550 3551 3614
f 3551 3615 3614
f 3551 3552 3615
f 3552 3616 3615
f 3552 3553 3616
f 3553 3617 3616
f 3553 3554 3617
f 3554 3618 3617
f 3554 3555 3618
f 3555 3619 3618
f 3555 3556 3619
f 3556 3620 3619
f 3556 3557 3620
f 3557 3621 3620
f 3557 3558 3621
f 3558 3622 3621
f 3558 3559 3622
f 3559 3623 3622
f 3559 3560 3623
f 3560 3624 3623
f 3560 3561 3624
f 3561 3625 3624
f 3561 3562 3625
f 3562 3626 3625
f 3562 3563 3626
f 3563 3627 3626
f 3563 3564 3627
f 3564 3628 3627
f 3564 3565 3628
f 3565 3629 3628
f 3565 3566 3629
f 3566 3630 3629
f 3566 3567 3630
f 3567 3631 3630
f 3567 3568 3631
f 3568 3632 3631
f 3568 3569 3632
f 3569 3633 3632
f 3569 3570 3633
f 3570 3634 3633
f 3570 3571 3634
f 3571 3635 3634
f 3571 3572 3635
f 3572 3636 3635
f 3572 3573 3636
f 3573 3637 3636
f 3573 3574 3637
f 3574 3638 3637
f 3574 3575 3638
f 3575 3639 3638
f 3575 3576 3639
f 3576 3640 3639
f 3576 3577 3640
f 3577 3641 3640
f 3577 3578 3641
f 3578 3642 3641
f 3578 3579 3642
f 3579 3643 3642
f 3579 3580 3643
f 3580 3644 3643
f 3580 3581 3644
f 3581 3645 3644
f 3581 3582 3645
f 3582 3646 3645
f 3582 3583 3646
f 3583 3647 3646
f 3583 3584 3647
f 3584 3648 3647
f 3584 3521 3648
f 3521 3585 3648
f 3585 3586 3649
f 3586 3650 3649
f 3586 3587 3650
f 3587 3651 3650
f 3587 3588 3651
f 3588 3652 3651
f 3588 3589 3652
f 3589 3653 3652
f 3589 3590 3653
f 3590 3654 3653
f 3590 3591 3654
f 3591 3655 3654
f 3591 3592 3655
f 3592 3656 3655
f 3592 3593 3656
f 3593 3657 3656
f 3593 3594 3657
f 3594 3658 3657
f 3594 3595 3658
f 3595 3659 3658
f 3595 3596 3659
f 3596 3660 3659
f 3596 3597 3660
f 3597 3661 3660
f 3597 3598 3661
f 3598 3662 3661
f 3598 3599 3662
f 3599 3663 3662
f 3599 3600 3663
f 3600 3664 3663
f 3600 3601 3664
f 3601 3665 3664
f 3601 3602 3665
f 3602 3666 3665
f 3602 3603 3666
f 3603 3667 3666
f 3603 3604 3667
f 3604 3668 3667
f 3604 3605 3668
f 3605 3669 3668
f 3605 3606 3669
f 3606 3670 3669
f 3606 3607 3670
f 3607 3671 3670
f 3607 3608 3671
f 3608 3672 3671
f 3608 3609 3672
f 3609 3673 3672
f 3609 3610 3673
f 3610 3674 3673
f 3610 3611 3674
f 3611 3675 3674
f 3611 3612 3675
f 3612 3676 3675
f 3612 3613 3676
f 3613 3677 3676
f 3613 3614 3677
f 3614 3678 3677
f 3614 3615 3678
f 3615 3679 3678
f 3615 3616 3679
f 3616 3680 3679
f 3616 3617 3680
f 3617 3681 3680
f 3617 3618 3681
f 3618 3682 3681
f 3618 3619 3682
f 3619 3683 3682
f 3619 3620 3683
f 3620 3684 3683
f 3620 3621 3684
f 3621 3685 3684
f 3621 3622 3685
f 3622 3686 3685
f 3622 3623 3686
f 3623 3687 3686
f 3623 3624 3687
f 3624 3688 3687
f 3624 3625 3688
f 3625 3689 3688
f 3625 3626 3689
f 3626 3690 3689
f 3626 3627 3690
f 3627 3691 3690
f 3627 3628 3691
f 3628 3692 3691
f 3628 3629 3692
f 3629 3693 3692
f 3629 3630 3693
f 3630 3694 3693
f 3630 3631 3694
f 3631 3695 3694
f 3631 3632 3695
f 3632 3696 3695
f 3632 3633 3696
f 3633 3697 3696
f 3633 3634 3697
f 3634 3698 3697
f 3634 3635 3698
f 3635 3699 3698
f 3635 3636 3699
f 3636 3700 3699
f 3636 3637 3700
f 3637 3701 3700
f 3637 3638 3701
f 3638 3702 3701
f 3638 3639 3702
f 3639 3703 3702
f 3639 3640 3703
f 3640 3704 3703
f 3640 3641 3704
f 3641 3705 3704
f 3641 3642 3705
f 3642 3706 3705
f 3642 3643 3706
f 3643 3707 3706
f 3643 3644 3707
f 3644 3708 3707
f 3644 3645 3708
f 3645 3709 3708
f 3645 3646 3709
f 3646 3710 3709
f 3646 3647 3710
f 3647 3711 3710
f 3647 3648 3711
f 3648 3712 3711
f 3648 3585 3712
f 3585 3649 3712
f 3649 3650 3713
f 3650 3714 3713
f 3650 3651 3714
f 3651 3715 3714
f 3651 3652 3715
f 3652 3716 3715
f 3652 3653 3716
f 3653 3717 3716
f 3653 3654 3717
f 3654 3718 3717
f 3654 3655 3718
f 3655 3719 3718
f 3655 3656 3719
f 3656 3720 3719
f 3656 3657 3720
f 3657 3721 3720
f 3657 3658 3721
f 3658 3722 3721
f 3658 3659 3722
f 3659 3723 3722
f 3659 3660 3723
f 3660 3724 3723
f 3660 3661 3724
f 3661 3725 3724
f 3661 3662 3725
f 3662 3726 3725
f 3662 3663 3726
f 3663 3727 3726
f 3663 3664 3727
f 3664 3728 3727
f 3664 3665 3728
f 3665 3729 3728
f 3665 3666 3729
f 3666 3730 3729
f 3666 3667 3730
f 3667 3731 3730
f 3667 3668 3731
f 3668 3732 3731
f 3668 3669 3732
f 3669 3733 3732
f 3669 3670 3733
f 3670 3734 3733
f 3670 3671 3734
f 3671 3735 3734
f 3671 3672 3735
f 3672 3736 3735
f 3672 3673 3736
f 3673 3737 3736
f 3673 3674 3737
f 3674 3738 3737
f 3674 3675 3738
f 3675 3739 3738
f 3675 3676 3739
f 3676 3740 3739
f 3676 3677 3740
f 3677 3741 3740
f 3677 3678 3741
f 3678 3742 3741
f 3678 3679 3742
f 3679 3743 3742
f 3679 3680 3743
f 3680 3744 3743
f 3680 3681 3744
f 3681 3745 3744
f 3681 3682 3745
f 3682 3746 3745
f 3682 3683 3746
f 3683 3747 3746
f 3683 3684 3747
f 3684 3748 3747
f 3684 3685 3748
f 3685 3749 3748
f 3685 3686 3749
f 3686 3750 3749
f 3686 3687 3750
f 3687 3751 3750
f 3687 3688 3751
f 3688 3752 3751
f 3688 3689 3752
f 3689 3753 3752
f 3689 3690 3753
f 3690 3754 3753
f 3690 3691 3754
f 3691 3755 3754
f 3691 3692 3755
f 3692 3756 3755
f 3692 3693 3756
f 3693 3757 3756
f 3693 3694 3757
f 3694 3758 3757
f 3694 3695 3758
f 3695 3759 3758
f 3695 3696 3759
f 3696 3760 3759
f 3696 3697 3760
f 3697 3761 3760
f 3697 3698 3761
f 3698 3762 3761
f 3698 3699 3762
f 3699 3763 3762
f 3699 3700 3763
f 3700 3764 3763
f 3700 3701 3764
f 3701 3765 3764
f 3701 3702 3765
f 3702 3766 3765
f 3702 3703 3766
f 3703 3767 3766
f 3703 3704 3767
f 3704 3768 3767
f 3704 3705 3768
f 3705 3769 3768
f 3705 3706 3769
f 3706 3770 3769
f 3706 3707 3770
f 3707 3771 3770
f 3707 3708 3771
f 3708 3772 3771
f 3708 3709 3772
f 3709 3773 3772
f 3709 3710 3773
f 3710 3774 3773
f 3710 3711 3774
f 3711 3775 3774
f 3711 3712 3775
f 3712 3776 3775
f 3712 3649 3776
f 3649 3713 3776
f 3713 3714 3777
f 3714 3778 3777
f 3714 3715 3778
f 3715 3779 3778
f 3715 3716 3779
f 3716 3780 3779
f 3716 3717 3780
f 3717 3781 3780
f 3717 3718 3781
f 3718 3782 3781
f 3718 3719 3782
f 3719 3783 3782
f 3719 3720 3783
f 3720 3784 3783
f 3720 3721 3784
f 3721 3785 3784
f 3721 3722 3785
f 3722 3786 3785
f 3722 3723 3786
f 3723 3787 3786
f 3723 3724 3787
f 3724 3788 3787
f 3724 3725 3788
f 3725 3789 3788
f 3725 3726 3789
f 3726 3790 3789
f 3726 3727 3790
f 3727 3791 3790
f 3727 3728 3791
f 3728 3792 3791
f 3728 3729 3792
f 3729 3793 3792
f 3729 3730 3793
f 3730 3794 3793
f 3730 3731 3794
f 3731 3795 3794
f 3731 3732 3795
f 3732 3796 3795
f 3732 3733 3796
f 3733 3797 3796
f 3733 3734 3797
f 3734 3798 3797
f 3734 3735 3798
f 3735 3799 3798
f 3735 3736 3799
f 3736 3800 3799
f 3736 3737 3800
f 3737 3801 3800
f 3737 3738 3801
f 3738 3802 3801
f 3738 3739 3802
f 3739 3803 3802
f 3739 3740 3803
f 3740 3804 3803
f 3740 3741 3804
f 3741 3805 3804
f 3741 3742 3805
f 3742 3806 3805
f 3742 3743 3806
f 3743 3807 3806
f 3743 3744 3807
f 3744 3808 3807
f 3744 3745 3808
f 3745 3809 3808
f 3745 3746 3809
f 3746 3810 3809
f 3746 3747 3810
f 3747 3811 3810
f 3747 3748 3811
f 3748 3812 3811
f 3748 3749 3812
f 3749 3813 3812
f 3749 3750 3813
f 3750 3814 3813
f 3750 3751 3814
f 3751 3815 3814
f 3751 3752 3815
f 3752 3816 3815
f 3752 3753 3816
f 3753 3817 3816
f 3753 3754 3817
f 3754 3818 3817
f 3754 3755 3818
f 3755 3819 3818
f 3755 3756 3819
f 3756 3820 3819
f 3756 3757 3820
f 3757 3821 3820
f 3757 3758 3821
f 3758 3822 3821
f 3758 3759 3822
f 3759 3823 3822
f 3759 3760 3823
f 3760 3824 3823
f 3760 3761 3824
f 3761 3825 3824
f 3761 3762 3825
f 3762 3826 3825
f 3762 3763 3826
f 3763 3827 3826
f 3763 3764 3827
f 3764 3828 3827
f 3764 3765 3828
f 3765 3829 3828
f 3765 3766 3829
f 3766 3830 3829
f 3766 3767 3830
f 3767 3831 3830
f 3767 3768 3831
f 3768 3832 3831
f 3768 3769 3832
f 3769 3833 3832
f 3769 3770 3833
f 3770 3834 3833
f 3770 3771 3834
f 3771 3835 3834
f 3771 3772 3835
f 3772 3836 3835
f 3772 3773 3836
f 3773 3837 3836
f 3773 3774 3837
f 3774 3838 3837
f 3774 3775 3838
f 3775 3839 3838
f 3775 3776 3839
f 3776 3840 3839
f 3776 3713 3840
f 3713 3777 3840
f 3777 3778 3841
f 3778 3842 3841
f 3778 3779 3842
f 3779 3843 3842
f 3779 3780 3843
f 3780 3844 3843
f 3780 3781 3844
f 3781 3845 3844
f 3781 3782 3845
f 3782 3846 3845
f 3782 3783 3846
f 3783 3847 3846
f 3783 3784 3847
f 3784 3848 3847
f 3784 3785 3848
f 3785 3849 3848
f 3785 3786 3849
f 3786 3850 3849
f 3786 3787 3850
f 3787 3851 3850
f 3787 3788 3851
f 3788 3852 3851
f 3788 3789 3852
f 3789 3853 3852
f 3789 3790 3853
f 3790 3854 3853
f 3790 3791 3854
f 3791 3855 3854
f 3791 3792 3855
f 3792 3856 3855
f 3792 3793 3856
f 3793 3857 3856
f 3793 3794 3857
f 3794 3858 3857
f 3794 3795 3858
f 3795 3859 3858
f 3795 3796 3859
f 3796 3860 3859
f 3796 3797 3860
f 3797 3861 3860
f 3797 3798 3861
f 3798 3862 3861
f 3798 3799 3862
f 3799 3863 3862
f 3799 3800 3863
f 3800 3864 3863
f 3800 3801 3864
f 3801 3865 3864
f 3801 3802 3865
f 3802 3866 3865
f 3802 3803 3866
f 3803 3867 3866
f 3803 3804 3867
f 3804 3868 3867
f 3804 3805 3868
f 3805 3869 3868
f 3805 3806 3869
f 3806 3870 3869
f 3806 3807 3870
f 3807 3871 3870
f 3807 3808 3871
f 3808 3872 3871
f 3808 3809 3872
f 3809 3873 3872
f 3809 3810 3873
f 3810 3874 3873
f 3810 3811 3874
f 3811 3875 3874
f 3811 3812 3875
f 3812 3876 3875
f 3812 3813 3876
f 3813 3877 3876
f 3813 3814 3877
f 3814 3878 3877
f 3814 3815 3878
f 3815 3879 3878
f 3815 3816 3879
f 3816 3880 3879
f 3816 3817 3880
f 3817 3881 3880
f 3817 3818 3881
f 3818 3882 3881
f 3818 3819 3882
f 3819 3883 3882
f 3819 3820 3883
f 3820 3884 3883
f 3820 3821 3884
f 3821 3885 3884
f 3821 3822 3885
f 3822 3886 3885
f 3822 3823 3886
f 3823 3887 3886
f 3823 3824 3887
f 3824 3888 3887
f 3824 3825 3888
f 3825 3889 3888
f 3825 3826 3889
f 3826 3890 3889
f 3826 3827 3890
f 3827 3891 3890
f 3827 3828 3891
f 3828 3892 3891
f 3828 3829 3892
f 3829 3893 3892
f 3829 3830 3893
f 3830 3894 3893
f 3830 3831 3894
f 3831 3895 3894
f 3831 3832 3895
f 3832 3896 3895
f 3832 3833 3896
f 3833 3897 3896
f 3833 3834 3897
f 3834 3898 3897
f 3834 3835 3898
f 3835 3899 3898
f 3835 3836 3899
f 3836 3900 3899
f 3836 3837 3900
f 3837 3901 3900
f 3837 3838 3901
f 3838 3902 3901
f 3838 3839 3902
f 3839 3903 3902
f 3839 3840 3903
f 3840 3904 3903
f 3840 3777 3904
f 3777 3841 3904
f 3841 3842 3905
f 3842 3906 3905
f 3842 3843 3906
f 3843 3907 3906
f 3843 3844 3907
f 3844 3908 3907
f 3844 3845 3908
f 3845 3909 3908
f 3845 3846 3909
f 3846 3910 3909
f 3846 3847 3910
f 3847 3911 3910
f 3847 3848 3911
f 3848 3912 3911
f 3848 3849 3912
f 3849 3913 3912
f 3849 3850 3913
f 3850 3914 3913
f 3850 3851 3914
f 3851 3915 3914
f 3851 3852 3915
f 3852 3916 3915
f 3852 3853 3916
f 3853 3917 3916
f 3853 3854 3917
f 3854 3918 3917
f 3854 3855 3918
f 3855 3919 3918
f 3855 3856 3919
f 3856 3920 3919
f 3856 3857 3920
f 3857 3921 3920
f 3857 3858 3921
f 3858 3922 3921
f 3858 3859 3922
f 3859 3923 3922
f 3859 3860 3923
f 3860 3924 3923
f 3860 3861 3924
f 3861 3925 3924
f 3861 3862 3925
f 3862 3926 3925
f 3862 3863 3926
f 3863 3927 3926
f 3863 3864 3927
f 3864 3928 3927
f 3864 3865 3928
f 3865 3929 3928
f 3865 3866 3929
f 3866 3930 3929
f 3866 3867 3930
f 3867 3931 3930
f 3867 3868 3931
f 3868 3932 3931
f 3868 3869 3932
f 3869 3933 3932
f 3869 3870 3933
f 3870 3934 3933
f 3870 3871 3934
f 3871 3935 3934
f 3871 3872 3935
f 3872 3936 3935
f 3872 3873 3936
f 3873 3937 3936
f 3873 3874 3937
f 3874 3938 3937
f 3874 3875 3938
f 3875 3939 3938
f 3875 3876 3939
f 3876 3940 3939
f 3876 3877 3940
f 3877 3941 3940
f 3877 3878 3941
f 3878 3942 3941
f 3878 3879 3942
f 3879 3943 3942
f 3879 3880 3943
f 3880 3944 3943
f 3880 3881 3944
f 3881 3945 3944
f 3881 3882 3945
f 3882 3946 3945
f 3882 3883 3946
f 3883 3947 3946
f 3883 3884 3947
f 3884 3948 3947
f 3884 3885 3948
f 3885 3949 3948
f 3885 3886 3949
f 3886 3950 3949
f 3886 3887 3950
f 3887 3951 3950
f 3887 3888 3951
f 3888 3952 3951
f 3888 3889 3952
f 3889 3953 3952
f 3889 3890 3953
f 3890 3954 3953
f 3890 3891 3954
f 3891 3955 3954
f 3891 3892 3955
f 3892 3956 3955
f 3892 3893 3956
f 3893 3957 3956
f 3893 3894 3957
f 3894 3958 3957
f 3894 3895 3958
f 3895 3959 3958
f 3895 3896 3959
f 3896 3960 3959
f 3896 3897 3960
f 3897 3961 3960
f 3897 3898 3961
f 3898 3962 3961
f 3898 3899 3962
f 3899 3963 3962
f 3899 3900 3963
f 3900 3964 3963
f 3900 3901 3964
f 3901 3965 3964
f 3901 3902 3965
f 3902 3966 3965
f 3902 3903 3966
f 3903 3967 3966
f 3903 3904 3967
f 3904 3968 3967
f 3904 3841 3968
f 3841 3905 3968
f 3905 3906 3969
f 3906 3970 3969
f 3906 3907 3970
f 3907 3971 3970
f 3907 3908 3971
f 3908 3972 3971
f 3908 3909 3972
f 3909 3973 3972
f 3909 3910 3973
f 3910 3974 3973
f 3910 3911 3974
f 3911 3975 3974
f 3911 3912 3975
f 3912 3976 3975
f 3912 3913 3976
f 3913 3977 3976
f 3913 3914 3977
f 3914 3978 3977
f 3914 3915 3978
f 3915 3979 3978
f 3915 3916 3979
f 3916 3980 3979
f 3916 3917 3980
f 3917 3981 3980
f 3917 3918 3981
f 3918 3982 3981
f 3918 3919 3982
f 3919 3983 3982
f 3919 3920 3983
f 3920 3984 3983
f 3920 3921 3984
f 3921 3985 3984
f 3921 3922 3985
f 3922 3986 3985
f 3922 3923 3986
f 3923 3987 3986
f 3923 3924 3987
f 3924 3988 3987
f 3924 3925 3988
f 3925 3989 3988
f 3925 3926 3989
f 3926 3990 3989
f 3926 3927 3990
f 3927 3991 3990
f 3927 3928 3991
f 3928 3992 3991
f 3928 3929 3992
f 3929 3993 3992
f 3929 3930 3993
f 3930 3994 3993
f 3930 3931 3994
f 3931 3995 3994
f 3931 3932 3995
f 3932 3996 3995
f 3932 3933 3996
f 3933 3997 3996
f 3933 3934 3997
f 3934 3998 3997
f 3934 3935 3998
f 3935 3999 3998
f 3935 3936 3999
f 3936 4000 3999
f 3936 3937 4000
f 3937 4001 4000
f 3937 3938 4001
f 3938 4002 4001
f 3938 3939 4002
f 3939 4003 4002
f 3939 3940 4003
f 3940 4004 4003
f 3940 3941 4004
f 3941 4005 4004
f 3941 3942 4005
f 3942 4006 4005
f 3942 3943 4006
f 3943 4007 4006
f 3943 3944 4007
f 3944 4008 4007
f 3944 3945 4008
f 3945 4009 4008
f 3945 3946 4009
f 3946 4010 4009
f 3946 3947 4010
f 3947 4011 4010
f 3947 3948 4011
f 3948 4012 4011
f 3948 3949 4012
f 3949 4013 4012
f 3949 3950 4013
f 3950 4014 4013
f 3950 3951 4014
f 3951 4015 4014
f 3951 3952 4015
f 3952 4016 4015
f 3952 3953 4016
f 3953 4017 4016
f 3953 3954 4017
f 3954 4018 4017
f 3954 3955 4018
f 3955 4019 4018
f 3955 3956 4019
f 3956 4020 4019
f 3956 3957 4020
f 3957 4021 4020
f 3957 3958 4021
f 3958 4022 4021
f 3958 3959 4022
f 3959 4023 4022
f 3959 3960 4023
f 3960 4024 4023
f 3960 3961 4024
f 3961 4025 4024
f 3961 3962 4025
f 3962 4026 4025
f 3962 3963 4026
f 3963 4027 4026
f 3963 3964 4027
f 3964 4028 4027
f 3964 3965 4028
f 3965 4029 4028
f 3965 3966 4029
f 3966 4030 4029
f 3966 3967 4030
f 3967 4031 4030
f 3967 3968 4031
f 3968 4032 4031
f 3968 3905 4032
f 3905 3969 4032
f 3969 3970 4033
f 3970 4034 4033
f 3970 3971 4034
f 3971 4035 4034
f 3971 3972 4035
f 3972 4036 4035
f 3972 3973 4036
f 3973 4037 4036
f 3973 3974 4037
f 3974 4038 4037
f 3974 3975 4038
f 3975 4039 4038
f 3975 3976 4039
f 3976 4040 4039
f 3976 3977 4040
f 3977 4041 4040
f 3977 3978 4041
f 3978 4042 4041
f 3978 3979 4042
f 3979 4043 4042
f 3979 3980 4043
f 3980 4044 4043
f 3980 3981 4044
f 3981 4045 4044
f 3981 3982 4045
f 3982 4046 4045
f 3982 3983 4046
f 3983 4047 4046
f 3983 3984 4047
f 3984 4048 4047
f 3984 3985 4048
f 3985 4049 4048
f 3985 3986 4049
f 3986 4050 4049
f 3986 3987 4050
f 3987 4051 4050
f 3987 3988 4051
f 3988 4052 4051
f 3988 3989 4052
f 3989 4053 4052
f 3989 3990 4053
f 3990 4054 4053
f 3990 3991 4054
f 3991 4055 4054
f 3991 3992 4055
f 3992 4056 4055
f 3992 3993 4056
f 3993 4057 4056
f 3993 3994 4057
f 3994 4058 4057
f 3994 3995 4058
f 3995 4059 4058
f 3995 3996 4059
f 3996 4060 4059
f 3996 3997 4060
f 3997 4061 4060
f 3997 3998 4061
f 3998 4062 4061
f 3998 3999 4062
f 3999 4063 4062
f 3999 4000 4063
f 4000 4064 4063
f 4000 4001 4064
f 4001 4065 4064
f 4001 4002 4065
f 4002 4066 4065
f 4002 4003 4066
f 4003 4067 4066
f 4003 4004 4067
f 4004 4068 4067
f 4004 4005 4068
f 4005 4069 4068
f 4005 4006 4069
f 4006 4070 4069
f 4006 4007 4070
f 4007 4071 4070
f 4007 4008 4071
f 4008 4072 4071
f 4008 4009 4072
f 4009 4073 4072
f 4009 4010 4073
f 4010 4074 4073
f 4010 4011 4074
f 4011 4075 4074
f 4011 4012 4075
f 4012 4076 4075
f 4012 4013 4076
f 4013 4077 4076
f 4013 4014 4077
f 4014 4078 4077
f 4014 4015 4078
f 4015 4079 4078
f 4015 4016 4079
f 4016 4080 4079
f 4016 4017 4080
f 4017 4081 4080
f 4017 4018 4081
f 4018 4082 4081
f 4018 4019 4082
f 4019 4083 4082
f 4019 4020 4083
f 4020 4084 4083
f 4020 4021 4084
f 4021 4085 4084
f 4021 4022 4085
f 4022 4086 4085
f 4022 4023 4086
f 4023 4087 4086
f 4023 4024 4087
f 4024 4088 4087
f 4024 4025 4088
f 4025 4089 4088
f 4025 4026 4089
f 4026 4090 4089
f 4026 4027 4090
f 4027 4091 4090
f 4027 4028 4091
f 4028 4092 4091
f 4028 4029 4092
f 4029 4093 4092
f 4029 4030 4093
f 4030 4094 4093
f 4030 4031 4094
f 4031 4095 4094
f 4031 4032 4095
f 4032 4096 4095
f 4032 3969 4096
f 3969 4033 4096
f 4033 4034 4097
f 4034 4098 4097
f 4034 4035 4098
f 4035 4099 4098
f 4035 4036 4099
f 4036 4100 4099
f 4036 4037 4100
f 4037 4101 4100
f 4037 4038 4101
f 4038 4102 4101
f 4038 4039 4102
f 4039 4103 4102
f 4039 4040 4103
f 4040 4104 4103
f 4040 4041 4104
f 4041 4105 4104
f 4041 4042 4105
f 4042 4106 4105
f 4042 4043 4106
f 4043 4107 4106
f 4043 4044 4107
f 4044 4108 4107
f 4044 4045 4108
f 4045 4109 4108
f 4045 4046 4109
f 4046 4110 4109
f 4046 4047 4110
f 4047 4111 4110
f 4047 4048 4111
f 4048 4112 4111
f 4048 4049 4112
f 4049 4113 4112
f 4049 4050 4113
f 4050 4114 4113
f 4050 4051 4114
f 4051 4115 4114
f 4051 4052 4115
f 4052 4116 4115
f 4052 4053 4116
f 4053 4117 4116
f 4053 4054 4117
f 4054 4118 4117
f 4054 4055 4118
f 4055 4119 4118
f 4055 4056 4119
f 4056 4120 4119
f 4056 4057 4120
f 4057 4121 4120
f 4057 4058 4121
f 4058 4122 4121
f 4058 4059 4122
f 4059 4123 4122
f 4059 4060 4123
f 4060 4124 4123
f 4060 4061 4124
f 4061 4125 4124
f 4061 4062 4125
f 4062 4126 4125
f 4062 4063 4126
f 4063 4127 4126
f 4063 4064 4127
f 4064 4128 4127
f 4064 4065 4128
f 4065 4129 4128
f 4065 4066 4129
f 4066 4130 4129
f 4066 4067 4130
f 4067 4131 4130
f 4067 4068 4131
f 4068 4132 4131
f 4068 4069 4132
f 4069 4133 4132
f 4069 4070 4133
f 4070 4134 4133
f 4070 4071 4134
f 4071 4135 4134
f 4071 4072 4135
f 4072 4136 4135
f 4072 4073 4136
f 4073 4137 4136
f 4073 4074 4137
f 4074 4138 4137
f 4074 4075 4138
f 4075 4139 4138
f 4075 4076 4139
f 4076 4140 4139
f 4076 4077 4140
f 4077 4141 4140
f 4077 4078 4141
f 4078 4142 4141
f 4078 4079 4142
f 4079 4143 4142
f 4079 4080 4143
f 4080 4144 4143
f 4080 4081 4144
f 4081 4145 4144
f 4081 4082 4145
f 4082 4146 4145
f 4082 4083 4146
f 4083 4147 4146
f 4083 4084 4147
f 4084 4148 4147
f 4084 4085 4148
f 4085 4149 4148
f 4085 4086 4149
f 4086 4150 4149
f 4086 4087 4150
f 4087 4151 4150
f 4087 4088 4151
f 4088 4152 4151
f 4088 4089 4152
f 4089 4153 4152
f 4089 4090 4153
f 4090 4154 4153
f 4090 4091 4154
f 4091 4155 4154
f 4091 4092 4155
f 4092 4156 4155
f 4092 4093 4156
f 4093 4157 4156
f 4093 4094 4157
f 4094 4158 4157
f 4094 4095 4158
f 4095 4159 4158
f 4095 4096 4159
f 4096 4160 4159
f 4096 4033 4160
f 4033 4097 4160
f 4097 4098 4161
f 4098 4162 4161
f 4098 4099 4162
f 4099 4163 4162
f 4099 4100 4163
f 4100 4164 4163
f 4100 4101 4164
f 4101 4165 4164
f 4101 4102 4165
f 4102 4166 4165
f 4102 4103 4166
f 4103 4167 4166
f 4103 4104 4167
f 4104 4168 4167
f 4104 4105 4168
f 4105 4169 4168
f 4105 4106 4169
f 4106 4170 4169
f 4106 4107 4170
f 4107 4171 4170
f 4107 4108 4171
f 4108 4172 4171
f 4108 4109 4172
f 4109 4173 4172
f 4109 4110 4173
f 4110 4174 4173
f 4110 4111 4174
f 4111 4175 4174
f 4111 4112 4175
f 4112 4176 4175
f 4112 4113 4176
f 4113 4177 4176
f 4113 4114 4177
f 4114 4178 4177
f 4114 4115 4178
f 4115 4179 4178
f 4115 4116 4179
f 4116 4180 4179
f 4116 4117 4180
f 4117 4181 4180
f 4117 4118 4181
f 4118 4182 4181
f 4118 4119 4182
f 4119 4183 4182
f 4119 4120 4183
f 4120 4184 4183
f 4120 4121 4184
f 4121 4185 4184
f 4121 4122 4185
f 4122 4186 4185
f 4122 4123 4186
f 4123 4187 4186
f 4123 4124 4187
f 4124 4188 4187
f 4124 4125 4188
f 4125 4189 4188
f 4125 4126 4189
f 4126 4190 4189
f 4126 4127 4190
f 4127 4191 4190
f 4127 4128 4191
f 4128 4192 4191
f 4128 4129 4192
f 4129 4193 4192
f 4129 4130 4193
f 4130 4194 4193
f 4130 4131 4194
f 4131 4195 4194
f 4131 4132 4195
f 4132 4196 4195
f 4132 4133 4196
f 4133 4197 4196
f 4133 4134 4197
f 4134 4198 4197
f 4134 4135 4198
f 4135 4199 4198
f 4135 4136 4199
f 4136 4200 4199
f 4136 4137 4200
f 4137 4201 4200
f 4137 4138 4201
f 4138 4202 4201
f 4138 4139 4202
f 4139 4203 4202
f 4139 4140 4203
f 4140 4204 4203
f 4140 4141 4204
f 4141 4205 4204
f 4141 4142 4205
f 4142 4206 4205
f 4142 4143 4206
f 4143 4207 4206
f 4143 4144 4207
f 4144 4208 4207
f 4144 4145 4208
f 4145 4209 4208
f 4145 4146 4209
f 4146 4210 4209
f 4146 4147 4210
f 4147 4211 4210
f 4147 4148 4211
f 4148 4212 4211
f 4148 4149 4212
f 4149 4213 4212
f 4149 4150 4213
f 4150 4214 4213
f 4150 4151 4214
f 4151 4215 4214
f 4151 4152 4215
f 4152 4216 4215
f 4152 4153 4216
f 4153 4217 4216
f 4153 4154 4217
f 4154 4218 4217
f 4154 4155 4218
f 4155 4219 4218
f 4155 4156 4219
f 4156 4220 4219
f 4156 4157 4220
f 4157 4221 4220
f 4157 4158 4221
f 4158 4222 4221
f 4158 4159 4222
f 4159 4223 4222
f 4159 4160 4223
f 4160 4224 4223
f 4160 4097 4224
f 4097 4161 4224
f 4161 4162 4225
f 4162 4226 4225
f 4162 4163 4226
f 4163 4227 4226
f 4163 4164 4227
f 4164 4228 4227
f 4164 4165 4228
f 4165 4229 4228
f 4165 4166 4229
f 4166 4230 4229
f 4166 4167 4230
f 4167 4231 4230
f 4167 4168 4231
f 4168 4232 4231
f 4168 4169 4232
f 4169 4233 4232
f 4169 4170 4233
f 4170 4234 4233
f 4170 4171 4234
f 4171 4235 4234
f 4171 4172 4235
f 4172 4236 4235
f 4172 4173 4236
f 4173 4237 4236
f 4173 4174 4237
f 4174 4238 4237
f 4174 4175 4238
f 4175 4239 4238
f 4175 4176 4239
f 4176 4240 4239
f 4176 4177 4240
f 4177 4241 4240
f 4177 4178 4241
f 4178 4242 4241
f 4178 4179 4242
f 4179 4243 4242
f 4179 4180 4243
f 4180 4244 4243
f 4180 4181 4244
f 4181 4245 4244
f 4181 4182 4245
f 4182 4246 4245
f 4182 4183 4246
f 4183 4247 4246
f 4183 4184 4247
f 4184 4248 4247
f 4184 4185 4248
f 4185 4249 4248
f 4185 4186 4249
f 4186 4250 4249
f 4186 4187 4250
f 4187 4251 4250
f 4187 4188 4251
f 4188 4252 4251
f 4188 4189 4252
f 4189 4253 4252
f 4189 4190 4253
f 4190 4254 4253
f 4190 4191 4254
f 4191 4255 4254
f 4191 4192 4255
f 4192 4256 4255
f 4192 4193 4256
f 4193 4257 4256
f 4193 4194 4257
f 4194 4258 4257
f 4194 4195 4258
f 4195 4259 4258
f 4195 4196 4259
f 4196 4260 4259
f 4196 4197 4260
f 4197 4261 4260
f 4197 4198 4261
f 4198 4262 4261
f 4198 4199 4262
f 4199 4263 4262
f 4199 4200 4263
f 4200 4264 4263
f 4200 4201 4264
f 4201 4265 4264
f 4201 4202 4265
f 4202 4266 4265
f 4202 4203 4266
f 4203 4267 4266
f 4203 4204 4267
f 4204 4268 4267
f 4204 4205 4268
f 4205 4269 4268
f 4205 4206 4269
f 4206 4270 4269
f 4206 4207 4270
f 4207 4271 4270
f 4207 4208 4271
f 4208 4272 4271
f 4208 4209 4272
f 4209 4273 4272
f 4209 4210 4273
f 4210 4274 4273
f 4210 4211 4274
f 4211 4275 4274
f 4211 4212 4275
f 4212 4276 4275
f 4212 4213 4276
f 4213 4277 4276
f 4213 4214 4277
f 4214 4278 4277
f 4214 4215 4278
f 4215 4279 4278
f 4215 4216 4279
f 4216 4280 4279
f 4216 4217 4280
f 4217 4281 4280
f 4217 4218 4281
f 4218 4282 4281
f 4218 4219 4282
f 4219 4283 4282
f 4219 4220 4283
f 4220 4284 4283
f 4220 4221 4284
f 4221 4285 4284
f 4221 4222 4285
f 4222 4286 4285
f 4222 4223 4286
f 4223 4287 4286
f 4223 4224 4287
f 4224 4288 4287
f 4224 4161 4288
f 4161 4225 4288
f 4225 4226 4289
f 4226 4290 4289
f 4226 4227 4290
f 4227 4291 4290
f 4227 4228 4291
f 4228 4292 4291
f 4228 4229 4292
f 4229 4293 4292
f 4229 4230 4293
f 4230 4294 4293
f 4230 4231 4294
f 4231 4295 4294
f 4231 4232 4295
f 4232 4296 4295
f 4232 4233 4296
f 4233 4297 4296
f 4233 4234 4297
f 4234 4298 4297
f 4234 4235 4298
f 4235 4299 4298
f 4235 4236 4299
f 4236 4300 4299
f 4236 4237 4300
f 4237 4301 4300
f 4237 4238 4301
f 4238 4302 4301
f 4238 4239 4302
f 4239 4303 4302
f 4239 4240 4303
f 4240 4304 4303
f 4240 4241 4304
f 4241 4305 4304
f 4241 4242 4305
f 4242 4306 4305
f 4242 4243 4306
f 4243 4307 4306
f 4243 4244 4307
f 4244 4308 4307
f 4244 4245 4308
f 4245 4309 4308
f 4245 4246 4309
f 4246 4310 4309
f 4246 4247 4310
f 4247 4311 4310
f 4247 4248 4311
f 4248 4312 4311
f 4248 4249 4312
f 4249 4313 4312
f 4249 4250 4313
f 4250 4314 4313
f 4250 4251 4314
f 4251 4315 4314
f 4251 4252 4315
f 4252 4316 4315
f 4252 4253 4316
f 4253 4317 4316
f 4253 4254 4317
f 4254 4318 4317
f 4254 4255 4318
f 4255 4319 4318
f 4255 4256 4319
f 4256 4320 4319
f 4256 4257 4320
f 4257 4321 4320
f 4257 4258 4321
f 4258 4322 4321
f 4258 4259 4322
f 4259 4323 4322
f 4259 4260 4323
f 4260 4324 4323
f 4260 4261 4324
f 4261 4325 4324
f 4261 4262 4325
f 4262 4326 4325
f 4262 4263 4326
f 4263 4327 4326
f 4263 4264 4327
f 4264 4328 4327
f 4264 4265 4328
f 4265 4329 4328
f 4265 4266 4329
f 4266 4330 4329
f 4266 4267 4330
f 4267 4331 4330
f 4267 4268 4331
f 4268 4332 4331
f 4268 4269 4332
f 4269 4333 4332
f 4269 4270 4333
f 4270 4334 4333
f 4270 4271 4334
f 4271 4335 4334
f 4271 4272 4335
f 4272 4336 4335
f 4272 4273 4336
f 4273 4337 4336
f 4273 4274 4337
f 4274 4338 4337
f 4274 4275 4338
f 4275 4339 4338
f 4275 4276 4339
f 4276 4340 4339
f 4276 4277 4340
f 4277 4341 4340
f 4277 4278 4341
f 4278 4342 4341
f 4278 4279 4342
f 4279 4343 4342
f 4279 4280 4343
f 4280 4344 4343
f 4280 4281 4344
f 4281 4345 4344
f 4281 4282 4345
f 4282 4346 4345
f 4282 4283 4346
f 4283 4347 4346
f 4283 4284 4347
f 4284 4348 4347
f 4284 4285 4348
f 4285 4349 4348
f 4285 4286 4349
f 4286 4350 4349
f 4286 4287 4350
f 4287 4351 4350
f 4287 4288 4351
f 4288 4352 4351
f 4288 4225 4352
f 4225 4289 4352
f 4289 4290 4353
f 4290 4354 4353
f 4290 4291 4354
f 4291 4355 4354
f 4291 4292 4355
f 4292 4356 4355
f 4292 4293 4356
f 4293 4357 4356
f 4293 4294 4357
f 4294 4358 4357
f 4294 4295 4358
f 4295 4359 4358
f 4295 4296 4359
f 4296 4360 4359
f 4296 4297 4360
f 4297 4361 4360
f 4297 4298 4361
f 4298 4362 4361
f 4298 4299 4362
f 4299 4363 4362
f 4299 4300 4363
f 4300 4364 4363
f 4300 4301 4364
f 4301 4365 4364
f 4301 4302 4365
f 4302 4366 4365
f 4302 4303 4366
f 4303 4367 4366
f 4303 4304 4367
f 4304 4368 4367
f 4304 4305 4368
f 4305 4369 4368
f 4305 4306 4369
f 4306 4370 4369
f 4306 4307 4370
f 4307 4371 4370
f 4307 4308 4371
f 4308 4372 4371
f 4308 4309 4372
f 4309 4373 4372
f 4309 4310 4373
f 4310 4374 4373
f 4310 4311 4374
f 4311 4375 4374
f 4311 4312 4375
f 4312 4376 4375
f 4312 4313 4376
f 4313 4377 4376
f 4313 4314 4377
f 4314 4378 4377
f 4314 4315 4378
f 4315 4379 4378
f 4315 4316 4379
f 4316 4380 4379
f 4316 4317 4380
f 4317 4381 4380
f 4317 4318 4381
f 4318 4382 4381
f 4318 4319 4382
f 4319 4383 4382
f 4319 4320 4383
f 4320 4384 4383
f 4320 4321 4384
f 4321 4385 4384
f 4321 4322 4385
f 4322 4386 4385
f 4322 4323 4386
f 4323 4387 4386
f 4323 4324 4387
f 4324 4388 4387
f 4324 4325 4388
f 4325 4389 4388
f 4325 4326 4389
f 4326 4390 4389
f 4326 4327 4390
f 4327 4391 4390
f 4327 4328 4391
f 4328 4392 4391
f 4328 4329 4392
f 4329 4393 4392
f 4329 4330 4393
f 4330 4394 4393
f 4330 4331 4394
f 4331 4395 4394
f 4331 4332 4395
f 4332 4396 4395
f 4332 4333 4396
f 4333 4397 4396
f 4333 4334 4397
f 4334 4398 4397
f 4334 4335 4398
f 4335 4399 4398
f 4335 4336 4399
f 4336 4400 4399
f 4336 4337 4400
f 4337 4401 4400
f 4337 4338 4401
f 4338 4402 4401
f 4338 4339 4402
f 4339 4403 4402
f 4339 4340 4403
f 4340 4404 4403
f 4340 4341 4404
f 4341 4405 4404
f 4341 4342 4405
f 4342 4406 4405
f 4342 4343 4406
f 4343 4407 4406
f 4343 4344 4407
f 4344 4408 4407
f 4344 4345 4408
f 4345 4409 4408
f 4345 4346 4409
f 4346 4410 4409
f 4346 4347 4410
f 4347 4411 4410
f 4347 4348 4411
f 4348 4412 4411
f 4348 4349 4412
f 4349 4413 4412
f 4349 4350 4413
f 4350 4414 4413
f 4350 4351 4414
f 4351 4415 4414
f 4351 4352 4415
f 4352 4416 4415
f 4352 4289 4416
f 4289 4353 4416
f 4353 4354 4417
f 4354 4418 4417
f 4354 4355 4418
f 4355 4419 4418
f 4355 4356 4419
f 4356 4420 4419
f 4356 4357 4420
f 4357 4421 4420
f 4357 4358 4421
f 4358 4422 4421
f 4358 4359 4422
f 4359 4423 4422
f 4359 4360 4423
f 4360 4424 4423
f 4360 4361 4424
f 4361 4425 4424
f 4361 4362 4425
f 4362 4426 4425
f 4362 4363 4426
f 4363 4427 4426
f 4363 4364 4427
f 4364 4428 4427
f 4364 4365 4428
f 4365 4429 4428
f 4365 4366 4429
f 4366 4430 4429
f 4366 4367 4430
f 4367 4431 4430
f 4367 4368 4431
f 4368 4432 4431
f 4368 4369 4432
f 4369 4433 4432
f 4369 4370 4433
f 4370 4434 4433
f 4370 4371 4434
f 4371 4435 4434
f 4371 4372 4435
f 4372 4436 4435
f 4372 4373 4436
f 4373 4437 4436
f 4373 4374 4437
f 4374 4438 4437
f 4374 4375 4438
f 4375 4439 4438
f 4375 4376 4439
f 4376 4440 4439
f 4376 4377 4440
f 4377 4441 4440
f 4377 4378 4441
f 4378 4442 4441
f 4378 4379 4442
f 4379 4443 4442
f 4379 4380 4443
f 4380 4444 4443
f 4380 4381 4444
f 4381 4445 4444
f 4381 4382 4445
f 4382 4446 4445
f 4382 4383 4446
f 4383 4447 4446
f 4383 4384 4447
f 4384 4448 4447
f 4384 4385 4448
f 4385 4449 4448
f 4385 4386 4449
f 4386 4450 4449
f 4386 4387 4450
f 4387 4451 4450
f 4387 4388 4451
f 4388 4452 4451
f 4388 4389 4452
f 4389 4453 4452
f 4389 4390 4453
f 4390 4454 4453
f 4390 4391 4454
f 4391 4455 4454
f 4391 4392 4455
f 4392 4456 4455
f 4392 4393 4456
f 4393 4457 4456
f 4393 4394 4457
f 4394 4458 4457
f 4394 4395 4458
f 4395 4459 4458
f 4395 4396 4459
f 4396 4460 4459
f 4396 4397 4460
f 4397 4461 4460
f 4397 4398 4461
f 4398 4462 4461
f 4398 4399 4462
f 4399 4463 4462
f 4399 4400 4463
f 4400 4464 4463
f 4400 4401 4464
f 4401 4465 4464
f 4401 4402 4465
f 4402 4466 4465
f 4402 4403 4466
f 4403 4467 4466
f 4403 4404 4467
f 4404 4468 4467
f 4404 4405 4468
f 4405 4469 4468
f 4405 4406 4469
f 4406 4470 4469
f 4406 4407 4470
f 4407 4471 4470
f 4407 4408 4471
f 4408 4472 4471
f 4408 4409 4472
f 4409 4473 4472
f 4409 4410 4473
f 4410 4474 4473
f 4410 4411 4474
f 4411 4475 4474
f 4411 4412 4475
f 4412 4476 4475
f 4412 4413 4476
f 4413 4477 4476
f 4413 4414 4477
f 4414 4478 4477
f 4414 4415 4478
f 4415 4479 4478
f 4415 4416 4479
f 4416 4480 4479
f 4416 4353 4480
f 4353 4417 4480
f 4417 4418 4481
f 4418 4482 4481
f 4418 4419 4482
f 4419 4483 4482
f 4419 4420 4483
f 4420 4484 4483
f 4420 4421 4484
f 4421 4485 4484
f 4421 4422 4485
f 4422 4486 4485
f 4422 4423 4486
f 4423 4487 4486
f 4423 4424 4487
f 4424 4488 4487
f 4424 4425 4488
f 4425 4489 4488
f 4425 4426 4489
f 4426 4490 4489
f 4426 4427 4490
f 4427 4491 4490
f 4427 4428 4491
f 4428 4492 4491
f 4428 4429 4492
f 4429 4493 4492
f 4429 4430 4493
f 4430 4494 4493
f 4430 4431 4494
f 4431 4495 4494
f 4431 4432 4495
f 4432 4496 4495
f 4432 4433 4496
f 4433 4497 4496
f 4433 4434 4497
f 4434 4498 4497
f 4434 4435 4498
f 4435 4499 4498
f 4435 4436 4499
f 4436 4500 4499
f 4436 4437 4500
f 4437 4501 4500
f 4437 4438 4501
f 4438 4502 4501
f 4438 4439 4502
f 4439 4503 4502
f 4439 4440 4503
f 4440 4504 4503
f 4440 4441 4504
f 4441 4505 4504
f 4441 4442 4505
f 4442 4506 4505
f 4442 4443 4506
f 4443 4507 4506
f 4443 4444 4507
f 4444 4508 4507
f 4444 4445 4508
f 4445 4509 4508
f 4445 4446 4509
f 4446 4510 4509
f 4446 4447 4510
f 4447 4511 4510
f 4447 4448 4511
f 4448 4512 4511
f 4448 4449 4512
f 4449 4513 4512
f 4449 4450 4513
f 4450 4514 4513
f 4450 4451 4514
f 4451 4515 4514
f 4451 4452 4515
f 4452 4516 4515
f 4452 4453 4516
f 4453 4517 4516
f 4453 4454 4517
f 4454 4518 4517
f 4454 4455 4518
f 4455 4519 4518
f 4455 4456 4519
f 4456 4520 4519
f 4456 4457 4520
f 4457 4521 4520
f 4457 4458 4521
f 4458 4522 4521
f 4458 4459 4522
f 4459 4523 4522
f 4459 4460 4523
f 4460 4524 4523
f 4460 4461 4524
f 4461 4525 4524
f 4461 4462 4525
f 4462 4526 4525
f 4462 4463 4526
f 4463 4527 4526
f 4463 4464 4527
f 4464 4528 4527
f 4464 4465 4528
f 4465 4529 4528
f 4465 4466 4529
f 4466 4530 4529
f 4466 4467 4530
f 4467 4531 4530
f 4467 4468 4531
f 4468 4532 4531
f 4468 4469 4532
f 4469 4533 4532
f 4469 4470 4533
f 4470 4534 4533
f 4470 4471 4534
f 4471 4535 4534
f 4471 4472 4535
f 4472 4536 4535
f 4472 4473 4536
f 4473 4537 4536
f 4473 4474 4537
f 4474 4538 4537
f 4474 4475 4538
f 4475 4539 4538
f 4475 4476 4539
f 4476 4540 4539
f 4476 4477 4540
f 4477 4541 4540
f 4477 4478 4541
f 4478 4542 4541
f 4478 4479 4542
f 4479 4543 4542
f 4479 4480 4543
f 4480 4544 4543
f 4480 4417 4544
f 4417 4481 4544
f 4481 4482 4545
f 4482 4546 4545
f 4482 4483 4546
f 4483 4547 4546
f 4483 4484 4547
f 4484 4548 4547
f 4484 4485 4548
f 4485 4549 4548
f 4485 4486 4549
f 4486 4550 4549
f 4486 4487 4550
f 4487 4551 4550
f 4487 4488 4551
f 4488 4552 4551
f 4488 4489 4552
f 4489 4553 4552
f 4489 4490 4553
f 4490 4554 4553
f 4490 4491 4554
f 4491 4555 4554
f 4491 4492 4555
f 4492 4556 4555
f 4492 4493 4556
f 4493 4557 4556
f 4493 4494 4557
f 4494 4558 4557
f 4494 4495 4558
f 4495 4559 4558
f 4495 4496 4559
f 4496 4560 4559
f 4496 4497 4560
f 4497 4561 4560
f 4497 4498 4561
f 4498 4562 4561
f 4498 4499 4562
f 4499 4563 4562
f 4499 4500 4563
f 4500 4564 4563
f 4500 4501 4564
f 4501 4565 4564
f 4501 4502 4565
f 4502 4566 4565
f 4502 4503 4566
f 4503 4567 4566
f 4503 4504 4567
f 4504 4568 4567
f 4504 4505 4568
f 4505 4569 4568
f 4505 4506 4569
f 4506 4570 4569
f 4506 4507 4570
f 4507 4571 4570
f 4507 4508 4571
f 4508 4572 4571
f 4508 4509 4572
f 4509 4573 4572
f 4509 4510 4573
f 4510 4574 4573
f 4510 4511 4574
f 4511 4575 4574
f 4511 4512 4575
f 4512 4576 4575
f 4512 4513 4576
f 4513 4577 4576
f 4513 4514 4577
f 4514 4578 4577
f 4514 4515 4578
f 4515 4579 4578
f 4515 4516 4579
f 4516 4580 4579
f 4516 4517 4580
f 4517 4581 4580
f 4517 4518 4581
f 4518 4582 4581
f 4518 4519 4582
f 4519 4583 4582
f 4519 4520 4583
f 4520 4584 4583
f 4520 4521 4584
f 4521 4585 4584
f 4521 4522 4585
f 4522 4586 4585
f 4522 4523 4586
f 4523 4587 4586
f 4523 4524 4587
f 4524 4588 4587
f 4524 4525 4588
f 4525 4589 4588
f 4525 4526 4589
f 4526 4590 4589
f 4526 4527 4590
f 4527 4591 4590
f 4527 4528 4591
f 4528 4592 4591
f 4528 4529 4592
f 4529 4593 4592
f 4529 4530 4593
f 4530 4594 4593
f 4530 4531 4594
f 4531 4595 4594
f 4531 4532 4595
f 4532 4596 4595
f 4532 4533 4596
f 4533 4597 4596
f 4533 4534 4597
f 4534 4598 4597
f 4534 4535 4598
f 4535 4599 4598
f 4535 4536 4599
f 4536 4600 4599
f 4536 4537 4600
f 4537 4601 4600
f 4537 4538 4601
f 4538 4602 4601
f 4538 4539 4602
f 4539 4603 4602
f 4539 4540 4603
f 4540 4604 4603
f 4540 4541 4604
f 4541 4605 4604
f 4541 4542 4605
f 4542 4606 4605
f 4542 4543 4606
f 4543 4607 4606
f 4543 4544 4607
f 4544 4608 4607
f 4544 4481 4608
f 4481 4545 4608
f 4545 4546 4609
f 4546 4610 4609
f 4546 4547 4610
f 4547 4611 4610
f 4547 4548 4611
f 4548 4612 4611
f 4548 4549 4612
f 4549 4613 4612
f 4549 4550 4613
f 4550 4614 4613
f 4550 4551 4614
f 4551 4615 4614
f 4551 4552 4615
f 4552 4616 4615
f 4552 4553 4616
f 4553 4617 4616
f 4553 4554 4617
f 4554 4618 4617
f 4554 4555 4618
f 4555 4619 4618
f 4555 4556 4619
f 4556 4620 4619
f 4556 4557 4620
f 4557 4621 4620
f 4557 4558 4621
f 4558 4622 4621
f 4558 4559 4622
f 4559 4623 4622
f 4559 4560 4623
f 4560 4624 4623
f 4560 4561 4624
f 4561 4625 4624
f 4561 4562 4625
f 4562 4626 4625
f 4562 4563 4626
f 4563 4627 4626
f 4563 4564 4627
f 4564 4628 4627
f 4564 4565 4628
f 4565 4629 4628
f 4565 4566 4629
f 4566 4630 4629
f 4566 4567 4630
f 4567 4631 4630
f 4567 4568 4631
f 4568 4632 4631
f 4568 4569 4632
f 4569 4633 4632
f 4569 4570 4633
f 4570 4634 4633
f 4570 4571 4634
f 4571 4635 4634
f 4571 4572 4635
f 4572 4636 4635
f 4572 4573 4636
f 4573 4637 4636
f 4573 4574 4637
f 4574 4638 4637
f 4574 4575 4638
f 4575 4639 4638
f 4575 4576 4639
f 4576 4640 4639
f 4576 4577 4640
f 4577 4641 4640
f 4577 4578 4641
f 4578 4642 4641
f 4578 4579 4642
f 4579 4643 4642
f 4579 4580 4643
f 4580 4644 4643
f 4580 4581 4644
f 4581 4645 4644
f 4581 4582 4645
f 4582 4646 4645
f 4582 4583 4646
f 4583 4647 4646
f 4583 4584 4647
f 4584 4648 4647
f 4584 4585 4648
f 4585 4649 4648
f 4585 4586 4649
f 4586 4650 4649
f 4586 4587 4650
f 4587 4651 4650
f 4587 4588 4651
f 4588 4652 4651
f 4588 4589 4652
f 4589 4653 4652
f 4589 4590 4653
f 4590 4654 4653
f 4590 4591 4654
f 4591 4655 4654
f 4591 4592 4655
f 4592 4656 4655
f 4592 4593 4656
f 4593 4657 4656
f 4593 4594 4657
f 4594 4658 4657
f 4594 4595 4658
f 4595 4659 4658
f 4595 4596 4659
f 4596 4660 4659
f 4596 4597 4660
f 4597 4661 4660
f 4597 4598 4661
f 4598 4662 4661
f 4598 4599 4662
f 4599 4663 4662
f 4599 4600 4663
f 4600 4664 4663
f 4600 4601 4664
f 4601 4665 4664
f 4601 4602 4665
f 4602 4666 4665
f 4602 4603 4666
f 4603 4667 4666
f 4603 4604 4667
f 4604 4668 4667
f 4604 4605 4668
f 4605 4669 4668
f 4605 4606 4669
f 4606 4670 4669
f 4606 4607 4670
f 4607 4671 4670
f 4607 4608 4671
f 4608 4672 4671
f 4608 4545 4672
f 4545 4609 4672
f 4609 4610 4673
f 4610 4674 4673
f 4610 4611 4674
f 4611 4675 4674
f 4611 4612 4675
f 4612 4676 4675
f 4612 4613 4676
f 4613 4677 4676
f 4613 4614 4677
f 4614 4678 4677
f 4614 4615 4678
f 4615 4679 4678
f 4615 4616 4679
f 4616 4680 4679
f 4616 4617 4680
f 4617 4681 4680
f 4617 4618 4681
f 4618 4682 4681
f 4618 4619 4682
f 4619 4683 4682
f 4619 4620 4683
f 4620 4684 4683
f 4620 4621 4684
f 4621 4685 4684
f 4621 4622 4685
f 4622 4686 4685
f 4622 4623 4686
f 4623 4687 4686
f 4623 4624 4687
f 4624 4688 4687
f 4624 4625 4688
f 4625 4689 4688
f 4625 4626 4689
f 4626 4690 4689
f 4626 4627 4690
f 4627 4691 4690
f 4627 4628 4691
f 4628 4692 4691
f 4628 4629 4692
f 4629 4693 4692
f 4629 4630 4693
f 4630 4694 4693
f 4630 4631 4694
f 4631 4695 4694
f 4631 4632 4695
f 4632 4696 4695
f 4632 4633 4696
f 4633 4697 4696
f 4633 4634 4697
f 4634 4698 4697
f 4634 4635 4698
f 4635 4699 4698
f 4635 4636 4699
f 4636 4700 4699
f 4636 4637 4700
f 4637 4701 4700
f 4637 4638 4701
f 4638 4702 4701
f 4638 4639 4702
f 4639 4703 4702
f 4639 4640 4703
f 4640 4704 4703
f 4640 4641 4704
f 4641 4705 4704
f 4641 4642 4705
f 4642 4706 4705
f 4642 4643 4706
f 4643 4707 4706
f 4643 4644 4707
f 4644 4708 4707
f 4644 4645 4708
f 4645 4709 4708
f 4645 4646 4709
f 4646 4710 4709
f 4646 4647 4710
f 4647 4711 4710
f 4647 4648 4711
f 4648 4712 4711
f 4648 4649 4712
f 4649 4713 4712
f 4649 4650 4713
f 4650 4714 4713
f 4650 4651 4714
f 4651 4715 4714
f 4651 4652 4715
f 4652 4716 4715
f 4652 4653 4716
f 4653 4717 4716
f 4653 4654 4717
f 4654 4718 4717
f 4654 4655 4718
f 4655 4719 4718
f 4655 4656 4719
f 4656 4720 4719
f 4656 4657 4720
f 4657 4721 4720
f 4657 4658 4721
f 4658 4722 4721
f 4658 4659 4722
f 4659 4723 4722
f 4659 4660 4723
f 4660 4724 4723
f 4660 4661 4724
f 4661 4725 4724
f 4661 4662 4725
f 4662 4726 4725
f 4662 4663 4726
f 4663 4727 4726
f 4663 4664 4727
f 4664 4728 4727
f 4664 4665 4728
f 4665 4729 4728
f 4665 4666 4729
f 4666 4730 4729
f 4666 4667 4730
f 4667 4731 4730
f 4667 4668 4731
f 4668 4732 4731
f 4668 4669 4732
f 4669 4733 4732
f 4669 4670 4733
f 4670 4734 4733
f 4670 4671 4734
f 4671 4735 4734
f 4671 4672 4735
f 4672 4736 4735
f 4672 4609 4736
f 4609 4673 4736
f 4673 4674 4737
f 4674 4738 4737
f 4674 4675 4738
f 4675 4739 4738
f 4675 4676 4739
f 4676 4740 4739
f 4676 4677 4740
f 4677 4741 4740
f 4677 4678 4741
f 4678 4742 4741
f 4678 4679 4742
f 4679 4743 4742
f 4679 4680 4743
f 4680 4744 4743
f 4680 4681 4744
f 4681 4745 4744
f 4681 4682 4745
f 4682 4746 4745
f 4682 4683 4746
f 4683 4747 4746
f 4683 4684 4747
f 4684 4748 4747
f 4684 4685 4748
f 4685 4749 4748
f 4685 4686 4749
f 4686 4750 4749
f 4686 4687 4750
f 4687 4751 4750
f 4687 4688 4751
f 4688 4752 4751
f 4688 4689 4752
f 4689 4753 4752
f 4689 4690 4753
f 4690 4754 4753
f 4690 4691 4754
f 4691 4755 4754
f 4691 4692 4755
f 4692 4756 4755
f 4692 4693 4756
f 4693 4757 4756
f 4693 4694 4757
f 4694 4758 4757
f 4694 4695 4758
f 4695 4759 4758
f 4695 4696 4759
f 4696 4760 4759
f 4696 4697 4760
f 4697 4761 4760
f 4697 4698 4761
f 4698 4762 4761
f 4698 4699 4762
f 4699 4763 4762
f 4699 4700 4763
f 4700 4764 4763
f 4700 4701 4764
f 4701 4765 4764
f 4701 4702 4765
f 4702 4766 4765
f 4702 4703 4766
f 4703 4767 4766
f 4703 4704 4767
f 4704 4768 4767
f 4704 4705 4768
f 4705 4769 4768
f 4705 4706 4769
f 4706 4770 4769
f 4706 4707 4770
f 4707 4771 4770
f 4707 4708 4771
f 4708 4772 4771
f 4708 4709 4772
f 4709 4773 4772
f 4709 4710 4773
f 4710 4774 4773
f 4710 4711 4774
f 4711 4775 4774
f 4711 4712 4775
f 4712 4776 4775
f 4712 4713 4776
f 4713 4777 4776
f 4713 4714 4777
f 4714 4778 4777
f 4714 4715 4778
f 4715 4779 4778
f 4715 4716 4779
f 4716 4780 4779
f 4716 4717 4780
f 4717 4781 4780
f 4717 4718 4781
f 4718 4782 4781
f 4718 4719 4782
f 4719 4783 4782
f 4719 4720 4783
f 4720 4784 4783
f 4720 4721 4784
f 4721 4785 4784
f 4721 4722 4785
f 4722 4786 4785
f 4722 4723 4786
f 4723 4787 4786
f 4723 4724 4787
f 4724 4788 4787
f 4724 4725 4788
f 4725 4789 4788
f 4725 4726 4789
f 4726 4790 4789
f 4726 4727 4790
f 4727 4791 4790
f 4727 4728 4791
f 4728 4792 4791
f 4728 4729 4792
f 4729 4793 4792
f 4729 4730 4793
f 4730 4794 4793
f 4730 4731 4794
f 4731 4795 4794
f 4731 4732 4795
f 4732 4796 4795
f 4732 4733 4796
f 4733 4797 4796
f 4733 4734 4797
f 4734 4798 4797
f 4734 4735 4798
f 4735 4799 4798
f 4735 4736 4799
f 4736 4800 4799
f 4736 4673 4800
f 4673 4737 4800
f 4737 4738 4801
f 4738 4802 4801
f 4738 4739 4802
f 4739 4803 4802
f 4739 4740 4803
f 4740 4804 4803
f 4740 4741 4804
f 4741 4805 4804
f 4741 4742 4805
f 4742 4806 4805
f 4742 4743 4806
f 4743 4807 4806
f 4743 4744 4807
f 4744 4808 4807
f 4744 4745 4808
f 4745 4809 4808
f 4745 4746 4809
f 4746 4810 4809
f 4746 4747 4810
f 4747 4811 4810
f 4747 4748 4811
f 4748 4812 4811
f 4748 4749 4812
f 4749 4813 4812
f 4749 4750 4813
f 4750 4814 4813
f 4750 4751 4814
f 4751 4815 4814
f 4751 4752 4815
f 4752 4816 4815
f 4752 4753 4816
f 4753 4817 4816
f 4753 4754 4817
f 4754 4818 4817
f 4754 4755 4818
f 4755 4819 4818
f 4755 4756 4819
f 4756 4820 4819
f 4756 4757 4820
f 4757 4821 4820
f 4757 4758 4821
f 4758 4822 4821
f 4758 4759 4822
f 4759 4823 4822
f 4759 4760 4823
f 4760 4824 4823
f 4760 4761 4824
f 4761 4825 4824
f 4761 4762 4825
f 4762 4826 4825
f 4762 4763 4826
f 4763 4827 4826
f 4763 4764 4827
f 4764 4828 4827
f 4764 4765 4828
f 4765 4829 4828
f 4765 4766 4829
f 4766 4830 4829
f 4766 4767 4830
f 4767 4831 4830
f 4767 4768 4831
f 4768 4832 4831
f 4768 4769 4832
f 4769 4833 4832
f 4769 4770 4833
f 4770 4834 4833
f 4770 4771 4834
f 4771 4835 4834
f 4771 4772 4835
f 4772 4836 4835
f 4772 4773 4836
f 4773 4837 4836
f 4773 4774 4837
f 4774 4838 4837
f 4774 4775 4838
f 4775 4839 4838
f 4775 4776 4839
f 4776 4840 4839
f 4776 4777 4840
f 4777 4841 4840
f 4777 4778 4841
f 4778 4842 4841
f 4778 4779 4842
f 4779 4843 4842
f 4779 4780 4843
f 4780 4844 4843
f 4780 4781 4844
f 4781 4845 4844
f 4781 4782 4845
f 4782 4846 4845
f 4782 4783 4846
f 4783 4847 4846
f 4783 4784 4847
f 4784 4848 4847
f 4784 4785 4848
f 4785 4849 4848
f 4785 4786 4849
f 4786 4850 4849
f 4786 4787 4850
f 4787 4851 4850
f 4787 4788 4851
f 4788 4852 4851
f 4788 4789 4852
f 4789 4853 4852
f 4789 4790 4853
f 4790 4854 4853
f 4790 4791 4854
f 4791 4855 4854
f 4791 4792 4855
f 4792 4856 4855
f 4792 4793 4856
f 4793 4857 4856
f 4793 4794 4857
f 4794 4858 4857
f 4794 4795 4858
f 4795 4859 4858
f 4795 4796 4859
f 4796 4860 4859
f 4796 4797 4860
f 4797 4861 4860
f 4797 4798 4861
f 4798 4862 4861
f 4798 4799 4862
f 4799 4863 4862
f 4799 4800 4863
f 4800 4864 4863
f 4800 4737 4864
f 4737 4801 4864
f 4801 4802 4865
f 4802 4866 4865
f 4802 4803 4866
f 4803 4867 4866
f 4803 4804 4867
f 4804 4868 4867
f 4804 4805 4868
f 4805 4869 4868
f 4805 4806 4869
f 4806 4870 4869
f 4806 4807 4870
f 4807 4871 4870
f 4807 4808 4871
f 4808 4872 4871
f 4808 4809 4872
f 4809 4873 4872
f 4809 4810 4873
f 4810 4874 4873
f 4810 4811 4874
f 4811 4875 4874
f 4811 4812 4875
f 4812 4876 4875
f 4812 4813 4876
f 4813 4877 4876
f 4813 4814 4877
f 4814 4878 4877
f 4814 4815 4878
f 4815 4879 4878
f 4815 4816 4879
f 4816 4880 4879
f 4816 4817 4880
f 4817 4881 4880
f 4817 4818 4881
f 4818 4882 4881
f 4818 4819 4882
f 4819 4883 4882
f 4819 4820 4883
f 4820 4884 4883
f 4820 4821 4884
f 4821 4885 4884
f 4821 4822 4885
f 4822 4886 4885
f 4822 4823 4886
f 4823 4887 4886
f 4823 4824 4887
f 4824 4888 4887
f 4824 4825 4888
f 4825 4889 4888
f 4825 4826 4889
f 4826 4890 4889
f 4826 4827 4890
f 4827 4891 4890
f 4827 4828 4891
f 4828 4892 4891
f 4828 4829 4892
f 4829 4893 4892
f 4829 4830 4893
f 4830 4894 4893
f 4830 4831 4894
f 4831 4895 4894
f 4831 4832 4895
f 4832 4896 4895
f 4832 4833 4896
f 4833 4897 4896
f 4833 4834 4897
f 4834 4898 4897
f 4834 4835 4898
f 4835 4899 4898
f 4835 4836 4899
f 4836 4900 4899
f 4836 4837 4900
f 4837 4901 4900
f 4837 4838 4901
f 4838 4902 4901
f 4838 4839 4902
f 4839 4903 4902
f 4839 4840 4903
f 4840 4904 4903
f 4840 4841 4904
f 4841 4905 4904
f 4841 4842 4905
f 4842 4906 4905
f 4842 4843 4906
f 4843 4907 4906
f 4843 4844 4907
f 4844 4908 4907
f 4844 4845 4908
f 4845 4909 4908
f 4845 4846 4909
f 4846 4910 4909
f 4846 4847 4910
f 4847 4911 4910
f 4847 4848 4911
f 4848 4912 4911
f 4848 4849 4912
f 4849 4913 4912
f 4849 4850 4913
f 4850 4914 4913
f 4850 4851 4914
f 4851 4915 4914
f 4851 4852 4915
f 4852 4916 4915
f 4852 4853 4916
f 4853 4917 4916
f 4853 4854 4917
f 4854 4918 4917
f 4854 4855 4918
f 4855 4919 4918
f 4855 4856 4919
f 4856 4920 4919
f 4856 4857 4920
f 4857 4921 4920
f 4857 4858 4921
f 4858 4922 4921
f 4858 4859 4922
f 4859 4923 4922
f 4859 4860 4923
f 4860 4924 4923
f 4860 4861 4924
f 4861 4925 4924
f 4861 4862 4925
f 4862 4926 4925
f 4862 4863 4926
f 4863 4927 4926
f 4863 4864 4927
f 4864 4928 4927
f 4864 4801 4928
f 4801 4865 4928
f 4865 4866 4929
f 4866 4930 4929
f 4866 4867 4930
f 4867 4931 4930
f 4867 4868 4931
f 4868 4932 4931
f 4868 4869 4932
f 4869 4933 4932
f 4869 4870 4933
f 4870 4934 4933
f 4870 4871 4934
f 4871 4935 4934
f 4871 4872 4935
f 4872 4936 4935
f 4872 4873 4936
f 4873 4937 4936
f 4873 4874 4937
f 4874 4938 4937
f 4874 4875 4938
f 4875 4939 4938
f 4875 4876 4939
f 4876 4940 4939
f 4876 4877 4940
f 4877 4941 4940
f 4877 4878 4941
f 4878 4942 4941
f 4878 4879 4942
f 4879 4943 4942
f 4879 4880 4943
f 4880 4944 4943
f 4880 4881 4944
f 4881 4945 4944
f 4881 4882 4945
f 4882 4946 4945
f 4882 4883 4946
f 4883 4947 4946
f 4883 4884 4947
f 4884 4948 4947
f 4884 4885 4948
f 4885 4949 4948
f 4885 4886 4949
f 4886 4950 4949
f 4886 4887 4950
f 4887 4951 4950
f 4887 4888 4951
f 4888 4952 4951
f 4888 4889 4952
f 4889 4953 4952
f 4889 4890 4953
f 4890 4954 4953
f 4890 4891 4954
f 4891 4955 4954
f 4891 4892 4955
f 4892 4956 4955
f 4892 4893 4956
f 4893 4957 4956
f 4893 4894 4957
f 4894 4958 4957
f 4894 4895 4958
f 4895 4959 4958
f 4895 4896 4959
f 4896 4960 4959
f 4896 4897 4960
f 4897 4961 4960
f 4897 4898 4961
f 4898 4962 4961
f 4898 4899 4962
f 4899 4963 4962
f 4899 4900 4963
f 4900 4964 4963
f 4900 4901 4964
f 4901 4965 4964
f 4901 4902 4965
f 4902 4966 4965
f 4902 4903 4966
f 4903 4967 4966
f 4903 4904 4967
f 4904 4968 4967
f 4904 4905 4968
f 4905 4969 4968
f 4905 4906 4969
f 4906 4970 4969
f 4906 4907 4970
f 4907 4971 4970
f 4907 4908 4971
f 4908 4972 4971
f 4908 4909 4972
f 4909 4973 4972
f 4909 4910 4973
f 4910 4974 4973
f 4910 4911 4974
f 4911 4975 4974
f 4911 4912 4975
f 4912 4976 4975
f 4912 4913 4976
f 4913 4977 4976
f 4913 4914 4977
f 4914 4978 4977
f 4914 4915 4978
f 4915 4979 4978
f 4915 4916 4979
f 4916 4980 4979
f 4916 4917 4980
f 4917 4981 4980
f 4917 4918 4981
f 4918 4982 4981
f 4918 4919 4982
f 4919 4983 4982
f 4919 4920 4983
f 4920 4984 4983
f 4920 4921 4984
f 4921 4985 4984
f 4921 4922 4985
f 4922 4986 4985
f 4922 4923 4986
f 4923 4987 4986
f 4923 4924 4987
f 4924 4988 4987
f 4924 4925 4988
f 4925 4989 4988
f 4925 4926 4989
f 4926 4990 4989
f 4926 4927 4990
f 4927 4991 4990
f 4927 4928 4991
f 4928 4992 4991
f 4928 4865 4992
f 4865 4929 4992
f 4929 4930 4993
f 4930 4994 4993
f 4930 4931 4994
f 4931 4995 4994
f 4931 4932 4995
f 4932 4996 4995
f 4932 4933 4996
f 4933 4997 4996
f 4933 4934 4997
f 4934 4998 4997
f 4934 4935 4998
f 4935 4999 4998
f 4935 4936 4999
f 4936 5000 4999
f 4936 4937 5000
f 4937 5001 5000
f 4937 4938 5001
f 4938 5002 5001
f 4938 4939 5002
f 4939 5003 5002
f 4939 4940 5003
f 4940 5004 5003
f 4940 4941 5004
f 4941 5005 5004
f 4941 4942 5005
f 4942 5006 5005
f 4942 4943 5006
f 4943 5007 5006
f 4943 4944 5007
f 4944 5008 5007
f 4944 4945 5008
f 4945 5009 5008
f 4945 4946 5009
f 4946 5010 5009
f 4946 4947 5010
f 4947 5011 5010
f 4947 4948 5011
f 4948 5012 5011
f 4948 4949 5012
f 4949 5013 5012
f 4949 4950 5013
f 4950 5014 5013
f 4950 4951 5014
f 4951 5015 5014
f 4951 4952 5015
f 4952 5016 5015
f 4952 4953 5016
f 4953 5017 5016
f 4953 4954 5017
f 4954 5018 5017
f 4954 4955 5018
f 4955 5019 5018
f 4955 4956 5019
f 4956 5020 5019
f 4956 4957 5020
f 4957 5021 5020
f 4957 4958 5021
f 4958 5022 5021
f 4958 4959 5022
f 4959 5023 5022
f 4959 4960 5023
f 4960 5024 5023
f 4960 4961 5024
f 4961 5025 5024
f 4961 4962 5025
f 4962 5026 5025
f 4962 4963 5026
f 4963 5027 5026
f 4963 4964 5027
f 4964 5028 5027
f 4964 4965 5028
f 4965 5029 5028
f 4965 4966 5029
f 4966 5030 5029
f 4966 4967 5030
f 4967 5031 5030
f 4967 4968 5031
f 4968 5032 5031
f 4968 4969 5032
f 4969 5033 5032
f 4969 4970 5033
f 4970 5034 5033
f 4970 4971 5034
f 4971 5035 5034
f 4971 4972 5035
f 4972 5036 5035
f 4972 4973 5036
f 4973 5037 5036
f 4973 4974 5037
f 4974 5038 5037
f 4974 4975 5038
f 4975 5039 5038
f 4975 4976 5039
f 4976 5040 5039
f 4976 4977 5040
f 4977 5041 5040
f 4977 4978 5041
f 4978 5042 5041
f 4978 4979 5042
f 4979 5043 5042
f 4979 4980 5043
f 4980 5044 5043
f 4980 4981 5044
f 4981 5045 5044
f 4981 4982 5045
f 4982 5046 5045
f 4982 4983 5046
f 4983 5047 5046
f 4983 4984 5047
f 4984 5048 5047
f 4984 4985 5048
f 4985 5049 5048
f 4985 4986 5049
f 4986 5050 5049
f 4986 4987 5050
f 4987 5051 5050
f 4987 4988 5051
f 4988 5052 5051
f 4988 4989 5052
f 4989 5053 5052
f 4989 4990 5053
f 4990 5054 5053
f 4990 4991 5054
f 4991 5055 5054
f 4991 4992 5055
f 4992 5056 5055
f 4992 4929 5056
f 4929 4993 5056
f 4993 4994 5057
f 4994 5058 5057
f 4994 4995 5058
f 4995 5059 5058
f 4995 4996 5059
f 4996 5060 5059
f 4996 4997 5060
f 4997 5061 5060
f 4997 4998 5061
f 4998 5062 5061
f 4998 4999 5062
f 4999 5063 5062
f 4999 5000 5063
f 5000 5064 5063
f 5000 5001 5064
f 5001 5065 5064
f 5001 5002 5065
f 5002 5066 5065
f 5002 5003 5066
f 5003 5067 5066
f 5003 5004 5067
f 5004 5068 5067
f 5004 5005 5068
f 5005 5069 5068
f 5005 5006 5069
f 5006 5070 5069
f 5006 5007 5070
f 5007 5071 5070
f 5007 5008 5071
f 5008 5072 5071
f 5008 5009 5072
f 5009 5073 5072
f 5009 5010 5073
f 5010 5074 5073
f 5010 5011 5074
f 5011 5075 5074
f 5011 5012 5075
f 5012 5076 5075
f 5012 5013 5076
f 5013 5077 5076
f 5013 5014 5077
f 5014 5078 5077
f 5014 5015 5078
f 5015 5079 5078
f 5015 5016 5079
f 5016 5080 5079
f 5016 5017 5080
f 5017 5081 5080
f 5017 5018 5081
f 5018 5082 5081
f 5018 5019 5082
f 5019 5083 5082
f 5019 5020 5083
f 5020 5084 5083
f 5020 5021 5084
f 5021 5085 5084
f 5021 5022 5085
f 5022 5086 5085
f 5022 5023 5086
f 5023 5087 5086
f 5023 5024 5087
f 5024 5088 5087
f 5024 5025 5088
f 5025 5089 5088
f 5025 5026 5089
f 5026 5090 5089
f 5026 5027 5090
f 5027 5091 5090
f 5027 5028 5091
f 5028 5092 5091
f 5028 5029 5092
f 5029 5093 5092
f 5029 5030 5093
f 5030 5094 5093
f 5030 5031 5094
f 5031 5095 5094
f 5031 5032 5095
f 5032 5096 5095
f 5032 5033 5096
f 5033 5097 5096
f 5033 5034 5097
f 5034 5098 5097
f 5034 5035 5098
f 5035 5099 5098
f 5035 5036 5099
f 5036 5100 5099
f 5036 5037 5100
f 5037 5101 5100
f 5037 5038 5101
f 5038 5102 5101
f 5038 5039 5102
f 5039 5103 5102
f 5039 5040 5103
f 5040 5104 5103
f 5040 5041 5104
f 5041 5105 5104
f 5041 5042 5105
f 5042 5106 5105
f 5042 5043 5106
f 5043 5107 5106
f 5043 5044 5107
f 5044 5108 5107
f 5044 5045 5108
f 5045 5109 5108
f 5045 5046 5109
f 5046 5110 5109
f 5046 5047 5110
f 5047 5111 5110
f 5047 5048 5111
f 5048 5112 5111
f 5048 5049 5112
f 5049 5113 5112
f 5049 5050 5113
f 5050 5114 5113
f 5050 5051 5114
f 5051 5115 5114
f 5051 5052 5115
f 5052 5116 5115
f 5052 5053 5116
f 5053 5117 5116
f 5053 5054 5117
f 5054 5118 5117
f 5054 5055 5118
f 5055 5119 5118
f 5055 5056 5119
f 5056 5120 5119
f 5056 4993 5120
f 4993 5057 5120
