v 1.333129325677561 -1.337287788179541e-18 -0.01036116504668408
v 1.329237322947536 0.1309184493318229 -0.009080648050864806
v 1.309640264322643 0.2605036453921379 -0.007557512538531193
v 1.268630398197053 0.3848348240165383 -0.006683900820225982
v 1.195622044700447 0.4952428663871759 -0.005506665042203564
v 1.130032948341716 0.6040151948799528 -0.004512848268972388
v 1.06082446790169 0.7088202480340166 -0.004452352115304306
v 0.9887315679607004 0.8114310276481129 -0.005002572716705137
v 0.9098041463718211 0.9098041463718209 -0.004653283589040751
v 0.8215753034404448 1.001092403778193 -0.0005412114889304566
v 0.7165175355001939 1.072344272680464 0.003725501055186948
v 0.6090711110824379 1.139491902257599 0.003281562797409775
v 0.4924915323970436 1.188979736866851 0.00239324271557029
v 0.3666398051097485 1.208649459258087 0.002299320824915808
v 0.2438629025201604 1.225981600504038 0.00139141282815082
v 0.1227383083801375 1.246182958070414 -0.001048757232750229
v 7.692942030068737e-17 1.25985243164991 -0.001355698506886694
v -0.1251306894812384 1.270473211021989 -5.293662749874927e-06
v -0.2522117966382199 1.267954325619337 0.0006073219439975294
v -0.3775197401910851 1.244515798563185 -0.0006426567482543848
v -0.4973304367763533 1.200661885446408 -0.003318725428215142
v -0.6144659118058314 1.149584864518895 -0.005608196308131182
v -0.7209346696021444 1.07895498103191 -0.008272470704737704
v -0.8266397431549006 1.007263441425386 -0.01270613327290436
v -0.9249225497946187 0.9249225497946189 -0.0192851237717844
v -1.014381315252451 0.8324812312405678 -0.02119117149000114
v -1.091525556335582 0.7293340594864141 -0.0215196519595738
v -1.160922663131942 0.6205260914216731 -0.02066126096004968
v -1.22090352381753 0.5057147979143242 -0.02008289249213886
v -1.282976981771845 0.3891868125650469 -0.01731204570087524
v -1.323415590001103 0.2632437280342667 -0.01234261396040926
v -1.343027616014459 0.1322766746486911 -0.009169137792551792
v -1.344564554969883 1.628627892444644e-16 -0.001527878445321645
v -1.328719660807852 -0.1308674640612206 0.006307626430474481
v -1.284656548573907 -0.2555340753466167 0.009651033540919653
v -1.241728071186413 -0.37667409233654 0.01123480363335442
v -1.194798504388136 -0.4949017448206555 0.01200193800794569
v -1.138592293503083 -0.6085902601851497 0.01623559102428498
v -1.073255582262511 -0.7171264530954482 0.02031181486946108
v -1.000770730172878 -0.8213113127349924 0.02266629274183259
v -0.9297070837701562 -0.929707083770156 0.02459856583999239
v -0.8349303729535628 -1.017365603064399 0.02673187879086006
v -0.7280143019955174 -1.089550399669385 0.03
v -0.618642319198214 -1.157398373184066 0.02999533966124439
v -0.50113605627313 -1.209849463648755 0.02773503785468148
v -0.3771344673531452 -1.243245724226592 0.02493543247865393
v -0.2523624450397262 -1.268711686277652 0.01568212901852953
v -0.1261127589875641 -1.280444330052191 0.01019304454009206
v -2.378133070776847e-16 -1.294433605938529 0.007197876434503707
v 0.1270201343935928 -1.289657067155131 0.005993166637484304
v 0.2523324084721094 -1.268560682255066 0.005188415792747112
v 0.3722975284227902 -1.227300473489598 0.004761294469101333
v 0.4865142600734014 -1.174549324957116 0.001100581330328235
v 0.5958898797984732 -1.11483155301994 7.472798583562618e-06
v 0.7062302412934635 -1.056948248888437 0.002112597274200771
v 0.8217128740823869 -1.001260034090417 3.261632603837097e-05
v 0.9223215011938558 -0.9223215011938561 -0.006925298340459232
v 1.009681398221135 -0.8286241090143133 -0.01168483401136166
v 1.083537042199251 -0.7239963049918012 -0.01201549839599153
v 1.145946897255179 -0.6125213777911515 -0.01227389668667422
v 1.189241612996269 -0.4926000050415111 -0.0133179664332873
v 1.232072458601652 -0.3737450942807562 -0.01235345851335381
v 1.274493416056549 -0.2535125025975962 -0.01263318888291969
v 1.318890736181588 -0.1298993994812879 -0.01276690228169981
v 1.293749915100582 0 0.06329113924050633
v 1.287520155641551 0.1268096669797709 0.06329113924050633
v 1.26889087325358 0.2523980875453112 0.06329113924050633
v 1.238041478109868 0.3755557765529606 0.06329113924050633
v 1.195269066749643 0.4950966581327343 0.06329113924050633
v 1.140985560876082 0.609869488247326 0.06329113924050633
v 1.075713740325132 0.718768941801521 0.06329113924050633
v 1.000082208409903 0.8207462575270958 0.06329113924050633
v 0.9148193381271419 0.9148193381271418 0.06329113924050633
v 0.8207462575270958 1.000082208409903 0.06329113924050633
v 0.7187689418015212 1.075713740325132 0.06329113924050633
v 0.6098694882473261 1.140985560876082 0.06329113924050633
v 0.4950966581327344 1.195269066749643 0.06329113924050633
v 0.3755557765529606 1.238041478109868 0.06329113924050633
v 0.2523980875453113 1.26889087325358 0.06329113924050633
v 0.1268096669797711 1.287520155641551 0.06329113924050633
v 7.92193346212544e-17 1.293749915100582 0.06329113924050633
v -0.1268096669797709 1.287520155641551 0.06329113924050633
v -0.2523980875453111 1.26889087325358 0.06329113924050633
v -0.3755557765529604 1.238041478109868 0.06329113924050633
v -0.4950966581327342 1.195269066749643 0.06329113924050633
v -0.609869488247326 1.140985560876082 0.06329113924050633
v -0.7187689418015207 1.075713740325132 0.06329113924050633
v -0.8207462575270957 1.000082208409904 0.06329113924050633
v -0.9148193381271418 0.9148193381271419 0.06329113924050633
v -1.000082208409903 0.8207462575270958 0.06329113924050633
v -1.075713740325132 0.718768941801521 0.06329113924050633
v -1.140985560876082 0.6098694882473262 0.06329113924050633
v -1.195269066749643 0.4950966581327345 0.06329113924050633
v -1.238041478109868 0.3755557765529606 0.06329113924050633
v -1.26889087325358 0.2523980875453116 0.06329113924050633
v -1.287520155641551 0.1268096669797712 0.06329113924050633
v -1.293749915100582 1.584386692425088e-16 0.06329113924050633
v -1.287520155641551 -0.1268096669797709 0.06329113924050633
v -1.26889087325358 -0.2523980875453113 0.06329113924050633
v -1.238041478109868 -0.3755557765529603 0.06329113924050633
v -1.195269066749643 -0.4950966581327342 0.06329113924050633
v -1.140985560876082 -0.609869488247326 0.06329113924050633
v -1.075713740325132 -0.7187689418015207 0.06329113924050633
v -1.000082208409904 -0.8207462575270956 0.06329113924050633
v -0.914819338127142 -0.9148193381271418 0.06329113924050633
v -0.8207462575270963 -1.000082208409903 0.06329113924050633
v -0.718768941801521 -1.075713740325132 0.06329113924050633
v -0.6098694882473263 -1.140985560876082 0.06329113924050633
v -0.495096658132735 -1.195269066749643 0.06329113924050633
v -0.3755557765529607 -1.238041478109868 0.06329113924050633
v -0.2523980875453117 -1.26889087325358 0.06329113924050633
v -0.1268096669797707 -1.287520155641551 0.06329113924050633
v -2.376580038637632e-16 -1.293749915100582 0.06329113924050633
v 0.1268096669797702 -1.287520155641551 0.06329113924050633
v 0.2523980875453112 -1.26889087325358 0.06329113924050633
v 0.3755557765529602 -1.238041478109868 0.06329113924050633
v 0.4950966581327346 -1.195269066749643 0.06329113924050633
v 0.6098694882473259 -1.140985560876082 0.06329113924050633
v 0.7187689418015206 -1.075713740325132 0.06329113924050633
v 0.8207462575270961 -1.000082208409903 0.06329113924050633
v 0.9148193381271417 -0.914819338127142 0.06329113924050633
v 1.000082208409903 -0.8207462575270965 0.06329113924050633
v 1.075713740325132 -0.718768941801521 0.06329113924050633
v 1.140985560876082 -0.6098694882473263 0.06329113924050633
v 1.195269066749643 -0.4950966581327351 0.06329113924050633
v 1.238041478109868 -0.3755557765529608 0.06329113924050633
v 1.26889087325358 -0.2523980875453118 0.06329113924050633
v 1.287520155641551 -0.1268096669797708 0.06329113924050633
v 1.287657388603491 0 0.1265822784810127
v 1.2814569663248 0.1262124949551439 0.1265822784810127
v 1.262915412944766 0.2512094945891017 0.1265822784810127
v 1.232211293758283 0.373787209465088 0.1265822784810127
v 1.189640306217697 0.492765149181052 0.1265822784810127
v 1.135612432204691 0.606997491137571 0.1265822784810127
v 1.070647989680652 0.7153841154358537 0.1265822784810127
v 0.9953726217402622 0.8168811996337518 0.1265822784810127
v 0.9105112713264897 0.9105112713264895 0.1265822784810127
v 0.8168811996337518 0.9953726217402622 0.1265822784810127
v 0.7153841154358538 1.070647989680652 0.1265822784810127
v 0.6069974911375712 1.135612432204691 0.1265822784810127
v 0.4927651491810521 1.189640306217697 0.1265822784810127
v 0.373787209465088 1.232211293758283 0.1265822784810127
v 0.2512094945891019 1.262915412944766 0.1265822784810127
v 0.1262124949551441 1.281456966324799 0.1265822784810127
v 7.884627496758521e-17 1.287657388603491 0.1265822784810127
v -0.1262124949551439 1.2814569663248 0.1265822784810127
v -0.2512094945891017 1.262915412944766 0.1265822784810127
v -0.3737872094650878 1.232211293758284 0.1265822784810127
v -0.4927651491810519 1.189640306217697 0.1265822784810127
v -0.6069974911375711 1.135612432204691 0.1265822784810127
v -0.7153841154358533 1.070647989680652 0.1265822784810127
v -0.8168811996337517 0.9953726217402624 0.1265822784810127
v -0.9105112713264895 0.9105112713264897 0.1265822784810127
v -0.9953726217402622 0.8168811996337518 0.1265822784810127
v -1.070647989680652 0.7153841154358537 0.1265822784810127
v -1.135612432204691 0.6069974911375713 0.1265822784810127
v -1.189640306217697 0.4927651491810521 0.1265822784810127
v -1.232211293758283 0.3737872094650881 0.1265822784810127
v -1.262915412944766 0.2512094945891022 0.1265822784810127
v -1.281456966324799 0.1262124949551442 0.1265822784810127
v -1.287657388603491 1.576925499351704e-16 0.1265822784810127
v -1.2814569663248 -0.1262124949551439 0.1265822784810127
v -1.262915412944766 -0.2512094945891019 0.1265822784810127
v -1.232211293758284 -0.3737872094650878 0.1265822784810127
v -1.189640306217697 -0.4927651491810519 0.1265822784810127
v -1.135612432204691 -0.606997491137571 0.1265822784810127
v -1.070647989680652 -0.7153841154358533 0.1265822784810127
v -0.9953726217402624 -0.8168811996337516 0.1265822784810127
v -0.9105112713264898 -0.9105112713264895 0.1265822784810127
v -0.8168811996337523 -0.9953726217402618 0.1265822784810127
v -0.7153841154358537 -1.070647989680652 0.1265822784810127
v -0.6069974911375714 -1.135612432204691 0.1265822784810127
v -0.4927651491810527 -1.189640306217697 0.1265822784810127
v -0.3737872094650882 -1.232211293758283 0.1265822784810127
v -0.2512094945891023 -1.262915412944766 0.1265822784810127
v -0.1262124949551437 -1.2814569663248 0.1265822784810127
v -2.365388249027556e-16 -1.287657388603491 0.1265822784810127
v 0.1262124949551432 -1.2814569663248 0.1265822784810127
v 0.2512094945891019 -1.262915412944766 0.1265822784810127
v 0.3737872094650877 -1.232211293758284 0.1265822784810127
v 0.4927651491810523 -1.189640306217697 0.1265822784810127
v 0.606997491137571 -1.135612432204691 0.1265822784810127
v 0.7153841154358532 -1.070647989680652 0.1265822784810127
v 0.8168811996337521 -0.9953726217402621 0.1265822784810127
v 0.9105112713264893 -0.9105112713264898 0.1265822784810127
v 0.9953726217402618 -0.8168811996337524 0.1265822784810127
v 1.070647989680652 -0.7153841154358537 0.1265822784810127
v 1.135612432204691 -0.6069974911375714 0.1265822784810127
v 1.189640306217697 -0.4927651491810528 0.1265822784810127
v 1.232211293758283 -0.3737872094650883 0.1265822784810127
v 1.262915412944766 -0.2512094945891024 0.1265822784810127
v 1.2814569663248 -0.1262124949551438 0.1265822784810127
v 1.281720924726838 0 0.189873417721519
v 1.275549088144313 0.1256306197422846 0.189873417721519
v 1.257093016556899 0.2500513479397685 0.189873417721519
v 1.226530452023097 0.3720639449646211 0.189873417721519
v 1.184155728746565 0.4904933628086232 0.189873417721519
v 1.130376938476836 0.6041990614378314 0.189873417721519
v 1.065712000362683 0.7120859928165892 0.189873417721519
v 0.9907836731075993 0.8131151468187232 0.189873417721519
v 0.9063135574630394 0.9063135574630393 0.189873417721519
v 0.8131151468187232 0.9907836731075993 0.189873417721519
v 0.7120859928165894 1.065712000362683 0.189873417721519
v 0.6041990614378316 1.130376938476835 0.189873417721519
v 0.4904933628086232 1.184155728746565 0.189873417721519
v 0.3720639449646211 1.226530452023097 0.189873417721519
v 0.2500513479397686 1.257093016556899 0.189873417721519
v 0.1256306197422848 1.275549088144313 0.189873417721519
v 7.848277139334537e-17 1.281720924726838 0.189873417721519
v -0.1256306197422847 1.275549088144313 0.189873417721519
v -0.2500513479397684 1.257093016556899 0.189873417721519
v -0.3720639449646209 1.226530452023097 0.189873417721519
v -0.490493362808623 1.184155728746565 0.189873417721519
v -0.6041990614378315 1.130376938476836 0.189873417721519
v -0.7120859928165889 1.065712000362684 0.189873417721519
v -0.8131151468187231 0.9907836731075995 0.189873417721519
v -0.9063135574630393 0.9063135574630394 0.189873417721519
v -0.9907836731075993 0.8131151468187232 0.189873417721519
v -1.065712000362684 0.7120859928165892 0.189873417721519
v -1.130376938476835 0.6041990614378318 0.189873417721519
v -1.184155728746565 0.4904933628086233 0.189873417721519
v -1.226530452023097 0.3720639449646212 0.189873417721519
v -1.257093016556899 0.2500513479397689 0.189873417721519
v -1.275549088144313 0.1256306197422849 0.189873417721519
v -1.281720924726838 1.569655427866907e-16 0.189873417721519
v -1.275549088144313 -0.1256306197422846 0.189873417721519
v -1.257093016556899 -0.2500513479397686 0.189873417721519
v -1.226530452023097 -0.3720639449646208 0.189873417721519
v -1.184155728746565 -0.490493362808623 0.189873417721519
v -1.130376938476836 -0.6041990614378314 0.189873417721519
v -1.065712000362684 -0.7120859928165889 0.189873417721519
v -0.9907836731075995 -0.813115146818723 0.189873417721519
v -0.9063135574630397 -0.9063135574630393 0.189873417721519
v -0.8131151468187237 -0.990783673107599 0.189873417721519
v -0.7120859928165892 -1.065712000362683 0.189873417721519
v -0.6041990614378319 -1.130376938476835 0.189873417721519
v -0.4904933628086239 -1.184155728746565 0.189873417721519
v -0.3720639449646213 -1.226530452023097 0.189873417721519
v -0.250051347939769 -1.257093016556899 0.189873417721519
v -0.1256306197422845 -1.275549088144313 0.189873417721519
v -2.354483141800361e-16 -1.281720924726838 0.189873417721519
v 0.125630619742284 -1.275549088144313 0.189873417721519
v 0.2500513479397685 -1.257093016556899 0.189873417721519
v 0.3720639449646208 -1.226530452023097 0.189873417721519
v 0.4904933628086234 -1.184155728746565 0.189873417721519
v 0.6041990614378314 -1.130376938476836 0.189873417721519
v 0.7120859928165888 -1.065712000362684 0.189873417721519
v 0.8131151468187234 -0.9907836731075992 0.189873417721519
v 0.9063135574630392 -0.9063135574630397 0.189873417721519
v 0.990783673107599 -0.8131151468187238 0.189873417721519
v 1.065712000362683 -0.7120859928165892 0.189873417721519
v 1.130376938476835 -0.6041990614378319 0.189873417721519
v 1.184155728746565 -0.4904933628086239 0.189873417721519
v 1.226530452023097 -0.3720639449646213 0.189873417721519
v 1.257093016556899 -0.2500513479397691 0.189873417721519
v 1.275549088144313 -0.1256306197422845 0.189873417721519
v 1.275938041010603 0 0.2531645569620253
v 1.269794050593795 0.1250637980175609 0.2531645569620253
v 1.251421249329733 0.2489231632933863 0.2531645569620253
v 1.220996577338183 0.3703852624314538 0.2531645569620253
v 1.178813040842243 0.4882803490191261 0.2531645569620253
v 1.125276890358234 0.6014730289245541 0.2531645569620253
v 1.060903708281155 0.7088731947628353 0.2531645569620253
v 0.9863134435443685 0.8094465242260445 0.2531645569620253
v 0.9022244411724765 0.9022244411724762 0.2531645569620253
v 0.8094465242260445 0.9863134435443685 0.2531645569620253
v 0.7088731947628354 1.060903708281155 0.2531645569620253
v 0.6014730289245542 1.125276890358234 0.2531645569620253
v 0.4882803490191262 1.178813040842243 0.2531645569620253
v 0.3703852624314538 1.220996577338183 0.2531645569620253
v 0.2489231632933864 1.251421249329733 0.2531645569620253
v 0.1250637980175611 1.269794050593795 0.2531645569620253
v 7.812867189169894e-17 1.275938041010603 0.2531645569620253
v -0.125063798017561 1.269794050593795 0.2531645569620253
v -0.2489231632933863 1.251421249329733 0.2531645569620253
v -0.3703852624314535 1.220996577338183 0.2531645569620253
v -0.488280349019126 1.178813040842243 0.2531645569620253
v -0.6014730289245541 1.125276890358234 0.2531645569620253
v -0.7088731947628349 1.060903708281155 0.2531645569620253
v -0.8094465242260442 0.9863134435443687 0.2531645569620253
v -0.9022244411724762 0.9022244411724765 0.2531645569620253
v -0.9863134435443685 0.8094465242260445 0.2531645569620253
v -1.060903708281155 0.7088731947628353 0.2531645569620253
v -1.125276890358234 0.6014730289245543 0.2531645569620253
v -1.178813040842243 0.4882803490191263 0.2531645569620253
v -1.220996577338183 0.3703852624314538 0.2531645569620253
v -1.251421249329733 0.2489231632933868 0.2531645569620253
v -1.269794050593795 0.1250637980175612 0.2531645569620253
v -1.275938041010603 1.562573437833979e-16 0.2531645569620253
v -1.269794050593795 -0.1250637980175609 0.2531645569620253
v -1.251421249329733 -0.2489231632933865 0.2531645569620253
v -1.220996577338183 -0.3703852624314534 0.2531645569620253
v -1.178813040842243 -0.488280349019126 0.2531645569620253
v -1.125276890358234 -0.6014730289245541 0.2531645569620253
v -1.060903708281155 -0.7088731947628349 0.2531645569620253
v -0.9863134435443687 -0.8094465242260441 0.2531645569620253
v -0.9022244411724766 -0.9022244411724762 0.2531645569620253
v -0.8094465242260449 -0.9863134435443681 0.2531645569620253
v -0.7088731947628353 -1.060903708281155 0.2531645569620253
v -0.6014730289245545 -1.125276890358234 0.2531645569620253
v -0.4882803490191269 -1.178813040842242 0.2531645569620253
v -0.3703852624314539 -1.220996577338183 0.2531645569620253
v -0.2489231632933869 -1.251421249329732 0.2531645569620253
v -0.1250637980175607 -1.269794050593795 0.2531645569620253
v -2.343860156750968e-16 -1.275938041010603 0.2531645569620253
v 0.1250637980175602 -1.269794050593795 0.2531645569620253
v 0.2489231632933864 -1.251421249329733 0.2531645569620253
v 0.3703852624314534 -1.220996577338183 0.2531645569620253
v 0.4882803490191264 -1.178813040842243 0.2531645569620253
v 0.601473028924554 -1.125276890358234 0.2531645569620253
v 0.7088731947628348 -1.060903708281155 0.2531645569620253
v 0.8094465242260446 -0.9863134435443683 0.2531645569620253
v 0.9022244411724761 -0.9022244411724766 0.2531645569620253
v 0.9863134435443681 -0.809446524226045 0.2531645569620253
v 1.060903708281155 -0.7088731947628353 0.2531645569620253
v 1.125276890358234 -0.6014730289245545 0.2531645569620253
v 1.178813040842242 -0.4882803490191269 0.2531645569620253
v 1.220996577338183 -0.3703852624314539 0.2531645569620253
v 1.251421249329732 -0.2489231632933869 0.2531645569620253
v 1.269794050593795 -0.1250637980175608 0.2531645569620253
v 1.270305284011542 0 0.3164556962025317
v 1.264188416859274 0.1245116912843416 0.3164556962025317
v 1.245896724176965 0.2478242669166009 0.3164556962025317
v 1.215606364964404 0.3687501593839285 0.3164556962025317
v 1.173609051939201 0.486124786237047 0.3164556962025317
v 1.120309242183855 0.598817765655863 0.3164556962025317
v 1.056220242002951 0.7057438026443242 0.3164556962025317
v 0.9819592635028423 0.8058731410145145 0.3164556962025317
v 0.8982414805016645 0.8982414805016643 0.3164556962025317
v 0.8058731410145145 0.9819592635028423 0.3164556962025317
v 0.7057438026443243 1.056220242002951 0.3164556962025317
v 0.5988177656558632 1.120309242183855 0.3164556962025317
v 0.4861247862370471 1.173609051939201 0.3164556962025317
v 0.3687501593839285 1.215606364964404 0.3164556962025317
v 0.2478242669166011 1.245896724176965 0.3164556962025317
v 0.1245116912843418 1.264188416859274 0.3164556962025317
v 7.778376500023521e-17 1.270305284011542 0.3164556962025317
v -0.1245116912843417 1.264188416859274 0.3164556962025317
v -0.2478242669166009 1.245896724176965 0.3164556962025317
v -0.3687501593839283 1.215606364964404 0.3164556962025317
v -0.486124786237047 1.173609051939201 0.3164556962025317
v -0.5988177656558631 1.120309242183855 0.3164556962025317
v -0.7057438026443239 1.056220242002951 0.3164556962025317
v -0.8058731410145143 0.9819592635028425 0.3164556962025317
v -0.8982414805016643 0.8982414805016645 0.3164556962025317
v -0.9819592635028423 0.8058731410145145 0.3164556962025317
v -1.056220242002951 0.7057438026443242 0.3164556962025317
v -1.120309242183855 0.5988177656558633 0.3164556962025317
v -1.173609051939201 0.4861247862370472 0.3164556962025317
v -1.215606364964404 0.3687501593839286 0.3164556962025317
v -1.245896724176965 0.2478242669166014 0.3164556962025317
v -1.264188416859274 0.1245116912843419 0.3164556962025317
v -1.270305284011542 1.555675300004704e-16 0.3164556962025317
v -1.264188416859274 -0.1245116912843416 0.3164556962025317
v -1.245896724176965 -0.2478242669166011 0.3164556962025317
v -1.215606364964404 -0.3687501593839282 0.3164556962025317
v -1.173609051939201 -0.4861247862370469 0.3164556962025317
v -1.120309242183855 -0.598817765655863 0.3164556962025317
v -1.056220242002952 -0.7057438026443239 0.3164556962025317
v -0.9819592635028425 -0.8058731410145141 0.3164556962025317
v -0.8982414805016646 -0.8982414805016643 0.3164556962025317
v -0.8058731410145149 -0.9819592635028419 0.3164556962025317
v -0.7057438026443242 -1.056220242002951 0.3164556962025317
v -0.5988177656558633 -1.120309242183855 0.3164556962025317
v -0.4861247862370477 -1.1736090519392 0.3164556962025317
v -0.3687501593839287 -1.215606364964404 0.3164556962025317
v -0.2478242669166015 -1.245896724176965 0.3164556962025317
v -0.1245116912843414 -1.264188416859274 0.3164556962025317
v -2.333512950007056e-16 -1.270305284011542 0.3164556962025317
v 0.124511691284341 -1.264188416859274 0.3164556962025317
v 0.247824266916601 -1.245896724176965 0.3164556962025317
v 0.3687501593839282 -1.215606364964404 0.3164556962025317
v 0.4861247862370473 -1.1736090519392 0.3164556962025317
v 0.5988177656558629 -1.120309242183855 0.3164556962025317
v 0.7057438026443238 -1.056220242002952 0.3164556962025317
v 0.8058731410145146 -0.9819592635028422 0.3164556962025317
v 0.8982414805016642 -0.8982414805016646 0.3164556962025317
v 0.9819592635028419 -0.805873141014515 0.3164556962025317
v 1.056220242002951 -0.7057438026443242 0.3164556962025317
v 1.120309242183855 -0.5988177656558634 0.3164556962025317
v 1.1736090519392 -0.4861247862370478 0.3164556962025317
v 1.215606364964404 -0.3687501593839287 0.3164556962025317
v 1.245896724176965 -0.2478242669166016 0.3164556962025317
v 1.264188416859274 -0.1245116912843415 0.3164556962025317
v 1.264818251136968 0 0.379746835443038
v 1.25872780554775 0.1239738680130816 0.379746835443038
v 1.240515123100495 0.2467537999061873 0.379746835443038
v 1.210355601883236 0.3671573578168483 0.379746835443038
v 1.168539694572165 0.4840249896631051 0.379746835443038
v 1.11547011121359 0.596231196263932 0.379746835443038
v 1.051657940906038 0.7026953705116111 0.379746835443038
v 0.9777177297328519 0.8023922042088998 0.379746835443038
v 0.8943615623474599 0.8943615623474598 0.379746835443038
v 0.8023922042088998 0.9777177297328519 0.379746835443038
v 0.7026953705116112 1.051657940906038 0.379746835443038
v 0.5962311962639322 1.11547011121359 0.379746835443038
v 0.4840249896631051 1.168539694572165 0.379746835443038
v 0.3671573578168483 1.210355601883236 0.379746835443038
v 0.2467537999061874 1.240515123100495 0.379746835443038
v 0.1239738680130818 1.25872780554775 0.379746835443038
v 7.744778113790205e-17 1.264818251136968 0.379746835443038
v -0.1239738680130817 1.25872780554775 0.379746835443038
v -0.2467537999061872 1.240515123100495 0.379746835443038
v -0.3671573578168481 1.210355601883236 0.379746835443038
v -0.484024989663105 1.168539694572165 0.379746835443038
v -0.5962311962639321 1.11547011121359 0.379746835443038
v -0.7026953705116108 1.051657940906038 0.379746835443038
v -0.8023922042088996 0.977717729732852 0.379746835443038
v -0.8943615623474598 0.8943615623474599 0.379746835443038
v -0.9777177297328519 0.8023922042088998 0.379746835443038
v -1.051657940906038 0.7026953705116111 0.379746835443038
v -1.11547011121359 0.5962311962639323 0.379746835443038
v -1.168539694572165 0.4840249896631052 0.379746835443038
v -1.210355601883236 0.3671573578168483 0.379746835443038
v -1.240515123100495 0.2467537999061877 0.379746835443038
v -1.25872780554775 0.1239738680130819 0.379746835443038
v -1.264818251136968 1.548955622758041e-16 0.379746835443038
v -1.25872780554775 -0.1239738680130816 0.379746835443038
v -1.240515123100495 -0.2467537999061874 0.379746835443038
v -1.210355601883236 -0.367157357816848 0.379746835443038
v -1.168539694572166 -0.4840249896631049 0.379746835443038
v -1.11547011121359 -0.596231196263932 0.379746835443038
v -1.051657940906038 -0.7026953705116108 0.379746835443038
v -0.977717729732852 -0.8023922042088995 0.379746835443038
v -0.89436156234746 -0.8943615623474598 0.379746835443038
v -0.8023922042089001 -0.9777177297328514 0.379746835443038
v -0.7026953705116111 -1.051657940906038 0.379746835443038
v -0.5962311962639323 -1.11547011121359 0.379746835443038
v -0.4840249896631058 -1.168539694572165 0.379746835443038
v -0.3671573578168484 -1.210355601883236 0.379746835443038
v -0.2467537999061878 -1.240515123100495 0.379746835443038
v -0.1239738680130814 -1.25872780554775 0.379746835443038
v -2.323433434137062e-16 -1.264818251136968 0.379746835443038
v 0.123973868013081 -1.25872780554775 0.379746835443038
v 0.2467537999061873 -1.240515123100495 0.379746835443038
v 0.3671573578168479 -1.210355601883236 0.379746835443038
v 0.4840249896631054 -1.168539694572165 0.379746835443038
v 0.5962311962639318 -1.11547011121359 0.379746835443038
v 0.7026953705116107 -1.051657940906038 0.379746835443038
v 0.8023922042088999 -0.9777177297328518 0.379746835443038
v 0.8943615623474596 -0.89436156234746 0.379746835443038
v 0.9777177297328514 -0.8023922042089003 0.379746835443038
v 1.051657940906038 -0.7026953705116111 0.379746835443038
v 1.11547011121359 -0.5962311962639324 0.379746835443038
v 1.168539694572165 -0.4840249896631059 0.379746835443038
v 1.210355601883236 -0.3671573578168485 0.379746835443038
v 1.240515123100495 -0.2467537999061879 0.379746835443038
v 1.25872780554775 -0.1239738680130815 0.379746835443038
v 1.259471618479362 0 0.4430379746835443
v 1.253406918387773 0.1234498063695904 0.4430379746835443
v 1.235271224490191 0.2457107236193129 0.4430379746835443
v 1.205239193432829 0.3656053122814368 0.4430379746835443
v 1.163600050091946 0.4819789219260969 0.4430379746835443
v 1.110754802180188 0.5937108110761289 0.4430379746835443
v 1.047212378323094 0.6997249405601543 0.4430379746835443
v 0.9735847267982314 0.799000336358024 0.4430379746835443
v 0.8905809221387528 0.8905809221387526 0.4430379746835443
v 0.799000336358024 0.9735847267982314 0.4430379746835443
v 0.6997249405601546 1.047212378323094 0.4430379746835443
v 0.5937108110761291 1.110754802180187 0.4430379746835443
v 0.481978921926097 1.163600050091946 0.4430379746835443
v 0.3656053122814368 1.205239193432829 0.4430379746835443
v 0.245710723619313 1.235271224490191 0.4430379746835443
v 0.1234498063695906 1.253406918387773 0.4430379746835443
v 7.712039430938432e-17 1.259471618479362 0.4430379746835443
v -0.1234498063695904 1.253406918387773 0.4430379746835443
v -0.2457107236193128 1.235271224490191 0.4430379746835443
v -0.3656053122814366 1.205239193432829 0.4430379746835443
v -0.4819789219260968 1.163600050091946 0.4430379746835443
v -0.593710811076129 1.110754802180188 0.4430379746835443
v -0.6997249405601541 1.047212378323094 0.4430379746835443
v -0.7990003363580239 0.9735847267982315 0.4430379746835443
v -0.8905809221387526 0.8905809221387528 0.4430379746835443
v -0.9735847267982314 0.799000336358024 0.4430379746835443
v -1.047212378323094 0.6997249405601543 0.4430379746835443
v -1.110754802180187 0.5937108110761292 0.4430379746835443
v -1.163600050091946 0.481978921926097 0.4430379746835443
v -1.205239193432829 0.3656053122814368 0.4430379746835443
v -1.235271224490191 0.2457107236193133 0.4430379746835443
v -1.253406918387773 0.1234498063695907 0.4430379746835443
v -1.259471618479362 1.542407886187686e-16 0.4430379746835443
v -1.253406918387773 -0.1234498063695904 0.4430379746835443
v -1.235271224490191 -0.245710723619313 0.4430379746835443
v -1.205239193432829 -0.3656053122814365 0.4430379746835443
v -1.163600050091946 -0.4819789219260968 0.4430379746835443
v -1.110754802180188 -0.5937108110761289 0.4430379746835443
v -1.047212378323094 -0.6997249405601541 0.4430379746835443
v -0.9735847267982315 -0.7990003363580238 0.4430379746835443
v -0.890580922138753 -0.8905809221387526 0.4430379746835443
v -0.7990003363580245 -0.9735847267982309 0.4430379746835443
v -0.6997249405601543 -1.047212378323094 0.4430379746835443
v -0.5937108110761292 -1.110754802180187 0.4430379746835443
v -0.4819789219260976 -1.163600050091946 0.4430379746835443
v -0.3656053122814369 -1.205239193432829 0.4430379746835443
v -0.2457107236193134 -1.235271224490191 0.4430379746835443
v -0.1234498063695902 -1.253406918387773 0.4430379746835443
v -2.313611829281529e-16 -1.259471618479362 0.4430379746835443
v 0.1234498063695897 -1.253406918387773 0.4430379746835443
v 0.2457107236193129 -1.235271224490191 0.4430379746835443
v 0.3656053122814364 -1.205239193432829 0.4430379746835443
v 0.4819789219260972 -1.163600050091946 0.4430379746835443
v 0.5937108110761288 -1.110754802180188 0.4430379746835443
v 0.699724940560154 -1.047212378323094 0.4430379746835443
v 0.7990003363580243 -0.9735847267982313 0.4430379746835443
v 0.8905809221387525 -0.890580922138753 0.4430379746835443
v 0.9735847267982309 -0.7990003363580246 0.4430379746835443
v 1.047212378323094 -0.6997249405601543 0.4430379746835443
v 1.110754802180187 -0.5937108110761293 0.4430379746835443
v 1.163600050091946 -0.4819789219260976 0.4430379746835443
v 1.205239193432829 -0.365605312281437 0.4430379746835443
v 1.235271224490191 -0.2457107236193135 0.4430379746835443
v 1.253406918387773 -0.1234498063695903 0.4430379746835443
v 1.254259174475826 0 0.5063291139240507
v 1.24821957372682 0.1229388975142359 0.5063291139240507
v 1.230158936136597 0.2446938262401721 0.5063291139240507
v 1.2002511955181 0.3640922196561635 0.5063291139240507
v 1.158784379762718 0.479984205963813 0.5063291139240507
v 1.106157836974244 0.5912536819819739 0.5063291139240507
v 1.042878389528325 0.6968290618305084 0.5063291139240507
v 0.9695554530959304 0.7956935968881019 0.5063291139240507
v 0.8868951676372976 0.8868951676372974 0.5063291139240507
v 0.7956935968881019 0.9695554530959304 0.5063291139240507
v 0.6968290618305085 1.042878389528325 0.5063291139240507
v 0.5912536819819741 1.106157836974244 0.5063291139240507
v 0.4799842059638131 1.158784379762718 0.5063291139240507
v 0.3640922196561635 1.2002511955181 0.5063291139240507
v 0.2446938262401721 1.230158936136597 0.5063291139240507
v 0.1229388975142361 1.24821957372682 0.5063291139240507
v 7.680122416615108e-17 1.254259174475826 0.5063291139240507
v -0.1229388975142359 1.24821957372682 0.5063291139240507
v -0.244693826240172 1.230158936136597 0.5063291139240507
v -0.3640922196561632 1.2002511955181 0.5063291139240507
v -0.479984205963813 1.158784379762718 0.5063291139240507
v -0.591253681981974 1.106157836974244 0.5063291139240507
v -0.6968290618305081 1.042878389528326 0.5063291139240507
v -0.7956935968881018 0.9695554530959305 0.5063291139240507
v -0.8868951676372974 0.8868951676372976 0.5063291139240507
v -0.9695554530959304 0.7956935968881019 0.5063291139240507
v -1.042878389528326 0.6968290618305084 0.5063291139240507
v -1.106157836974244 0.5912536819819741 0.5063291139240507
v -1.158784379762718 0.4799842059638132 0.5063291139240507
v -1.2002511955181 0.3640922196561635 0.5063291139240507
v -1.230158936136597 0.2446938262401725 0.5063291139240507
v -1.24821957372682 0.1229388975142361 0.5063291139240507
v -1.254259174475826 1.536024483323022e-16 0.5063291139240507
v -1.24821957372682 -0.1229388975142358 0.5063291139240507
v -1.230158936136597 -0.2446938262401722 0.5063291139240507
v -1.2002511955181 -0.3640922196561632 0.5063291139240507
v -1.158784379762718 -0.4799842059638129 0.5063291139240507
v -1.106157836974244 -0.5912536819819739 0.5063291139240507
v -1.042878389528326 -0.6968290618305081 0.5063291139240507
v -0.9695554530959305 -0.7956935968881017 0.5063291139240507
v -0.8868951676372977 -0.8868951676372974 0.5063291139240507
v -0.7956935968881024 -0.9695554530959299 0.5063291139240507
v -0.6968290618305084 -1.042878389528325 0.5063291139240507
v -0.5912536819819743 -1.106157836974244 0.5063291139240507
v -0.4799842059638137 -1.158784379762718 0.5063291139240507
v -0.3640922196561636 -1.2002511955181 0.5063291139240507
v -0.2446938262401726 -1.230158936136597 0.5063291139240507
v -0.1229388975142357 -1.24821957372682 0.5063291139240507
v -2.304036724984532e-16 -1.254259174475826 0.5063291139240507
v 0.1229388975142352 -1.24821957372682 0.5063291139240507
v 0.2446938262401721 -1.230158936136597 0.5063291139240507
v 0.3640922196561631 -1.2002511955181 0.5063291139240507
v 0.4799842059638133 -1.158784379762718 0.5063291139240507
v 0.5912536819819738 -1.106157836974244 0.5063291139240507
v 0.696829061830508 -1.042878389528326 0.5063291139240507
v 0.7956935968881022 -0.9695554530959302 0.5063291139240507
v 0.8868951676372973 -0.8868951676372977 0.5063291139240507
v 0.9695554530959299 -0.7956935968881025 0.5063291139240507
v 1.042878389528325 -0.6968290618305084 0.5063291139240507
v 1.106157836974244 -0.5912536819819744 0.5063291139240507
v 1.158784379762718 -0.4799842059638138 0.5063291139240507
v 1.2002511955181 -0.3640922196561637 0.5063291139240507
v 1.230158936136597 -0.2446938262401726 0.5063291139240507
v 1.24821957372682 -0.1229388975142357 0.5063291139240507
v 1.249173859179588 0 0.569620253164557
v 1.243158745613692 0.1224404494512245 0.569620253164557
v 1.225171333747838 0.2437017304414756 0.569620253164557
v 1.195384852191214 0.362616030546658 0.569620253164557
v 1.154086161044158 0.4780381400515902 0.569620253164557
v 1.101672989278577 0.5888564809455963 0.569620253164557
v 1.038650104390527 0.6940038120263997 0.569620253164557
v 0.9656244512132934 0.7924675070163143 0.569620253164557
v 0.8832993067068564 0.8832993067068563 0.569620253164557
v 0.7924675070163143 0.9656244512132934 0.569620253164557
v 0.6940038120263998 1.038650104390527 0.569620253164557
v 0.5888564809455965 1.101672989278577 0.569620253164557
v 0.4780381400515903 1.154086161044158 0.569620253164557
v 0.362616030546658 1.195384852191214 0.569620253164557
v 0.2437017304414757 1.225171333747838 0.569620253164557
v 0.1224404494512247 1.243158745613692 0.569620253164557
v 7.648983841114147e-17 1.249173859179588 0.569620253164557
v -0.1224404494512246 1.243158745613692 0.569620253164557
v -0.2437017304414755 1.225171333747838 0.569620253164557
v -0.3626160305466578 1.195384852191214 0.569620253164557
v -0.4780381400515902 1.154086161044158 0.569620253164557
v -0.5888564809455964 1.101672989278577 0.569620253164557
v -0.6940038120263994 1.038650104390527 0.569620253164557
v -0.7924675070163142 0.9656244512132935 0.569620253164557
v -0.8832993067068563 0.8832993067068564 0.569620253164557
v -0.9656244512132934 0.7924675070163143 0.569620253164557
v -1.038650104390527 0.6940038120263997 0.569620253164557
v -1.101672989278577 0.5888564809455966 0.569620253164557
v -1.154086161044158 0.4780381400515903 0.569620253164557
v -1.195384852191214 0.3626160305466581 0.569620253164557
v -1.225171333747838 0.243701730441476 0.569620253164557
v -1.243158745613692 0.1224404494512248 0.569620253164557
v -1.249173859179588 1.529796768222829e-16 0.569620253164557
v -1.243158745613692 -0.1224404494512245 0.569620253164557
v -1.225171333747838 -0.2437017304414757 0.569620253164557
v -1.195384852191214 -0.3626160305466578 0.569620253164557
v -1.154086161044158 -0.4780381400515901 0.569620253164557
v -1.101672989278577 -0.5888564809455963 0.569620253164557
v -1.038650104390527 -0.6940038120263994 0.569620253164557
v -0.9656244512132935 -0.7924675070163141 0.569620253164557
v -0.8832993067068566 -0.8832993067068563 0.569620253164557
v -0.7924675070163147 -0.965624451213293 0.569620253164557
v -0.6940038120263997 -1.038650104390527 0.569620253164557
v -0.5888564809455966 -1.101672989278577 0.569620253164557
v -0.4780381400515909 -1.154086161044158 0.569620253164557
v -0.3626160305466581 -1.195384852191214 0.569620253164557
v -0.2437017304414761 -1.225171333747838 0.569620253164557
v -0.1224404494512243 -1.243158745613692 0.569620253164557
v -2.294695152334244e-16 -1.249173859179588 0.569620253164557
v 0.1224404494512239 -1.243158745613692 0.569620253164557
v 0.2437017304414756 -1.225171333747838 0.569620253164557
v 0.3626160305466576 -1.195384852191214 0.569620253164557
v 0.4780381400515905 -1.154086161044158 0.569620253164557
v 0.5888564809455962 -1.101672989278577 0.569620253164557
v 0.6940038120263993 -1.038650104390527 0.569620253164557
v 0.7924675070163145 -0.9656244512132933 0.569620253164557
v 0.8832993067068562 -0.8832993067068566 0.569620253164557
v 0.965624451213293 -0.7924675070163149 0.569620253164557
v 1.038650104390527 -0.6940038120263997 0.569620253164557
v 1.101672989278576 -0.5888564809455967 0.569620253164557
v 1.154086161044158 -0.478038140051591 0.569620253164557
v 1.195384852191214 -0.3626160305466582 0.569620253164557
v 1.225171333747838 -0.2437017304414761 0.569620253164557
v 1.243158745613692 -0.1224404494512244 0.569620253164557
v 1.244207808895258 0 0.6329113924050633
v 1.238216608218841 0.1219536914036216 0.6329113924050633
v 1.220300704727225 0.2427329020923573 0.6329113924050633
v 1.190632638364864 0.3611744622426418 0.6329113924050633
v 1.149498128829044 0.4761377148834851 0.6329113924050633
v 1.097293323933002 0.5865155010466492 0.6329113924050633
v 1.03452098448594 0.6912448223127472 0.6329113924050633
v 0.9617856424315812 0.7893170780671163 0.6329113924050633
v 0.8797877788750931 0.879787778875093 0.6329113924050633
v 0.7893170780671163 0.9617856424315812 0.6329113924050633
v 0.6912448223127474 1.03452098448594 0.6329113924050633
v 0.5865155010466494 1.097293323933002 0.6329113924050633
v 0.4761377148834852 1.149498128829044 0.6329113924050633
v 0.3611744622426418 1.190632638364864 0.6329113924050633
v 0.2427329020923574 1.220300704727225 0.6329113924050633
v 0.1219536914036218 1.23821660821884 0.6329113924050633
v 7.618575553188599e-17 1.244207808895258 0.6329113924050633
v -0.1219536914036217 1.238216608218841 0.6329113924050633
v -0.2427329020923572 1.220300704727225 0.6329113924050633
v -0.3611744622426415 1.190632638364864 0.6329113924050633
v -0.476137714883485 1.149498128829044 0.6329113924050633
v -0.5865155010466493 1.097293323933002 0.6329113924050633
v -0.691244822312747 1.03452098448594 0.6329113924050633
v -0.7893170780671162 0.9617856424315813 0.6329113924050633
v -0.879787778875093 0.8797877788750931 0.6329113924050633
v -0.9617856424315812 0.7893170780671163 0.6329113924050633
v -1.03452098448594 0.6912448223127472 0.6329113924050633
v -1.097293323933002 0.5865155010466495 0.6329113924050633
v -1.149498128829044 0.4761377148834852 0.6329113924050633
v -1.190632638364864 0.3611744622426418 0.6329113924050633
v -1.220300704727225 0.2427329020923577 0.6329113924050633
v -1.23821660821884 0.1219536914036219 0.6329113924050633
v -1.244207808895258 1.52371511063772e-16 0.6329113924050633
v -1.238216608218841 -0.1219536914036216 0.6329113924050633
v -1.220300704727225 -0.2427329020923574 0.6329113924050633
v -1.190632638364864 -0.3611744622426415 0.6329113924050633
v -1.149498128829044 -0.4761377148834849 0.6329113924050633
v -1.097293323933002 -0.5865155010466492 0.6329113924050633
v -1.03452098448594 -0.691244822312747 0.6329113924050633
v -0.9617856424315813 -0.7893170780671159 0.6329113924050633
v -0.8797877788750933 -0.879787778875093 0.6329113924050633
v -0.7893170780671167 -0.9617856424315807 0.6329113924050633
v -0.6912448223127472 -1.03452098448594 0.6329113924050633
v -0.5865155010466495 -1.097293323933002 0.6329113924050633
v -0.4761377148834858 -1.149498128829043 0.6329113924050633
v -0.3611744622426419 -1.190632638364864 0.6329113924050633
v -0.2427329020923578 -1.220300704727225 0.6329113924050633
v -0.1219536914036215 -1.238216608218841 0.6329113924050633
v -2.28557266595658e-16 -1.244207808895258 0.6329113924050633
v 0.121953691403621 -1.238216608218841 0.6329113924050633
v 0.2427329020923573 -1.220300704727225 0.6329113924050633
v 0.3611744622426414 -1.190632638364864 0.6329113924050633
v 0.4761377148834854 -1.149498128829043 0.6329113924050633
v 0.5865155010466491 -1.097293323933002 0.6329113924050633
v 0.6912448223127469 -1.03452098448594 0.6329113924050633
v 0.7893170780671164 -0.961785642431581 0.6329113924050633
v 0.8797877788750929 -0.8797877788750933 0.6329113924050633
v 0.9617856424315807 -0.7893170780671168 0.6329113924050633
v 1.03452098448594 -0.6912448223127472 0.6329113924050633
v 1.097293323933002 -0.5865155010466496 0.6329113924050633
v 1.149498128829043 -0.4761377148834858 0.6329113924050633
v 1.190632638364864 -0.361174462242642 0.6329113924050633
v 1.220300704727225 -0.2427329020923579 0.6329113924050633
v 1.238216608218841 -0.1219536914036215 0.6329113924050633
v 1.239352405895637 0 0.6962025316455697
v 1.23338458531178 0.1214777786864512 0.6962025316455697
v 1.215538596934771 0.2417856599576432 0.6962025316455697
v 1.185986307388292 0.3597650131499565 0.6962025316455697
v 1.1450123213756 0.4742796325980744 0.6962025316455697
v 1.093011240780656 0.5842266799166528 0.6962025316455697
v 1.030483864436272 0.6885473049368438 0.6962025316455697
v 0.9580323651575855 0.7862368430122487 0.6962025316455697
v 0.8763544904886678 0.8763544904886675 0.6962025316455697
v 0.7862368430122487 0.9580323651575855 0.6962025316455697
v 0.6885473049368439 1.030483864436272 0.6962025316455697
v 0.584226679916653 1.093011240780656 0.6962025316455697
v 0.4742796325980745 1.1450123213756 0.6962025316455697
v 0.3597650131499565 1.185986307388292 0.6962025316455697
v 0.2417856599576433 1.215538596934771 0.6962025316455697
v 0.1214777786864514 1.233384585311779 0.6962025316455697
v 7.588844784478318e-17 1.239352405895637 0.6962025316455697
v -0.1214777786864513 1.23338458531178 0.6962025316455697
v -0.2417856599576431 1.215538596934771 0.6962025316455697
v -0.3597650131499563 1.185986307388292 0.6962025316455697
v -0.4742796325980744 1.1450123213756 0.6962025316455697
v -0.5842266799166528 1.093011240780656 0.6962025316455697
v -0.6885473049368436 1.030483864436272 0.6962025316455697
v -0.7862368430122486 0.9580323651575856 0.6962025316455697
v -0.8763544904886675 0.8763544904886678 0.6962025316455697
v -0.9580323651575855 0.7862368430122487 0.6962025316455697
v -1.030483864436272 0.6885473049368438 0.6962025316455697
v -1.093011240780656 0.584226679916653 0.6962025316455697
v -1.1450123213756 0.4742796325980745 0.6962025316455697
v -1.185986307388292 0.3597650131499566 0.6962025316455697
v -1.215538596934771 0.2417856599576436 0.6962025316455697
v -1.233384585311779 0.1214777786864515 0.6962025316455697
v -1.239352405895637 1.517768956895664e-16 0.6962025316455697
v -1.23338458531178 -0.1214777786864512 0.6962025316455697
v -1.215538596934771 -0.2417856599576433 0.6962025316455697
v -1.185986307388292 -0.3597650131499562 0.6962025316455697
v -1.1450123213756 -0.4742796325980743 0.6962025316455697
v -1.093011240780656 -0.5842266799166528 0.6962025316455697
v -1.030483864436273 -0.6885473049368436 0.6962025316455697
v -0.9580323651575856 -0.7862368430122485 0.6962025316455697
v -0.8763544904886679 -0.8763544904886675 0.6962025316455697
v -0.7862368430122492 -0.9580323651575851 0.6962025316455697
v -0.6885473049368438 -1.030483864436272 0.6962025316455697
v -0.5842266799166531 -1.093011240780656 0.6962025316455697
v -0.4742796325980751 -1.1450123213756 0.6962025316455697
v -0.3597650131499566 -1.185986307388292 0.6962025316455697
v -0.2417856599576437 -1.215538596934771 0.6962025316455697
v -0.121477778686451 -1.23338458531178 0.6962025316455697
v -2.276653435343495e-16 -1.239352405895637 0.6962025316455697
v 0.1214777786864506 -1.23338458531178 0.6962025316455697
v 0.2417856599576432 -1.215538596934771 0.6962025316455697
v 0.3597650131499561 -1.185986307388292 0.6962025316455697
v 0.4742796325980747 -1.1450123213756 0.6962025316455697
v 0.5842266799166527 -1.093011240780656 0.6962025316455697
v 0.6885473049368434 -1.030483864436273 0.6962025316455697
v 0.7862368430122489 -0.9580323651575853 0.6962025316455697
v 0.8763544904886674 -0.8763544904886679 0.6962025316455697
v 0.9580323651575851 -0.7862368430122493 0.6962025316455697
v 1.030483864436272 -0.6885473049368438 0.6962025316455697
v 1.093011240780656 -0.5842266799166532 0.6962025316455697
v 1.1450123213756 -0.4742796325980752 0.6962025316455697
v 1.185986307388292 -0.3597650131499567 0.6962025316455697
v 1.215538596934771 -0.2417856599576438 0.6962025316455697
v 1.23338458531178 -0.1214777786864511 0.6962025316455697
v 1.234598332905771 0 0.759493670886076
v 1.22865340448278 0.1210117980470666 0.759493670886076
v 1.210875872124348 0.240858186327162 0.759493670886076
v 1.181436943185274 0.358384978606449 0.759493670886076
v 1.140620130644198 0.4724603276285983 0.759493670886076
v 1.088818522718629 0.5819856254225972 0.759493670886076
v 1.02653099721053 0.6859060834980717 0.759493670886076
v 0.9543574170403696 0.783220891035054 0.759493670886076
v 0.8729928532392777 0.8729928532392774 0.759493670886076
v 0.783220891035054 0.9543574170403696 0.759493670886076
v 0.6859060834980718 1.02653099721053 0.759493670886076
v 0.5819856254225975 1.088818522718629 0.759493670886076
v 0.4724603276285984 1.140620130644198 0.759493670886076
v 0.358384978606449 1.181436943185274 0.759493670886076
v 0.2408581863271621 1.210875872124348 0.759493670886076
v 0.1210117980470668 1.22865340448278 0.759493670886076
v 7.559734483128556e-17 1.234598332905771 0.759493670886076
v -0.1210117980470666 1.22865340448278 0.759493670886076
v -0.2408581863271619 1.210875872124348 0.759493670886076
v -0.3583849786064489 1.181436943185274 0.759493670886076
v -0.4724603276285982 1.140620130644198 0.759493670886076
v -0.5819856254225974 1.088818522718629 0.759493670886076
v -0.6859060834980715 1.026530997210531 0.759493670886076
v -0.7832208910350538 0.9543574170403697 0.759493670886076
v -0.8729928532392774 0.8729928532392777 0.759493670886076
v -0.9543574170403696 0.783220891035054 0.759493670886076
v -1.026530997210531 0.6859060834980717 0.759493670886076
v -1.088818522718629 0.5819856254225976 0.759493670886076
v -1.140620130644198 0.4724603276285985 0.759493670886076
v -1.181436943185274 0.3583849786064491 0.759493670886076
v -1.210875872124348 0.2408581863271625 0.759493670886076
v -1.22865340448278 0.1210117980470668 0.759493670886076
v -1.234598332905771 1.511946896625711e-16 0.759493670886076
v -1.22865340448278 -0.1210117980470665 0.759493670886076
v -1.210875872124348 -0.2408581863271622 0.759493670886076
v -1.181436943185274 -0.3583849786064488 0.759493670886076
v -1.140620130644198 -0.4724603276285982 0.759493670886076
v -1.088818522718629 -0.5819856254225972 0.759493670886076
v -1.026530997210531 -0.6859060834980715 0.759493670886076
v -0.9543574170403697 -0.7832208910350537 0.759493670886076
v -0.8729928532392778 -0.8729928532392774 0.759493670886076
v -0.7832208910350543 -0.9543574170403691 0.759493670886076
v -0.6859060834980717 -1.02653099721053 0.759493670886076
v -0.5819856254225976 -1.088818522718629 0.759493670886076
v -0.472460327628599 -1.140620130644198 0.759493670886076
v -0.3583849786064492 -1.181436943185274 0.759493670886076
v -0.2408581863271625 -1.210875872124348 0.759493670886076
v -0.1210117980470664 -1.22865340448278 0.759493670886076
v -2.267920344938566e-16 -1.234598332905771 0.759493670886076
v 0.1210117980470659 -1.22865340448278 0.759493670886076
v 0.2408581863271621 -1.210875872124348 0.759493670886076
v 0.3583849786064487 -1.181436943185274 0.759493670886076
v 0.4724603276285986 -1.140620130644198 0.759493670886076
v 0.5819856254225972 -1.088818522718629 0.759493670886076
v 0.6859060834980714 -1.026530997210531 0.759493670886076
v 0.7832208910350541 -0.9543574170403694 0.759493670886076
v 0.8729928532392773 -0.8729928532392778 0.759493670886076
v 0.9543574170403691 -0.7832208910350544 0.759493670886076
v 1.02653099721053 -0.6859060834980717 0.759493670886076
v 1.088818522718629 -0.5819856254225977 0.759493670886076
v 1.140620130644198 -0.4724603276285991 0.759493670886076
v 1.181436943185274 -0.3583849786064492 0.759493670886076
v 1.210875872124348 -0.2408581863271626 0.759493670886076
v 1.22865340448278 -0.1210117980470664 0.759493670886076
v 1.229935632009756 0 0.8227848101265823
v 1.224013155766025 0.1205547734390271 0.8227848101265823
v 1.206302763718613 0.2399485385078936 0.8227848101265823
v 1.176975016624423 0.3570314679817153 0.8227848101265823
v 1.136312356720148 0.4706759892456195 0.8227848101265823
v 1.084706387649137 0.5797876434354202 0.8227848101265823
v 1.022654103104238 0.683315625674772 0.8227848101265823
v 0.9507531005068461 0.7802629049005583 0.8227848101265823
v 0.8696958258170608 0.8696958258170607 0.8227848101265823
v 0.7802629049005583 0.9507531005068461 0.8227848101265823
v 0.6833156256747721 1.022654103104238 0.8227848101265823
v 0.5797876434354203 1.084706387649137 0.8227848101265823
v 0.4706759892456196 1.136312356720148 0.8227848101265823
v 0.3570314679817153 1.176975016624423 0.8227848101265823
v 0.2399485385078937 1.206302763718613 0.8227848101265823
v 0.1205547734390273 1.224013155766025 0.8227848101265823
v 7.531183674490124e-17 1.229935632009756 0.8227848101265823
v -0.1205547734390272 1.224013155766025 0.8227848101265823
v -0.2399485385078935 1.206302763718613 0.8227848101265823
v -0.357031467981715 1.176975016624423 0.8227848101265823
v -0.4706759892456195 1.136312356720148 0.8227848101265823
v -0.5797876434354202 1.084706387649137 0.8227848101265823
v -0.6833156256747717 1.022654103104238 0.8227848101265823
v -0.7802629049005581 0.9507531005068464 0.8227848101265823
v -0.8696958258170607 0.8696958258170608 0.8227848101265823
v -0.9507531005068461 0.7802629049005583 0.8227848101265823
v -1.022654103104238 0.683315625674772 0.8227848101265823
v -1.084706387649137 0.5797876434354204 0.8227848101265823
v -1.136312356720148 0.4706759892456197 0.8227848101265823
v -1.176975016624423 0.3570314679817153 0.8227848101265823
v -1.206302763718613 0.239948538507894 0.8227848101265823
v -1.224013155766025 0.1205547734390274 0.8227848101265823
v -1.229935632009756 1.506236734898025e-16 0.8227848101265823
v -1.224013155766025 -0.1205547734390271 0.8227848101265823
v -1.206302763718613 -0.2399485385078937 0.8227848101265823
v -1.176975016624423 -0.357031467981715 0.8227848101265823
v -1.136312356720148 -0.4706759892456194 0.8227848101265823
v -1.084706387649137 -0.5797876434354202 0.8227848101265823
v -1.022654103104238 -0.6833156256747717 0.8227848101265823
v -0.9507531005068464 -0.7802629049005579 0.8227848101265823
v -0.869695825817061 -0.8696958258170607 0.8227848101265823
v -0.7802629049005586 -0.9507531005068458 0.8227848101265823
v -0.683315625674772 -1.022654103104238 0.8227848101265823
v -0.5797876434354206 -1.084706387649137 0.8227848101265823
v -0.4706759892456202 -1.136312356720147 0.8227848101265823
v -0.3570314679817154 -1.176975016624423 0.8227848101265823
v -0.2399485385078941 -1.206302763718613 0.8227848101265823
v -0.1205547734390269 -1.224013155766025 0.8227848101265823
v -2.259355102347037e-16 -1.229935632009756 0.8227848101265823
v 0.1205547734390265 -1.224013155766025 0.8227848101265823
v 0.2399485385078936 -1.206302763718613 0.8227848101265823
v 0.3570314679817149 -1.176975016624423 0.8227848101265823
v 0.4706759892456198 -1.136312356720147 0.8227848101265823
v 0.5797876434354201 -1.084706387649137 0.8227848101265823
v 0.6833156256747716 -1.022654103104238 0.8227848101265823
v 0.7802629049005584 -0.950753100506846 0.8227848101265823
v 0.8696958258170606 -0.869695825817061 0.8227848101265823
v 0.9507531005068458 -0.7802629049005588 0.8227848101265823
v 1.022654103104238 -0.683315625674772 0.8227848101265823
v 1.084706387649137 -0.5797876434354206 0.8227848101265823
v 1.136312356720147 -0.4706759892456203 0.8227848101265823
v 1.176975016624423 -0.3570314679817155 0.8227848101265823
v 1.206302763718613 -0.2399485385078942 0.8227848101265823
v 1.224013155766025 -0.120554773439027 0.8227848101265823
v 1.225353767607893 0 0.8860759493670887
v 1.219453354293608 0.1201056721929787 0.8860759493670887
v 1.201808938556463 0.2390546611062999 0.8860759493670887
v 1.172590445765425 0.3557014229525968 0.8860759493670887
v 1.132079265978524 0.4689225856496832 0.8860759493670887
v 1.080665544002774 0.5776277675078028 0.8860759493670887
v 1.018844422086398 0.6807700782013648 0.8860759493670887
v 0.9472112714283155 0.777356200895068 0.8860759493670887
v 0.8664559584280264 0.8664559584280263 0.8860759493670887
v 0.777356200895068 0.9472112714283155 0.8860759493670887
v 0.6807700782013649 1.018844422086398 0.8860759493670887
v 0.577627767507803 1.080665544002774 0.8860759493670887
v 0.4689225856496833 1.132079265978524 0.8860759493670887
v 0.3557014229525968 1.172590445765425 0.8860759493670887
v 0.2390546611063 1.201808938556463 0.8860759493670887
v 0.1201056721929789 1.219453354293608 0.8860759493670887
v 7.503127846620782e-17 1.225353767607893 0.8860759493670887
v -0.1201056721929787 1.219453354293608 0.8860759493670887
v -0.2390546611062998 1.201808938556463 0.8860759493670887
v -0.3557014229525965 1.172590445765425 0.8860759493670887
v -0.4689225856496831 1.132079265978524 0.8860759493670887
v -0.5776277675078029 1.080665544002774 0.8860759493670887
v -0.6807700782013645 1.018844422086398 0.8860759493670887
v -0.7773562008950677 0.9472112714283156 0.8860759493670887
v -0.8664559584280263 0.8664559584280264 0.8860759493670887
v -0.9472112714283155 0.777356200895068 0.8860759493670887
v -1.018844422086398 0.6807700782013648 0.8860759493670887
v -1.080665544002774 0.5776277675078031 0.8860759493670887
v -1.132079265978524 0.4689225856496834 0.8860759493670887
v -1.172590445765425 0.3557014229525968 0.8860759493670887
v -1.201808938556463 0.2390546611063003 0.8860759493670887
v -1.219453354293608 0.1201056721929789 0.8860759493670887
v -1.225353767607893 1.500625569324156e-16 0.8860759493670887
v -1.219453354293608 -0.1201056721929787 0.8860759493670887
v -1.201808938556463 -0.2390546611063 0.8860759493670887
v -1.172590445765425 -0.3557014229525965 0.8860759493670887
v -1.132079265978525 -0.4689225856496831 0.8860759493670887
v -1.080665544002774 -0.5776277675078028 0.8860759493670887
v -1.018844422086399 -0.6807700782013645 0.8860759493670887
v -0.9472112714283156 -0.7773562008950676 0.8860759493670887
v -0.8664559584280265 -0.8664559584280263 0.8860759493670887
v -0.7773562008950683 -0.9472112714283151 0.8860759493670887
v -0.6807700782013648 -1.018844422086398 0.8860759493670887
v -0.5776277675078031 -1.080665544002774 0.8860759493670887
v -0.4689225856496839 -1.132079265978524 0.8860759493670887
v -0.3557014229525969 -1.172590445765425 0.8860759493670887
v -0.2390546611063004 -1.201808938556463 0.8860759493670887
v -0.1201056721929785 -1.219453354293608 0.8860759493670887
v -2.250938353986234e-16 -1.225353767607893 0.8860759493670887
v 0.120105672192978 -1.219453354293608 0.8860759493670887
v 0.2390546611063 -1.201808938556463 0.8860759493670887
v 0.3557014229525964 -1.172590445765425 0.8860759493670887
v 0.4689225856496835 -1.132079265978524 0.8860759493670887
v 0.5776277675078028 -1.080665544002774 0.8860759493670887
v 0.6807700782013644 -1.018844422086399 0.8860759493670887
v 0.7773562008950681 -0.9472112714283154 0.8860759493670887
v 0.866455958428026 -0.8664559584280265 0.8860759493670887
v 0.9472112714283151 -0.7773562008950685 0.8860759493670887
v 1.018844422086398 -0.6807700782013648 0.8860759493670887
v 1.080665544002773 -0.5776277675078032 0.8860759493670887
v 1.132079265978524 -0.468922585649684 0.8860759493670887
v 1.172590445765425 -0.355701422952597 0.8860759493670887
v 1.201808938556463 -0.2390546611063005 0.8860759493670887
v 1.219453354293608 -0.1201056721929786 0.8860759493670887
v 1.220841693026141 0 0.949367088607595
v 1.214963006584242 0.1196634115455216 0.949367088607595
v 1.197383562222598 0.238174399023185 0.949367088607595
v 1.168272659600313 0.3543916368388846 0.949367088607595
v 1.127910652623278 0.4671958894616507 0.949367088607595
v 1.0766862494828 0.575500790273649 0.949367088607595
v 1.015092769183228 0.6782633038745786 0.949367088607595
v 0.9437233906102683 0.7744937710827584 0.949367088607595
v 0.8632654398940495 0.8632654398940494 0.949367088607595
v 0.7744937710827584 0.9437233906102683 0.949367088607595
v 0.6782633038745787 1.015092769183228 0.949367088607595
v 0.5755007902736492 1.0766862494828 0.949367088607595
v 0.4671958894616508 1.127910652623278 0.949367088607595
v 0.3543916368388846 1.168272659600313 0.949367088607595
v 0.238174399023185 1.197383562222598 0.949367088607595
v 0.1196634115455218 1.214963006584242 0.949367088607595
v 7.475499358150493e-17 1.220841693026141 0.949367088607595
v -0.1196634115455216 1.214963006584242 0.949367088607595
v -0.2381743990231849 1.197383562222598 0.949367088607595
v -0.3543916368388844 1.168272659600313 0.949367088607595
v -0.4671958894616507 1.127910652623278 0.949367088607595
v -0.5755007902736491 1.0766862494828 0.949367088607595
v -0.6782633038745782 1.015092769183228 0.949367088607595
v -0.7744937710827583 0.9437233906102684 0.949367088607595
v -0.8632654398940494 0.8632654398940495 0.949367088607595
v -0.9437233906102683 0.7744937710827584 0.949367088607595
v -1.015092769183228 0.6782633038745786 0.949367088607595
v -1.0766862494828 0.5755007902736492 0.949367088607595
v -1.127910652623278 0.4671958894616509 0.949367088607595
v -1.168272659600313 0.3543916368388846 0.949367088607595
v -1.197383562222598 0.2381743990231854 0.949367088607595
v -1.214963006584242 0.1196634115455218 0.949367088607595
v -1.220841693026141 1.495099871630099e-16 0.949367088607595
v -1.214963006584242 -0.1196634115455216 0.949367088607595
v -1.197383562222598 -0.2381743990231851 0.949367088607595
v -1.168272659600313 -0.3543916368388843 0.949367088607595
v -1.127910652623279 -0.4671958894616506 0.949367088607595
v -1.0766862494828 -0.575500790273649 0.949367088607595
v -1.015092769183228 -0.6782633038745782 0.949367088607595
v -0.9437233906102684 -0.7744937710827582 0.949367088607595
v -0.8632654398940496 -0.8632654398940494 0.949367088607595
v -0.7744937710827589 -0.9437233906102679 0.949367088607595
v -0.6782633038745786 -1.015092769183228 0.949367088607595
v -0.5755007902736493 -1.0766862494828 0.949367088607595
v -0.4671958894616514 -1.127910652623278 0.949367088607595
v -0.3543916368388847 -1.168272659600313 0.949367088607595
v -0.2381743990231855 -1.197383562222598 0.949367088607595
v -0.1196634115455214 -1.214963006584242 0.949367088607595
v -2.242649807445148e-16 -1.220841693026141 0.949367088607595
v 0.1196634115455209 -1.214963006584242 0.949367088607595
v 0.238174399023185 -1.197383562222598 0.949367088607595
v 0.3543916368388842 -1.168272659600313 0.949367088607595
v 0.467195889461651 -1.127910652623278 0.949367088607595
v 0.5755007902736489 -1.0766862494828 0.949367088607595
v 0.6782633038745781 -1.015092769183228 0.949367088607595
v 0.7744937710827585 -0.9437233906102681 0.949367088607595
v 0.8632654398940491 -0.8632654398940496 0.949367088607595
v 0.9437233906102679 -0.774493771082759 0.949367088607595
v 1.015092769183228 -0.6782633038745786 0.949367088607595
v 1.0766862494828 -0.5755007902736494 0.949367088607595
v 1.127910652623278 -0.4671958894616515 0.949367088607595
v 1.168272659600313 -0.3543916368388848 0.949367088607595
v 1.197383562222598 -0.2381743990231855 0.949367088607595
v 1.214963006584242 -0.1196634115455214 0.949367088607595
v 1.216387920356742 0 1.012658227848101
v 1.210530680047586 0.1192268654847892 1.012658227848101
v 1.193015367546189 0.2373055110789253 1.012658227848101
v 1.164010664886784 0.3530987748769834 1.012658227848101
v 1.123795903211563 0.4654915044495514 1.012658227848101
v 1.072758372659084 0.5734012963707296 1.012658227848101
v 1.011389592548519 0.6757889203548243 1.012658227848101
v 0.9402805777799218 0.7716683276121002 1.012658227848101
v 0.8601161470376543 0.8601161470376542 1.012658227848101
v 0.7716683276121002 0.9402805777799218 1.012658227848101
v 0.6757889203548245 1.011389592548519 1.012658227848101
v 0.5734012963707298 1.072758372659084 1.012658227848101
v 0.4654915044495515 1.123795903211563 1.012658227848101
v 0.3530987748769834 1.164010664886784 1.012658227848101
v 0.2373055110789254 1.193015367546189 1.012658227848101
v 0.1192268654847893 1.210530680047586 1.012658227848101
v 7.448227865931948e-17 1.216387920356742 1.012658227848101
v -0.1192268654847892 1.210530680047586 1.012658227848101
v -0.2373055110789253 1.193015367546189 1.012658227848101
v -0.3530987748769832 1.164010664886784 1.012658227848101
v -0.4654915044495513 1.123795903211563 1.012658227848101
v -0.5734012963707297 1.072758372659084 1.012658227848101
v -0.6757889203548241 1.011389592548519 1.012658227848101
v -0.7716683276121001 0.9402805777799219 1.012658227848101
v -0.8601161470376542 0.8601161470376543 1.012658227848101
v -0.9402805777799218 0.7716683276121002 1.012658227848101
v -1.011389592548519 0.6757889203548243 1.012658227848101
v -1.072758372659084 0.5734012963707299 1.012658227848101
v -1.123795903211563 0.4654915044495516 1.012658227848101
v -1.164010664886784 0.3530987748769835 1.012658227848101
v -1.193015367546189 0.2373055110789258 1.012658227848101
v -1.210530680047586 0.1192268654847894 1.012658227848101
v -1.216387920356742 1.48964557318639e-16 1.012658227848101
v -1.210530680047586 -0.1192268654847891 1.012658227848101
v -1.193015367546189 -0.2373055110789254 1.012658227848101
v -1.164010664886784 -0.3530987748769832 1.012658227848101
v -1.123795903211563 -0.4654915044495513 1.012658227848101
v -1.072758372659084 -0.5734012963707296 1.012658227848101
v -1.01138959254852 -0.6757889203548241 1.012658227848101
v -0.9402805777799219 -0.7716683276121 1.012658227848101
v -0.8601161470376544 -0.8601161470376542 1.012658227848101
v -0.7716683276121007 -0.9402805777799214 1.012658227848101
v -0.6757889203548243 -1.011389592548519 1.012658227848101
v -0.5734012963707299 -1.072758372659084 1.012658227848101
v -0.4654915044495521 -1.123795903211563 1.012658227848101
v -0.3530987748769835 -1.164010664886784 1.012658227848101
v -0.2373055110789258 -1.193015367546189 1.012658227848101
v -0.119226865484789 -1.210530680047586 1.012658227848101
v -2.234468359779584e-16 -1.216387920356742 1.012658227848101
v 0.1192268654847885 -1.210530680047586 1.012658227848101
v 0.2373055110789254 -1.193015367546189 1.012658227848101
v 0.3530987748769831 -1.164010664886784 1.012658227848101
v 0.4654915044495517 -1.123795903211563 1.012658227848101
v 0.5734012963707296 -1.072758372659084 1.012658227848101
v 0.675788920354824 -1.01138959254852 1.012658227848101
v 0.7716683276121005 -0.9402805777799217 1.012658227848101
v 0.860116147037654 -0.8601161470376544 1.012658227848101
v 0.9402805777799214 -0.7716683276121008 1.012658227848101
v 1.011389592548519 -0.6757889203548243 1.012658227848101
v 1.072758372659084 -0.57340129637073 1.012658227848101
v 1.123795903211563 -0.4654915044495522 1.012658227848101
v 1.164010664886784 -0.3530987748769837 1.012658227848101
v 1.193015367546189 -0.2373055110789259 1.012658227848101
v 1.210530680047586 -0.119226865484789 1.012658227848101
v 1.211980593088481 0 1.075949367088608
v 1.206144575264767 0.1187948718694578 1.075949367088608
v 1.18869272583556 0.2364456841829299 1.075949367088608
v 1.159793115651013 0.3518193953033616 1.075949367088608
v 1.119724063755338 0.4638048933229772 1.075949367088608
v 1.068871457022263 0.5713236966783474 1.075949367088608
v 1.007725033853488 0.6733403405174032 1.075949367088608
v 0.9368736677301658 0.7688723487920045 1.075949367088608
v 0.8569996960393589 0.8569996960393588 1.075949367088608
v 0.7688723487920045 0.9368736677301658 1.075949367088608
v 0.6733403405174033 1.007725033853488 1.075949367088608
v 0.5713236966783476 1.068871457022262 1.075949367088608
v 0.4638048933229773 1.119724063755338 1.075949367088608
v 0.3518193953033616 1.159793115651013 1.075949367088608
v 0.23644568418293 1.18869272583556 1.075949367088608
v 0.118794871869458 1.206144575264767 1.075949367088608
v 7.421240769772596e-17 1.211980593088481 1.075949367088608
v -0.1187948718694578 1.206144575264767 1.075949367088608
v -0.2364456841829299 1.18869272583556 1.075949367088608
v -0.3518193953033614 1.159793115651013 1.075949367088608
v -0.4638048933229771 1.119724063755338 1.075949367088608
v -0.5713236966783474 1.068871457022263 1.075949367088608
v -0.6733403405174029 1.007725033853488 1.075949367088608
v -0.7688723487920044 0.9368736677301659 1.075949367088608
v -0.8569996960393588 0.8569996960393589 1.075949367088608
v -0.9368736677301658 0.7688723487920045 1.075949367088608
v -1.007725033853488 0.6733403405174032 1.075949367088608
v -1.068871457022262 0.5713236966783476 1.075949367088608
v -1.119724063755338 0.4638048933229774 1.075949367088608
v -1.159793115651013 0.3518193953033617 1.075949367088608
v -1.18869272583556 0.2364456841829304 1.075949367088608
v -1.206144575264767 0.118794871869458 1.075949367088608
v -1.211980593088481 1.484248153954519e-16 1.075949367088608
v -1.206144575264767 -0.1187948718694577 1.075949367088608
v -1.18869272583556 -0.23644568418293 1.075949367088608
v -1.159793115651013 -0.3518193953033614 1.075949367088608
v -1.119724063755338 -0.4638048933229771 1.075949367088608
v -1.068871457022263 -0.5713236966783474 1.075949367088608
v -1.007725033853489 -0.6733403405174029 1.075949367088608
v -0.9368736677301659 -0.7688723487920043 1.075949367088608
v -0.856999696039359 -0.8569996960393588 1.075949367088608
v -0.7688723487920049 -0.9368736677301653 1.075949367088608
v -0.6733403405174032 -1.007725033853488 1.075949367088608
v -0.5713236966783477 -1.068871457022262 1.075949367088608
v -0.4638048933229779 -1.119724063755338 1.075949367088608
v -0.3518193953033618 -1.159793115651013 1.075949367088608
v -0.2364456841829304 -1.18869272583556 1.075949367088608
v -0.1187948718694576 -1.206144575264767 1.075949367088608
v -2.226372230931779e-16 -1.211980593088481 1.075949367088608
v 0.1187948718694571 -1.206144575264767 1.075949367088608
v 0.23644568418293 -1.18869272583556 1.075949367088608
v 0.3518193953033613 -1.159793115651013 1.075949367088608
v 0.4638048933229775 -1.119724063755338 1.075949367088608
v 0.5713236966783473 -1.068871457022263 1.075949367088608
v 0.6733403405174028 -1.007725033853489 1.075949367088608
v 0.7688723487920046 -0.9368736677301657 1.075949367088608
v 0.8569996960393587 -0.856999696039359 1.075949367088608
v 0.9368736677301653 -0.7688723487920051 1.075949367088608
v 1.007725033853488 -0.6733403405174032 1.075949367088608
v 1.068871457022262 -0.5713236966783477 1.075949367088608
v 1.119724063755338 -0.463804893322978 1.075949367088608
v 1.159793115651013 -0.3518193953033618 1.075949367088608
v 1.18869272583556 -0.2364456841829305 1.075949367088608
v 1.206144575264767 -0.1187948718694576 1.075949367088608
v 1.207607561067362 0 1.139240506329114
v 1.201792600588101 0.1183662397761781 1.139240506329114
v 1.184403720398514 0.2355925479577429 1.139240506329114
v 1.155608384920555 0.3505499711144876 1.139240506329114
v 1.11568390897601 0.4621314064192928 1.139240506329114
v 1.065014787093161 0.5692622636535561 1.139240506329114
v 1.004088990614302 0.6709108140984278 1.139240506329114
v 0.9334932682649506 0.7660981266463739 1.139240506329114
v 0.8539074954428796 0.8539074954428794 1.139240506329114
v 0.7660981266463739 0.9334932682649506 1.139240506329114
v 0.6709108140984279 1.004088990614302 1.139240506329114
v 0.5692622636535564 1.065014787093161 1.139240506329114
v 0.4621314064192929 1.11568390897601 1.139240506329114
v 0.3505499711144876 1.155608384920555 1.139240506329114
v 0.235592547957743 1.184403720398514 1.139240506329114
v 0.1183662397761782 1.201792600588101 1.139240506329114
v 7.394463671436434e-17 1.207607561067362 1.139240506329114
v -0.1183662397761781 1.201792600588101 1.139240506329114
v -0.2355925479577428 1.184403720398514 1.139240506329114
v -0.3505499711144874 1.155608384920555 1.139240506329114
v -0.4621314064192928 1.11568390897601 1.139240506329114
v -0.5692622636535561 1.065014787093161 1.139240506329114
v -0.6709108140984275 1.004088990614302 1.139240506329114
v -0.7660981266463737 0.9334932682649507 1.139240506329114
v -0.8539074954428794 0.8539074954428796 1.139240506329114
v -0.9334932682649506 0.7660981266463739 1.139240506329114
v -1.004088990614302 0.6709108140984278 1.139240506329114
v -1.065014787093161 0.5692622636535564 1.139240506329114
v -1.11568390897601 0.462131406419293 1.139240506329114
v -1.155608384920555 0.3505499711144877 1.139240506329114
v -1.184403720398514 0.2355925479577433 1.139240506329114
v -1.201792600588101 0.1183662397761783 1.139240506329114
v -1.207607561067362 1.478892734287287e-16 1.139240506329114
v -1.201792600588101 -0.118366239776178 1.139240506329114
v -1.184403720398514 -0.235592547957743 1.139240506329114
v -1.155608384920555 -0.3505499711144873 1.139240506329114
v -1.11568390897601 -0.4621314064192927 1.139240506329114
v -1.065014787093161 -0.5692622636535561 1.139240506329114
v -1.004088990614302 -0.6709108140984275 1.139240506329114
v -0.9334932682649507 -0.7660981266463736 1.139240506329114
v -0.8539074954428797 -0.8539074954428794 1.139240506329114
v -0.7660981266463742 -0.9334932682649502 1.139240506329114
v -0.6709108140984278 -1.004088990614302 1.139240506329114
v -0.5692622636535565 -1.065014787093161 1.139240506329114
v -0.4621314064192935 -1.115683908976009 1.139240506329114
v -0.3505499711144877 -1.155608384920555 1.139240506329114
v -0.2355925479577434 -1.184403720398514 1.139240506329114
v -0.1183662397761779 -1.201792600588101 1.139240506329114
v -2.21833910143093e-16 -1.207607561067362 1.139240506329114
v 0.1183662397761774 -1.201792600588101 1.139240506329114
v 0.235592547957743 -1.184403720398514 1.139240506329114
v 0.3505499711144873 -1.155608384920555 1.139240506329114
v 0.4621314064192931 -1.115683908976009 1.139240506329114
v 0.569262263653556 -1.065014787093161 1.139240506329114
v 0.6709108140984273 -1.004088990614302 1.139240506329114
v 0.766098126646374 -0.9334932682649505 1.139240506329114
v 0.8539074954428792 -0.8539074954428797 1.139240506329114
v 0.9334932682649502 -0.7660981266463744 1.139240506329114
v 1.004088990614302 -0.6709108140984278 1.139240506329114
v 1.065014787093161 -0.5692622636535565 1.139240506329114
v 1.115683908976009 -0.4621314064192936 1.139240506329114
v 1.155608384920555 -0.3505499711144878 1.139240506329114
v 1.184403720398514 -0.2355925479577435 1.139240506329114
v 1.201792600588101 -0.1183662397761779 1.139240506329114
v 1.203256457313792 0 1.20253164556962
v 1.197462448588382 0.117939757028976 1.20253164556962
v 1.180136221883506 0.2347436897253334 1.20253164556962
v 1.151444638233809 0.349286912365682 1.20253164556962
v 1.111664013274254 0.4604663111003002 1.20253164556962
v 1.061177456169502 0.5672111675425321 1.20253164556962
v 1.000471180063233 0.6684934703721647 1.20253164556962
v 0.9301298195797755 0.7633378156464101 1.20253164556962
v 0.8508308004730842 0.8508308004730841 1.20253164556962
v 0.7633378156464101 0.9301298195797755 1.20253164556962
v 0.6684934703721648 1.000471180063233 1.20253164556962
v 0.5672111675425323 1.061177456169502 1.20253164556962
v 0.4604663111003003 1.111664013274254 1.20253164556962
v 0.349286912365682 1.151444638233809 1.20253164556962
v 0.2347436897253335 1.180136221883506 1.20253164556962
v 0.1179397570289761 1.197462448588382 1.20253164556962
v 7.367820845013598e-17 1.203256457313792 1.20253164556962
v -0.117939757028976 1.197462448588382 1.20253164556962
v -0.2347436897253334 1.180136221883506 1.20253164556962
v -0.3492869123656818 1.151444638233809 1.20253164556962
v -0.4604663111003002 1.111664013274254 1.20253164556962
v -0.5672111675425322 1.061177456169502 1.20253164556962
v -0.6684934703721644 1.000471180063233 1.20253164556962
v -0.76333781564641 0.9301298195797757 1.20253164556962
v -0.8508308004730841 0.8508308004730842 1.20253164556962
v -0.9301298195797755 0.7633378156464101 1.20253164556962
v -1.000471180063233 0.6684934703721647 1.20253164556962
v -1.061177456169502 0.5672111675425324 1.20253164556962
v -1.111664013274254 0.4604663111003004 1.20253164556962
v -1.151444638233809 0.349286912365682 1.20253164556962
v -1.180136221883506 0.2347436897253339 1.20253164556962
v -1.197462448588382 0.1179397570289762 1.20253164556962
v -1.203256457313792 1.47356416900272e-16 1.20253164556962
v -1.197462448588382 -0.1179397570289759 1.20253164556962
v -1.180136221883506 -0.2347436897253336 1.20253164556962
v -1.151444638233809 -0.3492869123656817 1.20253164556962
v -1.111664013274254 -0.4604663111003001 1.20253164556962
v -1.061177456169502 -0.5672111675425321 1.20253164556962
v -1.000471180063233 -0.6684934703721644 1.20253164556962
v -0.9301298195797757 -0.7633378156464099 1.20253164556962
v -0.8508308004730845 -0.8508308004730841 1.20253164556962
v -0.7633378156464106 -0.9301298195797751 1.20253164556962
v -0.6684934703721647 -1.000471180063233 1.20253164556962
v -0.5672111675425324 -1.061177456169502 1.20253164556962
v -0.4604663111003009 -1.111664013274253 1.20253164556962
v -0.3492869123656821 -1.151444638233809 1.20253164556962
v -0.234743689725334 -1.180136221883505 1.20253164556962
v -0.1179397570289758 -1.197462448588382 1.20253164556962
v -2.21034625350408e-16 -1.203256457313792 1.20253164556962
v 0.1179397570289753 -1.197462448588382 1.20253164556962
v 0.2347436897253335 -1.180136221883506 1.20253164556962
v 0.3492869123656817 -1.151444638233809 1.20253164556962
v 0.4604663111003005 -1.111664013274253 1.20253164556962
v 0.5672111675425321 -1.061177456169502 1.20253164556962
v 0.6684934703721643 -1.000471180063233 1.20253164556962
v 0.7633378156464102 -0.9301298195797754 1.20253164556962
v 0.850830800473084 -0.8508308004730845 1.20253164556962
v 0.9301298195797751 -0.7633378156464107 1.20253164556962
v 1.000471180063233 -0.6684934703721647 1.20253164556962
v 1.061177456169502 -0.5672111675425325 1.20253164556962
v 1.111664013274253 -0.460466311100301 1.20253164556962
v 1.151444638233809 -0.3492869123656822 1.20253164556962
v 1.180136221883505 -0.234743689725334 1.20253164556962
v 1.197462448588382 -0.1179397570289758 1.20253164556962
v 1.198914776210614 0 1.265822784810127
v 1.193141673866418 0.1175141978630195 1.265822784810127
v 1.175877964965303 0.233896669760823 1.265822784810127
v 1.147289908461291 0.3480265888679041 1.265822784810127
v 1.107652822966336 0.4588048216735013 1.265822784810127
v 1.05734843528159 0.5651645132381546 1.265822784810127
v 0.9968612041596321 0.666081361589975 1.265822784810127
v 0.9267736547018511 0.7605834823125736 1.265822784810127
v 0.8477607683232773 0.8477607683232772 1.265822784810127
v 0.7605834823125736 0.9267736547018511 1.265822784810127
v 0.6660813615899752 0.9968612041596321 1.265822784810127
v 0.5651645132381549 1.05734843528159 1.265822784810127
v 0.4588048216735013 1.107652822966336 1.265822784810127
v 0.3480265888679041 1.147289908461291 1.265822784810127
v 0.2338966697608231 1.175877964965303 1.265822784810127
v 0.1175141978630197 1.193141673866418 1.265822784810127
v 7.341235715683969e-17 1.198914776210614 1.265822784810127
v -0.1175141978630196 1.193141673866418 1.265822784810127
v -0.233896669760823 1.175877964965303 1.265822784810127
v -0.3480265888679038 1.147289908461291 1.265822784810127
v -0.4588048216735012 1.107652822966336 1.265822784810127
v -0.5651645132381548 1.05734843528159 1.265822784810127
v -0.6660813615899748 0.9968612041596322 1.265822784810127
v -0.7605834823125733 0.9267736547018512 1.265822784810127
v -0.8477607683232772 0.8477607683232773 1.265822784810127
v -0.9267736547018511 0.7605834823125736 1.265822784810127
v -0.9968612041596322 0.666081361589975 1.265822784810127
v -1.05734843528159 0.565164513238155 1.265822784810127
v -1.107652822966336 0.4588048216735014 1.265822784810127
v -1.147289908461291 0.3480265888679041 1.265822784810127
v -1.175877964965303 0.2338966697608235 1.265822784810127
v -1.193141673866418 0.1175141978630198 1.265822784810127
v -1.198914776210614 1.468247143136794e-16 1.265822784810127
v -1.193141673866418 -0.1175141978630195 1.265822784810127
v -1.175877964965303 -0.2338966697608232 1.265822784810127
v -1.147289908461291 -0.3480265888679038 1.265822784810127
v -1.107652822966336 -0.4588048216735011 1.265822784810127
v -1.05734843528159 -0.5651645132381546 1.265822784810127
v -0.9968612041596323 -0.6660813615899748 1.265822784810127
v -0.9267736547018512 -0.7605834823125732 1.265822784810127
v -0.8477607683232774 -0.8477607683232772 1.265822784810127
v -0.7605834823125739 -0.9267736547018507 1.265822784810127
v -0.666081361589975 -0.9968612041596321 1.265822784810127
v -0.565164513238155 -1.05734843528159 1.265822784810127
v -0.458804821673502 -1.107652822966336 1.265822784810127
v -0.3480265888679042 -1.147289908461291 1.265822784810127
v -0.2338966697608235 -1.175877964965303 1.265822784810127
v -0.1175141978630193 -1.193141673866418 1.265822784810127
v -2.202370714705191e-16 -1.198914776210614 1.265822784810127
v 0.1175141978630189 -1.193141673866418 1.265822784810127
v 0.2338966697608231 -1.175877964965303 1.265822784810127
v 0.3480265888679037 -1.147289908461291 1.265822784810127
v 0.4588048216735016 -1.107652822966336 1.265822784810127
v 0.5651645132381546 -1.05734843528159 1.265822784810127
v 0.6660813615899747 -0.9968612041596323 1.265822784810127
v 0.7605834823125737 -0.926773654701851 1.265822784810127
v 0.8477607683232771 -0.8477607683232774 1.265822784810127
v 0.9267736547018507 -0.760583482312574 1.265822784810127
v 0.9968612041596321 -0.666081361589975 1.265822784810127
v 1.05734843528159 -0.5651645132381551 1.265822784810127
v 1.107652822966336 -0.458804821673502 1.265822784810127
v 1.147289908461291 -0.3480265888679042 1.265822784810127
v 1.175877964965303 -0.2338966697608236 1.265822784810127
v 1.193141673866418 -0.1175141978630194 1.265822784810127
v 1.194569952567638 0 1.329113924050633
v 1.188817771736844 0.1170883306742988 1.329113924050633
v 1.171616625890325 0.2330490367172116 1.329113924050633
v 1.143132171465685 0.3467653531389753 1.329113924050633
v 1.10363872933022 0.4571421296487863 1.329113924050633
v 1.053516642921006 0.5631163775507715 1.329113924050633
v 0.9932486153296841 0.6636675069062179 1.329113924050633
v 0.9234150606078133 0.7578271553725943 1.329113924050633
v 0.8446885140622695 0.8446885140622694 1.329113924050633
v 0.7578271553725943 0.9234150606078133 1.329113924050633
v 0.6636675069062181 0.9932486153296841 1.329113924050633
v 0.5631163775507717 1.053516642921006 1.329113924050633
v 0.4571421296487864 1.10363872933022 1.329113924050633
v 0.3467653531389753 1.143132171465685 1.329113924050633
v 0.2330490367172117 1.171616625890325 1.329113924050633
v 0.117088330674299 1.188817771736844 1.329113924050633
v 7.314631343847819e-17 1.194569952567638 1.329113924050633
v -0.1170883306742988 1.188817771736844 1.329113924050633
v -0.2330490367172115 1.171616625890325 1.329113924050633
v -0.3467653531389751 1.143132171465685 1.329113924050633
v -0.4571421296487863 1.10363872933022 1.329113924050633
v -0.5631163775507716 1.053516642921006 1.329113924050633
v -0.6636675069062177 0.9932486153296842 1.329113924050633
v -0.7578271553725942 0.9234150606078134 1.329113924050633
v -0.8446885140622694 0.8446885140622695 1.329113924050633
v -0.9234150606078133 0.7578271553725943 1.329113924050633
v -0.9932486153296842 0.6636675069062179 1.329113924050633
v -1.053516642921006 0.5631163775507717 1.329113924050633
v -1.10363872933022 0.4571421296487865 1.329113924050633
v -1.143132171465685 0.3467653531389753 1.329113924050633
v -1.171616625890325 0.233049036717212 1.329113924050633
v -1.188817771736844 0.117088330674299 1.329113924050633
v -1.194569952567638 1.462926268769564e-16 1.329113924050633
v -1.188817771736844 -0.1170883306742987 1.329113924050633
v -1.171616625890325 -0.2330490367172117 1.329113924050633
v -1.143132171465685 -0.346765353138975 1.329113924050633
v -1.10363872933022 -0.4571421296487862 1.329113924050633
v -1.053516642921006 -0.5631163775507715 1.329113924050633
v -0.9932486153296843 -0.6636675069062177 1.329113924050633
v -0.9234150606078134 -0.757827155372594 1.329113924050633
v -0.8446885140622696 -0.8446885140622694 1.329113924050633
v -0.7578271553725947 -0.923415060607813 1.329113924050633
v -0.6636675069062179 -0.9932486153296841 1.329113924050633
v -0.5631163775507718 -1.053516642921006 1.329113924050633
v -0.457142129648787 -1.103638729330219 1.329113924050633
v -0.3467653531389754 -1.143132171465685 1.329113924050633
v -0.2330490367172121 -1.171616625890325 1.329113924050633
v -0.1170883306742986 -1.188817771736844 1.329113924050633
v -2.194389403154346e-16 -1.194569952567638 1.329113924050633
v 0.1170883306742981 -1.188817771736844 1.329113924050633
v 0.2330490367172117 -1.171616625890325 1.329113924050633
v 0.3467653531389749 -1.143132171465685 1.329113924050633
v 0.4571421296487866 -1.103638729330219 1.329113924050633
v 0.5631163775507714 -1.053516642921006 1.329113924050633
v 0.6636675069062176 -0.9932486153296843 1.329113924050633
v 0.7578271553725944 -0.9234150606078132 1.329113924050633
v 0.8446885140622693 -0.8446885140622696 1.329113924050633
v 0.923415060607813 -0.7578271553725948 1.329113924050633
v 0.9932486153296841 -0.6636675069062179 1.329113924050633
v 1.053516642921006 -0.5631163775507719 1.329113924050633
v 1.103638729330219 -0.457142129648787 1.329113924050633
v 1.143132171465685 -0.3467653531389754 1.329113924050633
v 1.171616625890325 -0.2330490367172122 1.329113924050633
v 1.188817771736844 -0.1170883306742986 1.329113924050633
v 1.190209441062825 0 1.392405063291139
v 1.184478257286776 0.1166609258062228 1.392405063291139
v 1.167339900391375 0.2321983431235825 1.392405063291139
v 1.138959422122304 0.3454995634641361 1.392405063291139
v 1.099610141999642 0.4554734341392568 1.392405063291139
v 1.049671015101475 0.5610608466565101 1.392405063291139
v 0.989622982519336 0.661244936513404 1.392405063291139
v 0.920044339632584 0.7550608761584222 1.392405063291139
v 0.841605166807774 0.8416051668077738 1.392405063291139
v 0.7550608761584222 0.920044339632584 1.392405063291139
v 0.6612449365134042 0.989622982519336 1.392405063291139
v 0.5610608466565103 1.049671015101475 1.392405063291139
v 0.4554734341392569 1.099610141999642 1.392405063291139
v 0.3454995634641361 1.138959422122304 1.392405063291139
v 0.2321983431235826 1.167339900391375 1.392405063291139
v 0.116660925806223 1.184478257286775 1.392405063291139
v 7.287930911562743e-17 1.190209441062825 1.392405063291139
v -0.1166609258062228 1.184478257286776 1.392405063291139
v -0.2321983431235824 1.167339900391375 1.392405063291139
v -0.3454995634641359 1.138959422122304 1.392405063291139
v -0.4554734341392567 1.099610141999642 1.392405063291139
v -0.5610608466565102 1.049671015101475 1.392405063291139
v -0.6612449365134038 0.9896229825193361 1.392405063291139
v -0.7550608761584221 0.9200443396325841 1.392405063291139
v -0.8416051668077738 0.841605166807774 1.392405063291139
v -0.920044339632584 0.7550608761584222 1.392405063291139
v -0.9896229825193361 0.661244936513404 1.392405063291139
v -1.049671015101475 0.5610608466565105 1.392405063291139
v -1.099610141999642 0.4554734341392569 1.392405063291139
v -1.138959422122304 0.3454995634641362 1.392405063291139
v -1.167339900391375 0.2321983431235829 1.392405063291139
v -1.184478257286775 0.116660925806223 1.392405063291139
v -1.190209441062825 1.457586182312549e-16 1.392405063291139
v -1.184478257286776 -0.1166609258062228 1.392405063291139
v -1.167339900391375 -0.2321983431235826 1.392405063291139
v -1.138959422122304 -0.3454995634641359 1.392405063291139
v -1.099610141999642 -0.4554734341392567 1.392405063291139
v -1.049671015101475 -0.5610608466565101 1.392405063291139
v -0.9896229825193362 -0.6612449365134038 1.392405063291139
v -0.9200443396325841 -0.755060876158422 1.392405063291139
v -0.8416051668077741 -0.8416051668077738 1.392405063291139
v -0.7550608761584227 -0.9200443396325836 1.392405063291139
v -0.661244936513404 -0.989622982519336 1.392405063291139
v -0.5610608466565105 -1.049671015101475 1.392405063291139
v -0.4554734341392575 -1.099610141999642 1.392405063291139
v -0.3454995634641362 -1.138959422122304 1.392405063291139
v -0.232198343123583 -1.167339900391375 1.392405063291139
v -0.1166609258062226 -1.184478257286776 1.392405063291139
v -2.186379273468823e-16 -1.190209441062825 1.392405063291139
v 0.1166609258062222 -1.184478257286776 1.392405063291139
v 0.2321983431235826 -1.167339900391375 1.392405063291139
v 0.3454995634641357 -1.138959422122304 1.392405063291139
v 0.4554734341392571 -1.099610141999642 1.392405063291139
v 0.5610608466565101 -1.049671015101475 1.392405063291139
v 0.6612449365134037 -0.9896229825193362 1.392405063291139
v 0.7550608761584224 -0.9200443396325838 1.392405063291139
v 0.8416051668077736 -0.8416051668077741 1.392405063291139
v 0.9200443396325836 -0.7550608761584228 1.392405063291139
v 0.989622982519336 -0.661244936513404 1.392405063291139
v 1.049671015101475 -0.5610608466565106 1.392405063291139
v 1.099610141999642 -0.4554734341392576 1.392405063291139
v 1.138959422122304 -0.3454995634641363 1.392405063291139
v 1.167339900391375 -0.2321983431235831 1.392405063291139
v 1.184478257286776 -0.1166609258062227 1.392405063291139
v 1.185820795557847 0 1.455696202531646
v 1.180110744309444 0.1162307633239047 1.455696202531646
v 1.163035581479185 0.2313421608588019 1.455696202531646
v 1.134759750219362 0.3442256069201395 1.455696202531646
v 1.095555562242146 0.4537939722139785 1.455696202531646
v 1.045800575308949 0.5589920534863778 1.455696202531646
v 0.9859739571427792 0.6588067357075633 1.455696202531646
v 0.9166518707811331 0.7522767489234897 1.455696202531646
v 0.8385019258109806 0.8385019258109805 1.455696202531646
v 0.7522767489234897 0.9166518707811331 1.455696202531646
v 0.6588067357075635 0.9859739571427792 1.455696202531646
v 0.5589920534863779 1.045800575308949 1.455696202531646
v 0.4537939722139785 1.095555562242146 1.455696202531646
v 0.3442256069201395 1.134759750219362 1.455696202531646
v 0.2313421608588019 1.163035581479185 1.455696202531646
v 0.1162307633239049 1.180110744309443 1.455696202531646
v 7.261058208211429e-17 1.185820795557847 1.455696202531646
v -0.1162307633239048 1.180110744309444 1.455696202531646
v -0.2313421608588018 1.163035581479185 1.455696202531646
v -0.3442256069201393 1.134759750219362 1.455696202531646
v -0.4537939722139784 1.095555562242146 1.455696202531646
v -0.5589920534863778 1.045800575308949 1.455696202531646
v -0.6588067357075631 0.9859739571427794 1.455696202531646
v -0.7522767489234896 0.9166518707811333 1.455696202531646
v -0.8385019258109805 0.8385019258109806 1.455696202531646
v -0.9166518707811331 0.7522767489234897 1.455696202531646
v -0.9859739571427794 0.6588067357075633 1.455696202531646
v -1.045800575308949 0.558992053486378 1.455696202531646
v -1.095555562242146 0.4537939722139786 1.455696202531646
v -1.134759750219362 0.3442256069201396 1.455696202531646
v -1.163035581479185 0.2313421608588023 1.455696202531646
v -1.180110744309443 0.116230763323905 1.455696202531646
v -1.185820795557847 1.452211641642286e-16 1.455696202531646
v -1.180110744309444 -0.1162307633239047 1.455696202531646
v -1.163035581479185 -0.231342160858802 1.455696202531646
v -1.134759750219362 -0.3442256069201393 1.455696202531646
v -1.095555562242146 -0.4537939722139783 1.455696202531646
v -1.045800575308949 -0.5589920534863778 1.455696202531646
v -0.9859739571427795 -0.6588067357075631 1.455696202531646
v -0.9166518707811333 -0.7522767489234894 1.455696202531646
v -0.8385019258109807 -0.8385019258109805 1.455696202531646
v -0.7522767489234901 -0.9166518707811327 1.455696202531646
v -0.6588067357075633 -0.9859739571427792 1.455696202531646
v -0.5589920534863781 -1.045800575308949 1.455696202531646
v -0.4537939722139792 -1.095555562242146 1.455696202531646
v -0.3442256069201396 -1.134759750219362 1.455696202531646
v -0.2313421608588023 -1.163035581479185 1.455696202531646
v -0.1162307633239046 -1.180110744309444 1.455696202531646
v -2.178317462463429e-16 -1.185820795557847 1.455696202531646
v 0.1162307633239041 -1.180110744309444 1.455696202531646
v 0.2313421608588019 -1.163035581479185 1.455696202531646
v 0.3442256069201392 -1.134759750219362 1.455696202531646
v 0.4537939722139788 -1.095555562242146 1.455696202531646
v 0.5589920534863777 -1.045800575308949 1.455696202531646
v 0.658806735707563 -0.9859739571427795 1.455696202531646
v 0.7522767489234898 -0.916651870781133 1.455696202531646
v 0.8385019258109804 -0.8385019258109807 1.455696202531646
v 0.9166518707811327 -0.7522767489234902 1.455696202531646
v 0.9859739571427792 -0.6588067357075633 1.455696202531646
v 1.045800575308949 -0.5589920534863781 1.455696202531646
v 1.095555562242146 -0.4537939722139792 1.455696202531646
v 1.134759750219362 -0.3442256069201397 1.455696202531646
v 1.163035581479185 -0.2313421608588024 1.455696202531646
v 1.180110744309444 -0.1162307633239046 1.455696202531646
v 1.181391747786587 0 1.518987341772152
v 1.175703023613783 0.1157966407269827 1.518987341772152
v 1.15869163661893 0.2304780965028817 1.518987341772152
v 1.130521415758157 0.3429399222173145 1.518987341772152
v 1.091463655657763 0.4520990490107634 1.518987341772152
v 1.041894503898659 0.5569042148197589 1.518987341772152
v 0.9822913385095394 0.6563460886052289 1.518987341772152
v 0.9132281705555054 0.7494669907621617 1.518987341772152
v 0.8353701160977228 0.8353701160977227 1.518987341772152
v 0.7494669907621617 0.9132281705555054 1.518987341772152
v 0.6563460886052291 0.9822913385095394 1.518987341772152
v 0.556904214819759 1.041894503898659 1.518987341772152
v 0.4520990490107635 1.091463655657763 1.518987341772152
v 0.3429399222173145 1.130521415758157 1.518987341772152
v 0.2304780965028818 1.15869163661893 1.518987341772152
v 0.1157966407269829 1.175703023613783 1.518987341772152
v 7.233938112329702e-17 1.181391747786587 1.518987341772152
v -0.1157966407269828 1.175703023613783 1.518987341772152
v -0.2304780965028817 1.15869163661893 1.518987341772152
v -0.3429399222173142 1.130521415758157 1.518987341772152
v -0.4520990490107633 1.091463655657763 1.518987341772152
v -0.5569042148197589 1.041894503898659 1.518987341772152
v -0.6563460886052287 0.9822913385095395 1.518987341772152
v -0.7494669907621616 0.9132281705555056 1.518987341772152
v -0.8353701160977227 0.8353701160977228 1.518987341772152
v -0.9132281705555054 0.7494669907621617 1.518987341772152
v -0.9822913385095395 0.6563460886052289 1.518987341772152
v -1.041894503898659 0.5569042148197592 1.518987341772152
v -1.091463655657763 0.4520990490107635 1.518987341772152
v -1.130521415758157 0.3429399222173145 1.518987341772152
v -1.15869163661893 0.2304780965028821 1.518987341772152
v -1.175703023613783 0.115796640726983 1.518987341772152
v -1.181391747786587 1.44678762246594e-16 1.518987341772152
v -1.175703023613783 -0.1157966407269827 1.518987341772152
v -1.15869163661893 -0.2304780965028819 1.518987341772152
v -1.130521415758157 -0.3429399222173142 1.518987341772152
v -1.091463655657764 -0.4520990490107633 1.518987341772152
v -1.041894503898659 -0.5569042148197589 1.518987341772152
v -0.9822913385095396 -0.6563460886052287 1.518987341772152
v -0.9132281705555056 -0.7494669907621615 1.518987341772152
v -0.8353701160977229 -0.8353701160977227 1.518987341772152
v -0.7494669907621622 -0.9132281705555051 1.518987341772152
v -0.6563460886052289 -0.9822913385095394 1.518987341772152
v -0.5569042148197593 -1.041894503898659 1.518987341772152
v -0.452099049010764 -1.091463655657763 1.518987341772152
v -0.3429399222173146 -1.130521415758157 1.518987341772152
v -0.2304780965028822 -1.15869163661893 1.518987341772152
v -0.1157966407269825 -1.175703023613783 1.518987341772152
v -2.17018143369891e-16 -1.181391747786587 1.518987341772152
v 0.1157966407269821 -1.175703023613783 1.518987341772152
v 0.2304780965028818 -1.15869163661893 1.518987341772152
v 0.3429399222173141 -1.130521415758157 1.518987341772152
v 0.4520990490107636 -1.091463655657763 1.518987341772152
v 0.5569042148197588 -1.041894503898659 1.518987341772152
v 0.6563460886052286 -0.9822913385095396 1.518987341772152
v 0.7494669907621619 -0.9132281705555053 1.518987341772152
v 0.8353701160977226 -0.8353701160977229 1.518987341772152
v 0.9132281705555051 -0.7494669907621623 1.518987341772152
v 0.9822913385095394 -0.6563460886052289 1.518987341772152
v 1.041894503898659 -0.5569042148197593 1.518987341772152
v 1.091463655657763 -0.4520990490107641 1.518987341772152
v 1.130521415758157 -0.3429399222173146 1.518987341772152
v 1.15869163661893 -0.2304780965028823 1.518987341772152
v 1.175703023613783 -0.1157966407269826 1.518987341772152
v 1.176910284919059 0 1.582278481012658
v 1.171243140214871 0.1153573805522145 1.582278481012658
v 1.154296283803785 0.2296038064689525 1.582278481012658
v 1.126232923177134 0.3416390222151863 1.582278481012658
v 1.087323323838745 0.4503840674186012 1.582278481012658
v 1.037942206500399 0.5547916678477995 1.582278481012658
v 0.9785651383165279 0.653856321235648 1.582278481012658
v 0.9097639529125497 0.7466239808157735 1.582278481012658
v 0.8322012433144583 0.8322012433144582 1.582278481012658
v 0.7466239808157735 0.9097639529125497 1.582278481012658
v 0.6538563212356481 0.9785651383165279 1.582278481012658
v 0.5547916678477998 1.037942206500399 1.582278481012658
v 0.4503840674186013 1.087323323838745 1.582278481012658
v 0.3416390222151863 1.126232923177134 1.582278481012658
v 0.2296038064689525 1.154296283803785 1.582278481012658
v 0.1153573805522147 1.171243140214871 1.582278481012658
v 7.206497066548625e-17 1.176910284919059 1.582278481012658
v -0.1153573805522146 1.171243140214871 1.582278481012658
v -0.2296038064689524 1.154296283803785 1.582278481012658
v -0.3416390222151861 1.126232923177134 1.582278481012658
v -0.4503840674186012 1.087323323838745 1.582278481012658
v -0.5547916678477995 1.037942206500399 1.582278481012658
v -0.6538563212356477 0.9785651383165281 1.582278481012658
v -0.7466239808157734 0.9097639529125499 1.582278481012658
v -0.8322012433144582 0.8322012433144583 1.582278481012658
v -0.9097639529125497 0.7466239808157735 1.582278481012658
v -0.9785651383165281 0.653856321235648 1.582278481012658
v -1.037942206500399 0.5547916678477998 1.582278481012658
v -1.087323323838745 0.4503840674186014 1.582278481012658
v -1.126232923177134 0.3416390222151864 1.582278481012658
v -1.154296283803785 0.2296038064689529 1.582278481012658
v -1.171243140214871 0.1153573805522148 1.582278481012658
v -1.176910284919059 1.441299413309725e-16 1.582278481012658
v -1.171243140214871 -0.1153573805522145 1.582278481012658
v -1.154296283803785 -0.2296038064689526 1.582278481012658
v -1.126232923177134 -0.3416390222151861 1.582278481012658
v -1.087323323838746 -0.4503840674186011 1.582278481012658
v -1.037942206500399 -0.5547916678477995 1.582278481012658
v -0.9785651383165282 -0.6538563212356477 1.582278481012658
v -0.9097639529125499 -0.7466239808157733 1.582278481012658
v -0.8322012433144584 -0.8322012433144582 1.582278481012658
v -0.7466239808157739 -0.9097639529125493 1.582278481012658
v -0.653856321235648 -0.9785651383165279 1.582278481012658
v -0.5547916678477999 -1.037942206500399 1.582278481012658
v -0.4503840674186019 -1.087323323838745 1.582278481012658
v -0.3416390222151864 -1.126232923177134 1.582278481012658
v -0.2296038064689529 -1.154296283803785 1.582278481012658
v -0.1153573805522144 -1.171243140214871 1.582278481012658
v -2.161949119964587e-16 -1.176910284919059 1.582278481012658
v 0.115357380552214 -1.171243140214871 1.582278481012658
v 0.2296038064689525 -1.154296283803785 1.582278481012658
v 0.341639022215186 -1.126232923177134 1.582278481012658
v 0.4503840674186015 -1.087323323838745 1.582278481012658
v 0.5547916678477994 -1.037942206500399 1.582278481012658
v 0.6538563212356475 -0.9785651383165282 1.582278481012658
v 0.7466239808157736 -0.9097639529125495 1.582278481012658
v 0.8322012433144581 -0.8322012433144584 1.582278481012658
v 0.9097639529125493 -0.7466239808157741 1.582278481012658
v 0.9785651383165279 -0.653856321235648 1.582278481012658
v 1.037942206500399 -0.5547916678477999 1.582278481012658
v 1.087323323838745 -0.4503840674186019 1.582278481012658
v 1.126232923177134 -0.3416390222151865 1.582278481012658
v 1.154296283803785 -0.229603806468953 1.582278481012658
v 1.171243140214871 -0.1153573805522144 1.582278481012658
v 1.172364725510396 0 1.645569620253165
v 1.166719468917189 0.1149118378177793 1.645569620253165
v 1.14983806604457 0.228717011820173 1.645569620253165
v 1.121883094030517 0.3403195159693017 1.645569620253165
v 1.083123774537268 0.4486445571420747 1.645569620253165
v 1.033933380999541 0.5526489059755072 1.645569620253165
v 0.9747856437973089 0.6513309437357727 1.645569620253165
v 0.9062501879732721 0.743740308454151 1.645569620253165
v 0.8289870474323066 0.8289870474323064 1.645569620253165
v 0.743740308454151 0.9062501879732721 1.645569620253165
v 0.6513309437357728 0.9747856437973089 1.645569620253165
v 0.5526489059755074 1.033933380999541 1.645569620253165
v 0.4486445571420748 1.083123774537268 1.645569620253165
v 0.3403195159693017 1.121883094030517 1.645569620253165
v 0.2287170118201731 1.14983806604457 1.645569620253165
v 0.1149118378177795 1.166719468917189 1.645569620253165
v 7.17866354264786e-17 1.172364725510396 1.645569620253165
v -0.1149118378177793 1.166719468917189 1.645569620253165
v -0.2287170118201729 1.14983806604457 1.645569620253165
v -0.3403195159693015 1.121883094030518 1.645569620253165
v -0.4486445571420747 1.083123774537268 1.645569620253165
v -0.5526489059755072 1.033933380999541 1.645569620253165
v -0.6513309437357725 0.9747856437973091 1.645569620253165
v -0.7437403084541508 0.9062501879732722 1.645569620253165
v -0.8289870474323064 0.8289870474323066 1.645569620253165
v -0.9062501879732721 0.743740308454151 1.645569620253165
v -0.9747856437973091 0.6513309437357727 1.645569620253165
v -1.033933380999541 0.5526489059755074 1.645569620253165
v -1.083123774537268 0.4486445571420749 1.645569620253165
v -1.121883094030517 0.3403195159693017 1.645569620253165
v -1.14983806604457 0.2287170118201734 1.645569620253165
v -1.166719468917189 0.1149118378177796 1.645569620253165
v -1.172364725510396 1.435732708529572e-16 1.645569620253165
v -1.166719468917189 -0.1149118378177793 1.645569620253165
v -1.14983806604457 -0.2287170118201731 1.645569620253165
v -1.121883094030518 -0.3403195159693014 1.645569620253165
v -1.083123774537268 -0.4486445571420746 1.645569620253165
v -1.033933380999541 -0.5526489059755072 1.645569620253165
v -0.9747856437973093 -0.6513309437357725 1.645569620253165
v -0.9062501879732722 -0.7437403084541507 1.645569620253165
v -0.8289870474323068 -0.8289870474323064 1.645569620253165
v -0.7437403084541514 -0.9062501879732716 1.645569620253165
v -0.6513309437357727 -0.9747856437973089 1.645569620253165
v -0.5526489059755075 -1.033933380999541 1.645569620253165
v -0.4486445571420754 -1.083123774537267 1.645569620253165
v -0.3403195159693018 -1.121883094030517 1.645569620253165
v -0.2287170118201735 -1.14983806604457 1.645569620253165
v -0.1149118378177791 -1.166719468917189 1.645569620253165
v -2.153599062794358e-16 -1.172364725510396 1.645569620253165
v 0.1149118378177787 -1.166719468917189 1.645569620253165
v 0.2287170118201731 -1.14983806604457 1.645569620253165
v 0.3403195159693013 -1.121883094030518 1.645569620253165
v 0.448644557142075 -1.083123774537268 1.645569620253165
v 0.5526489059755071 -1.033933380999541 1.645569620253165
v 0.6513309437357724 -0.9747856437973093 1.645569620253165
v 0.7437403084541512 -0.9062501879732719 1.645569620253165
v 0.8289870474323063 -0.8289870474323068 1.645569620253165
v 0.9062501879732716 -0.7437403084541515 1.645569620253165
v 0.9747856437973089 -0.6513309437357727 1.645569620253165
v 1.033933380999541 -0.5526489059755075 1.645569620253165
v 1.083123774537267 -0.4486445571420755 1.645569620253165
v 1.121883094030517 -0.3403195159693019 1.645569620253165
v 1.14983806604457 -0.2287170118201735 1.645569620253165
v 1.166719468917189 -0.1149118378177792 1.645569620253165
v 1.1677437933547 0 1.708860759493671
v 1.162120787812851 0.114458907262221 1.708860759493671
v 1.145305923804521 0.2278155126779035 1.708860759493671
v 1.117461137662049 0.3389781301698706 1.708860759493671
v 1.078854589897497 0.4468762029640066 1.708860759493671
v 1.029858082670321 0.5504706136362175 1.708860759493671
v 0.9709434791293357 0.6487636913812647 1.708860759493671
v 0.9026781591126387 0.7408088201280013 1.708860759493671
v 0.8257195549696107 0.8257195549696106 1.708860759493671
v 0.7408088201280013 0.9026781591126387 1.708860759493671
v 0.6487636913812648 0.9709434791293357 1.708860759493671
v 0.5504706136362177 1.029858082670321 1.708860759493671
v 0.4468762029640067 1.078854589897497 1.708860759493671
v 0.3389781301698706 1.117461137662049 1.708860759493671
v 0.2278155126779036 1.145305923804521 1.708860759493671
v 0.1144589072622212 1.162120787812851 1.708860759493671
v 7.150368493780106e-17 1.1677437933547 1.708860759493671
v -0.1144589072622211 1.162120787812851 1.708860759493671
v -0.2278155126779034 1.145305923804521 1.708860759493671
v -0.3389781301698704 1.11746113766205 1.708860759493671
v -0.4468762029640065 1.078854589897497 1.708860759493671
v -0.5504706136362176 1.029858082670321 1.708860759493671
v -0.6487636913812644 0.9709434791293358 1.708860759493671
v -0.7408088201280012 0.9026781591126388 1.708860759493671
v -0.8257195549696106 0.8257195549696107 1.708860759493671
v -0.9026781591126387 0.7408088201280013 1.708860759493671
v -0.9709434791293358 0.6487636913812647 1.708860759493671
v -1.029858082670321 0.5504706136362179 1.708860759493671
v -1.078854589897497 0.4468762029640067 1.708860759493671
v -1.117461137662049 0.3389781301698706 1.708860759493671
v -1.145305923804521 0.2278155126779039 1.708860759493671
v -1.162120787812851 0.1144589072622213 1.708860759493671
v -1.1677437933547 1.430073698756021e-16 1.708860759493671
v -1.162120787812851 -0.114458907262221 1.708860759493671
v -1.145305923804521 -0.2278155126779036 1.708860759493671
v -1.11746113766205 -0.3389781301698703 1.708860759493671
v -1.078854589897497 -0.4468762029640065 1.708860759493671
v -1.029858082670321 -0.5504706136362175 1.708860759493671
v -0.9709434791293359 -0.6487636913812644 1.708860759493671
v -0.9026781591126388 -0.7408088201280011 1.708860759493671
v -0.8257195549696108 -0.8257195549696106 1.708860759493671
v -0.7408088201280018 -0.9026781591126383 1.708860759493671
v -0.6487636913812647 -0.9709434791293357 1.708860759493671
v -0.5504706136362179 -1.029858082670321 1.708860759493671
v -0.4468762029640073 -1.078854589897496 1.708860759493671
v -0.3389781301698707 -1.117461137662049 1.708860759493671
v -0.227815512677904 -1.145305923804521 1.708860759493671
v -0.1144589072622208 -1.162120787812851 1.708860759493671
v -2.145110548134032e-16 -1.1677437933547 1.708860759493671
v 0.1144589072622204 -1.162120787812851 1.708860759493671
v 0.2278155126779035 -1.145305923804521 1.708860759493671
v 0.3389781301698702 -1.11746113766205 1.708860759493671
v 0.4468762029640069 -1.078854589897496 1.708860759493671
v 0.5504706136362175 -1.029858082670321 1.708860759493671
v 0.6487636913812643 -0.9709434791293359 1.708860759493671
v 0.7408088201280014 -0.9026781591126385 1.708860759493671
v 0.8257195549696104 -0.8257195549696108 1.708860759493671
v 0.9026781591126383 -0.7408088201280019 1.708860759493671
v 0.9709434791293357 -0.6487636913812647 1.708860759493671
v 1.029858082670321 -0.550470613636218 1.708860759493671
v 1.078854589897496 -0.4468762029640073 1.708860759493671
v 1.117461137662049 -0.3389781301698708 1.708860759493671
v 1.145305923804521 -0.227815512677904 1.708860759493671
v 1.162120787812851 -0.1144589072622209 1.708860759493671
v 1.163036688776845 0 1.772151898734177
v 1.157436349230122 0.1139975303322675 1.772151898734177
v 1.140689264921243 0.2268972021300463 1.772151898734177
v 1.112956719426991 0.3376117298366851 1.772151898734177
v 1.074505792320627 0.4450748720276518 1.772151898734177
v 1.0257067870496 0.5482516998983182 1.772151898734177
v 0.9670296647109196 0.6461485641940985 1.772151898734177
v 0.8990395180688856 0.7378226645959546 1.772151898734177
v 0.8223911294028555 0.8223911294028554 1.772151898734177
v 0.7378226645959546 0.8990395180688856 1.772151898734177
v 0.6461485641940986 0.9670296647109196 1.772151898734177
v 0.5482516998983185 1.025706787049599 1.772151898734177
v 0.4450748720276519 1.074505792320627 1.772151898734177
v 0.3376117298366851 1.112956719426991 1.772151898734177
v 0.2268972021300464 1.140689264921243 1.772151898734177
v 0.1139975303322677 1.157436349230122 1.772151898734177
v 7.1215457910075e-17 1.163036688776845 1.772151898734177
v -0.1139975303322676 1.157436349230122 1.772151898734177
v -0.2268972021300462 1.140689264921243 1.772151898734177
v -0.3376117298366849 1.112956719426991 1.772151898734177
v -0.4450748720276518 1.074505792320627 1.772151898734177
v -0.5482516998983183 1.0257067870496 1.772151898734177
v -0.6461485641940983 0.9670296647109197 1.772151898734177
v -0.7378226645959544 0.8990395180688857 1.772151898734177
v -0.8223911294028554 0.8223911294028555 1.772151898734177
v -0.8990395180688856 0.7378226645959546 1.772151898734177
v -0.9670296647109197 0.6461485641940985 1.772151898734177
v -1.025706787049599 0.5482516998983186 1.772151898734177
v -1.074505792320627 0.445074872027652 1.772151898734177
v -1.112956719426991 0.3376117298366851 1.772151898734177
v -1.140689264921243 0.2268972021300467 1.772151898734177
v -1.157436349230122 0.1139975303322678 1.772151898734177
v -1.163036688776845 1.4243091582015e-16 1.772151898734177
v -1.157436349230122 -0.1139975303322675 1.772151898734177
v -1.140689264921243 -0.2268972021300464 1.772151898734177
v -1.112956719426991 -0.3376117298366848 1.772151898734177
v -1.074505792320627 -0.4450748720276517 1.772151898734177
v -1.0257067870496 -0.5482516998983182 1.772151898734177
v -0.9670296647109198 -0.6461485641940983 1.772151898734177
v -0.8990395180688857 -0.7378226645959542 1.772151898734177
v -0.8223911294028557 -0.8223911294028554 1.772151898734177
v -0.7378226645959549 -0.8990395180688853 1.772151898734177
v -0.6461485641940985 -0.9670296647109196 1.772151898734177
v -0.5482516998983186 -1.025706787049599 1.772151898734177
v -0.4450748720276525 -1.074505792320626 1.772151898734177
v -0.3376117298366852 -1.112956719426991 1.772151898734177
v -0.2268972021300468 -1.140689264921243 1.772151898734177
v -0.1139975303322674 -1.157436349230122 1.772151898734177
v -2.13646373730225e-16 -1.163036688776845 1.772151898734177
v 0.1139975303322669 -1.157436349230122 1.772151898734177
v 0.2268972021300464 -1.140689264921243 1.772151898734177
v 0.3376117298366847 -1.112956719426991 1.772151898734177
v 0.4450748720276521 -1.074505792320626 1.772151898734177
v 0.5482516998983182 -1.0257067870496 1.772151898734177
v 0.6461485641940981 -0.9670296647109198 1.772151898734177
v 0.7378226645959547 -0.8990395180688855 1.772151898734177
v 0.8223911294028553 -0.8223911294028557 1.772151898734177
v 0.8990395180688853 -0.737822664595955 1.772151898734177
v 0.9670296647109196 -0.6461485641940985 1.772151898734177
v 1.025706787049599 -0.5482516998983187 1.772151898734177
v 1.074505792320626 -0.4450748720276526 1.772151898734177
v 1.112956719426991 -0.3376117298366853 1.772151898734177
v 1.140689264921243 -0.2268972021300468 1.772151898734177
v 1.157436349230122 -0.1139975303322674 1.772151898734177
v 1.158233156911508 0 1.835443037974684
v 1.152655947683655 0.1135267018753452 1.835443037974684
v 1.135978031573772 0.2259600795516229 1.835443037974684
v 1.108360026031074 0.3362173381394741 1.835443037974684
v 1.070067907546476 0.4432366399659494 1.835443037974684
v 1.021470450153584 0.5459873306517585 1.835443037974684
v 0.9630356739331645 0.6434798648763559 1.835443037974684
v 0.8953263377239188 0.7347753362403184 1.835443037974684
v 0.8189945194472298 0.8189945194472297 1.835443037974684
v 0.7347753362403184 0.8953263377239188 1.835443037974684
v 0.643479864876356 0.9630356739331645 1.835443037974684
v 0.5459873306517586 1.021470450153584 1.835443037974684
v 0.4432366399659495 1.070067907546476 1.835443037974684
v 0.3362173381394741 1.108360026031074 1.835443037974684
v 0.2259600795516229 1.135978031573772 1.835443037974684
v 0.1135267018753454 1.152655947683655 1.835443037974684
v 7.09213264139006e-17 1.158233156911508 1.835443037974684
v -0.1135267018753453 1.152655947683655 1.835443037974684
v -0.2259600795516228 1.135978031573772 1.835443037974684
v -0.3362173381394739 1.108360026031075 1.835443037974684
v -0.4432366399659494 1.070067907546476 1.835443037974684
v -0.5459873306517585 1.021470450153584 1.835443037974684
v -0.6434798648763557 0.9630356739331646 1.835443037974684
v -0.7347753362403183 0.8953263377239189 1.835443037974684
v -0.8189945194472297 0.8189945194472298 1.835443037974684
v -0.8953263377239188 0.7347753362403184 1.835443037974684
v -0.9630356739331646 0.6434798648763559 1.835443037974684
v -1.021470450153584 0.5459873306517588 1.835443037974684
v -1.070067907546476 0.4432366399659496 1.835443037974684
v -1.108360026031074 0.3362173381394741 1.835443037974684
v -1.135978031573772 0.2259600795516233 1.835443037974684
v -1.152655947683655 0.1135267018753455 1.835443037974684
v -1.158233156911508 1.418426528278012e-16 1.835443037974684
v -1.152655947683655 -0.1135267018753452 1.835443037974684
v -1.135978031573772 -0.225960079551623 1.835443037974684
v -1.108360026031075 -0.3362173381394739 1.835443037974684
v -1.070067907546476 -0.4432366399659493 1.835443037974684
v -1.021470450153584 -0.5459873306517585 1.835443037974684
v -0.9630356739331647 -0.6434798648763557 1.835443037974684
v -0.8953263377239189 -0.7347753362403181 1.835443037974684
v -0.8189945194472299 -0.8189945194472297 1.835443037974684
v -0.7347753362403188 -0.8953263377239183 1.835443037974684
v -0.6434798648763559 -0.9630356739331645 1.835443037974684
v -0.5459873306517589 -1.021470450153584 1.835443037974684
v -0.4432366399659501 -1.070067907546475 1.835443037974684
v -0.3362173381394742 -1.108360026031074 1.835443037974684
v -0.2259600795516233 -1.135978031573772 1.835443037974684
v -0.1135267018753451 -1.152655947683655 1.835443037974684
v -2.127639792417018e-16 -1.158233156911508 1.835443037974684
v 0.1135267018753447 -1.152655947683655 1.835443037974684
v 0.2259600795516229 -1.135978031573772 1.835443037974684
v 0.3362173381394737 -1.108360026031075 1.835443037974684
v 0.4432366399659497 -1.070067907546476 1.835443037974684
v 0.5459873306517584 -1.021470450153584 1.835443037974684
v 0.6434798648763554 -0.9630356739331647 1.835443037974684
v 0.7347753362403185 -0.8953263377239187 1.835443037974684
v 0.8189945194472296 -0.8189945194472299 1.835443037974684
v 0.8953263377239183 -0.7347753362403189 1.835443037974684
v 0.9630356739331645 -0.6434798648763559 1.835443037974684
v 1.021470450153583 -0.5459873306517589 1.835443037974684
v 1.070067907546475 -0.4432366399659501 1.835443037974684
v 1.108360026031074 -0.3362173381394743 1.835443037974684
v 1.135978031573772 -0.2259600795516234 1.835443037974684
v 1.152655947683655 -0.1135267018753451 1.835443037974684
v 1.153323552537719 0 1.89873417721519
v 1.147769984396857 0.1130454764944769 1.89873417721519
v 1.131162763871356 0.2250022632533685 1.89873417721519
v 1.103661827573308 0.3347921552183816 1.89873417721519
v 1.065532024552804 0.4413578157126331 1.89873417721519
v 1.017140565656801 0.5436729591708476 1.89873417721519
v 0.958953487087931 0.6407522348303757 1.89873417721519
v 0.8915311622211043 0.731660716197686 1.89873417721519
v 0.8155229049015803 0.8155229049015802 1.89873417721519
v 0.731660716197686 0.8915311622211043 1.89873417721519
v 0.6407522348303758 0.958953487087931 1.89873417721519
v 0.5436729591708478 1.017140565656801 1.89873417721519
v 0.4413578157126332 1.065532024552804 1.89873417721519
v 0.3347921552183816 1.103661827573308 1.89873417721519
v 0.2250022632533686 1.131162763871356 1.89873417721519
v 0.1130454764944771 1.147769984396857 1.89873417721519
v 7.062069984982857e-17 1.153323552537719 1.89873417721519
v -0.113045476494477 1.147769984396857 1.89873417721519
v -0.2250022632533684 1.131162763871356 1.89873417721519
v -0.3347921552183813 1.103661827573308 1.89873417721519
v -0.4413578157126331 1.065532024552804 1.89873417721519
v -0.5436729591708477 1.017140565656801 1.89873417721519
v -0.6407522348303755 0.9589534870879312 1.89873417721519
v -0.7316607161976859 0.8915311622211044 1.89873417721519
v -0.8155229049015802 0.8155229049015803 1.89873417721519
v -0.8915311622211043 0.731660716197686 1.89873417721519
v -0.9589534870879312 0.6407522348303757 1.89873417721519
v -1.017140565656801 0.5436729591708478 1.89873417721519
v -1.065532024552804 0.4413578157126332 1.89873417721519
v -1.103661827573308 0.3347921552183816 1.89873417721519
v -1.131162763871356 0.2250022632533689 1.89873417721519
v -1.147769984396857 0.1130454764944772 1.89873417721519
v -1.153323552537719 1.412413996996571e-16 1.89873417721519
v -1.147769984396857 -0.1130454764944769 1.89873417721519
v -1.131162763871356 -0.2250022632533686 1.89873417721519
v -1.103661827573308 -0.3347921552183813 1.89873417721519
v -1.065532024552804 -0.4413578157126329 1.89873417721519
v -1.017140565656801 -0.5436729591708476 1.89873417721519
v -0.9589534870879313 -0.6407522348303755 1.89873417721519
v -0.8915311622211044 -0.7316607161976858 1.89873417721519
v -0.8155229049015804 -0.8155229049015802 1.89873417721519
v -0.7316607161976864 -0.8915311622211038 1.89873417721519
v -0.6407522348303757 -0.958953487087931 1.89873417721519
v -0.5436729591708479 -1.017140565656801 1.89873417721519
v -0.4413578157126337 -1.065532024552804 1.89873417721519
v -0.3347921552183817 -1.103661827573308 1.89873417721519
v -0.225002263253369 -1.131162763871356 1.89873417721519
v -0.1130454764944767 -1.147769984396857 1.89873417721519
v -2.118620995494857e-16 -1.153323552537719 1.89873417721519
v 0.1130454764944763 -1.147769984396857 1.89873417721519
v 0.2250022632533686 -1.131162763871356 1.89873417721519
v 0.3347921552183812 -1.103661827573308 1.89873417721519
v 0.4413578157126333 -1.065532024552804 1.89873417721519
v 0.5436729591708476 -1.017140565656801 1.89873417721519
v 0.6407522348303754 -0.9589534870879313 1.89873417721519
v 0.7316607161976861 -0.8915311622211041 1.89873417721519
v 0.81552290490158 -0.8155229049015804 1.89873417721519
v 0.8915311622211038 -0.7316607161976865 1.89873417721519
v 0.958953487087931 -0.6407522348303757 1.89873417721519
v 1.017140565656801 -0.543672959170848 1.89873417721519
v 1.065532024552804 -0.4413578157126338 1.89873417721519
v 1.103661827573308 -0.3347921552183817 1.89873417721519
v 1.131162763871356 -0.2250022632533691 1.89873417721519
v 1.147769984396857 -0.1130454764944768 1.89873417721519
v 1.148298901059061 0 1.962025316455696
v 1.142769527988445 0.1125529745253862 1.962025316455696
v 1.126234659661932 0.2240220023783783 1.962025316455696
v 1.098853535900384 0.3333335758855832 1.962025316455696
v 1.060889851893669 0.4394349648383419 1.962025316455696
v 1.012709218671833 0.5413043548601203 1.962025316455696
v 0.9547756420710158 0.6379606880375354 1.962025316455696
v 0.887647054103597 0.7284731110443624 1.962025316455696
v 0.8119699397679222 0.811969939767922 1.962025316455696
v 0.7284731110443624 0.887647054103597 1.962025316455696
v 0.6379606880375355 0.9547756420710158 1.962025316455696
v 0.5413043548601204 1.012709218671833 1.962025316455696
v 0.439434964838342 1.060889851893669 1.962025316455696
v 0.3333335758855832 1.098853535900384 1.962025316455696
v 0.2240220023783784 1.126234659661932 1.962025316455696
v 0.1125529745253864 1.142769527988445 1.962025316455696
v 7.031302868232009e-17 1.148298901059061 1.962025316455696
v -0.1125529745253862 1.142769527988445 1.962025316455696
v -0.2240220023783782 1.126234659661932 1.962025316455696
v -0.333333575885583 1.098853535900384 1.962025316455696
v -0.4394349648383418 1.060889851893669 1.962025316455696
v -0.5413043548601203 1.012709218671833 1.962025316455696
v -0.6379606880375351 0.954775642071016 1.962025316455696
v -0.7284731110443623 0.8876470541035971 1.962025316455696
v -0.811969939767922 0.8119699397679222 1.962025316455696
v -0.887647054103597 0.7284731110443624 1.962025316455696
v -0.954775642071016 0.6379606880375354 1.962025316455696
v -1.012709218671833 0.5413043548601205 1.962025316455696
v -1.060889851893669 0.439434964838342 1.962025316455696
v -1.098853535900384 0.3333335758855832 1.962025316455696
v -1.126234659661932 0.2240220023783787 1.962025316455696
v -1.142769527988445 0.1125529745253864 1.962025316455696
v -1.148298901059061 1.406260573646402e-16 1.962025316455696
v -1.142769527988445 -0.1125529745253862 1.962025316455696
v -1.126234659661932 -0.2240220023783784 1.962025316455696
v -1.098853535900384 -0.3333335758855829 1.962025316455696
v -1.060889851893669 -0.4394349648383418 1.962025316455696
v -1.012709218671833 -0.5413043548601203 1.962025316455696
v -0.9547756420710161 -0.6379606880375351 1.962025316455696
v -0.8876470541035971 -0.7284731110443622 1.962025316455696
v -0.8119699397679223 -0.811969939767922 1.962025316455696
v -0.7284731110443627 -0.8876470541035967 1.962025316455696
v -0.6379606880375354 -0.9547756420710158 1.962025316455696
v -0.5413043548601206 -1.012709218671833 1.962025316455696
v -0.4394349648383425 -1.060889851893669 1.962025316455696
v -0.3333335758855833 -1.098853535900384 1.962025316455696
v -0.2240220023783788 -1.126234659661932 1.962025316455696
v -0.112552974525386 -1.142769527988445 1.962025316455696
v -2.109390860469602e-16 -1.148298901059061 1.962025316455696
v 0.1125529745253856 -1.142769527988445 1.962025316455696
v 0.2240220023783784 -1.126234659661932 1.962025316455696
v 0.3333335758855828 -1.098853535900384 1.962025316455696
v 0.4394349648383422 -1.060889851893669 1.962025316455696
v 0.5413043548601202 -1.012709218671833 1.962025316455696
v 0.637960688037535 -0.9547756420710161 1.962025316455696
v 0.7284731110443625 -0.8876470541035969 1.962025316455696
v 0.8119699397679219 -0.8119699397679223 1.962025316455696
v 0.8876470541035967 -0.728473111044363 1.962025316455696
v 0.9547756420710158 -0.6379606880375354 1.962025316455696
v 1.012709218671833 -0.5413043548601206 1.962025316455696
v 1.060889851893669 -0.4394349648383426 1.962025316455696
v 1.098853535900384 -0.3333335758855833 1.962025316455696
v 1.126234659661932 -0.2240220023783789 1.962025316455696
v 1.142769527988445 -0.1125529745253861 1.962025316455696
v 1.143150955243956 0 2.025316455696203
v 1.137646370939517 0.1120483875980181 2.025316455696203
v 1.121185630182164 0.2230176879715881 2.025316455696203
v 1.093927258903747 0.3318392060961222 2.025316455696203
v 1.056133770120617 0.4374649312641883 2.025316455696203
v 1.00816913578978 0.5388776300015231 2.025316455696203
v 0.9504952815599765 0.6351006425814656 2.025316455696203
v 0.8836676381751765 0.7252072887920219 2.025316455696203
v 0.8083297923728811 0.8083297923728809 2.025316455696203
v 0.7252072887920219 0.8836676381751765 2.025316455696203
v 0.6351006425814657 0.9504952815599765 2.025316455696203
v 0.5388776300015232 1.00816913578978 2.025316455696203
v 0.4374649312641884 1.056133770120617 2.025316455696203
v 0.3318392060961222 1.093927258903747 2.025316455696203
v 0.2230176879715881 1.121185630182164 2.025316455696203
v 0.1120483875980183 1.137646370939517 2.025316455696203
v 6.999780791408751e-17 1.143150955243956 2.025316455696203
v -0.1120483875980182 1.137646370939517 2.025316455696203
v -0.223017687971588 1.121185630182164 2.025316455696203
v -0.3318392060961219 1.093927258903747 2.025316455696203
v -0.4374649312641882 1.056133770120617 2.025316455696203
v -0.5388776300015231 1.00816913578978 2.025316455696203
v -0.6351006425814654 0.9504952815599766 2.025316455696203
v -0.7252072887920218 0.8836676381751766 2.025316455696203
v -0.8083297923728809 0.8083297923728811 2.025316455696203
v -0.8836676381751765 0.7252072887920219 2.025316455696203
v -0.9504952815599766 0.6351006425814656 2.025316455696203
v -1.00816913578978 0.5388776300015233 2.025316455696203
v -1.056133770120617 0.4374649312641885 2.025316455696203
v -1.093927258903747 0.3318392060961222 2.025316455696203
v -1.121185630182164 0.2230176879715884 2.025316455696203
v -1.137646370939517 0.1120483875980184 2.025316455696203
v -1.143150955243956 1.39995615828175e-16 2.025316455696203
v -1.137646370939517 -0.1120483875980181 2.025316455696203
v -1.121185630182164 -0.2230176879715882 2.025316455696203
v -1.093927258903747 -0.3318392060961219 2.025316455696203
v -1.056133770120617 -0.4374649312641882 2.025316455696203
v -1.00816913578978 -0.5388776300015231 2.025316455696203
v -0.9504952815599769 -0.6351006425814654 2.025316455696203
v -0.8836676381751766 -0.7252072887920217 2.025316455696203
v -0.8083297923728812 -0.8083297923728809 2.025316455696203
v -0.7252072887920223 -0.8836676381751761 2.025316455696203
v -0.6351006425814656 -0.9504952815599765 2.025316455696203
v -0.5388776300015233 -1.00816913578978 2.025316455696203
v -0.4374649312641889 -1.056133770120617 2.025316455696203
v -0.3318392060961223 -1.093927258903747 2.025316455696203
v -0.2230176879715885 -1.121185630182164 2.025316455696203
v -0.1120483875980179 -1.137646370939517 2.025316455696203
v -2.099934237422625e-16 -1.143150955243956 2.025316455696203
v 0.1120483875980175 -1.137646370939517 2.025316455696203
v 0.2230176879715881 -1.121185630182164 2.025316455696203
v 0.3318392060961218 -1.093927258903747 2.025316455696203
v 0.4374649312641886 -1.056133770120617 2.025316455696203
v 0.538877630001523 -1.00816913578978 2.025316455696203
v 0.6351006425814653 -0.9504952815599769 2.025316455696203
v 0.725207288792022 -0.8836676381751764 2.025316455696203
v 0.8083297923728807 -0.8083297923728812 2.025316455696203
v 0.8836676381751761 -0.7252072887920225 2.025316455696203
v 0.9504952815599765 -0.6351006425814656 2.025316455696203
v 1.00816913578978 -0.5388776300015234 2.025316455696203
v 1.056133770120617 -0.437464931264189 2.025316455696203
v 1.093927258903747 -0.3318392060961223 2.025316455696203
v 1.121185630182164 -0.2230176879715886 2.025316455696203
v 1.137646370939517 -0.112048387598018 2.025316455696203
v 1.137872247367319 0 2.088607594936709
v 1.132393081484123 0.111530983747315 2.088607594936709
v 1.11600835119721 0.2219878631521057 2.088607594936709
v 1.088875850416045 0.3303068780838318 2.088607594936709
v 1.051256879955285 0.435444857215504 2.088607594936709
v 1.00351373106509 0.5363892643338184 2.088607594936709
v 0.9461061963683303 0.6321679496163997 2.088607594936709
v 0.8795871418062874 0.7218585119660212 2.088607594936709
v 0.8045971822374077 0.8045971822374076 2.088607594936709
v 0.7218585119660212 0.8795871418062874 2.088607594936709
v 0.6321679496163998 0.9461061963683303 2.088607594936709
v 0.5363892643338186 1.00351373106509 2.088607594936709
v 0.435444857215504 1.051256879955285 2.088607594936709
v 0.3303068780838318 1.088875850416045 2.088607594936709
v 0.2219878631521058 1.11600835119721 2.088607594936709
v 0.1115309837473152 1.132393081484123 2.088607594936709
v 6.96745802788496e-17 1.137872247367319 2.088607594936709
v -0.111530983747315 1.132393081484123 2.088607594936709
v -0.2219878631521057 1.11600835119721 2.088607594936709
v -0.3303068780838316 1.088875850416045 2.088607594936709
v -0.4354448572155039 1.051256879955285 2.088607594936709
v -0.5363892643338184 1.00351373106509 2.088607594936709
v -0.6321679496163993 0.9461061963683304 2.088607594936709
v -0.7218585119660211 0.8795871418062875 2.088607594936709
v -0.8045971822374076 0.8045971822374077 2.088607594936709
v -0.8795871418062874 0.7218585119660212 2.088607594936709
v -0.9461061963683304 0.6321679496163997 2.088607594936709
v -1.00351373106509 0.5363892643338186 2.088607594936709
v -1.051256879955285 0.4354448572155041 2.088607594936709
v -1.088875850416045 0.3303068780838319 2.088607594936709
v -1.11600835119721 0.2219878631521061 2.088607594936709
v -1.132393081484123 0.1115309837473152 2.088607594936709
v -1.137872247367319 1.393491605576992e-16 2.088607594936709
v -1.132393081484123 -0.1115309837473149 2.088607594936709
v -1.11600835119721 -0.2219878631521059 2.088607594936709
v -1.088875850416045 -0.3303068780838316 2.088607594936709
v -1.051256879955286 -0.4354448572155039 2.088607594936709
v -1.00351373106509 -0.5363892643338184 2.088607594936709
v -0.9461061963683305 -0.6321679496163993 2.088607594936709
v -0.8795871418062875 -0.721858511966021 2.088607594936709
v -0.8045971822374078 -0.8045971822374076 2.088607594936709
v -0.7218585119660217 -0.8795871418062871 2.088607594936709
v -0.6321679496163997 -0.9461061963683303 2.088607594936709
v -0.5363892643338187 -1.00351373106509 2.088607594936709
v -0.4354448572155046 -1.051256879955285 2.088607594936709
v -0.3303068780838319 -1.088875850416045 2.088607594936709
v -0.2219878631521062 -1.116008351197209 2.088607594936709
v -0.1115309837473148 -1.132393081484123 2.088607594936709
v -2.090237408365488e-16 -1.137872247367319 2.088607594936709
v 0.1115309837473144 -1.132393081484123 2.088607594936709
v 0.2219878631521058 -1.11600835119721 2.088607594936709
v 0.3303068780838315 -1.088875850416045 2.088607594936709
v 0.4354448572155042 -1.051256879955285 2.088607594936709
v 0.5363892643338183 -1.00351373106509 2.088607594936709
v 0.6321679496163992 -0.9461061963683305 2.088607594936709
v 0.7218585119660214 -0.8795871418062873 2.088607594936709
v 0.8045971822374075 -0.8045971822374078 2.088607594936709
v 0.8795871418062871 -0.7218585119660218 2.088607594936709
v 0.9461061963683303 -0.6321679496163997 2.088607594936709
v 1.00351373106509 -0.5363892643338187 2.088607594936709
v 1.051256879955285 -0.4354448572155047 2.088607594936709
v 1.088875850416045 -0.330306878083832 2.088607594936709
v 1.116008351197209 -0.2219878631521063 2.088607594936709
v 1.132393081484123 -0.1115309837473148 2.088607594936709
v 1.132456136423917 0 2.151898734177215
v 1.127003050595287 0.1110001120409351 2.151898734177215
v 1.11069630930689 0.2209312323240823 2.151898734177215
v 1.083692955391503 0.328734664066652 2.151898734177215
v 1.046253045908866 0.4333722012896127 2.151898734177215
v 0.9987371476540337 0.533836127308811 2.151898734177215
v 0.9416028647020321 0.6291589195975137 2.151898734177215
v 0.8754004314304652 0.7184225675572418 2.151898734177215
v 0.8007674134616694 0.8007674134616692 2.151898734177215
v 0.7184225675572418 0.8754004314304652 2.151898734177215
v 0.6291589195975138 0.9416028647020321 2.151898734177215
v 0.5338361273088112 0.9987371476540335 2.151898734177215
v 0.4333722012896128 1.046253045908866 2.151898734177215
v 0.328734664066652 1.083692955391503 2.151898734177215
v 0.2209312323240824 1.11069630930689 2.151898734177215
v 0.1110001120409352 1.127003050595287 2.151898734177215
v 6.934293913231638e-17 1.132456136423917 2.151898734177215
v -0.1110001120409351 1.127003050595287 2.151898734177215
v -0.2209312323240823 1.11069630930689 2.151898734177215
v -0.3287346640666518 1.083692955391503 2.151898734177215
v -0.4333722012896127 1.046253045908866 2.151898734177215
v -0.5338361273088111 0.9987371476540337 2.151898734177215
v -0.6291589195975135 0.9416028647020322 2.151898734177215
v -0.7184225675572417 0.8754004314304654 2.151898734177215
v -0.8007674134616692 0.8007674134616694 2.151898734177215
v -0.8754004314304652 0.7184225675572418 2.151898734177215
v -0.9416028647020322 0.6291589195975137 2.151898734177215
v -0.9987371476540335 0.5338361273088114 2.151898734177215
v -1.046253045908866 0.4333722012896128 2.151898734177215
v -1.083692955391503 0.328734664066652 2.151898734177215
v -1.11069630930689 0.2209312323240827 2.151898734177215
v -1.127003050595287 0.1110001120409353 2.151898734177215
v -1.132456136423917 1.386858782646328e-16 2.151898734177215
v -1.127003050595287 -0.111000112040935 2.151898734177215
v -1.11069630930689 -0.2209312323240825 2.151898734177215
v -1.083692955391503 -0.3287346640666517 2.151898734177215
v -1.046253045908866 -0.4333722012896126 2.151898734177215
v -0.9987371476540337 -0.533836127308811 2.151898734177215
v -0.9416028647020324 -0.6291589195975135 2.151898734177215
v -0.8754004314304654 -0.7184225675572415 2.151898734177215
v -0.8007674134616696 -0.8007674134616692 2.151898734177215
v -0.7184225675572421 -0.8754004314304649 2.151898734177215
v -0.6291589195975137 -0.9416028647020321 2.151898734177215
v -0.5338361273088114 -0.9987371476540335 2.151898734177215
v -0.4333722012896133 -1.046253045908866 2.151898734177215
v -0.3287346640666521 -1.083692955391503 2.151898734177215
v -0.2209312323240828 -1.11069630930689 2.151898734177215
v -0.1110001120409349 -1.127003050595287 2.151898734177215
v -2.080288173969491e-16 -1.132456136423917 2.151898734177215
v 0.1110001120409345 -1.127003050595287 2.151898734177215
v 0.2209312323240824 -1.11069630930689 2.151898734177215
v 0.3287346640666516 -1.083692955391503 2.151898734177215
v 0.433372201289613 -1.046253045908866 2.151898734177215
v 0.533836127308811 -0.9987371476540337 2.151898734177215
v 0.6291589195975134 -0.9416028647020324 2.151898734177215
v 0.7184225675572419 -0.8754004314304651 2.151898734177215
v 0.8007674134616691 -0.8007674134616696 2.151898734177215
v 0.8754004314304649 -0.7184225675572422 2.151898734177215
v 0.9416028647020321 -0.6291589195975137 2.151898734177215
v 0.9987371476540334 -0.5338361273088115 2.151898734177215
v 1.046253045908866 -0.4333722012896135 2.151898734177215
v 1.083692955391503 -0.3287346640666521 2.151898734177215
v 1.11069630930689 -0.2209312323240829 2.151898734177215
v 1.127003050595287 -0.1110001120409349 2.151898734177215
v 1.126896850114946 0 2.215189873417722
v 1.121470533769402 0.1104552066946565 2.215189873417722
v 1.105243843125504 0.2198466693678854 2.215189873417722
v 1.078373050084565 0.3271208884346873 2.215189873417722
v 1.041116935072638 0.4312447545233957 2.215189873417722
v 0.993834294843552 0.5312154978836809 2.215189873417722
v 0.9369804870700337 0.6260703456074164 2.215189873417722
v 0.8711030450003948 0.714895793658088 2.215189873417722
v 0.7968364044140389 0.7968364044140388 2.215189873417722
v 0.714895793658088 0.8711030450003948 2.215189873417722
v 0.6260703456074165 0.9369804870700337 2.215189873417722
v 0.5312154978836812 0.9938342948435519 2.215189873417722
v 0.4312447545233958 1.041116935072638 2.215189873417722
v 0.3271208884346873 1.078373050084565 2.215189873417722
v 0.2198466693678855 1.105243843125504 2.215189873417722
v 0.1104552066946567 1.121470533769402 2.215189873417722
v 6.900253102312517e-17 1.126896850114946 2.215189873417722
v -0.1104552066946565 1.121470533769402 2.215189873417722
v -0.2198466693678854 1.105243843125504 2.215189873417722
v -0.3271208884346872 1.078373050084565 2.215189873417722
v -0.4312447545233956 1.041116935072638 2.215189873417722
v -0.5312154978836811 0.993834294843552 2.215189873417722
v -0.626070345607416 0.9369804870700338 2.215189873417722
v -0.7148957936580879 0.8711030450003949 2.215189873417722
v -0.7968364044140388 0.7968364044140389 2.215189873417722
v -0.8711030450003948 0.714895793658088 2.215189873417722
v -0.9369804870700338 0.6260703456074164 2.215189873417722
v -0.9938342948435519 0.5312154978836812 2.215189873417722
v -1.041116935072638 0.4312447545233958 2.215189873417722
v -1.078373050084565 0.3271208884346874 2.215189873417722
v -1.105243843125504 0.2198466693678859 2.215189873417722
v -1.121470533769402 0.1104552066946567 2.215189873417722
v -1.126896850114946 1.380050620462503e-16 2.215189873417722
v -1.121470533769402 -0.1104552066946565 2.215189873417722
v -1.105243843125504 -0.2198466693678856 2.215189873417722
v -1.078373050084565 -0.3271208884346871 2.215189873417722
v -1.041116935072638 -0.4312447545233956 2.215189873417722
v -0.993834294843552 -0.5312154978836809 2.215189873417722
v -0.9369804870700339 -0.626070345607416 2.215189873417722
v -0.8711030450003949 -0.7148957936580878 2.215189873417722
v -0.796836404414039 -0.7968364044140388 2.215189873417722
v -0.7148957936580884 -0.8711030450003944 2.215189873417722
v -0.6260703456074164 -0.9369804870700337 2.215189873417722
v -0.5312154978836813 -0.9938342948435519 2.215189873417722
v -0.4312447545233963 -1.041116935072638 2.215189873417722
v -0.3271208884346875 -1.078373050084565 2.215189873417722
v -0.2198466693678859 -1.105243843125504 2.215189873417722
v -0.1104552066946563 -1.121470533769402 2.215189873417722
v -2.070075930693755e-16 -1.126896850114946 2.215189873417722
v 0.1104552066946559 -1.121470533769402 2.215189873417722
v 0.2198466693678855 -1.105243843125504 2.215189873417722
v 0.327120888434687 -1.078373050084565 2.215189873417722
v 0.4312447545233959 -1.041116935072638 2.215189873417722
v 0.5312154978836809 -0.993834294843552 2.215189873417722
v 0.6260703456074159 -0.9369804870700339 2.215189873417722
v 0.7148957936580882 -0.8711030450003946 2.215189873417722
v 0.7968364044140387 -0.796836404414039 2.215189873417722
v 0.8711030450003944 -0.7148957936580885 2.215189873417722
v 0.9369804870700337 -0.6260703456074164 2.215189873417722
v 0.9938342948435518 -0.5312154978836814 2.215189873417722
v 1.041116935072638 -0.4312447545233964 2.215189873417722
v 1.078373050084565 -0.3271208884346875 2.215189873417722
v 1.105243843125504 -0.219846669367886 2.215189873417722
v 1.121470533769402 -0.1104552066946564 2.215189873417722
v 1.121189521342363 0 2.278481012658228
v 1.11579068734483 0.1098957906494472 2.278481012658228
v 1.099646179074933 0.2187332247597902 2.278481012658228
v 1.072911476972795 0.3254641383439528 2.278481012658228
v 1.035844050834335 0.4290606543590674 2.278481012658228
v 0.9888008802363835 0.528525081724292 2.278481012658228
v 0.9322350166282105 0.6228995236313126 2.278481012658228
v 0.8666912201984098 0.7112751026142471 2.278481012658228
v 0.792800713536484 0.7928007135364838 2.278481012658228
v 0.7112751026142471 0.8666912201984098 2.278481012658228
v 0.6228995236313127 0.9322350166282105 2.278481012658228
v 0.5285250817242921 0.9888008802363834 2.278481012658228
v 0.4290606543590675 1.035844050834335 2.278481012658228
v 0.3254641383439528 1.072911476972795 2.278481012658228
v 0.2187332247597903 1.099646179074933 2.278481012658228
v 0.1098957906494474 1.11579068734483 2.278481012658228
v 6.865305792747387e-17 1.121189521342363 2.278481012658228
v -0.1098957906494473 1.11579068734483 2.278481012658228
v -0.2187332247597902 1.099646179074933 2.278481012658228
v -0.3254641383439527 1.072911476972795 2.278481012658228
v -0.4290606543590673 1.035844050834335 2.278481012658228
v -0.528525081724292 0.9888008802363835 2.278481012658228
v -0.6228995236313124 0.9322350166282106 2.278481012658228
v -0.711275102614247 0.8666912201984099 2.278481012658228
v -0.7928007135364838 0.792800713536484 2.278481012658228
v -0.8666912201984098 0.7112751026142471 2.278481012658228
v -0.9322350166282106 0.6228995236313126 2.278481012658228
v -0.9888008802363834 0.5285250817242922 2.278481012658228
v -1.035844050834335 0.4290606543590675 2.278481012658228
v -1.072911476972795 0.3254641383439529 2.278481012658228
v -1.099646179074933 0.2187332247597906 2.278481012658228
v -1.11579068734483 0.1098957906494475 2.278481012658228
v -1.121189521342363 1.373061158549477e-16 2.278481012658228
v -1.11579068734483 -0.1098957906494472 2.278481012658228
v -1.099646179074933 -0.2187332247597903 2.278481012658228
v -1.072911476972795 -0.3254641383439526 2.278481012658228
v -1.035844050834335 -0.4290606543590673 2.278481012658228
v -0.9888008802363835 -0.528525081724292 2.278481012658228
v -0.9322350166282107 -0.6228995236313124 2.278481012658228
v -0.8666912201984099 -0.7112751026142469 2.278481012658228
v -0.7928007135364842 -0.7928007135364838 2.278481012658228
v -0.7112751026142475 -0.8666912201984094 2.278481012658228
v -0.6228995236313126 -0.9322350166282105 2.278481012658228
v -0.5285250817242922 -0.9888008802363834 2.278481012658228
v -0.429060654359068 -1.035844050834335 2.278481012658228
v -0.3254641383439529 -1.072911476972795 2.278481012658228
v -0.2187332247597907 -1.099646179074933 2.278481012658228
v -0.1098957906494471 -1.11579068734483 2.278481012658228
v -2.059591737824216e-16 -1.121189521342363 2.278481012658228
v 0.1098957906494467 -1.11579068734483 2.278481012658228
v 0.2187332247597903 -1.099646179074933 2.278481012658228
v 0.3254641383439525 -1.072911476972795 2.278481012658228
v 0.4290606543590677 -1.035844050834335 2.278481012658228
v 0.5285250817242919 -0.9888008802363835 2.278481012658228
v 0.6228995236313123 -0.9322350166282107 2.278481012658228
v 0.7112751026142472 -0.8666912201984097 2.278481012658228
v 0.7928007135364837 -0.7928007135364842 2.278481012658228
v 0.8666912201984094 -0.7112751026142476 2.278481012658228
v 0.9322350166282105 -0.6228995236313126 2.278481012658228
v 0.9888008802363832 -0.5285250817242924 2.278481012658228
v 1.035844050834335 -0.4290606543590681 2.278481012658228
v 1.072911476972795 -0.325464138343953 2.278481012658228
v 1.099646179074933 -0.2187332247597907 2.278481012658228
v 1.11579068734483 -0.1098957906494471 2.278481012658228
v 1.115330218980242 0 2.341772151898734
v 1.109959599125094 0.109321478587586 2.341772151898734
v 1.093899461564733 0.2175901315751743 2.341772151898734
v 1.067304474203231 0.3237632726488284 2.341772151898734
v 1.030430761307177 0.4268183964198664 2.341772151898734
v 0.983633436888983 0.5257630257107117 2.341772151898734
v 0.9273631847648149 0.6196442696526572 2.341772151898734
v 0.8621619182230779 0.7075580005458338 2.341772151898734
v 0.7886575611032064 0.7886575611032063 2.341772151898734
v 0.7075580005458338 0.8621619182230779 2.341772151898734
v 0.6196442696526573 0.9273631847648149 2.341772151898734
v 0.5257630257107118 0.9836334368889829 2.341772151898734
v 0.4268183964198664 1.030430761307177 2.341772151898734
v 0.3237632726488284 1.067304474203231 2.341772151898734
v 0.2175901315751744 1.093899461564733 2.341772151898734
v 0.1093214785875862 1.109959599125094 2.341772151898734
v 6.829427913332352e-17 1.115330218980242 2.341772151898734
v -0.109321478587586 1.109959599125094 2.341772151898734
v -0.2175901315751742 1.093899461564733 2.341772151898734
v -0.3237632726488283 1.067304474203231 2.341772151898734
v -0.4268183964198663 1.030430761307177 2.341772151898734
v -0.5257630257107117 0.983633436888983 2.341772151898734
v -0.619644269652657 0.9273631847648151 2.341772151898734
v -0.7075580005458337 0.862161918223078 2.341772151898734
v -0.7886575611032063 0.7886575611032064 2.341772151898734
v -0.8621619182230779 0.7075580005458338 2.341772151898734
v -0.9273631847648151 0.6196442696526572 2.341772151898734
v -0.9836334368889829 0.5257630257107119 2.341772151898734
v -1.030430761307177 0.4268183964198665 2.341772151898734
v -1.067304474203231 0.3237632726488285 2.341772151898734
v -1.093899461564733 0.2175901315751747 2.341772151898734
v -1.109959599125094 0.1093214785875862 2.341772151898734
v -1.115330218980242 1.36588558266647e-16 2.341772151898734
v -1.109959599125094 -0.109321478587586 2.341772151898734
v -1.093899461564733 -0.2175901315751744 2.341772151898734
v -1.067304474203231 -0.3237632726488282 2.341772151898734
v -1.030430761307177 -0.4268183964198662 2.341772151898734
v -0.983633436888983 -0.5257630257107117 2.341772151898734
v -0.9273631847648152 -0.619644269652657 2.341772151898734
v -0.862161918223078 -0.7075580005458335 2.341772151898734
v -0.7886575611032065 -0.7886575611032063 2.341772151898734
v -0.7075580005458342 -0.8621619182230774 2.341772151898734
v -0.6196442696526572 -0.9273631847648149 2.341772151898734
v -0.5257630257107119 -0.9836334368889829 2.341772151898734
v -0.426818396419867 -1.030430761307177 2.341772151898734
v -0.3237632726488285 -1.067304474203231 2.341772151898734
v -0.2175901315751748 -1.093899461564733 2.341772151898734
v -0.1093214785875858 -1.109959599125094 2.341772151898734
v -2.048828373999705e-16 -1.115330218980242 2.341772151898734
v 0.1093214785875854 -1.109959599125094 2.341772151898734
v 0.2175901315751744 -1.093899461564733 2.341772151898734
v 0.3237632726488281 -1.067304474203231 2.341772151898734
v 0.4268183964198666 -1.030430761307177 2.341772151898734
v 0.5257630257107115 -0.983633436888983 2.341772151898734
v 0.6196442696526567 -0.9273631847648152 2.341772151898734
v 0.707558000545834 -0.8621619182230778 2.341772151898734
v 0.7886575611032062 -0.7886575611032065 2.341772151898734
v 0.8621619182230774 -0.7075580005458343 2.341772151898734
v 0.9273631847648149 -0.6196442696526572 2.341772151898734
v 0.9836334368889827 -0.525763025710712 2.341772151898734
v 1.030430761307177 -0.426818396419867 2.341772151898734
v 1.067304474203231 -0.3237632726488286 2.341772151898734
v 1.093899461564733 -0.2175901315751748 2.341772151898734
v 1.109959599125094 -0.1093214785875859 2.341772151898734
v 1.109315972728625 0 2.405063291139241
v 1.103974313113039 0.1087319793687647 2.405063291139241
v 1.088000777368427 0.216416810337262 2.405063291139241
v 1.061549199376032 0.3220174291167489 2.405063291139241
v 1.024874322291826 0.4245168440212087 2.405063291139241
v 0.9783293452306545 0.5229279296532313 2.405063291139241
v 0.9223625217656909 0.616302933461209 2.405063291139241
v 0.8575128430014802 0.7037426031145015 2.405063291139241
v 0.7844048467949621 0.784404846794962 2.405063291139241
v 0.7037426031145015 0.8575128430014802 2.405063291139241
v 0.6163029334612091 0.9223625217656909 2.405063291139241
v 0.5229279296532315 0.9783293452306544 2.405063291139241
v 0.4245168440212087 1.024874322291826 2.405063291139241
v 0.3220174291167489 1.061549199376032 2.405063291139241
v 0.2164168103372621 1.088000777368427 2.405063291139241
v 0.1087319793687649 1.103974313113039 2.405063291139241
v 6.792601276225717e-17 1.109315972728625 2.405063291139241
v -0.1087319793687647 1.103974313113039 2.405063291139241
v -0.216416810337262 1.088000777368427 2.405063291139241
v -0.3220174291167487 1.061549199376033 2.405063291139241
v -0.4245168440212086 1.024874322291826 2.405063291139241
v -0.5229279296532314 0.9783293452306545 2.405063291139241
v -0.6163029334612088 0.922362521765691 2.405063291139241
v -0.7037426031145014 0.8575128430014803 2.405063291139241
v -0.784404846794962 0.7844048467949621 2.405063291139241
v -0.8575128430014802 0.7037426031145015 2.405063291139241
v -0.922362521765691 0.616302933461209 2.405063291139241
v -0.9783293452306544 0.5229279296532315 2.405063291139241
v -1.024874322291826 0.4245168440212088 2.405063291139241
v -1.061549199376032 0.322017429116749 2.405063291139241
v -1.088000777368427 0.2164168103372625 2.405063291139241
v -1.103974313113039 0.1087319793687649 2.405063291139241
v -1.109315972728625 1.358520255245143e-16 2.405063291139241
v -1.103974313113039 -0.1087319793687647 2.405063291139241
v -1.088000777368427 -0.2164168103372622 2.405063291139241
v -1.061549199376033 -0.3220174291167487 2.405063291139241
v -1.024874322291826 -0.4245168440212085 2.405063291139241
v -0.9783293452306545 -0.5229279296532313 2.405063291139241
v -0.9223625217656911 -0.6163029334612088 2.405063291139241
v -0.8575128430014803 -0.7037426031145013 2.405063291139241
v -0.7844048467949624 -0.784404846794962 2.405063291139241
v -0.703742603114502 -0.8575128430014798 2.405063291139241
v -0.616302933461209 -0.9223625217656909 2.405063291139241
v -0.5229279296532316 -0.9783293452306544 2.405063291139241
v -0.4245168440212093 -1.024874322291825 2.405063291139241
v -0.322017429116749 -1.061549199376032 2.405063291139241
v -0.2164168103372625 -1.088000777368427 2.405063291139241
v -0.1087319793687645 -1.103974313113039 2.405063291139241
v -2.037780382867715e-16 -1.109315972728625 2.405063291139241
v 0.1087319793687641 -1.103974313113039 2.405063291139241
v 0.2164168103372621 -1.088000777368427 2.405063291139241
v 0.3220174291167486 -1.061549199376033 2.405063291139241
v 0.4245168440212089 -1.024874322291826 2.405063291139241
v 0.5229279296532313 -0.9783293452306545 2.405063291139241
v 0.6163029334612086 -0.9223625217656911 2.405063291139241
v 0.7037426031145017 -0.8575128430014801 2.405063291139241
v 0.7844048467949619 -0.7844048467949624 2.405063291139241
v 0.8575128430014798 -0.7037426031145021 2.405063291139241
v 0.9223625217656909 -0.616302933461209 2.405063291139241
v 0.9783293452306543 -0.5229279296532318 2.405063291139241
v 1.024874322291825 -0.4245168440212093 2.405063291139241
v 1.061549199376032 -0.3220174291167491 2.405063291139241
v 1.088000777368427 -0.2164168103372626 2.405063291139241
v 1.103974313113039 -0.1087319793687646 2.405063291139241
v 1.103144791892708 0 2.468354430379747
v 1.097832848199602 0.1081270978707715 2.468354430379747
v 1.081948174041853 0.2152128726807632 2.468354430379747
v 1.055643747515046 0.3202260298795158 2.468354430379747
v 1.019172894626096 0.4221552353571741 2.468354430379747
v 0.97288684962532 0.5200188551448168 2.468354430379747
v 0.9172313724286019 0.6128744090861923 2.468354430379747
v 0.8527424557057244 0.6998276474368362 2.468354430379747
v 0.7800411629779567 0.7800411629779564 2.468354430379747
v 0.6998276474368362 0.8527424557057244 2.468354430379747
v 0.6128744090861924 0.9172313724286019 2.468354430379747
v 0.5200188551448169 0.9728868496253199 2.468354430379747
v 0.4221552353571742 1.019172894626096 2.468354430379747
v 0.3202260298795158 1.055643747515046 2.468354430379747
v 0.2152128726807633 1.081948174041853 2.468354430379747
v 0.1081270978707717 1.097832848199602 2.468354430379747
v 6.754813691937389e-17 1.103144791892708 2.468354430379747
v -0.1081270978707715 1.097832848199602 2.468354430379747
v -0.2152128726807631 1.081948174041853 2.468354430379747
v -0.3202260298795155 1.055643747515046 2.468354430379747
v -0.4221552353571741 1.019172894626096 2.468354430379747
v -0.5200188551448168 0.97288684962532 2.468354430379747
v -0.6128744090861921 0.917231372428602 2.468354430379747
v -0.6998276474368361 0.8527424557057245 2.468354430379747
v -0.7800411629779564 0.7800411629779567 2.468354430379747
v -0.8527424557057244 0.6998276474368362 2.468354430379747
v -0.917231372428602 0.6128744090861923 2.468354430379747
v -0.9728868496253199 0.520018855144817 2.468354430379747
v -1.019172894626096 0.4221552353571743 2.468354430379747
v -1.055643747515046 0.3202260298795158 2.468354430379747
v -1.081948174041853 0.2152128726807636 2.468354430379747
v -1.097832848199602 0.1081270978707717 2.468354430379747
v -1.103144791892708 1.350962738387478e-16 2.468354430379747
v -1.097832848199602 -0.1081270978707715 2.468354430379747
v -1.081948174041853 -0.2152128726807633 2.468354430379747
v -1.055643747515046 -0.3202260298795155 2.468354430379747
v -1.019172894626096 -0.422155235357174 2.468354430379747
v -0.97288684962532 -0.5200188551448168 2.468354430379747
v -0.9172313724286021 -0.6128744090861921 2.468354430379747
v -0.8527424557057245 -0.699827647436836 2.468354430379747
v -0.7800411629779568 -0.7800411629779564 2.468354430379747
v -0.6998276474368367 -0.8527424557057239 2.468354430379747
v -0.6128744090861923 -0.9172313724286019 2.468354430379747
v -0.5200188551448172 -0.9728868496253199 2.468354430379747
v -0.4221552353571748 -1.019172894626095 2.468354430379747
v -0.3202260298795159 -1.055643747515046 2.468354430379747
v -0.2152128726807636 -1.081948174041853 2.468354430379747
v -0.1081270978707713 -1.097832848199602 2.468354430379747
v -2.026444107581217e-16 -1.103144791892708 2.468354430379747
v 0.1081270978707709 -1.097832848199602 2.468354430379747
v 0.2152128726807633 -1.081948174041853 2.468354430379747
v 0.3202260298795154 -1.055643747515046 2.468354430379747
v 0.4221552353571744 -1.019172894626096 2.468354430379747
v 0.5200188551448167 -0.97288684962532 2.468354430379747
v 0.612874409086192 -0.9172313724286021 2.468354430379747
v 0.6998276474368363 -0.8527424557057243 2.468354430379747
v 0.7800411629779563 -0.7800411629779568 2.468354430379747
v 0.8527424557057239 -0.6998276474368368 2.468354430379747
v 0.9172313724286019 -0.6128744090861923 2.468354430379747
v 0.9728868496253198 -0.5200188551448172 2.468354430379747
v 1.019172894626095 -0.4221552353571748 2.468354430379747
v 1.055643747515046 -0.3202260298795159 2.468354430379747
v 1.081948174041853 -0.2152128726807637 2.468354430379747
v 1.097832848199602 -0.1081270978707714 2.468354430379747
v 1.096815677968657 0 2.531645569620253
v 1.091534210689019 0.107506736223116 2.531645569620253
v 1.075740672267149 0.2139781238072434 2.531645569620253
v 1.049587163111677 0.318388785086766 2.531645569620253
v 1.013325555812733 0.4197331883168888 2.531645569620253
v 0.9673050694712165 0.5170353314940194 2.531645569620253
v 0.9119689065279528 0.6093581417885999 2.531645569620253
v 0.8478499844819095 0.6958125000687119 2.531645569620253
v 0.7755658036033581 0.775565803603358 2.531645569620253
v 0.6958125000687119 0.8478499844819095 2.531645569620253
v 0.6093581417886 0.9119689065279528 2.531645569620253
v 0.5170353314940195 0.9673050694712164 2.531645569620253
v 0.4197331883168888 1.013325555812733 2.531645569620253
v 0.318388785086766 1.049587163111677 2.531645569620253
v 0.2139781238072435 1.075740672267149 2.531645569620253
v 0.1075067362231162 1.091534210689018 2.531645569620253
v 6.716059046394752e-17 1.096815677968657 2.531645569620253
v -0.1075067362231161 1.091534210689019 2.531645569620253
v -0.2139781238072433 1.075740672267149 2.531645569620253
v -0.3183887850867658 1.049587163111677 2.531645569620253
v -0.4197331883168887 1.013325555812733 2.531645569620253
v -0.5170353314940194 0.9673050694712165 2.531645569620253
v -0.6093581417885996 0.9119689065279529 2.531645569620253
v -0.6958125000687118 0.8478499844819096 2.531645569620253
v -0.775565803603358 0.7755658036033581 2.531645569620253
v -0.8478499844819095 0.6958125000687119 2.531645569620253
v -0.9119689065279529 0.6093581417885999 2.531645569620253
v -0.9673050694712164 0.5170353314940196 2.531645569620253
v -1.013325555812733 0.4197331883168889 2.531645569620253
v -1.049587163111677 0.318388785086766 2.531645569620253
v -1.075740672267149 0.2139781238072438 2.531645569620253
v -1.091534210689018 0.1075067362231163 2.531645569620253
v -1.096815677968657 1.34321180927895e-16 2.531645569620253
v -1.091534210689019 -0.107506736223116 2.531645569620253
v -1.075740672267149 -0.2139781238072435 2.531645569620253
v -1.049587163111677 -0.3183887850867657 2.531645569620253
v -1.013325555812733 -0.4197331883168887 2.531645569620253
v -0.9673050694712165 -0.5170353314940194 2.531645569620253
v -0.911968906527953 -0.6093581417885996 2.531645569620253
v -0.8478499844819096 -0.6958125000687116 2.531645569620253
v -0.7755658036033584 -0.775565803603358 2.531645569620253
v -0.6958125000687123 -0.8478499844819092 2.531645569620253
v -0.6093581417885999 -0.9119689065279528 2.531645569620253
v -0.5170353314940196 -0.9673050694712164 2.531645569620253
v -0.4197331883168894 -1.013325555812733 2.531645569620253
v -0.3183887850867661 -1.049587163111677 2.531645569620253
v -0.2139781238072438 -1.075740672267149 2.531645569620253
v -0.1075067362231159 -1.091534210689019 2.531645569620253
v -2.014817713918425e-16 -1.096815677968657 2.531645569620253
v 0.1075067362231155 -1.091534210689019 2.531645569620253
v 0.2139781238072434 -1.075740672267149 2.531645569620253
v 0.3183887850867657 -1.049587163111677 2.531645569620253
v 0.419733188316889 -1.013325555812733 2.531645569620253
v 0.5170353314940193 -0.9673050694712165 2.531645569620253
v 0.6093581417885995 -0.911968906527953 2.531645569620253
v 0.695812500068712 -0.8478499844819094 2.531645569620253
v 0.7755658036033579 -0.7755658036033584 2.531645569620253
v 0.8478499844819092 -0.6958125000687124 2.531645569620253
v 0.9119689065279528 -0.6093581417885999 2.531645569620253
v 0.9673050694712162 -0.5170353314940197 2.531645569620253
v 1.013325555812733 -0.4197331883168894 2.531645569620253
v 1.049587163111677 -0.3183887850867662 2.531645569620253
v 1.075740672267149 -0.2139781238072439 2.531645569620253
v 1.091534210689019 -0.1075067362231159 2.531645569620253
v 1.090328630956473 0 2.59493670886076
v 1.085078400581289 0.1068708944257984 2.59493670886076
v 1.069378272044315 0.2127125637167027 2.59493670886076
v 1.043379446165927 0.3165056947384997 2.59493670886076
v 1.007332305851738 0.4172507029003525 2.59493670886076
v 0.961584004768344 0.513977358700839 2.59493670886076
v 0.906575124063744 0.6057541315684318 2.59493670886076
v 0.842835429330036 0.6916971610101287 2.59493670886076
v 0.7709787686711671 0.770978768671167 2.59493670886076
v 0.6916971610101287 0.842835429330036 2.59493670886076
v 0.6057541315684319 0.906575124063744 2.59493670886076
v 0.5139773587008392 0.9615840047683439 2.59493670886076
v 0.4172507029003526 1.007332305851738 2.59493670886076
v 0.3165056947384997 1.043379446165927 2.59493670886076
v 0.2127125637167028 1.069378272044315 2.59493670886076
v 0.1068708944257985 1.085078400581289 2.59493670886076
v 6.676337339597804e-17 1.090328630956473 2.59493670886076
v -0.1068708944257984 1.085078400581289 2.59493670886076
v -0.2127125637167026 1.069378272044315 2.59493670886076
v -0.3165056947384995 1.043379446165927 2.59493670886076
v -0.4172507029003525 1.007332305851738 2.59493670886076
v -0.513977358700839 0.961584004768344 2.59493670886076
v -0.6057541315684316 0.9065751240637441 2.59493670886076
v -0.6916971610101285 0.8428354293300361 2.59493670886076
v -0.770978768671167 0.7709787686711671 2.59493670886076
v -0.842835429330036 0.6916971610101287 2.59493670886076
v -0.9065751240637441 0.6057541315684318 2.59493670886076
v -0.9615840047683439 0.5139773587008393 2.59493670886076
v -1.007332305851738 0.4172507029003527 2.59493670886076
v -1.043379446165927 0.3165056947384997 2.59493670886076
v -1.069378272044315 0.2127125637167031 2.59493670886076
v -1.085078400581289 0.1068708944257986 2.59493670886076
v -1.090328630956473 1.335267467919561e-16 2.59493670886076
v -1.085078400581289 -0.1068708944257983 2.59493670886076
v -1.069378272044315 -0.2127125637167028 2.59493670886076
v -1.043379446165927 -0.3165056947384994 2.59493670886076
v -1.007332305851738 -0.4172507029003524 2.59493670886076
v -0.961584004768344 -0.513977358700839 2.59493670886076
v -0.9065751240637442 -0.6057541315684316 2.59493670886076
v -0.8428354293300361 -0.6916971610101283 2.59493670886076
v -0.7709787686711672 -0.770978768671167 2.59493670886076
v -0.691697161010129 -0.8428354293300355 2.59493670886076
v -0.6057541315684318 -0.906575124063744 2.59493670886076
v -0.5139773587008394 -0.9615840047683439 2.59493670886076
v -0.4172507029003532 -1.007332305851738 2.59493670886076
v -0.3165056947384998 -1.043379446165927 2.59493670886076
v -0.2127125637167031 -1.069378272044315 2.59493670886076
v -0.1068708944257982 -1.085078400581289 2.59493670886076
v -2.002901201879341e-16 -1.090328630956473 2.59493670886076
v 0.1068708944257978 -1.085078400581289 2.59493670886076
v 0.2127125637167027 -1.069378272044315 2.59493670886076
v 0.3165056947384994 -1.043379446165927 2.59493670886076
v 0.4172507029003528 -1.007332305851738 2.59493670886076
v 0.5139773587008389 -0.961584004768344 2.59493670886076
v 0.6057541315684314 -0.9065751240637442 2.59493670886076
v 0.6916971610101288 -0.8428354293300357 2.59493670886076
v 0.7709787686711669 -0.7709787686711672 2.59493670886076
v 0.8428354293300355 -0.6916971610101291 2.59493670886076
v 0.906575124063744 -0.6057541315684318 2.59493670886076
v 0.9615840047683438 -0.5139773587008394 2.59493670886076
v 1.007332305851738 -0.4172507029003532 2.59493670886076
v 1.043379446165927 -0.3165056947384999 2.59493670886076
v 1.069378272044315 -0.2127125637167032 2.59493670886076
v 1.085078400581289 -0.1068708944257983 2.59493670886076
v 1.083684649359989 0 2.658227848101266
v 1.078466411572177 0.1062196703493088 2.658227848101266
v 1.062861952691214 0.2114163872075754 2.658227848101266
v 1.037021552186389 0.3145770486850797 2.658227848101266
v 1.001194067240365 0.4147081612184396 2.658227848101266
v 0.9557245361184656 0.5108454074567245 2.658227848101266
v 0.9010508552615701 0.6020629331646952 2.658227848101266
v 0.8376995621040041 0.6874822637052123 2.658227848101266
v 0.7662807642302146 0.7662807642302144 2.658227848101266
v 0.6874822637052123 0.8376995621040041 2.658227848101266
v 0.6020629331646953 0.9010508552615701 2.658227848101266
v 0.5108454074567247 0.9557245361184655 2.658227848101266
v 0.4147081612184396 1.001194067240365 2.658227848101266
v 0.3145770486850797 1.037021552186389 2.658227848101266
v 0.2114163872075755 1.062861952691214 2.658227848101266
v 0.1062196703493089 1.078466411572176 2.658227848101266
v 6.635654685619165e-17 1.083684649359989 2.658227848101266
v -0.1062196703493088 1.078466411572177 2.658227848101266
v -0.2114163872075753 1.062861952691214 2.658227848101266
v -0.3145770486850795 1.037021552186389 2.658227848101266
v -0.4147081612184395 1.001194067240365 2.658227848101266
v -0.5108454074567246 0.9557245361184656 2.658227848101266
v -0.6020629331646949 0.9010508552615702 2.658227848101266
v -0.6874822637052121 0.8376995621040042 2.658227848101266
v -0.7662807642302144 0.7662807642302146 2.658227848101266
v -0.8376995621040041 0.6874822637052123 2.658227848101266
v -0.9010508552615702 0.6020629331646952 2.658227848101266
v -0.9557245361184655 0.5108454074567247 2.658227848101266
v -1.001194067240365 0.4147081612184397 2.658227848101266
v -1.037021552186389 0.3145770486850798 2.658227848101266
v -1.062861952691214 0.2114163872075757 2.658227848101266
v -1.078466411572176 0.106219670349309 2.658227848101266
v -1.083684649359989 1.327130937123833e-16 2.658227848101266
v -1.078466411572177 -0.1062196703493088 2.658227848101266
v -1.062861952691214 -0.2114163872075755 2.658227848101266
v -1.037021552186389 -0.3145770486850795 2.658227848101266
v -1.001194067240365 -0.4147081612184395 2.658227848101266
v -0.9557245361184656 -0.5108454074567245 2.658227848101266
v -0.9010508552615704 -0.6020629331646949 2.658227848101266
v -0.8376995621040042 -0.687482263705212 2.658227848101266
v -0.7662807642302147 -0.7662807642302144 2.658227848101266
v -0.6874822637052127 -0.8376995621040038 2.658227848101266
v -0.6020629331646952 -0.9010508552615701 2.658227848101266
v -0.5108454074567248 -0.9557245361184655 2.658227848101266
v -0.4147081612184402 -1.001194067240365 2.658227848101266
v -0.3145770486850799 -1.037021552186389 2.658227848101266
v -0.2114163872075758 -1.062861952691214 2.658227848101266
v -0.1062196703493086 -1.078466411572177 2.658227848101266
v -1.990696405685749e-16 -1.083684649359989 2.658227848101266
v 0.1062196703493082 -1.078466411572177 2.658227848101266
v 0.2114163872075754 -1.062861952691214 2.658227848101266
v 0.3145770486850794 -1.037021552186389 2.658227848101266
v 0.4147081612184398 -1.001194067240365 2.658227848101266
v 0.5108454074567245 -0.9557245361184656 2.658227848101266
v 0.6020629331646948 -0.9010508552615704 2.658227848101266
v 0.6874822637052124 -0.837699562104004 2.658227848101266
v 0.7662807642302143 -0.7662807642302147 2.658227848101266
v 0.8376995621040038 -0.6874822637052128 2.658227848101266
v 0.9010508552615701 -0.6020629331646952 2.658227848101266
v 0.9557245361184654 -0.5108454074567248 2.658227848101266
v 1.001194067240365 -0.4147081612184402 2.658227848101266
v 1.037021552186389 -0.3145770486850799 2.658227848101266
v 1.062861952691214 -0.2114163872075759 2.658227848101266
v 1.078466411572177 -0.1062196703493087 2.658227848101266
v 1.076885723874008 0 2.721518987341772
v 1.071700224770746 0.1055532591158591 2.721518987341772
v 1.056193666652005 0.2100899826451517 2.721518987341772
v 1.030515386149216 0.3126034247947045 2.721518987341772
v 0.9949126791407975 0.4121063250770698 2.721518987341772
v 0.949728419157659 0.5076404161687099 2.721518987341772
v 0.8953977553236675 0.5982856525481658 2.721518987341772
v 0.8324439216317064 0.6831690710373769 2.721518987341772
v 0.7614731979142954 0.7614731979142952 2.721518987341772
v 0.6831690710373769 0.8324439216317064 2.721518987341772
v 0.5982856525481659 0.8953977553236675 2.721518987341772
v 0.50764041616871 0.9497284191576589 2.721518987341772
v 0.4121063250770699 0.9949126791407975 2.721518987341772
v 0.3126034247947045 1.030515386149216 2.721518987341772
v 0.2100899826451517 1.056193666652005 2.721518987341772
v 0.1055532591158593 1.071700224770746 2.721518987341772
v 6.594023273948923e-17 1.076885723874008 2.721518987341772
v -0.1055532591158592 1.071700224770746 2.721518987341772
v -0.2100899826451516 1.056193666652005 2.721518987341772
v -0.3126034247947044 1.030515386149216 2.721518987341772
v -0.4121063250770698 0.9949126791407975 2.721518987341772
v -0.5076404161687099 0.949728419157659 2.721518987341772
v -0.5982856525481656 0.8953977553236676 2.721518987341772
v -0.6831690710373768 0.8324439216317066 2.721518987341772
v -0.7614731979142952 0.7614731979142954 2.721518987341772
v -0.8324439216317064 0.6831690710373769 2.721518987341772
v -0.8953977553236676 0.5982856525481658 2.721518987341772
v -0.9497284191576589 0.5076404161687101 2.721518987341772
v -0.9949126791407975 0.41210632507707 2.721518987341772
v -1.030515386149216 0.3126034247947046 2.721518987341772
v -1.056193666652005 0.2100899826451521 2.721518987341772
v -1.071700224770746 0.1055532591158594 2.721518987341772
v -1.076885723874008 1.318804654789785e-16 2.721518987341772
v -1.071700224770746 -0.1055532591158591 2.721518987341772
v -1.056193666652005 -0.2100899826451518 2.721518987341772
v -1.030515386149216 -0.3126034247947043 2.721518987341772
v -0.9949126791407976 -0.4121063250770697 2.721518987341772
v -0.949728419157659 -0.5076404161687099 2.721518987341772
v -0.8953977553236677 -0.5982856525481656 2.721518987341772
v -0.8324439216317066 -0.6831690710373767 2.721518987341772
v -0.7614731979142955 -0.7614731979142952 2.721518987341772
v -0.6831690710373772 -0.8324439216317061 2.721518987341772
v -0.5982856525481658 -0.8953977553236675 2.721518987341772
v -0.5076404161687101 -0.9497284191576589 2.721518987341772
v -0.4121063250770705 -0.9949126791407973 2.721518987341772
v -0.3126034247947047 -1.030515386149216 2.721518987341772
v -0.2100899826451521 -1.056193666652005 2.721518987341772
v -0.105553259115859 -1.071700224770746 2.721518987341772
v -1.978206982184677e-16 -1.076885723874008 2.721518987341772
v 0.1055532591158586 -1.071700224770746 2.721518987341772
v 0.2100899826451517 -1.056193666652005 2.721518987341772
v 0.3126034247947043 -1.030515386149216 2.721518987341772
v 0.4121063250770701 -0.9949126791407974 2.721518987341772
v 0.5076404161687098 -0.949728419157659 2.721518987341772
v 0.5982856525481655 -0.8953977553236677 2.721518987341772
v 0.683169071037377 -0.8324439216317063 2.721518987341772
v 0.7614731979142951 -0.7614731979142955 2.721518987341772
v 0.8324439216317061 -0.6831690710373773 2.721518987341772
v 0.8953977553236675 -0.5982856525481658 2.721518987341772
v 0.9497284191576588 -0.5076404161687103 2.721518987341772
v 0.9949126791407973 -0.4121063250770705 2.721518987341772
v 1.030515386149216 -0.3126034247947048 2.721518987341772
v 1.056193666652005 -0.2100899826451522 2.721518987341772
v 1.071700224770746 -0.105553259115859 2.721518987341772
v 1.069934824798491 0 2.784810126582279
v 1.064782796174151 0.1048719518657575 2.784810126582279
v 1.049376327153169 0.2087339295062073 2.784810126582279
v 1.02386379045425 0.3105856852999395 2.784810126582279
v 0.988490885752375 0.4094463311608273 2.784810126582279
v 0.9435982734566205 0.5043637850265039 2.784810126582279
v 0.8896182939641926 0.5944239399290846 2.784810126582279
v 0.8270708039860618 0.6787594673449691 2.784810126582279
v 0.7565581700426534 0.7565581700426532 2.784810126582279
v 0.6787594673449691 0.8270708039860618 2.784810126582279
v 0.5944239399290847 0.8896182939641926 2.784810126582279
v 0.5043637850265041 0.9435982734566204 2.784810126582279
v 0.4094463311608274 0.988490885752375 2.784810126582279
v 0.3105856852999395 1.02386379045425 2.784810126582279
v 0.2087339295062074 1.049376327153169 2.784810126582279
v 0.1048719518657577 1.064782796174151 2.784810126582279
v 6.551461292428778e-17 1.069934824798491 2.784810126582279
v -0.1048719518657575 1.064782796174151 2.784810126582279
v -0.2087339295062072 1.049376327153169 2.784810126582279
v -0.3105856852999394 1.02386379045425 2.784810126582279
v -0.4094463311608273 0.988490885752375 2.784810126582279
v -0.504363785026504 0.9435982734566205 2.784810126582279
v -0.5944239399290844 0.8896182939641927 2.784810126582279
v -0.6787594673449689 0.8270708039860619 2.784810126582279
v -0.7565581700426532 0.7565581700426534 2.784810126582279
v -0.8270708039860618 0.6787594673449691 2.784810126582279
v -0.8896182939641927 0.5944239399290846 2.784810126582279
v -0.9435982734566204 0.5043637850265041 2.784810126582279
v -0.988490885752375 0.4094463311608275 2.784810126582279
v -1.02386379045425 0.3105856852999396 2.784810126582279
v -1.049376327153169 0.2087339295062077 2.784810126582279
v -1.064782796174151 0.1048719518657577 2.784810126582279
v -1.069934824798491 1.310292258485756e-16 2.784810126582279
v -1.064782796174151 -0.1048719518657575 2.784810126582279
v -1.049376327153169 -0.2087339295062074 2.784810126582279
v -1.02386379045425 -0.3105856852999393 2.784810126582279
v -0.9884908857523751 -0.4094463311608272 2.784810126582279
v -0.9435982734566205 -0.5043637850265039 2.784810126582279
v -0.8896182939641929 -0.5944239399290844 2.784810126582279
v -0.8270708039860619 -0.6787594673449688 2.784810126582279
v -0.7565581700426535 -0.7565581700426532 2.784810126582279
v -0.6787594673449694 -0.8270708039860614 2.784810126582279
v -0.5944239399290846 -0.8896182939641926 2.784810126582279
v -0.5043637850265043 -0.9435982734566204 2.784810126582279
v -0.409446331160828 -0.9884908857523746 2.784810126582279
v -0.3105856852999396 -1.02386379045425 2.784810126582279
v -0.2087339295062077 -1.049376327153169 2.784810126582279
v -0.1048719518657573 -1.064782796174151 2.784810126582279
v -1.965438387728633e-16 -1.069934824798491 2.784810126582279
v 0.1048719518657569 -1.064782796174151 2.784810126582279
v 0.2087339295062073 -1.049376327153169 2.784810126582279
v 0.3105856852999392 -1.02386379045425 2.784810126582279
v 0.4094463311608276 -0.9884908857523749 2.784810126582279
v 0.5043637850265039 -0.9435982734566205 2.784810126582279
v 0.5944239399290843 -0.8896182939641929 2.784810126582279
v 0.6787594673449692 -0.8270708039860617 2.784810126582279
v 0.7565581700426531 -0.7565581700426535 2.784810126582279
v 0.8270708039860614 -0.6787594673449695 2.784810126582279
v 0.8896182939641926 -0.5944239399290846 2.784810126582279
v 0.9435982734566203 -0.5043637850265043 2.784810126582279
v 0.9884908857523746 -0.409446331160828 2.784810126582279
v 1.02386379045425 -0.3105856852999397 2.784810126582279
v 1.049376327153169 -0.2087339295062078 2.784810126582279
v 1.064782796174151 -0.1048719518657574 2.784810126582279
v 1.06283588325936 0 2.848101265822785
v 1.057718037978869 0.1041761339167251 2.848101265822785
v 1.042413789785146 0.2073489947153646 2.848101265822785
v 1.01707052695445 0.3085249713464046 2.848101265822785
v 0.9819323189618777 0.4067296838464736 2.848101265822785
v 0.9373375659588952 0.5010173671500391 2.848101265822785
v 0.8837157397948929 0.5904799793239971 2.848101265822785
v 0.8215832479685026 0.6742559465078741 2.848101265822785
v 0.7515384603410871 0.751538460341087 2.848101265822785
v 0.6742559465078741 0.8215832479685026 2.848101265822785
v 0.5904799793239972 0.8837157397948929 2.848101265822785
v 0.5010173671500393 0.9373375659588951 2.848101265822785
v 0.4067296838464737 0.9819323189618777 2.848101265822785
v 0.3085249713464046 1.01707052695445 2.848101265822785
v 0.2073489947153646 1.042413789785146 2.848101265822785
v 0.1041761339167253 1.057718037978869 2.848101265822785
v 6.507992812262623e-17 1.06283588325936 2.848101265822785
v -0.1041761339167252 1.057718037978869 2.848101265822785
v -0.2073489947153645 1.042413789785146 2.848101265822785
v -0.3085249713464044 1.01707052695445 2.848101265822785
v -0.4067296838464736 0.9819323189618777 2.848101265822785
v -0.5010173671500392 0.9373375659588952 2.848101265822785
v -0.5904799793239969 0.883715739794893 2.848101265822785
v -0.6742559465078739 0.8215832479685027 2.848101265822785
v -0.751538460341087 0.7515384603410871 2.848101265822785
v -0.8215832479685026 0.6742559465078741 2.848101265822785
v -0.883715739794893 0.5904799793239971 2.848101265822785
v -0.9373375659588951 0.5010173671500393 2.848101265822785
v -0.9819323189618777 0.4067296838464737 2.848101265822785
v -1.01707052695445 0.3085249713464047 2.848101265822785
v -1.042413789785146 0.2073489947153649 2.848101265822785
v -1.057718037978869 0.1041761339167254 2.848101265822785
v -1.06283588325936 1.301598562452525e-16 2.848101265822785
v -1.057718037978869 -0.1041761339167251 2.848101265822785
v -1.042413789785146 -0.2073489947153647 2.848101265822785
v -1.01707052695445 -0.3085249713464044 2.848101265822785
v -0.9819323189618778 -0.4067296838464735 2.848101265822785
v -0.9373375659588952 -0.5010173671500391 2.848101265822785
v -0.8837157397948933 -0.5904799793239969 2.848101265822785
v -0.8215832479685027 -0.6742559465078738 2.848101265822785
v -0.7515384603410872 -0.751538460341087 2.848101265822785
v -0.6742559465078745 -0.8215832479685022 2.848101265822785
v -0.5904799793239971 -0.8837157397948929 2.848101265822785
v -0.5010173671500394 -0.9373375659588951 2.848101265822785
v -0.4067296838464742 -0.9819323189618775 2.848101265822785
v -0.3085249713464047 -1.01707052695445 2.848101265822785
v -0.207348994715365 -1.042413789785146 2.848101265822785
v -0.104176133916725 -1.057718037978869 2.848101265822785
v -1.952397843678787e-16 -1.06283588325936 2.848101265822785
v 0.1041761339167246 -1.057718037978869 2.848101265822785
v 0.2073489947153646 -1.042413789785146 2.848101265822785
v 0.3085249713464043 -1.01707052695445 2.848101265822785
v 0.4067296838464738 -0.9819323189618776 2.848101265822785
v 0.5010173671500391 -0.9373375659588952 2.848101265822785
v 0.5904799793239968 -0.8837157397948933 2.848101265822785
v 0.6742559465078742 -0.8215832479685025 2.848101265822785
v 0.7515384603410868 -0.7515384603410872 2.848101265822785
v 0.8215832479685022 -0.6742559465078746 2.848101265822785
v 0.8837157397948929 -0.5904799793239971 2.848101265822785
v 0.9373375659588949 -0.5010173671500394 2.848101265822785
v 0.9819323189618775 -0.4067296838464742 2.848101265822785
v 1.01707052695445 -0.3085249713464048 2.848101265822785
v 1.042413789785146 -0.2073489947153651 2.848101265822785
v 1.057718037978869 -0.104176133916725 2.848101265822785
v 1.05559376635466 0 2.911392405063292
v 1.050510793846538 0.1034662823277942 2.911392405063292
v 1.035310828126058 0.2059361277963483 2.911392405063292
v 1.010140253172255 0.3064226957780849 2.911392405063292
v 0.9752414753815721 0.4039582456917941 2.911392405063292
v 0.9309505890617442 0.4976034568734515 2.911392405063292
v 0.877694139659893 0.5864564747476981 2.911392405063292
v 0.8159850158966951 0.6696615961804049 2.911392405063292
v 0.7464175103676285 0.7464175103676284 2.911392405063292
v 0.6696615961804049 0.8159850158966951 2.911392405063292
v 0.5864564747476982 0.877694139659893 2.911392405063292
v 0.4976034568734516 0.9309505890617441 2.911392405063292
v 0.4039582456917941 0.9752414753815721 2.911392405063292
v 0.3064226957780849 1.010140253172255 2.911392405063292
v 0.2059361277963484 1.035310828126058 2.911392405063292
v 0.1034662823277943 1.050510793846537 2.911392405063292
v 6.463647635830669e-17 1.05559376635466 2.911392405063292
v -0.1034662823277942 1.050510793846538 2.911392405063292
v -0.2059361277963483 1.035310828126058 2.911392405063292
v -0.3064226957780847 1.010140253172256 2.911392405063292
v -0.403958245691794 0.9752414753815721 2.911392405063292
v -0.4976034568734515 0.9309505890617442 2.911392405063292
v -0.5864564747476979 0.8776941396598931 2.911392405063292
v -0.6696615961804048 0.8159850158966953 2.911392405063292
v -0.7464175103676284 0.7464175103676285 2.911392405063292
v -0.8159850158966951 0.6696615961804049 2.911392405063292
v -0.8776941396598931 0.5864564747476981 2.911392405063292
v -0.9309505890617441 0.4976034568734518 2.911392405063292
v -0.9752414753815721 0.4039582456917942 2.911392405063292
v -1.010140253172255 0.306422695778085 2.911392405063292
v -1.035310828126058 0.2059361277963487 2.911392405063292
v -1.050510793846537 0.1034662823277944 2.911392405063292
v -1.05559376635466 1.292729527166134e-16 2.911392405063292
v -1.050510793846538 -0.1034662823277941 2.911392405063292
v -1.035310828126058 -0.2059361277963485 2.911392405063292
v -1.010140253172256 -0.3064226957780847 2.911392405063292
v -0.9752414753815722 -0.4039582456917939 2.911392405063292
v -0.9309505890617442 -0.4976034568734515 2.911392405063292
v -0.8776941396598933 -0.5864564747476979 2.911392405063292
v -0.8159850158966953 -0.6696615961804047 2.911392405063292
v -0.7464175103676286 -0.7464175103676284 2.911392405063292
v -0.6696615961804052 -0.8159850158966947 2.911392405063292
v -0.5864564747476981 -0.877694139659893 2.911392405063292
v -0.4976034568734518 -0.9309505890617441 2.911392405063292
v -0.4039582456917947 -0.9752414753815719 2.911392405063292
v -0.306422695778085 -1.010140253172255 2.911392405063292
v -0.2059361277963488 -1.035310828126058 2.911392405063292
v -0.103466282327794 -1.050510793846538 2.911392405063292
v -1.939094290749201e-16 -1.05559376635466 2.911392405063292
v 0.1034662823277936 -1.050510793846538 2.911392405063292
v 0.2059361277963484 -1.035310828126058 2.911392405063292
v 0.3064226957780846 -1.010140253172256 2.911392405063292
v 0.4039582456917943 -0.975241475381572 2.911392405063292
v 0.4976034568734514 -0.9309505890617442 2.911392405063292
v 0.5864564747476978 -0.8776941396598933 2.911392405063292
v 0.669661596180405 -0.815985015896695 2.911392405063292
v 0.7464175103676283 -0.7464175103676286 2.911392405063292
v 0.8159850158966947 -0.6696615961804053 2.911392405063292
v 0.877694139659893 -0.5864564747476981 2.911392405063292
v 0.930950589061744 -0.4976034568734519 2.911392405063292
v 0.9752414753815719 -0.4039582456917947 2.911392405063292
v 1.010140253172255 -0.3064226957780851 2.911392405063292
v 1.035310828126058 -0.2059361277963488 2.911392405063292
v 1.050510793846538 -0.103466282327794 2.911392405063292
v 1.048214246383197 0 2.974683544303798
v 1.043166808280765 0.1027429628831864 2.974683544303798
v 1.028073103561604 0.204496454868791 2.974683544303798
v 1.003078492853221 0.3042805342048757 2.974683544303798
v 0.9684236879201785 0.4011342256599076 2.974683544303798
v 0.924442433478227 0.4941247752395612 2.974683544303798
v 0.8715582930502412 0.5823566331175792 2.974683544303798
v 0.8102805698179546 0.6649800782701568 2.974683544303798
v 0.741199401753905 0.7411994017539049 2.974683544303798
v 0.6649800782701568 0.8102805698179546 2.974683544303798
v 0.5823566331175795 0.8715582930502412 2.974683544303798
v 0.4941247752395614 0.9244424334782269 2.974683544303798
v 0.4011342256599077 0.9684236879201785 2.974683544303798
v 0.3042805342048757 1.003078492853221 2.974683544303798
v 0.2044964548687911 1.028073103561604 2.974683544303798
v 0.1027429628831866 1.043166808280764 2.974683544303798
v 6.418461108269184e-17 1.048214246383197 2.974683544303798
v -0.1027429628831864 1.043166808280765 2.974683544303798
v -0.204496454868791 1.028073103561604 2.974683544303798
v -0.3042805342048756 1.003078492853221 2.974683544303798
v -0.4011342256599076 0.9684236879201785 2.974683544303798
v -0.4941247752395613 0.924442433478227 2.974683544303798
v -0.582356633117579 0.8715582930502414 2.974683544303798
v -0.6649800782701567 0.8102805698179547 2.974683544303798
v -0.7411994017539049 0.741199401753905 2.974683544303798
v -0.8102805698179546 0.6649800782701568 2.974683544303798
v -0.8715582930502414 0.5823566331175792 2.974683544303798
v -0.9244424334782269 0.4941247752395614 2.974683544303798
v -0.9684236879201785 0.4011342256599078 2.974683544303798
v -1.003078492853221 0.3042805342048758 2.974683544303798
v -1.028073103561604 0.2044964548687914 2.974683544303798
v -1.043166808280764 0.1027429628831866 2.974683544303798
v -1.048214246383197 1.283692221653837e-16 2.974683544303798
v -1.043166808280765 -0.1027429628831864 2.974683544303798
v -1.028073103561604 -0.2044964548687911 2.974683544303798
v -1.003078492853221 -0.3042805342048755 2.974683544303798
v -0.9684236879201786 -0.4011342256599075 2.974683544303798
v -0.924442433478227 -0.4941247752395612 2.974683544303798
v -0.8715582930502415 -0.582356633117579 2.974683544303798
v -0.8102805698179547 -0.6649800782701566 2.974683544303798
v -0.7411994017539051 -0.7411994017539049 2.974683544303798
v -0.6649800782701571 -0.8102805698179543 2.974683544303798
v -0.5823566331175792 -0.8715582930502412 2.974683544303798
v -0.4941247752395615 -0.9244424334782269 2.974683544303798
v -0.4011342256599082 -0.9684236879201783 2.974683544303798
v -0.3042805342048758 -1.003078492853221 2.974683544303798
v -0.2044964548687915 -1.028073103561604 2.974683544303798
v -0.1027429628831862 -1.043166808280765 2.974683544303798
v -1.925538332480755e-16 -1.048214246383197 2.974683544303798
v 0.1027429628831859 -1.043166808280765 2.974683544303798
v 0.2044964548687911 -1.028073103561604 2.974683544303798
v 0.3042805342048754 -1.003078492853221 2.974683544303798
v 0.4011342256599079 -0.9684236879201784 2.974683544303798
v 0.4941247752395612 -0.924442433478227 2.974683544303798
v 0.5823566331175789 -0.8715582930502415 2.974683544303798
v 0.6649800782701569 -0.8102805698179545 2.974683544303798
v 0.7411994017539048 -0.7411994017539051 2.974683544303798
v 0.8102805698179543 -0.6649800782701573 2.974683544303798
v 0.8715582930502412 -0.5823566331175792 2.974683544303798
v 0.9244424334782267 -0.4941247752395616 2.974683544303798
v 0.9684236879201783 -0.4011342256599083 2.974683544303798
v 1.003078492853221 -0.3042805342048759 2.974683544303798
v 1.028073103561604 -0.2044964548687915 2.974683544303798
v 1.043166808280765 -0.1027429628831863 2.974683544303798
v 1.0407039643502 0 3.037974683544304
v 1.035692690308526 0.1020068265152436 3.037974683544304
v 1.020707129491964 0.2030312715285418 3.037974683544304
v 0.9958916010431209 0.3021004144088372 3.037974683544304
v 0.9614850920665055 0.3982601651534905 3.037974683544304
v 0.9178189560520736 0.4905844527965636 3.037974683544304
v 0.8653137217599826 0.5781841439784643 3.037974683544304
v 0.8044750432987456 0.6602156057862487 3.037974683544304
v 0.7358888303997494 0.7358888303997493 3.037974683544304
v 0.6602156057862487 0.8044750432987456 3.037974683544304
v 0.5781841439784644 0.8653137217599826 3.037974683544304
v 0.4905844527965638 0.9178189560520735 3.037974683544304
v 0.3982601651534906 0.9614850920665055 3.037974683544304
v 0.3021004144088372 0.9958916010431209 3.037974683544304
v 0.2030312715285418 1.020707129491964 3.037974683544304
v 0.1020068265152437 1.035692690308525 3.037974683544304
v 6.372473894007167e-17 1.0407039643502 3.037974683544304
v -0.1020068265152436 1.035692690308526 3.037974683544304
v -0.2030312715285417 1.020707129491964 3.037974683544304
v -0.3021004144088371 0.995891601043121 3.037974683544304
v -0.3982601651534904 0.9614850920665055 3.037974683544304
v -0.4905844527965637 0.9178189560520736 3.037974683544304
v -0.5781841439784641 0.8653137217599827 3.037974683544304
v -0.6602156057862486 0.8044750432987458 3.037974683544304
v -0.7358888303997493 0.7358888303997494 3.037974683544304
v -0.8044750432987456 0.6602156057862487 3.037974683544304
v -0.8653137217599827 0.5781841439784643 3.037974683544304
v -0.9178189560520735 0.4905844527965638 3.037974683544304
v -0.9614850920665055 0.3982601651534906 3.037974683544304
v -0.9958916010431209 0.3021004144088373 3.037974683544304
v -1.020707129491964 0.2030312715285421 3.037974683544304
v -1.035692690308525 0.1020068265152438 3.037974683544304
v -1.0407039643502 1.274494778801433e-16 3.037974683544304
v -1.035692690308526 -0.1020068265152436 3.037974683544304
v -1.020707129491964 -0.2030312715285419 3.037974683544304
v -0.995891601043121 -0.302100414408837 3.037974683544304
v -0.9614850920665056 -0.3982601651534904 3.037974683544304
v -0.9178189560520736 -0.4905844527965636 3.037974683544304
v -0.8653137217599828 -0.5781841439784641 3.037974683544304
v -0.8044750432987458 -0.6602156057862485 3.037974683544304
v -0.7358888303997495 -0.7358888303997493 3.037974683544304
v -0.660215605786249 -0.8044750432987453 3.037974683544304
v -0.5781841439784643 -0.8653137217599826 3.037974683544304
v -0.4905844527965639 -0.9178189560520735 3.037974683544304
v -0.3982601651534911 -0.9614850920665052 3.037974683544304
v -0.3021004144088373 -0.9958916010431209 3.037974683544304
v -0.2030312715285422 -1.020707129491964 3.037974683544304
v -0.1020068265152434 -1.035692690308526 3.037974683544304
v -1.91174216820215e-16 -1.0407039643502 3.037974683544304
v 0.102006826515243 -1.035692690308526 3.037974683544304
v 0.2030312715285418 -1.020707129491964 3.037974683544304
v 0.3021004144088369 -0.995891601043121 3.037974683544304
v 0.3982601651534907 -0.9614850920665053 3.037974683544304
v 0.4905844527965635 -0.9178189560520736 3.037974683544304
v 0.578184143978464 -0.8653137217599828 3.037974683544304
v 0.6602156057862488 -0.8044750432987455 3.037974683544304
v 0.7358888303997492 -0.7358888303997495 3.037974683544304
v 0.8044750432987453 -0.6602156057862492 3.037974683544304
v 0.8653137217599826 -0.5781841439784643 3.037974683544304
v 0.9178189560520734 -0.4905844527965639 3.037974683544304
v 0.9614850920665052 -0.3982601651534912 3.037974683544304
v 0.9958916010431209 -0.3021004144088374 3.037974683544304
v 1.020707129491964 -0.2030312715285422 3.037974683544304
v 1.035692690308526 -0.1020068265152435 3.037974683544304
v 1.033070387980756 0 3.10126582278481
v 1.02809587169577 0.1012586051890234 3.10126582278481
v 1.01322023015198 0.2015420346564923 3.10126582278481
v 0.9885867239093082 0.299884504156136 3.10126582278481
v 0.9544325870989148 0.3953389219472108 3.10126582278481
v 0.9110867427288343 0.4869860098056959 3.10126582278481
v 0.8589666349755994 0.5739431561761197 3.10126582278481
v 0.7985742089686231 0.6553729162033235 3.10126582278481
v 0.7304910767842104 0.7304910767842103 3.10126582278481
v 0.6553729162033235 0.7985742089686231 3.10126582278481
v 0.5739431561761198 0.8589666349755994 3.10126582278481
v 0.4869860098056961 0.9110867427288342 3.10126582278481
v 0.3953389219472109 0.9544325870989148 3.10126582278481
v 0.299884504156136 0.9885867239093082 3.10126582278481
v 0.2015420346564924 1.01322023015198 3.10126582278481
v 0.1012586051890236 1.028095871695769 3.10126582278481
v 6.325731719672737e-17 1.033070387980756 3.10126582278481
v -0.1012586051890235 1.02809587169577 3.10126582278481
v -0.2015420346564922 1.01322023015198 3.10126582278481
v -0.2998845041561359 0.9885867239093084 3.10126582278481
v -0.3953389219472108 0.9544325870989148 3.10126582278481
v -0.486986009805696 0.9110867427288343 3.10126582278481
v -0.5739431561761194 0.8589666349755996 3.10126582278481
v -0.6553729162033234 0.7985742089686232 3.10126582278481
v -0.7304910767842103 0.7304910767842104 3.10126582278481
v -0.7985742089686231 0.6553729162033235 3.10126582278481
v -0.8589666349755996 0.5739431561761197 3.10126582278481
v -0.9110867427288342 0.4869860098056961 3.10126582278481
v -0.9544325870989148 0.3953389219472109 3.10126582278481
v -0.9885867239093082 0.2998845041561361 3.10126582278481
v -1.01322023015198 0.2015420346564927 3.10126582278481
v -1.028095871695769 0.1012586051890236 3.10126582278481
v -1.033070387980756 1.265146343934547e-16 3.10126582278481
v -1.02809587169577 -0.1012586051890234 3.10126582278481
v -1.01322023015198 -0.2015420346564924 3.10126582278481
v -0.9885867239093084 -0.2998845041561358 3.10126582278481
v -0.9544325870989149 -0.3953389219472107 3.10126582278481
v -0.9110867427288343 -0.4869860098056959 3.10126582278481
v -0.8589666349755997 -0.5739431561761194 3.10126582278481
v -0.7985742089686232 -0.6553729162033233 3.10126582278481
v -0.7304910767842105 -0.7304910767842103 3.10126582278481
v -0.6553729162033238 -0.7985742089686227 3.10126582278481
v -0.5739431561761197 -0.8589666349755994 3.10126582278481
v -0.4869860098056962 -0.9110867427288342 3.10126582278481
v -0.3953389219472114 -0.9544325870989145 3.10126582278481
v -0.2998845041561362 -0.9885867239093082 3.10126582278481
v -0.2015420346564927 -1.01322023015198 3.10126582278481
v -0.1012586051890233 -1.02809587169577 3.10126582278481
v -1.897719515901821e-16 -1.033070387980756 3.10126582278481
v 0.1012586051890229 -1.02809587169577 3.10126582278481
v 0.2015420346564924 -1.01322023015198 3.10126582278481
v 0.2998845041561358 -0.9885867239093084 3.10126582278481
v 0.395338921947211 -0.9544325870989147 3.10126582278481
v 0.4869860098056958 -0.9110867427288343 3.10126582278481
v 0.5739431561761192 -0.8589666349755997 3.10126582278481
v 0.6553729162033236 -0.798574208968623 3.10126582278481
v 0.7304910767842102 -0.7304910767842105 3.10126582278481
v 0.7985742089686227 -0.6553729162033239 3.10126582278481
v 0.8589666349755994 -0.5739431561761197 3.10126582278481
v 0.9110867427288341 -0.4869860098056962 3.10126582278481
v 0.9544325870989145 -0.3953389219472115 3.10126582278481
v 0.9885867239093082 -0.2998845041561362 3.10126582278481
v 1.01322023015198 -0.2015420346564928 3.10126582278481
v 1.02809587169577 -0.1012586051890233 3.10126582278481
v 1.025321764506444 0 3.164556962025316
v 1.020384559961401 0.1004991072745808 3.164556962025316
v 1.005620494304988 0.200030353207707 3.164556962025316
v 0.9811717535603376 0.297635197491729 3.164556962025316
v 0.9472737924658614 0.3923736521199564 3.164556962025316
v 0.9042530669174097 0.4833333339850118 3.164556962025316
v 0.8525238900195349 0.5696382516269149 3.164556962025316
v 0.792584442023808 0.6504572415097071 3.164556962025316
v 0.7250119725806632 0.7250119725806631 3.164556962025316
v 0.6504572415097071 0.792584442023808 3.164556962025316
v 0.5696382516269151 0.8525238900195349 3.164556962025316
v 0.483333333985012 0.9042530669174096 3.164556962025316
v 0.3923736521199565 0.9472737924658614 3.164556962025316
v 0.297635197491729 0.9811717535603376 3.164556962025316
v 0.2000303532077071 1.005620494304988 3.164556962025316
v 0.100499107274581 1.0203845599614 3.164556962025316
v 6.278285084994667e-17 1.025321764506444 3.164556962025316
v -0.1004991072745809 1.020384559961401 3.164556962025316
v -0.200030353207707 1.005620494304988 3.164556962025316
v -0.2976351974917288 0.9811717535603377 3.164556962025316
v -0.3923736521199563 0.9472737924658614 3.164556962025316
v -0.4833333339850119 0.9042530669174097 3.164556962025316
v -0.5696382516269147 0.852523890019535 3.164556962025316
v -0.650457241509707 0.7925844420238081 3.164556962025316
v -0.7250119725806631 0.7250119725806632 3.164556962025316
v -0.792584442023808 0.6504572415097071 3.164556962025316
v -0.852523890019535 0.5696382516269149 3.164556962025316
v -0.9042530669174096 0.4833333339850121 3.164556962025316
v -0.9472737924658614 0.3923736521199565 3.164556962025316
v -0.9811717535603376 0.2976351974917291 3.164556962025316
v -1.005620494304988 0.2000303532077074 3.164556962025316
v -1.0203845599614 0.1004991072745811 3.164556962025316
v -1.025321764506444 1.255657016998933e-16 3.164556962025316
v -1.020384559961401 -0.1004991072745808 3.164556962025316
v -1.005620494304988 -0.2000303532077072 3.164556962025316
v -0.9811717535603377 -0.2976351974917288 3.164556962025316
v -0.9472737924658615 -0.3923736521199563 3.164556962025316
v -0.9042530669174097 -0.4833333339850118 3.164556962025316
v -0.8525238900195351 -0.5696382516269147 3.164556962025316
v -0.7925844420238081 -0.6504572415097069 3.164556962025316
v -0.7250119725806633 -0.7250119725806631 3.164556962025316
v -0.6504572415097074 -0.7925844420238076 3.164556962025316
v -0.5696382516269149 -0.8525238900195349 3.164556962025316
v -0.4833333339850122 -0.9042530669174096 3.164556962025316
v -0.392373652119957 -0.9472737924658612 3.164556962025316
v -0.2976351974917291 -0.9811717535603376 3.164556962025316
v -0.2000303532077075 -1.005620494304988 3.164556962025316
v -0.1004991072745807 -1.020384559961401 3.164556962025316
v -1.8834855254984e-16 -1.025321764506444 3.164556962025316
v 0.1004991072745803 -1.020384559961401 3.164556962025316
v 0.2000303532077071 -1.005620494304988 3.164556962025316
v 0.2976351974917287 -0.9811717535603377 3.164556962025316
v 0.3923736521199566 -0.9472737924658613 3.164556962025316
v 0.4833333339850118 -0.9042530669174097 3.164556962025316
v 0.5696382516269146 -0.8525238900195351 3.164556962025316
v 0.6504572415097072 -0.7925844420238078 3.164556962025316
v 0.725011972580663 -0.7250119725806633 3.164556962025316
v 0.7925844420238076 -0.6504572415097076 3.164556962025316
v 0.8525238900195349 -0.5696382516269149 3.164556962025316
v 0.9042530669174095 -0.4833333339850122 3.164556962025316
v 0.9472737924658612 -0.392373652119957 3.164556962025316
v 0.9811717535603376 -0.2976351974917292 3.164556962025316
v 1.005620494304988 -0.2000303532077075 3.164556962025316
v 1.020384559961401 -0.1004991072745807 3.164556962025316
v 1.017467068523681 0 3.227848101265823
v 1.012567686486701 0.09972921243619226 3.227848101265823
v 0.997916724103051 0.1984979780390909 3.227848101265823
v 0.9736552781495172 0.2953550996034405 3.227848101265823
v 0.9400169996132874 0.3893677901010881 3.227848101265823
v 0.8973258435052188 0.4796306559299768 3.227848101265823
v 0.845992948995992 0.5652744163494727 3.227848101265823
v 0.7865126799211454 0.6454742751290947 3.227848101265823
v 0.7194578637870922 0.7194578637870921 3.227848101265823
v 0.6454742751290947 0.7865126799211454 3.227848101265823
v 0.5652744163494728 0.845992948995992 3.227848101265823
v 0.4796306559299769 0.8973258435052187 3.227848101265823
v 0.3893677901010882 0.9400169996132874 3.227848101265823
v 0.2953550996034405 0.9736552781495172 3.227848101265823
v 0.198497978039091 0.997916724103051 3.227848101265823
v 0.09972921243619243 1.0125676864867 3.227848101265823
v 6.230188943526831e-17 1.017467068523681 3.227848101265823
v -0.0997292124361923 1.012567686486701 3.227848101265823
v -0.1984979780390908 0.997916724103051 3.227848101265823
v -0.2953550996034404 0.9736552781495174 3.227848101265823
v -0.3893677901010881 0.9400169996132874 3.227848101265823
v -0.4796306559299768 0.8973258435052188 3.227848101265823
v -0.5652744163494725 0.8459929489959921 3.227848101265823
v -0.6454742751290946 0.7865126799211455 3.227848101265823
v -0.7194578637870921 0.7194578637870922 3.227848101265823
v -0.7865126799211454 0.6454742751290947 3.227848101265823
v -0.8459929489959921 0.5652744163494727 3.227848101265823
v -0.8973258435052187 0.479630655929977 3.227848101265823
v -0.9400169996132874 0.3893677901010882 3.227848101265823
v -0.9736552781495172 0.2953550996034406 3.227848101265823
v -0.997916724103051 0.1984979780390912 3.227848101265823
v -1.0125676864867 0.09972921243619248 3.227848101265823
v -1.017467068523681 1.246037788705366e-16 3.227848101265823
v -1.012567686486701 -0.09972921243619225 3.227848101265823
v -0.997916724103051 -0.198497978039091 3.227848101265823
v -0.9736552781495174 -0.2953550996034403 3.227848101265823
v -0.9400169996132876 -0.389367790101088 3.227848101265823
v -0.8973258435052188 -0.4796306559299768 3.227848101265823
v -0.8459929489959922 -0.5652744163494725 3.227848101265823
v -0.7865126799211455 -0.6454742751290945 3.227848101265823
v -0.7194578637870923 -0.7194578637870921 3.227848101265823
v -0.6454742751290951 -0.786512679921145 3.227848101265823
v -0.5652744163494727 -0.845992948995992 3.227848101265823
v -0.4796306559299771 -0.8973258435052187 3.227848101265823
v -0.3893677901010887 -0.9400169996132872 3.227848101265823
v -0.2953550996034406 -0.9736552781495172 3.227848101265823
v -0.1984979780390913 -0.9979167241030509 3.227848101265823
v -0.09972921243619211 -1.012567686486701 3.227848101265823
v -1.869056683058049e-16 -1.017467068523681 3.227848101265823
v 0.09972921243619173 -1.012567686486701 3.227848101265823
v 0.1984979780390909 -0.997916724103051 3.227848101265823
v 0.2953550996034403 -0.9736552781495174 3.227848101265823
v 0.3893677901010884 -0.9400169996132873 3.227848101265823
v 0.4796306559299767 -0.8973258435052188 3.227848101265823
v 0.5652744163494724 -0.8459929489959922 3.227848101265823
v 0.6454742751290948 -0.7865126799211453 3.227848101265823
v 0.719457863787092 -0.7194578637870923 3.227848101265823
v 0.786512679921145 -0.6454742751290952 3.227848101265823
v 0.845992948995992 -0.5652744163494727 3.227848101265823
v 0.8973258435052186 -0.4796306559299771 3.227848101265823
v 0.9400169996132872 -0.3893677901010887 3.227848101265823
v 0.9736552781495172 -0.2953550996034407 3.227848101265823
v 0.9979167241030509 -0.1984979780390914 3.227848101265823
v 1.012567686486701 -0.09972921243619216 3.227848101265823
v 1.009515945253434 0 3.291139240506329
v 1.004654850048263 0.09894986607083484 3.291139240506329
v 0.9901183794369212 0.1969467908399085 3.291139240506329
v 0.9660465275778389 0.2930470103511265 3.291139240506329
v 0.9326711195634321 0.3863250269568721 3.291139240506329
v 0.890313578817733 0.4758825223662811 3.291139240506329
v 0.83938183161311 0.5608570089414541 3.291139240506329
v 0.7803663785172688 0.6404301359248927 3.291139240506329
v 0.7138355706046505 0.7138355706046504 3.291139240506329
v 0.6404301359248927 0.7803663785172688 3.291139240506329
v 0.5608570089414542 0.83938183161311 3.291139240506329
v 0.4758825223662813 0.8903135788177329 3.291139240506329
v 0.3863250269568722 0.9326711195634321 3.291139240506329
v 0.2930470103511265 0.9660465275778389 3.291139240506329
v 0.1969467908399086 0.9901183794369212 3.291139240506329
v 0.098949866070835 1.004654850048263 3.291139240506329
v 6.181502355214161e-17 1.009515945253434 3.291139240506329
v -0.09894986607083488 1.004654850048263 3.291139240506329
v -0.1969467908399084 0.9901183794369212 3.291139240506329
v -0.2930470103511263 0.966046527577839 3.291139240506329
v -0.386325026956872 0.9326711195634321 3.291139240506329
v -0.4758825223662812 0.890313578817733 3.291139240506329
v -0.5608570089414538 0.8393818316131101 3.291139240506329
v -0.6404301359248926 0.7803663785172689 3.291139240506329
v -0.7138355706046504 0.7138355706046505 3.291139240506329
v -0.7803663785172688 0.6404301359248927 3.291139240506329
v -0.8393818316131101 0.5608570089414541 3.291139240506329
v -0.8903135788177329 0.4758825223662814 3.291139240506329
v -0.9326711195634321 0.3863250269568722 3.291139240506329
v -0.9660465275778389 0.2930470103511265 3.291139240506329
v -0.9901183794369212 0.1969467908399088 3.291139240506329
v -1.004654850048263 0.09894986607083506 3.291139240506329
v -1.009515945253434 1.236300471042832e-16 3.291139240506329
v -1.004654850048263 -0.09894986607083482 3.291139240506329
v -0.9901183794369212 -0.1969467908399086 3.291139240506329
v -0.966046527577839 -0.2930470103511262 3.291139240506329
v -0.9326711195634322 -0.3863250269568719 3.291139240506329
v -0.890313578817733 -0.4758825223662811 3.291139240506329
v -0.8393818316131102 -0.5608570089414538 3.291139240506329
v -0.7803663785172689 -0.6404301359248925 3.291139240506329
v -0.7138355706046506 -0.7138355706046504 3.291139240506329
v -0.6404301359248931 -0.7803663785172684 3.291139240506329
v -0.5608570089414541 -0.83938183161311 3.291139240506329
v -0.4758825223662814 -0.8903135788177329 3.291139240506329
v -0.3863250269568727 -0.9326711195634318 3.291139240506329
v -0.2930470103511266 -0.9660465275778389 3.291139240506329
v -0.1969467908399089 -0.990118379436921 3.291139240506329
v -0.09894986607083467 -1.004654850048263 3.291139240506329
v -1.854450706564248e-16 -1.009515945253434 3.291139240506329
v 0.09894986607083431 -1.004654850048263 3.291139240506329
v 0.1969467908399085 -0.9901183794369212 3.291139240506329
v 0.2930470103511262 -0.966046527577839 3.291139240506329
v 0.3863250269568723 -0.932671119563432 3.291139240506329
v 0.4758825223662811 -0.890313578817733 3.291139240506329
v 0.5608570089414537 -0.8393818316131102 3.291139240506329
v 0.6404301359248928 -0.7803663785172686 3.291139240506329
v 0.7138355706046503 -0.7138355706046506 3.291139240506329
v 0.7803663785172684 -0.6404301359248932 3.291139240506329
v 0.83938183161311 -0.5608570089414541 3.291139240506329
v 0.8903135788177328 -0.4758825223662815 3.291139240506329
v 0.9326711195634318 -0.3863250269568727 3.291139240506329
v 0.9660465275778389 -0.2930470103511266 3.291139240506329
v 0.990118379436921 -0.196946790839909 3.291139240506329
v 1.004654850048263 -0.09894986607083474 3.291139240506329
v 1.001478649561029 0 3.354430379746836
v 0.9966562561314336 0.09816207333108223 3.354430379746836
v 0.9822355181275624 0.1953787922351384 3.354430379746836
v 0.9583553151395703 0.2907139065650581 3.354430379746836
v 0.9252456265764782 0.3832492870543695 3.354430379746836
v 0.8832253168387459 0.4720937674039759 3.354430379746836
v 0.8326990644797854 0.5563917267007774 3.354430379746836
v 0.7741534649302727 0.6353313295147939 3.354430379746836
v 0.7081523443181498 0.7081523443181497 3.354430379746836
v 0.6353313295147939 0.7741534649302727 3.354430379746836
v 0.5563917267007775 0.8326990644797854 3.354430379746836
v 0.4720937674039761 0.8832253168387458 3.354430379746836
v 0.3832492870543696 0.9252456265764782 3.354430379746836
v 0.2907139065650581 0.9583553151395703 3.354430379746836
v 0.1953787922351385 0.9822355181275624 3.354430379746836
v 0.0981620733310824 0.9966562561314335 3.354430379746836
v 6.132288112996641e-17 1.001478649561029 3.354430379746836
v -0.09816207333108228 0.9966562561314336 3.354430379746836
v -0.1953787922351383 0.9822355181275624 3.354430379746836
v -0.2907139065650579 0.9583553151395704 3.354430379746836
v -0.3832492870543694 0.9252456265764782 3.354430379746836
v -0.472093767403976 0.8832253168387459 3.354430379746836
v -0.5563917267007772 0.8326990644797855 3.354430379746836
v -0.6353313295147938 0.7741534649302728 3.354430379746836
v -0.7081523443181497 0.7081523443181498 3.354430379746836
v -0.7741534649302727 0.6353313295147939 3.354430379746836
v -0.8326990644797855 0.5563917267007774 3.354430379746836
v -0.8832253168387458 0.4720937674039761 3.354430379746836
v -0.9252456265764782 0.3832492870543696 3.354430379746836
v -0.9583553151395703 0.2907139065650581 3.354430379746836
v -0.9822355181275624 0.1953787922351388 3.354430379746836
v -0.9966562561314335 0.09816207333108246 3.354430379746836
v -1.001478649561029 1.226457622599328e-16 3.354430379746836
v -0.9966562561314336 -0.09816207333108222 3.354430379746836
v -0.9822355181275624 -0.1953787922351385 3.354430379746836
v -0.9583553151395704 -0.2907139065650579 3.354430379746836
v -0.9252456265764784 -0.3832492870543694 3.354430379746836
v -0.8832253168387459 -0.4720937674039759 3.354430379746836
v -0.8326990644797856 -0.5563917267007772 3.354430379746836
v -0.7741534649302728 -0.6353313295147937 3.354430379746836
v -0.7081523443181499 -0.7081523443181497 3.354430379746836
v -0.6353313295147942 -0.7741534649302724 3.354430379746836
v -0.5563917267007774 -0.8326990644797854 3.354430379746836
v -0.4720937674039762 -0.8832253168387458 3.354430379746836
v -0.3832492870543701 -0.925245626576478 3.354430379746836
v -0.2907139065650582 -0.9583553151395703 3.354430379746836
v -0.1953787922351388 -0.9822355181275623 3.354430379746836
v -0.09816207333108208 -0.9966562561314336 3.354430379746836
v -1.839686433898992e-16 -1.001478649561029 3.354430379746836
v 0.09816207333108172 -0.9966562561314336 3.354430379746836
v 0.1953787922351385 -0.9822355181275624 3.354430379746836
v 0.2907139065650578 -0.9583553151395704 3.354430379746836
v 0.3832492870543697 -0.9252456265764781 3.354430379746836
v 0.4720937674039759 -0.8832253168387459 3.354430379746836
v 0.5563917267007771 -0.8326990644797856 3.354430379746836
v 0.635331329514794 -0.7741534649302726 3.354430379746836
v 0.7081523443181496 -0.7081523443181499 3.354430379746836
v 0.7741534649302724 -0.6353313295147943 3.354430379746836
v 0.8326990644797854 -0.5563917267007774 3.354430379746836
v 0.8832253168387457 -0.4720937674039762 3.354430379746836
v 0.925245626576478 -0.3832492870543701 3.354430379746836
v 0.9583553151395703 -0.2907139065650582 3.354430379746836
v 0.9822355181275623 -0.1953787922351389 3.354430379746836
v 0.9966562561314336 -0.09816207333108214 3.354430379746836
v 0.9933659811215907 0 3.417721518987342
v 0.988582652407949 0.0973668927702066 3.417721518987342
v 0.9742787323373694 0.1937960891368783 3.417721518987342
v 0.95059197547945 0.2883589232254433 3.417721518987342
v 0.9177504982512309 0.3801447032503253 3.417721518987342
v 0.8760705820313974 0.4682694819746734 3.417721518987342
v 0.8259536271977065 0.5518845696054678 3.417721518987342
v 0.7678822874219209 0.6301847071401678 3.417721518987342
v 0.7024158214511048 0.7024158214511047 3.417721518987342
v 0.6301847071401678 0.7678822874219209 3.417721518987342
v 0.5518845696054679 0.8259536271977065 3.417721518987342
v 0.4682694819746736 0.8760705820313973 3.417721518987342
v 0.3801447032503253 0.9177504982512309 3.417721518987342
v 0.2883589232254433 0.95059197547945 3.417721518987342
v 0.1937960891368784 0.9742787323373694 3.417721518987342
v 0.09736689277020677 0.9885826524079488 3.417721518987342
v 6.082612345812131e-17 0.9933659811215907 3.417721518987342
v -0.09736689277020665 0.988582652407949 3.417721518987342
v -0.1937960891368782 0.9742787323373694 3.417721518987342
v -0.2883589232254431 0.9505919754794501 3.417721518987342
v -0.3801447032503252 0.9177504982512309 3.417721518987342
v -0.4682694819746735 0.8760705820313974 3.417721518987342
v -0.5518845696054676 0.8259536271977066 3.417721518987342
v -0.6301847071401677 0.767882287421921 3.417721518987342
v -0.7024158214511047 0.7024158214511048 3.417721518987342
v -0.7678822874219209 0.6301847071401678 3.417721518987342
v -0.8259536271977066 0.5518845696054678 3.417721518987342
v -0.8760705820313973 0.4682694819746737 3.417721518987342
v -0.9177504982512309 0.3801447032503254 3.417721518987342
v -0.95059197547945 0.2883589232254433 3.417721518987342
v -0.9742787323373694 0.1937960891368787 3.417721518987342
v -0.9885826524079488 0.09736689277020683 3.417721518987342
v -0.9933659811215907 1.216522469162426e-16 3.417721518987342
v -0.988582652407949 -0.09736689277020659 3.417721518987342
v -0.9742787323373694 -0.1937960891368784 3.417721518987342
v -0.9505919754794501 -0.288358923225443 3.417721518987342
v -0.917750498251231 -0.3801447032503252 3.417721518987342
v -0.8760705820313974 -0.4682694819746734 3.417721518987342
v -0.8259536271977067 -0.5518845696054676 3.417721518987342
v -0.767882287421921 -0.6301847071401676 3.417721518987342
v -0.7024158214511049 -0.7024158214511047 3.417721518987342
v -0.6301847071401682 -0.7678822874219206 3.417721518987342
v -0.5518845696054678 -0.8259536271977065 3.417721518987342
v -0.4682694819746737 -0.8760705820313973 3.417721518987342
v -0.3801447032503258 -0.9177504982512307 3.417721518987342
v -0.2883589232254434 -0.95059197547945 3.417721518987342
v -0.1937960891368787 -0.9742787323373693 3.417721518987342
v -0.09736689277020645 -0.988582652407949 3.417721518987342
v -1.824783703743639e-16 -0.9933659811215907 3.417721518987342
v 0.09736689277020609 -0.988582652407949 3.417721518987342
v 0.1937960891368783 -0.9742787323373694 3.417721518987342
v 0.288358923225443 -0.9505919754794501 3.417721518987342
v 0.3801447032503255 -0.9177504982512308 3.417721518987342
v 0.4682694819746734 -0.8760705820313974 3.417721518987342
v 0.5518845696054675 -0.8259536271977067 3.417721518987342
v 0.6301847071401679 -0.7678822874219208 3.417721518987342
v 0.7024158214511046 -0.7024158214511049 3.417721518987342
v 0.7678822874219206 -0.6301847071401683 3.417721518987342
v 0.8259536271977065 -0.5518845696054678 3.417721518987342
v 0.8760705820313972 -0.4682694819746738 3.417721518987342
v 0.9177504982512307 -0.3801447032503259 3.417721518987342
v 0.95059197547945 -0.2883589232254434 3.417721518987342
v 0.9742787323373693 -0.1937960891368788 3.417721518987342
v 0.988582652407949 -0.09736689277020651 3.417721518987342
v 0.9851892161410168 0 3.481012658227848
v 0.9804452607856938 0.09656542964966386 3.481012658227848
v 0.966259081603106 0.192200881423768 3.481012658227848
v 0.9427672992537363 0.2859853336420718 3.481012658227848
v 0.9101961524435237 0.3770155907619167 3.481012658227848
v 0.8688593191214504 0.4644149816450378 3.481012658227848
v 0.8191548955894197 0.547341802379864 3.481012658227848
v 0.7615615626172469 0.6249974223503072 3.481012658227848
v 0.6966339754851724 0.6966339754851723 3.481012658227848
v 0.6249974223503072 0.7615615626172469 3.481012658227848
v 0.5473418023798641 0.8191548955894197 3.481012658227848
v 0.464414981645038 0.8688593191214503 3.481012658227848
v 0.3770155907619167 0.9101961524435237 3.481012658227848
v 0.2859853336420718 0.9427672992537363 3.481012658227848
v 0.192200881423768 0.966259081603106 3.481012658227848
v 0.09656542964966403 0.9804452607856937 3.481012658227848
v 6.032544100507932e-17 0.9851892161410168 3.481012658227848
v -0.0965654296496639 0.9804452607856938 3.481012658227848
v -0.1922008814237679 0.966259081603106 3.481012658227848
v -0.2859853336420716 0.9427672992537364 3.481012658227848
v -0.3770155907619166 0.9101961524435237 3.481012658227848
v -0.4644149816450379 0.8688593191214504 3.481012658227848
v -0.5473418023798637 0.8191548955894198 3.481012658227848
v -0.6249974223503072 0.7615615626172471 3.481012658227848
v -0.6966339754851723 0.6966339754851724 3.481012658227848
v -0.7615615626172469 0.6249974223503072 3.481012658227848
v -0.8191548955894198 0.547341802379864 3.481012658227848
v -0.8688593191214503 0.464414981645038 3.481012658227848
v -0.9101961524435237 0.3770155907619168 3.481012658227848
v -0.9427672992537363 0.2859853336420718 3.481012658227848
v -0.966259081603106 0.1922008814237683 3.481012658227848
v -0.9804452607856937 0.09656542964966408 3.481012658227848
v -0.9851892161410168 1.206508820101586e-16 3.481012658227848
v -0.9804452607856938 -0.09656542964966384 3.481012658227848
v -0.966259081603106 -0.1922008814237681 3.481012658227848
v -0.9427672992537364 -0.2859853336420716 3.481012658227848
v -0.9101961524435238 -0.3770155907619165 3.481012658227848
v -0.8688593191214504 -0.4644149816450378 3.481012658227848
v -0.8191548955894199 -0.5473418023798637 3.481012658227848
v -0.7615615626172471 -0.6249974223503071 3.481012658227848
v -0.6966339754851725 -0.6966339754851723 3.481012658227848
v -0.6249974223503075 -0.7615615626172466 3.481012658227848
v -0.547341802379864 -0.8191548955894197 3.481012658227848
v -0.4644149816450381 -0.8688593191214503 3.481012658227848
v -0.3770155907619172 -0.9101961524435235 3.481012658227848
v -0.2859853336420719 -0.9427672992537363 3.481012658227848
v -0.1922008814237684 -0.9662590816031059 3.481012658227848
v -0.09656542964966371 -0.9804452607856938 3.481012658227848
v -1.809763230152379e-16 -0.9851892161410168 3.481012658227848
v 0.09656542964966336 -0.9804452607856938 3.481012658227848
v 0.192200881423768 -0.966259081603106 3.481012658227848
v 0.2859853336420715 -0.9427672992537364 3.481012658227848
v 0.3770155907619169 -0.9101961524435236 3.481012658227848
v 0.4644149816450377 -0.8688593191214504 3.481012658227848
v 0.5473418023798636 -0.8191548955894199 3.481012658227848
v 0.6249974223503073 -0.7615615626172468 3.481012658227848
v 0.6966339754851721 -0.6966339754851725 3.481012658227848
v 0.7615615626172466 -0.6249974223503076 3.481012658227848
v 0.8191548955894197 -0.547341802379864 3.481012658227848
v 0.8688593191214502 -0.4644149816450381 3.481012658227848
v 0.9101961524435235 -0.3770155907619173 3.481012658227848
v 0.9427672992537363 -0.285985333642072 3.481012658227848
v 0.9662590816031059 -0.1922008814237684 3.481012658227848
v 0.9804452607856938 -0.09656542964966376 3.481012658227848
v 0.9769600360641765 0 3.544303797468355
v 0.9722557064601871 0.09575882895127498 3.544303797468355
v 0.9581880229139534 0.1905954480326485 3.544303797468355
v 0.9348924649082039 0.2835965287593973 3.544303797468355
v 0.9025933814011812 0.3738664198845609 3.544303797468355
v 0.8616018302235331 0.4605357730100618 3.544303797468355
v 0.8123125824213614 0.5427699148870134 3.544303797468355
v 0.755200320395245 0.6197768857753865 3.544303797468355
v 0.6908150664492333 0.6908150664492332 3.544303797468355
v 0.6197768857753865 0.755200320395245 3.544303797468355
v 0.5427699148870135 0.8123125824213614 3.544303797468355
v 0.4605357730100619 0.861601830223533 3.544303797468355
v 0.373866419884561 0.9025933814011812 3.544303797468355
v 0.2835965287593973 0.9348924649082039 3.544303797468355
v 0.1905954480326485 0.9581880229139534 3.544303797468355
v 0.09575882895127513 0.972255706460187 3.544303797468355
v 5.982154905304382e-17 0.9769600360641765 3.544303797468355
v -0.09575882895127501 0.9722557064601871 3.544303797468355
v -0.1905954480326484 0.9581880229139534 3.544303797468355
v -0.2835965287593972 0.934892464908204 3.544303797468355
v -0.3738664198845609 0.9025933814011812 3.544303797468355
v -0.4605357730100618 0.8616018302235331 3.544303797468355
v -0.5427699148870132 0.8123125824213615 3.544303797468355
v -0.6197768857753864 0.7552003203952451 3.544303797468355
v -0.6908150664492332 0.6908150664492333 3.544303797468355
v -0.755200320395245 0.6197768857753865 3.544303797468355
v -0.8123125824213615 0.5427699148870134 3.544303797468355
v -0.861601830223533 0.460535773010062 3.544303797468355
v -0.9025933814011812 0.373866419884561 3.544303797468355
v -0.9348924649082039 0.2835965287593974 3.544303797468355
v -0.9581880229139534 0.1905954480326488 3.544303797468355
v -0.972255706460187 0.09575882895127519 3.544303797468355
v -0.9769600360641765 1.196430981060876e-16 3.544303797468355
v -0.9722557064601871 -0.09575882895127497 3.544303797468355
v -0.9581880229139534 -0.1905954480326486 3.544303797468355
v -0.934892464908204 -0.2835965287593971 3.544303797468355
v -0.9025933814011813 -0.3738664198845608 3.544303797468355
v -0.8616018302235331 -0.4605357730100618 3.544303797468355
v -0.8123125824213616 -0.5427699148870132 3.544303797468355
v -0.7552003203952451 -0.6197768857753863 3.544303797468355
v -0.6908150664492334 -0.6908150664492332 3.544303797468355
v -0.6197768857753868 -0.7552003203952447 3.544303797468355
v -0.5427699148870134 -0.8123125824213614 3.544303797468355
v -0.460535773010062 -0.861601830223533 3.544303797468355
v -0.3738664198845615 -0.9025933814011809 3.544303797468355
v -0.2835965287593974 -0.9348924649082039 3.544303797468355
v -0.1905954480326489 -0.9581880229139533 3.544303797468355
v -0.09575882895127483 -0.9722557064601871 3.544303797468355
v -1.794646471591315e-16 -0.9769600360641765 3.544303797468355
v 0.09575882895127447 -0.9722557064601871 3.544303797468355
v 0.1905954480326485 -0.9581880229139534 3.544303797468355
v 0.2835965287593971 -0.934892464908204 3.544303797468355
v 0.3738664198845612 -0.9025933814011811 3.544303797468355
v 0.4605357730100617 -0.8616018302235331 3.544303797468355
v 0.5427699148870131 -0.8123125824213616 3.544303797468355
v 0.6197768857753866 -0.7552003203952449 3.544303797468355
v 0.6908150664492331 -0.6908150664492334 3.544303797468355
v 0.7552003203952447 -0.6197768857753869 3.544303797468355
v 0.8123125824213614 -0.5427699148870134 3.544303797468355
v 0.8616018302235329 -0.4605357730100621 3.544303797468355
v 0.9025933814011809 -0.3738664198845615 3.544303797468355
v 0.9348924649082039 -0.2835965287593975 3.544303797468355
v 0.9581880229139533 -0.1905954480326489 3.544303797468355
v 0.9722557064601871 -0.09575882895127488 3.544303797468355
v 0.9686904537210527 0 3.607594936708861
v 0.9640259444163523 0.09494826813828215 3.607594936708861
v 0.9500773382767351 0.1889821325503895 3.607594936708861
v 0.9269789680044098 0.2811959957178944 3.607594936708861
v 0.8949532835319524 0.3707017877292686 3.607594936708861
v 0.8543087097078524 0.4566375188785993 3.607594936708861
v 0.8054366759966203 0.5381755810976694 3.607594936708861
v 0.7488078467990663 0.6145307182740705 3.607594936708861
v 0.6849675886968298 0.6849675886968297 3.607594936708861
v 0.6145307182740705 0.7488078467990663 3.607594936708861
v 0.5381755810976695 0.8054366759966203 3.607594936708861
v 0.4566375188785995 0.8543087097078523 3.607594936708861
v 0.3707017877292687 0.8949532835319524 3.607594936708861
v 0.2811959957178944 0.9269789680044098 3.607594936708861
v 0.1889821325503896 0.9500773382767351 3.607594936708861
v 0.09494826813828232 0.9640259444163521 3.607594936708861
v 5.931518317570422e-17 0.9686904537210527 3.607594936708861
v -0.09494826813828219 0.9640259444163523 3.607594936708861
v -0.1889821325503895 0.9500773382767351 3.607594936708861
v -0.2811959957178943 0.9269789680044099 3.607594936708861
v -0.3707017877292685 0.8949532835319524 3.607594936708861
v -0.4566375188785994 0.8543087097078524 3.607594936708861
v -0.5381755810976692 0.8054366759966204 3.607594936708861
v -0.6145307182740704 0.7488078467990664 3.607594936708861
v -0.6849675886968297 0.6849675886968298 3.607594936708861
v -0.7488078467990663 0.6145307182740705 3.607594936708861
v -0.8054366759966204 0.5381755810976694 3.607594936708861
v -0.8543087097078523 0.4566375188785995 3.607594936708861
v -0.8949532835319524 0.3707017877292687 3.607594936708861
v -0.9269789680044098 0.2811959957178945 3.607594936708861
v -0.9500773382767351 0.1889821325503899 3.607594936708861
v -0.9640259444163521 0.09494826813828236 3.607594936708861
v -0.9686904537210527 1.186303663514084e-16 3.607594936708861
v -0.9640259444163523 -0.09494826813828214 3.607594936708861
v -0.9500773382767351 -0.1889821325503896 3.607594936708861
v -0.9269789680044099 -0.2811959957178942 3.607594936708861
v -0.8949532835319525 -0.3707017877292685 3.607594936708861
v -0.8543087097078524 -0.4566375188785993 3.607594936708861
v -0.8054366759966205 -0.5381755810976692 3.607594936708861
v -0.7488078467990664 -0.6145307182740702 3.607594936708861
v -0.6849675886968299 -0.6849675886968297 3.607594936708861
v -0.6145307182740708 -0.748807846799066 3.607594936708861
v -0.5381755810976694 -0.8054366759966203 3.607594936708861
v -0.4566375188785996 -0.8543087097078523 3.607594936708861
v -0.3707017877292691 -0.8949532835319521 3.607594936708861
v -0.2811959957178946 -0.9269789680044098 3.607594936708861
v -0.18898213255039 -0.950077338276735 3.607594936708861
v -0.094948268138282 -0.9640259444163523 3.607594936708861
v -1.779455495271126e-16 -0.9686904537210527 3.607594936708861
v 0.09494826813828165 -0.9640259444163523 3.607594936708861
v 0.1889821325503896 -0.9500773382767351 3.607594936708861
v 0.2811959957178942 -0.9269789680044099 3.607594936708861
v 0.3707017877292688 -0.8949532835319522 3.607594936708861
v 0.4566375188785993 -0.8543087097078524 3.607594936708861
v 0.5381755810976691 -0.8054366759966205 3.607594936708861
v 0.6145307182740706 -0.7488078467990662 3.607594936708861
v 0.6849675886968296 -0.6849675886968299 3.607594936708861
v 0.748807846799066 -0.6145307182740709 3.607594936708861
v 0.8054366759966203 -0.5381755810976694 3.607594936708861
v 0.8543087097078522 -0.4566375188785997 3.607594936708861
v 0.8949532835319521 -0.3707017877292692 3.607594936708861
v 0.9269789680044098 -0.2811959957178946 3.607594936708861
v 0.950077338276735 -0.18898213255039 3.607594936708861
v 0.9640259444163523 -0.09494826813828205 3.607594936708861
v 0.9603927373777648 0 3.670886075949367
v 0.9557681838452539 0.09413494971104722 3.670886075949367
v 0.941939060226277 0.187363328396979 3.670886075949367
v 0.9190385485410533 0.278787295807234 3.670886075949367
v 0.8872871932358043 0.3675263891582273 3.670886075949367
v 0.846990777219176 0.4527260024712657 3.670886075949367
v 0.7985373770056702 0.5335656168952984 3.670886075949367
v 0.742393625326666 0.6092667027519937 3.670886075949367
v 0.6791002172021285 0.6791002172021284 3.670886075949367
v 0.6092667027519937 0.742393625326666 3.670886075949367
v 0.5335656168952985 0.7985373770056702 3.670886075949367
v 0.4527260024712658 0.8469907772191759 3.670886075949367
v 0.3675263891582273 0.8872871932358043 3.670886075949367
v 0.278787295807234 0.9190385485410533 3.670886075949367
v 0.1873633283969791 0.941939060226277 3.670886075949367
v 0.09413494971104737 0.9557681838452537 3.670886075949367
v 5.880709458770221e-17 0.9603927373777648 3.670886075949367
v -0.09413494971104726 0.9557681838452539 3.670886075949367
v -0.187363328396979 0.941939060226277 3.670886075949367
v -0.2787872958072339 0.9190385485410534 3.670886075949367
v -0.3675263891582272 0.8872871932358043 3.670886075949367
v -0.4527260024712657 0.846990777219176 3.670886075949367
v -0.5335656168952981 0.7985373770056703 3.670886075949367
v -0.6092667027519936 0.7423936253266661 3.670886075949367
v -0.6791002172021284 0.6791002172021285 3.670886075949367
v -0.742393625326666 0.6092667027519937 3.670886075949367
v -0.7985373770056703 0.5335656168952984 3.670886075949367
v -0.8469907772191759 0.4527260024712659 3.670886075949367
v -0.8872871932358043 0.3675263891582274 3.670886075949367
v -0.9190385485410533 0.2787872958072341 3.670886075949367
v -0.941939060226277 0.1873633283969794 3.670886075949367
v -0.9557681838452537 0.09413494971104742 3.670886075949367
v -0.9603927373777648 1.176141891754044e-16 3.670886075949367
v -0.9557681838452539 -0.0941349497110472 3.670886075949367
v -0.941939060226277 -0.1873633283969791 3.670886075949367
v -0.9190385485410534 -0.2787872958072338 3.670886075949367
v -0.8872871932358044 -0.3675263891582272 3.670886075949367
v -0.846990777219176 -0.4527260024712657 3.670886075949367
v -0.7985373770056704 -0.5335656168952981 3.670886075949367
v -0.7423936253266661 -0.6092667027519935 3.670886075949367
v -0.6791002172021287 -0.6791002172021284 3.670886075949367
v -0.609266702751994 -0.7423936253266656 3.670886075949367
v -0.5335656168952984 -0.7985373770056702 3.670886075949367
v -0.4527260024712659 -0.8469907772191759 3.670886075949367
v -0.3675263891582278 -0.8872871932358041 3.670886075949367
v -0.2787872958072342 -0.9190385485410533 3.670886075949367
v -0.1873633283969794 -0.9419390602262769 3.670886075949367
v -0.09413494971104706 -0.9557681838452539 3.670886075949367
v -1.764212837631066e-16 -0.9603927373777648 3.670886075949367
v 0.09413494971104672 -0.9557681838452539 3.670886075949367
v 0.1873633283969791 -0.941939060226277 3.670886075949367
v 0.2787872958072338 -0.9190385485410534 3.670886075949367
v 0.3675263891582275 -0.8872871932358042 3.670886075949367
v 0.4527260024712656 -0.846990777219176 3.670886075949367
v 0.533565616895298 -0.7985373770056704 3.670886075949367
v 0.6092667027519938 -0.7423936253266659 3.670886075949367
v 0.6791002172021283 -0.6791002172021287 3.670886075949367
v 0.7423936253266656 -0.6092667027519941 3.670886075949367
v 0.7985373770056702 -0.5335656168952984 3.670886075949367
v 0.8469907772191758 -0.452726002471266 3.670886075949367
v 0.8872871932358041 -0.3675263891582279 3.670886075949367
v 0.9190385485410533 -0.2787872958072342 3.670886075949367
v 0.9419390602262769 -0.1873633283969795 3.670886075949367
v 0.9557681838452539 -0.09413494971104712 3.670886075949367
v 0.9520793331726394 0 3.734177215189874
v 0.9474948109536606 0.09332009360445707 3.734177215189874
v 0.9337853957518477 0.1857414636935509 3.734177215189874
v 0.911083116729923 0.2763740419506633 3.734177215189874
v 0.8796066092451956 0.3643449871023715 3.734177215189874
v 0.8396590092715529 0.448807090857054 3.734177215189874
v 0.7916250340343203 0.5289469369838707 3.734177215189874
v 0.7359672769730743 0.6039927349557244 3.734177215189874
v 0.6732217527139396 0.6732217527139396 3.734177215189874
v 0.6039927349557244 0.7359672769730743 3.734177215189874
v 0.5289469369838709 0.7916250340343203 3.734177215189874
v 0.4488070908570542 0.8396590092715528 3.734177215189874
v 0.3643449871023716 0.8796066092451956 3.734177215189874
v 0.2763740419506633 0.911083116729923 3.734177215189874
v 0.1857414636935509 0.9337853957518477 3.734177215189874
v 0.09332009360445724 0.9474948109536605 3.734177215189874
v 5.829804539521097e-17 0.9520793331726394 3.734177215189874
v -0.09332009360445712 0.9474948109536606 3.734177215189874
v -0.1857414636935508 0.9337853957518477 3.734177215189874
v -0.2763740419506632 0.9110831167299231 3.734177215189874
v -0.3643449871023715 0.8796066092451956 3.734177215189874
v -0.4488070908570541 0.8396590092715529 3.734177215189874
v -0.5289469369838705 0.7916250340343204 3.734177215189874
v -0.6039927349557243 0.7359672769730744 3.734177215189874
v -0.6732217527139396 0.6732217527139396 3.734177215189874
v -0.7359672769730743 0.6039927349557244 3.734177215189874
v -0.7916250340343204 0.5289469369838707 3.734177215189874
v -0.8396590092715528 0.4488070908570542 3.734177215189874
v -0.8796066092451956 0.3643449871023716 3.734177215189874
v -0.911083116729923 0.2763740419506634 3.734177215189874
v -0.9337853957518477 0.1857414636935512 3.734177215189874
v -0.9474948109536605 0.09332009360445728 3.734177215189874
v -0.9520793331726394 1.165960907904219e-16 3.734177215189874
v -0.9474948109536606 -0.09332009360445706 3.734177215189874
v -0.9337853957518477 -0.185741463693551 3.734177215189874
v -0.9110831167299231 -0.2763740419506631 3.734177215189874
v -0.8796066092451957 -0.3643449871023714 3.734177215189874
v -0.8396590092715529 -0.448807090857054 3.734177215189874
v -0.7916250340343205 -0.5289469369838705 3.734177215189874
v -0.7359672769730744 -0.6039927349557241 3.734177215189874
v -0.6732217527139397 -0.6732217527139396 3.734177215189874
v -0.6039927349557246 -0.735967276973074 3.734177215189874
v -0.5289469369838707 -0.7916250340343203 3.734177215189874
v -0.4488070908570543 -0.8396590092715528 3.734177215189874
v -0.3643449871023721 -0.8796066092451955 3.734177215189874
v -0.2763740419506635 -0.911083116729923 3.734177215189874
v -0.1857414636935513 -0.9337853957518476 3.734177215189874
v -0.09332009360445694 -0.9474948109536606 3.734177215189874
v -1.748941361856329e-16 -0.9520793331726394 3.734177215189874
v 0.09332009360445659 -0.9474948109536606 3.734177215189874
v 0.1857414636935509 -0.9337853957518477 3.734177215189874
v 0.2763740419506631 -0.9110831167299231 3.734177215189874
v 0.3643449871023717 -0.8796066092451956 3.734177215189874
v 0.4488070908570539 -0.8396590092715529 3.734177215189874
v 0.5289469369838704 -0.7916250340343205 3.734177215189874
v 0.6039927349557245 -0.7359672769730742 3.734177215189874
v 0.6732217527139395 -0.6732217527139397 3.734177215189874
v 0.735967276973074 -0.6039927349557247 3.734177215189874
v 0.7916250340343203 -0.5289469369838707 3.734177215189874
v 0.8396590092715527 -0.4488070908570543 3.734177215189874
v 0.8796066092451955 -0.3643449871023721 3.734177215189874
v 0.911083116729923 -0.2763740419506635 3.734177215189874
v 0.9337853957518476 -0.1857414636935513 3.734177215189874
v 0.9474948109536606 -0.09332009360445699 3.734177215189874
v 0.9437627864277165 0 3.79746835443038
v 0.939218310654458 0.09250492947510262 3.79746835443038
v 0.925628649120642 0.1841189859110217 3.79746835443038
v 0.9031246776957039 0.2739598758629417 3.79746835443038
v 0.8719231219263881 0.3611623824485997 3.79746835443038
v 0.8323244698512583 0.4448866978598365 3.79746835443038
v 0.7847100781366232 0.5243265111708755 3.79746835443038
v 0.729538499403369 0.5987167735533122 3.79746835443038
v 0.6673410661145498 0.6673410661145497 3.79746835443038
v 0.5987167735533122 0.729538499403369 3.79746835443038
v 0.5243265111708756 0.7847100781366232 3.79746835443038
v 0.4448866978598366 0.8323244698512582 3.79746835443038
v 0.3611623824485998 0.8719231219263881 3.79746835443038
v 0.2739598758629417 0.9031246776957039 3.79746835443038
v 0.1841189859110218 0.925628649120642 3.79746835443038
v 0.09250492947510278 0.9392183106544579 3.79746835443038
v 5.778880377765451e-17 0.9437627864277165 3.79746835443038
v -0.09250492947510267 0.939218310654458 3.79746835443038
v -0.1841189859110216 0.925628649120642 3.79746835443038
v -0.2739598758629416 0.903124677695704 3.79746835443038
v -0.3611623824485997 0.8719231219263881 3.79746835443038
v -0.4448866978598365 0.8323244698512583 3.79746835443038
v -0.5243265111708753 0.7847100781366233 3.79746835443038
v -0.5987167735533121 0.7295384994033691 3.79746835443038
v -0.6673410661145497 0.6673410661145498 3.79746835443038
v -0.729538499403369 0.5987167735533122 3.79746835443038
v -0.7847100781366233 0.5243265111708755 3.79746835443038
v -0.8323244698512582 0.4448866978598367 3.79746835443038
v -0.8719231219263881 0.3611623824485998 3.79746835443038
v -0.9031246776957039 0.2739598758629418 3.79746835443038
v -0.925628649120642 0.184118985911022 3.79746835443038
v -0.9392183106544579 0.09250492947510283 3.79746835443038
v -0.9437627864277165 1.15577607555309e-16 3.79746835443038
v -0.939218310654458 -0.09250492947510261 3.79746835443038
v -0.925628649120642 -0.1841189859110218 3.79746835443038
v -0.903124677695704 -0.2739598758629415 3.79746835443038
v -0.8719231219263882 -0.3611623824485996 3.79746835443038
v -0.8323244698512583 -0.4448866978598365 3.79746835443038
v -0.7847100781366234 -0.5243265111708753 3.79746835443038
v -0.7295384994033691 -0.598716773553312 3.79746835443038
v -0.6673410661145499 -0.6673410661145497 3.79746835443038
v -0.5987167735533125 -0.7295384994033688 3.79746835443038
v -0.5243265111708755 -0.7847100781366232 3.79746835443038
v -0.4448866978598368 -0.8323244698512582 3.79746835443038
v -0.3611623824486002 -0.8719231219263879 3.79746835443038
v -0.2739598758629418 -0.9031246776957039 3.79746835443038
v -0.1841189859110221 -0.9256286491206419 3.79746835443038
v -0.09250492947510247 -0.939218310654458 3.79746835443038
v -1.733664113329635e-16 -0.9437627864277165 3.79746835443038
v 0.09250492947510214 -0.939218310654458 3.79746835443038
v 0.1841189859110217 -0.925628649120642 3.79746835443038
v 0.2739598758629415 -0.903124677695704 3.79746835443038
v 0.3611623824485999 -0.871923121926388 3.79746835443038
v 0.4448866978598364 -0.8323244698512583 3.79746835443038
v 0.5243265111708751 -0.7847100781366234 3.79746835443038
v 0.5987167735533123 -0.7295384994033689 3.79746835443038
v 0.6673410661145496 -0.6673410661145499 3.79746835443038
v 0.7295384994033688 -0.5987167735533127 3.79746835443038
v 0.7847100781366232 -0.5243265111708755 3.79746835443038
v 0.8323244698512581 -0.4448866978598368 3.79746835443038
v 0.8719231219263879 -0.3611623824486003 3.79746835443038
v 0.9031246776957039 -0.2739598758629419 3.79746835443038
v 0.9256286491206419 -0.1841189859110221 3.79746835443038
v 0.939218310654458 -0.09250492947510253 3.79746835443038
v 0.9354556623331848 0 3.860759493670886
v 0.9309511876330094 0.09169068892699384 3.860759493670886
v 0.9174811440862423 0.1824983463963916 3.860759493670886
v 0.8951752555757136 0.2715484450262479 3.860759493670886
v 0.8642483400014188 0.3579833836870216 3.860759493670886
v 0.8249982404667102 0.4409707466692656 3.860759493670886
v 0.7778029568863938 0.5197113203019538 3.860759493670886
v 0.7231170056409145 0.5934467898170273 3.860759493670886
v 0.6614670423351482 0.6614670423351481 3.860759493670886
v 0.5934467898170273 0.7231170056409145 3.860759493670886
v 0.5197113203019539 0.7778029568863938 3.860759493670886
v 0.4409707466692658 0.8249982404667101 3.860759493670886
v 0.3579833836870217 0.8642483400014188 3.860759493670886
v 0.2715484450262479 0.8951752555757136 3.860759493670886
v 0.1824983463963916 0.9174811440862423 3.860759493670886
v 0.09169068892699399 0.9309511876330093 3.860759493670886
v 5.72801391310301e-17 0.9354556623331848 3.860759493670886
v -0.09169068892699388 0.9309511876330094 3.860759493670886
v -0.1824983463963915 0.9174811440862423 3.860759493670886
v -0.2715484450262477 0.8951752555757138 3.860759493670886
v -0.3579833836870215 0.8642483400014188 3.860759493670886
v -0.4409707466692657 0.8249982404667102 3.860759493670886
v -0.5197113203019535 0.7778029568863939 3.860759493670886
v -0.5934467898170271 0.7231170056409146 3.860759493670886
v -0.6614670423351481 0.6614670423351482 3.860759493670886
v -0.7231170056409145 0.5934467898170273 3.860759493670886
v -0.7778029568863939 0.5197113203019538 3.860759493670886
v -0.8249982404667101 0.4409707466692658 3.860759493670886
v -0.8642483400014188 0.3579833836870217 3.860759493670886
v -0.8951752555757136 0.2715484450262479 3.860759493670886
v -0.9174811440862423 0.1824983463963919 3.860759493670886
v -0.9309511876330093 0.09169068892699404 3.860759493670886
v -0.9354556623331848 1.145602782620602e-16 3.860759493670886
v -0.9309511876330094 -0.09169068892699382 3.860759493670886
v -0.9174811440862423 -0.1824983463963916 3.860759493670886
v -0.8951752555757138 -0.2715484450262476 3.860759493670886
v -0.8642483400014189 -0.3579833836870215 3.860759493670886
v -0.8249982404667102 -0.4409707466692656 3.860759493670886
v -0.777802956886394 -0.5197113203019535 3.860759493670886
v -0.7231170056409146 -0.593446789817027 3.860759493670886
v -0.6614670423351483 -0.6614670423351481 3.860759493670886
v -0.5934467898170276 -0.7231170056409143 3.860759493670886
v -0.5197113203019538 -0.7778029568863938 3.860759493670886
v -0.4409707466692659 -0.8249982404667101 3.860759493670886
v -0.3579833836870221 -0.8642483400014187 3.860759493670886
v -0.2715484450262479 -0.8951752555757136 3.860759493670886
v -0.182498346396392 -0.9174811440862422 3.860759493670886
v -0.09169068892699368 -0.9309511876330094 3.860759493670886
v -1.718404173930903e-16 -0.9354556623331848 3.860759493670886
v 0.09169068892699335 -0.9309511876330094 3.860759493670886
v 0.1824983463963916 -0.9174811440862423 3.860759493670886
v 0.2715484450262476 -0.8951752555757138 3.860759493670886
v 0.3579833836870218 -0.8642483400014187 3.860759493670886
v 0.4409707466692656 -0.8249982404667102 3.860759493670886
v 0.5197113203019534 -0.777802956886394 3.860759493670886
v 0.5934467898170274 -0.7231170056409145 3.860759493670886
v 0.661467042335148 -0.6614670423351483 3.860759493670886
v 0.7231170056409143 -0.5934467898170277 3.860759493670886
v 0.7778029568863938 -0.5197113203019538 3.860759493670886
v 0.82499824046671 -0.4409707466692659 3.860759493670886
v 0.8642483400014187 -0.3579833836870221 3.860759493670886
v 0.8951752555757136 -0.271548445026248 3.860759493670886
v 0.9174811440862422 -0.182498346396392 3.860759493670886
v 0.9309511876330094 -0.09169068892699374 3.860759493670886
v 0.9271704665062028 0 3.924050632911393
v 0.9227058872885088 0.09087859772496265 3.924050632911393
v 0.9093551459738801 0.180881984874539 3.924050632911393
v 0.8872468174994345 0.2691433796296224 3.924050632911393
v 0.8565938171540223 0.3548127765101352 3.924050632911393
v 0.8176913500876046 0.437065132392462 3.924050632911393
v 0.7709140683242824 0.5151083121257444 3.924050632911393
v 0.7167124626585002 0.5881907172264093 3.924050632911393
v 0.6556085241824308 0.6556085241824307 3.924050632911393
v 0.5881907172264093 0.7167124626585002 3.924050632911393
v 0.5151083121257445 0.7709140683242824 3.924050632911393
v 0.4370651323924621 0.8176913500876045 3.924050632911393
v 0.3548127765101353 0.8565938171540223 3.924050632911393
v 0.2691433796296224 0.8872468174994345 3.924050632911393
v 0.180881984874539 0.9093551459738801 3.924050632911393
v 0.0908785977249628 0.9227058872885087 3.924050632911393
v 5.677281720353898e-17 0.9271704665062028 3.924050632911393
v -0.09087859772496269 0.9227058872885088 3.924050632911393
v -0.1808819848745389 0.9093551459738801 3.924050632911393
v -0.2691433796296222 0.8872468174994345 3.924050632911393
v -0.3548127765101352 0.8565938171540223 3.924050632911393
v -0.437065132392462 0.8176913500876046 3.924050632911393
v -0.5151083121257441 0.7709140683242826 3.924050632911393
v -0.5881907172264091 0.7167124626585003 3.924050632911393
v -0.6556085241824307 0.6556085241824308 3.924050632911393
v -0.7167124626585002 0.5881907172264093 3.924050632911393
v -0.7709140683242826 0.5151083121257444 3.924050632911393
v -0.8176913500876045 0.4370651323924621 3.924050632911393
v -0.8565938171540223 0.3548127765101353 3.924050632911393
v -0.8872468174994345 0.2691433796296224 3.924050632911393
v -0.9093551459738801 0.1808819848745393 3.924050632911393
v -0.9227058872885087 0.09087859772496286 3.924050632911393
v -0.9271704665062028 1.13545634407078e-16 3.924050632911393
v -0.9227058872885088 -0.09087859772496264 3.924050632911393
v -0.9093551459738801 -0.1808819848745391 3.924050632911393
v -0.8872468174994345 -0.2691433796296221 3.924050632911393
v -0.8565938171540224 -0.3548127765101351 3.924050632911393
v -0.8176913500876046 -0.437065132392462 3.924050632911393
v -0.7709140683242827 -0.5151083121257441 3.924050632911393
v -0.7167124626585003 -0.588190717226409 3.924050632911393
v -0.6556085241824309 -0.6556085241824307 3.924050632911393
v -0.5881907172264096 -0.7167124626584999 3.924050632911393
v -0.5151083121257444 -0.7709140683242824 3.924050632911393
v -0.4370651323924622 -0.8176913500876045 3.924050632911393
v -0.3548127765101357 -0.8565938171540221 3.924050632911393
v -0.2691433796296225 -0.8872468174994345 3.924050632911393
v -0.1808819848745394 -0.90935514597388 3.924050632911393
v -0.09087859772496251 -0.9227058872885088 3.924050632911393
v -1.703184516106169e-16 -0.9271704665062028 3.924050632911393
v 0.09087859772496218 -0.9227058872885088 3.924050632911393
v 0.180881984874539 -0.9093551459738801 3.924050632911393
v 0.2691433796296221 -0.8872468174994345 3.924050632911393
v 0.3548127765101354 -0.8565938171540222 3.924050632911393
v 0.4370651323924619 -0.8176913500876046 3.924050632911393
v 0.515108312125744 -0.7709140683242827 3.924050632911393
v 0.5881907172264094 -0.7167124626585001 3.924050632911393
v 0.6556085241824305 -0.6556085241824309 3.924050632911393
v 0.7167124626584999 -0.5881907172264097 3.924050632911393
v 0.7709140683242824 -0.5151083121257444 3.924050632911393
v 0.8176913500876044 -0.4370651323924623 3.924050632911393
v 0.8565938171540221 -0.3548127765101358 3.924050632911393
v 0.8872468174994345 -0.2691433796296225 3.924050632911393
v 0.90935514597388 -0.1808819848745394 3.924050632911393
v 0.9227058872885088 -0.09087859772496257 3.924050632911393
v 0.9189195659263621 0 3.987341772151899
v 0.9144947170501606 0.09006986804498315 3.987341772151899
v 0.9012627841351019 0.1792723140234948 3.987341772151899
v 0.8793511979284686 0.2667482696177447 3.987341772151899
v 0.848970978983522 0.3516552935561387 3.987341772151899
v 0.810414705416219 0.4331756847832493 3.987341772151899
v 0.7640536952180155 0.5105243573679807 3.987341772151899
v 0.7103344302606267 0.5829564013102564 3.987341772151899
v 0.6497742564315294 0.6497742564315293 3.987341772151899
v 0.5829564013102564 0.7103344302606267 3.987341772151899
v 0.5105243573679809 0.7640536952180155 3.987341772151899
v 0.4331756847832495 0.8104147054162189 3.987341772151899
v 0.3516552935561387 0.848970978983522 3.987341772151899
v 0.2667482696177447 0.8793511979284686 3.987341772151899
v 0.1792723140234949 0.9012627841351019 3.987341772151899
v 0.09006986804498331 0.9144947170501605 3.987341772151899
v 5.626759525427973e-17 0.9189195659263621 3.987341772151899
v -0.0900698680449832 0.9144947170501606 3.987341772151899
v -0.1792723140234947 0.9012627841351019 3.987341772151899
v -0.2667482696177445 0.8793511979284687 3.987341772151899
v -0.3516552935561386 0.848970978983522 3.987341772151899
v -0.4331756847832494 0.810414705416219 3.987341772151899
v -0.5105243573679805 0.7640536952180156 3.987341772151899
v -0.5829564013102563 0.7103344302606268 3.987341772151899
v -0.6497742564315293 0.6497742564315294 3.987341772151899
v -0.7103344302606267 0.5829564013102564 3.987341772151899
v -0.7640536952180156 0.5105243573679807 3.987341772151899
v -0.8104147054162189 0.4331756847832495 3.987341772151899
v -0.848970978983522 0.3516552935561388 3.987341772151899
v -0.8793511979284686 0.2667482696177447 3.987341772151899
v -0.9012627841351019 0.1792723140234951 3.987341772151899
v -0.9144947170501605 0.09006986804498336 3.987341772151899
v -0.9189195659263621 1.125351905085595e-16 3.987341772151899
v -0.9144947170501606 -0.09006986804498314 3.987341772151899
v -0.9012627841351019 -0.1792723140234949 3.987341772151899
v -0.8793511979284687 -0.2667482696177444 3.987341772151899
v -0.8489709789835221 -0.3516552935561386 3.987341772151899
v -0.810414705416219 -0.4331756847832493 3.987341772151899
v -0.7640536952180157 -0.5105243573679805 3.987341772151899
v -0.7103344302606268 -0.5829564013102562 3.987341772151899
v -0.6497742564315295 -0.6497742564315293 3.987341772151899
v -0.5829564013102567 -0.7103344302606264 3.987341772151899
v -0.5105243573679807 -0.7640536952180155 3.987341772151899
v -0.4331756847832496 -0.8104147054162189 3.987341772151899
v -0.3516552935561392 -0.8489709789835218 3.987341772151899
v -0.2667482696177448 -0.8793511979284686 3.987341772151899
v -0.1792723140234952 -0.9012627841351017 3.987341772151899
v -0.09006986804498301 -0.9144947170501606 3.987341772151899
v -1.688027857628392e-16 -0.9189195659263621 3.987341772151899
v 0.09006986804498268 -0.9144947170501606 3.987341772151899
v 0.1792723140234948 -0.9012627841351019 3.987341772151899
v 0.2667482696177444 -0.8793511979284687 3.987341772151899
v 0.3516552935561389 -0.8489709789835219 3.987341772151899
v 0.4331756847832493 -0.810414705416219 3.987341772151899
v 0.5105243573679804 -0.7640536952180157 3.987341772151899
v 0.5829564013102565 -0.7103344302606266 3.987341772151899
v 0.6497742564315292 -0.6497742564315295 3.987341772151899
v 0.7103344302606264 -0.5829564013102568 3.987341772151899
v 0.7640536952180155 -0.5105243573679807 3.987341772151899
v 0.8104147054162187 -0.4331756847832496 3.987341772151899
v 0.8489709789835218 -0.3516552935561392 3.987341772151899
v 0.8793511979284686 -0.2667482696177448 3.987341772151899
v 0.9012627841351017 -0.1792723140234952 3.987341772151899
v 0.9144947170501606 -0.09006986804498307 3.987341772151899
v 0.9107151107476593 0 4.050632911392405
v 0.9063297685656488 0.08926569081040465 4.050632911392405
v 0.8932159752621021 0.1776717042207148 4.050632911392405
v 0.8715000238352608 0.2643666419941462 4.050632911392405
v 0.8413910507685122 0.3485155844876671 4.050632911392405
v 0.8031790219317279 0.4293081313845736 4.050632911392405
v 0.7572319400514258 0.5059662062925498 4.050632911392405
v 0.7039923006433434 0.5777515500446657 4.050632911392405
v 0.6439728305387276 0.6439728305387274 4.050632911392405
v 0.5777515500446657 0.7039923006433434 4.050632911392405
v 0.50596620629255 0.7572319400514258 4.050632911392405
v 0.4293081313845738 0.8031790219317277 4.050632911392405
v 0.3485155844876672 0.8413910507685122 4.050632911392405
v 0.2643666419941462 0.8715000238352608 4.050632911392405
v 0.1776717042207148 0.8932159752621021 4.050632911392405
v 0.08926569081040481 0.9063297685656488 4.050632911392405
v 5.576521726561242e-17 0.9107151107476593 4.050632911392405
v -0.08926569081040468 0.9063297685656488 4.050632911392405
v -0.1776717042207147 0.8932159752621021 4.050632911392405
v -0.2643666419941461 0.8715000238352609 4.050632911392405
v -0.3485155844876671 0.8413910507685122 4.050632911392405
v -0.4293081313845737 0.8031790219317279 4.050632911392405
v -0.5059662062925497 0.7572319400514259 4.050632911392405
v -0.5777515500446656 0.7039923006433435 4.050632911392405
v -0.6439728305387274 0.6439728305387276 4.050632911392405
v -0.7039923006433434 0.5777515500446657 4.050632911392405
v -0.7572319400514259 0.5059662062925498 4.050632911392405
v -0.8031790219317277 0.4293081313845739 4.050632911392405
v -0.8413910507685122 0.3485155844876672 4.050632911392405
v -0.8715000238352608 0.2643666419941463 4.050632911392405
v -0.8932159752621021 0.1776717042207151 4.050632911392405
v -0.9063297685656488 0.08926569081040485 4.050632911392405
v -0.9107151107476593 1.115304345312248e-16 4.050632911392405
v -0.9063297685656488 -0.08926569081040464 4.050632911392405
v -0.8932159752621021 -0.1776717042207148 4.050632911392405
v -0.8715000238352609 -0.264366641994146 4.050632911392405
v -0.8413910507685123 -0.348515584487667 4.050632911392405
v -0.8031790219317279 -0.4293081313845736 4.050632911392405
v -0.757231940051426 -0.5059662062925497 4.050632911392405
v -0.7039923006433435 -0.5777515500446655 4.050632911392405
v -0.6439728305387277 -0.6439728305387274 4.050632911392405
v -0.5777515500446661 -0.7039923006433431 4.050632911392405
v -0.5059662062925498 -0.7572319400514258 4.050632911392405
v -0.4293081313845739 -0.8031790219317277 4.050632911392405
v -0.3485155844876676 -0.8413910507685121 4.050632911392405
v -0.2643666419941463 -0.8715000238352608 4.050632911392405
v -0.1776717042207151 -0.8932159752621019 4.050632911392405
v -0.08926569081040452 -0.9063297685656488 4.050632911392405
v -1.672956517968372e-16 -0.9107151107476593 4.050632911392405
v 0.08926569081040418 -0.9063297685656488 4.050632911392405
v 0.1776717042207148 -0.8932159752621021 4.050632911392405
v 0.2643666419941459 -0.8715000238352609 4.050632911392405
v 0.3485155844876673 -0.8413910507685122 4.050632911392405
v 0.4293081313845736 -0.8031790219317279 4.050632911392405
v 0.5059662062925496 -0.757231940051426 4.050632911392405
v 0.5777515500446658 -0.7039923006433433 4.050632911392405
v 0.6439728305387273 -0.6439728305387277 4.050632911392405
v 0.7039923006433431 -0.5777515500446662 4.050632911392405
v 0.7572319400514258 -0.5059662062925498 4.050632911392405
v 0.8031790219317277 -0.429308131384574 4.050632911392405
v 0.8413910507685121 -0.3485155844876677 4.050632911392405
v 0.8715000238352608 -0.2643666419941463 4.050632911392405
v 0.8932159752621019 -0.1776717042207152 4.050632911392405
v 0.9063297685656488 -0.08926569081040456 4.050632911392405
v 0.9025689574813111 0 4.113924050632912
v 0.8982228412538483 0.08846722816255088 4.113924050632912
v 0.885226348046559 0.1760824685567901 4.113924050632912
v 0.8637046411936355 0.2620019385223589 4.113924050632912
v 0.8338649864970331 0.3453981865951289 4.113924050632912
v 0.7959947561434946 0.4254680613171327 4.113924050632912
v 0.7504586611532982 0.5014404460241514 4.113924050632912
v 0.6976952390137612 0.5725836851207267 4.113924050632912
v 0.6382126303235077 0.6382126303235077 4.113924050632912
v 0.5725836851207267 0.6976952390137612 4.113924050632912
v 0.5014404460241515 0.7504586611532982 4.113924050632912
v 0.4254680613171328 0.7959947561434945 4.113924050632912
v 0.3453981865951289 0.8338649864970331 4.113924050632912
v 0.2620019385223589 0.8637046411936355 4.113924050632912
v 0.1760824685567902 0.885226348046559 4.113924050632912
v 0.08846722816255104 0.8982228412538482 4.113924050632912
v 5.526640923946256e-17 0.9025689574813111 4.113924050632912
v -0.08846722816255093 0.8982228412538483 4.113924050632912
v -0.1760824685567901 0.885226348046559 4.113924050632912
v -0.2620019385223588 0.8637046411936357 4.113924050632912
v -0.3453981865951288 0.8338649864970331 4.113924050632912
v -0.4254680613171327 0.7959947561434946 4.113924050632912
v -0.5014404460241512 0.7504586611532983 4.113924050632912
v -0.5725836851207265 0.6976952390137613 4.113924050632912
v -0.6382126303235077 0.6382126303235077 4.113924050632912
v -0.6976952390137612 0.5725836851207267 4.113924050632912
v -0.7504586611532983 0.5014404460241514 4.113924050632912
v -0.7959947561434945 0.4254680613171328 4.113924050632912
v -0.8338649864970331 0.345398186595129 4.113924050632912
v -0.8637046411936355 0.262001938522359 4.113924050632912
v -0.885226348046559 0.1760824685567905 4.113924050632912
v -0.8982228412538482 0.08846722816255108 4.113924050632912
v -0.9025689574813111 1.105328184789251e-16 4.113924050632912
v -0.8982228412538483 -0.08846722816255087 4.113924050632912
v -0.885226348046559 -0.1760824685567902 4.113924050632912
v -0.8637046411936357 -0.2620019385223587 4.113924050632912
v -0.8338649864970332 -0.3453981865951288 4.113924050632912
v -0.7959947561434946 -0.4254680613171327 4.113924050632912
v -0.7504586611532983 -0.5014404460241512 4.113924050632912
v -0.6976952390137613 -0.5725836851207264 4.113924050632912
v -0.6382126303235078 -0.6382126303235077 4.113924050632912
v -0.5725836851207269 -0.6976952390137608 4.113924050632912
v -0.5014404460241514 -0.7504586611532982 4.113924050632912
v -0.4254680613171329 -0.7959947561434945 4.113924050632912
v -0.3453981865951294 -0.8338649864970329 4.113924050632912
v -0.262001938522359 -0.8637046411936355 4.113924050632912
v -0.1760824685567905 -0.885226348046559 4.113924050632912
v -0.08846722816255075 -0.8982228412538483 4.113924050632912
v -1.657992277183877e-16 -0.9025689574813111 4.113924050632912
v 0.08846722816255043 -0.8982228412538483 4.113924050632912
v 0.1760824685567902 -0.885226348046559 4.113924050632912
v 0.2620019385223586 -0.8637046411936357 4.113924050632912
v 0.3453981865951291 -0.833864986497033 4.113924050632912
v 0.4254680613171326 -0.7959947561434946 4.113924050632912
v 0.5014404460241511 -0.7504586611532983 4.113924050632912
v 0.5725836851207268 -0.6976952390137611 4.113924050632912
v 0.6382126303235076 -0.6382126303235078 4.113924050632912
v 0.6976952390137608 -0.572583685120727 4.113924050632912
v 0.7504586611532982 -0.5014404460241514 4.113924050632912
v 0.7959947561434944 -0.4254680613171329 4.113924050632912
v 0.8338649864970329 -0.3453981865951294 4.113924050632912
v 0.8637046411936355 -0.2620019385223591 4.113924050632912
v 0.885226348046559 -0.1760824685567906 4.113924050632912
v 0.8982228412538483 -0.0884672281625508 4.113924050632912
v 0.8944925940350728 0 4.177215189873418
v 0.8901853677050983 0.08767560611328841 4.177215189873418
v 0.8773051696593018 0.1745068482113442 4.177215189873418
v 0.8559760432458969 0.2596574939659779 4.177215189873418
v 0.8264033996119312 0.3423074961104945 4.177215189873418
v 0.7888720394816512 0.4216608899431551 4.177215189873418
v 0.7437434103698399 0.4969534589023738 4.177215189873418
v 0.6914521256446622 0.5674600943899683 4.177215189873418
v 0.6325017789633455 0.6325017789633454 4.177215189873418
v 0.5674600943899683 0.6914521256446622 4.177215189873418
v 0.4969534589023739 0.7437434103698399 4.177215189873418
v 0.4216608899431553 0.7888720394816512 4.177215189873418
v 0.3423074961104945 0.8264033996119312 4.177215189873418
v 0.2596574939659779 0.8559760432458969 4.177215189873418
v 0.1745068482113443 0.8773051696593018 4.177215189873418
v 0.08767560611328856 0.8901853677050982 4.177215189873418
v 5.477187460730324e-17 0.8944925940350728 4.177215189873418
v -0.08767560611328845 0.8901853677050983 4.177215189873418
v -0.1745068482113442 0.8773051696593018 4.177215189873418
v -0.2596574939659778 0.855976043245897 4.177215189873418
v -0.3423074961104944 0.8264033996119312 4.177215189873418
v -0.4216608899431552 0.7888720394816512 4.177215189873418
v -0.4969534589023736 0.74374341036984 4.177215189873418
v -0.5674600943899681 0.6914521256446623 4.177215189873418
v -0.6325017789633454 0.6325017789633455 4.177215189873418
v -0.6914521256446622 0.5674600943899683 4.177215189873418
v -0.74374341036984 0.4969534589023738 4.177215189873418
v -0.7888720394816512 0.4216608899431553 4.177215189873418
v -0.8264033996119312 0.3423074961104945 4.177215189873418
v -0.8559760432458969 0.2596574939659779 4.177215189873418
v -0.8773051696593018 0.1745068482113445 4.177215189873418
v -0.8901853677050982 0.0876756061132886 4.177215189873418
v -0.8944925940350728 1.095437492146065e-16 4.177215189873418
v -0.8901853677050983 -0.0876756061132884 4.177215189873418
v -0.8773051696593018 -0.1745068482113443 4.177215189873418
v -0.855976043245897 -0.2596574939659777 4.177215189873418
v -0.8264033996119313 -0.3423074961104944 4.177215189873418
v -0.7888720394816512 -0.4216608899431551 4.177215189873418
v -0.7437434103698402 -0.4969534589023736 4.177215189873418
v -0.6914521256446623 -0.5674600943899681 4.177215189873418
v -0.6325017789633456 -0.6325017789633454 4.177215189873418
v -0.5674600943899686 -0.691452125644662 4.177215189873418
v -0.4969534589023738 -0.7437434103698399 4.177215189873418
v -0.4216608899431554 -0.7888720394816512 4.177215189873418
v -0.342307496110495 -0.826403399611931 4.177215189873418
v -0.259657493965978 -0.8559760432458969 4.177215189873418
v -0.1745068482113446 -0.8773051696593017 4.177215189873418
v -0.08767560611328827 -0.8901853677050983 4.177215189873418
v -1.643156238219097e-16 -0.8944925940350728 4.177215189873418
v 0.08767560611328795 -0.8901853677050983 4.177215189873418
v 0.1745068482113443 -0.8773051696593018 4.177215189873418
v 0.2596574939659776 -0.855976043245897 4.177215189873418
v 0.3423074961104947 -0.8264033996119311 4.177215189873418
v 0.4216608899431551 -0.7888720394816512 4.177215189873418
v 0.4969534589023735 -0.7437434103698402 4.177215189873418
v 0.5674600943899684 -0.6914521256446622 4.177215189873418
v 0.6325017789633454 -0.6325017789633456 4.177215189873418
v 0.691452125644662 -0.5674600943899687 4.177215189873418
v 0.7437434103698399 -0.4969534589023738 4.177215189873418
v 0.7888720394816511 -0.4216608899431554 4.177215189873418
v 0.826403399611931 -0.342307496110495 4.177215189873418
v 0.8559760432458969 -0.259657493965978 4.177215189873418
v 0.8773051696593017 -0.1745068482113447 4.177215189873418
v 0.8901853677050983 -0.08767560611328833 4.177215189873418
v 0.8864970670829864 0 4.240506329113924
v 0.8822283414006861 0.08689190742601698 4.240506329113924
v 0.8694632745156282 0.172946998283573 4.240506329113924
v 0.8483248010000114 0.2573365150052122 4.240506329113924
v 0.8190164959092563 0.3392477404129025 4.240506329113924
v 0.7818206142429358 0.4178918246287373 4.240506329113924
v 0.7370953726748342 0.4925113821304886 4.240506329113924
v 0.685271499730556 0.5623877857882152 4.240506329113924
v 0.6268480876363655 0.6268480876363653 4.240506329113924
v 0.5623877857882152 0.685271499730556 4.240506329113924
v 0.4925113821304887 0.7370953726748342 4.240506329113924
v 0.4178918246287375 0.7818206142429358 4.240506329113924
v 0.3392477404129025 0.8190164959092563 4.240506329113924
v 0.2573365150052122 0.8483248010000114 4.240506329113924
v 0.1729469982835731 0.8694632745156282 4.240506329113924
v 0.08689190742601713 0.882228341400686 4.240506329113924
v 5.428228978283479e-17 0.8864970670829864 4.240506329113924
v -0.08689190742601702 0.8822283414006861 4.240506329113924
v -0.172946998283573 0.8694632745156282 4.240506329113924
v -0.257336515005212 0.8483248010000115 4.240506329113924
v -0.3392477404129024 0.8190164959092563 4.240506329113924
v -0.4178918246287374 0.7818206142429358 4.240506329113924
v -0.4925113821304885 0.7370953726748342 4.240506329113924
v -0.5623877857882151 0.685271499730556 4.240506329113924
v -0.6268480876363653 0.6268480876363655 4.240506329113924
v -0.685271499730556 0.5623877857882152 4.240506329113924
v -0.7370953726748342 0.4925113821304886 4.240506329113924
v -0.7818206142429358 0.4178918246287375 4.240506329113924
v -0.8190164959092563 0.3392477404129026 4.240506329113924
v -0.8483248010000114 0.2573365150052122 4.240506329113924
v -0.8694632745156282 0.1729469982835734 4.240506329113924
v -0.882228341400686 0.08689190742601717 4.240506329113924
v -0.8864970670829864 1.085645795656696e-16 4.240506329113924
v -0.8822283414006861 -0.08689190742601696 4.240506329113924
v -0.8694632745156282 -0.1729469982835732 4.240506329113924
v -0.8483248010000115 -0.2573365150052119 4.240506329113924
v -0.8190164959092563 -0.3392477404129024 4.240506329113924
v -0.7818206142429358 -0.4178918246287373 4.240506329113924
v -0.7370953726748343 -0.4925113821304885 4.240506329113924
v -0.685271499730556 -0.562387785788215 4.240506329113924
v -0.6268480876363656 -0.6268480876363653 4.240506329113924
v -0.5623877857882156 -0.6852714997305557 4.240506329113924
v -0.4925113821304886 -0.7370953726748342 4.240506329113924
v -0.4178918246287375 -0.7818206142429358 4.240506329113924
v -0.339247740412903 -0.8190164959092561 4.240506329113924
v -0.2573365150052123 -0.8483248010000114 4.240506329113924
v -0.1729469982835734 -0.8694632745156281 4.240506329113924
v -0.08689190742601684 -0.8822283414006861 4.240506329113924
v -1.628468693485044e-16 -0.8864970670829864 4.240506329113924
v 0.08689190742601652 -0.8822283414006861 4.240506329113924
v 0.1729469982835731 -0.8694632745156282 4.240506329113924
v 0.2573365150052119 -0.8483248010000115 4.240506329113924
v 0.3392477404129027 -0.8190164959092562 4.240506329113924
v 0.4178918246287373 -0.7818206142429358 4.240506329113924
v 0.4925113821304883 -0.7370953726748343 4.240506329113924
v 0.5623877857882154 -0.6852714997305559 4.240506329113924
v 0.6268480876363652 -0.6268480876363656 4.240506329113924
v 0.6852714997305557 -0.5623877857882157 4.240506329113924
v 0.7370953726748342 -0.4925113821304886 4.240506329113924
v 0.7818206142429357 -0.4178918246287376 4.240506329113924
v 0.8190164959092561 -0.339247740412903 4.240506329113924
v 0.8483248010000114 -0.2573365150052123 4.240506329113924
v 0.8694632745156281 -0.1729469982835735 4.240506329113924
v 0.8822283414006861 -0.08689190742601689 4.240506329113924
v 0.8785929122247516 0 4.30379746835443
v 0.8743622472085189 0.08611716477009079 4.30379746835443
v 0.8617109957766438 0.1714049741670147 4.30379746835443
v 0.8407609963962929 0.2550420599632202 4.30379746835443
v 0.8117140090139334 0.336222951301808 4.30379746835443
v 0.7748497719967562 0.414165831821198 4.30379746835443
v 0.7305233080992783 0.4881200689740761 4.30379746835443
v 0.6791615054001426 0.5573734430291617 4.30379746835443
v 0.621259006136559 0.6212590061365589 4.30379746835443
v 0.5573734430291617 0.6791615054001426 4.30379746835443
v 0.4881200689740762 0.7305233080992783 4.30379746835443
v 0.4141658318211982 0.7748497719967561 4.30379746835443
v 0.336222951301808 0.8117140090139334 4.30379746835443
v 0.2550420599632202 0.8407609963962929 4.30379746835443
v 0.1714049741670148 0.8617109957766438 4.30379746835443
v 0.08611716477009095 0.8743622472085187 4.30379746835443
v 5.379829988547967e-17 0.8785929122247516 4.30379746835443
v -0.08611716477009083 0.8743622472085189 4.30379746835443
v -0.1714049741670146 0.8617109957766438 4.30379746835443
v -0.25504205996322 0.840760996396293 4.30379746835443
v -0.3362229513018079 0.8117140090139334 4.30379746835443
v -0.4141658318211981 0.7748497719967562 4.30379746835443
v -0.4881200689740759 0.7305233080992785 4.30379746835443
v -0.5573734430291616 0.6791615054001426 4.30379746835443
v -0.6212590061365589 0.621259006136559 4.30379746835443
v -0.6791615054001426 0.5573734430291617 4.30379746835443
v -0.7305233080992785 0.4881200689740761 4.30379746835443
v -0.7748497719967561 0.4141658318211983 4.30379746835443
v -0.8117140090139334 0.3362229513018081 4.30379746835443
v -0.8407609963962929 0.2550420599632202 4.30379746835443
v -0.8617109957766438 0.171404974167015 4.30379746835443
v -0.8743622472085187 0.08611716477009099 4.30379746835443
v -0.8785929122247516 1.075965997709593e-16 4.30379746835443
v -0.8743622472085189 -0.08611716477009078 4.30379746835443
v -0.8617109957766438 -0.1714049741670148 4.30379746835443
v -0.840760996396293 -0.2550420599632199 4.30379746835443
v -0.8117140090139335 -0.3362229513018079 4.30379746835443
v -0.7748497719967562 -0.414165831821198 4.30379746835443
v -0.7305233080992786 -0.4881200689740759 4.30379746835443
v -0.6791615054001426 -0.5573734430291615 4.30379746835443
v -0.621259006136559 -0.6212590061365589 4.30379746835443
v -0.5573734430291619 -0.6791615054001423 4.30379746835443
v -0.4881200689740761 -0.7305233080992783 4.30379746835443
v -0.4141658318211983 -0.7748497719967561 4.30379746835443
v -0.3362229513018085 -0.8117140090139332 4.30379746835443
v -0.2550420599632203 -0.8407609963962929 4.30379746835443
v -0.1714049741670151 -0.8617109957766437 4.30379746835443
v -0.08611716477009067 -0.8743622472085189 4.30379746835443
v -1.61394899656439e-16 -0.8785929122247516 4.30379746835443
v 0.08611716477009035 -0.8743622472085189 4.30379746835443
v 0.1714049741670147 -0.8617109957766438 4.30379746835443
v 0.2550420599632199 -0.840760996396293 4.30379746835443
v 0.3362229513018082 -0.8117140090139333 4.30379746835443
v 0.414165831821198 -0.7748497719967562 4.30379746835443
v 0.4881200689740758 -0.7305233080992786 4.30379746835443
v 0.5573734430291617 -0.6791615054001425 4.30379746835443
v 0.6212590061365588 -0.621259006136559 4.30379746835443
v 0.6791615054001423 -0.557373443029162 4.30379746835443
v 0.7305233080992783 -0.4881200689740761 4.30379746835443
v 0.774849771996756 -0.4141658318211984 4.30379746835443
v 0.8117140090139332 -0.3362229513018085 4.30379746835443
v 0.8407609963962929 -0.2550420599632203 4.30379746835443
v 0.8617109957766437 -0.1714049741670151 4.30379746835443
v 0.8743622472085189 -0.08611716477009071 4.30379746835443
v 0.8707900873762707 0 4.367088607594937
v 0.8665969950944125 0.08535235419195027 4.367088607594937
v 0.8540581000196892 0.1698827185546891 4.367088607594937
v 0.833294158566128 0.2527770194704058 4.367088607594937
v 0.8045051388406516 0.3332369395066477 4.367088607594937
v 0.7679682948408952 0.4104876056495994 4.367088607594937
v 0.7240354963476473 0.4837850517547945 4.367088607594937
v 0.6731298402265083 0.5524233833477802 4.367088607594937
v 0.6157415757737873 0.6157415757737872 4.367088607594937
v 0.5524233833477802 0.6731298402265083 4.367088607594937
v 0.4837850517547946 0.7240354963476473 4.367088607594937
v 0.4104876056495995 0.7679682948408951 4.367088607594937
v 0.3332369395066478 0.8045051388406516 4.367088607594937
v 0.2527770194704058 0.833294158566128 4.367088607594937
v 0.1698827185546892 0.8540581000196892 4.367088607594937
v 0.08535235419195042 0.8665969950944123 4.367088607594937
v 5.33205146617297e-17 0.8707900873762707 4.367088607594937
v -0.08535235419195031 0.8665969950944125 4.367088607594937
v -0.1698827185546891 0.8540581000196892 4.367088607594937
v -0.2527770194704057 0.8332941585661281 4.367088607594937
v -0.3332369395066477 0.8045051388406516 4.367088607594937
v -0.4104876056495994 0.7679682948408952 4.367088607594937
v -0.4837850517547942 0.7240354963476474 4.367088607594937
v -0.5524233833477801 0.6731298402265085 4.367088607594937
v -0.6157415757737872 0.6157415757737873 4.367088607594937
v -0.6731298402265083 0.5524233833477802 4.367088607594937
v -0.7240354963476474 0.4837850517547945 4.367088607594937
v -0.7679682948408951 0.4104876056495996 4.367088607594937
v -0.8045051388406516 0.3332369395066478 4.367088607594937
v -0.833294158566128 0.2527770194704059 4.367088607594937
v -0.8540581000196892 0.1698827185546894 4.367088607594937
v -0.8665969950944123 0.08535235419195046 4.367088607594937
v -0.8707900873762707 1.066410293234594e-16 4.367088607594937
v -0.8665969950944125 -0.08535235419195025 4.367088607594937
v -0.8540581000196892 -0.1698827185546892 4.367088607594937
v -0.8332941585661281 -0.2527770194704056 4.367088607594937
v -0.8045051388406517 -0.3332369395066476 4.367088607594937
v -0.7679682948408952 -0.4104876056495994 4.367088607594937
v -0.7240354963476475 -0.4837850517547942 4.367088607594937
v -0.6731298402265085 -0.55242338334778 4.367088607594937
v -0.6157415757737874 -0.6157415757737872 4.367088607594937
v -0.5524233833477805 -0.6731298402265081 4.367088607594937
v -0.4837850517547945 -0.7240354963476473 4.367088607594937
v -0.4104876056495996 -0.7679682948408951 4.367088607594937
v -0.3332369395066482 -0.8045051388406513 4.367088607594937
v -0.2527770194704059 -0.833294158566128 4.367088607594937
v -0.1698827185546895 -0.8540581000196891 4.367088607594937
v -0.08535235419195013 -0.8665969950944125 4.367088607594937
v -1.599615439851891e-16 -0.8707900873762707 4.367088607594937
v 0.08535235419194982 -0.8665969950944125 4.367088607594937
v 0.1698827185546892 -0.8540581000196892 4.367088607594937
v 0.2527770194704055 -0.8332941585661281 4.367088607594937
v 0.3332369395066479 -0.8045051388406514 4.367088607594937
v 0.4104876056495994 -0.7679682948408952 4.367088607594937
v 0.4837850517547942 -0.7240354963476475 4.367088607594937
v 0.5524233833477803 -0.6731298402265083 4.367088607594937
v 0.6157415757737871 -0.6157415757737874 4.367088607594937
v 0.6731298402265081 -0.5524233833477806 4.367088607594937
v 0.7240354963476473 -0.4837850517547945 4.367088607594937
v 0.767968294840895 -0.4104876056495997 4.367088607594937
v 0.8045051388406513 -0.3332369395066482 4.367088607594937
v 0.833294158566128 -0.2527770194704059 4.367088607594937
v 0.8540581000196891 -0.1698827185546895 4.367088607594937
v 0.8665969950944125 -0.08535235419195018 4.367088607594937
v 0.8630979098125 0 4.430379746835444
v 0.8589418574680973 0.08459838894424225 4.430379746835444
v 0.8465137254908949 0.1683820491567679 4.430379746835444
v 0.8259332035857414 0.2505440981889226 4.430379746835444
v 0.7973984934290412 0.3302932705941822 4.430379746835444
v 0.7611843998782625 0.4068615382469517 4.430379746835444
v 0.7176396844509365 0.4795115068732622 4.430379746835444
v 0.6671837065605913 0.5475435175607298 4.430379746835444
v 0.610302384856354 0.6103023848563539 4.430379746835444
v 0.5475435175607298 0.6671837065605913 4.430379746835444
v 0.4795115068732623 0.7176396844509365 4.430379746835444
v 0.4068615382469519 0.7611843998782625 4.430379746835444
v 0.3302932705941822 0.7973984934290412 4.430379746835444
v 0.2505440981889226 0.8259332035857414 4.430379746835444
v 0.1683820491567679 0.8465137254908949 4.430379746835444
v 0.0845983889442424 0.8589418574680971 4.430379746835444
v 5.284950463013245e-17 0.8630979098125 4.430379746835444
v -0.08459838894424229 0.8589418574680973 4.430379746835444
v -0.1683820491567678 0.8465137254908949 4.430379746835444
v -0.2505440981889225 0.8259332035857415 4.430379746835444
v -0.3302932705941822 0.7973984934290412 4.430379746835444
v -0.4068615382469518 0.7611843998782625 4.430379746835444
v -0.4795115068732621 0.7176396844509366 4.430379746835444
v -0.5475435175607297 0.6671837065605914 4.430379746835444
v -0.6103023848563539 0.610302384856354 4.430379746835444
v -0.6671837065605913 0.5475435175607298 4.430379746835444
v -0.7176396844509366 0.4795115068732622 4.430379746835444
v -0.7611843998782625 0.4068615382469519 4.430379746835444
v -0.7973984934290412 0.3302932705941823 4.430379746835444
v -0.8259332035857414 0.2505440981889226 4.430379746835444
v -0.8465137254908949 0.1683820491567682 4.430379746835444
v -0.8589418574680971 0.08459838894424244 4.430379746835444
v -0.8630979098125 1.056990092602649e-16 4.430379746835444
v -0.8589418574680973 -0.08459838894424224 4.430379746835444
v -0.8465137254908949 -0.1683820491567679 4.430379746835444
v -0.8259332035857415 -0.2505440981889224 4.430379746835444
v -0.7973984934290413 -0.3302932705941821 4.430379746835444
v -0.7611843998782625 -0.4068615382469517 4.430379746835444
v -0.7176396844509367 -0.4795115068732621 4.430379746835444
v -0.6671837065605914 -0.5475435175607296 4.430379746835444
v -0.6103023848563541 -0.6103023848563539 4.430379746835444
v -0.5475435175607301 -0.667183706560591 4.430379746835444
v -0.4795115068732622 -0.7176396844509365 4.430379746835444
v -0.406861538246952 -0.7611843998782625 4.430379746835444
v -0.3302932705941827 -0.797398493429041 4.430379746835444
v -0.2505440981889227 -0.8259332035857414 4.430379746835444
v -0.1683820491567682 -0.8465137254908948 4.430379746835444
v -0.08459838894424213 -0.8589418574680973 4.430379746835444
v -1.585485138903974e-16 -0.8630979098125 4.430379746835444
v 0.08459838894424181 -0.8589418574680973 4.430379746835444
v 0.1683820491567679 -0.8465137254908949 4.430379746835444
v 0.2505440981889224 -0.8259332035857415 4.430379746835444
v 0.3302932705941824 -0.7973984934290411 4.430379746835444
v 0.4068615382469516 -0.7611843998782625 4.430379746835444
v 0.4795115068732619 -0.7176396844509367 4.430379746835444
v 0.5475435175607298 -0.6671837065605912 4.430379746835444
v 0.6103023848563538 -0.6103023848563541 4.430379746835444
v 0.667183706560591 -0.5475435175607302 4.430379746835444
v 0.7176396844509365 -0.4795115068732622 4.430379746835444
v 0.7611843998782624 -0.406861538246952 4.430379746835444
v 0.797398493429041 -0.3302932705941827 4.430379746835444
v 0.8259332035857414 -0.2505440981889228 4.430379746835444
v 0.8465137254908948 -0.1683820491567682 4.430379746835444
v 0.8589418574680973 -0.08459838894424217 4.430379746835444
v 0.855524997260636 0 4.493670886075949
v 0.8514054105600581 0.08385611371194271 4.493670886075949
v 0.8390863243302459 0.1669046472084247 4.493670886075949
v 0.8186863781058901 0.2483457977129285 4.493670886075949
v 0.7904020345208763 0.3273952424258342 4.493670886075949
v 0.7545056872657231 0.4032916919817344 4.493670886075949
v 0.7113430377874371 0.4753042220821861 4.493670886075949
v 0.6613297659955986 0.5427393126962687 4.493670886075949
v 0.6049475270375982 0.6049475270375981 4.493670886075949
v 0.5427393126962687 0.6613297659955986 4.493670886075949
v 0.4753042220821861 0.7113430377874371 4.493670886075949
v 0.4032916919817345 0.754505687265723 4.493670886075949
v 0.3273952424258343 0.7904020345208763 4.493670886075949
v 0.2483457977129285 0.8186863781058901 4.493670886075949
v 0.1669046472084248 0.8390863243302459 4.493670886075949
v 0.08385611371194285 0.851405410560058 4.493670886075949
v 5.23857974742893e-17 0.855524997260636 4.493670886075949
v -0.08385611371194275 0.8514054105600581 4.493670886075949
v -0.1669046472084247 0.8390863243302459 4.493670886075949
v -0.2483457977129284 0.8186863781058902 4.493670886075949
v -0.3273952424258342 0.7904020345208763 4.493670886075949
v -0.4032916919817344 0.7545056872657231 4.493670886075949
v -0.4753042220821859 0.7113430377874372 4.493670886075949
v -0.5427393126962686 0.6613297659955987 4.493670886075949
v -0.6049475270375981 0.6049475270375982 4.493670886075949
v -0.6613297659955986 0.5427393126962687 4.493670886075949
v -0.7113430377874372 0.4753042220821861 4.493670886075949
v -0.754505687265723 0.4032916919817346 4.493670886075949
v -0.7904020345208763 0.3273952424258343 4.493670886075949
v -0.8186863781058901 0.2483457977129286 4.493670886075949
v -0.8390863243302459 0.166904647208425 4.493670886075949
v -0.851405410560058 0.0838561137119429 4.493670886075949
v -0.855524997260636 1.047715949485786e-16 4.493670886075949
v -0.8514054105600581 -0.0838561137119427 4.493670886075949
v -0.8390863243302459 -0.1669046472084248 4.493670886075949
v -0.8186863781058902 -0.2483457977129283 4.493670886075949
v -0.7904020345208763 -0.3273952424258341 4.493670886075949
v -0.7545056872657231 -0.4032916919817344 4.493670886075949
v -0.7113430377874373 -0.4753042220821859 4.493670886075949
v -0.6613297659955987 -0.5427393126962685 4.493670886075949
v -0.6049475270375984 -0.6049475270375981 4.493670886075949
v -0.542739312696269 -0.6613297659955983 4.493670886075949
v -0.4753042220821861 -0.7113430377874371 4.493670886075949
v -0.4032916919817346 -0.754505687265723 4.493670886075949
v -0.3273952424258347 -0.7904020345208761 4.493670886075949
v -0.2483457977129286 -0.8186863781058901 4.493670886075949
v -0.1669046472084251 -0.8390863243302458 4.493670886075949
v -0.08385611371194258 -0.8514054105600581 4.493670886075949
v -1.571573924228679e-16 -0.855524997260636 4.493670886075949
v 0.08385611371194228 -0.8514054105600581 4.493670886075949
v 0.1669046472084248 -0.8390863243302459 4.493670886075949
v 0.2483457977129283 -0.8186863781058902 4.493670886075949
v 0.3273952424258344 -0.7904020345208762 4.493670886075949
v 0.4032916919817344 -0.7545056872657231 4.493670886075949
v 0.4753042220821858 -0.7113430377874373 4.493670886075949
v 0.5427393126962687 -0.6613297659955985 4.493670886075949
v 0.6049475270375981 -0.6049475270375984 4.493670886075949
v 0.6613297659955983 -0.5427393126962691 4.493670886075949
v 0.7113430377874371 -0.4753042220821861 4.493670886075949
v 0.7545056872657229 -0.4032916919817347 4.493670886075949
v 0.7904020345208761 -0.3273952424258347 4.493670886075949
v 0.8186863781058901 -0.2483457977129286 4.493670886075949
v 0.8390863243302458 -0.1669046472084251 4.493670886075949
v 0.8514054105600581 -0.08385611371194263 4.493670886075949
v 0.8480792134160704 0 4.556962025316456
v 0.8439954801998438 0.08312629927198635 4.556962025316456
v 0.8317836091344317 0.1654520468405259 4.556962025316456
v 0.811561207213882 0.2461844007527023 4.556962025316456
v 0.7835230272233789 0.3245458643075473 4.556962025316456
v 0.7479390921634592 0.3997817737742944 4.556962025316456
v 0.7051520947809076 0.4711675662166472 4.556962025316456
v 0.6555740972502699 0.5380157574299421 4.556962025316456
v 0.5996825627898567 0.5996825627898565 4.556962025316456
v 0.5380157574299421 0.6555740972502699 4.556962025316456
v 0.4711675662166472 0.7051520947809076 4.556962025316456
v 0.3997817737742946 0.7479390921634591 4.556962025316456
v 0.3245458643075474 0.7835230272233789 4.556962025316456
v 0.2461844007527023 0.811561207213882 4.556962025316456
v 0.165452046840526 0.8317836091344317 4.556962025316456
v 0.08312629927198649 0.8439954801998437 4.556962025316456
v 5.192987470666978e-17 0.8480792134160704 4.556962025316456
v -0.08312629927198638 0.8439954801998438 4.556962025316456
v -0.1654520468405259 0.8317836091344317 4.556962025316456
v -0.2461844007527021 0.811561207213882 4.556962025316456
v -0.3245458643075473 0.7835230272233789 4.556962025316456
v -0.3997817737742945 0.7479390921634592 4.556962025316456
v -0.471167566216647 0.7051520947809077 4.556962025316456
v -0.538015757429942 0.65557409725027 4.556962025316456
v -0.5996825627898565 0.5996825627898567 4.556962025316456
v -0.6555740972502699 0.5380157574299421 4.556962025316456
v -0.7051520947809077 0.4711675662166472 4.556962025316456
v -0.7479390921634591 0.3997817737742946 4.556962025316456
v -0.7835230272233789 0.3245458643075474 4.556962025316456
v -0.811561207213882 0.2461844007527023 4.556962025316456
v -0.8317836091344317 0.1654520468405262 4.556962025316456
v -0.8439954801998437 0.08312629927198653 4.556962025316456
v -0.8480792134160704 1.038597494133396e-16 4.556962025316456
v -0.8439954801998438 -0.08312629927198634 4.556962025316456
v -0.8317836091344317 -0.165452046840526 4.556962025316456
v -0.811561207213882 -0.2461844007527021 4.556962025316456
v -0.783523027223379 -0.3245458643075472 4.556962025316456
v -0.7479390921634592 -0.3997817737742944 4.556962025316456
v -0.7051520947809078 -0.471167566216647 4.556962025316456
v -0.65557409725027 -0.5380157574299419 4.556962025316456
v -0.5996825627898568 -0.5996825627898565 4.556962025316456
v -0.5380157574299423 -0.6555740972502697 4.556962025316456
v -0.4711675662166472 -0.7051520947809076 4.556962025316456
v -0.3997817737742946 -0.7479390921634591 4.556962025316456
v -0.3245458643075478 -0.7835230272233787 4.556962025316456
v -0.2461844007527024 -0.811561207213882 4.556962025316456
v -0.1654520468405263 -0.8317836091344316 4.556962025316456
v -0.08312629927198621 -0.8439954801998438 4.556962025316456
v -1.557896241200093e-16 -0.8480792134160704 4.556962025316456
v 0.08312629927198591 -0.8439954801998438 4.556962025316456
v 0.165452046840526 -0.8317836091344317 4.556962025316456
v 0.246184400752702 -0.811561207213882 4.556962025316456
v 0.3245458643075475 -0.7835230272233789 4.556962025316456
v 0.3997817737742944 -0.7479390921634592 4.556962025316456
v 0.4711675662166468 -0.7051520947809078 4.556962025316456
v 0.5380157574299422 -0.6555740972502698 4.556962025316456
v 0.5996825627898564 -0.5996825627898568 4.556962025316456
v 0.6555740972502697 -0.5380157574299425 4.556962025316456
v 0.7051520947809076 -0.4711675662166472 4.556962025316456
v 0.7479390921634591 -0.3997817737742947 4.556962025316456
v 0.7835230272233787 -0.3245458643075478 4.556962025316456
v 0.811561207213882 -0.2461844007527024 4.556962025316456
v 0.8317836091344316 -0.1654520468405263 4.556962025316456
v 0.8439954801998438 -0.08312629927198627 4.556962025316456
v 0.8407676182255756 0 4.620253164556963
v 0.8367190923386534 0.08240963762016668 4.620253164556963
v 0.8246125041953273 0.1640256253803607 4.620253164556963
v 0.8045644468575518 0.2440619567026142 4.620253164556963
v 0.7767679940768727 0.3217478379639847 4.620253164556963
v 0.7414908408886547 0.3963351116605025 4.620253164556963
v 0.6990727255625536 0.4671054615729189 4.620253164556963
v 0.6499221577372607 0.5333773305445689 4.620253164556963
v 0.5945124842493669 0.5945124842493668 4.620253164556963
v 0.5333773305445689 0.6499221577372607 4.620253164556963
v 0.467105461572919 0.6990727255625536 4.620253164556963
v 0.3963351116605026 0.7414908408886546 4.620253164556963
v 0.3217478379639847 0.7767679940768727 4.620253164556963
v 0.2440619567026142 0.8045644468575518 4.620253164556963
v 0.1640256253803608 0.8246125041953273 4.620253164556963
v 0.08240963762016681 0.8367190923386534 4.620253164556963
v 5.148216862433475e-17 0.8407676182255756 4.620253164556963
v -0.0824096376201667 0.8367190923386534 4.620253164556963
v -0.1640256253803607 0.8246125041953273 4.620253164556963
v -0.244061956702614 0.8045644468575519 4.620253164556963
v -0.3217478379639846 0.7767679940768727 4.620253164556963
v -0.3963351116605026 0.7414908408886547 4.620253164556963
v -0.4671054615729188 0.6990727255625537 4.620253164556963
v -0.5333773305445688 0.6499221577372608 4.620253164556963
v -0.5945124842493668 0.5945124842493669 4.620253164556963
v -0.6499221577372607 0.5333773305445689 4.620253164556963
v -0.6990727255625537 0.4671054615729189 4.620253164556963
v -0.7414908408886546 0.3963351116605027 4.620253164556963
v -0.7767679940768727 0.3217478379639848 4.620253164556963
v -0.8045644468575518 0.2440619567026142 4.620253164556963
v -0.8246125041953273 0.164025625380361 4.620253164556963
v -0.8367190923386534 0.08240963762016686 4.620253164556963
v -0.8407676182255756 1.029643372486695e-16 4.620253164556963
v -0.8367190923386534 -0.08240963762016666 4.620253164556963
v -0.8246125041953273 -0.1640256253803608 4.620253164556963
v -0.8045644468575519 -0.244061956702614 4.620253164556963
v -0.7767679940768728 -0.3217478379639846 4.620253164556963
v -0.7414908408886547 -0.3963351116605025 4.620253164556963
v -0.6990727255625538 -0.4671054615729188 4.620253164556963
v -0.6499221577372608 -0.5333773305445688 4.620253164556963
v -0.5945124842493669 -0.5945124842493668 4.620253164556963
v -0.5333773305445693 -0.6499221577372605 4.620253164556963
v -0.4671054615729189 -0.6990727255625536 4.620253164556963
v -0.3963351116605027 -0.7414908408886546 4.620253164556963
v -0.3217478379639852 -0.7767679940768726 4.620253164556963
v -0.2440619567026143 -0.8045644468575518 4.620253164556963
v -0.1640256253803611 -0.8246125041953272 4.620253164556963
v -0.08240963762016655 -0.8367190923386534 4.620253164556963
v -1.544465058730042e-16 -0.8407676182255756 4.620253164556963
v 0.08240963762016625 -0.8367190923386534 4.620253164556963
v 0.1640256253803608 -0.8246125041953273 4.620253164556963
v 0.244061956702614 -0.8045644468575519 4.620253164556963
v 0.3217478379639849 -0.7767679940768727 4.620253164556963
v 0.3963351116605024 -0.7414908408886547 4.620253164556963
v 0.4671054615729187 -0.6990727255625538 4.620253164556963
v 0.533377330544569 -0.6499221577372606 4.620253164556963
v 0.5945124842493666 -0.5945124842493669 4.620253164556963
v 0.6499221577372605 -0.5333773305445694 4.620253164556963
v 0.6990727255625536 -0.4671054615729189 4.620253164556963
v 0.7414908408886545 -0.3963351116605028 4.620253164556963
v 0.7767679940768726 -0.3217478379639852 4.620253164556963
v 0.8045644468575518 -0.2440619567026144 4.620253164556963
v 0.8246125041953272 -0.1640256253803611 4.620253164556963
v 0.8367190923386534 -0.08240963762016659 4.620253164556963
v 0.833596423252048 0 4.683544303797468
v 0.8295824286290103 0.08170673759611578 4.683544303797468
v 0.8175791017223898 0.1626265946437348 4.683544303797468
v 0.7977020411319832 0.2419802686841949 4.683544303797468
v 0.7701426738171828 0.3190035404573558 4.683544303797468
v 0.7351664115507126 0.3929546337508386 4.683544303797468
v 0.6931100948581688 0.4631213591104472 4.683544303797468
v 0.6443787490596216 0.528827972613935 4.683544303797468
v 0.5894416836543745 0.5894416836543744 4.683544303797468
v 0.528827972613935 0.6443787490596216 4.683544303797468
v 0.4631213591104473 0.6931100948581688 4.683544303797468
v 0.3929546337508387 0.7351664115507126 4.683544303797468
v 0.3190035404573559 0.7701426738171828 4.683544303797468
v 0.2419802686841949 0.7977020411319832 4.683544303797468
v 0.1626265946437349 0.8175791017223898 4.683544303797468
v 0.08170673759611592 0.8295824286290102 4.683544303797468
v 5.104305957581514e-17 0.833596423252048 4.683544303797468
v -0.08170673759611581 0.8295824286290103 4.683544303797468
v -0.1626265946437347 0.8175791017223898 4.683544303797468
v -0.2419802686841948 0.7977020411319833 4.683544303797468
v -0.3190035404573558 0.7701426738171828 4.683544303797468
v -0.3929546337508387 0.7351664115507126 4.683544303797468
v -0.4631213591104471 0.6931100948581688 4.683544303797468
v -0.5288279726139349 0.6443787490596217 4.683544303797468
v -0.5894416836543744 0.5894416836543745 4.683544303797468
v -0.6443787490596216 0.528827972613935 4.683544303797468
v -0.6931100948581688 0.4631213591104472 4.683544303797468
v -0.7351664115507126 0.3929546337508388 4.683544303797468
v -0.7701426738171828 0.319003540457356 4.683544303797468
v -0.7977020411319832 0.241980268684195 4.683544303797468
v -0.8175791017223898 0.1626265946437351 4.683544303797468
v -0.8295824286290102 0.08170673759611596 4.683544303797468
v -0.833596423252048 1.020861191516303e-16 4.683544303797468
v -0.8295824286290103 -0.08170673759611577 4.683544303797468
v -0.8175791017223898 -0.1626265946437349 4.683544303797468
v -0.7977020411319833 -0.2419802686841947 4.683544303797468
v -0.7701426738171829 -0.3190035404573557 4.683544303797468
v -0.7351664115507126 -0.3929546337508386 4.683544303797468
v -0.6931100948581689 -0.4631213591104471 4.683544303797468
v -0.6443787490596217 -0.5288279726139348 4.683544303797468
v -0.5894416836543747 -0.5894416836543744 4.683544303797468
v -0.5288279726139352 -0.6443787490596213 4.683544303797468
v -0.4631213591104472 -0.6931100948581688 4.683544303797468
v -0.3929546337508388 -0.7351664115507126 4.683544303797468
v -0.3190035404573563 -0.7701426738171826 4.683544303797468
v -0.241980268684195 -0.7977020411319832 4.683544303797468
v -0.1626265946437351 -0.8175791017223897 4.683544303797468
v -0.08170673759611566 -0.8295824286290103 4.683544303797468
v -1.531291787274454e-16 -0.833596423252048 4.683544303797468
v 0.08170673759611535 -0.8295824286290103 4.683544303797468
v 0.1626265946437348 -0.8175791017223898 4.683544303797468
v 0.2419802686841947 -0.7977020411319833 4.683544303797468
v 0.319003540457356 -0.7701426738171827 4.683544303797468
v 0.3929546337508386 -0.7351664115507126 4.683544303797468
v 0.4631213591104469 -0.6931100948581689 4.683544303797468
v 0.5288279726139351 -0.6443787490596214 4.683544303797468
v 0.5894416836543744 -0.5894416836543747 4.683544303797468
v 0.6443787490596213 -0.5288279726139353 4.683544303797468
v 0.6931100948581688 -0.4631213591104472 4.683544303797468
v 0.7351664115507125 -0.3929546337508389 4.683544303797468
v 0.7701426738171826 -0.3190035404573563 4.683544303797468
v 0.7977020411319832 -0.2419802686841951 4.683544303797468
v 0.8175791017223897 -0.1626265946437352 4.683544303797468
v 0.8295824286290103 -0.0817067375961157 4.683544303797468
v 0.8265709524030079 0 4.746835443037975
v 0.8225907873423649 0.08101812103402418 4.746835443037975
v 0.8106886233257493 0.1612559932734806 4.746835443037975
v 0.790979084699026 0.2399408821462207 4.746835443037975
v 0.7636519850935 0.3163150091588643 4.746835443037975
v 0.7289704994168847 0.3896428497179349 4.746835443037975
v 0.6872686293350746 0.4592182166337736 4.746835443037975
v 0.6389479866535185 0.5243710610892165 4.746835443037975
v 0.58447392557599 0.5844739255759899 4.746835443037975
v 0.5243710610892165 0.6389479866535185 4.746835443037975
v 0.4592182166337737 0.6872686293350746 4.746835443037975
v 0.3896428497179351 0.7289704994168846 4.746835443037975
v 0.3163150091588644 0.7636519850935 4.746835443037975
v 0.2399408821462207 0.790979084699026 4.746835443037975
v 0.1612559932734807 0.8106886233257493 4.746835443037975
v 0.08101812103402432 0.8225907873423649 4.746835443037975
v 5.061287355642615e-17 0.8265709524030079 4.746835443037975
v -0.08101812103402423 0.8225907873423649 4.746835443037975
v -0.1612559932734806 0.8106886233257493 4.746835443037975
v -0.2399408821462206 0.7909790846990261 4.746835443037975
v -0.3163150091588643 0.7636519850935 4.746835443037975
v -0.389642849717935 0.7289704994168847 4.746835443037975
v -0.4592182166337734 0.6872686293350747 4.746835443037975
v -0.5243710610892164 0.6389479866535186 4.746835443037975
v -0.5844739255759899 0.58447392557599 4.746835443037975
v -0.6389479866535185 0.5243710610892165 4.746835443037975
v -0.6872686293350747 0.4592182166337736 4.746835443037975
v -0.7289704994168846 0.3896428497179351 4.746835443037975
v -0.7636519850935 0.3163150091588644 4.746835443037975
v -0.790979084699026 0.2399408821462208 4.746835443037975
v -0.8106886233257493 0.1612559932734809 4.746835443037975
v -0.8225907873423649 0.08101812103402437 4.746835443037975
v -0.8265709524030079 1.012257471128523e-16 4.746835443037975
v -0.8225907873423649 -0.08101812103402417 4.746835443037975
v -0.8106886233257493 -0.1612559932734807 4.746835443037975
v -0.7909790846990261 -0.2399408821462205 4.746835443037975
v -0.7636519850935001 -0.3163150091588642 4.746835443037975
v -0.7289704994168847 -0.3896428497179349 4.746835443037975
v -0.6872686293350747 -0.4592182166337734 4.746835443037975
v -0.6389479866535186 -0.5243710610892163 4.746835443037975
v -0.5844739255759901 -0.5844739255759899 4.746835443037975
v -0.5243710610892168 -0.6389479866535182 4.746835443037975
v -0.4592182166337736 -0.6872686293350746 4.746835443037975
v -0.3896428497179352 -0.7289704994168846 4.746835443037975
v -0.3163150091588648 -0.7636519850934999 4.746835443037975
v -0.2399408821462208 -0.790979084699026 4.746835443037975
v -0.161255993273481 -0.8106886233257493 4.746835443037975
v -0.08101812103402406 -0.8225907873423649 4.746835443037975
v -1.518386206692784e-16 -0.8265709524030079 4.746835443037975
v 0.08101812103402377 -0.8225907873423649 4.746835443037975
v 0.1612559932734807 -0.8106886233257493 4.746835443037975
v 0.2399408821462205 -0.7909790846990261 4.746835443037975
v 0.3163150091588645 -0.7636519850935 4.746835443037975
v 0.3896428497179349 -0.7289704994168847 4.746835443037975
v 0.4592182166337733 -0.6872686293350747 4.746835443037975
v 0.5243710610892166 -0.6389479866535184 4.746835443037975
v 0.5844739255759898 -0.5844739255759901 4.746835443037975
v 0.6389479866535182 -0.5243710610892168 4.746835443037975
v 0.6872686293350746 -0.4592182166337736 4.746835443037975
v 0.7289704994168845 -0.3896428497179352 4.746835443037975
v 0.7636519850934999 -0.3163150091588648 4.746835443037975
v 0.790979084699026 -0.2399408821462208 4.746835443037975
v 0.8106886233257493 -0.161255993273481 4.746835443037975
v 0.8225907873423649 -0.0810181210340241 4.746835443037975
v 0.8196956082711415 0 4.810126582278482
v 0.8157485498717162 0.08034421946343702 4.810126582278482
v 0.803945387003508 0.1599146801728231 4.810126582278482
v 0.7843997905772033 0.2379450750938885 4.810126582278482
v 0.757299995371097 0.3136839288677905 4.810126582278482
v 0.7229069872272791 0.3864018349296173 4.810126582278482
v 0.6815519896153051 0.4553984800923426 4.810126582278482
v 0.6336332737691196 0.5200093889456465 4.810126582278482
v 0.5796123231173561 0.579612323117356 4.810126582278482
v 0.5200093889456465 0.6336332737691196 4.810126582278482
v 0.4553984800923427 0.6815519896153051 4.810126582278482
v 0.3864018349296175 0.722906987227279 4.810126582278482
v 0.3136839288677906 0.757299995371097 4.810126582278482
v 0.2379450750938885 0.7843997905772033 4.810126582278482
v 0.1599146801728232 0.803945387003508 4.810126582278482
v 0.08034421946343716 0.8157485498717161 4.810126582278482
v 5.019188014721981e-17 0.8196956082711415 4.810126582278482
v -0.08034421946343705 0.8157485498717162 4.810126582278482
v -0.1599146801728231 0.803945387003508 4.810126582278482
v -0.2379450750938884 0.7843997905772034 4.810126582278482
v -0.3136839288677905 0.757299995371097 4.810126582278482
v -0.3864018349296174 0.7229069872272791 4.810126582278482
v -0.4553984800923425 0.6815519896153052 4.810126582278482
v -0.5200093889456464 0.6336332737691197 4.810126582278482
v -0.579612323117356 0.5796123231173561 4.810126582278482
v -0.6336332737691196 0.5200093889456465 4.810126582278482
v -0.6815519896153052 0.4553984800923426 4.810126582278482
v -0.722906987227279 0.3864018349296175 4.810126582278482
v -0.757299995371097 0.3136839288677906 4.810126582278482
v -0.7843997905772033 0.2379450750938885 4.810126582278482
v -0.803945387003508 0.1599146801728234 4.810126582278482
v -0.8157485498717161 0.0803442194634372 4.810126582278482
v -0.8196956082711415 1.003837602944396e-16 4.810126582278482
v -0.8157485498717162 -0.08034421946343701 4.810126582278482
v -0.803945387003508 -0.1599146801728232 4.810126582278482
v -0.7843997905772034 -0.2379450750938883 4.810126582278482
v -0.7572999953710972 -0.3136839288677904 4.810126582278482
v -0.7229069872272791 -0.3864018349296173 4.810126582278482
v -0.6815519896153052 -0.4553984800923425 4.810126582278482
v -0.6336332737691197 -0.5200093889456463 4.810126582278482
v -0.5796123231173562 -0.579612323117356 4.810126582278482
v -0.5200093889456467 -0.6336332737691193 4.810126582278482
v -0.4553984800923426 -0.6815519896153051 4.810126582278482
v -0.3864018349296176 -0.722906987227279 4.810126582278482
v -0.313683928867791 -0.7572999953710968 4.810126582278482
v -0.2379450750938886 -0.7843997905772033 4.810126582278482
v -0.1599146801728235 -0.8039453870035079 4.810126582278482
v -0.08034421946343689 -0.8157485498717162 4.810126582278482
v -1.505756404416594e-16 -0.8196956082711415 4.810126582278482
v 0.08034421946343659 -0.8157485498717162 4.810126582278482
v 0.1599146801728231 -0.803945387003508 4.810126582278482
v 0.2379450750938883 -0.7843997905772034 4.810126582278482
v 0.3136839288677907 -0.7572999953710969 4.810126582278482
v 0.3864018349296173 -0.7229069872272791 4.810126582278482
v 0.4553984800923424 -0.6815519896153052 4.810126582278482
v 0.5200093889456466 -0.6336332737691195 4.810126582278482
v 0.5796123231173559 -0.5796123231173562 4.810126582278482
v 0.6336332737691193 -0.5200093889456469 4.810126582278482
v 0.6815519896153051 -0.4553984800923426 4.810126582278482
v 0.7229069872272789 -0.3864018349296176 4.810126582278482
v 0.7572999953710968 -0.313683928867791 4.810126582278482
v 0.7843997905772033 -0.2379450750938886 4.810126582278482
v 0.8039453870035079 -0.1599146801728235 4.810126582278482
v 0.8157485498717162 -0.08034421946343694 4.810126582278482
v 0.8129738442996929 0 4.873417721518988
v 0.809059153031035 0.07968537138098535 4.873417721518988
v 0.7973527798419665 0.1586033290751168 4.873417721518988
v 0.7779674635056526 0.2359938500088559 4.873417721518988
v 0.7510898952155038 0.3111116211596486 4.873417721518988
v 0.7169789206469279 0.3832332173277619 4.873417721518988
v 0.6759630471319754 0.4516640681164222 4.873417721518988
v 0.6284372799541528 0.5157451470244263 4.873417721518988
v 0.5748593182316093 0.5748593182316093 4.873417721518988
v 0.5157451470244263 0.6284372799541528 4.873417721518988
v 0.4516640681164222 0.6759630471319754 4.873417721518988
v 0.3832332173277621 0.7169789206469278 4.873417721518988
v 0.3111116211596486 0.7510898952155038 4.873417721518988
v 0.2359938500088559 0.7779674635056526 4.873417721518988
v 0.1586033290751169 0.7973527798419665 4.873417721518988
v 0.07968537138098548 0.8090591530310349 4.873417721518988
v 4.978029081060688e-17 0.8129738442996929 4.873417721518988
v -0.07968537138098539 0.809059153031035 4.873417721518988
v -0.1586033290751168 0.7973527798419665 4.873417721518988
v -0.2359938500088557 0.7779674635056527 4.873417721518988
v -0.3111116211596485 0.7510898952155038 4.873417721518988
v -0.3832332173277619 0.7169789206469279 4.873417721518988
v -0.451664068116422 0.6759630471319755 4.873417721518988
v -0.5157451470244263 0.6284372799541529 4.873417721518988
v -0.5748593182316093 0.5748593182316093 4.873417721518988
v -0.6284372799541528 0.5157451470244263 4.873417721518988
v -0.6759630471319755 0.4516640681164222 4.873417721518988
v -0.7169789206469278 0.3832332173277621 4.873417721518988
v -0.7510898952155038 0.3111116211596486 4.873417721518988
v -0.7779674635056526 0.2359938500088559 4.873417721518988
v -0.7973527798419665 0.1586033290751171 4.873417721518988
v -0.8090591530310349 0.07968537138098553 4.873417721518988
v -0.8129738442996929 9.956058162121376e-17 4.873417721518988
v -0.809059153031035 -0.07968537138098535 4.873417721518988
v -0.7973527798419665 -0.1586033290751169 4.873417721518988
v -0.7779674635056527 -0.2359938500088557 4.873417721518988
v -0.751089895215504 -0.3111116211596485 4.873417721518988
v -0.7169789206469279 -0.3832332173277619 4.873417721518988
v -0.6759630471319756 -0.451664068116422 4.873417721518988
v -0.6284372799541529 -0.5157451470244262 4.873417721518988
v -0.5748593182316094 -0.5748593182316093 4.873417721518988
v -0.5157451470244266 -0.6284372799541524 4.873417721518988
v -0.4516640681164222 -0.6759630471319754 4.873417721518988
v -0.3832332173277621 -0.7169789206469278 4.873417721518988
v -0.311111621159649 -0.7510898952155037 4.873417721518988
v -0.2359938500088559 -0.7779674635056526 4.873417721518988
v -0.1586033290751171 -0.7973527798419664 4.873417721518988
v -0.07968537138098522 -0.809059153031035 4.873417721518988
v -1.493408724318206e-16 -0.8129738442996929 4.873417721518988
v 0.07968537138098493 -0.809059153031035 4.873417721518988
v 0.1586033290751168 -0.7973527798419665 4.873417721518988
v 0.2359938500088556 -0.7779674635056527 4.873417721518988
v 0.3111116211596487 -0.7510898952155037 4.873417721518988
v 0.3832332173277619 -0.7169789206469279 4.873417721518988
v 0.4516640681164219 -0.6759630471319756 4.873417721518988
v 0.5157451470244264 -0.6284372799541527 4.873417721518988
v 0.5748593182316092 -0.5748593182316094 4.873417721518988
v 0.6284372799541524 -0.5157451470244268 4.873417721518988
v 0.6759630471319754 -0.4516640681164222 4.873417721518988
v 0.7169789206469277 -0.3832332173277622 4.873417721518988
v 0.7510898952155037 -0.311111621159649 4.873417721518988
v 0.7779674635056526 -0.235993850008856 4.873417721518988
v 0.7973527798419664 -0.1586033290751172 4.873417721518988
v 0.809059153031035 -0.07968537138098528 4.873417721518988
v 0.8064081429486832 0 4.936708860759494
v 0.8025250673266192 0.07904182011030145 4.936708860759494
v 0.7909132366013726 0.1573224242842866 4.936708860759494
v 0.7716844790505 0.2340879275112288 4.936708860759494
v 0.7450239781207244 0.3085990360307601 4.936708860759494
v 0.7111884890101118 0.3801381671359219 4.936708860759494
v 0.6705038659751571 0.4480163598869046 4.936708860759494
v 0.6233619241761644 0.5115799101815216 4.936708860759494
v 0.5702166662830648 0.5702166662830647 4.936708860759494
v 0.5115799101815216 0.6233619241761644 4.936708860759494
v 0.4480163598869047 0.6705038659751571 4.936708860759494
v 0.3801381671359221 0.7111884890101117 4.936708860759494
v 0.3085990360307601 0.7450239781207244 4.936708860759494
v 0.2340879275112288 0.7716844790505 4.936708860759494
v 0.1573224242842867 0.7909132366013726 4.936708860759494
v 0.07904182011030159 0.8025250673266191 4.936708860759494
v 4.937825755342331e-17 0.8064081429486832 4.936708860759494
v -0.07904182011030149 0.8025250673266192 4.936708860759494
v -0.1573224242842866 0.7909132366013726 4.936708860759494
v -0.2340879275112287 0.7716844790505001 4.936708860759494
v -0.3085990360307601 0.7450239781207244 4.936708860759494
v -0.380138167135922 0.7111884890101118 4.936708860759494
v -0.4480163598869044 0.6705038659751572 4.936708860759494
v -0.5115799101815216 0.6233619241761645 4.936708860759494
v -0.5702166662830647 0.5702166662830648 4.936708860759494
v -0.6233619241761644 0.5115799101815216 4.936708860759494
v -0.6705038659751572 0.4480163598869046 4.936708860759494
v -0.7111884890101117 0.3801381671359221 4.936708860759494
v -0.7450239781207244 0.3085990360307602 4.936708860759494
v -0.7716844790505 0.2340879275112289 4.936708860759494
v -0.7909132366013726 0.1573224242842869 4.936708860759494
v -0.8025250673266191 0.07904182011030163 4.936708860759494
v -0.8064081429486832 9.875651510684661e-17 4.936708860759494
v -0.8025250673266192 -0.07904182011030145 4.936708860759494
v -0.7909132366013726 -0.1573224242842867 4.936708860759494
v -0.7716844790505001 -0.2340879275112287 4.936708860759494
v -0.7450239781207244 -0.30859903603076 4.936708860759494
v -0.7111884890101118 -0.3801381671359219 4.936708860759494
v -0.6705038659751573 -0.4480163598869044 4.936708860759494
v -0.6233619241761645 -0.5115799101815215 4.936708860759494
v -0.5702166662830648 -0.5702166662830647 4.936708860759494
v -0.5115799101815219 -0.6233619241761642 4.936708860759494
v -0.4480163598869046 -0.6705038659751571 4.936708860759494
v -0.3801381671359221 -0.7111884890101117 4.936708860759494
v -0.3085990360307605 -0.7450239781207242 4.936708860759494
v -0.2340879275112289 -0.7716844790505 4.936708860759494
v -0.1573224242842869 -0.7909132366013726 4.936708860759494
v -0.07904182011030132 -0.8025250673266192 4.936708860759494
v -1.481347726602699e-16 -0.8064081429486832 4.936708860759494
v 0.07904182011030104 -0.8025250673266192 4.936708860759494
v 0.1573224242842866 -0.7909132366013726 4.936708860759494
v 0.2340879275112286 -0.7716844790505001 4.936708860759494
v 0.3085990360307603 -0.7450239781207243 4.936708860759494
v 0.3801381671359219 -0.7111884890101118 4.936708860759494
v 0.4480163598869044 -0.6705038659751573 4.936708860759494
v 0.5115799101815217 -0.6233619241761643 4.936708860759494
v 0.5702166662830646 -0.5702166662830648 4.936708860759494
v 0.6233619241761642 -0.511579910181522 4.936708860759494
v 0.6705038659751571 -0.4480163598869046 4.936708860759494
v 0.7111884890101116 -0.3801381671359222 4.936708860759494
v 0.7450239781207242 -0.3085990360307606 4.936708860759494
v 0.7716844790505 -0.234087927511229 4.936708860759494
v 0.7909132366013726 -0.157322424284287 4.936708860759494
v 0.8025250673266192 -0.07904182011030138 4.936708860759494
v 0.8065753213932316 -2.316917765282914e-19 5.00764756430097
v 0.7837406188059185 0.07719171341420723 5.007569431885199
v 0.7469673153452532 0.1485810370505518 5.003098488711141
v 0.7177052517991567 0.2177135079408468 4.992823574135193
v 0.6990001238306205 0.2895353313911159 4.984794974397176
v 0.7080383567278761 0.3784543863513489 4.981059358807203
v 0.6714547958575379 0.4486517509204705 4.977494157559503
v 0.6234694656980664 0.51166816722768 4.97291534587403
v 0.577573434302241 0.5775734343022408 4.971262175873223
v 0.5310305104134235 0.6470625491335391 4.971193413054439
v 0.4666873679219865 0.6984470041952342 4.971315900823708
v 0.3859645805800555 0.722088941876766 4.971030420314787
v 0.3162633635059294 0.7635273014577468 4.971728129971722
v 0.2372189612690524 0.7820061140873164 4.971001160882793
v 0.1586693712746231 0.7976847963996908 4.972055825039226
v 0.0815227231497907 0.8277140986016887 4.974938410062938
v 5.194975920347633e-17 0.8348345140875179 4.975090244833446
v -0.08278720858828797 0.840552634711403 4.978087663182626
v -0.1647136909820501 0.8280716435678742 4.981800372846472
v -0.2440208985801354 0.8044290963668512 4.986586905149193
v -0.3216246669477906 0.776470632939086 4.992917134609047
v -0.3950948827042813 0.7391705357110737 4.996790110533215
v -0.455652103690966 0.6819315641545531 4.999120878498902
v -0.5123974442263921 0.6243580922921275 5.007236895765734
v -0.5767915702896012 0.5767915702896013 5.012638220524786
v -0.6279181915207489 0.5153191421565674 5.018142397504863
v -0.6618321360385987 0.4422220951894908 5.022167913380347
v -0.687416352121731 0.367431695243736 5.02542551205448
v -0.7107456350175561 0.2944004814217496 5.03
v -0.7279617573890365 0.220824784896937 5.027417309883182
v -0.744231886610256 0.1480369264450755 5.025353771048501
v -0.7575663314900729 0.07461377112459615 5.024616754734025
v -0.7922303625585159 9.729401314775152e-17 5.023118948961498
v -0.7988363505589671 -0.07867851321926829 5.020154705632684
v -0.7853454811928504 -0.1562149288749866 5.019441333207611
v -0.7709614486181713 -0.2338685986274346 5.01545682948108
v -0.7497470442780664 -0.3105553940891164 5.009947828809244
v -0.7189551022760863 -0.3842895084152084 5.009154726990937
v -0.6751420109762071 -0.451115469296178 5.004216875310322
v -0.6036522511291378 -0.4954045995376593 5.001481499247089
v -0.540529303167958 -0.5405293031679579 5.001574341448628
v -0.4804737308267926 -0.5854589349648547 5.003649792574288
v -0.4218465448333606 -0.6313379699581333 5.003627183791918
v -0.3585443525576519 -0.6707893034255886 5.001892206707661
v -0.2899201785538282 -0.69992922707028 5.000308677009339
v -0.2230661767472257 -0.7353506360925528 5.002574132965761
v -0.1551717760978232 -0.7801011980398946 5.003960757804234
v -0.07660086492713898 -0.7777416334434548 5.000812318037633
v -1.404453929195793e-16 -0.7592590296094085 5.002077366551825
v 0.07367611407193204 -0.7480461396692369 5.002096406403165
v 0.1471341920222978 -0.7396935341957256 4.994554629584997
v 0.2214742150498033 -0.7301026416906009 4.993600504937081
v 0.296408302878804 -0.7155929448100001 4.995904077815215
v 0.3890269996849455 -0.7278183250437654 4.998476573916952
v 0.4688267725243793 -0.7016488494518491 5.001220694471587
v 0.5385135673257344 -0.6561806803633652 5.000459983580168
v 0.5919371782578645 -0.5919371782578647 5.000247714323142
v 0.6106251190673758 -0.5011270843658213 5.004893950739037
v 0.6461030050083273 -0.43171222584203 5.009336336035777
v 0.6962910732665347 -0.3721753325240917 5.015418253286614
v 0.7542752521719553 -0.3124310392120109 5.016530242916368
v 0.8013847530196151 -0.2430974071219895 5.014614714637517
v 0.8198349506548763 -0.163075310895347 5.013437773242507
v 0.8215618515929027 -0.08091677970809522 5.010438203336048
f 1 2 65
f 2 66 65
f 2 3 66
f 3 67 66
f 3 4 67
f 4 68 67
f 4 5 68
f 5 69 68
f 5 6 69
f 6 70 69
f 6 7 70
f 7 71 70
f 7 8 71
f 8 72 71
f 8 9 72
f 9 73 72
f 9 10 73
f 10 74 73
f 10 11 74
f 11 75 74
f 11 12 75
f 12 76 75
f 12 13 76
f 13 77 76
f 13 14 77
f 14 78 77
f 14 15 78
f 15 79 78
f 15 16 79
f 16 80 79
f 16 17 80
f 17 81 80
f 17 18 81
f 18 82 81
f 18 19 82
f 19 83 82
f 19 20 83
f 20 84 83
f 20 21 84
f 21 85 84
f 21 22 85
f 22 86 85
f 22 23 86
f 23 87 86
f 23 24 87
f 24 88 87
f 24 25 88
f 25 89 88
f 25 26 89
f 26 90 89
f 26 27 90
f 27 91 90
f 27 28 91
f 28 92 91
f 28 29 92
f 29 93 92
f 29 30 93
f 30 94 93
f 30 31 94
f 31 95 94
f 31 32 95
f 32 96 95
f 32 33 96
f 33 97 96
f 33 34 97
f 34 98 97
f 34 35 98
f 35 99 98
f 35 36 99
f 36 100 99
f 36 37 100
f 37 101 100
f 37 38 101
f 38 102 101
f 38 39 102
f 39 103 102
f 39 40 103
f 40 104 103
f 40 41 104
f 41 105 104
f 41 42 105
f 42 106 105
f 42 43 106
f 43 107 106
f 43 44 107
f 44 108 107
f 44 45 108
f 45 109 108
f 45 46 109
f 46 110 109
f 46 47 110
f 47 111 110
f 47 48 111
f 48 112 111
f 48 49 112
f 49 113 112
f 49 50 113
f 50 114 113
f 50 51 114
f 51 115 114
f 51 52 115
f 52 116 115
f 52 53 116
f 53 117 116
f 53 54 117
f 54 118 117
f 54 55 118
f 55 119 118
f 55 56 119
f 56 120 119
f 56 57 120
f 57 121 120
f 57 58 121
f 58 122 121
f 58 59 122
f 59 123 122
f 59 60 123
f 60 124 123
f 60 61 124
f 61 125 124
f 61 62 125
f 62 126 125
f 62 63 126
f 63 127 126
f 63 64 127
f 64 128 127
f 64 1 128
f 1 65 128
f 65 66 129
f 66 130 129
f 66 67 130
f 67 131 130
f 67 68 131
f 68 132 131
f 68 69 132
f 69 133 132
f 69 70 133
f 70 134 133
f 70 71 134
f 71 135 134
f 71 72 135
f 72 136 135
f 72 73 136
f 73 137 136
f 73 74 137
f 74 138 137
f 74 75 138
f 75 139 138
f 75 76 139
f 76 140 139
f 76 77 140
f 77 141 140
f 77 78 141
f 78 142 141
f 78 79 142
f 79 143 142
f 79 80 143
f 80 144 143
f 80 81 144
f 81 145 144
f 81 82 145
f 82 146 145
f 82 83 146
f 83 147 146
f 83 84 147
f 84 148 147
f 84 85 148
f 85 149 148
f 85 86 149
f 86 150 149
f 86 87 150
f 87 151 150
f 87 88 151
f 88 152 151
f 88 89 152
f 89 153 152
f 89 90 153
f 90 154 153
f 90 91 154
f 91 155 154
f 91 92 155
f 92 156 155
f 92 93 156
f 93 157 156
f 93 94 157
f 94 158 157
f 94 95 158
f 95 159 158
f 95 96 159
f 96 160 159
f 96 97 160
f 97 161 160
f 97 98 161
f 98 162 161
f 98 99 162
f 99 163 162
f 99 100 163
f 100 164 163
f 100 101 164
f 101 165 164
f 101 102 165
f 102 166 165
f 102 103 166
f 103 167 166
f 103 104 167
f 104 168 167
f 104 105 168
f 105 169 168
f 105 106 169
f 106 170 169
f 106 107 170
f 107 171 170
f 107 108 171
f 108 172 171
f 108 109 172
f 109 173 172
f 109 110 173
f 110 174 173
f 110 111 174
f 111 175 174
f 111 112 175
f 112 176 175
f 112 113 176
f 113 177 176
f 113 114 177
f 114 178 177
f 114 115 178
f 115 179 178
f 115 116 179
f 116 180 179
f 116 117 180
f 117 181 180
f 117 118 181
f 118 182 181
f 118 119 182
f 119 183 182
f 119 120 183
f 120 184 183
f 120 121 184
f 121 185 184
f 121 122 185
f 122 186 185
f 122 123 186
f 123 187 186
f 123 124 187
f 124 188 187
f 124 125 188
f 125 189 188
f 125 126 189
f 126 190 189
f 126 127 190
f 127 191 190
f 127 128 191
f 128 192 191
f 128 65 192
f 65 129 192
f 129 130 193
f 130 194 193
f 130 131 194
f 131 195 194
f 131 132 195
f 132 196 195
f 132 133 196
f 133 197 196
f 133 134 197
f 134 198 197
f 134 135 198
f 135 199 198
f 135 136 199
f 136 200 199
f 136 137 200
f 137 201 200
f 137 138 201
f 138 202 201
f 138 139 202
f 139 203 202
f 139 140 203
f 140 204 203
f 140 141 204
f 141 205 204
f 141 142 205
f 142 206 205
f 142 143 206
f 143 207 206
f 143 144 207
f 144 208 207
f 144 145 208
f 145 209 208
f 145 146 209
f 146 210 209
f 146 147 210
f 147 211 210
f 147 148 211
f 148 212 211
f 148 149 212
f 149 213 212
f 149 150 213
f 150 214 213
f 150 151 214
f 151 215 214
f 151 152 215
f 152 216 215
f 152 153 216
f 153 217 216
f 153 154 217
f 154 218 217
f 154 155 218
f 155 219 218
f 155 156 219
f 156 220 219
f 156 157 220
f 157 221 220
f 157 158 221
f 158 222 221
f 158 159 222
f 159 223 222
f 159 160 223
f 160 224 223
f 160 161 224
f 161 225 224
f 161 162 225
f 162 226 225
f 162 163 226
f 163 227 226
f 163 164 227
f 164 228 227
f 164 165 228
f 165 229 228
f 165 166 229
f 166 230 229
f 166 167 230
f 167 231 230
f 167 168 231
f 168 232 231
f 168 169 232
f 169 233 232
f 169 170 233
f 170 234 233
f 170 171 234
f 171 235 234
f 171 172 235
f 172 236 235
f 172 173 236
f 173 237 236
f 173 174 237
f 174 238 237
f 174 175 238
f 175 239 238
f 175 176 239
f 176 240 239
f 176 177 240
f 177 241 240
f 177 178 241
f 178 242 241
f 178 179 242
f 179 243 242
f 179 180 243
f 180 244 243
f 180 181 244
f 181 245 244
f 181 182 245
f 182 246 245
f 182 183 246
f 183 247 246
f 183 184 247
f 184 248 247
f 184 185 248
f 185 249 248
f 185 186 249
f 186 250 249
f 186 187 250
f 187 251 250
f 187 188 251
f 188 252 251
f 188 189 252
f 189 253 252
f 189 190 253
f 190 254 253
f 190 191 254
f 191 255 254
f 191 192 255
f 192 256 255
f 192 129 256
f 129 193 256
f 193 194 257
f 194 258 257
f 194 195 258
f 195 259 258
f 195 196 259
f 196 260 259
f 196 197 260
f 197 261 260
f 197 198 261
f 198 262 261
f 198 199 262
f 199 263 262
f 199 200 263
f 200 264 263
f 200 201 264
f 201 265 264
f 201 202 265
f 202 266 265
f 202 203 266
f 203 267 266
f 203 204 267
f 204 268 267
f 204 205 268
f 205 269 268
f 205 206 269
f 206 270 269
f 206 207 270
f 207 271 270
f 207 208 271
f 208 272 271
f 208 209 272
f 209 273 272
f 209 210 273
f 210 274 273
f 210 211 274
f 211 275 274
f 211 212 275
f 212 276 275
f 212 213 276
f 213 277 276
f 213 214 277
f 214 278 277
f 214 215 278
f 215 279 278
f 215 216 279
f 216 280 279
f 216 217 280
f 217 281 280
f 217 218 281
f 218 282 281
f 218 219 282
f 219 283 282
f 219 220 283
f 220 284 283
f 220 221 284
f 221 285 284
f 221 222 285
f 222 286 285
f 222 223 286
f 223 287 286
f 223 224 287
f 224 288 287
f 224 225 288
f 225 289 288
f 225 226 289
f 226 290 289
f 226 227 290
f 227 291 290
f 227 228 291
f 228 292 291
f 228 229 292
f 229 293 292
f 229 230 293
f 230 294 293
f 230 231 294
f 231 295 294
f 231 232 295
f 232 296 295
f 232 233 296
f 233 297 296
f 233 234 297
f 234 298 297
f 234 235 298
f 235 299 298
f 235 236 299
f 236 300 299
f 236 237 300
f 237 301 300
f 237 238 301
f 238 302 301
f 238 239 302
f 239 303 302
f 239 240 303
f 240 304 303
f 240 241 304
f 241 305 304
f 241 242 305
f 242 306 305
f 242 243 306
f 243 307 306
f 243 244 307
f 244 308 307
f 244 245 308
f 245 309 308
f 245 246 309
f 246 310 309
f 246 247 310
f 247 311 310
f 247 248 311
f 248 312 311
f 248 249 312
f 249 313 312
f 249 250 313
f 250 314 313
f 250 251 314
f 251 315 314
f 251 252 315
f 252 316 315
f 252 253 316
f 253 317 316
f 253 254 317
f 254 318 317
f 254 255 318
f 255 319 318
f 255 256 319
f 256 320 319
f 256 193 320
f 193 257 320
f 257 258 321
f 258 322 321
f 258 259 322
f 259 323 322
f 259 260 323
f 260 324 323
f 260 261 324
f 261 325 324
f 261 262 325
f 262 326 325
f 262 263 326
f 263 327 326
f 263 264 327
f 264 328 327
f 264 265 328
f 265 329 328
f 265 266 329
f 266 330 329
f 266 267 330
f 267 331 330
f 267 268 331
f 268 332 331
f 268 269 332
f 269 333 332
f 269 270 333
f 270 334 333
f 270 271 334
f 271 335 334
f 271 272 335
f 272 336 335
f 272 273 336
f 273 337 336
f 273 274 337
f 274 338 337
f 274 275 338
f 275 339 338
f 275 276 339
f 276 340 339
f 276 277 340
f 277 341 340
f 277 278 341
f 278 342 341
f 278 279 342
f 279 343 342
f 279 280 343
f 280 344 343
f 280 281 344
f 281 345 344
f 281 282 345
f 282 346 345
f 282 283 346
f 283 347 346
f 283 284 347
f 284 348 347
f 284 285 348
f 285 349 348
f 285 286 349
f 286 350 349
f 286 287 350
f 287 351 350
f 287 288 351
f 288 352 351
f 288 289 352
f 289 353 352
f 289 290 353
f 290 354 353
f 290 291 354
f 291 355 354
f 291 292 355
f 292 356 355
f 292 293 356
f 293 357 356
f 293 294 357
f 294 358 357
f 294 295 358
f 295 359 358
f 295 296 359
f 296 360 359
f 296 297 360
f 297 361 360
f 297 298 361
f 298 362 361
f 298 299 362
f 299 363 362
f 299 300 363
f 300 364 363
f 300 301 364
f 301 365 364
f 301 302 365
f 302 366 365
f 302 303 366
f 303 367 366
f 303 304 367
f 304 368 367
f 304 305 368
f 305 369 368
f 305 306 369
f 306 370 369
f 306 307 370
f 307 371 370
f 307 308 371
f 308 372 371
f 308 309 372
f 309 373 372
f 309 310 373
f 310 374 373
f 310 311 374
f 311 375 374
f 311 312 375
f 312 376 375
f 312 313 376
f 313 377 376
f 313 314 377
f 314 378 377
f 314 315 378
f 315 379 378
f 315 316 379
f 316 380 379
f 316 317 380
f 317 381 380
f 317 318 381
f 318 382 381
f 318 319 382
f 319 383 382
f 319 320 383
f 320 384 383
f 320 257 384
f 257 321 384
f 321 322 385
f 322 386 385
f 322 323 386
f 323 387 386
f 323 324 387
f 324 388 387
f 324 325 388
f 325 389 388
f 325 326 389
f 326 390 389
f 326 327 390
f 327 391 390
f 327 328 391
f 328 392 391
f 328 329 392
f 329 393 392
f 329 330 393
f 330 394 393
f 330 331 394
f 331 395 394
f 331 332 395
f 332 396 395
f 332 333 396
f 333 397 396
f 333 334 397
f 334 398 397
f 334 335 398
f 335 399 398
f 335 336 399
f 336 400 399
f 336 337 400
f 337 401 400
f 337 338 401
f 338 402 401
f 338 339 402
f 339 403 402
f 339 340 403
f 340 404 403
f 340 341 404
f 341 405 404
f 341 342 405
f 342 406 405
f 342 343 406
f 343 407 406
f 343 344 407
f 344 408 407
f 344 345 408
f 345 409 408
f 345 346 409
f 346 410 409
f 346 347 410
f 347 411 410
f 347 348 411
f 348 412 411
f 348 349 412
f 349 413 412
f 349 350 413
f 350 414 413
f 350 351 414
f 351 415 414
f 351 352 415
f 352 416 415
f 352 353 416
f 353 417 416
f 353 354 417
f 354 418 417
f 354 355 418
f 355 419 418
f 355 356 419
f 356 420 419
f 356 357 420
f 357 421 420
f 357 358 421
f 358 422 421
f 358 359 422
f 359 423 422
f 359 360 423
f 360 424 423
f 360 361 424
f 361 425 424
f 361 362 425
f 362 426 425
f 362 363 426
f 363 427 426
f 363 364 427
f 364 428 427
f 364 365 428
f 365 429 428
f 365 366 429
f 366 430 429
f 366 367 430
f 367 431 430
f 367 368 431
f 368 432 431
f 368 369 432
f 369 433 432
f 369 370 433
f 370 434 433
f 370 371 434
f 371 435 434
f 371 372 435
f 372 436 435
f 372 373 436
f 373 437 436
f 373 374 437
f 374 438 437
f 374 375 438
f 375 439 438
f 375 376 439
f 376 440 439
f 376 377 440
f 377 441 440
f 377 378 441
f 378 442 441
f 378 379 442
f 379 443 442
f 379 380 443
f 380 444 443
f 380 381 444
f 381 445 444
f 381 382 445
f 382 446 445
f 382 383 446
f 383 447 446
f 383 384 447
f 384 448 447
f 384 321 448
f 321 385 448
f 385 386 449
f 386 450 449
f 386 387 450
f 387 451 450
f 387 388 451
f 388 452 451
f 388 389 452
f 389 453 452
f 389 390 453
f 390 454 453
f 390 391 454
f 391 455 454
f 391 392 455
f 392 456 455
f 392 393 456
f 393 457 456
f 393 394 457
f 394 458 457
f 394 395 458
f 395 459 458
f 395 396 459
f 396 460 459
f 396 397 460
f 397 461 460
f 397 398 461
f 398 462 461
f 398 399 462
f 399 463 462
f 399 400 463
f 400 464 463
f 400 401 464
f 401 465 464
f 401 402 465
f 402 466 465
f 402 403 466
f 403 467 466
f 403 404 467
f 404 468 467
f 404 405 468
f 405 469 468
f 405 406 469
f 406 470 469
f 406 407 470
f 407 471 470
f 407 408 471
f 408 472 471
f 408 409 472
f 409 473 472
f 409 410 473
f 410 474 473
f 410 411 474
f 411 475 474
f 411 412 475
f 412 476 475
f 412 413 476
f 413 477 476
f 413 414 477
f 414 478 477
f 414 415 478
f 415 479 478
f 415 416 479
f 416 480 479
f 416 417 480
f 417 481 480
f 417 418 481
f 418 482 481
f 418 419 482
f 419 483 482
f 419 420 483
f 420 484 483
f 420 421 484
f 421 485 484
f 421 422 485
f 422 486 485
f 422 423 486
f 423 487 486
f 423 424 487
f 424 488 487
f 424 425 488
f 425 489 488
f 425 426 489
f 426 490 489
f 426 427 490
f 427 491 490
f 427 428 491
f 428 492 491
f 428 429 492
f 429 493 492
f 429 430 493
f 430 494 493
f 430 431 494
f 431 495 494
f 431 432 495
f 432 496 495
f 432 433 496
f 433 497 496
f 433 434 497
f 434 498 497
f 434 435 498
f 435 499 498
f 435 436 499
f 436 500 499
f 436 437 500
f 437 501 500
f 437 438 501
f 438 502 501
f 438 439 502
f 439 503 502
f 439 440 503
f 440 504 503
f 440 441 504
f 441 505 504
f 441 442 505
f 442 506 505
f 442 443 506
f 443 507 506
f 443 444 507
f 444 508 507
f 444 445 508
f 445 509 508
f 445 446 509
f 446 510 509
f 446 447 510
f 447 511 510
f 447 448 511
f 448 512 511
f 448 385 512
f 385 449 512
f 449 450 513
f 450 514 513
f 450 451 514
f 451 515 514
f 451 452 515
f 452 516 515
f 452 453 516
f 453 517 516
f 453 454 517
f 454 518 517
f 454 455 518
f 455 519 518
f 455 456 519
f 456 520 519
f 456 457 520
f 457 521 520
f 457 458 521
f 458 522 521
f 458 459 522
f 459 523 522
f 459 460 523
f 460 524 523
f 460 461 524
f 461 525 524
f 461 462 525
f 462 526 525
f 462 463 526
f 463 527 526
f 463 464 527
f 464 528 527
f 464 465 528
f 465 529 528
f 465 466 529
f 466 530 529
f 466 467 530
f 467 531 530
f 467 468 531
f 468 532 531
f 468 469 532
f 469 533 532
f 469 470 533
f 470 534 533
f 470 471 534
f 471 535 534
f 471 472 535
f 472 536 535
f 472 473 536
f 473 537 536
f 473 474 537
f 474 538 537
f 474 475 538
f 475 539 538
f 475 476 539
f 476 540 539
f 476 477 540
f 477 541 540
f 477 478 541
f 478 542 541
f 478 479 542
f 479 543 542
f 479 480 543
f 480 544 543
f 480 481 544
f 481 545 544
f 481 482 545
f 482 546 545
f 482 483 546
f 483 547 546
f 483 484 547
f 484 548 547
f 484 485 548
f 485 549 548
f 485 486 549
f 486 550 549
f 486 487 550
f 487 551 550
f 487 488 551
f 488 552 551
f 488 489 552
f 489 553 552
f 489 490 553
f 490 554 553
f 490 491 554
f 491 555 554
f 491 492 555
f 492 556 555
f 492 493 556
f 493 557 556
f 493 494 557
f 494 558 557
f 494 495 558
f 495 559 558
f 495 496 559
f 496 560 559
f 496 497 560
f 497 561 560
f 497 498 561
f 498 562 561
f 498 499 562
f 499 563 562
f 499 500 563
f 500 564 563
f 500 501 564
f 501 565 564
f 501 502 565
f 502 566 565
f 502 503 566
f 503 567 566
f 503 504 567
f 504 568 567
f 504 505 568
f 505 569 568
f 505 506 569
f 506 570 569
f 506 507 570
f 507 571 570
f 507 508 571
f 508 572 571
f 508 509 572
f 509 573 572
f 509 510 573
f 510 574 573
f 510 511 574
f 511 575 574
f 511 512 575
f 512 576 575
f 512 449 576
f 449 513 576
f 513 514 577
f 514 578 577
f 514 515 578
f 515 579 578
f 515 516 579
f 516 580 579
f 516 517 580
f 517 581 580
f 517 518 581
f 518 582 581
f 518 519 582
f 519 583 582
f 519 520 583
f 520 584 583
f 520 521 584
f 521 585 584
f 521 522 585
f 522 586 585
f 522 523 586
f 523 587 586
f 523 524 587
f 524 588 587
f 524 525 588
f 525 589 588
f 525 526 589
f 526 590 589
f 526 527 590
f 527 591 590
f 527 528 591
f 528 592 591
f 528 529 592
f 529 593 592
f 529 530 593
f 530 594 593
f 530 531 594
f 531 595 594
f 531 532 595
f 532 596 595
f 532 533 596
f 533 597 596
f 533 534 597
f 534 598 597
f 534 535 598
f 535 599 598
f 535 536 599
f 536 600 599
f 536 537 600
f 537 601 600
f 537 538 601
f 538 602 601
f 538 539 602
f 539 603 602
f 539 540 603
f 540 604 603
f 540 541 604
f 541 605 604
f 541 542 605
f 542 606 605
f 542 543 606
f 543 607 606
f 543 544 607
f 544 608 607
f 544 545 608
f 545 609 608
f 545 546 609
f 546 610 609
f 546 547 610
f 547 611 610
f 547 548 611
f 548 612 611
f 548 549 612
f 549 613 612
f 549 550 613
f 550 614 613
f 550 551 614
f 551 615 614
f 551 552 615
f 552 616 615
f 552 553 616
f 553 617 616
f 553 554 617
f 554 618 617
f 554 555 618
f 555 619 618
f 555 556 619
f 556 620 619
f 556 557 620
f 557 621 620
f 557 558 621
f 558 622 621
f 558 559 622
f 559 623 622
f 559 560 623
f 560 624 623
f 560 561 624
f 561 625 624
f 561 562 625
f 562 626 625
f 562 563 626
f 563 627 626
f 563 564 627
f 564 628 627
f 564 565 628
f 565 629 628
f 565 566 629
f 566 630 629
f 566 567 630
f 567 631 630
f 567 568 631
f 568 632 631
f 568 569 632
f 569 633 632
f 569 570 633
f 570 634 633
f 570 571 634
f 571 635 634
f 571 572 635
f 572 636 635
f 572 573 636
f 573 637 636
f 573 574 637
f 574 638 637
f 574 575 638
f 575 639 638
f 575 576 639
f 576 640 639
f 576 513 640
f 513 577 640
f 577 578 641
f 578 642 641
f 578 579 642
f 579 643 642
f 579 580 643
f 580 644 643
f 580 581 644
f 581 645 644
f 581 582 645
f 582 646 645
f 582 583 646
f 583 647 646
f 583 584 647
f 584 648 647
f 584 585 648
f 585 649 648
f 585 586 649
f 586 650 649
f 586 587 650
f 587 651 650
f 587 588 651
f 588 652 651
f 588 589 652
f 589 653 652
f 589 590 653
f 590 654 653
f 590 591 654
f 591 655 654
f 591 592 655
f 592 656 655
f 592 593 656
f 593 657 656
f 593 594 657
f 594 658 657
f 594 595 658
f 595 659 658
f 595 596 659
f 596 660 659
f 596 597 660
f 597 661 660
f 597 598 661
f 598 662 661
f 598 599 662
f 599 663 662
f 599 600 663
f 600 664 663
f 600 601 664
f 601 665 664
f 601 602 665
f 602 666 665
f 602 603 666
f 603 667 666
f 603 604 667
f 604 668 667
f 604 605 668
f 605 669 668
f 605 606 669
f 606 670 669
f 606 607 670
f 607 671 670
f 607 608 671
f 608 672 671
f 608 609 672
f 609 673 672
f 609 610 673
f 610 674 673
f 610 611 674
f 611 675 674
f 611 612 675
f 612 676 675
f 612 613 676
f 613 677 676
f 613 614 677
f 614 678 677
f 614 615 678
f 615 679 678
f 615 616 679
f 616 680 679
f 616 617 680
f 617 681 680
f 617 618 681
f 618 682 681
f 618 619 682
f 619 683 682
f 619 620 683
f 620 684 683
f 620 621 684
f 621 685 684
f 621 622 685
f 622 686 685
f 622 623 686
f 623 687 686
f 623 624 687
f 624 688 687
f 624 625 688
f 625 689 688
f 625 626 689
f 626 690 689
f 626 627 690
f 627 691 690
f 627 628 691
f 628 692 691
f 628 629 692
f 629 693 692
f 629 630 693
f 630 694 693
f 630 631 694
f 631 695 694
f 631 632 695
f 632 696 695
f 632 633 696
f 633 697 696
f 633 634 697
f 634 698 697
f 634 635 698
f 635 699 698
f 635 636 699
f 636 700 699
f 636 637 700
f 637 701 700
f 637 638 701
f 638 702 701
f 638 639 702
f 639 703 702
f 639 640 703
f 640 704 703
f 640 577 704
f 577 641 704
f 641 642 705
f 642 706 705
f 642 643 706
f 643 707 706
f 643 644 707
f 644 708 707
f 644 645 708
f 645 709 708
f 645 646 709
f 646 710 709
f 646 647 710
f 647 711 710
f 647 648 711
f 648 712 711
f 648 649 712
f 649 713 712
f 649 650 713
f 650 714 713
f 650 651 714
f 651 715 714
f 651 652 715
f 652 716 715
f 652 653 716
f 653 717 716
f 653 654 717
f 654 718 717
f 654 655 718
f 655 719 718
f 655 656 719
f 656 720 719
f 656 657 720
f 657 721 720
f 657 658 721
f 658 722 721
f 658 659 722
f 659 723 722
f 659 660 723
f 660 724 723
f 660 661 724
f 661 725 724
f 661 662 725
f 662 726 725
f 662 663 726
f 663 727 726
f 663 664 727
f 664 728 727
f 664 665 728
f 665 729 728
f 665 666 729
f 666 730 729
f 666 667 730
f 667 731 730
f 667 668 731
f 668 732 731
f 668 669 732
f 669 733 732
f 669 670 733
f 670 734 733
f 670 671 734
f 671 735 734
f 671 672 735
f 672 736 735
f 672 673 736
f 673 737 736
f 673 674 737
f 674 738 737
f 674 675 738
f 675 739 738
f 675 676 739
f 676 740 739
f 676 677 740
f 677 741 740
f 677 678 741
f 678 742 741
f 678 679 742
f 679 743 742
f 679 680 743
f 680 744 743
f 680 681 744
f 681 745 744
f 681 682 745
f 682 746 745
f 682 683 746
f 683 747 746
f 683 684 747
f 684 748 747
f 684 685 748
f 685 749 748
f 685 686 749
f 686 750 749
f 686 687 750
f 687 751 750
f 687 688 751
f 688 752 751
f 688 689 752
f 689 753 752
f 689 690 753
f 690 754 753
f 690 691 754
f 691 755 754
f 691 692 755
f 692 756 755
f 692 693 756
f 693 757 756
f 693 694 757
f 694 758 757
f 694 695 758
f 695 759 758
f 695 696 759
f 696 760 759
f 696 697 760
f 697 761 760
f 697 698 761
f 698 762 761
f 698 699 762
f 699 763 762
f 699 700 763
f 700 764 763
f 700 701 764
f 701 765 764
f 701 702 765
f 702 766 765
f 702 703 766
f 703 767 766
f 703 704 767
f 704 768 767
f 704 641 768
f 641 705 768
f 705 706 769
f 706 770 769
f 706 707 770
f 707 771 770
f 707 708 771
f 708 772 771
f 708 709 772
f 709 773 772
f 709 710 773
f 710 774 773
f 710 711 774
f 711 775 774
f 711 712 775
f 712 776 775
f 712 713 776
f 713 777 776
f 713 714 777
f 714 778 777
f 714 715 778
f 715 779 778
f 715 716 779
f 716 780 779
f 716 717 780
f 717 781 780
f 717 718 781
f 718 782 781
f 718 719 782
f 719 783 782
f 719 720 783
f 720 784 783
f 720 721 784
f 721 785 784
f 721 722 785
f 722 786 785
f 722 723 786
f 723 787 786
f 723 724 787
f 724 788 787
f 724 725 788
f 725 789 788
f 725 726 789
f 726 790 789
f 726 727 790
f 727 791 790
f 727 728 791
f 728 792 791
f 728 729 792
f 729 793 792
f 729 730 793
f 730 794 793
f 730 731 794
f 731 795 794
f 731 732 795
f 732 796 795
f 732 733 796
f 733 797 796
f 733 734 797
f 734 798 797
f 734 735 798
f 735 799 798
f 735 736 799
f 736 800 799
f 736 737 800
f 737 801 800
f 737 738 801
f 738 802 801
f 738 739 802
f 739 803 802
f 739 740 803
f 740 804 803
f 740 741 804
f 741 805 804
f 741 742 805
f 742 806 805
f 742 743 806
f 743 807 806
f 743 744 807
f 744 808 807
f 744 745 808
f 745 809 808
f 745 746 809
f 746 810 809
f 746 747 810
f 747 811 810
f 747 748 811
f 748 812 811
f 748 749 812
f 749 813 812
f 749 750 813
f 750 814 813
f 750 751 814
f 751 815 814
f 751 752 815
f 752 816 815
f 752 753 816
f 753 817 816
f 753 754 817
f 754 818 817
f 754 755 818
f 755 819 818
f 755 756 819
f 756 820 819
f 756 757 820
f 757 821 820
f 757 758 821
f 758 822 821
f 758 759 822
f 759 823 822
f 759 760 823
f 760 824 823
f 760 761 824
f 761 825 824
f 761 762 825
f 762 826 825
f 762 763 826
f 763 827 826
f 763 764 827
f 764 828 827
f 764 765 828
f 765 829 828
f 765 766 829
f 766 830 829
f 766 767 830
f 767 831 830
f 767 768 831
f 768 832 831
f 768 705 832
f 705 769 832
f 769 770 833
f 770 834 833
f 770 771 834
f 771 835 834
f 771 772 835
f 772 836 835
f 772 773 836
f 773 837 836
f 773 774 837
f 774 838 837
f 774 775 838
f 775 839 838
f 775 776 839
f 776 840 839
f 776 777 840
f 777 841 840
f 777 778 841
f 778 842 841
f 778 779 842
f 779 843 842
f 779 780 843
f 780 844 843
f 780 781 844
f 781 845 844
f 781 782 845
f 782 846 845
f 782 783 846
f 783 847 846
f 783 784 847
f 784 848 847
f 784 785 848
f 785 849 848
f 785 786 849
f 786 850 849
f 786 787 850
f 787 851 850
f 787 788 851
f 788 852 851
f 788 789 852
f 789 853 852
f 789 790 853
f 790 854 853
f 790 791 854
f 791 855 854
f 791 792 855
f 792 856 855
f 792 793 856
f 793 857 856
f 793 794 857
f 794 858 857
f 794 795 858
f 795 859 858
f 795 796 859
f 796 860 859
f 796 797 860
f 797 861 860
f 797 798 861
f 798 862 861
f 798 799 862
f 799 863 862
f 799 800 863
f 800 864 863
f 800 801 864
f 801 865 864
f 801 802 865
f 802 866 865
f 802 803 866
f 803 867 866
f 803 804 867
f 804 868 867
f 804 805 868
f 805 869 868
f 805 806 869
f 806 870 869
f 806 807 870
f 807 871 870
f 807 808 871
f 808 872 871
f 808 809 872
f 809 873 872
f 809 810 873
f 810 874 873
f 810 811 874
f 811 875 874
f 811 812 875
f 812 876 875
f 812 813 876
f 813 877 876
f 813 814 877
f 814 878 877
f 814 815 878
f 815 879 878
f 815 816 879
f 816 880 879
f 816 817 880
f 817 881 880
f 817 818 881
f 818 882 881
f 818 819 882
f 819 883 882
f 819 820 883
f 820 884 883
f 820 821 884
f 821 885 884
f 821 822 885
f 822 886 885
f 822 823 886
f 823 887 886
f 823 824 887
f 824 888 887
f 824 825 888
f 825 889 888
f 825 826 889
f 826 890 889
f 826 827 890
f 827 891 890
f 827 828 891
f 828 892 891
f 828 829 892
f 829 893 892
f 829 830 893
f 830 894 893
f 830 831 894
f 831 895 894
f 831 832 895
f 832 896 895
f 832 769 896
f 769 833 896
f 833 834 897
f 834 898 897
f 834 835 898
f 835 899 898
f 835 836 899
f 836 900 899
f 836 837 900
f 837 901 900
f 837 838 901
f 838 902 901
f 838 839 902
f 839 903 902
f 839 840 903
f 840 904 903
f 840 841 904
f 841 905 904
f 841 842 905
f 842 906 905
f 842 843 906
f 843 907 906
f 843 844 907
f 844 908 907
f 844 845 908
f 845 909 908
f 845 846 909
f 846 910 909
f 846 847 910
f 847 911 910
f 847 848 911
f 848 912 911
f 848 849 912
f 849 913 912
f 849 850 913
f 850 914 913
f 850 851 914
f 851 915 914
f 851 852 915
f 852 916 915
f 852 853 916
f 853 917 916
f 853 854 917
f 854 918 917
f 854 855 918
f 855 919 918
f 855 856 919
f 856 920 919
f 856 857 920
f 857 921 920
f 857 858 921
f 858 922 921
f 858 859 922
f 859 923 922
f 859 860 923
f 860 924 923
f 860 861 924
f 861 925 924
f 861 862 925
f 862 926 925
f 862 863 926
f 863 927 926
f 863 864 927
f 864 928 927
f 864 865 928
f 865 929 928
f 865 866 929
f 866 930 929
f 866 867 930
f 867 931 930
f 867 868 931
f 868 932 931
f 868 869 932
f 869 933 932
f 869 870 933
f 870 934 933
f 870 871 934
f 871 935 934
f 871 872 935
f 872 936 935
f 872 873 936
f 873 937 936
f 873 874 937
f 874 938 937
f 874 875 938
f 875 939 938
f 875 876 939
f 876 940 939
f 876 877 940
f 877 941 940
f 877 878 941
f 878 942 941
f 878 879 942
f 879 943 942
f 879 880 943
f 880 944 943
f 880 881 944
f 881 945 944
f 881 882 945
f 882 946 945
f 882 883 946
f 883 947 946
f 883 884 947
f 884 948 947
f 884 885 948
f 885 949 948
f 885 886 949
f 886 950 949
f 886 887 950
f 887 951 950
f 887 888 951
f 888 952 951
f 888 889 952
f 889 953 952
f 889 890 953
f 890 954 953
f 890 891 954
f 891 955 954
f 891 892 955
f 892 956 955
f 892 893 956
f 893 957 956
f 893 894 957
f 894 958 957
f 894 895 958
f 895 959 958
f 895 896 959
f 896 960 959
f 896 833 960
f 833 897 960
f 897 898 961
f 898 962 961
f 898 899 962
f 899 963 962
f 899 900 963
f 900 964 963
f 900 901 964
f 901 965 964
f 901 902 965
f 902 966 965
f 902 903 966
f 903 967 966
f 903 904 967
f 904 968 967
f 904 905 968
f 905 969 968
f 905 906 969
f 906 970 969
f 906 907 970
f 907 971 970
f 907 908 971
f 908 972 971
f 908 909 972
f 909 973 972
f 909 910 973
f 910 974 973
f 910 911 974
f 911 975 974
f 911 912 975
f 912 976 975
f 912 913 976
f 913 977 976
f 913 914 977
f 914 978 977
f 914 915 978
f 915 979 978
f 915 916 979
f 916 980 979
f 916 917 980
f 917 981 980
f 917 918 981
f 918 982 981
f 918 919 982
f 919 983 982
f 919 920 983
f 920 984 983
f 920 921 984
f 921 985 984
f 921 922 985
f 922 986 985
f 922 923 986
f 923 987 986
f 923 924 987
f 924 988 987
f 924 925 988
f 925 989 988
f 925 926 989
f 926 990 989
f 926 927 990
f 927 991 990
f 927 928 991
f 928 992 991
f 928 929 992
f 929 993 992
f 929 930 993
f 930 994 993
f 930 931 994
f 931 995 994
f 931 932 995
f 932 996 995
f 932 933 996
f 933 997 996
f 933 934 997
f 934 998 997
f 934 935 998
f 935 999 998
f 935 936 999
f 936 1000 999
f 936 937 1000
f 937 1001 1000
f 937 938 1001
f 938 1002 1001
f 938 939 1002
f 939 1003 1002
f 939 940 1003
f 940 1004 1003
f 940 941 1004
f 941 1005 1004
f 941 942 1005
f 942 1006 1005
f 942 943 1006
f 943 1007 1006
f 943 944 1007
f 944 1008 1007
f 944 945 1008
f 945 1009 1008
f 945 946 1009
f 946 1010 1009
f 946 947 1010
f 947 1011 1010
f 947 948 1011
f 948 1012 1011
f 948 949 1012
f 949 1013 1012
f 949 950 1013
f 950 1014 1013
f 950 951 1014
f 951 1015 1014
f 951 952 1015
f 952 1016 1015
f 952 953 1016
f 953 1017 1016
f 953 954 1017
f 954 1018 1017
f 954 955 1018
f 955 1019 1018
f 955 956 1019
f 956 1020 1019
f 956 957 1020
f 957 1021 1020
f 957 958 1021
f 958 1022 1021
f 958 959 1022
f 959 1023 1022
f 959 960 1023
f 960 1024 1023
f 960 897 1024
f 897 961 1024
f 961 962 1025
f 962 1026 1025
f 962 963 1026
f 963 1027 1026
f 963 964 1027
f 964 1028 1027
f 964 965 1028
f 965 1029 1028
f 965 966 1029
f 966 1030 1029
f 966 967 1030
f 967 1031 1030
f 967 968 1031
f 968 1032 1031
f 968 969 1032
f 969 1033 1032
f 969 970 1033
f 970 1034 1033
f 970 971 1034
f 971 1035 1034
f 971 972 1035
f 972 1036 1035
f 972 973 1036
f 973 1037 1036
f 973 974 1037
f 974 1038 1037
f 974 975 1038
f 975 1039 1038
f 975 976 1039
f 976 1040 1039
f 976 977 1040
f 977 1041 1040
f 977 978 1041
f 978 1042 1041
f 978 979 1042
f 979 1043 1042
f 979 980 1043
f 980 1044 1043
f 980 981 1044
f 981 1045 1044
f 981 982 1045
f 982 1046 1045
f 982 983 1046
f 983 1047 1046
f 983 984 1047
f 984 1048 1047
f 984 985 1048
f 985 1049 1048
f 985 986 1049
f 986 1050 1049
f 986 987 1050
f 987 1051 1050
f 987 988 1051
f 988 1052 1051
f 988 989 1052
f 989 1053 1052
f 989 990 1053
f 990 1054 1053
f 990 991 1054
f 991 1055 1054
f 991 992 1055
f 992 1056 1055
f 992 993 1056
f 993 1057 1056
f 993 994 1057
f 994 1058 1057
f 994 995 1058
f 995 1059 1058
f 995 996 1059
f 996 1060 1059
f 996 997 1060
f 997 1061 1060
f 997 998 1061
f 998 1062 1061
f 998 999 1062
f 999 1063 1062
f 999 1000 1063
f 1000 1064 1063
f 1000 1001 1064
f 1001 1065 1064
f 1001 1002 1065
f 1002 1066 1065
f 1002 1003 1066
f 1003 1067 1066
f 1003 1004 1067
f 1004 1068 1067
f 1004 1005 1068
f 1005 1069 1068
f 1005 1006 1069
f 1006 1070 1069
f 1006 1007 1070
f 1007 1071 1070
f 1007 1008 1071
f 1008 1072 1071
f 1008 1009 1072
f 1009 1073 1072
f 1009 1010 1073
f 1010 1074 1073
f 1010 1011 1074
f 1011 1075 1074
f 1011 1012 1075
f 1012 1076 1075
f 1012 1013 1076
f 1013 1077 1076
f 1013 1014 1077
f 1014 1078 1077
f 1014 1015 1078
f 1015 1079 1078
f 1015 1016 1079
f 1016 1080 1079
f 1016 1017 1080
f 1017 1081 1080
f 1017 1018 1081
f 1018 1082 1081
f 1018 1019 1082
f 1019 1083 1082
f 1019 1020 1083
f 1020 1084 1083
f 1020 1021 1084
f 1021 1085 1084
f 1021 1022 1085
f 1022 1086 1085
f 1022 1023 1086
f 1023 1087 1086
f 1023 1024 1087
f 1024 1088 1087
f 1024 961 1088
f 961 1025 1088
f 1025 1026 1089
f 1026 1090 1089
f 1026 1027 1090
f 1027 1091 1090
f 1027 1028 1091
f 1028 1092 1091
f 1028 1029 1092
f 1029 1093 1092
f 1029 1030 1093
f 1030 1094 1093
f 1030 1031 1094
f 1031 1095 1094
f 1031 1032 1095
f 1032 1096 1095
f 1032 1033 1096
f 1033 1097 1096
f 1033 1034 1097
f 1034 1098 1097
f 1034 1035 1098
f 1035 1099 1098
f 1035 1036 1099
f 1036 1100 1099
f 1036 1037 1100
f 1037 1101 1100
f 1037 1038 1101
f 1038 1102 1101
f 1038 1039 1102
f 1039 1103 1102
f 1039 1040 1103
f 1040 1104 1103
f 1040 1041 1104
f 1041 1105 1104
f 1041 1042 1105
f 1042 1106 1105
f 1042 1043 1106
f 1043 1107 1106
f 1043 1044 1107
f 1044 1108 1107
f 1044 1045 1108
f 1045 1109 1108
f 1045 1046 1109
f 1046 1110 1109
f 1046 1047 1110
f 1047 1111 1110
f 1047 1048 1111
f 1048 1112 1111
f 1048 1049 1112
f 1049 1113 1112
f 1049 1050 1113
f 1050 1114 1113
f 1050 1051 1114
f 1051 1115 1114
f 1051 1052 1115
f 1052 1116 1115
f 1052 1053 1116
f 1053 1117 1116
f 1053 1054 1117
f 1054 1118 1117
f 1054 1055 1118
f 1055 1119 1118
f 1055 1056 1119
f 1056 1120 1119
f 1056 1057 1120
f 1057 1121 1120
f 1057 1058 1121
f 1058 1122 1121
f 1058 1059 1122
f 1059 1123 1122
f 1059 1060 1123
f 1060 1124 1123
f 1060 1061 1124
f 1061 1125 1124
f 1061 1062 1125
f 1062 1126 1125
f 1062 1063 1126
f 1063 1127 1126
f 1063 1064 1127
f 1064 1128 1127
f 1064 1065 1128
f 1065 1129 1128
f 1065 1066 1129
f 1066 1130 1129
f 1066 1067 1130
f 1067 1131 1130
f 1067 1068 1131
f 1068 1132 1131
f 1068 1069 1132
f 1069 1133 1132
f 1069 1070 1133
f 1070 1134 1133
f 1070 1071 1134
f 1071 1135 1134
f 1071 1072 1135
f 1072 1136 1135
f 1072 1073 1136
f 1073 1137 1136
f 1073 1074 1137
f 1074 1138 1137
f 1074 1075 1138
f 1075 1139 1138
f 1075 1076 1139
f 1076 1140 1139
f 1076 1077 1140
f 1077 1141 1140
f 1077 1078 1141
f 1078 1142 1141
f 1078 1079 1142
f 1079 1143 1142
f 1079 1080 1143
f 1080 1144 1143
f 1080 1081 1144
f 1081 1145 1144
f 1081 1082 1145
f 1082 1146 1145
f 1082 1083 1146
f 1083 1147 1146
f 1083 1084 1147
f 1084 1148 1147
f 1084 1085 1148
f 1085 1149 1148
f 1085 1086 1149
f 1086 1150 1149
f 1086 1087 1150
f 1087 1151 1150
f 1087 1088 1151
f 1088 1152 1151
f 1088 1025 1152
f 1025 1089 1152
f 1089 1090 1153
f 1090 1154 1153
f 1090 1091 1154
f 1091 1155 1154
f 1091 1092 1155
f 1092 1156 1155
f 1092 1093 1156
f 1093 1157 1156
f 1093 1094 1157
f 1094 1158 1157
f 1094 1095 1158
f 1095 1159 1158
f 1095 1096 1159
f 1096 1160 1159
f 1096 1097 1160
f 1097 1161 1160
f 1097 1098 1161
f 1098 1162 1161
f 1098 1099 1162
f 1099 1163 1162
f 1099 1100 1163
f 1100 1164 1163
f 1100 1101 1164
f 1101 1165 1164
f 1101 1102 1165
f 1102 1166 1165
f 1102 1103 1166
f 1103 1167 1166
f 1103 1104 1167
f 1104 1168 1167
f 1104 1105 1168
f 1105 1169 1168
f 1105 1106 1169
f 1106 1170 1169
f 1106 1107 1170
f 1107 1171 1170
f 1107 1108 1171
f 1108 1172 1171
f 1108 1109 1172
f 1109 1173 1172
f 1109 1110 1173
f 1110 1174 1173
f 1110 1111 1174
f 1111 1175 1174
f 1111 1112 1175
f 1112 1176 1175
f 1112 1113 1176
f 1113 1177 1176
f 1113 1114 1177
f 1114 1178 1177
f 1114 1115 1178
f 1115 1179 1178
f 1115 1116 1179
f 1116 1180 1179
f 1116 1117 1180
f 1117 1181 1180
f 1117 1118 1181
f 1118 1182 1181
f 1118 1119 1182
f 1119 1183 1182
f 1119 1120 1183
f 1120 1184 1183
f 1120 1121 1184
f 1121 1185 1184
f 1121 1122 1185
f 1122 1186 1185
f 1122 1123 1186
f 1123 1187 1186
f 1123 1124 1187
f 1124 1188 1187
f 1124 1125 1188
f 1125 1189 1188
f 1125 1126 1189
f 1126 1190 1189
f 1126 1127 1190
f 1127 1191 1190
f 1127 1128 1191
f 1128 1192 1191
f 1128 1129 1192
f 1129 1193 1192
f 1129 1130 1193
f 1130 1194 1193
f 1130 1131 1194
f 1131 1195 1194
f 1131 1132 1195
f 1132 1196 1195
f 1132 1133 1196
f 1133 1197 1196
f 1133 1134 1197
f 1134 1198 1197
f 1134 1135 1198
f 1135 1199 1198
f 1135 1136 1199
f 1136 1200 1199
f 1136 1137 1200
f 1137 1201 1200
f 1137 1138 1201
f 1138 1202 1201
f 1138 1139 1202
f 1139 1203 1202
f 1139 1140 1203
f 1140 1204 1203
f 1140 1141 1204
f 1141 1205 1204
f 1141 1142 1205
f 1142 1206 1205
f 1142 1143 1206
f 1143 1207 1206
f 1143 1144 1207
f 1144 1208 1207
f 1144 1145 1208
f 1145 1209 1208
f 1145 1146 1209
f 1146 1210 1209
f 1146 1147 1210
f 1147 1211 1210
f 1147 1148 1211
f 1148 1212 1211
f 1148 1149 1212
f 1149 1213 1212
f 1149 1150 1213
f 1150 1214 1213
f 1150 1151 1214
f 1151 1215 1214
f 1151 1152 1215
f 1152 1216 1215
f 1152 1089 1216
f 1089 1153 1216
f 1153 1154 1217
f 1154 1218 1217
f 1154 1155 1218
f 1155 1219 1218
f 1155 1156 1219
f 1156 1220 1219
f 1156 1157 1220
f 1157 1221 1220
f 1157 1158 1221
f 1158 1222 1221
f 1158 1159 1222
f 1159 1223 1222
f 1159 1160 1223
f 1160 1224 1223
f 1160 1161 1224
f 1161 1225 1224
f 1161 1162 1225
f 1162 1226 1225
f 1162 1163 1226
f 1163 1227 1226
f 1163 1164 1227
f 1164 1228 1227
f 1164 1165 1228
f 1165 1229 1228
f 1165 1166 1229
f 1166 1230 1229
f 1166 1167 1230
f 1167 1231 1230
f 1167 1168 1231
f 1168 1232 1231
f 1168 1169 1232
f 1169 1233 1232
f 1169 1170 1233
f 1170 1234 1233
f 1170 1171 1234
f 1171 1235 1234
f 1171 1172 1235
f 1172 1236 1235
f 1172 1173 1236
f 1173 1237 1236
f 1173 1174 1237
f 1174 1238 1237
f 1174 1175 1238
f 1175 1239 1238
f 1175 1176 1239
f 1176 1240 1239
f 1176 1177 1240
f 1177 1241 1240
f 1177 1178 1241
f 1178 1242 1241
f 1178 1179 1242
f 1179 1243 1242
f 1179 1180 1243
f 1180 1244 1243
f 1180 1181 1244
f 1181 1245 1244
f 1181 1182 1245
f 1182 1246 1245
f 1182 1183 1246
f 1183 1247 1246
f 1183 1184 1247
f 1184 1248 1247
f 1184 1185 1248
f 1185 1249 1248
f 1185 1186 1249
f 1186 1250 1249
f 1186 1187 1250
f 1187 1251 1250
f 1187 1188 1251
f 1188 1252 1251
f 1188 1189 1252
f 1189 1253 1252
f 1189 1190 1253
f 1190 1254 1253
f 1190 1191 1254
f 1191 1255 1254
f 1191 1192 1255
f 1192 1256 1255
f 1192 1193 1256
f 1193 1257 1256
f 1193 1194 1257
f 1194 1258 1257
f 1194 1195 1258
f 1195 1259 1258
f 1195 1196 1259
f 1196 1260 1259
f 1196 1197 1260
f 1197 1261 1260
f 1197 1198 1261
f 1198 1262 1261
f 1198 1199 1262
f 1199 1263 1262
f 1199 1200 1263
f 1200 1264 1263
f 1200 1201 1264
f 1201 1265 1264
f 1201 1202 1265
f 1202 1266 1265
f 1202 1203 1266
f 1203 1267 1266
f 1203 1204 1267
f 1204 1268 1267
f 1204 1205 1268
f 1205 1269 1268
f 1205 1206 1269
f 1206 1270 1269
f 1206 1207 1270
f 1207 1271 1270
f 1207 1208 1271
f 1208 1272 1271
f 1208 1209 1272
f 1209 1273 1272
f 1209 1210 1273
f 1210 1274 1273
f 1210 1211 1274
f 1211 1275 1274
f 1211 1212 1275
f 1212 1276 1275
f 1212 1213 1276
f 1213 1277 1276
f 1213 1214 1277
f 1214 1278 1277
f 1214 1215 1278
f 1215 1279 1278
f 1215 1216 1279
f 1216 1280 1279
f 1216 1153 1280
f 1153 1217 1280
f 1217 1218 1281
f 1218 1282 1281
f 1218 1219 1282
f 1219 1283 1282
f 1219 1220 1283
f 1220 1284 1283
f 1220 1221 1284
f 1221 1285 1284
f 1221 1222 1285
f 1222 1286 1285
f 1222 1223 1286
f 1223 1287 1286
f 1223 1224 1287
f 1224 1288 1287
f 1224 1225 1288
f 1225 1289 1288
f 1225 1226 1289
f 1226 1290 1289
f 1226 1227 1290
f 1227 1291 1290
f 1227 1228 1291
f 1228 1292 1291
f 1228 1229 1292
f 1229 1293 1292
f 1229 1230 1293
f 1230 1294 1293
f 1230 1231 1294
f 1231 1295 1294
f 1231 1232 1295
f 1232 1296 1295
f 1232 1233 1296
f 1233 1297 1296
f 1233 1234 1297
f 1234 1298 1297
f 1234 1235 1298
f 1235 1299 1298
f 1235 1236 1299
f 1236 1300 1299
f 1236 1237 1300
f 1237 1301 1300
f 1237 1238 1301
f 1238 1302 1301
f 1238 1239 1302
f 1239 1303 1302
f 1239 1240 1303
f 1240 1304 1303
f 1240 1241 1304
f 1241 1305 1304
f 1241 1242 1305
f 1242 1306 1305
f 1242 1243 1306
f 1243 1307 1306
f 1243 1244 1307
f 1244 1308 1307
f 1244 1245 1308
f 1245 1309 1308
f 1245 1246 1309
f 1246 1310 1309
f 1246 1247 1310
f 1247 1311 1310
f 1247 1248 1311
f 1248 1312 1311
f 1248 1249 1312
f 1249 1313 1312
f 1249 1250 1313
f 1250 1314 1313
f 1250 1251 1314
f 1251 1315 1314
f 1251 1252 1315
f 1252 1316 1315
f 1252 1253 1316
f 1253 1317 1316
f 1253 1254 1317
f 1254 1318 1317
f 1254 1255 1318
f 1255 1319 1318
f 1255 1256 1319
f 1256 1320 1319
f 1256 1257 1320
f 1257 1321 1320
f 1257 1258 1321
f 1258 1322 1321
f 1258 1259 1322
f 1259 1323 1322
f 1259 1260 1323
f 1260 1324 1323
f 1260 1261 1324
f 1261 1325 1324
f 1261 1262 1325
f 1262 1326 1325
f 1262 1263 1326
f 1263 1327 1326
f 1263 1264 1327
f 1264 1328 1327
f 1264 1265 1328
f 1265 1329 1328
f 1265 1266 1329
f 1266 1330 1329
f 1266 1267 1330
f 1267 1331 1330
f 1267 1268 1331
f 1268 1332 1331
f 1268 1269 1332
f 1269 1333 1332
f 1269 1270 1333
f 1270 1334 1333
f 1270 1271 1334
f 1271 1335 1334
f 1271 1272 1335
f 1272 1336 1335
f 1272 1273 1336
f 1273 1337 1336
f 1273 1274 1337
f 1274 1338 1337
f 1274 1275 1338
f 1275 1339 1338
f 1275 1276 1339
f 1276 1340 1339
f 1276 1277 1340
f 1277 1341 1340
f 1277 1278 1341
f 1278 1342 1341
f 1278 1279 1342
f 1279 1343 1342
f 1279 1280 1343
f 1280 1344 1343
f 1280 1217 1344
f 1217 1281 1344
f 1281 1282 1345
f 1282 1346 1345
f 1282 1283 1346
f 1283 1347 1346
f 1283 1284 1347
f 1284 1348 1347
f 1284 1285 1348
f 1285 1349 1348
f 1285 1286 1349
f 1286 1350 1349
f 1286 1287 1350
f 1287 1351 1350
f 1287 1288 1351
f 1288 1352 1351
f 1288 1289 1352
f 1289 1353 1352
f 1289 1290 1353
f 1290 1354 1353
f 1290 1291 1354
f 1291 1355 1354
f 1291 1292 1355
f 1292 1356 1355
f 1292 1293 1356
f 1293 1357 1356
f 1293 1294 1357
f 1294 1358 1357
f 1294 1295 1358
f 1295 1359 1358
f 1295 1296 1359
f 1296 1360 1359
f 1296 1297 1360
f 1297 1361 1360
f 1297 1298 1361
f 1298 1362 1361
f 1298 1299 1362
f 1299 1363 1362
f 1299 1300 1363
f 1300 1364 1363
f 1300 1301 1364
f 1301 1365 1364
f 1301 1302 1365
f 1302 1366 1365
f 1302 1303 1366
f 1303 1367 1366
f 1303 1304 1367
f 1304 1368 1367
f 1304 1305 1368
f 1305 1369 1368
f 1305 1306 1369
f 1306 1370 1369
f 1306 1307 1370
f 1307 1371 1370
f 1307 1308 1371
f 1308 1372 1371
f 1308 1309 1372
f 1309 1373 1372
f 1309 1310 1373
f 1310 1374 1373
f 1310 1311 1374
f 1311 1375 1374
f 1311 1312 1375
f 1312 1376 1375
f 1312 1313 1376
f 1313 1377 1376
f 1313 1314 1377
f 1314 1378 1377
f 1314 1315 1378
f 1315 1379 1378
f 1315 1316 1379
f 1316 1380 1379
f 1316 1317 1380
f 1317 1381 1380
f 1317 1318 1381
f 1318 1382 1381
f 1318 1319 1382
f 1319 1383 1382
f 1319 1320 1383
f 1320 1384 1383
f 1320 1321 1384
f 1321 1385 1384
f 1321 1322 1385
f 1322 1386 1385
f 1322 1323 1386
f 1323 1387 1386
f 1323 1324 1387
f 1324 1388 1387
f 1324 1325 1388
f 1325 1389 1388
f 1325 1326 1389
f 1326 1390 1389
f 1326 1327 1390
f 1327 1391 1390
f 1327 1328 1391
f 1328 1392 1391
f 1328 1329 1392
f 1329 1393 1392
f 1329 1330 1393
f 1330 1394 1393
f 1330 1331 1394
f 1331 1395 1394
f 1331 1332 1395
f 1332 1396 1395
f 1332 1333 1396
f 1333 1397 1396
f 1333 1334 1397
f 1334 1398 1397
f 1334 1335 1398
f 1335 1399 1398
f 1335 1336 1399
f 1336 1400 1399
f 1336 1337 1400
f 1337 1401 1400
f 1337 1338 1401
f 1338 1402 1401
f 1338 1339 1402
f 1339 1403 1402
f 1339 1340 1403
f 1340 1404 1403
f 1340 1341 1404
f 1341 1405 1404
f 1341 1342 1405
f 1342 1406 1405
f 1342 1343 1406
f 1343 1407 1406
f 1343 1344 1407
f 1344 1408 1407
f 1344 1281 1408
f 1281 1345 1408
f 1345 1346 1409
f 1346 1410 1409
f 1346 1347 1410
f 1347 1411 1410
f 1347 1348 1411
f 1348 1412 1411
f 1348 1349 1412
f 1349 1413 1412
f 1349 1350 1413
f 1350 1414 1413
f 1350 1351 1414
f 1351 1415 1414
f 1351 1352 1415
f 1352 1416 1415
f 1352 1353 1416
f 1353 1417 1416
f 1353 1354 1417
f 1354 1418 1417
f 1354 1355 1418
f 1355 1419 1418
f 1355 1356 1419
f 1356 1420 1419
f 1356 1357 1420
f 1357 1421 1420
f 1357 1358 1421
f 1358 1422 1421
f 1358 1359 1422
f 1359 1423 1422
f 1359 1360 1423
f 1360 1424 1423
f 1360 1361 1424
f 1361 1425 1424
f 1361 1362 1425
f 1362 1426 1425
f 1362 1363 1426
f 1363 1427 1426
f 1363 1364 1427
f 1364 1428 1427
f 1364 1365 1428
f 1365 1429 1428
f 1365 1366 1429
f 1366 1430 1429
f 1366 1367 1430
f 1367 1431 1430
f 1367 1368 1431
f 1368 1432 1431
f 1368 1369 1432
f 1369 1433 1432
f 1369 1370 1433
f 1370 1434 1433
f 1370 1371 1434
f 1371 1435 1434
f 1371 1372 1435
f 1372 1436 1435
f 1372 1373 1436
f 1373 1437 1436
f 1373 1374 1437
f 1374 1438 1437
f 1374 1375 1438
f 1375 1439 1438
f 1375 1376 1439
f 1376 1440 1439
f 1376 1377 1440
f 1377 1441 1440
f 1377 1378 1441
f 1378 1442 1441
f 1378 1379 1442
f 1379 1443 1442
f 1379 1380 1443
f 1380 1444 1443
f 1380 1381 1444
f 1381 1445 1444
f 1381 1382 1445
f 1382 1446 1445
f 1382 1383 1446
f 1383 1447 1446
f 1383 1384 1447
f 1384 1448 1447
f 1384 1385 1448
f 1385 1449 1448
f 1385 1386 1449
f 1386 1450 1449
f 1386 1387 1450
f 1387 1451 1450
f 1387 1388 1451
f 1388 1452 1451
f 1388 1389 1452
f 1389 1453 1452
f 1389 1390 1453
f 1390 1454 1453
f 1390 1391 1454
f 1391 1455 1454
f 1391 1392 1455
f 1392 1456 1455
f 1392 1393 1456
f 1393 1457 1456
f 1393 1394 1457
f 1394 1458 1457
f 1394 1395 1458
f 1395 1459 1458
f 1395 1396 1459
f 1396 1460 1459
f 1396 1397 1460
f 1397 1461 1460
f 1397 1398 1461
f 1398 1462 1461
f 1398 1399 1462
f 1399 1463 1462
f 1399 1400 1463
f 1400 1464 1463
f 1400 1401 1464
f 1401 1465 1464
f 1401 1402 1465
f 1402 1466 1465
f 1402 1403 1466
f 1403 1467 1466
f 1403 1404 1467
f 1404 1468 1467
f 1404 1405 1468
f 1405 1469 1468
f 1405 1406 1469
f 1406 1470 1469
f 1406 1407 1470
f 1407 1471 1470
f 1407 1408 1471
f 1408 1472 1471
f 1408 1345 1472
f 1345 1409 1472
f 1409 1410 1473
f 1410 1474 1473
f 1410 1411 1474
f 1411 1475 1474
f 1411 1412 1475
f 1412 1476 1475
f 1412 1413 1476
f 1413 1477 1476
f 1413 1414 1477
f 1414 1478 1477
f 1414 1415 1478
f 1415 1479 1478
f 1415 1416 1479
f 1416 1480 1479
f 1416 1417 1480
f 1417 1481 1480
f 1417 1418 1481
f 1418 1482 1481
f 1418 1419 1482
f 1419 1483 1482
f 1419 1420 1483
f 1420 1484 1483
f 1420 1421 1484
f 1421 1485 1484
f 1421 1422 1485
f 1422 1486 1485
f 1422 1423 1486
f 1423 1487 1486
f 1423 1424 1487
f 1424 1488 1487
f 1424 1425 1488
f 1425 1489 1488
f 1425 1426 1489
f 1426 1490 1489
f 1426 1427 1490
f 1427 1491 1490
f 1427 1428 1491
f 1428 1492 1491
f 1428 1429 1492
f 1429 1493 1492
f 1429 1430 1493
f 1430 1494 1493
f 1430 1431 1494
f 1431 1495 1494
f 1431 1432 1495
f 1432 1496 1495
f 1432 1433 1496
f 1433 1497 1496
f 1433 1434 1497
f 1434 1498 1497
f 1434 1435 1498
f 1435 1499 1498
f 1435 1436 1499
f 1436 1500 1499
f 1436 1437 1500
f 1437 1501 1500
f 1437 1438 1501
f 1438 1502 1501
f 1438 1439 1502
f 1439 1503 1502
f 1439 1440 1503
f 1440 1504 1503
f 1440 1441 1504
f 1441 1505 1504
f 1441 1442 1505
f 1442 1506 1505
f 1442 1443 1506
f 1443 1507 1506
f 1443 1444 1507
f 1444 1508 1507
f 1444 1445 1508
f 1445 1509 1508
f 1445 1446 1509
f 1446 1510 1509
f 1446 1447 1510
f 1447 1511 1510
f 1447 1448 1511
f 1448 1512 1511
f 1448 1449 1512
f 1449 1513 1512
f 1449 1450 1513
f 1450 1514 1513
f 1450 1451 1514
f 1451 1515 1514
f 1451 1452 1515
f 1452 1516 1515
f 1452 1453 1516
f 1453 1517 1516
f 1453 1454 1517
f 1454 1518 1517
f 1454 1455 1518
f 1455 1519 1518
f 1455 1456 1519
f 1456 1520 1519
f 1456 1457 1520
f 1457 1521 1520
f 1457 1458 1521
f 1458 1522 1521
f 1458 1459 1522
f 1459 1523 1522
f 1459 1460 1523
f 1460 1524 1523
f 1460 1461 1524
f 1461 1525 1524
f 1461 1462 1525
f 1462 1526 1525
f 1462 1463 1526
f 1463 1527 1526
f 1463 1464 1527
f 1464 1528 1527
f 1464 1465 1528
f 1465 1529 1528
f 1465 1466 1529
f 1466 1530 1529
f 1466 1467 1530
f 1467 1531 1530
f 1467 1468 1531
f 1468 1532 1531
f 1468 1469 1532
f 1469 1533 1532
f 1469 1470 1533
f 1470 1534 1533
f 1470 1471 1534
f 1471 1535 1534
f 1471 1472 1535
f 1472 1536 1535
f 1472 1409 1536
f 1409 1473 1536
f 1473 1474 1537
f 1474 1538 1537
f 1474 1475 1538
f 1475 1539 1538
f 1475 1476 1539
f 1476 1540 1539
f 1476 1477 1540
f 1477 1541 1540
f 1477 1478 1541
f 1478 1542 1541
f 1478 1479 1542
f 1479 1543 1542
f 1479 1480 1543
f 1480 1544 1543
f 1480 1481 1544
f 1481 1545 1544
f 1481 1482 1545
f 1482 1546 1545
f 1482 1483 1546
f 1483 1547 1546
f 1483 1484 1547
f 1484 1548 1547
f 1484 1485 1548
f 1485 1549 1548
f 1485 1486 1549
f 1486 1550 1549
f 1486 1487 1550
f 1487 1551 1550
f 1487 1488 1551
f 1488 1552 1551
f 1488 1489 1552
f 1489 1553 1552
f 1489 1490 1553
f 1490 1554 1553
f 1490 1491 1554
f 1491 1555 1554
f 1491 1492 1555
f 1492 1556 1555
f 1492 1493 1556
f 1493 1557 1556
f 1493 1494 1557
f 1494 1558 1557
f 1494 1495 1558
f 1495 1559 1558
f 1495 1496 1559
f 1496 1560 1559
f 1496 1497 1560
f 1497 1561 1560
f 1497 1498 1561
f 1498 1562 1561
f 1498 1499 1562
f 1499 1563 1562
f 1499 1500 1563
f 1500 1564 1563
f 1500 1501 1564
f 1501 1565 1564
f 1501 1502 1565
f 1502 1566 1565
f 1502 1503 1566
f 1503 1567 1566
f 1503 1504 1567
f 1504 1568 1567
f 1504 1505 1568
f 1505 1569 1568
f 1505 1506 1569
f 1506 1570 1569
f 1506 1507 1570
f 1507 1571 1570
f 1507 1508 1571
f 1508 1572 1571
f 1508 1509 1572
f 1509 1573 1572
f 1509 1510 1573
f 1510 1574 1573
f 1510 1511 1574
f 1511 1575 1574
f 1511 1512 1575
f 1512 1576 1575
f 1512 1513 1576
f 1513 1577 1576
f 1513 1514 1577
f 1514 1578 1577
f 1514 1515 1578
f 1515 1579 1578
f 1515 1516 1579
f 1516 1580 1579
f 1516 1517 1580
f 1517 1581 1580
f 1517 1518 1581
f 1518 1582 1581
f 1518 1519 1582
f 1519 1583 1582
f 1519 1520 1583
f 1520 1584 1583
f 1520 1521 1584
f 1521 1585 1584
f 1521 1522 1585
f 1522 1586 1585
f 1522 1523 1586
f 1523 1587 1586
f 1523 1524 1587
f 1524 1588 1587
f 1524 1525 1588
f 1525 1589 1588
f 1525 1526 1589
f 1526 1590 1589
f 1526 1527 1590
f 1527 1591 1590
f 1527 1528 1591
f 1528 1592 1591
f 1528 1529 1592
f 1529 1593 1592
f 1529 1530 1593
f 1530 1594 1593
f 1530 1531 1594
f 1531 1595 1594
f 1531 1532 1595
f 1532 1596 1595
f 1532 1533 1596
f 1533 1597 1596
f 1533 1534 1597
f 1534 1598 1597
f 1534 1535 1598
f 1535 1599 1598
f 1535 1536 1599
f 1536 1600 1599
f 1536 1473 1600
f 1473 1537 1600
f 1537 1538 1601
f 1538 1602 1601
f 1538 1539 1602
f 1539 1603 1602
f 1539 1540 1603
f 1540 1604 1603
f 1540 1541 1604
f 1541 1605 1604
f 1541 1542 1605
f 1542 1606 1605
f 1542 1543 1606
f 1543 1607 1606
f 1543 1544 1607
f 1544 1608 1607
f 1544 1545 1608
f 1545 1609 1608
f 1545 1546 1609
f 1546 1610 1609
f 1546 1547 1610
f 1547 1611 1610
f 1547 1548 1611
f 1548 1612 1611
f 1548 1549 1612
f 1549 1613 1612
f 1549 1550 1613
f 1550 1614 1613
f 1550 1551 1614
f 1551 1615 1614
f 1551 1552 1615
f 1552 1616 1615
f 1552 1553 1616
f 1553 1617 1616
f 1553 1554 1617
f 1554 1618 1617
f 1554 1555 1618
f 1555 1619 1618
f 1555 1556 1619
f 1556 1620 1619
f 1556 1557 1620
f 1557 1621 1620
f 1557 1558 1621
f 1558 1622 1621
f 1558 1559 1622
f 1559 1623 1622
f 1559 1560 1623
f 1560 1624 1623
f 1560 1561 1624
f 1561 1625 1624
f 1561 1562 1625
f 1562 1626 1625
f 1562 1563 1626
f 1563 1627 1626
f 1563 1564 1627
f 1564 1628 1627
f 1564 1565 1628
f 1565 1629 1628
f 1565 1566 1629
f 1566 1630 1629
f 1566 1567 1630
f 1567 1631 1630
f 1567 1568 1631
f 1568 1632 1631
f 1568 1569 1632
f 1569 1633 1632
f 1569 1570 1633
f 1570 1634 1633
f 1570 1571 1634
f 1571 1635 1634
f 1571 1572 1635
f 1572 1636 1635
f 1572 1573 1636
f 1573 1637 1636
f 1573 1574 1637
f 1574 1638 1637
f 1574 1575 1638
f 1575 1639 1638
f 1575 1576 1639
f 1576 1640 1639
f 1576 1577 1640
f 1577 1641 1640
f 1577 1578 1641
f 1578 1642 1641
f 1578 1579 1642
f 1579 1643 1642
f 1579 1580 1643
f 1580 1644 1643
f 1580 1581 1644
f 1581 1645 1644
f 1581 1582 1645
f 1582 1646 1645
f 1582 1583 1646
f 1583 1647 1646
f 1583 1584 1647
f 1584 1648 1647
f 1584 1585 1648
f 1585 1649 1648
f 1585 1586 1649
f 1586 1650 1649
f 1586 1587 1650
f 1587 1651 1650
f 1587 1588 1651
f 1588 1652 1651
f 1588 1589 1652
f 1589 1653 1652
f 1589 1590 1653
f 1590 1654 1653
f 1590 1591 1654
f 1591 1655 1654
f 1591 1592 1655
f 1592 1656 1655
f 1592 1593 1656
f 1593 1657 1656
f 1593 1594 1657
f 1594 1658 1657
f 1594 1595 1658
f 1595 1659 1658
f 1595 1596 1659
f 1596 1660 1659
f 1596 1597 1660
f 1597 1661 1660
f 1597 1598 1661
f 1598 1662 1661
f 1598 1599 1662
f 1599 1663 1662
f 1599 1600 1663
f 1600 1664 1663
f 1600 1537 1664
f 1537 1601 1664
f 1601 1602 1665
f 1602 1666 1665
f 1602 1603 1666
f 1603 1667 1666
f 1603 1604 1667
f 1604 1668 1667
f 1604 1605 1668
f 1605 1669 1668
f 1605 1606 1669
f 1606 1670 1669
f 1606 1607 1670
f 1607 1671 1670
f 1607 1608 1671
f 1608 1672 1671
f 1608 1609 1672
f 1609 1673 1672
f 1609 1610 1673
f 1610 1674 1673
f 1610 1611 1674
f 1611 1675 1674
f 1611 1612 1675
f 1612 1676 1675
f 1612 1613 1676
f 1613 1677 1676
f 1613 1614 1677
f 1614 1678 1677
f 1614 1615 1678
f 1615 1679 1678
f 1615 1616 1679
f 1616 1680 1679
f 1616 1617 1680
f 1617 1681 1680
f 1617 1618 1681
f 1618 1682 1681
f 1618 1619 1682
f 1619 1683 1682
f 1619 1620 1683
f 1620 1684 1683
f 1620 1621 1684
f 1621 1685 1684
f 1621 1622 1685
f 1622 1686 1685
f 1622 1623 1686
f 1623 1687 1686
f 1623 1624 1687
f 1624 1688 1687
f 1624 1625 1688
f 1625 1689 1688
f 1625 1626 1689
f 1626 1690 1689
f 1626 1627 1690
f 1627 1691 1690
f 1627 1628 1691
f 1628 1692 1691
f 1628 1629 1692
f 1629 1693 1692
f 1629 1630 1693
f 1630 1694 1693
f 1630 1631 1694
f 1631 1695 1694
f 1631 1632 1695
f 1632 1696 1695
f 1632 1633 1696
f 1633 1697 1696
f 1633 1634 1697
f 1634 1698 1697
f 1634 1635 1698
f 1635 1699 1698
f 1635 1636 1699
f 1636 1700 1699
f 1636 1637 1700
f 1637 1701 1700
f 1637 1638 1701
f 1638 1702 1701
f 1638 1639 1702
f 1639 1703 1702
f 1639 1640 1703
f 1640 1704 1703
f 1640 1641 1704
f 1641 1705 1704
f 1641 1642 1705
f 1642 1706 1705
f 1642 1643 1706
f 1643 1707 1706
f 1643 1644 1707
f 1644 1708 1707
f 1644 1645 1708
f 1645 1709 1708
f 1645 1646 1709
f 1646 1710 1709
f 1646 1647 1710
f 1647 1711 1710
f 1647 1648 1711
f 1648 1712 1711
f 1648 1649 1712
f 1649 1713 1712
f 1649 1650 1713
f 1650 1714 1713
f 1650 1651 1714
f 1651 1715 1714
f 1651 1652 1715
f 1652 1716 1715
f 1652 1653 1716
f 1653 1717 1716
f 1653 1654 1717
f 1654 1718 1717
f 1654 1655 1718
f 1655 1719 1718
f 1655 1656 1719
f 1656 1720 1719
f 1656 1657 1720
f 1657 1721 1720
f 1657 1658 1721
f 1658 1722 1721
f 1658 1659 1722
f 1659 1723 1722
f 1659 1660 1723
f 1660 1724 1723
f 1660 1661 1724
f 1661 1725 1724
f 1661 1662 1725
f 1662 1726 1725
f 1662 1663 1726
f 1663 1727 1726
f 1663 1664 1727
f 1664 1728 1727
f 1664 1601 1728
f 1601 1665 1728
f 1665 1666 1729
f 1666 1730 1729
f 1666 1667 1730
f 1667 1731 1730
f 1667 1668 1731
f 1668 1732 1731
f 1668 1669 1732
f 1669 1733 1732
f 1669 1670 1733
f 1670 1734 1733
f 1670 1671 1734
f 1671 1735 1734
f 1671 1672 1735
f 1672 1736 1735
f 1672 1673 1736
f 1673 1737 1736
f 1673 1674 1737
f 1674 1738 1737
f 1674 1675 1738
f 1675 1739 1738
f 1675 1676 1739
f 1676 1740 1739
f 1676 1677 1740
f 1677 1741 1740
f 1677 1678 1741
f 1678 1742 1741
f 1678 1679 1742
f 1679 1743 1742
f 1679 1680 1743
f 1680 1744 1743
f 1680 1681 1744
f 1681 1745 1744
f 1681 1682 1745
f 1682 1746 1745
f 1682 1683 1746
f 1683 1747 1746
f 1683 1684 1747
f 1684 1748 1747
f 1684 1685 1748
f 1685 1749 1748
f 1685 1686 1749
f 1686 1750 1749
f 1686 1687 1750
f 1687 1751 1750
f 1687 1688 1751
f 1688 1752 1751
f 1688 1689 1752
f 1689 1753 1752
f 1689 1690 1753
f 1690 1754 1753
f 1690 1691 1754
f 1691 1755 1754
f 1691 1692 1755
f 1692 1756 1755
f 1692 1693 1756
f 1693 1757 1756
f 1693 1694 1757
f 1694 1758 1757
f 1694 1695 1758
f 1695 1759 1758
f 1695 1696 1759
f 1696 1760 1759
f 1696 1697 1760
f 1697 1761 1760
f 1697 1698 1761
f 1698 1762 1761
f 1698 1699 1762
f 1699 1763 1762
f 1699 1700 1763
f 1700 1764 1763
f 1700 1701 1764
f 1701 1765 1764
f 1701 1702 1765
f 1702 1766 1765
f 1702 1703 1766
f 1703 1767 1766
f 1703 1704 1767
f 1704 1768 1767
f 1704 1705 1768
f 1705 1769 1768
f 1705 1706 1769
f 1706 1770 1769
f 1706 1707 1770
f 1707 1771 1770
f 1707 1708 1771
f 1708 1772 1771
f 1708 1709 1772
f 1709 1773 1772
f 1709 1710 1773
f 1710 1774 1773
f 1710 1711 1774
f 1711 1775 1774
f 1711 1712 1775
f 1712 1776 1775
f 1712 1713 1776
f 1713 1777 1776
f 1713 1714 1777
f 1714 1778 1777
f 1714 1715 1778
f 1715 1779 1778
f 1715 1716 1779
f 1716 1780 1779
f 1716 1717 1780
f 1717 1781 1780
f 1717 1718 1781
f 1718 1782 1781
f 1718 1719 1782
f 1719 1783 1782
f 1719 1720 1783
f 1720 1784 1783
f 1720 1721 1784
f 1721 1785 1784
f 1721 1722 1785
f 1722 1786 1785
f 1722 1723 1786
f 1723 1787 1786
f 1723 1724 1787
f 1724 1788 1787
f 1724 1725 1788
f 1725 1789 1788
f 1725 1726 1789
f 1726 1790 1789
f 1726 1727 1790
f 1727 1791 1790
f 1727 1728 1791
f 1728 1792 1791
f 1728 1665 1792
f 1665 1729 1792
f 1729 1730 1793
f 1730 1794 1793
f 1730 1731 1794
f 1731 1795 1794
f 1731 1732 1795
f 1732 1796 1795
f 1732 1733 1796
f 1733 1797 1796
f 1733 1734 1797
f 1734 1798 1797
f 1734 1735 1798
f 1735 1799 1798
f 1735 1736 1799
f 1736 1800 1799
f 1736 1737 1800
f 1737 1801 1800
f 1737 1738 1801
f 1738 1802 1801
f 1738 1739 1802
f 1739 1803 1802
f 1739 1740 1803
f 1740 1804 1803
f 1740 1741 1804
f 1741 1805 1804
f 1741 1742 1805
f 1742 1806 1805
f 1742 1743 1806
f 1743 1807 1806
f 1743 1744 1807
f 1744 1808 1807
f 1744 1745 1808
f 1745 1809 1808
f 1745 1746 1809
f 1746 1810 1809
f 1746 1747 1810
f 1747 1811 1810
f 1747 1748 1811
f 1748 1812 1811
f 1748 1749 1812
f 1749 1813 1812
f 1749 1750 1813
f 1750 1814 1813
f 1750 1751 1814
f 1751 1815 1814
f 1751 1752 1815
f 1752 1816 1815
f 1752 1753 1816
f 1753 1817 1816
f 1753 1754 1817
f 1754 1818 1817
f 1754 1755 1818
f 1755 1819 1818
f 1755 1756 1819
f 1756 1820 1819
f 1756 1757 1820
f 1757 1821 1820
f 1757 1758 1821
f 1758 1822 1821
f 1758 1759 1822
f 1759 1823 1822
f 1759 1760 1823
f 1760 1824 1823
f 1760 1761 1824
f 1761 1825 1824
f 1761 1762 1825
f 1762 1826 1825
f 1762 1763 1826
f 1763 1827 1826
f 1763 1764 1827
f 1764 1828 1827
f 1764 1765 1828
f 1765 1829 1828
f 1765 1766 1829
f 1766 1830 1829
f 1766 1767 1830
f 1767 1831 1830
f 1767 1768 1831
f 1768 1832 1831
f 1768 1769 1832
f 1769 1833 1832
f 1769 1770 1833
f 1770 1834 1833
f 1770 1771 1834
f 1771 1835 1834
f 1771 1772 1835
f 1772 1836 1835
f 1772 1773 1836
f 1773 1837 1836
f 1773 1774 1837
f 1774 1838 1837
f 1774 1775 1838
f 1775 1839 1838
f 1775 1776 1839
f 1776 1840 1839
f 1776 1777 1840
f 1777 1841 1840
f 1777 1778 1841
f 1778 1842 1841
f 1778 1779 1842
f 1779 1843 1842
f 1779 1780 1843
f 1780 1844 1843
f 1780 1781 1844
f 1781 1845 1844
f 1781 1782 1845
f 1782 1846 1845
f 1782 1783 1846
f 1783 1847 1846
f 1783 1784 1847
f 1784 1848 1847
f 1784 1785 1848
f 1785 1849 1848
f 1785 1786 1849
f 1786 1850 1849
f 1786 1787 1850
f 1787 1851 1850
f 1787 1788 1851
f 1788 1852 1851
f 1788 1789 1852
f 1789 1853 1852
f 1789 1790 1853
f 1790 1854 1853
f 1790 1791 1854
f 1791 1855 1854
f 1791 1792 1855
f 1792 1856 1855
f 1792 1729 1856
f 1729 1793 1856
f 1793 1794 1857
f 1794 1858 1857
f 1794 1795 1858
f 1795 1859 1858
f 1795 1796 1859
f 1796 1860 1859
f 1796 1797 1860
f 1797 1861 1860
f 1797 1798 1861
f 1798 1862 1861
f 1798 1799 1862
f 1799 1863 1862
f 1799 1800 1863
f 1800 1864 1863
f 1800 1801 1864
f 1801 1865 1864
f 1801 1802 1865
f 1802 1866 1865
f 1802 1803 1866
f 1803 1867 1866
f 1803 1804 1867
f 1804 1868 1867
f 1804 1805 1868
f 1805 1869 1868
f 1805 1806 1869
f 1806 1870 1869
f 1806 1807 1870
f 1807 1871 1870
f 1807 1808 1871
f 1808 1872 1871
f 1808 1809 1872
f 1809 1873 1872
f 1809 1810 1873
f 1810 1874 1873
f 1810 1811 1874
f 1811 1875 1874
f 1811 1812 1875
f 1812 1876 1875
f 1812 1813 1876
f 1813 1877 1876
f 1813 1814 1877
f 1814 1878 1877
f 1814 1815 1878
f 1815 1879 1878
f 1815 1816 1879
f 1816 1880 1879
f 1816 1817 1880
f 1817 1881 1880
f 1817 1818 1881
f 1818 1882 1881
f 1818 1819 1882
f 1819 1883 1882
f 1819 1820 1883
f 1820 1884 1883
f 1820 1821 1884
f 1821 1885 1884
f 1821 1822 1885
f 1822 1886 1885
f 1822 1823 1886
f 1823 1887 1886
f 1823 1824 1887
f 1824 1888 1887
f 1824 1825 1888
f 1825 1889 1888
f 1825 1826 1889
f 1826 1890 1889
f 1826 1827 1890
f 1827 1891 1890
f 1827 1828 1891
f 1828 1892 1891
f 1828 1829 1892
f 1829 1893 1892
f 1829 1830 1893
f 1830 1894 1893
f 1830 1831 1894
f 1831 1895 1894
f 1831 1832 1895
f 1832 1896 1895
f 1832 1833 1896
f 1833 1897 1896
f 1833 1834 1897
f 1834 1898 1897
f 1834 1835 1898
f 1835 1899 1898
f 1835 1836 1899
f 1836 1900 1899
f 1836 1837 1900
f 1837 1901 1900
f 1837 1838 1901
f 1838 1902 1901
f 1838 1839 1902
f 1839 1903 1902
f 1839 1840 1903
f 1840 1904 1903
f 1840 1841 1904
f 1841 1905 1904
f 1841 1842 1905
f 1842 1906 1905
f 1842 1843 1906
f 1843 1907 1906
f 1843 1844 1907
f 1844 1908 1907
f 1844 1845 1908
f 1845 1909 1908
f 1845 1846 1909
f 1846 1910 1909
f 1846 1847 1910
f 1847 1911 1910
f 1847 1848 1911
f 1848 1912 1911
f 1848 1849 1912
f 1849 1913 1912
f 1849 1850 1913
f 1850 1914 1913
f 1850 1851 1914
f 1851 1915 1914
f 1851 1852 1915
f 1852 1916 1915
f 1852 1853 1916
f 1853 1917 1916
f 1853 1854 1917
f 1854 1918 1917
f 1854 1855 1918
f 1855 1919 1918
f 1855 1856 1919
f 1856 1920 1919
f 1856 1793 1920
f 1793 1857 1920
f 1857 1858 1921
f 1858 1922 1921
f 1858 1859 1922
f 1859 1923 1922
f 1859 1860 1923
f 1860 1924 1923
f 1860 1861 1924
f 1861 1925 1924
f 1861 1862 1925
f 1862 1926 1925
f 1862 1863 1926
f 1863 1927 1926
f 1863 1864 1927
f 1864 1928 1927
f 1864 1865 1928
f 1865 1929 1928
f 1865 1866 1929
f 1866 1930 1929
f 1866 1867 1930
f 1867 1931 1930
f 1867 1868 1931
f 1868 1932 1931
f 1868 1869 1932
f 1869 1933 1932
f 1869 1870 1933
f 1870 1934 1933
f 1870 1871 1934
f 1871 1935 1934
f 1871 1872 1935
f 1872 1936 1935
f 1872 1873 1936
f 1873 1937 1936
f 1873 1874 1937
f 1874 1938 1937
f 1874 1875 1938
f 1875 1939 1938
f 1875 1876 1939
f 1876 1940 1939
f 1876 1877 1940
f 1877 1941 1940
f 1877 1878 1941
f 1878 1942 1941
f 1878 1879 1942
f 1879 1943 1942
f 1879 1880 1943
f 1880 1944 1943
f 1880 1881 1944
f 1881 1945 1944
f 1881 1882 1945
f 1882 1946 1945
f 1882 1883 1946
f 1883 1947 1946
f 1883 1884 1947
f 1884 1948 1947
f 1884 1885 1948
f 1885 1949 1948
f 1885 1886 1949
f 1886 1950 1949
f 1886 1887 1950
f 1887 1951 1950
f 1887 1888 1951
f 1888 1952 1951
f 1888 1889 1952
f 1889 1953 1952
f 1889 1890 1953
f 1890 1954 1953
f 1890 1891 1954
f 1891 1955 1954
f 1891 1892 1955
f 1892 1956 1955
f 1892 1893 1956
f 1893 1957 1956
f 1893 1894 1957
f 1894 1958 1957
f 1894 1895 1958
f 1895 1959 1958
f 1895 1896 1959
f 1896 1960 1959
f 1896 1897 1960
f 1897 1961 1960
f 1897 1898 1961
f 1898 1962 1961
f 1898 1899 1962
f 1899 1963 1962
f 1899 1900 1963
f 1900 1964 1963
f 1900 1901 1964
f 1901 1965 1964
f 1901 1902 1965
f 1902 1966 1965
f 1902 1903 1966
f 1903 1967 1966
f 1903 1904 1967
f 1904 1968 1967
f 1904 1905 1968
f 1905 1969 1968
f 1905 1906 1969
f 1906 1970 1969
f 1906 1907 1970
f 1907 1971 1970
f 1907 1908 1971
f 1908 1972 1971
f 1908 1909 1972
f 1909 1973 1972
f 1909 1910 1973
f 1910 1974 1973
f 1910 1911 1974
f 1911 1975 1974
f 1911 1912 1975
f 1912 1976 1975
f 1912 1913 1976
f 1913 1977 1976
f 1913 1914 1977
f 1914 1978 1977
f 1914 1915 1978
f 1915 1979 1978
f 1915 1916 1979
f 1916 1980 1979
f 1916 1917 1980
f 1917 1981 1980
f 1917 1918 1981
f 1918 1982 1981
f 1918 1919 1982
f 1919 1983 1982
f 1919 1920 1983
f 1920 1984 1983
f 1920 1857 1984
f 1857 1921 1984
f 1921 1922 1985
f 1922 1986 1985
f 1922 1923 1986
f 1923 1987 1986
f 1923 1924 1987
f 1924 1988 1987
f 1924 1925 1988
f 1925 1989 1988
f 1925 1926 1989
f 1926 1990 1989
f 1926 1927 1990
f 1927 1991 1990
f 1927 1928 1991
f 1928 1992 1991
f 1928 1929 1992
f 1929 1993 1992
f 1929 1930 1993
f 1930 1994 1993
f 1930 1931 1994
f 1931 1995 1994
f 1931 1932 1995
f 1932 1996 1995
f 1932 1933 1996
f 1933 1997 1996
f 1933 1934 1997
f 1934 1998 1997
f 1934 1935 1998
f 1935 1999 1998
f 1935 1936 1999
f 1936 2000 1999
f 1936 1937 2000
f 1937 2001 2000
f 1937 1938 2001
f 1938 2002 2001
f 1938 1939 2002
f 1939 2003 2002
f 1939 1940 2003
f 1940 2004 2003
f 1940 1941 2004
f 1941 2005 2004
f 1941 1942 2005
f 1942 2006 2005
f 1942 1943 2006
f 1943 2007 2006
f 1943 1944 2007
f 1944 2008 2007
f 1944 1945 2008
f 1945 2009 2008
f 1945 1946 2009
f 1946 2010 2009
f 1946 1947 2010
f 1947 2011 2010
f 1947 1948 2011
f 1948 2012 2011
f 1948 1949 2012
f 1949 2013 2012
f 1949 1950 2013
f 1950 2014 2013
f 1950 1951 2014
f 1951 2015 2014
f 1951 1952 2015
f 1952 2016 2015
f 1952 1953 2016
f 1953 2017 2016
f 1953 1954 2017
f 1954 2018 2017
f 1954 1955 2018
f 1955 2019 2018
f 1955 1956 2019
f 1956 2020 2019
f 1956 1957 2020
f 1957 2021 2020
f 1957 1958 2021
f 1958 2022 2021
f 1958 1959 2022
f 1959 2023 2022
f 1959 1960 2023
f 1960 2024 2023
f 1960 1961 2024
f 1961 2025 2024
f 1961 1962 2025
f 1962 2026 2025
f 1962 1963 2026
f 1963 2027 2026
f 1963 1964 2027
f 1964 2028 2027
f 1964 1965 2028
f 1965 2029 2028
f 1965 1966 2029
f 1966 2030 2029
f 1966 1967 2030
f 1967 2031 2030
f 1967 1968 2031
f 1968 2032 2031
f 1968 1969 2032
f 1969 2033 2032
f 1969 1970 2033
f 1970 2034 2033
f 1970 1971 2034
f 1971 2035 2034
f 1971 1972 2035
f 1972 2036 2035
f 1972 1973 2036
f 1973 2037 2036
f 1973 1974 2037
f 1974 2038 2037
f 1974 1975 2038
f 1975 2039 2038
f 1975 1976 2039
f 1976 2040 2039
f 1976 1977 2040
f 1977 2041 2040
f 1977 1978 2041
f 1978 2042 2041
f 1978 1979 2042
f 1979 2043 2042
f 1979 1980 2043
f 1980 2044 2043
f 1980 1981 2044
f 1981 2045 2044
f 1981 1982 2045
f 1982 2046 2045
f 1982 1983 2046
f 1983 2047 2046
f 1983 1984 2047
f 1984 2048 2047
f 1984 1921 2048
f 1921 1985 2048
f 1985 1986 2049
f 1986 2050 2049
f 1986 1987 2050
f 1987 2051 2050
f 1987 1988 2051
f 1988 2052 2051
f 1988 1989 2052
f 1989 2053 2052
f 1989 1990 2053
f 1990 2054 2053
f 1990 1991 2054
f 1991 2055 2054
f 1991 1992 2055
f 1992 2056 2055
f 1992 1993 2056
f 1993 2057 2056
f 1993 1994 2057
f 1994 2058 2057
f 1994 1995 2058
f 1995 2059 2058
f 1995 1996 2059
f 1996 2060 2059
f 1996 1997 2060
f 1997 2061 2060
f 1997 1998 2061
f 1998 2062 2061
f 1998 1999 2062
f 1999 2063 2062
f 1999 2000 2063
f 2000 2064 2063
f 2000 2001 2064
f 2001 2065 2064
f 2001 2002 2065
f 2002 2066 2065
f 2002 2003 2066
f 2003 2067 2066
f 2003 2004 2067
f 2004 2068 2067
f 2004 2005 2068
f 2005 2069 2068
f 2005 2006 2069
f 2006 2070 2069
f 2006 2007 2070
f 2007 2071 2070
f 2007 2008 2071
f 2008 2072 2071
f 2008 2009 2072
f 2009 2073 2072
f 2009 2010 2073
f 2010 2074 2073
f 2010 2011 2074
f 2011 2075 2074
f 2011 2012 2075
f 2012 2076 2075
f 2012 2013 2076
f 2013 2077 2076
f 2013 2014 2077
f 2014 2078 2077
f 2014 2015 2078
f 2015 2079 2078
f 2015 2016 2079
f 2016 2080 2079
f 2016 2017 2080
f 2017 2081 2080
f 2017 2018 2081
f 2018 2082 2081
f 2018 2019 2082
f 2019 2083 2082
f 2019 2020 2083
f 2020 2084 2083
f 2020 2021 2084
f 2021 2085 2084
f 2021 2022 2085
f 2022 2086 2085
f 2022 2023 2086
f 2023 2087 2086
f 2023 2024 2087
f 2024 2088 2087
f 2024 2025 2088
f 2025 2089 2088
f 2025 2026 2089
f 2026 2090 2089
f 2026 2027 2090
f 2027 2091 2090
f 2027 2028 2091
f 2028 2092 2091
f 2028 2029 2092
f 2029 2093 2092
f 2029 2030 2093
f 2030 2094 2093
f 2030 2031 2094
f 2031 2095 2094
f 2031 2032 2095
f 2032 2096 2095
f 2032 2033 2096
f 2033 2097 2096
f 2033 2034 2097
f 2034 2098 2097
f 2034 2035 2098
f 2035 2099 2098
f 2035 2036 2099
f 2036 2100 2099
f 2036 2037 2100
f 2037 2101 2100
f 2037 2038 2101
f 2038 2102 2101
f 2038 2039 2102
f 2039 2103 2102
f 2039 2040 2103
f 2040 2104 2103
f 2040 2041 2104
f 2041 2105 2104
f 2041 2042 2105
f 2042 2106 2105
f 2042 2043 2106
f 2043 2107 2106
f 2043 2044 2107
f 2044 2108 2107
f 2044 2045 2108
f 2045 2109 2108
f 2045 2046 2109
f 2046 2110 2109
f 2046 2047 2110
f 2047 2111 2110
f 2047 2048 2111
f 2048 2112 2111
f 2048 1985 2112
f 1985 2049 2112
f 2049 2050 2113
f 2050 2114 2113
f 2050 2051 2114
f 2051 2115 2114
f 2051 2052 2115
f 2052 2116 2115
f 2052 2053 2116
f 2053 2117 2116
f 2053 2054 2117
f 2054 2118 2117
f 2054 2055 2118
f 2055 2119 2118
f 2055 2056 2119
f 2056 2120 2119
f 2056 2057 2120
f 2057 2121 2120
f 2057 2058 2121
f 2058 2122 2121
f 2058 2059 2122
f 2059 2123 2122
f 2059 2060 2123
f 2060 2124 2123
f 2060 2061 2124
f 2061 2125 2124
f 2061 2062 2125
f 2062 2126 2125
f 2062 2063 2126
f 2063 2127 2126
f 2063 2064 2127
f 2064 2128 2127
f 2064 2065 2128
f 2065 2129 2128
f 2065 2066 2129
f 2066 2130 2129
f 2066 2067 2130
f 2067 2131 2130
f 2067 2068 2131
f 2068 2132 2131
f 2068 2069 2132
f 2069 2133 2132
f 2069 2070 2133
f 2070 2134 2133
f 2070 2071 2134
f 2071 2135 2134
f 2071 2072 2135
f 2072 2136 2135
f 2072 2073 2136
f 2073 2137 2136
f 2073 2074 2137
f 2074 2138 2137
f 2074 2075 2138
f 2075 2139 2138
f 2075 2076 2139
f 2076 2140 2139
f 2076 2077 2140
f 2077 2141 2140
f 2077 2078 2141
f 2078 2142 2141
f 2078 2079 2142
f 2079 2143 2142
f 2079 2080 2143
f 2080 2144 2143
f 2080 2081 2144
f 2081 2145 2144
f 2081 2082 2145
f 2082 2146 2145
f 2082 2083 2146
f 2083 2147 2146
f 2083 2084 2147
f 2084 2148 2147
f 2084 2085 2148
f 2085 2149 2148
f 2085 2086 2149
f 2086 2150 2149
f 2086 2087 2150
f 2087 2151 2150
f 2087 2088 2151
f 2088 2152 2151
f 2088 2089 2152
f 2089 2153 2152
f 2089 2090 2153
f 2090 2154 2153
f 2090 2091 2154
f 2091 2155 2154
f 2091 2092 2155
f 2092 2156 2155
f 2092 2093 2156
f 2093 2157 2156
f 2093 2094 2157
f 2094 2158 2157
f 2094 2095 2158
f 2095 2159 2158
f 2095 2096 2159
f 2096 2160 2159
f 2096 2097 2160
f 2097 2161 2160
f 2097 2098 2161
f 2098 2162 2161
f 2098 2099 2162
f 2099 2163 2162
f 2099 2100 2163
f 2100 2164 2163
f 2100 2101 2164
f 2101 2165 2164
f 2101 2102 2165
f 2102 2166 2165
f 2102 2103 2166
f 2103 2167 2166
f 2103 2104 2167
f 2104 2168 2167
f 2104 2105 2168
f 2105 2169 2168
f 2105 2106 2169
f 2106 2170 2169
f 2106 2107 2170
f 2107 2171 2170
f 2107 2108 2171
f 2108 2172 2171
f 2108 2109 2172
f 2109 2173 2172
f 2109 2110 2173
f 2110 2174 2173
f 2110 2111 2174
f 2111 2175 2174
f 2111 2112 2175
f 2112 2176 2175
f 2112 2049 2176
f 2049 2113 2176
f 2113 2114 2177
f 2114 2178 2177
f 2114 2115 2178
f 2115 2179 2178
f 2115 2116 2179
f 2116 2180 2179
f 2116 2117 2180
f 2117 2181 2180
f 2117 2118 2181
f 2118 2182 2181
f 2118 2119 2182
f 2119 2183 2182
f 2119 2120 2183
f 2120 2184 2183
f 2120 2121 2184
f 2121 2185 2184
f 2121 2122 2185
f 2122 2186 2185
f 2122 2123 2186
f 2123 2187 2186
f 2123 2124 2187
f 2124 2188 2187
f 2124 2125 2188
f 2125 2189 2188
f 2125 2126 2189
f 2126 2190 2189
f 2126 2127 2190
f 2127 2191 2190
f 2127 2128 2191
f 2128 2192 2191
f 2128 2129 2192
f 2129 2193 2192
f 2129 2130 2193
f 2130 2194 2193
f 2130 2131 2194
f 2131 2195 2194
f 2131 2132 2195
f 2132 2196 2195
f 2132 2133 2196
f 2133 2197 2196
f 2133 2134 2197
f 2134 2198 2197
f 2134 2135 2198
f 2135 2199 2198
f 2135 2136 2199
f 2136 2200 2199
f 2136 2137 2200
f 2137 2201 2200
f 2137 2138 2201
f 2138 2202 2201
f 2138 2139 2202
f 2139 2203 2202
f 2139 2140 2203
f 2140 2204 2203
f 2140 2141 2204
f 2141 2205 2204
f 2141 2142 2205
f 2142 2206 2205
f 2142 2143 2206
f 2143 2207 2206
f 2143 2144 2207
f 2144 2208 2207
f 2144 2145 2208
f 2145 2209 2208
f 2145 2146 2209
f 2146 2210 2209
f 2146 2147 2210
f 2147 2211 2210
f 2147 2148 2211
f 2148 2212 2211
f 2148 2149 2212
f 2149 2213 2212
f 2149 2150 2213
f 2150 2214 2213
f 2150 2151 2214
f 2151 2215 2214
f 2151 2152 2215
f 2152 2216 2215
f 2152 2153 2216
f 2153 2217 2216
f 2153 2154 2217
f 2154 2218 2217
f 2154 2155 2218
f 2155 2219 2218
f 2155 2156 2219
f 2156 2220 2219
f 2156 2157 2220
f 2157 2221 2220
f 2157 2158 2221
f 2158 2222 2221
f 2158 2159 2222
f 2159 2223 2222
f 2159 2160 2223
f 2160 2224 2223
f 2160 2161 2224
f 2161 2225 2224
f 2161 2162 2225
f 2162 2226 2225
f 2162 2163 2226
f 2163 2227 2226
f 2163 2164 2227
f 2164 2228 2227
f 2164 2165 2228
f 2165 2229 2228
f 2165 2166 2229
f 2166 2230 2229
f 2166 2167 2230
f 2167 2231 2230
f 2167 2168 2231
f 2168 2232 2231
f 2168 2169 2232
f 2169 2233 2232
f 2169 2170 2233
f 2170 2234 2233
f 2170 2171 2234
f 2171 2235 2234
f 2171 2172 2235
f 2172 2236 2235
f 2172 2173 2236
f 2173 2237 2236
f 2173 2174 2237
f 2174 2238 2237
f 2174 2175 2238
f 2175 2239 2238
f 2175 2176 2239
f 2176 2240 2239
f 2176 2113 2240
f 2113 2177 2240
f 2177 2178 2241
f 2178 2242 2241
f 2178 2179 2242
f 2179 2243 2242
f 2179 2180 2243
f 2180 2244 2243
f 2180 2181 2244
f 2181 2245 2244
f 2181 2182 2245
f 2182 2246 2245
f 2182 2183 2246
f 2183 2247 2246
f 2183 2184 2247
f 2184 2248 2247
f 2184 2185 2248
f 2185 2249 2248
f 2185 2186 2249
f 2186 2250 2249
f 2186 2187 2250
f 2187 2251 2250
f 2187 2188 2251
f 2188 2252 2251
f 2188 2189 2252
f 2189 2253 2252
f 2189 2190 2253
f 2190 2254 2253
f 2190 2191 2254
f 2191 2255 2254
f 2191 2192 2255
f 2192 2256 2255
f 2192 2193 2256
f 2193 2257 2256
f 2193 2194 2257
f 2194 2258 2257
f 2194 2195 2258
f 2195 2259 2258
f 2195 2196 2259
f 2196 2260 2259
f 2196 2197 2260
f 2197 2261 2260
f 2197 2198 2261
f 2198 2262 2261
f 2198 2199 2262
f 2199 2263 2262
f 2199 2200 2263
f 2200 2264 2263
f 2200 2201 2264
f 2201 2265 2264
f 2201 2202 2265
f 2202 2266 2265
f 2202 2203 2266
f 2203 2267 2266
f 2203 2204 2267
f 2204 2268 2267
f 2204 2205 2268
f 2205 2269 2268
f 2205 2206 2269
f 2206 2270 2269
f 2206 2207 2270
f 2207 2271 2270
f 2207 2208 2271
f 2208 2272 2271
f 2208 2209 2272
f 2209 2273 2272
f 2209 2210 2273
f 2210 2274 2273
f 2210 2211 2274
f 2211 2275 2274
f 2211 2212 2275
f 2212 2276 2275
f 2212 2213 2276
f 2213 2277 2276
f 2213 2214 2277
f 2214 2278 2277
f 2214 2215 2278
f 2215 2279 2278
f 2215 2216 2279
f 2216 2280 2279
f 2216 2217 2280
f 2217 2281 2280
f 2217 2218 2281
f 2218 2282 2281
f 2218 2219 2282
f 2219 2283 2282
f 2219 2220 2283
f 2220 2284 2283
f 2220 2221 2284
f 2221 2285 2284
f 2221 2222 2285
f 2222 2286 2285
f 2222 2223 2286
f 2223 2287 2286
f 2223 2224 2287
f 2224 2288 2287
f 2224 2225 2288
f 2225 2289 2288
f 2225 2226 2289
f 2226 2290 2289
f 2226 2227 2290
f 2227 2291 2290
f 2227 2228 2291
f 2228 2292 2291
f 2228 2229 2292
f 2229 2293 2292
f 2229 2230 2293
f 2230 2294 2293
f 2230 2231 2294
f 2231 2295 2294
f 2231 2232 2295
f 2232 2296 2295
f 2232 2233 2296
f 2233 2297 2296
f 2233 2234 2297
f 2234 2298 2297
f 2234 2235 2298
f 2235 2299 2298
f 2235 2236 2299
f 2236 2300 2299
f 2236 2237 2300
f 2237 2301 2300
f 2237 2238 2301
f 2238 2302 2301
f 2238 2239 2302
f 2239 2303 2302
f 2239 2240 2303
f 2240 2304 2303
f 2240 2177 2304
f 2177 2241 2304
f 2241 2242 2305
f 2242 2306 2305
f 2242 2243 2306
f 2243 2307 2306
f 2243 2244 2307
f 2244 2308 2307
f 2244 2245 2308
f 2245 2309 2308
f 2245 2246 2309
f 2246 2310 2309
f 2246 2247 2310
f 2247 2311 2310
f 2247 2248 2311
f 2248 2312 2311
f 2248 2249 2312
f 2249 2313 2312
f 2249 2250 2313
f 2250 2314 2313
f 2250 2251 2314
f 2251 2315 2314
f 2251 2252 2315
f 2252 2316 2315
f 2252 2253 2316
f 2253 2317 2316
f 2253 2254 2317
f 2254 2318 2317
f 2254 2255 2318
f 2255 2319 2318
f 2255 2256 2319
f 2256 2320 2319
f 2256 2257 2320
f 2257 2321 2320
f 2257 2258 2321
f 2258 2322 2321
f 2258 2259 2322
f 2259 2323 2322
f 2259 2260 2323
f 2260 2324 2323
f 2260 2261 2324
f 2261 2325 2324
f 2261 2262 2325
f 2262 2326 2325
f 2262 2263 2326
f 2263 2327 2326
f 2263 2264 2327
f 2264 2328 2327
f 2264 2265 2328
f 2265 2329 2328
f 2265 2266 2329
f 2266 2330 2329
f 2266 2267 2330
f 2267 2331 2330
f 2267 2268 2331
f 2268 2332 2331
f 2268 2269 2332
f 2269 2333 2332
f 2269 2270 2333
f 2270 2334 2333
f 2270 2271 2334
f 2271 2335 2334
f 2271 2272 2335
f 2272 2336 2335
f 2272 2273 2336
f 2273 2337 2336
f 2273 2274 2337
f 2274 2338 2337
f 2274 2275 2338
f 2275 2339 2338
f 2275 2276 2339
f 2276 2340 2339
f 2276 2277 2340
f 2277 2341 2340
f 2277 2278 2341
f 2278 2342 2341
f 2278 2279 2342
f 2279 2343 2342
f 2279 2280 2343
f 2280 2344 2343
f 2280 2281 2344
f 2281 2345 2344
f 2281 2282 2345
f 2282 2346 2345
f 2282 2283 2346
f 2283 2347 2346
f 2283 2284 2347
f 2284 2348 2347
f 2284 2285 2348
f 2285 2349 2348
f 2285 2286 2349
f 2286 2350 2349
f 2286 2287 2350
f 2287 2351 2350
f 2287 2288 2351
f 2288 2352 2351
f 2288 2289 2352
f 2289 2353 2352
f 2289 2290 2353
f 2290 2354 2353
f 2290 2291 2354
f 2291 2355 2354
f 2291 2292 2355
f 2292 2356 2355
f 2292 2293 2356
f 2293 2357 2356
f 2293 2294 2357
f 2294 2358 2357
f 2294 2295 2358
f 2295 2359 2358
f 2295 2296 2359
f 2296 2360 2359
f 2296 2297 2360
f 2297 2361 2360
f 2297 2298 2361
f 2298 2362 2361
f 2298 2299 2362
f 2299 2363 2362
f 2299 2300 2363
f 2300 2364 2363
f 2300 2301 2364
f 2301 2365 2364
f 2301 2302 2365
f 2302 2366 2365
f 2302 2303 2366
f 2303 2367 2366
f 2303 2304 2367
f 2304 2368 2367
f 2304 2241 2368
f 2241 2305 2368
f 2305 2306 2369
f 2306 2370 2369
f 2306 2307 2370
f 2307 2371 2370
f 2307 2308 2371
f 2308 2372 2371
f 2308 2309 2372
f 2309 2373 2372
f 2309 2310 2373
f 2310 2374 2373
f 2310 2311 2374
f 2311 2375 2374
f 2311 2312 2375
f 2312 2376 2375
f 2312 2313 2376
f 2313 2377 2376
f 2313 2314 2377
f 2314 2378 2377
f 2314 2315 2378
f 2315 2379 2378
f 2315 2316 2379
f 2316 2380 2379
f 2316 2317 2380
f 2317 2381 2380
f 2317 2318 2381
f 2318 2382 2381
f 2318 2319 2382
f 2319 2383 2382
f 2319 2320 2383
f 2320 2384 2383
f 2320 2321 2384
f 2321 2385 2384
f 2321 2322 2385
f 2322 2386 2385
f 2322 2323 2386
f 2323 2387 2386
f 2323 2324 2387
f 2324 2388 2387
f 2324 2325 2388
f 2325 2389 2388
f 2325 2326 2389
f 2326 2390 2389
f 2326 2327 2390
f 2327 2391 2390
f 2327 2328 2391
f 2328 2392 2391
f 2328 2329 2392
f 2329 2393 2392
f 2329 2330 2393
f 2330 2394 2393
f 2330 2331 2394
f 2331 2395 2394
f 2331 2332 2395
f 2332 2396 2395
f 2332 2333 2396
f 2333 2397 2396
f 2333 2334 2397
f 2334 2398 2397
f 2334 2335 2398
f 2335 2399 2398
f 2335 2336 2399
f 2336 2400 2399
f 2336 2337 2400
f 2337 2401 2400
f 2337 2338 2401
f 2338 2402 2401
f 2338 2339 2402
f 2339 2403 2402
f 2339 2340 2403
f 2340 2404 2403
f 2340 2341 2404
f 2341 2405 2404
f 2341 2342 2405
f 2342 2406 2405
f 2342 2343 2406
f 2343 2407 2406
f 2343 2344 2407
f 2344 2408 2407
f 2344 2345 2408
f 2345 2409 2408
f 2345 2346 2409
f 2346 2410 2409
f 2346 2347 2410
f 2347 2411 2410
f 2347 2348 2411
f 2348 2412 2411
f 2348 2349 2412
f 2349 2413 2412
f 2349 2350 2413
f 2350 2414 2413
f 2350 2351 2414
f 2351 2415 2414
f 2351 2352 2415
f 2352 2416 2415
f 2352 2353 2416
f 2353 2417 2416
f 2353 2354 2417
f 2354 2418 2417
f 2354 2355 2418
f 2355 2419 2418
f 2355 2356 2419
f 2356 2420 2419
f 2356 2357 2420
f 2357 2421 2420
f 2357 2358 2421
f 2358 2422 2421
f 2358 2359 2422
f 2359 2423 2422
f 2359 2360 2423
f 2360 2424 2423
f 2360 2361 2424
f 2361 2425 2424
f 2361 2362 2425
f 2362 2426 2425
f 2362 2363 2426
f 2363 2427 2426
f 2363 2364 2427
f 2364 2428 2427
f 2364 2365 2428
f 2365 2429 2428
f 2365 2366 2429
f 2366 2430 2429
f 2366 2367 2430
f 2367 2431 2430
f 2367 2368 2431
f 2368 2432 2431
f 2368 2305 2432
f 2305 2369 2432
f 2369 2370 2433
f 2370 2434 2433
f 2370 2371 2434
f 2371 2435 2434
f 2371 2372 2435
f 2372 2436 2435
f 2372 2373 2436
f 2373 2437 2436
f 2373 2374 2437
f 2374 2438 2437
f 2374 2375 2438
f 2375 2439 2438
f 2375 2376 2439
f 2376 2440 2439
f 2376 2377 2440
f 2377 2441 2440
f 2377 2378 2441
f 2378 2442 2441
f 2378 2379 2442
f 2379 2443 2442
f 2379 2380 2443
f 2380 2444 2443
f 2380 2381 2444
f 2381 2445 2444
f 2381 2382 2445
f 2382 2446 2445
f 2382 2383 2446
f 2383 2447 2446
f 2383 2384 2447
f 2384 2448 2447
f 2384 2385 2448
f 2385 2449 2448
f 2385 2386 2449
f 2386 2450 2449
f 2386 2387 2450
f 2387 2451 2450
f 2387 2388 2451
f 2388 2452 2451
f 2388 2389 2452
f 2389 2453 2452
f 2389 2390 2453
f 2390 2454 2453
f 2390 2391 2454
f 2391 2455 2454
f 2391 2392 2455
f 2392 2456 2455
f 2392 2393 2456
f 2393 2457 2456
f 2393 2394 2457
f 2394 2458 2457
f 2394 2395 2458
f 2395 2459 2458
f 2395 2396 2459
f 2396 2460 2459
f 2396 2397 2460
f 2397 2461 2460
f 2397 2398 2461
f 2398 2462 2461
f 2398 2399 2462
f 2399 2463 2462
f 2399 2400 2463
f 2400 2464 2463
f 2400 2401 2464
f 2401 2465 2464
f 2401 2402 2465
f 2402 2466 2465
f 2402 2403 2466
f 2403 2467 2466
f 2403 2404 2467
f 2404 2468 2467
f 2404 2405 2468
f 2405 2469 2468
f 2405 2406 2469
f 2406 2470 2469
f 2406 2407 2470
f 2407 2471 2470
f 2407 2408 2471
f 2408 2472 2471
f 2408 2409 2472
f 2409 2473 2472
f 2409 2410 2473
f 2410 2474 2473
f 2410 2411 2474
f 2411 2475 2474
f 2411 2412 2475
f 2412 2476 2475
f 2412 2413 2476
f 2413 2477 2476
f 2413 2414 2477
f 2414 2478 2477
f 2414 2415 2478
f 2415 2479 2478
f 2415 2416 2479
f 2416 2480 2479
f 2416 2417 2480
f 2417 2481 2480
f 2417 2418 2481
f 2418 2482 2481
f 2418 2419 2482
f 2419 2483 2482
f 2419 2420 2483
f 2420 2484 2483
f 2420 2421 2484
f 2421 2485 2484
f 2421 2422 2485
f 2422 2486 2485
f 2422 2423 2486
f 2423 2487 2486
f 2423 2424 2487
f 2424 2488 2487
f 2424 2425 2488
f 2425 2489 2488
f 2425 2426 2489
f 2426 2490 2489
f 2426 2427 2490
f 2427 2491 2490
f 2427 2428 2491
f 2428 2492 2491
f 2428 2429 2492
f 2429 2493 2492
f 2429 2430 2493
f 2430 2494 2493
f 2430 2431 2494
f 2431 2495 2494
f 2431 2432 2495
f 2432 2496 2495
f 2432 2369 2496
f 2369 2433 2496
f 2433 2434 2497
f 2434 2498 2497
f 2434 2435 2498
f 2435 2499 2498
f 2435 2436 2499
f 2436 2500 2499
f 2436 2437 2500
f 2437 2501 2500
f 2437 2438 2501
f 2438 2502 2501
f 2438 2439 2502
f 2439 2503 2502
f 2439 2440 2503
f 2440 2504 2503
f 2440 2441 2504
f 2441 2505 2504
f 2441 2442 2505
f 2442 2506 2505
f 2442 2443 2506
f 2443 2507 2506
f 2443 2444 2507
f 2444 2508 2507
f 2444 2445 2508
f 2445 2509 2508
f 2445 2446 2509
f 2446 2510 2509
f 2446 2447 2510
f 2447 2511 2510
f 2447 2448 2511
f 2448 2512 2511
f 2448 2449 2512
f 2449 2513 2512
f 2449 2450 2513
f 2450 2514 2513
f 2450 2451 2514
f 2451 2515 2514
f 2451 2452 2515
f 2452 2516 2515
f 2452 2453 2516
f 2453 2517 2516
f 2453 2454 2517
f 2454 2518 2517
f 2454 2455 2518
f 2455 2519 2518
f 2455 2456 2519
f 2456 2520 2519
f 2456 2457 2520
f 2457 2521 2520
f 2457 2458 2521
f 2458 2522 2521
f 2458 2459 2522
f 2459 2523 2522
f 2459 2460 2523
f 2460 2524 2523
f 2460 2461 2524
f 2461 2525 2524
f 2461 2462 2525
f 2462 2526 2525
f 2462 2463 2526
f 2463 2527 2526
f 2463 2464 2527
f 2464 2528 2527
f 2464 2465 2528
f 2465 2529 2528
f 2465 2466 2529
f 2466 2530 2529
f 2466 2467 2530
f 2467 2531 2530
f 2467 2468 2531
f 2468 2532 2531
f 2468 2469 2532
f 2469 2533 2532
f 2469 2470 2533
f 2470 2534 2533
f 2470 2471 2534
f 2471 2535 2534
f 2471 2472 2535
f 2472 2536 2535
f 2472 2473 2536
f 2473 2537 2536
f 2473 2474 2537
f 2474 2538 2537
f 2474 2475 2538
f 2475 2539 2538
f 2475 2476 2539
f 2476 2540 2539
f 2476 2477 2540
f 2477 2541 2540
f 2477 2478 2541
f 2478 2542 2541
f 2478 2479 2542
f 2479 2543 2542
f 2479 2480 2543
f 2480 2544 2543
f 2480 2481 2544
f 2481 2545 2544
f 2481 2482 2545
f 2482 2546 2545
f 2482 2483 2546
f 2483 2547 2546
f 2483 2484 2547
f 2484 2548 2547
f 2484 2485 2548
f 2485 2549 2548
f 2485 2486 2549
f 2486 2550 2549
f 2486 2487 2550
f 2487 2551 2550
f 2487 2488 2551
f 2488 2552 2551
f 2488 2489 2552
f 2489 2553 2552
f 2489 2490 2553
f 2490 2554 2553
f 2490 2491 2554
f 2491 2555 2554
f 2491 2492 2555
f 2492 2556 2555
f 2492 2493 2556
f 2493 2557 2556
f 2493 2494 2557
f 2494 2558 2557
f 2494 2495 2558
f 2495 2559 2558
f 2495 2496 2559
f 2496 2560 2559
f 2496 2433 2560
f 2433 2497 2560
f 2497 2498 2561
f 2498 2562 2561
f 2498 2499 2562
f 2499 2563 2562
f 2499 2500 2563
f 2500 2564 2563
f 2500 2501 2564
f 2501 2565 2564
f 2501 2502 2565
f 2502 2566 2565
f 2502 2503 2566
f 2503 2567 2566
f 2503 2504 2567
f 2504 2568 2567
f 2504 2505 2568
f 2505 2569 2568
f 2505 2506 2569
f 2506 2570 2569
f 2506 2507 2570
f 2507 2571 2570
f 2507 2508 2571
f 2508 2572 2571
f 2508 2509 2572
f 2509 2573 2572
f 2509 2510 2573
f 2510 2574 2573
f 2510 2511 2574
f 2511 2575 2574
f 2511 2512 2575
f 2512 2576 2575
f 2512 2513 2576
f 2513 2577 2576
f 2513 2514 2577
f 2514 2578 2577
f 2514 2515 2578
f 2515 2579 2578
f 2515 2516 2579
f 2516 2580 2579
f 2516 2517 2580
f 2517 2581 2580
f 2517 2518 2581
f 2518 2582 2581
f 2518 2519 2582
f 2519 2583 2582
f 2519 2520 2583
f 2520 2584 2583
f 2520 2521 2584
f 2521 2585 2584
f 2521 2522 2585
f 2522 2586 2585
f 2522 2523 2586
f 2523 2587 2586
f 2523 2524 2587
f 2524 2588 2587
f 2524 2525 2588
f 2525 2589 2588
f 2525 2526 2589
f 2526 2590 2589
f 2526 2527 2590
f 2527 2591 2590
f 2527 2528 2591
f 2528 2592 2591
f 2528 2529 2592
f 2529 2593 2592
f 2529 2530 2593
f 2530 2594 2593
f 2530 2531 2594
f 2531 2595 2594
f 2531 2532 2595
f 2532 2596 2595
f 2532 2533 2596
f 2533 2597 2596
f 2533 2534 2597
f 2534 2598 2597
f 2534 2535 2598
f 2535 2599 2598
f 2535 2536 2599
f 2536 2600 2599
f 2536 2537 2600
f 2537 2601 2600
f 2537 2538 2601
f 2538 2602 2601
f 2538 2539 2602
f 2539 2603 2602
f 2539 2540 2603
f 2540 2604 2603
f 2540 2541 2604
f 2541 2605 2604
f 2541 2542 2605
f 2542 2606 2605
f 2542 2543 2606
f 2543 2607 2606
f 2543 2544 2607
f 2544 2608 2607
f 2544 2545 2608
f 2545 2609 2608
f 2545 2546 2609
f 2546 2610 2609
f 2546 2547 2610
f 2547 2611 2610
f 2547 2548 2611
f 2548 2612 2611
f 2548 2549 2612
f 2549 2613 2612
f 2549 2550 2613
f 2550 2614 2613
f 2550 2551 2614
f 2551 2615 2614
f 2551 2552 2615
f 2552 2616 2615
f 2552 2553 2616
f 2553 2617 2616
f 2553 2554 2617
f 2554 2618 2617
f 2554 2555 2618
f 2555 2619 2618
f 2555 2556 2619
f 2556 2620 2619
f 2556 2557 2620
f 2557 2621 2620
f 2557 2558 2621
f 2558 2622 2621
f 2558 2559 2622
f 2559 2623 2622
f 2559 2560 2623
f 2560 2624 2623
f 2560 2497 2624
f 2497 2561 2624
f 2561 2562 2625
f 2562 2626 2625
f 2562 2563 2626
f 2563 2627 2626
f 2563 2564 2627
f 2564 2628 2627
f 2564 2565 2628
f 2565 2629 2628
f 2565 2566 2629
f 2566 2630 2629
f 2566 2567 2630
f 2567 2631 2630
f 2567 2568 2631
f 2568 2632 2631
f 2568 2569 2632
f 2569 2633 2632
f 2569 2570 2633
f 2570 2634 2633
f 2570 2571 2634
f 2571 2635 2634
f 2571 2572 2635
f 2572 2636 2635
f 2572 2573 2636
f 2573 2637 2636
f 2573 2574 2637
f 2574 2638 2637
f 2574 2575 2638
f 2575 2639 2638
f 2575 2576 2639
f 2576 2640 2639
f 2576 2577 2640
f 2577 2641 2640
f 2577 2578 2641
f 2578 2642 2641
f 2578 2579 2642
f 2579 2643 2642
f 2579 2580 2643
f 2580 2644 2643
f 2580 2581 2644
f 2581 2645 2644
f 2581 2582 2645
f 2582 2646 2645
f 2582 2583 2646
f 2583 2647 2646
f 2583 2584 2647
f 2584 2648 2647
f 2584 2585 2648
f 2585 2649 2648
f 2585 2586 2649
f 2586 2650 2649
f 2586 2587 2650
f 2587 2651 2650
f 2587 2588 2651
f 2588 2652 2651
f 2588 2589 2652
f 2589 2653 2652
f 2589 2590 2653
f 2590 2654 2653
f 2590 2591 2654
f 2591 2655 2654
f 2591 2592 2655
f 2592 2656 2655
f 2592 2593 2656
f 2593 2657 2656
f 2593 2594 2657
f 2594 2658 2657
f 2594 2595 2658
f 2595 2659 2658
f 2595 2596 2659
f 2596 2660 2659
f 2596 2597 2660
f 2597 2661 2660
f 2597 2598 2661
f 2598 2662 2661
f 2598 2599 2662
f 2599 2663 2662
f 2599 2600 2663
f 2600 2664 2663
f 2600 2601 2664
f 2601 2665 2664
f 2601 2602 2665
f 2602 2666 2665
f 2602 2603 2666
f 2603 2667 2666
f 2603 2604 2667
f 2604 2668 2667
f 2604 2605 2668
f 2605 2669 2668
f 2605 2606 2669
f 2606 2670 2669
f 2606 2607 2670
f 2607 2671 2670
f 2607 2608 2671
f 2608 2672 2671
f 2608 2609 2672
f 2609 2673 2672
f 2609 2610 2673
f 2610 2674 2673
f 2610 2611 2674
f 2611 2675 2674
f 2611 2612 2675
f 2612 2676 2675
f 2612 2613 2676
f 2613 2677 2676
f 2613 2614 2677
f 2614 2678 2677
f 2614 2615 2678
f 2615 2679 2678
f 2615 2616 2679
f 2616 2680 2679
f 2616 2617 2680
f 2617 2681 2680
f 2617 2618 2681
f 2618 2682 2681
f 2618 2619 2682
f 2619 2683 2682
f 2619 2620 2683
f 2620 2684 2683
f 2620 2621 2684
f 2621 2685 2684
f 2621 2622 2685
f 2622 2686 2685
f 2622 2623 2686
f 2623 2687 2686
f 2623 2624 2687
f 2624 2688 2687
f 2624 2561 2688
f 2561 2625 2688
f 2625 2626 2689
f 2626 2690 2689
f 2626 2627 2690
f 2627 2691 2690
f 2627 2628 2691
f 2628 2692 2691
f 2628 2629 2692
f 2629 2693 2692
f 2629 2630 2693
f 2630 2694 2693
f 2630 2631 2694
f 2631 2695 2694
f 2631 2632 2695
f 2632 2696 2695
f 2632 2633 2696
f 2633 2697 2696
f 2633 2634 2697
f 2634 2698 2697
f 2634 2635 2698
f 2635 2699 2698
f 2635 2636 2699
f 2636 2700 2699
f 2636 2637 2700
f 2637 2701 2700
f 2637 2638 2701
f 2638 2702 2701
f 2638 2639 2702
f 2639 2703 2702
f 2639 2640 2703
f 2640 2704 2703
f 2640 2641 2704
f 2641 2705 2704
f 2641 2642 2705
f 2642 2706 2705
f 2642 2643 2706
f 2643 2707 2706
f 2643 2644 2707
f 2644 2708 2707
f 2644 2645 2708
f 2645 2709 2708
f 2645 2646 2709
f 2646 2710 2709
f 2646 2647 2710
f 2647 2711 2710
f 2647 2648 2711
f 2648 2712 2711
f 2648 2649 2712
f 2649 2713 2712
f 2649 2650 2713
f 2650 2714 2713
f 2650 2651 2714
f 2651 2715 2714
f 2651 2652 2715
f 2652 2716 2715
f 2652 2653 2716
f 2653 2717 2716
f 2653 2654 2717
f 2654 2718 2717
f 2654 2655 2718
f 2655 2719 2718
f 2655 2656 2719
f 2656 2720 2719
f 2656 2657 2720
f 2657 2721 2720
f 2657 2658 2721
f 2658 2722 2721
f 2658 2659 2722
f 2659 2723 2722
f 2659 2660 2723
f 2660 2724 2723
f 2660 2661 2724
f 2661 2725 2724
f 2661 2662 2725
f 2662 2726 2725
f 2662 2663 2726
f 2663 2727 2726
f 2663 2664 2727
f 2664 2728 2727
f 2664 2665 2728
f 2665 2729 2728
f 2665 2666 2729
f 2666 2730 2729
f 2666 2667 2730
f 2667 2731 2730
f 2667 2668 2731
f 2668 2732 2731
f 2668 2669 2732
f 2669 2733 2732
f 2669 2670 2733
f 2670 2734 2733
f 2670 2671 2734
f 2671 2735 2734
f 2671 2672 2735
f 2672 2736 2735
f 2672 2673 2736
f 2673 2737 2736
f 2673 2674 2737
f 2674 2738 2737
f 2674 2675 2738
f 2675 2739 2738
f 2675 2676 2739
f 2676 2740 2739
f 2676 2677 2740
f 2677 2741 2740
f 2677 2678 2741
f 2678 2742 2741
f 2678 2679 2742
f 2679 2743 2742
f 2679 2680 2743
f 2680 2744 2743
f 2680 2681 2744
f 2681 2745 2744
f 2681 2682 2745
f 2682 2746 2745
f 2682 2683 2746
f 2683 2747 2746
f 2683 2684 2747
f 2684 2748 2747
f 2684 2685 2748
f 2685 2749 2748
f 2685 2686 2749
f 2686 2750 2749
f 2686 2687 2750
f 2687 2751 2750
f 2687 2688 2751
f 2688 2752 2751
f 2688 2625 2752
f 2625 2689 2752
f 2689 2690 2753
f 2690 2754 2753
f 2690 2691 2754
f 2691 2755 2754
f 2691 2692 2755
f 2692 2756 2755
f 2692 2693 2756
f 2693 2757 2756
f 2693 2694 2757
f 2694 2758 2757
f 2694 2695 2758
f 2695 2759 2758
f 2695 2696 2759
f 2696 2760 2759
f 2696 2697 2760
f 2697 2761 2760
f 2697 2698 2761
f 2698 2762 2761
f 2698 2699 2762
f 2699 2763 2762
f 2699 2700 2763
f 2700 2764 2763
f 2700 2701 2764
f 2701 2765 2764
f 2701 2702 2765
f 2702 2766 2765
f 2702 2703 2766
f 2703 2767 2766
f 2703 2704 2767
f 2704 2768 2767
f 2704 2705 2768
f 2705 2769 2768
f 2705 2706 2769
f 2706 2770 2769
f 2706 2707 2770
f 2707 2771 2770
f 2707 2708 2771
f 2708 2772 2771
f 2708 2709 2772
f 2709 2773 2772
f 2709 2710 2773
f 2710 2774 2773
f 2710 2711 2774
f 2711 2775 2774
f 2711 2712 2775
f 2712 2776 2775
f 2712 2713 2776
f 2713 2777 2776
f 2713 2714 2777
f 2714 2778 2777
f 2714 2715 2778
f 2715 2779 2778
f 2715 2716 2779
f 2716 2780 2779
f 2716 2717 2780
f 2717 2781 2780
f 2717 2718 2781
f 2718 2782 2781
f 2718 2719 2782
f 2719 2783 2782
f 2719 2720 2783
f 2720 2784 2783
f 2720 2721 2784
f 2721 2785 2784
f 2721 2722 2785
f 2722 2786 2785
f 2722 2723 2786
f 2723 2787 2786
f 2723 2724 2787
f 2724 2788 2787
f 2724 2725 2788
f 2725 2789 2788
f 2725 2726 2789
f 2726 2790 2789
f 2726 2727 2790
f 2727 2791 2790
f 2727 2728 2791
f 2728 2792 2791
f 2728 2729 2792
f 2729 2793 2792
f 2729 2730 2793
f 2730 2794 2793
f 2730 2731 2794
f 2731 2795 2794
f 2731 2732 2795
f 2732 2796 2795
f 2732 2733 2796
f 2733 2797 2796
f 2733 2734 2797
f 2734 2798 2797
f 2734 2735 2798
f 2735 2799 2798
f 2735 2736 2799
f 2736 2800 2799
f 2736 2737 2800
f 2737 2801 2800
f 2737 2738 2801
f 2738 2802 2801
f 2738 2739 2802
f 2739 2803 2802
f 2739 2740 2803
f 2740 2804 2803
f 2740 2741 2804
f 2741 2805 2804
f 2741 2742 2805
f 2742 2806 2805
f 2742 2743 2806
f 2743 2807 2806
f 2743 2744 2807
f 2744 2808 2807
f 2744 2745 2808
f 2745 2809 2808
f 2745 2746 2809
f 2746 2810 2809
f 2746 2747 2810
f 2747 2811 2810
f 2747 2748 2811
f 2748 2812 2811
f 2748 2749 2812
f 2749 2813 2812
f 2749 2750 2813
f 2750 2814 2813
f 2750 2751 2814
f 2751 2815 2814
f 2751 2752 2815
f 2752 2816 2815
f 2752 2689 2816
f 2689 2753 2816
f 2753 2754 2817
f 2754 2818 2817
f 2754 2755 2818
f 2755 2819 2818
f 2755 2756 2819
f 2756 2820 2819
f 2756 2757 2820
f 2757 2821 2820
f 2757 2758 2821
f 2758 2822 2821
f 2758 2759 2822
f 2759 2823 2822
f 2759 2760 2823
f 2760 2824 2823
f 2760 2761 2824
f 2761 2825 2824
f 2761 2762 2825
f 2762 2826 2825
f 2762 2763 2826
f 2763 2827 2826
f 2763 2764 2827
f 2764 2828 2827
f 2764 2765 2828
f 2765 2829 2828
f 2765 2766 2829
f 2766 2830 2829
f 2766 2767 2830
f 2767 2831 2830
f 2767 2768 2831
f 2768 2832 2831
f 2768 2769 2832
f 2769 2833 2832
f 2769 2770 2833
f 2770 2834 2833
f 2770 2771 2834
f 2771 2835 2834
f 2771 2772 2835
f 2772 2836 2835
f 2772 2773 2836
f 2773 2837 2836
f 2773 2774 2837
f 2774 2838 2837
f 2774 2775 2838
f 2775 2839 2838
f 2775 2776 2839
f 2776 2840 2839
f 2776 2777 2840
f 2777 2841 2840
f 2777 2778 2841
f 2778 2842 2841
f 2778 2779 2842
f 2779 2843 2842
f 2779 2780 2843
f 2780 2844 2843
f 2780 2781 2844
f 2781 2845 2844
f 2781 2782 2845
f 2782 2846 2845
f 2782 2783 2846
f 2783 2847 2846
f 2783 2784 2847
f 2784 2848 2847
f 2784 2785 2848
f 2785 2849 2848
f 2785 2786 2849
f 2786 2850 2849
f 2786 2787 2850
f 2787 2851 2850
f 2787 2788 2851
f 2788 2852 2851
f 2788 2789 2852
f 2789 2853 2852
f 2789 2790 2853
f 2790 2854 2853
f 2790 2791 2854
f 2791 2855 2854
f 2791 2792 2855
f 2792 2856 2855
f 2792 2793 2856
f 2793 2857 2856
f 2793 2794 2857
f 2794 2858 2857
f 2794 2795 2858
f 2795 2859 2858
f 2795 2796 2859
f 2796 2860 2859
f 2796 2797 2860
f 2797 2861 2860
f 2797 2798 2861
f 2798 2862 2861
f 2798 2799 2862
f 2799 2863 2862
f 2799 2800 2863
f 2800 2864 2863
f 2800 2801 2864
f 2801 2865 2864
f 2801 2802 2865
f 2802 2866 2865
f 2802 2803 2866
f 2803 2867 2866
f 2803 2804 2867
f 2804 2868 2867
f 2804 2805 2868
f 2805 2869 2868
f 2805 2806 2869
f 2806 2870 2869
f 2806 2807 2870
f 2807 2871 2870
f 2807 2808 2871
f 2808 2872 2871
f 2808 2809 2872
f 2809 2873 2872
f 2809 2810 2873
f 2810 2874 2873
f 2810 2811 2874
f 2811 2875 2874
f 2811 2812 2875
f 2812 2876 2875
f 2812 2813 2876
f 2813 2877 2876
f 2813 2814 2877
f 2814 2878 2877
f 2814 2815 2878
f 2815 2879 2878
f 2815 2816 2879
f 2816 2880 2879
f 2816 2753 2880
f 2753 2817 2880
f 2817 2818 2881
f 2818 2882 2881
f 2818 2819 2882
f 2819 2883 2882
f 2819 2820 2883
f 2820 2884 2883
f 2820 2821 2884
f 2821 2885 2884
f 2821 2822 2885
f 2822 2886 2885
f 2822 2823 2886
f 2823 2887 2886
f 2823 2824 2887
f 2824 2888 2887
f 2824 2825 2888
f 2825 2889 2888
f 2825 2826 2889
f 2826 2890 2889
f 2826 2827 2890
f 2827 2891 2890
f 2827 2828 2891
f 2828 2892 2891
f 2828 2829 2892
f 2829 2893 2892
f 2829 2830 2893
f 2830 2894 2893
f 2830 2831 2894
f 2831 2895 2894
f 2831 2832 2895
f 2832 2896 2895
f 2832 2833 2896
f 2833 2897 2896
f 2833 2834 2897
f 2834 2898 2897
f 2834 2835 2898
f 2835 2899 2898
f 2835 2836 2899
f 2836 2900 2899
f 2836 2837 2900
f 2837 2901 2900
f 2837 2838 2901
f 2838 2902 2901
f 2838 2839 2902
f 2839 2903 2902
f 2839 2840 2903
f 2840 2904 2903
f 2840 2841 2904
f 2841 2905 2904
f 2841 2842 2905
f 2842 2906 2905
f 2842 2843 2906
f 2843 2907 2906
f 2843 2844 2907
f 2844 2908 2907
f 2844 2845 2908
f 2845 2909 2908
f 2845 2846 2909
f 2846 2910 2909
f 2846 2847 2910
f 2847 2911 2910
f 2847 2848 2911
f 2848 2912 2911
f 2848 2849 2912
f 2849 2913 2912
f 2849 2850 2913
f 2850 2914 2913
f 2850 2851 2914
f 2851 2915 2914
f 2851 2852 2915
f 2852 2916 2915
f 2852 2853 2916
f 2853 2917 2916
f 2853 2854 2917
f 2854 2918 2917
f 2854 2855 2918
f 2855 2919 2918
f 2855 2856 2919
f 2856 2920 2919
f 2856 2857 2920
f 2857 2921 2920
f 2857 2858 2921
f 2858 2922 2921
f 2858 2859 2922
f 2859 2923 2922
f 2859 2860 2923
f 2860 2924 2923
f 2860 2861 2924
f 2861 2925 2924
f 2861 2862 2925
f 2862 2926 2925
f 2862 2863 2926
f 2863 2927 2926
f 2863 2864 2927
f 2864 2928 2927
f 2864 2865 2928
f 2865 2929 2928
f 2865 2866 2929
f 2866 2930 2929
f 2866 2867 2930
f 2867 2931 2930
f 2867 2868 2931
f 2868 2932 2931
f 2868 2869 2932
f 2869 2933 2932
f 2869 2870 2933
f 2870 2934 2933
f 2870 2871 2934
f 2871 2935 2934
f 2871 2872 2935
f 2872 2936 2935
f 2872 2873 2936
f 2873 2937 2936
f 2873 2874 2937
f 2874 2938 2937
f 2874 2875 2938
f 2875 2939 2938
f 2875 2876 2939
f 2876 2940 2939
f 2876 2877 2940
f 2877 2941 2940
f 2877 2878 2941
f 2878 2942 2941
f 2878 2879 2942
f 2879 2943 2942
f 2879 2880 2943
f 2880 2944 2943
f 2880 2817 2944
f 2817 2881 2944
f 2881 2882 2945
f 2882 2946 2945
f 2882 2883 2946
f 2883 2947 2946
f 2883 2884 2947
f 2884 2948 2947
f 2884 2885 2948
f 2885 2949 2948
f 2885 2886 2949
f 2886 2950 2949
f 2886 2887 2950
f 2887 2951 2950
f 2887 2888 2951
f 2888 2952 2951
f 2888 2889 2952
f 2889 2953 2952
f 2889 2890 2953
f 2890 2954 2953
f 2890 2891 2954
f 2891 2955 2954
f 2891 2892 2955
f 2892 2956 2955
f 2892 2893 2956
f 2893 2957 2956
f 2893 2894 2957
f 2894 2958 2957
f 2894 2895 2958
f 2895 2959 2958
f 2895 2896 2959
f 2896 2960 2959
f 2896 2897 2960
f 2897 2961 2960
f 2897 2898 2961
f 2898 2962 2961
f 2898 2899 2962
f 2899 2963 2962
f 2899 2900 2963
f 2900 2964 2963
f 2900 2901 2964
f 2901 2965 2964
f 2901 2902 2965
f 2902 2966 2965
f 2902 2903 2966
f 2903 2967 2966
f 2903 2904 2967
f 2904 2968 2967
f 2904 2905 2968
f 2905 2969 2968
f 2905 2906 2969
f 2906 2970 2969
f 2906 2907 2970
f 2907 2971 2970
f 2907 2908 2971
f 2908 2972 2971
f 2908 2909 2972
f 2909 2973 2972
f 2909 2910 2973
f 2910 2974 2973
f 2910 2911 2974
f 2911 2975 2974
f 2911 2912 2975
f 2912 2976 2975
f 2912 2913 2976
f 2913 2977 2976
f 2913 2914 2977
f 2914 2978 2977
f 2914 2915 2978
f 2915 2979 2978
f 2915 2916 2979
f 2916 2980 2979
f 2916 2917 2980
f 2917 2981 2980
f 2917 2918 2981
f 2918 2982 2981
f 2918 2919 2982
f 2919 2983 2982
f 2919 2920 2983
f 2920 2984 2983
f 2920 2921 2984
f 2921 2985 2984
f 2921 2922 2985
f 2922 2986 2985
f 2922 2923 2986
f 2923 2987 2986
f 2923 2924 2987
f 2924 2988 2987
f 2924 2925 2988
f 2925 2989 2988
f 2925 2926 2989
f 2926 2990 2989
f 2926 2927 2990
f 2927 2991 2990
f 2927 2928 2991
f 2928 2992 2991
f 2928 2929 2992
f 2929 2993 2992
f 2929 2930 2993
f 2930 2994 2993
f 2930 2931 2994
f 2931 2995 2994
f 2931 2932 2995
f 2932 2996 2995
f 2932 2933 2996
f 2933 2997 2996
f 2933 2934 2997
f 2934 2998 2997
f 2934 2935 2998
f 2935 2999 2998
f 2935 2936 2999
f 2936 3000 2999
f 2936 2937 3000
f 2937 3001 3000
f 2937 2938 3001
f 2938 3002 3001
f 2938 2939 3002
f 2939 3003 3002
f 2939 2940 3003
f 2940 3004 3003
f 2940 2941 3004
f 2941 3005 3004
f 2941 2942 3005
f 2942 3006 3005
f 2942 2943 3006
f 2943 3007 3006
f 2943 2944 3007
f 2944 3008 3007
f 2944 2881 3008
f 2881 2945 3008
f 2945 2946 3009
f 2946 3010 3009
f 2946 2947 3010
f 2947 3011 3010
f 2947 2948 3011
f 2948 3012 3011
f 2948 2949 3012
f 2949 3013 3012
f 2949 2950 3013
f 2950 3014 3013
f 2950 2951 3014
f 2951 3015 3014
f 2951 2952 3015
f 2952 3016 3015
f 2952 2953 3016
f 2953 3017 3016
f 2953 2954 3017
f 2954 3018 3017
f 2954 2955 3018
f 2955 3019 3018
f 2955 2956 3019
f 2956 3020 3019
f 2956 2957 3020
f 2957 3021 3020
f 2957 2958 3021
f 2958 3022 3021
f 2958 2959 3022
f 2959 3023 3022
f 2959 2960 3023
f 2960 3024 3023
f 2960 2961 3024
f 2961 3025 3024
f 2961 2962 3025
f 2962 3026 3025
f 2962 2963 3026
f 2963 3027 3026
f 2963 2964 3027
f 2964 3028 3027
f 2964 2965 3028
f 2965 3029 3028
f 2965 2966 3029
f 2966 3030 3029
f 2966 2967 3030
f 2967 3031 3030
f 2967 2968 3031
f 2968 3032 3031
f 2968 2969 3032
f 2969 3033 3032
f 2969 2970 3033
f 2970 3034 3033
f 2970 2971 3034
f 2971 3035 3034
f 2971 2972 3035
f 2972 3036 3035
f 2972 2973 3036
f 2973 3037 3036
f 2973 2974 3037
f 2974 3038 3037
f 2974 2975 3038
f 2975 3039 3038
f 2975 2976 3039
f 2976 3040 3039
f 2976 2977 3040
f 2977 3041 3040
f 2977 2978 3041
f 2978 3042 3041
f 2978 2979 3042
f 2979 3043 3042
f 2979 2980 3043
f 2980 3044 3043
f 2980 2981 3044
f 2981 3045 3044
f 2981 2982 3045
f 2982 3046 3045
f 2982 2983 3046
f 2983 3047 3046
f 2983 2984 3047
f 2984 3048 3047
f 2984 2985 3048
f 2985 3049 3048
f 2985 2986 3049
f 2986 3050 3049
f 2986 2987 3050
f 2987 3051 3050
f 2987 2988 3051
f 2988 3052 3051
f 2988 2989 3052
f 2989 3053 3052
f 2989 2990 3053
f 2990 3054 3053
f 2990 2991 3054
f 2991 3055 3054
f 2991 2992 3055
f 2992 3056 3055
f 2992 2993 3056
f 2993 3057 3056
f 2993 2994 3057
f 2994 3058 3057
f 2994 2995 3058
f 2995 3059 3058
f 2995 2996 3059
f 2996 3060 3059
f 2996 2997 3060
f 2997 3061 3060
f 2997 2998 3061
f 2998 3062 3061
f 2998 2999 3062
f 2999 3063 3062
f 2999 3000 3063
f 3000 3064 3063
f 3000 3001 3064
f 3001 3065 3064
f 3001 3002 3065
f 3002 3066 3065
f 3002 3003 3066
f 3003 3067 3066
f 3003 3004 3067
f 3004 3068 3067
f 3004 3005 3068
f 3005 3069 3068
f 3005 3006 3069
f 3006 3070 3069
f 3006 3007 3070
f 3007 3071 3070
f 3007 3008 3071
f 3008 3072 3071
f 3008 2945 3072
f 2945 3009 3072
f 3009 3010 3073
f 3010 3074 3073
f 3010 3011 3074
f 3011 3075 3074
f 3011 3012 3075
f 3012 3076 3075
f 3012 3013 3076
f 3013 3077 3076
f 3013 3014 3077
f 3014 3078 3077
f 3014 3015 3078
f 3015 3079 3078
f 3015 3016 3079
f 3016 3080 3079
f 3016 3017 3080
f 3017 3081 3080
f 3017 3018 3081
f 3018 3082 3081
f 3018 3019 3082
f 3019 3083 3082
f 3019 3020 3083
f 3020 3084 3083
f 3020 3021 3084
f 3021 3085 3084
f 3021 3022 3085
f 3022 3086 3085
f 3022 3023 3086
f 3023 3087 3086
f 3023 3024 3087
f 3024 3088 3087
f 3024 3025 3088
f 3025 3089 3088
f 3025 3026 3089
f 3026 3090 3089
f 3026 3027 3090
f 3027 3091 3090
f 3027 3028 3091
f 3028 3092 3091
f 3028 3029 3092
f 3029 3093 3092
f 3029 3030 3093
f 3030 3094 3093
f 3030 3031 3094
f 3031 3095 3094
f 3031 3032 3095
f 3032 3096 3095
f 3032 3033 3096
f 3033 3097 3096
f 3033 3034 3097
f 3034 3098 3097
f 3034 3035 3098
f 3035 3099 3098
f 3035 3036 3099
f 3036 3100 3099
f 3036 3037 3100
f 3037 3101 3100
f 3037 3038 3101
f 3038 3102 3101
f 3038 3039 3102
f 3039 3103 3102
f 3039 3040 3103
f 3040 3104 3103
f 3040 3041 3104
f 3041 3105 3104
f 3041 3042 3105
f 3042 3106 3105
f 3042 3043 3106
f 3043 3107 3106
f 3043 3044 3107
f 3044 3108 3107
f 3044 3045 3108
f 3045 3109 3108
f 3045 3046 3109
f 3046 3110 3109
f 3046 3047 3110
f 3047 3111 3110
f 3047 3048 3111
f 3048 3112 3111
f 3048 3049 3112
f 3049 3113 3112
f 3049 3050 3113
f 3050 3114 3113
f 3050 3051 3114
f 3051 3115 3114
f 3051 3052 3115
f 3052 3116 3115
f 3052 3053 3116
f 3053 3117 3116
f 3053 3054 3117
f 3054 3118 3117
f 3054 3055 3118
f 3055 3119 3118
f 3055 3056 3119
f 3056 3120 3119
f 3056 3057 3120
f 3057 3121 3120
f 3057 3058 3121
f 3058 3122 3121
f 3058 3059 3122
f 3059 3123 3122
f 3059 3060 3123
f 3060 3124 3123
f 3060 3061 3124
f 3061 3125 3124
f 3061 3062 3125
f 3062 3126 3125
f 3062 3063 3126
f 3063 3127 3126
f 3063 3064 3127
f 3064 3128 3127
f 3064 3065 3128
f 3065 3129 3128
f 3065 3066 3129
f 3066 3130 3129
f 3066 3067 3130
f 3067 3131 3130
f 3067 3068 3131
f 3068 3132 3131
f 3068 3069 3132
f 3069 3133 3132
f 3069 3070 3133
f 3070 3134 3133
f 3070 3071 3134
f 3071 3135 3134
f 3071 3072 3135
f 3072 3136 3135
f 3072 3009 3136
f 3009 3073 3136
f 3073 3074 3137
f 3074 3138 3137
f 3074 3075 3138
f 3075 3139 3138
f 3075 3076 3139
f 3076 3140 3139
f 3076 3077 3140
f 3077 3141 3140
f 3077 3078 3141
f 3078 3142 3141
f 3078 3079 3142
f 3079 3143 3142
f 3079 3080 3143
f 3080 3144 3143
f 3080 3081 3144
f 3081 3145 3144
f 3081 3082 3145
f 3082 3146 3145
f 3082 3083 3146
f 3083 3147 3146
f 3083 3084 3147
f 3084 3148 3147
f 3084 3085 3148
f 3085 3149 3148
f 3085 3086 3149
f 3086 3150 3149
f 3086 3087 3150
f 3087 3151 3150
f 3087 3088 3151
f 3088 3152 3151
f 3088 3089 3152
f 3089 3153 3152
f 3089 3090 3153
f 3090 3154 3153
f 3090 3091 3154
f 3091 3155 3154
f 3091 3092 3155
f 3092 3156 3155
f 3092 3093 3156
f 3093 3157 3156
f 3093 3094 3157
f 3094 3158 3157
f 3094 3095 3158
f 3095 3159 3158
f 3095 3096 3159
f 3096 3160 3159
f 3096 3097 3160
f 3097 3161 3160
f 3097 3098 3161
f 3098 3162 3161
f 3098 3099 3162
f 3099 3163 3162
f 3099 3100 3163
f 3100 3164 3163
f 3100 3101 3164
f 3101 3165 3164
f 3101 3102 3165
f 3102 3166 3165
f 3102 3103 3166
f 3103 3167 3166
f 3103 3104 3167
f 3104 3168 3167
f 3104 3105 3168
f 3105 3169 3168
f 3105 3106 3169
f 3106 3170 3169
f 3106 3107 3170
f 3107 3171 3170
f 3107 3108 3171
f 3108 3172 3171
f 3108 3109 3172
f 3109 3173 3172
f 3109 3110 3173
f 3110 3174 3173
f 3110 3111 3174
f 3111 3175 3174
f 3111 3112 3175
f 3112 3176 3175
f 3112 3113 3176
f 3113 3177 3176
f 3113 3114 3177
f 3114 3178 3177
f 3114 3115 3178
f 3115 3179 3178
f 3115 3116 3179
f 3116 3180 3179
f 3116 3117 3180
f 3117 3181 3180
f 3117 3118 3181
f 3118 3182 3181
f 3118 3119 3182
f 3119 3183 3182
f 3119 3120 3183
f 3120 3184 3183
f 3120 3121 3184
f 3121 3185 3184
f 3121 3122 3185
f 3122 3186 3185
f 3122 3123 3186
f 3123 3187 3186
f 3123 3124 3187
f 3124 3188 3187
f 3124 3125 3188
f 3125 3189 3188
f 3125 3126 3189
f 3126 3190 3189
f 3126 3127 3190
f 3127 3191 3190
f 3127 3128 3191
f 3128 3192 3191
f 3128 3129 3192
f 3129 3193 3192
f 3129 3130 3193
f 3130 3194 3193
f 3130 3131 3194
f 3131 3195 3194
f 3131 3132 3195
f 3132 3196 3195
f 3132 3133 3196
f 3133 3197 3196
f 3133 3134 3197
f 3134 3198 3197
f 3134 3135 3198
f 3135 3199 3198
f 3135 3136 3199
f 3136 3200 3199
f 3136 3073 3200
f 3073 3137 3200
f 3137 3138 3201
f 3138 3202 3201
f 3138 3139 3202
f 3139 3203 3202
f 3139 3140 3203
f 3140 3204 3203
f 3140 3141 3204
f 3141 3205 3204
f 3141 3142 3205
f 3142 3206 3205
f 3142 3143 3206
f 3143 3207 3206
f 3143 3144 3207
f 3144 3208 3207
f 3144 3145 3208
f 3145 3209 3208
f 3145 3146 3209
f 3146 3210 3209
f 3146 3147 3210
f 3147 3211 3210
f 3147 3148 3211
f 3148 3212 3211
f 3148 3149 3212
f 3149 3213 3212
f 3149 3150 3213
f 3150 3214 3213
f 3150 3151 3214
f 3151 3215 3214
f 3151 3152 3215
f 3152 3216 3215
f 3152 3153 3216
f 3153 3217 3216
f 3153 3154 3217
f 3154 3218 3217
f 3154 3155 3218
f 3155 3219 3218
f 3155 3156 3219
f 3156 3220 3219
f 3156 3157 3220
f 3157 3221 3220
f 3157 3158 3221
f 3158 3222 3221
f 3158 3159 3222
f 3159 3223 3222
f 3159 3160 3223
f 3160 3224 3223
f 3160 3161 3224
f 3161 3225 3224
f 3161 3162 3225
f 3162 3226 3225
f 3162 3163 3226
f 3163 3227 3226
f 3163 3164 3227
f 3164 3228 3227
f 3164 3165 3228
f 3165 3229 3228
f 3165 3166 3229
f 3166 3230 3229
f 3166 3167 3230
f 3167 3231 3230
f 3167 3168 3231
f 3168 3232 3231
f 3168 3169 3232
f 3169 3233 3232
f 3169 3170 3233
f 3170 3234 3233
f 3170 3171 3234
f 3171 3235 3234
f 3171 3172 3235
f 3172 3236 3235
f 3172 3173 3236
f 3173 3237 3236
f 3173 3174 3237
f 3174 3238 3237
f 3174 3175 3238
f 3175 3239 3238
f 3175 3176 3239
f 3176 3240 3239
f 3176 3177 3240
f 3177 3241 3240
f 3177 3178 3241
f 3178 3242 3241
f 3178 3179 3242
f 3179 3243 3242
f 3179 3180 3243
f 3180 3244 3243
f 3180 3181 3244
f 3181 3245 3244
f 3181 3182 3245
f 3182 3246 3245
f 3182 3183 3246
f 3183 3247 3246
f 3183 3184 3247
f 3184 3248 3247
f 3184 3185 3248
f 3185 3249 3248
f 3185 3186 3249
f 3186 3250 3249
f 3186 3187 3250
f 3187 3251 3250
f 3187 3188 3251
f 3188 3252 3251
f 3188 3189 3252
f 3189 3253 3252
f 3189 3190 3253
f 3190 3254 3253
f 3190 3191 3254
f 3191 3255 3254
f 3191 3192 3255
f 3192 3256 3255
f 3192 3193 3256
f 3193 3257 3256
f 3193 3194 3257
f 3194 3258 3257
f 3194 3195 3258
f 3195 3259 3258
f 3195 3196 3259
f 3196 3260 3259
f 3196 3197 3260
f 3197 3261 3260
f 3197 3198 3261
f 3198 3262 3261
f 3198 3199 3262
f 3199 3263 3262
f 3199 3200 3263
f 3200 3264 3263
f 3200 3137 3264
f 3137 3201 3264
f 3201 3202 3265
f 3202 3266 3265
f 3202 3203 3266
f 3203 3267 3266
f 3203 3204 3267
f 3204 3268 3267
f 3204 3205 3268
f 3205 3269 3268
f 3205 3206 3269
f 3206 3270 3269
f 3206 3207 3270
f 3207 3271 3270
f 3207 3208 3271
f 3208 3272 3271
f 3208 3209 3272
f 3209 3273 3272
f 3209 3210 3273
f 3210 3274 3273
f 3210 3211 3274
f 3211 3275 3274
f 3211 3212 3275
f 3212 3276 3275
f 3212 3213 3276
f 3213 3277 3276
f 3213 3214 3277
f 3214 3278 3277
f 3214 3215 3278
f 3215 3279 3278
f 3215 3216 3279
f 3216 3280 3279
f 3216 3217 3280
f 3217 3281 3280
f 3217 3218 3281
f 3218 3282 3281
f 3218 3219 3282
f 3219 3283 3282
f 3219 3220 3283
f 3220 3284 3283
f 3220 3221 3284
f 3221 3285 3284
f 3221 3222 3285
f 3222 3286 3285
f 3222 3223 3286
f 3223 3287 3286
f 3223 3224 3287
f 3224 3288 3287
f 3224 3225 3288
f 3225 3289 3288
f 3225 3226 3289
f 3226 3290 3289
f 3226 3227 3290
f 3227 3291 3290
f 3227 3228 3291
f 3228 3292 3291
f 3228 3229 3292
f 3229 3293 3292
f 3229 3230 3293
f 3230 3294 3293
f 3230 3231 3294
f 3231 3295 3294
f 3231 3232 3295
f 3232 3296 3295
f 3232 3233 3296
f 3233 3297 3296
f 3233 3234 3297
f 3234 3298 3297
f 3234 3235 3298
f 3235 3299 3298
f 3235 3236 3299
f 3236 3300 3299
f 3236 3237 3300
f 3237 3301 3300
f 3237 3238 3301
f 3238 3302 3301
f 3238 3239 3302
f 3239 3303 3302
f 3239 3240 3303
f 3240 3304 3303
f 3240 3241 3304
f 3241 3305 3304
f 3241 3242 3305
f 3242 3306 3305
f 3242 3243 3306
f 3243 3307 3306
f 3243 3244 3307
f 3244 3308 3307
f 3244 3245 3308
f 3245 3309 3308
f 3245 3246 3309
f 3246 3310 3309
f 3246 3247 3310
f 3247 3311 3310
f 3247 3248 3311
f 3248 3312 3311
f 3248 3249 3312
f 3249 3313 3312
f 3249 3250 3313
f 3250 3314 3313
f 3250 3251 3314
f 3251 3315 3314
f 3251 3252 3315
f 3252 3316 3315
f 3252 3253 3316
f 3253 3317 3316
f 3253 3254 3317
f 3254 3318 3317
f 3254 3255 3318
f 3255 3319 3318
f 3255 3256 3319
f 3256 3320 3319
f 3256 3257 3320
f 3257 3321 3320
f 3257 3258 3321
f 3258 3322 3321
f 3258 3259 3322
f 3259 3323 3322
f 3259 3260 3323
f 3260 3324 3323
f 3260 3261 3324
f 3261 3325 3324
f 3261 3262 3325
f 3262 3326 3325
f 3262 3263 3326
f 3263 3327 3326
f 3263 3264 3327
f 3264 3328 3327
f 3264 3201 3328
f 3201 3265 3328
f 3265 3266 3329
f 3266 3330 3329
f 3266 3267 3330
f 3267 3331 3330
f 3267 3268 3331
f 3268 3332 3331
f 3268 3269 3332
f 3269 3333 3332
f 3269 3270 3333
f 3270 3334 3333
f 3270 3271 3334
f 3271 3335 3334
f 3271 3272 3335
f 3272 3336 3335
f 3272 3273 3336
f 3273 3337 3336
f 3273 3274 3337
f 3274 3338 3337
f 3274 3275 3338
f 3275 3339 3338
f 3275 3276 3339
f 3276 3340 3339
f 3276 3277 3340
f 3277 3341 3340
f 3277 3278 3341
f 3278 3342 3341
f 3278 3279 3342
f 3279 3343 3342
f 3279 3280 3343
f 3280 3344 3343
f 3280 3281 3344
f 3281 3345 3344
f 3281 3282 3345
f 3282 3346 3345
f 3282 3283 3346
f 3283 3347 3346
f 3283 3284 3347
f 3284 3348 3347
f 3284 3285 3348
f 3285 3349 3348
f 3285 3286 3349
f 3286 3350 3349
f 3286 3287 3350
f 3287 3351 3350
f 3287 3288 3351
f 3288 3352 3351
f 3288 3289 3352
f 3289 3353 3352
f 3289 3290 3353
f 3290 3354 3353
f 3290 3291 3354
f 3291 3355 3354
f 3291 3292 3355
f 3292 3356 3355
f 3292 3293 3356
f 3293 3357 3356
f 3293 3294 3357
f 3294 3358 3357
f 3294 3295 3358
f 3295 3359 3358
f 3295 3296 3359
f 3296 3360 3359
f 3296 3297 3360
f 3297 3361 3360
f 3297 3298 3361
f 3298 3362 3361
f 3298 3299 3362
f 3299 3363 3362
f 3299 3300 3363
f 3300 3364 3363
f 3300 3301 3364
f 3301 3365 3364
f 3301 3302 3365
f 3302 3366 3365
f 3302 3303 3366
f 3303 3367 3366
f 3303 3304 3367
f 3304 3368 3367
f 3304 3305 3368
f 3305 3369 3368
f 3305 3306 3369
f 3306 3370 3369
f 3306 3307 3370
f 3307 3371 3370
f 3307 3308 3371
f 3308 3372 3371
f 3308 3309 3372
f 3309 3373 3372
f 3309 3310 3373
f 3310 3374 3373
f 3310 3311 3374
f 3311 3375 3374
f 3311 3312 3375
f 3312 3376 3375
f 3312 3313 3376
f 3313 3377 3376
f 3313 3314 3377
f 3314 3378 3377
f 3314 3315 3378
f 3315 3379 3378
f 3315 3316 3379
f 3316 3380 3379
f 3316 3317 3380
f 3317 3381 3380
f 3317 3318 3381
f 3318 3382 3381
f 3318 3319 3382
f 3319 3383 3382
f 3319 3320 3383
f 3320 3384 3383
f 3320 3321 3384
f 3321 3385 3384
f 3321 3322 3385
f 3322 3386 3385
f 3322 3323 3386
f 3323 3387 3386
f 3323 3324 3387
f 3324 3388 3387
f 3324 3325 3388
f 3325 3389 3388
f 3325 3326 3389
f 3326 3390 3389
f 3326 3327 3390
f 3327 3391 3390
f 3327 3328 3391
f 3328 3392 3391
f 3328 3265 3392
f 3265 3329 3392
f 3329 3330 3393
f 3330 3394 3393
f 3330 3331 3394
f 3331 3395 3394
f 3331 3332 3395
f 3332 3396 3395
f 3332 3333 3396
f 3333 3397 3396
f 3333 3334 3397
f 3334 3398 3397
f 3334 3335 3398
f 3335 3399 3398
f 3335 3336 3399
f 3336 3400 3399
f 3336 3337 3400
f 3337 3401 3400
f 3337 3338 3401
f 3338 3402 3401
f 3338 3339 3402
f 3339 3403 3402
f 3339 3340 3403
f 3340 3404 3403
f 3340 3341 3404
f 3341 3405 3404
f 3341 3342 3405
f 3342 3406 3405
f 3342 3343 3406
f 3343 3407 3406
f 3343 3344 3407
f 3344 3408 3407
f 3344 3345 3408
f 3345 3409 3408
f 3345 3346 3409
f 3346 3410 3409
f 3346 3347 3410
f 3347 3411 3410
f 3347 3348 3411
f 3348 3412 3411
f 3348 3349 3412
f 3349 3413 3412
f 3349 3350 3413
f 3350 3414 3413
f 3350 3351 3414
f 3351 3415 3414
f 3351 3352 3415
f 3352 3416 3415
f 3352 3353 3416
f 3353 3417 3416
f 3353 3354 3417
f 3354 3418 3417
f 3354 3355 3418
f 3355 3419 3418
f 3355 3356 3419
f 3356 3420 3419
f 3356 3357 3420
f 3357 3421 3420
f 3357 3358 3421
f 3358 3422 3421
f 3358 3359 3422
f 3359 3423 3422
f 3359 3360 3423
f 3360 3424 3423
f 3360 3361 3424
f 3361 3425 3424
f 3361 3362 3425
f 3362 3426 3425
f 3362 3363 3426
f 3363 3427 3426
f 3363 3364 3427
f 3364 3428 3427
f 3364 3365 3428
f 3365 3429 3428
f 3365 3366 3429
f 3366 3430 3429
f 3366 3367 3430
f 3367 3431 3430
f 3367 3368 3431
f 3368 3432 3431
f 3368 3369 3432
f 3369 3433 3432
f 3369 3370 3433
f 3370 3434 3433
f 3370 3371 3434
f 3371 3435 3434
f 3371 3372 3435
f 3372 3436 3435
f 3372 3373 3436
f 3373 3437 3436
f 3373 3374 3437
f 3374 3438 3437
f 3374 3375 3438
f 3375 3439 3438
f 3375 3376 3439
f 3376 3440 3439
f 3376 3377 3440
f 3377 3441 3440
f 3377 3378 3441
f 3378 3442 3441
f 3378 3379 3442
f 3379 3443 3442
f 3379 3380 3443
f 3380 3444 3443
f 3380 3381 3444
f 3381 3445 3444
f 3381 3382 3445
f 3382 3446 3445
f 3382 3383 3446
f 3383 3447 3446
f 3383 3384 3447
f 3384 3448 3447
f 3384 3385 3448
f 3385 3449 3448
f 3385 3386 3449
f 3386 3450 3449
f 3386 3387 3450
f 3387 3451 3450
f 3387 3388 3451
f 3388 3452 3451
f 3388 3389 3452
f 3389 3453 3452
f 3389 3390 3453
f 3390 3454 3453
f 3390 3391 3454
f 3391 3455 3454
f 3391 3392 3455
f 3392 3456 3455
f 3392 3329 3456
f 3329 3393 3456
f 3393 3394 3457
f 3394 3458 3457
f 3394 3395 3458
f 3395 3459 3458
f 3395 3396 3459
f 3396 3460 3459
f 3396 3397 3460
f 3397 3461 3460
f 3397 3398 3461
f 3398 3462 3461
f 3398 3399 3462
f 3399 3463 3462
f 3399 3400 3463
f 3400 3464 3463
f 3400 3401 3464
f 3401 3465 3464
f 3401 3402 3465
f 3402 3466 3465
f 3402 3403 3466
f 3403 3467 3466
f 3403 3404 3467
f 3404 3468 3467
f 3404 3405 3468
f 3405 3469 3468
f 3405 3406 3469
f 3406 3470 3469
f 3406 3407 3470
f 3407 3471 3470
f 3407 3408 3471
f 3408 3472 3471
f 3408 3409 3472
f 3409 3473 3472
f 3409 3410 3473
f 3410 3474 3473
f 3410 3411 3474
f 3411 3475 3474
f 3411 3412 3475
f 3412 3476 3475
f 3412 3413 3476
f 3413 3477 3476
f 3413 3414 3477
f 3414 3478 3477
f 3414 3415 3478
f 3415 3479 3478
f 3415 3416 3479
f 3416 3480 3479
f 3416 3417 3480
f 3417 3481 3480
f 3417 3418 3481
f 3418 3482 3481
f 3418 3419 3482
f 3419 3483 3482
f 3419 3420 3483
f 3420 3484 3483
f 3420 3421 3484
f 3421 3485 3484
f 3421 3422 3485
f 3422 3486 3485
f 3422 3423 3486
f 3423 3487 3486
f 3423 3424 3487
f 3424 3488 3487
f 3424 3425 3488
f 3425 3489 3488
f 3425 3426 3489
f 3426 3490 3489
f 3426 3427 3490
f 3427 3491 3490
f 3427 3428 3491
f 3428 3492 3491
f 3428 3429 3492
f 3429 3493 3492
f 3429 3430 3493
f 3430 3494 3493
f 3430 3431 3494
f 3431 3495 3494
f 3431 3432 3495
f 3432 3496 3495
f 3432 3433 3496
f 3433 3497 3496
f 3433 3434 3497
f 3434 3498 3497
f 3434 3435 3498
f 3435 3499 3498
f 3435 3436 3499
f 3436 3500 3499
f 3436 3437 3500
f 3437 3501 3500
f 3437 3438 3501
f 3438 3502 3501
f 3438 3439 3502
f 3439 3503 3502
f 3439 3440 3503
f 3440 3504 3503
f 3440 3441 3504
f 3441 3505 3504
f 3441 3442 3505
f 3442 3506 3505
f 3442 3443 3506
f 3443 3507 3506
f 3443 3444 3507
f 3444 3508 3507
f 3444 3445 3508
f 3445 3509 3508
f 3445 3446 3509
f 3446 3510 3509
f 3446 3447 3510
f 3447 3511 3510
f 3447 3448 3511
f 3448 3512 3511
f 3448 3449 3512
f 3449 3513 3512
f 3449 3450 3513
f 3450 3514 3513
f 3450 3451 3514
f 3451 3515 3514
f 3451 3452 3515
f 3452 3516 3515
f 3452 3453 3516
f 3453 3517 3516
f 3453 3454 3517
f 3454 3518 3517
f 3454 3455 3518
f 3455 3519 3518
f 3455 3456 3519
f 3456 3520 3519
f 3456 3393 3520
f 3393 3457 3520
f 3457 3458 3521
f 3458 3522 3521
f 3458 3459 3522
f 3459 3523 3522
f 3459 3460 3523
f 3460 3524 3523
f 3460 3461 3524
f 3461 3525 3524
f 3461 3462 3525
f 3462 3526 3525
f 3462 3463 3526
f 3463 3527 3526
f 3463 3464 3527
f 3464 3528 3527
f 3464 3465 3528
f 3465 3529 3528
f 3465 3466 3529
f 3466 3530 3529
f 3466 3467 3530
f 3467 3531 3530
f 3467 3468 3531
f 3468 3532 3531
f 3468 3469 3532
f 3469 3533 3532
f 3469 3470 3533
f 3470 3534 3533
f 3470 3471 3534
f 3471 3535 3534
f 3471 3472 3535
f 3472 3536 3535
f 3472 3473 3536
f 3473 3537 3536
f 3473 3474 3537
f 3474 3538 3537
f 3474 3475 3538
f 3475 3539 3538
f 3475 3476 3539
f 3476 3540 3539
f 3476 3477 3540
f 3477 3541 3540
f 3477 3478 3541
f 3478 3542 3541
f 3478 3479 3542
f 3479 3543 3542
f 3479 3480 3543
f 3480 3544 3543
f 3480 3481 3544
f 3481 3545 3544
f 3481 3482 3545
f 3482 3546 3545
f 3482 3483 3546
f 3483 3547 3546
f 3483 3484 3547
f 3484 3548 3547
f 3484 3485 3548
f 3485 3549 3548
f 3485 3486 3549
f 3486 3550 3549
f 3486 3487 3550
f 3487 3551 3550
f 3487 3488 3551
f 3488 3552 3551
f 3488 3489 3552
f 3489 3553 3552
f 3489 3490 3553
f 3490 3554 3553
f 3490 3491 3554
f 3491 3555 3554
f 3491 3492 3555
f 3492 3556 3555
f 3492 3493 3556
f 3493 3557 3556
f 3493 3494 3557
f 3494 3558 3557
f 3494 3495 3558
f 3495 3559 3558
f 3495 3496 3559
f 3496 3560 3559
f 3496 3497 3560
f 3497 3561 3560
f 3497 3498 3561
f 3498 3562 3561
f 3498 3499 3562
f 3499 3563 3562
f 3499 3500 3563
f 3500 3564 3563
f 3500 3501 3564
f 3501 3565 3564
f 3501 3502 3565
f 3502 3566 3565
f 3502 3503 3566
f 3503 3567 3566
f 3503 3504 3567
f 3504 3568 3567
f 3504 3505 3568
f 3505 3569 3568
f 3505 3506 3569
f 3506 3570 3569
f 3506 3507 3570
f 3507 3571 3570
f 3507 3508 3571
f 3508 3572 3571
f 3508 3509 3572
f 3509 3573 3572
f 3509 3510 3573
f 3510 3574 3573
f 3510 3511 3574
f 3511 3575 3574
f 3511 3512 3575
f 3512 3576 3575
f 3512 3513 3576
f 3513 3577 3576
f 3513 3514 3577
f 3514 3578 3577
f 3514 3515 3578
f 3515 3579 3578
f 3515 3516 3579
f 3516 3580 3579
f 3516 3517 3580
f 3517 3581 3580
f 3517 3518 3581
f 3518 3582 3581
f 3518 3519 3582
f 3519 3583 3582
f 3519 3520 3583
f 3520 3584 3583
f 3520 3457 3584
f 3457 3521 3584
f 3521 3522 3585
f 3522 3586 3585
f 3522 3523 3586
f 3523 3587 3586
f 3523 3524 3587
f 3524 3588 3587
f 3524 3525 3588
f 3525 3589 3588
f 3525 3526 3589
f 3526 3590 3589
f 3526 3527 3590
f 3527 3591 3590
f 3527 3528 3591
f 3528 3592 3591
f 3528 3529 3592
f 3529 3593 3592
f 3529 3530 3593
f 3530 3594 3593
f 3530 3531 3594
f 3531 3595 3594
f 3531 3532 3595
f 3532 3596 3595
f 3532 3533 3596
f 3533 3597 3596
f 3533 3534 3597
f 3534 3598 3597
f 3534 3535 3598
f 3535 3599 3598
f 3535 3536 3599
f 3536 3600 3599
f 3536 3537 3600
f 3537 3601 3600
f 3537 3538 3601
f 3538 3602 3601
f 3538 3539 3602
f 3539 3603 3602
f 3539 3540 3603
f 3540 3604 3603
f 3540 3541 3604
f 3541 3605 3604
f 3541 3542 3605
f 3542 3606 3605
f 3542 3543 3606
f 3543 3607 3606
f 3543 3544 3607
f 3544 3608 3607
f 3544 3545 3608
f 3545 3609 3608
f 3545 3546 3609
f 3546 3610 3609
f 3546 3547 3610
f 3547 3611 3610
f 3547 3548 3611
f 3548 3612 3611
f 3548 3549 3612
f 3549 3613 3612
f 3549 3550 3613
f 3550 3614 3613
f 3550 3551 3614
f 3551 3615 3614
f 3551 3552 3615
f 3552 3616 3615
f 3552 3553 3616
f 3553 3617 3616
f 3553 3554 3617
f 3554 3618 3617
f 3554 3555 3618
f 3555 3619 3618
f 3555 3556 3619
f 3556 3620 3619
f 3556 3557 3620
f 3557 3621 3620
f 3557 3558 3621
f 3558 3622 3621
f 3558 3559 3622
f 3559 3623 3622
f 3559 3560 3623
f 3560 3624 3623
f 3560 3561 3624
f 3561 3625 3624
f 3561 3562 3625
f 3562 3626 3625
f 3562 3563 3626
f 3563 3627 3626
f 3563 3564 3627
f 3564 3628 3627
f 3564 3565 3628
f 3565 3629 3628
f 3565 3566 3629
f 3566 3630 3629
f 3566 3567 3630
f 3567 3631 3630
f 3567 3568 3631
f 3568 3632 3631
f 3568 3569 3632
f 3569 3633 3632
f 3569 3570 3633
f 3570 3634 3633
f 3570 3571 3634
f 3571 3635 3634
f 3571 3572 3635
f 3572 3636 3635
f 3572 3573 3636
f 3573 3637 3636
f 3573 3574 3637
f 3574 3638 3637
f 3574 3575 3638
f 3575 3639 3638
f 3575 3576 3639
f 3576 3640 3639
f 3576 3577 3640
f 3577 3641 3640
f 3577 3578 3641
f 3578 3642 3641
f 3578 3579 3642
f 3579 3643 3642
f 3579 3580 3643
f 3580 3644 3643
f 3580 3581 3644
f 3581 3645 3644
f 3581 3582 3645
f 3582 3646 3645
f 3582 3583 3646
f 3583 3647 3646
f 3583 3584 3647
f 3584 3648 3647
f 3584 3521 3648
f 3521 3585 3648
f 3585 3586 3649
f 3586 3650 3649
f 3586 3587 3650
f 3587 3651 3650
f 3587 3588 3651
f 3588 3652 3651
f 3588 3589 3652
f 3589 3653 3652
f 3589 3590 3653
f 3590 3654 3653
f 3590 3591 3654
f 3591 3655 3654
f 3591 3592 3655
f 3592 3656 3655
f 3592 3593 3656
f 3593 3657 3656
f 3593 3594 3657
f 3594 3658 3657
f 3594 3595 3658
f 3595 3659 3658
f 3595 3596 3659
f 3596 3660 3659
f 3596 3597 3660
f 3597 3661 3660
f 3597 3598 3661
f 3598 3662 3661
f 3598 3599 3662
f 3599 3663 3662
f 3599 3600 3663
f 3600 3664 3663
f 3600 3601 3664
f 3601 3665 3664
f 3601 3602 3665
f 3602 3666 3665
f 3602 3603 3666
f 3603 3667 3666
f 3603 3604 3667
f 3604 3668 3667
f 3604 3605 3668
f 3605 3669 3668
f 3605 3606 3669
f 3606 3670 3669
f 3606 3607 3670
f 3607 3671 3670
f 3607 3608 3671
f 3608 3672 3671
f 3608 3609 3672
f 3609 3673 3672
f 3609 3610 3673
f 3610 3674 3673
f 3610 3611 3674
f 3611 3675 3674
f 3611 3612 3675
f 3612 3676 3675
f 3612 3613 3676
f 3613 3677 3676
f 3613 3614 3677
f 3614 3678 3677
f 3614 3615 3678
f 3615 3679 3678
f 3615 3616 3679
f 3616 3680 3679
f 3616 3617 3680
f 3617 3681 3680
f 3617 3618 3681
f 3618 3682 3681
f 3618 3619 3682
f 3619 3683 3682
f 3619 3620 3683
f 3620 3684 3683
f 3620 3621 3684
f 3621 3685 3684
f 3621 3622 3685
f 3622 3686 3685
f 3622 3623 3686
f 3623 3687 3686
f 3623 3624 3687
f 3624 3688 3687
f 3624 3625 3688
f 3625 3689 3688
f 3625 3626 3689
f 3626 3690 3689
f 3626 3627 3690
f 3627 3691 3690
f 3627 3628 3691
f 3628 3692 3691
f 3628 3629 3692
f 3629 3693 3692
f 3629 3630 3693
f 3630 3694 3693
f 3630 3631 3694
f 3631 3695 3694
f 3631 3632 3695
f 3632 3696 3695
f 3632 3633 3696
f 3633 3697 3696
f 3633 3634 3697
f 3634 3698 3697
f 3634 3635 3698
f 3635 3699 3698
f 3635 3636 3699
f 3636 3700 3699
f 3636 3637 3700
f 3637 3701 3700
f 3637 3638 3701
f 3638 3702 3701
f 3638 3639 3702
f 3639 3703 3702
f 3639 3640 3703
f 3640 3704 3703
f 3640 3641 3704
f 3641 3705 3704
f 3641 3642 3705
f 3642 3706 3705
f 3642 3643 3706
f 3643 3707 3706
f 3643 3644 3707
f 3644 3708 3707
f 3644 3645 3708
f 3645 3709 3708
f 3645 3646 3709
f 3646 3710 3709
f 3646 3647 3710
f 3647 3711 3710
f 3647 3648 3711
f 3648 3712 3711
f 3648 3585 3712
f 3585 3649 3712
f 3649 3650 3713
f 3650 3714 3713
f 3650 3651 3714
f 3651 3715 3714
f 3651 3652 3715
f 3652 3716 3715
f 3652 3653 3716
f 3653 3717 3716
f 3653 3654 3717
f 3654 3718 3717
f 3654 3655 3718
f 3655 3719 3718
f 3655 3656 3719
f 3656 3720 3719
f 3656 3657 3720
f 3657 3721 3720
f 3657 3658 3721
f 3658 3722 3721
f 3658 3659 3722
f 3659 3723 3722
f 3659 3660 3723
f 3660 3724 3723
f 3660 3661 3724
f 3661 3725 3724
f 3661 3662 3725
f 3662 3726 3725
f 3662 3663 3726
f 3663 3727 3726
f 3663 3664 3727
f 3664 3728 3727
f 3664 3665 3728
f 3665 3729 3728
f 3665 3666 3729
f 3666 3730 3729
f 3666 3667 3730
f 3667 3731 3730
f 3667 3668 3731
f 3668 3732 3731
f 3668 3669 3732
f 3669 3733 3732
f 3669 3670 3733
f 3670 3734 3733
f 3670 3671 3734
f 3671 3735 3734
f 3671 3672 3735
f 3672 3736 3735
f 3672 3673 3736
f 3673 3737 3736
f 3673 3674 3737
f 3674 3738 3737
f 3674 3675 3738
f 3675 3739 3738
f 3675 3676 3739
f 3676 3740 3739
f 3676 3677 3740
f 3677 3741 3740
f 3677 3678 3741
f 3678 3742 3741
f 3678 3679 3742
f 3679 3743 3742
f 3679 3680 3743
f 3680 3744 3743
f 3680 3681 3744
f 3681 3745 3744
f 3681 3682 3745
f 3682 3746 3745
f 3682 3683 3746
f 3683 3747 3746
f 3683 3684 3747
f 3684 3748 3747
f 3684 3685 3748
f 3685 3749 3748
f 3685 3686 3749
f 3686 3750 3749
f 3686 3687 3750
f 3687 3751 3750
f 3687 3688 3751
f 3688 3752 3751
f 3688 3689 3752
f 3689 3753 3752
f 3689 3690 3753
f 3690 3754 3753
f 3690 3691 3754
f 3691 3755 3754
f 3691 3692 3755
f 3692 3756 3755
f 3692 3693 3756
f 3693 3757 3756
f 3693 3694 3757
f 3694 3758 3757
f 3694 3695 3758
f 3695 3759 3758
f 3695 3696 3759
f 3696 3760 3759
f 3696 3697 3760
f 3697 3761 3760
f 3697 3698 3761
f 3698 3762 3761
f 3698 3699 3762
f 3699 3763 3762
f 3699 3700 3763
f 3700 3764 3763
f 3700 3701 3764
f 3701 3765 3764
f 3701 3702 3765
f 3702 3766 3765
f 3702 3703 3766
f 3703 3767 3766
f 3703 3704 3767
f 3704 3768 3767
f 3704 3705 3768
f 3705 3769 3768
f 3705 3706 3769
f 3706 3770 3769
f 3706 3707 3770
f 3707 3771 3770
f 3707 3708 3771
f 3708 3772 3771
f 3708 3709 3772
f 3709 3773 3772
f 3709 3710 3773
f 3710 3774 3773
f 3710 3711 3774
f 3711 3775 3774
f 3711 3712 3775
f 3712 3776 3775
f 3712 3649 3776
f 3649 3713 3776
f 3713 3714 3777
f 3714 3778 3777
f 3714 3715 3778
f 3715 3779 3778
f 3715 3716 3779
f 3716 3780 3779
f 3716 3717 3780
f 3717 3781 3780
f 3717 3718 3781
f 3718 3782 3781
f 3718 3719 3782
f 3719 3783 3782
f 3719 3720 3783
f 3720 3784 3783
f 3720 3721 3784
f 3721 3785 3784
f 3721 3722 3785
f 3722 3786 3785
f 3722 3723 3786
f 3723 3787 3786
f 3723 3724 3787
f 3724 3788 3787
f 3724 3725 3788
f 3725 3789 3788
f 3725 3726 3789
f 3726 3790 3789
f 3726 3727 3790
f 3727 3791 3790
f 3727 3728 3791
f 3728 3792 3791
f 3728 3729 3792
f 3729 3793 3792
f 3729 3730 3793
f 3730 3794 3793
f 3730 3731 3794
f 3731 3795 3794
f 3731 3732 3795
f 3732 3796 3795
f 3732 3733 3796
f 3733 3797 3796
f 3733 3734 3797
f 3734 3798 3797
f 3734 3735 3798
f 3735 3799 3798
f 3735 3736 3799
f 3736 3800 3799
f 3736 3737 3800
f 3737 3801 3800
f 3737 3738 3801
f 3738 3802 3801
f 3738 3739 3802
f 3739 3803 3802
f 3739 3740 3803
f 3740 3804 3803
f 3740 3741 3804
f 3741 3805 3804
f 3741 3742 3805
f 3742 3806 3805
f 3742 3743 3806
f 3743 3807 3806
f 3743 3744 3807
f 3744 3808 3807
f 3744 3745 3808
f 3745 3809 3808
f 3745 3746 3809
f 3746 3810 3809
f 3746 3747 3810
f 3747 3811 3810
f 3747 3748 3811
f 3748 3812 3811
f 3748 3749 3812
f 3749 3813 3812
f 3749 3750 3813
f 3750 3814 3813
f 3750 3751 3814
f 3751 3815 3814
f 3751 3752 3815
f 3752 3816 3815
f 3752 3753 3816
f 3753 3817 3816
f 3753 3754 3817
f 3754 3818 3817
f 3754 3755 3818
f 3755 3819 3818
f 3755 3756 3819
f 3756 3820 3819
f 3756 3757 3820
f 3757 3821 3820
f 3757 3758 3821
f 3758 3822 3821
f 3758 3759 3822
f 3759 3823 3822
f 3759 3760 3823
f 3760 3824 3823
f 3760 3761 3824
f 3761 3825 3824
f 3761 3762 3825
f 3762 3826 3825
f 3762 3763 3826
f 3763 3827 3826
f 3763 3764 3827
f 3764 3828 3827
f 3764 3765 3828
f 3765 3829 3828
f 3765 3766 3829
f 3766 3830 3829
f 3766 3767 3830
f 3767 3831 3830
f 3767 3768 3831
f 3768 3832 3831
f 3768 3769 3832
f 3769 3833 3832
f 3769 3770 3833
f 3770 3834 3833
f 3770 3771 3834
f 3771 3835 3834
f 3771 3772 3835
f 3772 3836 3835
f 3772 3773 3836
f 3773 3837 3836
f 3773 3774 3837
f 3774 3838 3837
f 3774 3775 3838
f 3775 3839 3838
f 3775 3776 3839
f 3776 3840 3839
f 3776 3713 3840
f 3713 3777 3840
f 3777 3778 3841
f 3778 3842 3841
f 3778 3779 3842
f 3779 3843 3842
f 3779 3780 3843
f 3780 3844 3843
f 3780 3781 3844
f 3781 3845 3844
f 3781 3782 3845
f 3782 3846 3845
f 3782 3783 3846
f 3783 3847 3846
f 3783 3784 3847
f 3784 3848 3847
f 3784 3785 3848
f 3785 3849 3848
f 3785 3786 3849
f 3786 3850 3849
f 3786 3787 3850
f 3787 3851 3850
f 3787 3788 3851
f 3788 3852 3851
f 3788 3789 3852
f 3789 3853 3852
f 3789 3790 3853
f 3790 3854 3853
f 3790 3791 3854
f 3791 3855 3854
f 3791 3792 3855
f 3792 3856 3855
f 3792 3793 3856
f 3793 3857 3856
f 3793 3794 3857
f 3794 3858 3857
f 3794 3795 3858
f 3795 3859 3858
f 3795 3796 3859
f 3796 3860 3859
f 3796 3797 3860
f 3797 3861 3860
f 3797 3798 3861
f 3798 3862 3861
f 3798 3799 3862
f 3799 3863 3862
f 3799 3800 3863
f 3800 3864 3863
f 3800 3801 3864
f 3801 3865 3864
f 3801 3802 3865
f 3802 3866 3865
f 3802 3803 3866
f 3803 3867 3866
f 3803 3804 3867
f 3804 3868 3867
f 3804 3805 3868
f 3805 3869 3868
f 3805 3806 3869
f 3806 3870 3869
f 3806 3807 3870
f 3807 3871 3870
f 3807 3808 3871
f 3808 3872 3871
f 3808 3809 3872
f 3809 3873 3872
f 3809 3810 3873
f 3810 3874 3873
f 3810 3811 3874
f 3811 3875 3874
f 3811 3812 3875
f 3812 3876 3875
f 3812 3813 3876
f 3813 3877 3876
f 3813 3814 3877
f 3814 3878 3877
f 3814 3815 3878
f 3815 3879 3878
f 3815 3816 3879
f 3816 3880 3879
f 3816 3817 3880
f 3817 3881 3880
f 3817 3818 3881
f 3818 3882 3881
f 3818 3819 3882
f 3819 3883 3882
f 3819 3820 3883
f 3820 3884 3883
f 3820 3821 3884
f 3821 3885 3884
f 3821 3822 3885
f 3822 3886 3885
f 3822 3823 3886
f 3823 3887 3886
f 3823 3824 3887
f 3824 3888 3887
f 3824 3825 3888
f 3825 3889 3888
f 3825 3826 3889
f 3826 3890 3889
f 3826 3827 3890
f 3827 3891 3890
f 3827 3828 3891
f 3828 3892 3891
f 3828 3829 3892
f 3829 3893 3892
f 3829 3830 3893
f 3830 3894 3893
f 3830 3831 3894
f 3831 3895 3894
f 3831 3832 3895
f 3832 3896 3895
f 3832 3833 3896
f 3833 3897 3896
f 3833 3834 3897
f 3834 3898 3897
f 3834 3835 3898
f 3835 3899 3898
f 3835 3836 3899
f 3836 3900 3899
f 3836 3837 3900
f 3837 3901 3900
f 3837 3838 3901
f 3838 3902 3901
f 3838 3839 3902
f 3839 3903 3902
f 3839 3840 3903
f 3840 3904 3903
f 3840 3777 3904
f 3777 3841 3904
f 3841 3842 3905
f 3842 3906 3905
f 3842 3843 3906
f 3843 3907 3906
f 3843 3844 3907
f 3844 3908 3907
f 3844 3845 3908
f 3845 3909 3908
f 3845 3846 3909
f 3846 3910 3909
f 3846 3847 3910
f 3847 3911 3910
f 3847 3848 3911
f 3848 3912 3911
f 3848 3849 3912
f 3849 3913 3912
f 3849 3850 3913
f 3850 3914 3913
f 3850 3851 3914
f 3851 3915 3914
f 3851 3852 3915
f 3852 3916 3915
f 3852 3853 3916
f 3853 3917 3916
f 3853 3854 3917
f 3854 3918 3917
f 3854 3855 3918
f 3855 3919 3918
f 3855 3856 3919
f 3856 3920 3919
f 3856 3857 3920
f 3857 3921 3920
f 3857 3858 3921
f 3858 3922 3921
f 3858 3859 3922
f 3859 3923 3922
f 3859 3860 3923
f 3860 3924 3923
f 3860 3861 3924
f 3861 3925 3924
f 3861 3862 3925
f 3862 3926 3925
f 3862 3863 3926
f 3863 3927 3926
f 3863 3864 3927
f 3864 3928 3927
f 3864 3865 3928
f 3865 3929 3928
f 3865 3866 3929
f 3866 3930 3929
f 3866 3867 3930
f 3867 3931 3930
f 3867 3868 3931
f 3868 3932 3931
f 3868 3869 3932
f 3869 3933 3932
f 3869 3870 3933
f 3870 3934 3933
f 3870 3871 3934
f 3871 3935 3934
f 3871 3872 3935
f 3872 3936 3935
f 3872 3873 3936
f 3873 3937 3936
f 3873 3874 3937
f 3874 3938 3937
f 3874 3875 3938
f 3875 3939 3938
f 3875 3876 3939
f 3876 3940 3939
f 3876 3877 3940
f 3877 3941 3940
f 3877 3878 3941
f 3878 3942 3941
f 3878 3879 3942
f 3879 3943 3942
f 3879 3880 3943
f 3880 3944 3943
f 3880 3881 3944
f 3881 3945 3944
f 3881 3882 3945
f 3882 3946 3945
f 3882 3883 3946
f 3883 3947 3946
f 3883 3884 3947
f 3884 3948 3947
f 3884 3885 3948
f 3885 3949 3948
f 3885 3886 3949
f 3886 3950 3949
f 3886 3887 3950
f 3887 3951 3950
f 3887 3888 3951
f 3888 3952 3951
f 3888 3889 3952
f 3889 3953 3952
f 3889 3890 3953
f 3890 3954 3953
f 3890 3891 3954
f 3891 3955 3954
f 3891 3892 3955
f 3892 3956 3955
f 3892 3893 3956
f 3893 3957 3956
f 3893 3894 3957
f 3894 3958 3957
f 3894 3895 3958
f 3895 3959 3958
f 3895 3896 3959
f 3896 3960 3959
f 3896 3897 3960
f 3897 3961 3960
f 3897 3898 3961
f 3898 3962 3961
f 3898 3899 3962
f 3899 3963 3962
f 3899 3900 3963
f 3900 3964 3963
f 3900 3901 3964
f 3901 3965 3964
f 3901 3902 3965
f 3902 3966 3965
f 3902 3903 3966
f 3903 3967 3966
f 3903 3904 3967
f 3904 3968 3967
f 3904 3841 3968
f 3841 3905 3968
f 3905 3906 3969
f 3906 3970 3969
f 3906 3907 3970
f 3907 3971 3970
f 3907 3908 3971
f 3908 3972 3971
f 3908 3909 3972
f 3909 3973 3972
f 3909 3910 3973
f 3910 3974 3973
f 3910 3911 3974
f 3911 3975 3974
f 3911 3912 3975
f 3912 3976 3975
f 3912 3913 3976
f 3913 3977 3976
f 3913 3914 3977
f 3914 3978 3977
f 3914 3915 3978
f 3915 3979 3978
f 3915 3916 3979
f 3916 3980 3979
f 3916 3917 3980
f 3917 3981 3980
f 3917 3918 3981
f 3918 3982 3981
f 3918 3919 3982
f 3919 3983 3982
f 3919 3920 3983
f 3920 3984 3983
f 3920 3921 3984
f 3921 3985 3984
f 3921 3922 3985
f 3922 3986 3985
f 3922 3923 3986
f 3923 3987 3986
f 3923 3924 3987
f 3924 3988 3987
f 3924 3925 3988
f 3925 3989 3988
f 3925 3926 3989
f 3926 3990 3989
f 3926 3927 3990
f 3927 3991 3990
f 3927 3928 3991
f 3928 3992 3991
f 3928 3929 3992
f 3929 3993 3992
f 3929 3930 3993
f 3930 3994 3993
f 3930 3931 3994
f 3931 3995 3994
f 3931 3932 3995
f 3932 3996 3995
f 3932 3933 3996
f 3933 3997 3996
f 3933 3934 3997
f 3934 3998 3997
f 3934 3935 3998
f 3935 3999 3998
f 3935 3936 3999
f 3936 4000 3999
f 3936 3937 4000
f 3937 4001 4000
f 3937 3938 4001
f 3938 4002 4001
f 3938 3939 4002
f 3939 4003 4002
f 3939 3940 4003
f 3940 4004 4003
f 3940 3941 4004
f 3941 4005 4004
f 3941 3942 4005
f 3942 4006 4005
f 3942 3943 4006
f 3943 4007 4006
f 3943 3944 4007
f 3944 4008 4007
f 3944 3945 4008
f 3945 4009 4008
f 3945 3946 4009
f 3946 4010 4009
f 3946 3947 4010
f 3947 4011 4010
f 3947 3948 4011
f 3948 4012 4011
f 3948 3949 4012
f 3949 4013 4012
f 3949 3950 4013
f 3950 4014 4013
f 3950 3951 4014
f 3951 4015 4014
f 3951 3952 4015
f 3952 4016 4015
f 3952 3953 4016
f 3953 4017 4016
f 3953 3954 4017
f 3954 4018 4017
f 3954 3955 4018
f 3955 4019 4018
f 3955 3956 4019
f 3956 4020 4019
f 3956 3957 4020
f 3957 4021 4020
f 3957 3958 4021
f 3958 4022 4021
f 3958 3959 4022
f 3959 4023 4022
f 3959 3960 4023
f 3960 4024 4023
f 3960 3961 4024
f 3961 4025 4024
f 3961 3962 4025
f 3962 4026 4025
f 3962 3963 4026
f 3963 4027 4026
f 3963 3964 4027
f 3964 4028 4027
f 3964 3965 4028
f 3965 4029 4028
f 3965 3966 4029
f 3966 4030 4029
f 3966 3967 4030
f 3967 4031 4030
f 3967 3968 4031
f 3968 4032 4031
f 3968 3905 4032
f 3905 3969 4032
f 3969 3970 4033
f 3970 4034 4033
f 3970 3971 4034
f 3971 4035 4034
f 3971 3972 4035
f 3972 4036 4035
f 3972 3973 4036
f 3973 4037 4036
f 3973 3974 4037
f 3974 4038 4037
f 3974 3975 4038
f 3975 4039 4038
f 3975 3976 4039
f 3976 4040 4039
f 3976 3977 4040
f 3977 4041 4040
f 3977 3978 4041
f 3978 4042 4041
f 3978 3979 4042
f 3979 4043 4042
f 3979 3980 4043
f 3980 4044 4043
f 3980 3981 4044
f 3981 4045 4044
f 3981 3982 4045
f 3982 4046 4045
f 3982 3983 4046
f 3983 4047 4046
f 3983 3984 4047
f 3984 4048 4047
f 3984 3985 4048
f 3985 4049 4048
f 3985 3986 4049
f 3986 4050 4049
f 3986 3987 4050
f 3987 4051 4050
f 3987 3988 4051
f 3988 4052 4051
f 3988 3989 4052
f 3989 4053 4052
f 3989 3990 4053
f 3990 4054 4053
f 3990 3991 4054
f 3991 4055 4054
f 3991 3992 4055
f 3992 4056 4055
f 3992 3993 4056
f 3993 4057 4056
f 3993 3994 4057
f 3994 4058 4057
f 3994 3995 4058
f 3995 4059 4058
f 3995 3996 4059
f 3996 4060 4059
f 3996 3997 4060
f 3997 4061 4060
f 3997 3998 4061
f 3998 4062 4061
f 3998 3999 4062
f 3999 4063 4062
f 3999 4000 4063
f 4000 4064 4063
f 4000 4001 4064
f 4001 4065 4064
f 4001 4002 4065
f 4002 4066 4065
f 4002 4003 4066
f 4003 4067 4066
f 4003 4004 4067
f 4004 4068 4067
f 4004 4005 4068
f 4005 4069 4068
f 4005 4006 4069
f 4006 4070 4069
f 4006 4007 4070
f 4007 4071 4070
f 4007 4008 4071
f 4008 4072 4071
f 4008 4009 4072
f 4009 4073 4072
f 4009 4010 4073
f 4010 4074 4073
f 4010 4011 4074
f 4011 4075 4074
f 4011 4012 4075
f 4012 4076 4075
f 4012 4013 4076
f 4013 4077 4076
f 4013 4014 4077
f 4014 4078 4077
f 4014 4015 4078
f 4015 4079 4078
f 4015 4016 4079
f 4016 4080 4079
f 4016 4017 4080
f 4017 4081 4080
f 4017 4018 4081
f 4018 4082 4081
f 4018 4019 4082
f 4019 4083 4082
f 4019 4020 4083
f 4020 4084 4083
f 4020 4021 4084
f 4021 4085 4084
f 4021 4022 4085
f 4022 4086 4085
f 4022 4023 4086
f 4023 4087 4086
f 4023 4024 4087
f 4024 4088 4087
f 4024 4025 4088
f 4025 4089 4088
f 4025 4026 4089
f 4026 4090 4089
f 4026 4027 4090
f 4027 4091 4090
f 4027 4028 4091
f 4028 4092 4091
f 4028 4029 4092
f 4029 4093 4092
f 4029 4030 4093
f 4030 4094 4093
f 4030 4031 4094
f 4031 4095 4094
f 4031 4032 4095
f 4032 4096 4095
f 4032 3969 4096
f 3969 4033 4096
f 4033 4034 4097
f 4034 4098 4097
f 4034 4035 4098
f 4035 4099 4098
f 4035 4036 4099
f 4036 4100 4099
f 4036 4037 4100
f 4037 4101 4100
f 4037 4038 4101
f 4038 4102 4101
f 4038 4039 4102
f 4039 4103 4102
f 4039 4040 4103
f 4040 4104 4103
f 4040 4041 4104
f 4041 4105 4104
f 4041 4042 4105
f 4042 4106 4105
f 4042 4043 4106
f 4043 4107 4106
f 4043 4044 4107
f 4044 4108 4107
f 4044 4045 4108
f 4045 4109 4108
f 4045 4046 4109
f 4046 4110 4109
f 4046 4047 4110
f 4047 4111 4110
f 4047 4048 4111
f 4048 4112 4111
f 4048 4049 4112
f 4049 4113 4112
f 4049 4050 4113
f 4050 4114 4113
f 4050 4051 4114
f 4051 4115 4114
f 4051 4052 4115
f 4052 4116 4115
f 4052 4053 4116
f 4053 4117 4116
f 4053 4054 4117
f 4054 4118 4117
f 4054 4055 4118
f 4055 4119 4118
f 4055 4056 4119
f 4056 4120 4119
f 4056 4057 4120
f 4057 4121 4120
f 4057 4058 4121
f 4058 4122 4121
f 4058 4059 4122
f 4059 4123 4122
f 4059 4060 4123
f 4060 4124 4123
f 4060 4061 4124
f 4061 4125 4124
f 4061 4062 4125
f 4062 4126 4125
f 4062 4063 4126
f 4063 4127 4126
f 4063 4064 4127
f 4064 4128 4127
f 4064 4065 4128
f 4065 4129 4128
f 4065 4066 4129
f 4066 4130 4129
f 4066 4067 4130
f 4067 4131 4130
f 4067 4068 4131
f 4068 4132 4131
f 4068 4069 4132
f 4069 4133 4132
f 4069 4070 4133
f 4070 4134 4133
f 4070 4071 4134
f 4071 4135 4134
f 4071 4072 4135
f 4072 4136 4135
f 4072 4073 4136
f 4073 4137 4136
f 4073 4074 4137
f 4074 4138 4137
f 4074 4075 4138
f 4075 4139 4138
f 4075 4076 4139
f 4076 4140 4139
f 4076 4077 4140
f 4077 4141 4140
f 4077 4078 4141
f 4078 4142 4141
f 4078 4079 4142
f 4079 4143 4142
f 4079 4080 4143
f 4080 4144 4143
f 4080 4081 4144
f 4081 4145 4144
f 4081 4082 4145
f 4082 4146 4145
f 4082 4083 4146
f 4083 4147 4146
f 4083 4084 4147
f 4084 4148 4147
f 4084 4085 4148
f 4085 4149 4148
f 4085 4086 4149
f 4086 4150 4149
f 4086 4087 4150
f 4087 4151 4150
f 4087 4088 4151
f 4088 4152 4151
f 4088 4089 4152
f 4089 4153 4152
f 4089 4090 4153
f 4090 4154 4153
f 4090 4091 4154
f 4091 4155 4154
f 4091 4092 4155
f 4092 4156 4155
f 4092 4093 4156
f 4093 4157 4156
f 4093 4094 4157
f 4094 4158 4157
f 4094 4095 4158
f 4095 4159 4158
f 4095 4096 4159
f 4096 4160 4159
f 4096 4033 4160
f 4033 4097 4160
f 4097 4098 4161
f 4098 4162 4161
f 4098 4099 4162
f 4099 4163 4162
f 4099 4100 4163
f 4100 4164 4163
f 4100 4101 4164
f 4101 4165 4164
f 4101 4102 4165
f 4102 4166 4165
f 4102 4103 4166
f 4103 4167 4166
f 4103 4104 4167
f 4104 4168 4167
f 4104 4105 4168
f 4105 4169 4168
f 4105 4106 4169
f 4106 4170 4169
f 4106 4107 4170
f 4107 4171 4170
f 4107 4108 4171
f 4108 4172 4171
f 4108 4109 4172
f 4109 4173 4172
f 4109 4110 4173
f 4110 4174 4173
f 4110 4111 4174
f 4111 4175 4174
f 4111 4112 4175
f 4112 4176 4175
f 4112 4113 4176
f 4113 4177 4176
f 4113 4114 4177
f 4114 4178 4177
f 4114 4115 4178
f 4115 4179 4178
f 4115 4116 4179
f 4116 4180 4179
f 4116 4117 4180
f 4117 4181 4180
f 4117 4118 4181
f 4118 4182 4181
f 4118 4119 4182
f 4119 4183 4182
f 4119 4120 4183
f 4120 4184 4183
f 4120 4121 4184
f 4121 4185 4184
f 4121 4122 4185
f 4122 4186 4185
f 4122 4123 4186
f 4123 4187 4186
f 4123 4124 4187
f 4124 4188 4187
f 4124 4125 4188
f 4125 4189 4188
f 4125 4126 4189
f 4126 4190 4189
f 4126 4127 4190
f 4127 4191 4190
f 4127 4128 4191
f 4128 4192 4191
f 4128 4129 4192
f 4129 4193 4192
f 4129 4130 4193
f 4130 4194 4193
f 4130 4131 4194
f 4131 4195 4194
f 4131 4132 4195
f 4132 4196 4195
f 4132 4133 4196
f 4133 4197 4196
f 4133 4134 4197
f 4134 4198 4197
f 4134 4135 4198
f 4135 4199 4198
f 4135 4136 4199
f 4136 4200 4199
f 4136 4137 4200
f 4137 4201 4200
f 4137 4138 4201
f 4138 4202 4201
f 4138 4139 4202
f 4139 4203 4202
f 4139 4140 4203
f 4140 4204 4203
f 4140 4141 4204
f 4141 4205 4204
f 4141 4142 4205
f 4142 4206 4205
f 4142 4143 4206
f 4143 4207 4206
f 4143 4144 4207
f 4144 4208 4207
f 4144 4145 4208
f 4145 4209 4208
f 4145 4146 4209
f 4146 4210 4209
f 4146 4147 4210
f 4147 4211 4210
f 4147 4148 4211
f 4148 4212 4211
f 4148 4149 4212
f 4149 4213 4212
f 4149 4150 4213
f 4150 4214 4213
f 4150 4151 4214
f 4151 4215 4214
f 4151 4152 4215
f 4152 4216 4215
f 4152 4153 4216
f 4153 4217 4216
f 4153 4154 4217
f 4154 4218 4217
f 4154 4155 4218
f 4155 4219 4218
f 4155 4156 4219
f 4156 4220 4219
f 4156 4157 4220
f 4157 4221 4220
f 4157 4158 4221
f 4158 4222 4221
f 4158 4159 4222
f 4159 4223 4222
f 4159 4160 4223
f 4160 4224 4223
f 4160 4097 4224
f 4097 4161 4224
f 4161 4162 4225
f 4162 4226 4225
f 4162 4163 4226
f 4163 4227 4226
f 4163 4164 4227
f 4164 4228 4227
f 4164 4165 4228
f 4165 4229 4228
f 4165 4166 4229
f 4166 4230 4229
f 4166 4167 4230
f 4167 4231 4230
f 4167 4168 4231
f 4168 4232 4231
f 4168 4169 4232
f 4169 4233 4232
f 4169 4170 4233
f 4170 4234 4233
f 4170 4171 4234
f 4171 4235 4234
f 4171 4172 4235
f 4172 4236 4235
f 4172 4173 4236
f 4173 4237 4236
f 4173 4174 4237
f 4174 4238 4237
f 4174 4175 4238
f 4175 4239 4238
f 4175 4176 4239
f 4176 4240 4239
f 4176 4177 4240
f 4177 4241 4240
f 4177 4178 4241
f 4178 4242 4241
f 4178 4179 4242
f 4179 4243 4242
f 4179 4180 4243
f 4180 4244 4243
f 4180 4181 4244
f 4181 4245 4244
f 4181 4182 4245
f 4182 4246 4245
f 4182 4183 4246
f 4183 4247 4246
f 4183 4184 4247
f 4184 4248 4247
f 4184 4185 4248
f 4185 4249 4248
f 4185 4186 4249
f 4186 4250 4249
f 4186 4187 4250
f 4187 4251 4250
f 4187 4188 4251
f 4188 4252 4251
f 4188 4189 4252
f 4189 4253 4252
f 4189 4190 4253
f 4190 4254 4253
f 4190 4191 4254
f 4191 4255 4254
f 4191 4192 4255
f 4192 4256 4255
f 4192 4193 4256
f 4193 4257 4256
f 4193 4194 4257
f 4194 4258 4257
f 4194 4195 4258
f 4195 4259 4258
f 4195 4196 4259
f 4196 4260 4259
f 4196 4197 4260
f 4197 4261 4260
f 4197 4198 4261
f 4198 4262 4261
f 4198 4199 4262
f 4199 4263 4262
f 4199 4200 4263
f 4200 4264 4263
f 4200 4201 4264
f 4201 4265 4264
f 4201 4202 4265
f 4202 4266 4265
f 4202 4203 4266
f 4203 4267 4266
f 4203 4204 4267
f 4204 4268 4267
f 4204 4205 4268
f 4205 4269 4268
f 4205 4206 4269
f 4206 4270 4269
f 4206 4207 4270
f 4207 4271 4270
f 4207 4208 4271
f 4208 4272 4271
f 4208 4209 4272
f 4209 4273 4272
f 4209 4210 4273
f 4210 4274 4273
f 4210 4211 4274
f 4211 4275 4274
f 4211 4212 4275
f 4212 4276 4275
f 4212 4213 4276
f 4213 4277 4276
f 4213 4214 4277
f 4214 4278 4277
f 4214 4215 4278
f 4215 4279 4278
f 4215 4216 4279
f 4216 4280 4279
f 4216 4217 4280
f 4217 4281 4280
f 4217 4218 4281
f 4218 4282 4281
f 4218 4219 4282
f 4219 4283 4282
f 4219 4220 4283
f 4220 4284 4283
f 4220 4221 4284
f 4221 4285 4284
f 4221 4222 4285
f 4222 4286 4285
f 4222 4223 4286
f 4223 4287 4286
f 4223 4224 4287
f 4224 4288 4287
f 4224 4161 4288
f 4161 4225 4288
f 4225 4226 4289
f 4226 4290 4289
f 4226 4227 4290
f 4227 4291 4290
f 4227 4228 4291
f 4228 4292 4291
f 4228 4229 4292
f 4229 4293 4292
f 4229 4230 4293
f 4230 4294 4293
f 4230 4231 4294
f 4231 4295 4294
f 4231 4232 4295
f 4232 4296 4295
f 4232 4233 4296
f 4233 4297 4296
f 4233 4234 4297
f 4234 4298 4297
f 4234 4235 4298
f 4235 4299 4298
f 4235 4236 4299
f 4236 4300 4299
f 4236 4237 4300
f 4237 4301 4300
f 4237 4238 4301
f 4238 4302 4301
f 4238 4239 4302
f 4239 4303 4302
f 4239 4240 4303
f 4240 4304 4303
f 4240 4241 4304
f 4241 4305 4304
f 4241 4242 4305
f 4242 4306 4305
f 4242 4243 4306
f 4243 4307 4306
f 4243 4244 4307
f 4244 4308 4307
f 4244 4245 4308
f 4245 4309 4308
f 4245 4246 4309
f 4246 4310 4309
f 4246 4247 4310
f 4247 4311 4310
f 4247 4248 4311
f 4248 4312 4311
f 4248 4249 4312
f 4249 4313 4312
f 4249 4250 4313
f 4250 4314 4313
f 4250 4251 4314
f 4251 4315 4314
f 4251 4252 4315
f 4252 4316 4315
f 4252 4253 4316
f 4253 4317 4316
f 4253 4254 4317
f 4254 4318 4317
f 4254 4255 4318
f 4255 4319 4318
f 4255 4256 4319
f 4256 4320 4319
f 4256 4257 4320
f 4257 4321 4320
f 4257 4258 4321
f 4258 4322 4321
f 4258 4259 4322
f 4259 4323 4322
f 4259 4260 4323
f 4260 4324 4323
f 4260 4261 4324
f 4261 4325 4324
f 4261 4262 4325
f 4262 4326 4325
f 4262 4263 4326
f 4263 4327 4326
f 4263 4264 4327
f 4264 4328 4327
f 4264 4265 4328
f 4265 4329 4328
f 4265 4266 4329
f 4266 4330 4329
f 4266 4267 4330
f 4267 4331 4330
f 4267 4268 4331
f 4268 4332 4331
f 4268 4269 4332
f 4269 4333 4332
f 4269 4270 4333
f 4270 4334 4333
f 4270 4271 4334
f 4271 4335 4334
f 4271 4272 4335
f 4272 4336 4335
f 4272 4273 4336
f 4273 4337 4336
f 4273 4274 4337
f 4274 4338 4337
f 4274 4275 4338
f 4275 4339 4338
f 4275 4276 4339
f 4276 4340 4339
f 4276 4277 4340
f 4277 4341 4340
f 4277 4278 4341
f 4278 4342 4341
f 4278 4279 4342
f 4279 4343 4342
f 4279 4280 4343
f 4280 4344 4343
f 4280 4281 4344
f 4281 4345 4344
f 4281 4282 4345
f 4282 4346 4345
f 4282 4283 4346
f 4283 4347 4346
f 4283 4284 4347
f 4284 4348 4347
f 4284 4285 4348
f 4285 4349 4348
f 4285 4286 4349
f 4286 4350 4349
f 4286 4287 4350
f 4287 4351 4350
f 4287 4288 4351
f 4288 4352 4351
f 4288 4225 4352
f 4225 4289 4352
f 4289 4290 4353
f 4290 4354 4353
f 4290 4291 4354
f 4291 4355 4354
f 4291 4292 4355
f 4292 4356 4355
f 4292 4293 4356
f 4293 4357 4356
f 4293 4294 4357
f 4294 4358 4357
f 4294 4295 4358
f 4295 4359 4358
f 4295 4296 4359
f 4296 4360 4359
f 4296 4297 4360
f 4297 4361 4360
f 4297 4298 4361
f 4298 4362 4361
f 4298 4299 4362
f 4299 4363 4362
f 4299 4300 4363
f 4300 4364 4363
f 4300 4301 4364
f 4301 4365 4364
f 4301 4302 4365
f 4302 4366 4365
f 4302 4303 4366
f 4303 4367 4366
f 4303 4304 4367
f 4304 4368 4367
f 4304 4305 4368
f 4305 4369 4368
f 4305 4306 4369
f 4306 4370 4369
f 4306 4307 4370
f 4307 4371 4370
f 4307 4308 4371
f 4308 4372 4371
f 4308 4309 4372
f 4309 4373 4372
f 4309 4310 4373
f 4310 4374 4373
f 4310 4311 4374
f 4311 4375 4374
f 4311 4312 4375
f 4312 4376 4375
f 4312 4313 4376
f 4313 4377 4376
f 4313 4314 4377
f 4314 4378 4377
f 4314 4315 4378
f 4315 4379 4378
f 4315 4316 4379
f 4316 4380 4379
f 4316 4317 4380
f 4317 4381 4380
f 4317 4318 4381
f 4318 4382 4381
f 4318 4319 4382
f 4319 4383 4382
f 4319 4320 4383
f 4320 4384 4383
f 4320 4321 4384
f 4321 4385 4384
f 4321 4322 4385
f 4322 4386 4385
f 4322 4323 4386
f 4323 4387 4386
f 4323 4324 4387
f 4324 4388 4387
f 4324 4325 4388
f 4325 4389 4388
f 4325 4326 4389
f 4326 4390 4389
f 4326 4327 4390
f 4327 4391 4390
f 4327 4328 4391
f 4328 4392 4391
f 4328 4329 4392
f 4329 4393 4392
f 4329 4330 4393
f 4330 4394 4393
f 4330 4331 4394
f 4331 4395 4394
f 4331 4332 4395
f 4332 4396 4395
f 4332 4333 4396
f 4333 4397 4396
f 4333 4334 4397
f 4334 4398 4397
f 4334 4335 4398
f 4335 4399 4398
f 4335 4336 4399
f 4336 4400 4399
f 4336 4337 4400
f 4337 4401 4400
f 4337 4338 4401
f 4338 4402 4401
f 4338 4339 4402
f 4339 4403 4402
f 4339 4340 4403
f 4340 4404 4403
f 4340 4341 4404
f 4341 4405 4404
f 4341 4342 4405
f 4342 4406 4405
f 4342 4343 4406
f 4343 4407 4406
f 4343 4344 4407
f 4344 4408 4407
f 4344 4345 4408
f 4345 4409 4408
f 4345 4346 4409
f 4346 4410 4409
f 4346 4347 4410
f 4347 4411 4410
f 4347 4348 4411
f 4348 4412 4411
f 4348 4349 4412
f 4349 4413 4412
f 4349 4350 4413
f 4350 4414 4413
f 4350 4351 4414
f 4351 4415 4414
f 4351 4352 4415
f 4352 4416 4415
f 4352 4289 4416
f 4289 4353 4416
f 4353 4354 4417
f 4354 4418 4417
f 4354 4355 4418
f 4355 4419 4418
f 4355 4356 4419
f 4356 4420 4419
f 4356 4357 4420
f 4357 4421 4420
f 4357 4358 4421
f 4358 4422 4421
f 4358 4359 4422
f 4359 4423 4422
f 4359 4360 4423
f 4360 4424 4423
f 4360 4361 4424
f 4361 4425 4424
f 4361 4362 4425
f 4362 4426 4425
f 4362 4363 4426
f 4363 4427 4426
f 4363 4364 4427
f 4364 4428 4427
f 4364 4365 4428
f 4365 4429 4428
f 4365 4366 4429
f 4366 4430 4429
f 4366 4367 4430
f 4367 4431 4430
f 4367 4368 4431
f 4368 4432 4431
f 4368 4369 4432
f 4369 4433 4432
f 4369 4370 4433
f 4370 4434 4433
f 4370 4371 4434
f 4371 4435 4434
f 4371 4372 4435
f 4372 4436 4435
f 4372 4373 4436
f 4373 4437 4436
f 4373 4374 4437
f 4374 4438 4437
f 4374 4375 4438
f 4375 4439 4438
f 4375 4376 4439
f 4376 4440 4439
f 4376 4377 4440
f 4377 4441 4440
f 4377 4378 4441
f 4378 4442 4441
f 4378 4379 4442
f 4379 4443 4442
f 4379 4380 4443
f 4380 4444 4443
f 4380 4381 4444
f 4381 4445 4444
f 4381 4382 4445
f 4382 4446 4445
f 4382 4383 4446
f 4383 4447 4446
f 4383 4384 4447
f 4384 4448 4447
f 4384 4385 4448
f 4385 4449 4448
f 4385 4386 4449
f 4386 4450 4449
f 4386 4387 4450
f 4387 4451 4450
f 4387 4388 4451
f 4388 4452 4451
f 4388 4389 4452
f 4389 4453 4452
f 4389 4390 4453
f 4390 4454 4453
f 4390 4391 4454
f 4391 4455 4454
f 4391 4392 4455
f 4392 4456 4455
f 4392 4393 4456
f 4393 4457 4456
f 4393 4394 4457
f 4394 4458 4457
f 4394 4395 4458
f 4395 4459 4458
f 4395 4396 4459
f 4396 4460 4459
f 4396 4397 4460
f 4397 4461 4460
f 4397 4398 4461
f 4398 4462 4461
f 4398 4399 4462
f 4399 4463 4462
f 4399 4400 4463
f 4400 4464 4463
f 4400 4401 4464
f 4401 4465 4464
f 4401 4402 4465
f 4402 4466 4465
f 4402 4403 4466
f 4403 4467 4466
f 4403 4404 4467
f 4404 4468 4467
f 4404 4405 4468
f 4405 4469 4468
f 4405 4406 4469
f 4406 4470 4469
f 4406 4407 4470
f 4407 4471 4470
f 4407 4408 4471
f 4408 4472 4471
f 4408 4409 4472
f 4409 4473 4472
f 4409 4410 4473
f 4410 4474 4473
f 4410 4411 4474
f 4411 4475 4474
f 4411 4412 4475
f 4412 4476 4475
f 4412 4413 4476
f 4413 4477 4476
f 4413 4414 4477
f 4414 4478 4477
f 4414 4415 4478
f 4415 4479 4478
f 4415 4416 4479
f 4416 4480 4479
f 4416 4353 4480
f 4353 4417 4480
f 4417 4418 4481
f 4418 4482 4481
f 4418 4419 4482
f 4419 4483 4482
f 4419 4420 4483
f 4420 4484 4483
f 4420 4421 4484
f 4421 4485 4484
f 4421 4422 4485
f 4422 4486 4485
f 4422 4423 4486
f 4423 4487 4486
f 4423 4424 4487
f 4424 4488 4487
f 4424 4425 4488
f 4425 4489 4488
f 4425 4426 4489
f 4426 4490 4489
f 4426 4427 4490
f 4427 4491 4490
f 4427 4428 4491
f 4428 4492 4491
f 4428 4429 4492
f 4429 4493 4492
f 4429 4430 4493
f 4430 4494 4493
f 4430 4431 4494
f 4431 4495 4494
f 4431 4432 4495
f 4432 4496 4495
f 4432 4433 4496
f 4433 4497 4496
f 4433 4434 4497
f 4434 4498 4497
f 4434 4435 4498
f 4435 4499 4498
f 4435 4436 4499
f 4436 4500 4499
f 4436 4437 4500
f 4437 4501 4500
f 4437 4438 4501
f 4438 4502 4501
f 4438 4439 4502
f 4439 4503 4502
f 4439 4440 4503
f 4440 4504 4503
f 4440 4441 4504
f 4441 4505 4504
f 4441 4442 4505
f 4442 4506 4505
f 4442 4443 4506
f 4443 4507 4506
f 4443 4444 4507
f 4444 4508 4507
f 4444 4445 4508
f 4445 4509 4508
f 4445 4446 4509
f 4446 4510 4509
f 4446 4447 4510
f 4447 4511 4510
f 4447 4448 4511
f 4448 4512 4511
f 4448 4449 4512
f 4449 4513 4512
f 4449 4450 4513
f 4450 4514 4513
f 4450 4451 4514
f 4451 4515 4514
f 4451 4452 4515
f 4452 4516 4515
f 4452 4453 4516
f 4453 4517 4516
f 4453 4454 4517
f 4454 4518 4517
f 4454 4455 4518
f 4455 4519 4518
f 4455 4456 4519
f 4456 4520 4519
f 4456 4457 4520
f 4457 4521 4520
f 4457 4458 4521
f 4458 4522 4521
f 4458 4459 4522
f 4459 4523 4522
f 4459 4460 4523
f 4460 4524 4523
f 4460 4461 4524
f 4461 4525 4524
f 4461 4462 4525
f 4462 4526 4525
f 4462 4463 4526
f 4463 4527 4526
f 4463 4464 4527
f 4464 4528 4527
f 4464 4465 4528
f 4465 4529 4528
f 4465 4466 4529
f 4466 4530 4529
f 4466 4467 4530
f 4467 4531 4530
f 4467 4468 4531
f 4468 4532 4531
f 4468 4469 4532
f 4469 4533 4532
f 4469 4470 4533
f 4470 4534 4533
f 4470 4471 4534
f 4471 4535 4534
f 4471 4472 4535
f 4472 4536 4535
f 4472 4473 4536
f 4473 4537 4536
f 4473 4474 4537
f 4474 4538 4537
f 4474 4475 4538
f 4475 4539 4538
f 4475 4476 4539
f 4476 4540 4539
f 4476 4477 4540
f 4477 4541 4540
f 4477 4478 4541
f 4478 4542 4541
f 4478 4479 4542
f 4479 4543 4542
f 4479 4480 4543
f 4480 4544 4543
f 4480 4417 4544
f 4417 4481 4544
f 4481 4482 4545
f 4482 4546 4545
f 4482 4483 4546
f 4483 4547 4546
f 4483 4484 4547
f 4484 4548 4547
f 4484 4485 4548
f 4485 4549 4548
f 4485 4486 4549
f 4486 4550 4549
f 4486 4487 4550
f 4487 4551 4550
f 4487 4488 4551
f 4488 4552 4551
f 4488 4489 4552
f 4489 4553 4552
f 4489 4490 4553
f 4490 4554 4553
f 4490 4491 4554
f 4491 4555 4554
f 4491 4492 4555
f 4492 4556 4555
f 4492 4493 4556
f 4493 4557 4556
f 4493 4494 4557
f 4494 4558 4557
f 4494 4495 4558
f 4495 4559 4558
f 4495 4496 4559
f 4496 4560 4559
f 4496 4497 4560
f 4497 4561 4560
f 4497 4498 4561
f 4498 4562 4561
f 4498 4499 4562
f 4499 4563 4562
f 4499 4500 4563
f 4500 4564 4563
f 4500 4501 4564
f 4501 4565 4564
f 4501 4502 4565
f 4502 4566 4565
f 4502 4503 4566
f 4503 4567 4566
f 4503 4504 4567
f 4504 4568 4567
f 4504 4505 4568
f 4505 4569 4568
f 4505 4506 4569
f 4506 4570 4569
f 4506 4507 4570
f 4507 4571 4570
f 4507 4508 4571
f 4508 4572 4571
f 4508 4509 4572
f 4509 4573 4572
f 4509 4510 4573
f 4510 4574 4573
f 4510 4511 4574
f 4511 4575 4574
f 4511 4512 4575
f 4512 4576 4575
f 4512 4513 4576
f 4513 4577 4576
f 4513 4514 4577
f 4514 4578 4577
f 4514 4515 4578
f 4515 4579 4578
f 4515 4516 4579
f 4516 4580 4579
f 4516 4517 4580
f 4517 4581 4580
f 4517 4518 4581
f 4518 4582 4581
f 4518 4519 4582
f 4519 4583 4582
f 4519 4520 4583
f 4520 4584 4583
f 4520 4521 4584
f 4521 4585 4584
f 4521 4522 4585
f 4522 4586 4585
f 4522 4523 4586
f 4523 4587 4586
f 4523 4524 4587
f 4524 4588 4587
f 4524 4525 4588
f 4525 4589 4588
f 4525 4526 4589
f 4526 4590 4589
f 4526 4527 4590
f 4527 4591 4590
f 4527 4528 4591
f 4528 4592 4591
f 4528 4529 4592
f 4529 4593 4592
f 4529 4530 4593
f 4530 4594 4593
f 4530 4531 4594
f 4531 4595 4594
f 4531 4532 4595
f 4532 4596 4595
f 4532 4533 4596
f 4533 4597 4596
f 4533 4534 4597
f 4534 4598 4597
f 4534 4535 4598
f 4535 4599 4598
f 4535 4536 4599
f 4536 4600 4599
f 4536 4537 4600
f 4537 4601 4600
f 4537 4538 4601
f 4538 4602 4601
f 4538 4539 4602
f 4539 4603 4602
f 4539 4540 4603
f 4540 4604 4603
f 4540 4541 4604
f 4541 4605 4604
f 4541 4542 4605
f 4542 4606 4605
f 4542 4543 4606
f 4543 4607 4606
f 4543 4544 4607
f 4544 4608 4607
f 4544 4481 4608
f 4481 4545 4608
f 4545 4546 4609
f 4546 4610 4609
f 4546 4547 4610
f 4547 4611 4610
f 4547 4548 4611
f 4548 4612 4611
f 4548 4549 4612
f 4549 4613 4612
f 4549 4550 4613
f 4550 4614 4613
f 4550 4551 4614
f 4551 4615 4614
f 4551 4552 4615
f 4552 4616 4615
f 4552 4553 4616
f 4553 4617 4616
f 4553 4554 4617
f 4554 4618 4617
f 4554 4555 4618
f 4555 4619 4618
f 4555 4556 4619
f 4556 4620 4619
f 4556 4557 4620
f 4557 4621 4620
f 4557 4558 4621
f 4558 4622 4621
f 4558 4559 4622
f 4559 4623 4622
f 4559 4560 4623
f 4560 4624 4623
f 4560 4561 4624
f 4561 4625 4624
f 4561 4562 4625
f 4562 4626 4625
f 4562 4563 4626
f 4563 4627 4626
f 4563 4564 4627
f 4564 4628 4627
f 4564 4565 4628
f 4565 4629 4628
f 4565 4566 4629
f 4566 4630 4629
f 4566 4567 4630
f 4567 4631 4630
f 4567 4568 4631
f 4568 4632 4631
f 4568 4569 4632
f 4569 4633 4632
f 4569 4570 4633
f 4570 4634 4633
f 4570 4571 4634
f 4571 4635 4634
f 4571 4572 4635
f 4572 4636 4635
f 4572 4573 4636
f 4573 4637 4636
f 4573 4574 4637
f 4574 4638 4637
f 4574 4575 4638
f 4575 4639 4638
f 4575 4576 4639
f 4576 4640 4639
f 4576 4577 4640
f 4577 4641 4640
f 4577 4578 4641
f 4578 4642 4641
f 4578 4579 4642
f 4579 4643 4642
f 4579 4580 4643
f 4580 4644 4643
f 4580 4581 4644
f 4581 4645 4644
f 4581 4582 4645
f 4582 4646 4645
f 4582 4583 4646
f 4583 4647 4646
f 4583 4584 4647
f 4584 4648 4647
f 4584 4585 4648
f 4585 4649 4648
f 4585 4586 4649
f 4586 4650 4649
f 4586 4587 4650
f 4587 4651 4650
f 4587 4588 4651
f 4588 4652 4651
f 4588 4589 4652
f 4589 4653 4652
f 4589 4590 4653
f 4590 4654 4653
f 4590 4591 4654
f 4591 4655 4654
f 4591 4592 4655
f 4592 4656 4655
f 4592 4593 4656
f 4593 4657 4656
f 4593 4594 4657
f 4594 4658 4657
f 4594 4595 4658
f 4595 4659 4658
f 4595 4596 4659
f 4596 4660 4659
f 4596 4597 4660
f 4597 4661 4660
f 4597 4598 4661
f 4598 4662 4661
f 4598 4599 4662
f 4599 4663 4662
f 4599 4600 4663
f 4600 4664 4663
f 4600 4601 4664
f 4601 4665 4664
f 4601 4602 4665
f 4602 4666 4665
f 4602 4603 4666
f 4603 4667 4666
f 4603 4604 4667
f 4604 4668 4667
f 4604 4605 4668
f 4605 4669 4668
f 4605 4606 4669
f 4606 4670 4669
f 4606 4607 4670
f 4607 4671 4670
f 4607 4608 4671
f 4608 4672 4671
f 4608 4545 4672
f 4545 4609 4672
f 4609 4610 4673
f 4610 4674 4673
f 4610 4611 4674
f 4611 4675 4674
f 4611 4612 4675
f 4612 4676 4675
f 4612 4613 4676
f 4613 4677 4676
f 4613 4614 4677
f 4614 4678 4677
f 4614 4615 4678
f 4615 4679 4678
f 4615 4616 4679
f 4616 4680 4679
f 4616 4617 4680
f 4617 4681 4680
f 4617 4618 4681
f 4618 4682 4681
f 4618 4619 4682
f 4619 4683 4682
f 4619 4620 4683
f 4620 4684 4683
f 4620 4621 4684
f 4621 4685 4684
f 4621 4622 4685
f 4622 4686 4685
f 4622 4623 4686
f 4623 4687 4686
f 4623 4624 4687
f 4624 4688 4687
f 4624 4625 4688
f 4625 4689 4688
f 4625 4626 4689
f 4626 4690 4689
f 4626 4627 4690
f 4627 4691 4690
f 4627 4628 4691
f 4628 4692 4691
f 4628 4629 4692
f 4629 4693 4692
f 4629 4630 4693
f 4630 4694 4693
f 4630 4631 4694
f 4631 4695 4694
f 4631 4632 4695
f 4632 4696 4695
f 4632 4633 4696
f 4633 4697 4696
f 4633 4634 4697
f 4634 4698 4697
f 4634 4635 4698
f 4635 4699 4698
f 4635 4636 4699
f 4636 4700 4699
f 4636 4637 4700
f 4637 4701 4700
f 4637 4638 4701
f 4638 4702 4701
f 4638 4639 4702
f 4639 4703 4702
f 4639 4640 4703
f 4640 4704 4703
f 4640 4641 4704
f 4641 4705 4704
f 4641 4642 4705
f 4642 4706 4705
f 4642 4643 4706
f 4643 4707 4706
f 4643 4644 4707
f 4644 4708 4707
f 4644 4645 4708
f 4645 4709 4708
f 4645 4646 4709
f 4646 4710 4709
f 4646 4647 4710
f 4647 4711 4710
f 4647 4648 4711
f 4648 4712 4711
f 4648 4649 4712
f 4649 4713 4712
f 4649 4650 4713
f 4650 4714 4713
f 4650 4651 4714
f 4651 4715 4714
f 4651 4652 4715
f 4652 4716 4715
f 4652 4653 4716
f 4653 4717 4716
f 4653 4654 4717
f 4654 4718 4717
f 4654 4655 4718
f 4655 4719 4718
f 4655 4656 4719
f 4656 4720 4719
f 4656 4657 4720
f 4657 4721 4720
f 4657 4658 4721
f 4658 4722 4721
f 4658 4659 4722
f 4659 4723 4722
f 4659 4660 4723
f 4660 4724 4723
f 4660 4661 4724
f 4661 4725 4724
f 4661 4662 4725
f 4662 4726 4725
f 4662 4663 4726
f 4663 4727 4726
f 4663 4664 4727
f 4664 4728 4727
f 4664 4665 4728
f 4665 4729 4728
f 4665 4666 4729
f 4666 4730 4729
f 4666 4667 4730
f 4667 4731 4730
f 4667 4668 4731
f 4668 4732 4731
f 4668 4669 4732
f 4669 4733 4732
f 4669 4670 4733
f 4670 4734 4733
f 4670 4671 4734
f 4671 4735 4734
f 4671 4672 4735
f 4672 4736 4735
f 4672 4609 4736
f 4609 4673 4736
f 4673 4674 4737
f 4674 4738 4737
f 4674 4675 4738
f 4675 4739 4738
f 4675 4676 4739
f 4676 4740 4739
f 4676 4677 4740
f 4677 4741 4740
f 4677 4678 4741
f 4678 4742 4741
f 4678 4679 4742
f 4679 4743 4742
f 4679 4680 4743
f 4680 4744 4743
f 4680 4681 4744
f 4681 4745 4744
f 4681 4682 4745
f 4682 4746 4745
f 4682 4683 4746
f 4683 4747 4746
f 4683 4684 4747
f 4684 4748 4747
f 4684 4685 4748
f 4685 4749 4748
f 4685 4686 4749
f 4686 4750 4749
f 4686 4687 4750
f 4687 4751 4750
f 4687 4688 4751
f 4688 4752 4751
f 4688 4689 4752
f 4689 4753 4752
f 4689 4690 4753
f 4690 4754 4753
f 4690 4691 4754
f 4691 4755 4754
f 4691 4692 4755
f 4692 4756 4755
f 4692 4693 4756
f 4693 4757 4756
f 4693 4694 4757
f 4694 4758 4757
f 4694 4695 4758
f 4695 4759 4758
f 4695 4696 4759
f 4696 4760 4759
f 4696 4697 4760
f 4697 4761 4760
f 4697 4698 4761
f 4698 4762 4761
f 4698 4699 4762
f 4699 4763 4762
f 4699 4700 4763
f 4700 4764 4763
f 4700 4701 4764
f 4701 4765 4764
f 4701 4702 4765
f 4702 4766 4765
f 4702 4703 4766
f 4703 4767 4766
f 4703 4704 4767
f 4704 4768 4767
f 4704 4705 4768
f 4705 4769 4768
f 4705 4706 4769
f 4706 4770 4769
f 4706 4707 4770
f 4707 4771 4770
f 4707 4708 4771
f 4708 4772 4771
f 4708 4709 4772
f 4709 4773 4772
f 4709 4710 4773
f 4710 4774 4773
f 4710 4711 4774
f 4711 4775 4774
f 4711 4712 4775
f 4712 4776 4775
f 4712 4713 4776
f 4713 4777 4776
f 4713 4714 4777
f 4714 4778 4777
f 4714 4715 4778
f 4715 4779 4778
f 4715 4716 4779
f 4716 4780 4779
f 4716 4717 4780
f 4717 4781 4780
f 4717 4718 4781
f 4718 4782 4781
f 4718 4719 4782
f 4719 4783 4782
f 4719 4720 4783
f 4720 4784 4783
f 4720 4721 4784
f 4721 4785 4784
f 4721 4722 4785
f 4722 4786 4785
f 4722 4723 4786
f 4723 4787 4786
f 4723 4724 4787
f 4724 4788 4787
f 4724 4725 4788
f 4725 4789 4788
f 4725 4726 4789
f 4726 4790 4789
f 4726 4727 4790
f 4727 4791 4790
f 4727 4728 4791
f 4728 4792 4791
f 4728 4729 4792
f 4729 4793 4792
f 4729 4730 4793
f 4730 4794 4793
f 4730 4731 4794
f 4731 4795 4794
f 4731 4732 4795
f 4732 4796 4795
f 4732 4733 4796
f 4733 4797 4796
f 4733 4734 4797
f 4734 4798 4797
f 4734 4735 4798
f 4735 4799 4798
f 4735 4736 4799
f 4736 4800 4799
f 4736 4673 4800
f 4673 4737 4800
f 4737 4738 4801
f 4738 4802 4801
f 4738 4739 4802
f 4739 4803 4802
f 4739 4740 4803
f 4740 4804 4803
f 4740 4741 4804
f 4741 4805 4804
f 4741 4742 4805
f 4742 4806 4805
f 4742 4743 4806
f 4743 4807 4806
f 4743 4744 4807
f 4744 4808 4807
f 4744 4745 4808
f 4745 4809 4808
f 4745 4746 4809
f 4746 4810 4809
f 4746 4747 4810
f 4747 4811 4810
f 4747 4748 4811
f 4748 4812 4811
f 4748 4749 4812
f 4749 4813 4812
f 4749 4750 4813
f 4750 4814 4813
f 4750 4751 4814
f 4751 4815 4814
f 4751 4752 4815
f 4752 4816 4815
f 4752 4753 4816
f 4753 4817 4816
f 4753 4754 4817
f 4754 4818 4817
f 4754 4755 4818
f 4755 4819 4818
f 4755 4756 4819
f 4756 4820 4819
f 4756 4757 4820
f 4757 4821 4820
f 4757 4758 4821
f 4758 4822 4821
f 4758 4759 4822
f 4759 4823 4822
f 4759 4760 4823
f 4760 4824 4823
f 4760 4761 4824
f 4761 4825 4824
f 4761 4762 4825
f 4762 4826 4825
f 4762 4763 4826
f 4763 4827 4826
f 4763 4764 4827
f 4764 4828 4827
f 4764 4765 4828
f 4765 4829 4828
f 4765 4766 4829
f 4766 4830 4829
f 4766 4767 4830
f 4767 4831 4830
f 4767 4768 4831
f 4768 4832 4831
f 4768 4769 4832
f 4769 4833 4832
f 4769 4770 4833
f 4770 4834 4833
f 4770 4771 4834
f 4771 4835 4834
f 4771 4772 4835
f 4772 4836 4835
f 4772 4773 4836
f 4773 4837 4836
f 4773 4774 4837
f 4774 4838 4837
f 4774 4775 4838
f 4775 4839 4838
f 4775 4776 4839
f 4776 4840 4839
f 4776 4777 4840
f 4777 4841 4840
f 4777 4778 4841
f 4778 4842 4841
f 4778 4779 4842
f 4779 4843 4842
f 4779 4780 4843
f 4780 4844 4843
f 4780 4781 4844
f 4781 4845 4844
f 4781 4782 4845
f 4782 4846 4845
f 4782 4783 4846
f 4783 4847 4846
f 4783 4784 4847
f 4784 4848 4847
f 4784 4785 4848
f 4785 4849 4848
f 4785 4786 4849
f 4786 4850 4849
f 4786 4787 4850
f 4787 4851 4850
f 4787 4788 4851
f 4788 4852 4851
f 4788 4789 4852
f 4789 4853 4852
f 4789 4790 4853
f 4790 4854 4853
f 4790 4791 4854
f 4791 4855 4854
f 4791 4792 4855
f 4792 4856 4855
f 4792 4793 4856
f 4793 4857 4856
f 4793 4794 4857
f 4794 4858 4857
f 4794 4795 4858
f 4795 4859 4858
f 4795 4796 4859
f 4796 4860 4859
f 4796 4797 4860
f 4797 4861 4860
f 4797 4798 4861
f 4798 4862 4861
f 4798 4799 4862
f 4799 4863 4862
f 4799 4800 4863
f 4800 4864 4863
f 4800 4737 4864
f 4737 4801 4864
f 4801 4802 4865
f 4802 4866 4865
f 4802 4803 4866
f 4803 4867 4866
f 4803 4804 4867
f 4804 4868 4867
f 4804 4805 4868
f 4805 4869 4868
f 4805 4806 4869
f 4806 4870 4869
f 4806 4807 4870
f 4807 4871 4870
f 4807 4808 4871
f 4808 4872 4871
f 4808 4809 4872
f 4809 4873 4872
f 4809 4810 4873
f 4810 4874 4873
f 4810 4811 4874
f 4811 4875 4874
f 4811 4812 4875
f 4812 4876 4875
f 4812 4813 4876
f 4813 4877 4876
f 4813 4814 4877
f 4814 4878 4877
f 4814 4815 4878
f 4815 4879 4878
f 4815 4816 4879
f 4816 4880 4879
f 4816 4817 4880
f 4817 4881 4880
f 4817 4818 4881
f 4818 4882 4881
f 4818 4819 4882
f 4819 4883 4882
f 4819 4820 4883
f 4820 4884 4883
f 4820 4821 4884
f 4821 4885 4884
f 4821 4822 4885
f 4822 4886 4885
f 4822 4823 4886
f 4823 4887 4886
f 4823 4824 4887
f 4824 4888 4887
f 4824 4825 4888
f 4825 4889 4888
f 4825 4826 4889
f 4826 4890 4889
f 4826 4827 4890
f 4827 4891 4890
f 4827 4828 4891
f 4828 4892 4891
f 4828 4829 4892
f 4829 4893 4892
f 4829 4830 4893
f 4830 4894 4893
f 4830 4831 4894
f 4831 4895 4894
f 4831 4832 4895
f 4832 4896 4895
f 4832 4833 4896
f 4833 4897 4896
f 4833 4834 4897
f 4834 4898 4897
f 4834 4835 4898
f 4835 4899 4898
f 4835 4836 4899
f 4836 4900 4899
f 4836 4837 4900
f 4837 4901 4900
f 4837 4838 4901
f 4838 4902 4901
f 4838 4839 4902
f 4839 4903 4902
f 4839 4840 4903
f 4840 4904 4903
f 4840 4841 4904
f 4841 4905 4904
f 4841 4842 4905
f 4842 4906 4905
f 4842 4843 4906
f 4843 4907 4906
f 4843 4844 4907
f 4844 4908 4907
f 4844 4845 4908
f 4845 4909 4908
f 4845 4846 4909
f 4846 4910 4909
f 4846 4847 4910
f 4847 4911 4910
f 4847 4848 4911
f 4848 4912 4911
f 4848 4849 4912
f 4849 4913 4912
f 4849 4850 4913
f 4850 4914 4913
f 4850 4851 4914
f 4851 4915 4914
f 4851 4852 4915
f 4852 4916 4915
f 4852 4853 4916
f 4853 4917 4916
f 4853 4854 4917
f 4854 4918 4917
f 4854 4855 4918
f 4855 4919 4918
f 4855 4856 4919
f 4856 4920 4919
f 4856 4857 4920
f 4857 4921 4920
f 4857 4858 4921
f 4858 4922 4921
f 4858 4859 4922
f 4859 4923 4922
f 4859 4860 4923
f 4860 4924 4923
f 4860 4861 4924
f 4861 4925 4924
f 4861 4862 4925
f 4862 4926 4925
f 4862 4863 4926
f 4863 4927 4926
f 4863 4864 4927
f 4864 4928 4927
f 4864 4801 4928
f 4801 4865 4928
f 4865 4866 4929
f 4866 4930 4929
f 4866 4867 4930
f 4867 4931 4930
f 4867 4868 4931
f 4868 4932 4931
f 4868 4869 4932
f 4869 4933 4932
f 4869 4870 4933
f 4870 4934 4933
f 4870 4871 4934
f 4871 4935 4934
f 4871 4872 4935
f 4872 4936 4935
f 4872 4873 4936
f 4873 4937 4936
f 4873 4874 4937
f 4874 4938 4937
f 4874 4875 4938
f 4875 4939 4938
f 4875 4876 4939
f 4876 4940 4939
f 4876 4877 4940
f 4877 4941 4940
f 4877 4878 4941
f 4878 4942 4941
f 4878 4879 4942
f 4879 4943 4942
f 4879 4880 4943
f 4880 4944 4943
f 4880 4881 4944
f 4881 4945 4944
f 4881 4882 4945
f 4882 4946 4945
f 4882 4883 4946
f 4883 4947 4946
f 4883 4884 4947
f 4884 4948 4947
f 4884 4885 4948
f 4885 4949 4948
f 4885 4886 4949
f 4886 4950 4949
f 4886 4887 4950
f 4887 4951 4950
f 4887 4888 4951
f 4888 4952 4951
f 4888 4889 4952
f 4889 4953 4952
f 4889 4890 4953
f 4890 4954 4953
f 4890 4891 4954
f 4891 4955 4954
f 4891 4892 4955
f 4892 4956 4955
f 4892 4893 4956
f 4893 4957 4956
f 4893 4894 4957
f 4894 4958 4957
f 4894 4895 4958
f 4895 4959 4958
f 4895 4896 4959
f 4896 4960 4959
f 4896 4897 4960
f 4897 4961 4960
f 4897 4898 4961
f 4898 4962 4961
f 4898 4899 4962
f 4899 4963 4962
f 4899 4900 4963
f 4900 4964 4963
f 4900 4901 4964
f 4901 4965 4964
f 4901 4902 4965
f 4902 4966 4965
f 4902 4903 4966
f 4903 4967 4966
f 4903 4904 4967
f 4904 4968 4967
f 4904 4905 4968
f 4905 4969 4968
f 4905 4906 4969
f 4906 4970 4969
f 4906 4907 4970
f 4907 4971 4970
f 4907 4908 4971
f 4908 4972 4971
f 4908 4909 4972
f 4909 4973 4972
f 4909 4910 4973
f 4910 4974 4973
f 4910 4911 4974
f 4911 4975 4974
f 4911 4912 4975
f 4912 4976 4975
f 4912 4913 4976
f 4913 4977 4976
f 4913 4914 4977
f 4914 4978 4977
f 4914 4915 4978
f 4915 4979 4978
f 4915 4916 4979
f 4916 4980 4979
f 4916 4917 4980
f 4917 4981 4980
f 4917 4918 4981
f 4918 4982 4981
f 4918 4919 4982
f 4919 4983 4982
f 4919 4920 4983
f 4920 4984 4983
f 4920 4921 4984
f 4921 4985 4984
f 4921 4922 4985
f 4922 4986 4985
f 4922 4923 4986
f 4923 4987 4986
f 4923 4924 4987
f 4924 4988 4987
f 4924 4925 4988
f 4925 4989 4988
f 4925 4926 4989
f 4926 4990 4989
f 4926 4927 4990
f 4927 4991 4990
f 4927 4928 4991
f 4928 4992 4991
f 4928 4865 4992
f 4865 4929 4992
f 4929 4930 4993
f 4930 4994 4993
f 4930 4931 4994
f 4931 4995 4994
f 4931 4932 4995
f 4932 4996 4995
f 4932 4933 4996
f 4933 4997 4996
f 4933 4934 4997
f 4934 4998 4997
f 4934 4935 4998
f 4935 4999 4998
f 4935 4936 4999
f 4936 5000 4999
f 4936 4937 5000
f 4937 5001 5000
f 4937 4938 5001
f 4938 5002 5001
f 4938 4939 5002
f 4939 5003 5002
f 4939 4940 5003
f 4940 5004 5003
f 4940 4941 5004
f 4941 5005 5004
f 4941 4942 5005
f 4942 5006 5005
f 4942 4943 5006
f 4943 5007 5006
f 4943 4944 5007
f 4944 5008 5007
f 4944 4945 5008
f 4945 5009 5008
f 4945 4946 5009
f 4946 5010 5009
f 4946 4947 5010
f 4947 5011 5010
f 4947 4948 5011
f 4948 5012 5011
f 4948 4949 5012
f 4949 5013 5012
f 4949 4950 5013
f 4950 5014 5013
f 4950 4951 5014
f 4951 5015 5014
f 4951 4952 5015
f 4952 5016 5015
f 4952 4953 5016
f 4953 5017 5016
f 4953 4954 5017
f 4954 5018 5017
f 4954 4955 5018
f 4955 5019 5018
f 4955 4956 5019
f 4956 5020 5019
f 4956 4957 5020
f 4957 5021 5020
f 4957 4958 5021
f 4958 5022 5021
f 4958 4959 5022
f 4959 5023 5022
f 4959 4960 5023
f 4960 5024 5023
f 4960 4961 5024
f 4961 5025 5024
f 4961 4962 5025
f 4962 5026 5025
f 4962 4963 5026
f 4963 5027 5026
f 4963 4964 5027
f 4964 5028 5027
f 4964 4965 5028
f 4965 5029 5028
f 4965 4966 5029
f 4966 5030 5029
f 4966 4967 5030
f 4967 5031 5030
f 4967 4968 5031
f 4968 5032 5031
f 4968 4969 5032
f 4969 5033 5032
f 4969 4970 5033
f 4970 5034 5033
f 4970 4971 5034
f 4971 5035 5034
f 4971 4972 5035
f 4972 5036 5035
f 4972 4973 5036
f 4973 5037 5036
f 4973 4974 5037
f 4974 5038 5037
f 4974 4975 5038
f 4975 5039 5038
f 4975 4976 5039
f 4976 5040 5039
f 4976 4977 5040
f 4977 5041 5040
f 4977 4978 5041
f 4978 5042 5041
f 4978 4979 5042
f 4979 5043 5042
f 4979 4980 5043
f 4980 5044 5043
f 4980 4981 5044
f 4981 5045 5044
f 4981 4982 5045
f 4982 5046 5045
f 4982 4983 5046
f 4983 5047 5046
f 4983 4984 5047
f 4984 5048 5047
f 4984 4985 5048
f 4985 5049 5048
f 4985 4986 5049
f 4986 5050 5049
f 4986 4987 5050
f 4987 5051 5050
f 4987 4988 5051
f 4988 5052 5051
f 4988 4989 5052
f 4989 5053 5052
f 4989 4990 5053
f 4990 5054 5053
f 4990 4991 5054
f 4991 5055 5054
f 4991 4992 5055
f 4992 5056 5055
f 4992 4929 5056
f 4929 4993 5056
f 4993 4994 5057
f 4994 5058 5057
f 4994 4995 5058
f 4995 5059 5058
f 4995 4996 5059
f 4996 5060 5059
f 4996 4997 5060
f 4997 5061 5060
f 4997 4998 5061
f 4998 5062 5061
f 4998 4999 5062
f 4999 5063 5062
f 4999 5000 5063
f 5000 5064 5063
f 5000 5001 5064
f 5001 5065 5064
f 5001 5002 5065
f 5002 5066 5065
f 5002 5003 5066
f 5003 5067 5066
f 5003 5004 5067
f 5004 5068 5067
f 5004 5005 5068
f 5005 5069 5068
f 5005 5006 5069
f 5006 5070 5069
f 5006 5007 5070
f 5007 5071 5070
f 5007 5008 5071
f 5008 5072 5071
f 5008 5009 5072
f 5009 5073 5072
f 5009 5010 5073
f 5010 5074 5073
f 5010 5011 5074
f 5011 5075 5074
f 5011 5012 5075
f 5012 5076 5075
f 5012 5013 5076
f 5013 5077 5076
f 5013 5014 5077
f 5014 5078 5077
f 5014 5015 5078
f 5015 5079 5078
f 5015 5016 5079
f 5016 5080 5079
f 5016 5017 5080
f 5017 5081 5080
f 5017 5018 5081
f 5018 5082 5081
f 5018 5019 5082
f 5019 5083 5082
f 5019 5020 5083
f 5020 5084 5083
f 5020 5021 5084
f 5021 5085 5084
f 5021 5022 5085
f 5022 5086 5085
f 5022 5023 5086
f 5023 5087 5086
f 5023 5024 5087
f 5024 5088 5087
f 5024 5025 5088
f 5025 5089 5088
f 5025 5026 5089
f 5026 5090 5089
f 5026 5027 5090
f 5027 5091 5090
f 5027 5028 5091
f 5028 5092 5091
f 5028 5029 5092
f 5029 5093 5092
f 5029 5030 5093
f 5030 5094 5093
f 5030 5031 5094
f 5031 5095 5094
f 5031 5032 5095
f 5032 5096 5095
f 5032 5033 5096
f 5033 5097 5096
f 5033 5034 5097
f 5034 5098 5097
f 5034 5035 5098
f 5035 5099 5098
f 5035 5036 5099
f 5036 5100 5099
f 5036 5037 5100
f 5037 5101 5100
f 5037 5038 5101
f 5038 5102 5101
f 5038 5039 5102
f 5039 5103 5102
f 5039 5040 5103
f 5040 5104 5103
f 5040 5041 5104
f 5041 5105 5104
f 5041 5042 5105
f 5042 5106 5105
f 5042 5043 5106
f 5043 5107 5106
f 5043 5044 5107
f 5044 5108 5107
f 5044 5045 5108
f 5045 5109 5108
f 5045 5046 5109
f 5046 5110 5109
f 5046 5047 5110
f 5047 5111 5110
f 5047 5048 5111
f 5048 5112 5111
f 5048 5049 5112
f 5049 5113 5112
f 5049 5050 5113
f 5050 5114 5113
f 5050 5051 5114
f 5051 5115 5114
f 5051 5052 5115
f 5052 5116 5115
f 5052 5053 5116
f 5053 5117 5116
f 5053 5054 5117
f 5054 5118 5117
f 5054 5055 5118
f 5055 5119 5118
f 5055 5056 5119
f 5056 5120 5119
f 5056 4993 5120
f 4993 5057 5120
