v 1 0 0
v 0.9951847266721969 0.0980171403295606 0
v 0.9807852804032304 0.1950903220161282 0
v 0.9569403357322088 0.2902846772544623 0
v 0.9238795325112867 0.3826834323650898 0
v 0.881921264348355 0.4713967368259976 0
v 0.8314696123025452 0.5555702330196022 0
v 0.773010453362737 0.6343932841636455 0
v 0.7071067811865476 0.7071067811865475 0
v 0.6343932841636455 0.773010453362737 0
v 0.5555702330196023 0.8314696123025452 0
v 0.4713967368259978 0.8819212643483549 0
v 0.3826834323650898 0.9238795325112867 0
v 0.2902846772544623 0.9569403357322088 0
v 0.1950903220161283 0.9807852804032304 0
v 0.09801714032956077 0.9951847266721968 0
v 6.123233995736766e-17 1 0
v -0.09801714032956065 0.9951847266721969 0
v -0.1950903220161282 0.9807852804032304 0
v -0.2902846772544622 0.9569403357322089 0
v -0.3826834323650897 0.9238795325112867 0
v -0.4713967368259977 0.881921264348355 0
v -0.555570233019602 0.8314696123025453 0
v -0.6343932841636454 0.7730104533627371 0
v -0.7071067811865475 0.7071067811865476 0
v -0.773010453362737 0.6343932841636455 0
v -0.8314696123025453 0.5555702330196022 0
v -0.8819212643483549 0.4713967368259979 0
v -0.9238795325112867 0.3826834323650899 0
v -0.9569403357322088 0.2902846772544624 0
v -0.9807852804032304 0.1950903220161286 0
v -0.9951847266721968 0.09801714032956083 0
v -1 1.224646799147353e-16 0
v -0.9951847266721969 -0.09801714032956059 0
v -0.9807852804032304 -0.1950903220161284 0
v -0.9569403357322089 -0.2902846772544621 0
v -0.9238795325112868 -0.3826834323650897 0
v -0.881921264348355 -0.4713967368259976 0
v -0.8314696123025455 -0.555570233019602 0
v -0.7730104533627371 -0.6343932841636453 0
v -0.7071067811865477 -0.7071067811865475 0
v -0.6343932841636458 -0.7730104533627367 0
v -0.5555702330196022 -0.8314696123025452 0
v -0.4713967368259979 -0.8819212643483549 0
v -0.3826834323650903 -0.9238795325112865 0
v -0.2902846772544624 -0.9569403357322088 0
v -0.1950903220161287 -0.9807852804032303 0
v -0.09801714032956045 -0.9951847266721969 0
v -1.83697019872103e-16 -1 0
v 0.09801714032956009 -0.9951847266721969 0
v 0.1950903220161283 -0.9807852804032304 0
v 0.2902846772544621 -0.9569403357322089 0
v 0.38268343236509 -0.9238795325112866 0
v 0.4713967368259976 -0.881921264348355 0
v 0.5555702330196018 -0.8314696123025455 0
v 0.6343932841636456 -0.7730104533627369 0
v 0.7071067811865474 -0.7071067811865477 0
v 0.7730104533627367 -0.6343932841636459 0
v 0.8314696123025452 -0.5555702330196022 0
v 0.8819212643483548 -0.471396736825998 0
v 0.9238795325112865 -0.3826834323650904 0
v 0.9569403357322088 -0.2902846772544625 0
v 0.9807852804032303 -0.1950903220161287 0
v 0.9951847266721969 -0.09801714032956051 0
v 1.019007762928866 0 0.06329113924050633
v 1.01410096202721 0.09988022689591027 0.06329113924050633
v 0.9994278144972563 0.1987985526067269 0.06329113924050633
v 0.975129630770876 0.2958023395815975 0.06329113924050633
v 0.9414404156400927 0.3899573883242901 0.06329113924050633
v 0.8986846146630142 0.4803569342450272 0.06329113924050633
v 0.8472739895757481 0.5661303802991735 0.06329113924050633
v 0.787703652801791 0.6464516813126927 0.06329113924050633
v 0.7205472992487348 0.7205472992487347 0.06329113924050633
v 0.6464516813126927 0.787703652801791 0.06329113924050633
v 0.5661303802991736 0.8472739895757481 0.06329113924050633
v 0.4803569342450273 0.8986846146630141 0.06329113924050633
v 0.3899573883242901 0.9414404156400927 0.06329113924050633
v 0.2958023395815975 0.975129630770876 0.06329113924050633
v 0.198798552606727 0.9994278144972563 0.06329113924050633
v 0.09988022689591043 1.01410096202721 0.06329113924050633
v 6.239622975885702e-17 1.019007762928866 0.06329113924050633
v -0.09988022689591031 1.01410096202721 0.06329113924050633
v -0.1987985526067269 0.9994278144972563 0.06329113924050633
v -0.2958023395815973 0.9751296307708761 0.06329113924050633
v -0.38995738832429 0.9414404156400927 0.06329113924050633
v -0.4803569342450272 0.8986846146630142 0.06329113924050633
v -0.5661303802991733 0.8472739895757482 0.06329113924050633
v -0.6464516813126926 0.7877036528017911 0.06329113924050633
v -0.7205472992487347 0.7205472992487348 0.06329113924050633
v -0.787703652801791 0.6464516813126927 0.06329113924050633
v -0.8472739895757482 0.5661303802991735 0.06329113924050633
v -0.8986846146630141 0.4803569342450274 0.06329113924050633
v -0.9414404156400927 0.3899573883242902 0.06329113924050633
v -0.975129630770876 0.2958023395815976 0.06329113924050633
v -0.9994278144972563 0.1987985526067273 0.06329113924050633
v -1.01410096202721 0.0998802268959105 0.06329113924050633
v -1.019007762928866 1.24792459517714e-16 0.06329113924050633
v -1.01410096202721 -0.09988022689591025 0.06329113924050633
v -0.9994278144972563 -0.198798552606727 0.06329113924050633
v -0.9751296307708761 -0.2958023395815972 0.06329113924050633
v -0.9414404156400928 -0.3899573883242899 0.06329113924050633
v -0.8986846146630142 -0.4803569342450272 0.06329113924050633
v -0.8472739895757483 -0.5661303802991733 0.06329113924050633
v -0.7877036528017911 -0.6464516813126925 0.06329113924050633
v -0.720547299248735 -0.7205472992487347 0.06329113924050633
v -0.646451681312693 -0.7877036528017907 0.06329113924050633
v -0.5661303802991735 -0.8472739895757481 0.06329113924050633
v -0.4803569342450275 -0.8986846146630141 0.06329113924050633
v -0.3899573883242907 -0.9414404156400925 0.06329113924050633
v -0.2958023395815976 -0.975129630770876 0.06329113924050633
v -0.1987985526067273 -0.9994278144972562 0.06329113924050633
v -0.09988022689591011 -1.01410096202721 0.06329113924050633
v -1.871886892765711e-16 -1.019007762928866 0.06329113924050633
v 0.09988022689590975 -1.01410096202721 0.06329113924050633
v 0.198798552606727 -0.9994278144972563 0.06329113924050633
v 0.2958023395815972 -0.9751296307708761 0.06329113924050633
v 0.3899573883242903 -0.9414404156400926 0.06329113924050633
v 0.4803569342450271 -0.8986846146630142 0.06329113924050633
v 0.5661303802991732 -0.8472739895757483 0.06329113924050633
v 0.6464516813126928 -0.7877036528017909 0.06329113924050633
v 0.7205472992487346 -0.720547299248735 0.06329113924050633
v 0.7877036528017907 -0.6464516813126931 0.06329113924050633
v 0.8472739895757481 -0.5661303802991735 0.06329113924050633
v 0.898684614663014 -0.4803569342450275 0.06329113924050633
v 0.9414404156400925 -0.3899573883242907 0.06329113924050633
v 0.975129630770876 -0.2958023395815977 0.06329113924050633
v 0.9994278144972562 -0.1987985526067274 0.06329113924050633
v 1.01410096202721 -0.09988022689591017 0.06329113924050633
v 1.037535592842667 0 0.1265822784810127
v 1.032539575375806 0.1016962718005736 0.1265822784810127
v 1.017599637354527 0.2024131529108705 0.1265822784810127
v 0.9928596585489784 0.3011806847083509 0.1265822784810127
v 0.9585578984793042 0.3970476818699802 0.1265822784810127
v 0.9150247018462252 0.4890908928068602 0.1265822784810127
v 0.862679317130984 0.5764238910817318 0.1265822784810127
v 0.8020258590032864 0.6582056121801346 0.1265822784810127
v 0.7336484534214548 0.7336484534214547 0.1265822784810127
v 0.6582056121801346 0.8020258590032864 0.1265822784810127
v 0.5764238910817319 0.862679317130984 0.1265822784810127
v 0.4890908928068605 0.9150247018462251 0.1265822784810127
v 0.3970476818699802 0.9585578984793042 0.1265822784810127
v 0.3011806847083509 0.9928596585489784 0.1265822784810127
v 0.2024131529108706 1.017599637354527 0.1265822784810127
v 0.1016962718005738 1.032539575375806 0.1265822784810127
v 6.353073213881119e-17 1.037535592842667 0.1265822784810127
v -0.1016962718005736 1.032539575375806 0.1265822784810127
v -0.2024131529108704 1.017599637354527 0.1265822784810127
v -0.3011806847083507 0.9928596585489785 0.1265822784810127
v -0.3970476818699801 0.9585578984793042 0.1265822784810127
v -0.4890908928068603 0.9150247018462252 0.1265822784810127
v -0.5764238910817315 0.8626793171309841 0.1265822784810127
v -0.6582056121801345 0.8020258590032865 0.1265822784810127
v -0.7336484534214547 0.7336484534214548 0.1265822784810127
v -0.8020258590032864 0.6582056121801346 0.1265822784810127
v -0.8626793171309841 0.5764238910817318 0.1265822784810127
v -0.9150247018462251 0.4890908928068605 0.1265822784810127
v -0.9585578984793042 0.3970476818699803 0.1265822784810127
v -0.9928596585489784 0.301180684708351 0.1265822784810127
v -1.017599637354527 0.2024131529108709 0.1265822784810127
v -1.032539575375806 0.1016962718005738 0.1265822784810127
v -1.037535592842667 1.270614642776224e-16 0.1265822784810127
v -1.032539575375806 -0.1016962718005736 0.1265822784810127
v -1.017599637354527 -0.2024131529108706 0.1265822784810127
v -0.9928596585489785 -0.3011806847083507 0.1265822784810127
v -0.9585578984793043 -0.3970476818699801 0.1265822784810127
v -0.9150247018462252 -0.4890908928068602 0.1265822784810127
v -0.8626793171309842 -0.5764238910817315 0.1265822784810127
v -0.8020258590032865 -0.6582056121801344 0.1265822784810127
v -0.7336484534214549 -0.7336484534214547 0.1265822784810127
v -0.658205612180135 -0.8020258590032859 0.1265822784810127
v -0.5764238910817318 -0.862679317130984 0.1265822784810127
v -0.4890908928068606 -0.9150247018462251 0.1265822784810127
v -0.3970476818699808 -0.9585578984793039 0.1265822784810127
v -0.301180684708351 -0.9928596585489784 0.1265822784810127
v -0.2024131529108709 -1.017599637354527 0.1265822784810127
v -0.1016962718005734 -1.032539575375806 0.1265822784810127
v -1.905921964164336e-16 -1.037535592842667 0.1265822784810127
v 0.101696271800573 -1.032539575375806 0.1265822784810127
v 0.2024131529108705 -1.017599637354527 0.1265822784810127
v 0.3011806847083506 -0.9928596585489785 0.1265822784810127
v 0.3970476818699804 -0.9585578984793041 0.1265822784810127
v 0.4890908928068602 -0.9150247018462252 0.1265822784810127
v 0.5764238910817314 -0.8626793171309842 0.1265822784810127
v 0.6582056121801347 -0.8020258590032863 0.1265822784810127
v 0.7336484534214546 -0.7336484534214549 0.1265822784810127
v 0.8020258590032859 -0.6582056121801351 0.1265822784810127
v 0.862679317130984 -0.5764238910817318 0.1265822784810127
v 0.915024701846225 -0.4890908928068606 0.1265822784810127
v 0.9585578984793039 -0.3970476818699809 0.1265822784810127
v 0.9928596585489784 -0.3011806847083511 0.1265822784810127
v 1.017599637354527 -0.202413152910871 0.1265822784810127
v 1.032539575375806 -0.1016962718005735 0.1265822784810127
v 1.055115674706757 0 0.189873417721519
v 1.050035004340595 0.1034194211516513 0.189873417721519
v 1.034841922875111 0.2058428567428057 0.189873417721519
v 1.0096827479902 0.3062839130983753 0.189873417721519
v 0.9747997762934099 0.4037752879389895 0.189873417721519
v 0.9305289498711512 0.4973780860307263 0.189873417721519
v 0.877296620982766 0.586190861259468 0.189873417721519
v 0.8156154460552006 0.6693582980497604 0.189873417721519
v 0.7460794485213676 0.7460794485213674 0.189873417721519
v 0.6693582980497604 0.8156154460552006 0.189873417721519
v 0.5861908612594681 0.877296620982766 0.189873417721519
v 0.4973780860307264 0.9305289498711511 0.189873417721519
v 0.4037752879389895 0.9747997762934099 0.189873417721519
v 0.3062839130983753 1.0096827479902 0.189873417721519
v 0.2058428567428058 1.034841922875111 0.189873417721519
v 0.1034194211516514 1.050035004340595 0.189873417721519
v 6.460720168799151e-17 1.055115674706757 0.189873417721519
v -0.1034194211516513 1.050035004340595 0.189873417721519
v -0.2058428567428057 1.034841922875111 0.189873417721519
v -0.3062839130983752 1.009682747990201 0.189873417721519
v -0.4037752879389894 0.9747997762934099 0.189873417721519
v -0.4973780860307263 0.9305289498711512 0.189873417721519
v -0.5861908612594677 0.8772966209827661 0.189873417721519
v -0.6693582980497603 0.8156154460552008 0.189873417721519
v -0.7460794485213674 0.7460794485213676 0.189873417721519
v -0.8156154460552006 0.6693582980497604 0.189873417721519
v -0.8772966209827661 0.586190861259468 0.189873417721519
v -0.9305289498711511 0.4973780860307265 0.189873417721519
v -0.9747997762934099 0.4037752879389896 0.189873417721519
v -1.0096827479902 0.3062839130983754 0.189873417721519
v -1.034841922875111 0.2058428567428061 0.189873417721519
v -1.050035004340595 0.1034194211516515 0.189873417721519
v -1.055115674706757 1.29214403375983e-16 0.189873417721519
v -1.050035004340595 -0.1034194211516512 0.189873417721519
v -1.034841922875111 -0.2058428567428058 0.189873417721519
v -1.009682747990201 -0.3062839130983751 0.189873417721519
v -0.97479977629341 -0.4037752879389894 0.189873417721519
v -0.9305289498711512 -0.4973780860307263 0.189873417721519
v -0.8772966209827662 -0.5861908612594677 0.189873417721519
v -0.8156154460552008 -0.6693582980497602 0.189873417721519
v -0.7460794485213678 -0.7460794485213674 0.189873417721519
v -0.6693582980497608 -0.8156154460552003 0.189873417721519
v -0.586190861259468 -0.877296620982766 0.189873417721519
v -0.4973780860307265 -0.9305289498711511 0.189873417721519
v -0.40377528793899 -0.9747997762934096 0.189873417721519
v -0.3062839130983754 -1.0096827479902 0.189873417721519
v -0.2058428567428062 -1.034841922875111 0.189873417721519
v -0.1034194211516511 -1.050035004340595 0.189873417721519
v -1.938216050639745e-16 -1.055115674706757 0.189873417721519
v 0.1034194211516507 -1.050035004340595 0.189873417721519
v 0.2058428567428058 -1.034841922875111 0.189873417721519
v 0.306283913098375 -1.009682747990201 0.189873417721519
v 0.4037752879389897 -0.9747997762934097 0.189873417721519
v 0.4973780860307262 -0.9305289498711512 0.189873417721519
v 0.5861908612594676 -0.8772966209827662 0.189873417721519
v 0.6693582980497605 -0.8156154460552005 0.189873417721519
v 0.7460794485213673 -0.7460794485213678 0.189873417721519
v 0.8156154460552003 -0.669358298049761 0.189873417721519
v 0.877296620982766 -0.586190861259468 0.189873417721519
v 0.930528949871151 -0.4973780860307266 0.189873417721519
v 0.9747997762934096 -0.4037752879389901 0.189873417721519
v 1.0096827479902 -0.3062839130983755 0.189873417721519
v 1.034841922875111 -0.2058428567428062 0.189873417721519
v 1.050035004340595 -0.1034194211516511 0.189873417721519
v 1.071304123476605 0 0.2531645569620253
v 1.066145501304863 0.1050061666064433 0.2531645569620253
v 1.050719315141139 0.2090010664262569 0.2531645569620253
v 1.025174127591002 0.310983171724781 0.2531645569620253
v 0.9897559527749799 0.4099703390789012 0.2531645569620253
v 0.9448058870780939 0.5050092679551074 0.2531645569620253
v 0.890756824205211 0.5951846815147582 0.2531645569620253
v 0.8281292861780202 0.6796281412303792 0.2531645569620253
v 0.7575264104234181 0.7575264104234178 0.2531645569620253
v 0.6796281412303792 0.8281292861780202 0.2531645569620253
v 0.5951846815147583 0.890756824205211 0.2531645569620253
v 0.5050092679551075 0.9448058870780938 0.2531645569620253
v 0.4099703390789013 0.9897559527749799 0.2531645569620253
v 0.310983171724781 1.025174127591002 0.2531645569620253
v 0.209001066426257 1.050719315141139 0.2531645569620253
v 0.1050061666064435 1.066145501304863 0.2531645569620253
v 6.559845828644927e-17 1.071304123476605 0.2531645569620253
v -0.1050061666064434 1.066145501304863 0.2531645569620253
v -0.2090010664262569 1.050719315141139 0.2531645569620253
v -0.3109831717247808 1.025174127591002 0.2531645569620253
v -0.4099703390789012 0.9897559527749799 0.2531645569620253
v -0.5050092679551074 0.9448058870780939 0.2531645569620253
v -0.595184681514758 0.8907568242052111 0.2531645569620253
v -0.6796281412303791 0.8281292861780203 0.2531645569620253
v -0.7575264104234178 0.7575264104234181 0.2531645569620253
v -0.8281292861780202 0.6796281412303792 0.2531645569620253
v -0.8907568242052111 0.5951846815147582 0.2531645569620253
v -0.9448058870780938 0.5050092679551076 0.2531645569620253
v -0.9897559527749799 0.4099703390789013 0.2531645569620253
v -1.025174127591002 0.3109831717247811 0.2531645569620253
v -1.050719315141139 0.2090010664262573 0.2531645569620253
v -1.066145501304863 0.1050061666064436 0.2531645569620253
v -1.071304123476605 1.311969165728985e-16 0.2531645569620253
v -1.066145501304863 -0.1050061666064433 0.2531645569620253
v -1.050719315141139 -0.209001066426257 0.2531645569620253
v -1.025174127591002 -0.3109831717247807 0.2531645569620253
v -0.98975595277498 -0.4099703390789011 0.2531645569620253
v -0.9448058870780939 -0.5050092679551074 0.2531645569620253
v -0.8907568242052112 -0.595184681514758 0.2531645569620253
v -0.8281292861780203 -0.679628141230379 0.2531645569620253
v -0.7575264104234182 -0.7575264104234178 0.2531645569620253
v -0.6796281412303795 -0.8281292861780198 0.2531645569620253
v -0.5951846815147582 -0.890756824205211 0.2531645569620253
v -0.5050092679551076 -0.9448058870780938 0.2531645569620253
v -0.4099703390789018 -0.9897559527749796 0.2531645569620253
v -0.3109831717247811 -1.025174127591002 0.2531645569620253
v -0.2090010664262574 -1.050719315141139 0.2531645569620253
v -0.1050061666064432 -1.066145501304863 0.2531645569620253
v -1.967953748593478e-16 -1.071304123476605 0.2531645569620253
v 0.1050061666064428 -1.066145501304863 0.2531645569620253
v 0.209001066426257 -1.050719315141139 0.2531645569620253
v 0.3109831717247807 -1.025174127591002 0.2531645569620253
v 0.4099703390789015 -0.9897559527749797 0.2531645569620253
v 0.5050092679551073 -0.9448058870780939 0.2531645569620253
v 0.5951846815147579 -0.8907568242052112 0.2531645569620253
v 0.6796281412303793 -0.8281292861780201 0.2531645569620253
v 0.7575264104234177 -0.7575264104234182 0.2531645569620253
v 0.8281292861780198 -0.6796281412303796 0.2531645569620253
v 0.890756824205211 -0.5951846815147582 0.2531645569620253
v 0.9448058870780937 -0.5050092679551077 0.2531645569620253
v 0.9897559527749796 -0.4099703390789019 0.2531645569620253
v 1.025174127591002 -0.3109831717247812 0.2531645569620253
v 1.050719315141139 -0.2090010664262574 0.2531645569620253
v 1.066145501304863 -0.1050061666064432 0.2531645569620253
v 1.08569219189161 0 0.3164556962025317
v 1.08046428723779 0.1064164439273482 0.3164556962025317
v 1.06483092085601 0.2118080393265303 0.3164556962025317
v 1.038942650610595 0.3151598075209458 0.3164556962025317
v 1.003048794695975 0.415476414485059 0.3164556962025317
v 0.9574950305661857 0.5117917564551698 0.3164556962025317
v 0.9027200658720176 0.6031782640367844 0.3164556962025317
v 0.8392514134665171 0.6887558352049453 0.3164556962025317
v 0.7677003111678439 0.7677003111678438 0.3164556962025317
v 0.6887558352049453 0.8392514134665171 0.3164556962025317
v 0.6031782640367845 0.9027200658720176 0.3164556962025317
v 0.5117917564551701 0.9574950305661855 0.3164556962025317
v 0.4154764144850591 1.003048794695975 0.3164556962025317
v 0.3151598075209458 1.038942650610595 0.3164556962025317
v 0.2118080393265304 1.06483092085601 0.3164556962025317
v 0.1064164439273484 1.08046428723779 0.3164556962025317
v 6.64794733829667e-17 1.08569219189161 0.3164556962025317
v -0.1064164439273482 1.08046428723779 0.3164556962025317
v -0.2118080393265303 1.06483092085601 0.3164556962025317
v -0.3151598075209456 1.038942650610595 0.3164556962025317
v -0.415476414485059 1.003048794695975 0.3164556962025317
v -0.5117917564551698 0.9574950305661857 0.3164556962025317
v -0.6031782640367842 0.9027200658720177 0.3164556962025317
v -0.6887558352049452 0.8392514134665172 0.3164556962025317
v -0.7677003111678438 0.7677003111678439 0.3164556962025317
v -0.8392514134665171 0.6887558352049453 0.3164556962025317
v -0.9027200658720177 0.6031782640367844 0.3164556962025317
v -0.9574950305661855 0.5117917564551701 0.3164556962025317
v -1.003048794695975 0.4154764144850591 0.3164556962025317
v -1.038942650610595 0.3151598075209459 0.3164556962025317
v -1.06483092085601 0.2118080393265307 0.3164556962025317
v -1.08046428723779 0.1064164439273484 0.3164556962025317
v -1.08569219189161 1.329589467659334e-16 0.3164556962025317
v -1.08046428723779 -0.1064164439273482 0.3164556962025317
v -1.06483092085601 -0.2118080393265304 0.3164556962025317
v -1.038942650610595 -0.3151598075209456 0.3164556962025317
v -1.003048794695975 -0.4154764144850589 0.3164556962025317
v -0.9574950305661857 -0.5117917564551698 0.3164556962025317
v -0.9027200658720178 -0.6031782640367842 0.3164556962025317
v -0.8392514134665172 -0.6887558352049451 0.3164556962025317
v -0.767700311167844 -0.7677003111678438 0.3164556962025317
v -0.6887558352049457 -0.8392514134665168 0.3164556962025317
v -0.6031782640367844 -0.9027200658720176 0.3164556962025317
v -0.5117917564551702 -0.9574950305661855 0.3164556962025317
v -0.4154764144850596 -1.003048794695975 0.3164556962025317
v -0.3151598075209459 -1.038942650610595 0.3164556962025317
v -0.2118080393265308 -1.06483092085601 0.3164556962025317
v -0.106416443927348 -1.08046428723779 0.3164556962025317
v -1.994384201489001e-16 -1.08569219189161 0.3164556962025317
v 0.1064164439273476 -1.08046428723779 0.3164556962025317
v 0.2118080393265304 -1.06483092085601 0.3164556962025317
v 0.3151598075209455 -1.038942650610595 0.3164556962025317
v 0.4154764144850593 -1.003048794695975 0.3164556962025317
v 0.5117917564551697 -0.9574950305661857 0.3164556962025317
v 0.6031782640367841 -0.9027200658720178 0.3164556962025317
v 0.6887558352049454 -0.839251413466517 0.3164556962025317
v 0.7677003111678437 -0.767700311167844 0.3164556962025317
v 0.8392514134665168 -0.6887558352049458 0.3164556962025317
v 0.9027200658720176 -0.6031782640367844 0.3164556962025317
v 0.9574950305661853 -0.5117917564551702 0.3164556962025317
v 1.003048794695975 -0.4154764144850597 0.3164556962025317
v 1.038942650610595 -0.315159807520946 0.3164556962025317
v 1.06483092085601 -0.2118080393265308 0.3164556962025317
v 1.08046428723779 -0.1064164439273481 0.3164556962025317
v 1.097916591063899 0 0.379746835443038
v 1.092629822586797 0.107614644576463 0.379746835443038
v 1.076820431625965 0.2141929012975059 0.379746835443038
v 1.05064067125865 0.3187083632893035 0.379746835443038
v 1.014342666888501 0.4201544895189117 0.379746835443038
v 0.96827598814011 0.5175542983346454 0.379746835443038
v 0.9128842823124325 0.6099697763334578 0.379746835443038
v 0.8487010018127755 0.6965109119427813 0.379746835443038
v 0.7763442667185009 0.7763442667185008 0.379746835443038
v 0.6965109119427813 0.8487010018127755 0.379746835443038
v 0.6099697763334579 0.9128842823124325 0.379746835443038
v 0.5175542983346456 0.9682759881401098 0.379746835443038
v 0.4201544895189117 1.014342666888501 0.379746835443038
v 0.3187083632893035 1.05064067125865 0.379746835443038
v 0.214192901297506 1.076820431625965 0.379746835443038
v 0.1076146445764632 1.092629822586797 0.379746835443038
v 6.722800194885889e-17 1.097916591063899 0.379746835443038
v -0.1076146445764631 1.092629822586797 0.379746835443038
v -0.2141929012975058 1.076820431625965 0.379746835443038
v -0.3187083632893033 1.05064067125865 0.379746835443038
v -0.4201544895189115 1.014342666888501 0.379746835443038
v -0.5175542983346455 0.96827598814011 0.379746835443038
v -0.6099697763334575 0.9128842823124326 0.379746835443038
v -0.6965109119427811 0.8487010018127756 0.379746835443038
v -0.7763442667185008 0.7763442667185009 0.379746835443038
v -0.8487010018127755 0.6965109119427813 0.379746835443038
v -0.9128842823124326 0.6099697763334578 0.379746835443038
v -0.9682759881401098 0.5175542983346456 0.379746835443038
v -1.014342666888501 0.4201544895189118 0.379746835443038
v -1.05064067125865 0.3187083632893036 0.379746835443038
v -1.076820431625965 0.2141929012975063 0.379746835443038
v -1.092629822586797 0.1076146445764633 0.379746835443038
v -1.097916591063899 1.344560038977178e-16 0.379746835443038
v -1.092629822586797 -0.107614644576463 0.379746835443038
v -1.076820431625965 -0.214192901297506 0.379746835443038
v -1.05064067125865 -0.3187083632893032 0.379746835443038
v -1.014342666888501 -0.4201544895189115 0.379746835443038
v -0.96827598814011 -0.5175542983346454 0.379746835443038
v -0.9128842823124327 -0.6099697763334575 0.379746835443038
v -0.8487010018127756 -0.6965109119427809 0.379746835443038
v -0.776344266718501 -0.7763442667185008 0.379746835443038
v -0.6965109119427816 -0.8487010018127751 0.379746835443038
v -0.6099697763334578 -0.9128842823124325 0.379746835443038
v -0.5175542983346457 -0.9682759881401098 0.379746835443038
v -0.4201544895189123 -1.0143426668885 0.379746835443038
v -0.3187083632893036 -1.05064067125865 0.379746835443038
v -0.2141929012975064 -1.076820431625965 0.379746835443038
v -0.1076146445764628 -1.092629822586797 0.379746835443038
v -2.016840058465767e-16 -1.097916591063899 0.379746835443038
v 0.1076146445764625 -1.092629822586797 0.379746835443038
v 0.214192901297506 -1.076820431625965 0.379746835443038
v 0.3187083632893032 -1.05064067125865 0.379746835443038
v 0.4201544895189119 -1.014342666888501 0.379746835443038
v 0.5175542983346454 -0.96827598814011 0.379746835443038
v 0.6099697763334574 -0.9128842823124327 0.379746835443038
v 0.6965109119427814 -0.8487010018127754 0.379746835443038
v 0.7763442667185007 -0.776344266718501 0.379746835443038
v 0.8487010018127751 -0.6965109119427817 0.379746835443038
v 0.9128842823124325 -0.6099697763334578 0.379746835443038
v 0.9682759881401097 -0.5175542983346457 0.379746835443038
v 1.0143426668885 -0.4201544895189123 0.379746835443038
v 1.05064067125865 -0.3187083632893037 0.379746835443038
v 1.076820431625965 -0.2141929012975064 0.379746835443038
v 1.092629822586797 -0.1076146445764629 0.379746835443038
v 1.107668663274306 0 0.4430379746835443
v 1.102334935903998 0.1085705148068144 0.4430379746835443
v 1.086385120503361 0.2160954362053586 0.4430379746835443
v 1.059972822513761 0.3215392404234635 0.4430379746835443
v 1.023352406803267 0.4238864459850621 0.4430379746835443
v 0.976876547993928 0.5221513933519224 0.4430379746835443
v 0.9209928340123654 0.6153877373638172 0.4430379746835443
v 0.8562394555733678 0.7026975610597419 0.4430379746835443
v 0.7832400231091 0.7832400231090999 0.4430379746835443
v 0.7026975610597419 0.8562394555733678 0.4430379746835443
v 0.6153877373638174 0.9209928340123654 0.4430379746835443
v 0.5221513933519226 0.9768765479939278 0.4430379746835443
v 0.4238864459850622 1.023352406803267 0.4430379746835443
v 0.3215392404234635 1.059972822513761 0.4430379746835443
v 0.2160954362053587 1.086385120503361 0.4430379746835443
v 0.1085705148068146 1.102334935903997 0.4430379746835443
v 6.782514414973528e-17 1.107668663274306 0.4430379746835443
v -0.1085705148068145 1.102334935903998 0.4430379746835443
v -0.2160954362053585 1.086385120503361 0.4430379746835443
v -0.3215392404234633 1.059972822513761 0.4430379746835443
v -0.4238864459850621 1.023352406803267 0.4430379746835443
v -0.5221513933519225 0.976876547993928 0.4430379746835443
v -0.6153877373638169 0.9209928340123655 0.4430379746835443
v -0.7026975610597418 0.8562394555733679 0.4430379746835443
v -0.7832400231090999 0.7832400231091 0.4430379746835443
v -0.8562394555733678 0.7026975610597419 0.4430379746835443
v -0.9209928340123655 0.6153877373638172 0.4430379746835443
v -0.9768765479939278 0.5221513933519226 0.4430379746835443
v -1.023352406803267 0.4238864459850623 0.4430379746835443
v -1.059972822513761 0.3215392404234635 0.4430379746835443
v -1.086385120503361 0.216095436205359 0.4430379746835443
v -1.102334935903997 0.1085705148068147 0.4430379746835443
v -1.107668663274306 1.356502882994706e-16 0.4430379746835443
v -1.102334935903998 -0.1085705148068144 0.4430379746835443
v -1.086385120503361 -0.2160954362053587 0.4430379746835443
v -1.059972822513761 -0.3215392404234633 0.4430379746835443
v -1.023352406803267 -0.423886445985062 0.4430379746835443
v -0.976876547993928 -0.5221513933519224 0.4430379746835443
v -0.9209928340123656 -0.6153877373638169 0.4430379746835443
v -0.8562394555733679 -0.7026975610597417 0.4430379746835443
v -0.7832400231091001 -0.7832400231090999 0.4430379746835443
v -0.7026975610597422 -0.8562394555733674 0.4430379746835443
v -0.6153877373638172 -0.9209928340123654 0.4430379746835443
v -0.5221513933519227 -0.9768765479939278 0.4430379746835443
v -0.4238864459850628 -1.023352406803267 0.4430379746835443
v -0.3215392404234637 -1.059972822513761 0.4430379746835443
v -0.2160954362053591 -1.086385120503361 0.4430379746835443
v -0.1085705148068142 -1.102334935903998 0.4430379746835443
v -2.034754324492059e-16 -1.107668663274306 0.4430379746835443
v 0.1085705148068139 -1.102334935903998 0.4430379746835443
v 0.2160954362053587 -1.086385120503361 0.4430379746835443
v 0.3215392404234632 -1.059972822513761 0.4430379746835443
v 0.4238864459850624 -1.023352406803267 0.4430379746835443
v 0.5221513933519224 -0.976876547993928 0.4430379746835443
v 0.6153877373638168 -0.9209928340123656 0.4430379746835443
v 0.702697561059742 -0.8562394555733677 0.4430379746835443
v 0.7832400231090998 -0.7832400231091001 0.4430379746835443
v 0.8562394555733674 -0.7026975610597423 0.4430379746835443
v 0.9209928340123654 -0.6153877373638172 0.4430379746835443
v 0.9768765479939276 -0.5221513933519228 0.4430379746835443
v 1.023352406803267 -0.4238864459850628 0.4430379746835443
v 1.059972822513761 -0.3215392404234637 0.4430379746835443
v 1.086385120503361 -0.2160954362053591 0.4430379746835443
v 1.102334935903998 -0.1085705148068143 0.4430379746835443
v 1.114702175368691 0 0.5063291139240507
v 1.109334579715194 0.1092599195487795 0.5063291139240507
v 1.093283485635073 0.2174676063447566 0.5063291139240507
v 1.066703473938739 0.3235809612117476 0.5063291139240507
v 1.029850524668941 0.426578054534923 0.5063291139240507
v 0.983079551873018 0.5254669680016421 0.5063291139240507
v 0.9268409855866094 0.6192953473170413 0.5063291139240507
v 0.8616764339461811 0.7071595738965039 0.5063291139240507
v 0.7882134672065977 0.7882134672065976 0.5063291139240507
v 0.7071595738965039 0.8616764339461811 0.5063291139240507
v 0.6192953473170414 0.9268409855866094 0.5063291139240507
v 0.5254669680016422 0.9830795518730179 0.5063291139240507
v 0.426578054534923 1.029850524668941 0.5063291139240507
v 0.3235809612117476 1.066703473938739 0.5063291139240507
v 0.2174676063447567 1.093283485635073 0.5063291139240507
v 0.1092599195487797 1.109334579715194 0.5063291139240507
v 6.825582255339296e-17 1.114702175368691 0.5063291139240507
v -0.1092599195487795 1.109334579715194 0.5063291139240507
v -0.2174676063447566 1.093283485635073 0.5063291139240507
v -0.3235809612117474 1.066703473938739 0.5063291139240507
v -0.4265780545349229 1.029850524668941 0.5063291139240507
v -0.5254669680016421 0.983079551873018 0.5063291139240507
v -0.6192953473170409 0.9268409855866095 0.5063291139240507
v -0.7071595738965037 0.8616764339461813 0.5063291139240507
v -0.7882134672065976 0.7882134672065977 0.5063291139240507
v -0.8616764339461811 0.7071595738965039 0.5063291139240507
v -0.9268409855866095 0.6192953473170413 0.5063291139240507
v -0.9830795518730179 0.5254669680016423 0.5063291139240507
v -1.029850524668941 0.4265780545349231 0.5063291139240507
v -1.066703473938739 0.3235809612117477 0.5063291139240507
v -1.093283485635073 0.217467606344757 0.5063291139240507
v -1.109334579715194 0.1092599195487797 0.5063291139240507
v -1.114702175368691 1.365116451067859e-16 0.5063291139240507
v -1.109334579715194 -0.1092599195487795 0.5063291139240507
v -1.093283485635073 -0.2174676063447568 0.5063291139240507
v -1.066703473938739 -0.3235809612117473 0.5063291139240507
v -1.029850524668941 -0.4265780545349229 0.5063291139240507
v -0.983079551873018 -0.5254669680016421 0.5063291139240507
v -0.9268409855866098 -0.6192953473170409 0.5063291139240507
v -0.8616764339461813 -0.7071595738965036 0.5063291139240507
v -0.7882134672065978 -0.7882134672065976 0.5063291139240507
v -0.7071595738965043 -0.8616764339461808 0.5063291139240507
v -0.6192953473170413 -0.9268409855866094 0.5063291139240507
v -0.5254669680016423 -0.9830795518730179 0.5063291139240507
v -0.4265780545349236 -1.02985052466894 0.5063291139240507
v -0.3235809612117477 -1.066703473938739 0.5063291139240507
v -0.2174676063447571 -1.093283485635073 0.5063291139240507
v -0.1092599195487793 -1.109334579715194 0.5063291139240507
v -2.047674676601789e-16 -1.114702175368691 0.5063291139240507
v 0.1092599195487789 -1.109334579715194 0.5063291139240507
v 0.2174676063447567 -1.093283485635073 0.5063291139240507
v 0.3235809612117473 -1.066703473938739 0.5063291139240507
v 0.4265780545349233 -1.029850524668941 0.5063291139240507
v 0.5254669680016419 -0.983079551873018 0.5063291139240507
v 0.6192953473170408 -0.9268409855866098 0.5063291139240507
v 0.7071595738965041 -0.861676433946181 0.5063291139240507
v 0.7882134672065975 -0.7882134672065978 0.5063291139240507
v 0.8616764339461808 -0.7071595738965044 0.5063291139240507
v 0.9268409855866094 -0.6192953473170413 0.5063291139240507
v 0.9830795518730177 -0.5254669680016424 0.5063291139240507
v 1.02985052466894 -0.4265780545349236 0.5063291139240507
v 1.066703473938739 -0.3235809612117478 0.5063291139240507
v 1.093283485635073 -0.2174676063447571 0.5063291139240507
v 1.109334579715194 -0.1092599195487794 0.5063291139240507
v 1.1188395359767 0 0.569620253164557
v 1.11345201780102 0.1096654518040887 0.569620253164557
v 1.097341348019128 0.21827476535807 0.569620253164557
v 1.070662681188012 0.3247819736005289 0.569620253164557
v 1.033672947453299 0.428161353893328 0.569620253164557
v 0.9867283781714984 0.5274173062913299 0.569620253164557
v 0.9302810752073066 0.621593941714119 0.569620253164557
v 0.8648746569455034 0.709784287680388 0.569620253164557
v 0.7911390229487351 0.7911390229487349 0.569620253164557
v 0.709784287680388 0.8648746569455034 0.569620253164557
v 0.6215939417141191 0.9302810752073066 0.569620253164557
v 0.5274173062913301 0.9867283781714983 0.569620253164557
v 0.4281613538933281 1.033672947453299 0.569620253164557
v 0.3247819736005289 1.070662681188012 0.569620253164557
v 0.2182747653580701 1.097341348019128 0.569620253164557
v 0.1096654518040889 1.11345201780102 0.569620253164557
v 6.85091628246688e-17 1.1188395359767 0.569620253164557
v -0.1096654518040888 1.11345201780102 0.569620253164557
v -0.2182747653580699 1.097341348019128 0.569620253164557
v -0.3247819736005286 1.070662681188012 0.569620253164557
v -0.4281613538933279 1.033672947453299 0.569620253164557
v -0.52741730629133 0.9867283781714984 0.569620253164557
v -0.6215939417141187 0.9302810752073067 0.569620253164557
v -0.7097842876803879 0.8648746569455035 0.569620253164557
v -0.7911390229487349 0.7911390229487351 0.569620253164557
v -0.8648746569455034 0.709784287680388 0.569620253164557
v -0.9302810752073067 0.621593941714119 0.569620253164557
v -0.9867283781714983 0.5274173062913301 0.569620253164557
v -1.033672947453299 0.4281613538933282 0.569620253164557
v -1.070662681188012 0.3247819736005289 0.569620253164557
v -1.097341348019128 0.2182747653580704 0.569620253164557
v -1.11345201780102 0.1096654518040889 0.569620253164557
v -1.1188395359767 1.370183256493376e-16 0.569620253164557
v -1.11345201780102 -0.1096654518040887 0.569620253164557
v -1.097341348019128 -0.2182747653580701 0.569620253164557
v -1.070662681188012 -0.3247819736005286 0.569620253164557
v -1.033672947453299 -0.4281613538933279 0.569620253164557
v -0.9867283781714984 -0.5274173062913299 0.569620253164557
v -0.9302810752073069 -0.6215939417141187 0.569620253164557
v -0.8648746569455035 -0.7097842876803878 0.569620253164557
v -0.7911390229487352 -0.7911390229487349 0.569620253164557
v -0.7097842876803885 -0.864874656945503 0.569620253164557
v -0.621593941714119 -0.9302810752073066 0.569620253164557
v -0.5274173062913302 -0.9867283781714983 0.569620253164557
v -0.4281613538933287 -1.033672947453299 0.569620253164557
v -0.324781973600529 -1.070662681188012 0.569620253164557
v -0.2182747653580704 -1.097341348019128 0.569620253164557
v -0.1096654518040885 -1.11345201780102 0.569620253164557
v -2.055274884740064e-16 -1.1188395359767 0.569620253164557
v 0.1096654518040881 -1.11345201780102 0.569620253164557
v 0.21827476535807 -1.097341348019128 0.569620253164557
v 0.3247819736005285 -1.070662681188012 0.569620253164557
v 0.4281613538933283 -1.033672947453299 0.569620253164557
v 0.5274173062913299 -0.9867283781714984 0.569620253164557
v 0.6215939417141185 -0.9302810752073069 0.569620253164557
v 0.7097842876803881 -0.8648746569455033 0.569620253164557
v 0.7911390229487347 -0.7911390229487352 0.569620253164557
v 0.864874656945503 -0.7097842876803886 0.569620253164557
v 0.9302810752073066 -0.621593941714119 0.569620253164557
v 0.9867283781714982 -0.5274173062913303 0.569620253164557
v 1.033672947453299 -0.4281613538933287 0.569620253164557
v 1.070662681188012 -0.324781973600529 0.569620253164557
v 1.097341348019128 -0.2182747653580705 0.569620253164557
v 1.11345201780102 -0.1096654518040886 0.569620253164557
v 1.119976279572408 0 0.6329113924050633
v 1.114583287665611 0.1097768721606279 0.6329113924050633
v 1.098456249405391 0.2184965330322063 0.6329113924050633
v 1.07175047698613 0.3251119528483298 0.6329113924050633
v 1.034723161595086 0.4285963668342524 0.6329113924050633
v 0.9877308965206646 0.5279531635129543 0.6329113924050633
v 0.9312262429641169 0.6222254826184697 0.6329113924050633
v 0.8657533716277784 0.7105054301833209 0.6329113924050633
v 0.7919428220537301 0.79194282205373 0.6329113924050633
v 0.7105054301833209 0.8657533716277784 0.6329113924050633
v 0.6222254826184698 0.9312262429641169 0.6329113924050633
v 0.5279531635129544 0.9877308965206645 0.6329113924050633
v 0.4285963668342525 1.034723161595086 0.6329113924050633
v 0.3251119528483298 1.07175047698613 0.6329113924050633
v 0.2184965330322064 1.098456249405391 0.6329113924050633
v 0.1097768721606281 1.114583287665611 0.6329113924050633
v 6.857876829496551e-17 1.119976279572408 0.6329113924050633
v -0.1097768721606279 1.114583287665611 0.6329113924050633
v -0.2184965330322062 1.098456249405391 0.6329113924050633
v -0.3251119528483297 1.07175047698613 0.6329113924050633
v -0.4285963668342523 1.034723161595086 0.6329113924050633
v -0.5279531635129543 0.9877308965206646 0.6329113924050633
v -0.6222254826184694 0.931226242964117 0.6329113924050633
v -0.7105054301833208 0.8657533716277785 0.6329113924050633
v -0.79194282205373 0.7919428220537301 0.6329113924050633
v -0.8657533716277784 0.7105054301833209 0.6329113924050633
v -0.931226242964117 0.6222254826184697 0.6329113924050633
v -0.9877308965206645 0.5279531635129545 0.6329113924050633
v -1.034723161595086 0.4285963668342525 0.6329113924050633
v -1.07175047698613 0.3251119528483299 0.6329113924050633
v -1.098456249405391 0.2184965330322067 0.6329113924050633
v -1.114583287665611 0.1097768721606281 0.6329113924050633
v -1.119976279572408 1.37157536589931e-16 0.6329113924050633
v -1.114583287665611 -0.1097768721606279 0.6329113924050633
v -1.098456249405391 -0.2184965330322064 0.6329113924050633
v -1.07175047698613 -0.3251119528483296 0.6329113924050633
v -1.034723161595086 -0.4285963668342523 0.6329113924050633
v -0.9877308965206646 -0.5279531635129543 0.6329113924050633
v -0.9312262429641172 -0.6222254826184694 0.6329113924050633
v -0.8657533716277785 -0.7105054301833207 0.6329113924050633
v -0.7919428220537302 -0.79194282205373 0.6329113924050633
v -0.7105054301833214 -0.865753371627778 0.6329113924050633
v -0.6222254826184697 -0.9312262429641169 0.6329113924050633
v -0.5279531635129545 -0.9877308965206645 0.6329113924050633
v -0.428596366834253 -1.034723161595086 0.6329113924050633
v -0.32511195284833 -1.07175047698613 0.6329113924050633
v -0.2184965330322068 -1.098456249405391 0.6329113924050633
v -0.1097768721606277 -1.114583287665611 0.6329113924050633
v -2.057363048848965e-16 -1.119976279572408 0.6329113924050633
v 0.1097768721606273 -1.114583287665611 0.6329113924050633
v 0.2184965330322064 -1.098456249405391 0.6329113924050633
v 0.3251119528483296 -1.07175047698613 0.6329113924050633
v 0.4285963668342526 -1.034723161595086 0.6329113924050633
v 0.5279531635129542 -0.9877308965206646 0.6329113924050633
v 0.6222254826184693 -0.9312262429641172 0.6329113924050633
v 0.710505430183321 -0.8657533716277782 0.6329113924050633
v 0.7919428220537299 -0.7919428220537302 0.6329113924050633
v 0.865753371627778 -0.7105054301833215 0.6329113924050633
v 0.9312262429641169 -0.6222254826184697 0.6329113924050633
v 0.9877308965206644 -0.5279531635129546 0.6329113924050633
v 1.034723161595086 -0.4285963668342531 0.6329113924050633
v 1.07175047698613 -0.3251119528483301 0.6329113924050633
v 1.098456249405391 -0.2184965330322068 0.6329113924050633
v 1.114583287665611 -0.1097768721606278 0.6329113924050633
v 1.118083704157411 0 0.6962025316455697
v 1.11269982551853 0.1095913673305918 0.6962025316455697
v 1.096600039296308 0.2181273098850547 0.6962025316455697
v 1.069939395233104 0.3245625672048076 0.6962025316455697
v 1.032974649905436 0.4278721095784315 0.6962025316455697
v 0.9860617940177957 0.5270610096381274 0.6962025316455697
v 0.9296526240175558 0.6211740240541526 0.6962025316455697
v 0.8642903910482083 0.7093047930502735 0.6962025316455697
v 0.7906045691438787 0.7906045691438786 0.6962025316455697
v 0.7093047930502735 0.8642903910482083 0.6962025316455697
v 0.6211740240541527 0.9296526240175558 0.6962025316455697
v 0.5270610096381276 0.9860617940177956 0.6962025316455697
v 0.4278721095784315 1.032974649905436 0.6962025316455697
v 0.3245625672048076 1.069939395233104 0.6962025316455697
v 0.2181273098850548 1.096600039296308 0.6962025316455697
v 0.109591367330592 1.11269982551853 0.6962025316455697
v 6.846288147375945e-17 1.118083704157411 0.6962025316455697
v -0.1095913673305919 1.11269982551853 0.6962025316455697
v -0.2181273098850546 1.096600039296308 0.6962025316455697
v -0.3245625672048075 1.069939395233104 0.6962025316455697
v -0.4278721095784314 1.032974649905436 0.6962025316455697
v -0.5270610096381275 0.9860617940177957 0.6962025316455697
v -0.6211740240541522 0.929652624017556 0.6962025316455697
v -0.7093047930502734 0.8642903910482084 0.6962025316455697
v -0.7906045691438786 0.7906045691438787 0.6962025316455697
v -0.8642903910482083 0.7093047930502735 0.6962025316455697
v -0.929652624017556 0.6211740240541526 0.6962025316455697
v -0.9860617940177956 0.5270610096381277 0.6962025316455697
v -1.032974649905436 0.4278721095784316 0.6962025316455697
v -1.069939395233104 0.3245625672048078 0.6962025316455697
v -1.096600039296308 0.2181273098850551 0.6962025316455697
v -1.11269982551853 0.1095913673305921 0.6962025316455697
v -1.118083704157411 1.369257629475189e-16 0.6962025316455697
v -1.11269982551853 -0.1095913673305918 0.6962025316455697
v -1.096600039296308 -0.2181273098850548 0.6962025316455697
v -1.069939395233104 -0.3245625672048074 0.6962025316455697
v -1.032974649905436 -0.4278721095784314 0.6962025316455697
v -0.9860617940177957 -0.5270610096381274 0.6962025316455697
v -0.9296526240175561 -0.6211740240541522 0.6962025316455697
v -0.8642903910482084 -0.7093047930502733 0.6962025316455697
v -0.7906045691438788 -0.7906045691438786 0.6962025316455697
v -0.7093047930502738 -0.8642903910482078 0.6962025316455697
v -0.6211740240541526 -0.9296526240175558 0.6962025316455697
v -0.5270610096381277 -0.9860617940177956 0.6962025316455697
v -0.4278721095784321 -1.032974649905436 0.6962025316455697
v -0.3245625672048078 -1.069939395233104 0.6962025316455697
v -0.2181273098850552 -1.096600039296308 0.6962025316455697
v -0.1095913673305917 -1.11269982551853 0.6962025316455697
v -2.053886444212783e-16 -1.118083704157411 0.6962025316455697
v 0.1095913673305913 -1.11269982551853 0.6962025316455697
v 0.2181273098850547 -1.096600039296308 0.6962025316455697
v 0.3245625672048074 -1.069939395233104 0.6962025316455697
v 0.4278721095784317 -1.032974649905436 0.6962025316455697
v 0.5270610096381274 -0.9860617940177957 0.6962025316455697
v 0.6211740240541521 -0.9296526240175561 0.6962025316455697
v 0.7093047930502736 -0.8642903910482082 0.6962025316455697
v 0.7906045691438784 -0.7906045691438788 0.6962025316455697
v 0.8642903910482078 -0.7093047930502739 0.6962025316455697
v 0.9296526240175558 -0.6211740240541526 0.6962025316455697
v 0.9860617940177954 -0.5270610096381279 0.6962025316455697
v 1.032974649905436 -0.4278721095784321 0.6962025316455697
v 1.069939395233104 -0.3245625672048079 0.6962025316455697
v 1.096600039296308 -0.2181273098850552 0.6962025316455697
v 1.11269982551853 -0.1095913673305917 0.6962025316455697
v 1.113209595966656 0 0.759493670886076
v 1.107849187490944 0.1091136211840772 0.759493670886076
v 1.091819585727724 0.217176418548579 0.759493670886076
v 1.065275164504649 0.3231476882817512 0.759493670886076
v 1.028471561108753 0.4260068691262748 0.759493670886076
v 0.9817632143596349 0.5247633709420689 0.759493670886076
v 0.9255999511698686 0.6184661146308523 0.759493670886076
v 0.8605226544659341 0.7062126915477719 0.759493670886076
v 0.7871580541899593 0.7871580541899592 0.759493670886076
v 0.7062126915477719 0.8605226544659341 0.759493670886076
v 0.6184661146308524 0.9255999511698686 0.759493670886076
v 0.5247633709420692 0.9817632143596348 0.759493670886076
v 0.4260068691262748 1.028471561108753 0.759493670886076
v 0.3231476882817512 1.065275164504649 0.759493670886076
v 0.2171764185485791 1.091819585727724 0.759493670886076
v 0.1091136211840774 1.107849187490943 0.759493670886076
v 6.816442842403419e-17 1.113209595966656 0.759493670886076
v -0.1091136211840772 1.107849187490944 0.759493670886076
v -0.2171764185485789 1.091819585727724 0.759493670886076
v -0.323147688281751 1.065275164504649 0.759493670886076
v -0.4260068691262747 1.028471561108753 0.759493670886076
v -0.524763370942069 0.9817632143596349 0.759493670886076
v -0.6184661146308521 0.9255999511698687 0.759493670886076
v -0.7062126915477718 0.8605226544659342 0.759493670886076
v -0.7871580541899592 0.7871580541899593 0.759493670886076
v -0.8605226544659341 0.7062126915477719 0.759493670886076
v -0.9255999511698687 0.6184661146308523 0.759493670886076
v -0.9817632143596348 0.5247633709420693 0.759493670886076
v -1.028471561108753 0.4260068691262749 0.759493670886076
v -1.065275164504649 0.3231476882817513 0.759493670886076
v -1.091819585727724 0.2171764185485794 0.759493670886076
v -1.107849187490943 0.1091136211840774 0.759493670886076
v -1.113209595966656 1.363288568480684e-16 0.759493670886076
v -1.107849187490944 -0.1091136211840772 0.759493670886076
v -1.091819585727724 -0.2171764185485791 0.759493670886076
v -1.065275164504649 -0.3231476882817509 0.759493670886076
v -1.028471561108753 -0.4260068691262747 0.759493670886076
v -0.9817632143596349 -0.5247633709420689 0.759493670886076
v -0.9255999511698688 -0.6184661146308521 0.759493670886076
v -0.8605226544659342 -0.7062126915477717 0.759493670886076
v -0.7871580541899594 -0.7871580541899592 0.759493670886076
v -0.7062126915477722 -0.8605226544659338 0.759493670886076
v -0.6184661146308523 -0.9255999511698686 0.759493670886076
v -0.5247633709420693 -0.9817632143596348 0.759493670886076
v -0.4260068691262754 -1.028471561108752 0.759493670886076
v -0.3231476882817513 -1.065275164504649 0.759493670886076
v -0.2171764185485794 -1.091819585727724 0.759493670886076
v -0.109113621184077 -1.107849187490944 0.759493670886076
v -2.044932852721026e-16 -1.113209595966656 0.759493670886076
v 0.1091136211840766 -1.107849187490944 0.759493670886076
v 0.217176418548579 -1.091819585727724 0.759493670886076
v 0.3231476882817509 -1.065275164504649 0.759493670886076
v 0.426006869126275 -1.028471561108752 0.759493670886076
v 0.5247633709420689 -0.9817632143596349 0.759493670886076
v 0.618466114630852 -0.9255999511698688 0.759493670886076
v 0.706212691547772 -0.860522654465934 0.759493670886076
v 0.7871580541899591 -0.7871580541899594 0.759493670886076
v 0.8605226544659338 -0.7062126915477723 0.759493670886076
v 0.9255999511698686 -0.6184661146308523 0.759493670886076
v 0.9817632143596347 -0.5247633709420694 0.759493670886076
v 1.028471561108752 -0.4260068691262754 0.759493670886076
v 1.065275164504649 -0.3231476882817514 0.759493670886076
v 1.091819585727724 -0.2171764185485795 0.759493670886076
v 1.107849187490944 -0.1091136211840771 0.759493670886076
v 1.105477022898692 0 0.8227848101265823
v 1.100153848875829 0.108355696484566 0.8227848101265823
v 1.084235591883022 0.2156678683787366 0.8227848101265823
v 1.057875553436917 0.3209030408043707 0.8227848101265823
v 1.021327595117613 0.4230477415236125 0.8227848101265823
v 0.9749436937428699 0.5211182612305622 0.8227848101265823
v 0.9191705516389475 0.6141701272096425 0.8227848101265823
v 0.8545452946530068 0.7013071991241508 0.8227848101265823
v 0.7816902993375815 0.7816902993375814 0.8227848101265823
v 0.7013071991241508 0.8545452946530068 0.8227848101265823
v 0.6141701272096426 0.9191705516389475 0.8227848101265823
v 0.5211182612305623 0.9749436937428698 0.8227848101265823
v 0.4230477415236125 1.021327595117613 0.8227848101265823
v 0.3209030408043707 1.057875553436917 0.8227848101265823
v 0.2156678683787367 1.084235591883022 0.8227848101265823
v 0.1083556964845662 1.100153848875829 0.8227848101265823
v 6.769094488119143e-17 1.105477022898692 0.8227848101265823
v -0.108355696484566 1.100153848875829 0.8227848101265823
v -0.2156678683787366 1.084235591883022 0.8227848101265823
v -0.3209030408043705 1.057875553436917 0.8227848101265823
v -0.4230477415236124 1.021327595117613 0.8227848101265823
v -0.5211182612305622 0.9749436937428699 0.8227848101265823
v -0.6141701272096423 0.9191705516389476 0.8227848101265823
v -0.7013071991241507 0.8545452946530069 0.8227848101265823
v -0.7816902993375814 0.7816902993375815 0.8227848101265823
v -0.8545452946530068 0.7013071991241508 0.8227848101265823
v -0.9191705516389476 0.6141701272096425 0.8227848101265823
v -0.9749436937428698 0.5211182612305624 0.8227848101265823
v -1.021327595117613 0.4230477415236126 0.8227848101265823
v -1.057875553436917 0.3209030408043708 0.8227848101265823
v -1.084235591883022 0.215667868378737 0.8227848101265823
v -1.100153848875829 0.1083556964845662 0.8227848101265823
v -1.105477022898692 1.353818897623829e-16 0.8227848101265823
v -1.100153848875829 -0.108355696484566 0.8227848101265823
v -1.084235591883022 -0.2156678683787367 0.8227848101265823
v -1.057875553436917 -0.3209030408043704 0.8227848101265823
v -1.021327595117613 -0.4230477415236123 0.8227848101265823
v -0.9749436937428699 -0.5211182612305622 0.8227848101265823
v -0.9191705516389477 -0.6141701272096423 0.8227848101265823
v -0.8545452946530069 -0.7013071991241505 0.8227848101265823
v -0.7816902993375816 -0.7816902993375814 0.8227848101265823
v -0.7013071991241512 -0.8545452946530064 0.8227848101265823
v -0.6141701272096425 -0.9191705516389475 0.8227848101265823
v -0.5211182612305625 -0.9749436937428698 0.8227848101265823
v -0.4230477415236131 -1.021327595117612 0.8227848101265823
v -0.3209030408043708 -1.057875553436917 0.8227848101265823
v -0.2156678683787371 -1.084235591883022 0.8227848101265823
v -0.1083556964845658 -1.100153848875829 0.8227848101265823
v -2.030728346435743e-16 -1.105477022898692 0.8227848101265823
v 0.1083556964845654 -1.100153848875829 0.8227848101265823
v 0.2156678683787367 -1.084235591883022 0.8227848101265823
v 0.3209030408043704 -1.057875553436917 0.8227848101265823
v 0.4230477415236127 -1.021327595117613 0.8227848101265823
v 0.521118261230562 -0.9749436937428699 0.8227848101265823
v 0.6141701272096421 -0.9191705516389477 0.8227848101265823
v 0.701307199124151 -0.8545452946530067 0.8227848101265823
v 0.7816902993375813 -0.7816902993375816 0.8227848101265823
v 0.8545452946530064 -0.7013071991241513 0.8227848101265823
v 0.9191705516389475 -0.6141701272096425 0.8227848101265823
v 0.9749436937428697 -0.5211182612305625 0.8227848101265823
v 1.021327595117612 -0.4230477415236131 0.8227848101265823
v 1.057875553436917 -0.3209030408043709 0.8227848101265823
v 1.084235591883022 -0.2156678683787371 0.8227848101265823
v 1.100153848875829 -0.1083556964845659 0.8227848101265823
v 1.095081227135389 0 0.8860759493670887
v 1.089808111710586 0.1073367303123968 0.8860759493670887
v 1.074039548420296 0.2136397492356599 0.8860759493670887
v 1.047927397148978 0.317885300586417 0.8860759493670887
v 1.011723132187729 0.4190694427187451 0.8860759493670887
v 0.9657754203993903 0.5162177170310315 0.8860759493670887
v 0.9105267633660573 0.6083945325349999 0.8860759493670887
v 0.8465092358569494 0.6947121761083744 0.8860759493670887
v 0.7743393616575195 0.7743393616575194 0.8860759493670887
v 0.6947121761083744 0.8465092358569494 0.8860759493670887
v 0.6083945325350001 0.9105267633660573 0.8860759493670887
v 0.5162177170310317 0.9657754203993902 0.8860759493670887
v 0.4190694427187452 1.011723132187729 0.8860759493670887
v 0.317885300586417 1.047927397148978 0.8860759493670887
v 0.21363974923566 1.074039548420296 0.8860759493670887
v 0.107336730312397 1.089808111710586 0.8860759493670887
v 6.705438598088549e-17 1.095081227135389 0.8860759493670887
v -0.1073367303123969 1.089808111710586 0.8860759493670887
v -0.2136397492356598 1.074039548420296 0.8860759493670887
v -0.3178853005864167 1.047927397148978 0.8860759493670887
v -0.4190694427187451 1.011723132187729 0.8860759493670887
v -0.5162177170310316 0.9657754203993903 0.8860759493670887
v -0.6083945325349996 0.9105267633660574 0.8860759493670887
v -0.6947121761083742 0.8465092358569495 0.8860759493670887
v -0.7743393616575194 0.7743393616575195 0.8860759493670887
v -0.8465092358569494 0.6947121761083744 0.8860759493670887
v -0.9105267633660574 0.6083945325349999 0.8860759493670887
v -0.9657754203993902 0.5162177170310317 0.8860759493670887
v -1.011723132187729 0.4190694427187452 0.8860759493670887
v -1.047927397148978 0.317885300586417 0.8860759493670887
v -1.074039548420296 0.2136397492356603 0.8860759493670887
v -1.089808111710586 0.1073367303123971 0.8860759493670887
v -1.095081227135389 1.34108771961771e-16 0.8860759493670887
v -1.089808111710586 -0.1073367303123968 0.8860759493670887
v -1.074039548420296 -0.21363974923566 0.8860759493670887
v -1.047927397148978 -0.3178853005864167 0.8860759493670887
v -1.011723132187729 -0.419069442718745 0.8860759493670887
v -0.9657754203993903 -0.5162177170310315 0.8860759493670887
v -0.9105267633660575 -0.6083945325349996 0.8860759493670887
v -0.8465092358569495 -0.6947121761083741 0.8860759493670887
v -0.7743393616575196 -0.7743393616575194 0.8860759493670887
v -0.6947121761083748 -0.846509235856949 0.8860759493670887
v -0.6083945325349999 -0.9105267633660573 0.8860759493670887
v -0.5162177170310318 -0.9657754203993902 0.8860759493670887
v -0.4190694427187457 -1.011723132187729 0.8860759493670887
v -0.3178853005864171 -1.047927397148978 0.8860759493670887
v -0.2136397492356604 -1.074039548420296 0.8860759493670887
v -0.1073367303123967 -1.089808111710586 0.8860759493670887
v -2.011631579426565e-16 -1.095081227135389 0.8860759493670887
v 0.1073367303123963 -1.089808111710586 0.8860759493670887
v 0.21363974923566 -1.074039548420296 0.8860759493670887
v 0.3178853005864166 -1.047927397148978 0.8860759493670887
v 0.4190694427187454 -1.011723132187729 0.8860759493670887
v 0.5162177170310314 -0.9657754203993903 0.8860759493670887
v 0.6083945325349995 -0.9105267633660575 0.8860759493670887
v 0.6947121761083745 -0.8465092358569493 0.8860759493670887
v 0.7743393616575192 -0.7743393616575196 0.8860759493670887
v 0.846509235856949 -0.6947121761083749 0.8860759493670887
v 0.9105267633660573 -0.6083945325349999 0.8860759493670887
v 0.9657754203993901 -0.5162177170310318 0.8860759493670887
v 1.011723132187729 -0.4190694427187458 0.8860759493670887
v 1.047927397148978 -0.3178853005864171 0.8860759493670887
v 1.074039548420296 -0.2136397492356604 0.8860759493670887
v 1.089808111710586 -0.1073367303123967 0.8860759493670887
v 1.08228469541037 0 0.949367088607595
v 1.077073198783471 0.1060824508665739 0.949367088607595
v 1.061488898464184 0.2111432697407363 0.949367088607595
v 1.03568187978383 0.3141706635046432 0.949367088607595
v 0.9999006784398525 0.4141724220358459 0.949367088607595
v 0.9544898869611874 0.510185473733167 0.949367088607595
v 0.8998868360938382 0.6012851604226882 0.949367088607595
v 0.8366173830667215 0.6865941423214351 0.949367088607595
v 0.7652908472990895 0.7652908472990894 0.949367088607595
v 0.6865941423214351 0.8366173830667215 0.949367088607595
v 0.6012851604226883 0.8998868360938382 0.949367088607595
v 0.5101854737331671 0.9544898869611873 0.949367088607595
v 0.414172422035846 0.9999006784398525 0.949367088607595
v 0.3141706635046432 1.03568187978383 0.949367088607595
v 0.2111432697407364 1.061488898464184 0.949367088607595
v 0.1060824508665741 1.07707319878347 0.949367088607595
v 6.627082440002385e-17 1.08228469541037 0.949367088607595
v -0.106082450866574 1.077073198783471 0.949367088607595
v -0.2111432697407362 1.061488898464184 0.949367088607595
v -0.314170663504643 1.035681879783831 0.949367088607595
v -0.4141724220358459 0.9999006784398525 0.949367088607595
v -0.510185473733167 0.9544898869611874 0.949367088607595
v -0.601285160422688 0.8998868360938383 0.949367088607595
v -0.6865941423214349 0.8366173830667216 0.949367088607595
v -0.7652908472990894 0.7652908472990895 0.949367088607595
v -0.8366173830667215 0.6865941423214351 0.949367088607595
v -0.8998868360938383 0.6012851604226882 0.949367088607595
v -0.9544898869611873 0.5101854737331672 0.949367088607595
v -0.9999006784398525 0.4141724220358461 0.949367088607595
v -1.03568187978383 0.3141706635046432 0.949367088607595
v -1.061488898464184 0.2111432697407367 0.949367088607595
v -1.07707319878347 0.1060824508665742 0.949367088607595
v -1.08228469541037 1.325416488000477e-16 0.949367088607595
v -1.077073198783471 -0.1060824508665739 0.949367088607595
v -1.061488898464184 -0.2111432697407364 0.949367088607595
v -1.035681879783831 -0.314170663504643 0.949367088607595
v -0.9999006784398526 -0.4141724220358458 0.949367088607595
v -0.9544898869611874 -0.510185473733167 0.949367088607595
v -0.8998868360938385 -0.601285160422688 0.949367088607595
v -0.8366173830667216 -0.6865941423214348 0.949367088607595
v -0.7652908472990896 -0.7652908472990894 0.949367088607595
v -0.6865941423214355 -0.8366173830667211 0.949367088607595
v -0.6012851604226882 -0.8998868360938382 0.949367088607595
v -0.5101854737331672 -0.9544898869611873 0.949367088607595
v -0.4141724220358465 -0.9999006784398523 0.949367088607595
v -0.3141706635046433 -1.03568187978383 0.949367088607595
v -0.2111432697407367 -1.061488898464184 0.949367088607595
v -0.1060824508665738 -1.077073198783471 0.949367088607595
v -1.988124732000716e-16 -1.08228469541037 0.949367088607595
v 0.1060824508665734 -1.077073198783471 0.949367088607595
v 0.2111432697407363 -1.061488898464184 0.949367088607595
v 0.3141706635046429 -1.035681879783831 0.949367088607595
v 0.4141724220358462 -0.9999006784398524 0.949367088607595
v 0.5101854737331669 -0.9544898869611874 0.949367088607595
v 0.6012851604226878 -0.8998868360938385 0.949367088607595
v 0.6865941423214352 -0.8366173830667214 0.949367088607595
v 0.7652908472990892 -0.7652908472990896 0.949367088607595
v 0.8366173830667211 -0.6865941423214356 0.949367088607595
v 0.8998868360938382 -0.6012851604226882 0.949367088607595
v 0.9544898869611872 -0.5101854737331674 0.949367088607595
v 0.9999006784398523 -0.4141724220358466 0.949367088607595
v 1.03568187978383 -0.3141706635046433 0.949367088607595
v 1.061488898464184 -0.2111432697407368 0.949367088607595
v 1.077073198783471 -0.1060824508665738 0.949367088607595
v 1.067410531398493 0 1.012658227848101
v 1.062270657936833 0.1046245278453369 1.012658227848101
v 1.046900537343032 0.2082414642939385 1.012658227848101
v 1.021448192280569 0.3098529216050255 1.012658227848101
v 0.9861587427460634 0.4084803258982195 1.012658227848101
v 0.9413720454297081 0.5031738413549535 1.012658227848101
v 0.8875194207095584 0.5930215176566379 1.012658227848101
v 0.8251194988005087 0.6771580725647517 1.012658227848101
v 0.7547732250618103 0.7547732250618102 1.012658227848101
v 0.6771580725647517 0.8251194988005087 1.012658227848101
v 0.593021517656638 0.8875194207095584 1.012658227848101
v 0.5031738413549537 0.941372045429708 1.012658227848101
v 0.4084803258982196 0.9861587427460634 1.012658227848101
v 0.3098529216050255 1.021448192280569 1.012658227848101
v 0.2082414642939386 1.046900537343032 1.012658227848101
v 0.1046245278453371 1.062270657936833 1.012658227848101
v 6.536004453266696e-17 1.067410531398493 1.012658227848101
v -0.1046245278453369 1.062270657936833 1.012658227848101
v -0.2082414642939384 1.046900537343032 1.012658227848101
v -0.3098529216050254 1.021448192280569 1.012658227848101
v -0.4084803258982195 0.9861587427460634 1.012658227848101
v -0.5031738413549536 0.9413720454297081 1.012658227848101
v -0.5930215176566377 0.8875194207095585 1.012658227848101
v -0.6771580725647516 0.8251194988005088 1.012658227848101
v -0.7547732250618102 0.7547732250618103 1.012658227848101
v -0.8251194988005087 0.6771580725647517 1.012658227848101
v -0.8875194207095585 0.5930215176566379 1.012658227848101
v -0.941372045429708 0.5031738413549537 1.012658227848101
v -0.9861587427460634 0.4084803258982197 1.012658227848101
v -1.021448192280569 0.3098529216050256 1.012658227848101
v -1.046900537343032 0.2082414642939389 1.012658227848101
v -1.062270657936833 0.1046245278453371 1.012658227848101
v -1.067410531398493 1.307200890653339e-16 1.012658227848101
v -1.062270657936833 -0.1046245278453369 1.012658227848101
v -1.046900537343032 -0.2082414642939386 1.012658227848101
v -1.021448192280569 -0.3098529216050253 1.012658227848101
v -0.9861587427460635 -0.4084803258982194 1.012658227848101
v -0.9413720454297081 -0.5031738413549535 1.012658227848101
v -0.8875194207095586 -0.5930215176566377 1.012658227848101
v -0.8251194988005088 -0.6771580725647515 1.012658227848101
v -0.7547732250618104 -0.7547732250618102 1.012658227848101
v -0.677158072564752 -0.8251194988005084 1.012658227848101
v -0.5930215176566379 -0.8875194207095584 1.012658227848101
v -0.5031738413549538 -0.941372045429708 1.012658227848101
v -0.4084803258982201 -0.9861587427460632 1.012658227848101
v -0.3098529216050256 -1.021448192280569 1.012658227848101
v -0.2082414642939389 -1.046900537343032 1.012658227848101
v -0.1046245278453367 -1.062270657936833 1.012658227848101
v -1.960801335980009e-16 -1.067410531398493 1.012658227848101
v 0.1046245278453364 -1.062270657936833 1.012658227848101
v 0.2082414642939385 -1.046900537343032 1.012658227848101
v 0.3098529216050253 -1.021448192280569 1.012658227848101
v 0.4084803258982198 -0.9861587427460633 1.012658227848101
v 0.5031738413549534 -0.9413720454297081 1.012658227848101
v 0.5930215176566375 -0.8875194207095586 1.012658227848101
v 0.6771580725647518 -0.8251194988005086 1.012658227848101
v 0.7547732250618101 -0.7547732250618104 1.012658227848101
v 0.8251194988005084 -0.6771580725647521 1.012658227848101
v 0.8875194207095584 -0.5930215176566379 1.012658227848101
v 0.9413720454297079 -0.5031738413549538 1.012658227848101
v 0.9861587427460632 -0.4084803258982202 1.012658227848101
v 1.021448192280569 -0.3098529216050257 1.012658227848101
v 1.046900537343032 -0.208241464293939 1.012658227848101
v 1.062270657936833 -0.1046245278453368 1.012658227848101
v 1.050834297569023 0 1.075949367088608
v 1.045774243203999 0.1029997728079382 1.075949367088608
v 1.030642811198566 0.2050076014983327 1.075949367088608
v 1.005585725514621 0.3050410949177436 1.075949367088608
v 0.9708442995848958 0.402136875840672 1.075949367088608
v 0.9267531123326888 0.4953598588188771 1.075949367088608
v 0.8737367859939335 0.5838122555654124 1.075949367088608
v 0.8123058967729441 0.6666422211466103 1.075949367088608
v 0.7430520577144589 0.7430520577144588 1.075949367088608
v 0.6666422211466103 0.8123058967729441 1.075949367088608
v 0.5838122555654125 0.8737367859939335 1.075949367088608
v 0.4953598588188772 0.9267531123326886 1.075949367088608
v 0.4021368758406721 0.9708442995848958 1.075949367088608
v 0.3050410949177436 1.005585725514621 1.075949367088608
v 0.2050076014983328 1.030642811198566 1.075949367088608
v 0.1029997728079384 1.045774243203998 1.075949367088608
v 6.434504294760809e-17 1.050834297569023 1.075949367088608
v -0.1029997728079383 1.045774243203999 1.075949367088608
v -0.2050076014983327 1.030642811198566 1.075949367088608
v -0.3050410949177434 1.005585725514621 1.075949367088608
v -0.402136875840672 0.9708442995848958 1.075949367088608
v -0.4953598588188771 0.9267531123326888 1.075949367088608
v -0.5838122555654122 0.8737367859939336 1.075949367088608
v -0.6666422211466102 0.8123058967729442 1.075949367088608
v -0.7430520577144588 0.7430520577144589 1.075949367088608
v -0.8123058967729441 0.6666422211466103 1.075949367088608
v -0.8737367859939336 0.5838122555654124 1.075949367088608
v -0.9267531123326886 0.4953598588188773 1.075949367088608
v -0.9708442995848958 0.4021368758406721 1.075949367088608
v -1.005585725514621 0.3050410949177437 1.075949367088608
v -1.030642811198566 0.2050076014983331 1.075949367088608
v -1.045774243203998 0.1029997728079385 1.075949367088608
v -1.050834297569023 1.286900858952162e-16 1.075949367088608
v -1.045774243203999 -0.1029997728079382 1.075949367088608
v -1.030642811198566 -0.2050076014983328 1.075949367088608
v -1.005585725514621 -0.3050410949177434 1.075949367088608
v -0.9708442995848959 -0.4021368758406719 1.075949367088608
v -0.9267531123326888 -0.4953598588188771 1.075949367088608
v -0.8737367859939337 -0.5838122555654122 1.075949367088608
v -0.8123058967729442 -0.6666422211466101 1.075949367088608
v -0.743052057714459 -0.7430520577144588 1.075949367088608
v -0.6666422211466106 -0.8123058967729437 1.075949367088608
v -0.5838122555654124 -0.8737367859939335 1.075949367088608
v -0.4953598588188773 -0.9267531123326886 1.075949367088608
v -0.4021368758406726 -0.9708442995848956 1.075949367088608
v -0.3050410949177437 -1.005585725514621 1.075949367088608
v -0.2050076014983332 -1.030642811198566 1.075949367088608
v -0.1029997728079381 -1.045774243203999 1.075949367088608
v -1.930351288428243e-16 -1.050834297569023 1.075949367088608
v 0.1029997728079377 -1.045774243203999 1.075949367088608
v 0.2050076014983328 -1.030642811198566 1.075949367088608
v 0.3050410949177433 -1.005585725514621 1.075949367088608
v 0.4021368758406723 -0.9708442995848957 1.075949367088608
v 0.495359858818877 -0.9267531123326888 1.075949367088608
v 0.5838122555654119 -0.8737367859939337 1.075949367088608
v 0.6666422211466104 -0.812305896772944 1.075949367088608
v 0.7430520577144587 -0.743052057714459 1.075949367088608
v 0.8123058967729437 -0.6666422211466108 1.075949367088608
v 0.8737367859939335 -0.5838122555654124 1.075949367088608
v 0.9267531123326885 -0.4953598588188774 1.075949367088608
v 0.9708442995848956 -0.4021368758406726 1.075949367088608
v 1.005585725514621 -0.3050410949177438 1.075949367088608
v 1.030642811198566 -0.2050076014983332 1.075949367088608
v 1.045774243203999 -0.1029997728079381 1.075949367088608
v 1.032974532490123 0 1.139240506329114
v 1.028000477775523 0.1012492097079466 1.139240506329114
v 1.013126216497721 0.2015233341779576 1.139240506329114
v 0.9884949959239197 0.2998566787759744 1.139240506329114
v 0.9543440281730398 0.3953022396390442 1.139240506329114
v 0.9110022057333402 0.4869408238402044 1.139240506329114
v 0.8588869340479655 0.5738899017188522 1.139240506329114
v 0.7985001116723512 0.6553121061238154 1.139240506329114
v 0.7304232967167696 0.7304232967167695 1.139240506329114
v 0.6553121061238154 0.7985001116723512 1.139240506329114
v 0.5738899017188523 0.8588869340479655 1.139240506329114
v 0.4869408238402046 0.9110022057333401 1.139240506329114
v 0.3953022396390443 0.9543440281730398 1.139240506329114
v 0.2998566787759744 0.9884949959239197 1.139240506329114
v 0.2015233341779577 1.013126216497721 1.139240506329114
v 0.1012492097079468 1.028000477775523 1.139240506329114
v 6.325144774073813e-17 1.032974532490123 1.139240506329114
v -0.1012492097079467 1.028000477775523 1.139240506329114
v -0.2015233341779576 1.013126216497721 1.139240506329114
v -0.2998566787759743 0.9884949959239198 1.139240506329114
v -0.3953022396390442 0.9543440281730398 1.139240506329114
v -0.4869408238402045 0.9110022057333402 1.139240506329114
v -0.573889901718852 0.8588869340479656 1.139240506329114
v -0.6553121061238153 0.7985001116723514 1.139240506329114
v -0.7304232967167695 0.7304232967167696 1.139240506329114
v -0.7985001116723512 0.6553121061238154 1.139240506329114
v -0.8588869340479656 0.5738899017188522 1.139240506329114
v -0.9110022057333401 0.4869408238402047 1.139240506329114
v -0.9543440281730398 0.3953022396390443 1.139240506329114
v -0.9884949959239197 0.2998566787759745 1.139240506329114
v -1.013126216497721 0.201523334177958 1.139240506329114
v -1.028000477775523 0.1012492097079469 1.139240506329114
v -1.032974532490123 1.265028954814763e-16 1.139240506329114
v -1.028000477775523 -0.1012492097079466 1.139240506329114
v -1.013126216497721 -0.2015233341779577 1.139240506329114
v -0.9884949959239198 -0.2998566787759742 1.139240506329114
v -0.9543440281730399 -0.3953022396390441 1.139240506329114
v -0.9110022057333402 -0.4869408238402044 1.139240506329114
v -0.8588869340479657 -0.573889901718852 1.139240506329114
v -0.7985001116723514 -0.6553121061238152 1.139240506329114
v -0.7304232967167698 -0.7304232967167695 1.139240506329114
v -0.6553121061238157 -0.7985001116723509 1.139240506329114
v -0.5738899017188522 -0.8588869340479655 1.139240506329114
v -0.4869408238402047 -0.9110022057333401 1.139240506329114
v -0.3953022396390448 -0.9543440281730395 1.139240506329114
v -0.2998566787759745 -0.9884949959239197 1.139240506329114
v -0.201523334177958 -1.013126216497721 1.139240506329114
v -0.1012492097079465 -1.028000477775523 1.139240506329114
v -1.897543432222144e-16 -1.032974532490123 1.139240506329114
v 0.1012492097079461 -1.028000477775523 1.139240506329114
v 0.2015233341779577 -1.013126216497721 1.139240506329114
v 0.2998566787759742 -0.9884949959239198 1.139240506329114
v 0.3953022396390444 -0.9543440281730396 1.139240506329114
v 0.4869408238402044 -0.9110022057333402 1.139240506329114
v 0.5738899017188519 -0.8588869340479657 1.139240506329114
v 0.6553121061238155 -0.7985001116723511 1.139240506329114
v 0.7304232967167694 -0.7304232967167698 1.139240506329114
v 0.7985001116723509 -0.6553121061238159 1.139240506329114
v 0.8588869340479655 -0.5738899017188522 1.139240506329114
v 0.91100220573334 -0.4869408238402048 1.139240506329114
v 0.9543440281730395 -0.3953022396390448 1.139240506329114
v 0.9884949959239197 -0.2998566787759746 1.139240506329114
v 1.013126216497721 -0.2015233341779581 1.139240506329114
v 1.028000477775523 -0.1012492097079465 1.139240506329114
v 1.014282183016229 0 1.20253164556962
v 1.009398137073485 0.09941703906647474 1.20253164556962
v 0.9947930352775723 0.1978766376998576 1.20253164556962
v 0.9706075327427474 0.2944305761418174 1.20253164556962
v 0.9370745490795606 0.3881489871834065 1.20253164556962
v 0.8945170252516819 0.4781293112945995 1.20253164556962
v 0.8433448134778828 0.5635049887659569 1.20253164556962
v 0.7840507301311214 0.643453805152337 1.20253164556962
v 0.71720580964747 0.7172058096474699 1.20253164556962
v 0.643453805152337 0.7840507301311214 1.20253164556962
v 0.563504988765957 0.8433448134778828 1.20253164556962
v 0.4781293112945996 0.8945170252516818 1.20253164556962
v 0.3881489871834066 0.9370745490795606 1.20253164556962
v 0.2944305761418174 0.9706075327427474 1.20253164556962
v 0.1978766376998576 0.9947930352775723 1.20253164556962
v 0.09941703906647491 1.009398137073485 1.20253164556962
v 6.21068714431507e-17 1.014282183016229 1.20253164556962
v -0.09941703906647478 1.009398137073485 1.20253164556962
v -0.1978766376998575 0.9947930352775723 1.20253164556962
v -0.2944305761418172 0.9706075327427475 1.20253164556962
v -0.3881489871834065 0.9370745490795606 1.20253164556962
v -0.4781293112945995 0.8945170252516819 1.20253164556962
v -0.5635049887659567 0.8433448134778829 1.20253164556962
v -0.6434538051523369 0.7840507301311215 1.20253164556962
v -0.7172058096474699 0.71720580964747 1.20253164556962
v -0.7840507301311214 0.643453805152337 1.20253164556962
v -0.8433448134778829 0.5635049887659569 1.20253164556962
v -0.8945170252516818 0.4781293112945997 1.20253164556962
v -0.9370745490795606 0.3881489871834066 1.20253164556962
v -0.9706075327427474 0.2944305761418174 1.20253164556962
v -0.9947930352775723 0.1978766376998579 1.20253164556962
v -1.009398137073485 0.09941703906647496 1.20253164556962
v -1.014282183016229 1.242137428863014e-16 1.20253164556962
v -1.009398137073485 -0.09941703906647473 1.20253164556962
v -0.9947930352775723 -0.1978766376998577 1.20253164556962
v -0.9706075327427475 -0.2944305761418172 1.20253164556962
v -0.9370745490795607 -0.3881489871834064 1.20253164556962
v -0.8945170252516819 -0.4781293112945995 1.20253164556962
v -0.843344813477883 -0.5635049887659567 1.20253164556962
v -0.7840507301311215 -0.6434538051523367 1.20253164556962
v -0.7172058096474702 -0.7172058096474699 1.20253164556962
v -0.6434538051523373 -0.784050730131121 1.20253164556962
v -0.5635049887659569 -0.8433448134778828 1.20253164556962
v -0.4781293112945997 -0.8945170252516818 1.20253164556962
v -0.3881489871834071 -0.9370745490795603 1.20253164556962
v -0.2944305761418175 -0.9706075327427474 1.20253164556962
v -0.197876637699858 -0.9947930352775722 1.20253164556962
v -0.09941703906647459 -1.009398137073485 1.20253164556962
v -1.863206143294521e-16 -1.014282183016229 1.20253164556962
v 0.09941703906647423 -1.009398137073485 1.20253164556962
v 0.1978766376998576 -0.9947930352775723 1.20253164556962
v 0.2944305761418171 -0.9706075327427475 1.20253164556962
v 0.3881489871834067 -0.9370745490795604 1.20253164556962
v 0.4781293112945994 -0.8945170252516819 1.20253164556962
v 0.5635049887659566 -0.843344813477883 1.20253164556962
v 0.6434538051523371 -0.7840507301311213 1.20253164556962
v 0.7172058096474698 -0.7172058096474702 1.20253164556962
v 0.784050730131121 -0.6434538051523374 1.20253164556962
v 0.8433448134778828 -0.5635049887659569 1.20253164556962
v 0.8945170252516816 -0.4781293112945998 1.20253164556962
v 0.9370745490795603 -0.3881489871834071 1.20253164556962
v 0.9706075327427474 -0.2944305761418176 1.20253164556962
v 0.9947930352775722 -0.197876637699858 1.20253164556962
v 1.009398137073485 -0.09941703906647464 1.20253164556962
v 0.995229218188369 0 1.265822784810127
v 0.9904369174789762 0.09754952193924825 1.265822784810127
v 0.9761061678263673 0.1941595886562285 1.265822784810127
v 0.9523749821836816 0.2888997923960215 1.265822784810127
v 0.9194719048414437 0.3808577332063499 1.265822784810127
v 0.8777138104211113 0.469147805847886 1.265822784810127
v 0.8275028521992484 0.5529197286568286 1.265822784810127
v 0.7693225891516334 0.6313667322221367 1.265822784810127
v 0.7037333290159818 0.7037333290159817 1.265822784810127
v 0.6313667322221367 0.7693225891516334 1.265822784810127
v 0.5529197286568287 0.8275028521992484 1.265822784810127
v 0.4691478058478861 0.8777138104211112 1.265822784810127
v 0.3808577332063499 0.9194719048414437 1.265822784810127
v 0.2888997923960215 0.9523749821836816 1.265822784810127
v 0.1941595886562285 0.9761061678263673 1.265822784810127
v 0.09754952193924842 0.9904369174789761 1.265822784810127
v 6.094021382361544e-17 0.995229218188369 1.265822784810127
v -0.09754952193924829 0.9904369174789762 1.265822784810127
v -0.1941595886562284 0.9761061678263673 1.265822784810127
v -0.2888997923960214 0.9523749821836817 1.265822784810127
v -0.3808577332063498 0.9194719048414437 1.265822784810127
v -0.469147805847886 0.8777138104211113 1.265822784810127
v -0.5529197286568284 0.8275028521992485 1.265822784810127
v -0.6313667322221366 0.7693225891516335 1.265822784810127
v -0.7037333290159817 0.7037333290159818 1.265822784810127
v -0.7693225891516334 0.6313667322221367 1.265822784810127
v -0.8275028521992485 0.5529197286568286 1.265822784810127
v -0.8777138104211112 0.4691478058478862 1.265822784810127
v -0.9194719048414437 0.38085773320635 1.265822784810127
v -0.9523749821836816 0.2888997923960216 1.265822784810127
v -0.9761061678263673 0.1941595886562288 1.265822784810127
v -0.9904369174789761 0.09754952193924847 1.265822784810127
v -0.995229218188369 1.218804276472309e-16 1.265822784810127
v -0.9904369174789762 -0.09754952193924823 1.265822784810127
v -0.9761061678263673 -0.1941595886562286 1.265822784810127
v -0.9523749821836817 -0.2888997923960213 1.265822784810127
v -0.9194719048414438 -0.3808577332063497 1.265822784810127
v -0.8777138104211113 -0.469147805847886 1.265822784810127
v -0.8275028521992486 -0.5529197286568284 1.265822784810127
v -0.7693225891516335 -0.6313667322221365 1.265822784810127
v -0.703733329015982 -0.7037333290159817 1.265822784810127
v -0.631366732222137 -0.7693225891516331 1.265822784810127
v -0.5529197286568286 -0.8275028521992484 1.265822784810127
v -0.4691478058478862 -0.8777138104211112 1.265822784810127
v -0.3808577332063504 -0.9194719048414435 1.265822784810127
v -0.2888997923960216 -0.9523749821836816 1.265822784810127
v -0.1941595886562289 -0.9761061678263672 1.265822784810127
v -0.0975495219392481 -0.9904369174789762 1.265822784810127
v -1.828206414708463e-16 -0.995229218188369 1.265822784810127
v 0.09754952193924774 -0.9904369174789762 1.265822784810127
v 0.1941595886562285 -0.9761061678263673 1.265822784810127
v 0.2888997923960213 -0.9523749821836817 1.265822784810127
v 0.3808577332063501 -0.9194719048414436 1.265822784810127
v 0.4691478058478859 -0.8777138104211113 1.265822784810127
v 0.5529197286568283 -0.8275028521992486 1.265822784810127
v 0.6313667322221368 -0.7693225891516333 1.265822784810127
v 0.7037333290159816 -0.703733329015982 1.265822784810127
v 0.7693225891516331 -0.6313667322221371 1.265822784810127
v 0.8275028521992484 -0.5529197286568286 1.265822784810127
v 0.8777138104211111 -0.4691478058478863 1.265822784810127
v 0.9194719048414435 -0.3808577332063505 1.265822784810127
v 0.9523749821836816 -0.2888997923960217 1.265822784810127
v 0.9761061678263672 -0.1941595886562289 1.265822784810127
v 0.9904369174789762 -0.09754952193924815 1.265822784810127
v 0.9762967123386457 0 1.329113924050633
v 0.9715955768196995 0.09569381185658569 1.329113924050633
v 0.9575374447678106 0.1904660399934337 1.329113924050633
v 0.9342577036795953 0.2834039760458164 1.329113924050633
v 0.9019805501877342 0.3736125768845056 1.329113924050633
v 0.8610168309248407 0.4602230843703873 1.329113924050633
v 0.8117610489004633 0.5424013919702529 1.329113924050633
v 0.7546875642214461 0.6193560776586833 1.329113924050633
v 0.6903460257447885 0.6903460257447884 1.329113924050633
v 0.6193560776586833 0.7546875642214461 1.329113924050633
v 0.5424013919702531 0.8117610489004633 1.329113924050633
v 0.4602230843703874 0.8610168309248406 1.329113924050633
v 0.3736125768845057 0.9019805501877342 1.329113924050633
v 0.2834039760458164 0.9342577036795953 1.329113924050633
v 0.1904660399934338 0.9575374447678106 1.329113924050633
v 0.09569381185658586 0.9715955768196994 1.329113924050633
v 5.978093218918033e-17 0.9762967123386457 1.329113924050633
v -0.09569381185658574 0.9715955768196995 1.329113924050633
v -0.1904660399934337 0.9575374447678106 1.329113924050633
v -0.2834039760458162 0.9342577036795954 1.329113924050633
v -0.3736125768845056 0.9019805501877342 1.329113924050633
v -0.4602230843703873 0.8610168309248407 1.329113924050633
v -0.5424013919702527 0.8117610489004634 1.329113924050633
v -0.6193560776586832 0.7546875642214462 1.329113924050633
v -0.6903460257447884 0.6903460257447885 1.329113924050633
v -0.7546875642214461 0.6193560776586833 1.329113924050633
v -0.8117610489004634 0.5424013919702529 1.329113924050633
v -0.8610168309248406 0.4602230843703875 1.329113924050633
v -0.9019805501877342 0.3736125768845057 1.329113924050633
v -0.9342577036795953 0.2834039760458165 1.329113924050633
v -0.9575374447678106 0.1904660399934341 1.329113924050633
v -0.9715955768196994 0.09569381185658592 1.329113924050633
v -0.9762967123386457 1.195618643783607e-16 1.329113924050633
v -0.9715955768196995 -0.09569381185658568 1.329113924050633
v -0.9575374447678106 -0.1904660399934338 1.329113924050633
v -0.9342577036795954 -0.2834039760458162 1.329113924050633
v -0.9019805501877343 -0.3736125768845055 1.329113924050633
v -0.8610168309248407 -0.4602230843703873 1.329113924050633
v -0.8117610489004635 -0.5424013919702527 1.329113924050633
v -0.7546875642214462 -0.6193560776586831 1.329113924050633
v -0.6903460257447886 -0.6903460257447884 1.329113924050633
v -0.6193560776586836 -0.7546875642214458 1.329113924050633
v -0.5424013919702529 -0.8117610489004633 1.329113924050633
v -0.4602230843703876 -0.8610168309248406 1.329113924050633
v -0.3736125768845062 -0.9019805501877339 1.329113924050633
v -0.2834039760458165 -0.9342577036795953 1.329113924050633
v -0.1904660399934341 -0.9575374447678104 1.329113924050633
v -0.09569381185658554 -0.9715955768196995 1.329113924050633
v -1.79342796567541e-16 -0.9762967123386457 1.329113924050633
v 0.0956938118565852 -0.9715955768196995 1.329113924050633
v 0.1904660399934338 -0.9575374447678106 1.329113924050633
v 0.2834039760458161 -0.9342577036795954 1.329113924050633
v 0.3736125768845058 -0.901980550187734 1.329113924050633
v 0.4602230843703872 -0.8610168309248407 1.329113924050633
v 0.5424013919702526 -0.8117610489004635 1.329113924050633
v 0.6193560776586834 -0.754687564221446 1.329113924050633
v 0.6903460257447883 -0.6903460257447886 1.329113924050633
v 0.7546875642214458 -0.6193560776586837 1.329113924050633
v 0.8117610489004633 -0.5424013919702529 1.329113924050633
v 0.8610168309248405 -0.4602230843703876 1.329113924050633
v 0.9019805501877339 -0.3736125768845062 1.329113924050633
v 0.9342577036795953 -0.2834039760458166 1.329113924050633
v 0.9575374447678104 -0.1904660399934342 1.329113924050633
v 0.9715955768196995 -0.0956938118565856 1.329113924050633
v 0.957962698292341 0 1.392405063291139
v 0.9533498460622236 0.09389676422900492 1.392405063291139
v 0.939555713660489 0.1868892512892919 1.392405063291139
v 0.9167131461228055 0.2780818926956061 1.392405063291139
v 0.8850421298615788 0.366596453460236 1.392405063291139
v 0.8448476740765432 0.4515804899760373 1.392405063291139
v 0.7965168733494329 0.5322155595143627 1.392405063291139
v 0.7405151797115533 0.6077251022759457 1.392405063291139
v 0.6773819200862771 0.677381920086277 1.392405063291139
v 0.6077251022759457 0.7405151797115533 1.392405063291139
v 0.5322155595143628 0.7965168733494329 1.392405063291139
v 0.4515804899760374 0.844847674076543 1.392405063291139
v 0.3665964534602361 0.8850421298615788 1.392405063291139
v 0.2780818926956061 0.9167131461228055 1.392405063291139
v 0.186889251289292 0.939555713660489 1.392405063291139
v 0.09389676422900507 0.9533498460622236 1.392405063291139
v 5.865829760831386e-17 0.957962698292341 1.392405063291139
v -0.09389676422900496 0.9533498460622236 1.392405063291139
v -0.1868892512892919 0.939555713660489 1.392405063291139
v -0.278081892695606 0.9167131461228056 1.392405063291139
v -0.3665964534602359 0.8850421298615788 1.392405063291139
v -0.4515804899760373 0.8448476740765432 1.392405063291139
v -0.5322155595143625 0.796516873349433 1.392405063291139
v -0.6077251022759456 0.7405151797115535 1.392405063291139
v -0.677381920086277 0.6773819200862771 1.392405063291139
v -0.7405151797115533 0.6077251022759457 1.392405063291139
v -0.796516873349433 0.5322155595143627 1.392405063291139
v -0.844847674076543 0.4515804899760375 1.392405063291139
v -0.8850421298615788 0.3665964534602361 1.392405063291139
v -0.9167131461228055 0.2780818926956061 1.392405063291139
v -0.939555713660489 0.1868892512892923 1.392405063291139
v -0.9533498460622236 0.09389676422900513 1.392405063291139
v -0.957962698292341 1.173165952166277e-16 1.392405063291139
v -0.9533498460622236 -0.09389676422900491 1.392405063291139
v -0.939555713660489 -0.186889251289292 1.392405063291139
v -0.9167131461228056 -0.2780818926956059 1.392405063291139
v -0.8850421298615789 -0.3665964534602359 1.392405063291139
v -0.8448476740765432 -0.4515804899760373 1.392405063291139
v -0.7965168733494331 -0.5322155595143625 1.392405063291139
v -0.7405151797115535 -0.6077251022759455 1.392405063291139
v -0.6773819200862772 -0.677381920086277 1.392405063291139
v -0.607725102275946 -0.7405151797115531 1.392405063291139
v -0.5322155595143627 -0.7965168733494329 1.392405063291139
v -0.4515804899760376 -0.844847674076543 1.392405063291139
v -0.3665964534602366 -0.8850421298615786 1.392405063291139
v -0.2780818926956062 -0.9167131461228055 1.392405063291139
v -0.1868892512892923 -0.9395557136604888 1.392405063291139
v -0.09389676422900477 -0.9533498460622236 1.392405063291139
v -1.759748928249416e-16 -0.957962698292341 1.392405063291139
v 0.09389676422900442 -0.9533498460622236 1.392405063291139
v 0.186889251289292 -0.939555713660489 1.392405063291139
v 0.2780818926956058 -0.9167131461228056 1.392405063291139
v 0.3665964534602362 -0.8850421298615787 1.392405063291139
v 0.4515804899760372 -0.8448476740765432 1.392405063291139
v 0.5322155595143625 -0.7965168733494331 1.392405063291139
v 0.6077251022759458 -0.7405151797115532 1.392405063291139
v 0.6773819200862768 -0.6773819200862772 1.392405063291139
v 0.7405151797115531 -0.6077251022759461 1.392405063291139
v 0.7965168733494329 -0.5322155595143627 1.392405063291139
v 0.8448476740765429 -0.4515804899760376 1.392405063291139
v 0.8850421298615786 -0.3665964534602366 1.392405063291139
v 0.9167131461228055 -0.2780818926956062 1.392405063291139
v 0.9395557136604888 -0.1868892512892924 1.392405063291139
v 0.9533498460622236 -0.09389676422900482 1.392405063291139
v 0.9406900973659932 0 1.455696202531646
v 0.9361604174304182 0.09220375328015058 1.455696202531646
v 0.9226150009176478 0.1835195340125146 1.455696202531646
v 0.9001842975933777 0.2730679213103561 1.455696202531646
v 0.8690843273924906 0.3599865152518688 1.455696202531646
v 0.8296146000289939 0.4434382422628592 1.455696202531646
v 0.7821552305537459 0.522619416592857 1.455696202531646
v 0.7271632786387235 0.5967674802482319 1.455696202531646
v 0.6651683468425275 0.6651683468425273 1.455696202531646
v 0.5967674802482319 0.7271632786387235 1.455696202531646
v 0.5226194165928572 0.7821552305537459 1.455696202531646
v 0.4434382422628593 0.8296146000289938 1.455696202531646
v 0.3599865152518688 0.8690843273924906 1.455696202531646
v 0.2730679213103561 0.9001842975933777 1.455696202531646
v 0.1835195340125147 0.9226150009176478 1.455696202531646
v 0.09220375328015074 0.9361604174304181 1.455696202531646
v 5.760065583644378e-17 0.9406900973659932 1.455696202531646
v -0.09220375328015062 0.9361604174304182 1.455696202531646
v -0.1835195340125146 0.9226150009176478 1.455696202531646
v -0.2730679213103559 0.9001842975933778 1.455696202531646
v -0.3599865152518687 0.8690843273924906 1.455696202531646
v -0.4434382422628592 0.8296146000289939 1.455696202531646
v -0.5226194165928569 0.782155230553746 1.455696202531646
v -0.5967674802482318 0.7271632786387237 1.455696202531646
v -0.6651683468425273 0.6651683468425275 1.455696202531646
v -0.7271632786387235 0.5967674802482319 1.455696202531646
v -0.782155230553746 0.522619416592857 1.455696202531646
v -0.8296146000289938 0.4434382422628594 1.455696202531646
v -0.8690843273924906 0.3599865152518689 1.455696202531646
v -0.9001842975933777 0.2730679213103561 1.455696202531646
v -0.9226150009176478 0.183519534012515 1.455696202531646
v -0.9361604174304181 0.09220375328015079 1.455696202531646
v -0.9406900973659932 1.152013116728876e-16 1.455696202531646
v -0.9361604174304182 -0.09220375328015057 1.455696202531646
v -0.9226150009176478 -0.1835195340125148 1.455696202531646
v -0.9001842975933778 -0.2730679213103558 1.455696202531646
v -0.8690843273924906 -0.3599865152518686 1.455696202531646
v -0.8296146000289939 -0.4434382422628592 1.455696202531646
v -0.7821552305537461 -0.5226194165928569 1.455696202531646
v -0.7271632786387237 -0.5967674802482317 1.455696202531646
v -0.6651683468425276 -0.6651683468425273 1.455696202531646
v -0.5967674802482321 -0.7271632786387233 1.455696202531646
v -0.522619416592857 -0.7821552305537459 1.455696202531646
v -0.4434382422628594 -0.8296146000289938 1.455696202531646
v -0.3599865152518693 -0.8690843273924904 1.455696202531646
v -0.2730679213103562 -0.9001842975933777 1.455696202531646
v -0.183519534012515 -0.9226150009176477 1.455696202531646
v -0.09220375328015044 -0.9361604174304182 1.455696202531646
v -1.728019675093313e-16 -0.9406900973659932 1.455696202531646
v 0.0922037532801501 -0.9361604174304182 1.455696202531646
v 0.1835195340125147 -0.9226150009176478 1.455696202531646
v 0.2730679213103558 -0.9001842975933778 1.455696202531646
v 0.359986515251869 -0.8690843273924905 1.455696202531646
v 0.4434382422628592 -0.8296146000289939 1.455696202531646
v 0.5226194165928568 -0.7821552305537461 1.455696202531646
v 0.596767480248232 -0.7271632786387235 1.455696202531646
v 0.6651683468425272 -0.6651683468425276 1.455696202531646
v 0.7271632786387233 -0.5967674802482322 1.455696202531646
v 0.7821552305537459 -0.522619416592857 1.455696202531646
v 0.8296146000289937 -0.4434382422628595 1.455696202531646
v 0.8690843273924904 -0.3599865152518694 1.455696202531646
v 0.9001842975933777 -0.2730679213103562 1.455696202531646
v 0.9226150009176477 -0.1835195340125151 1.455696202531646
v 0.9361604174304182 -0.09220375328015049 1.455696202531646
v 0.9249150309207328 0 1.518987341772152
v 0.920461312241856 0.09065752637867736 1.518987341772152
v 0.9071430479507535 0.180441971219883 1.518987341772152
v 0.8850885002130523 0.268488661238626 1.518987341772152
v 0.8545100663797089 0.3539496586788092 1.518987341772152
v 0.8157022334844106 0.4360019274173502 1.518987341772152
v 0.7690387421724584 0.5138552592519641 1.518987341772152
v 0.7149689873740456 0.5867598840381234 1.518987341772152
v 0.6540136903854155 0.6540136903854153 1.518987341772152
v 0.5867598840381234 0.7149689873740456 1.518987341772152
v 0.5138552592519642 0.7690387421724584 1.518987341772152
v 0.4360019274173503 0.8157022334844105 1.518987341772152
v 0.3539496586788092 0.8545100663797089 1.518987341772152
v 0.268488661238626 0.8850885002130523 1.518987341772152
v 0.1804419712198831 0.9071430479507535 1.518987341772152
v 0.09065752637867751 0.9204613122418559 1.518987341772152
v 5.663471160501753e-17 0.9249150309207328 1.518987341772152
v -0.09065752637867738 0.920461312241856 1.518987341772152
v -0.1804419712198829 0.9071430479507535 1.518987341772152
v -0.2684886612386258 0.8850885002130524 1.518987341772152
v -0.3539496586788091 0.8545100663797089 1.518987341772152
v -0.4360019274173502 0.8157022334844106 1.518987341772152
v -0.5138552592519638 0.7690387421724585 1.518987341772152
v -0.5867598840381233 0.7149689873740457 1.518987341772152
v -0.6540136903854153 0.6540136903854155 1.518987341772152
v -0.7149689873740456 0.5867598840381234 1.518987341772152
v -0.7690387421724585 0.5138552592519641 1.518987341772152
v -0.8157022334844105 0.4360019274173503 1.518987341772152
v -0.8545100663797089 0.3539496586788093 1.518987341772152
v -0.8850885002130523 0.268488661238626 1.518987341772152
v -0.9071430479507535 0.1804419712198833 1.518987341772152
v -0.9204613122418559 0.09065752637867755 1.518987341772152
v -0.9249150309207328 1.132694232100351e-16 1.518987341772152
v -0.920461312241856 -0.09065752637867734 1.518987341772152
v -0.9071430479507535 -0.1804419712198831 1.518987341772152
v -0.8850885002130524 -0.2684886612386257 1.518987341772152
v -0.8545100663797091 -0.3539496586788091 1.518987341772152
v -0.8157022334844106 -0.4360019274173502 1.518987341772152
v -0.7690387421724585 -0.5138552592519638 1.518987341772152
v -0.7149689873740457 -0.5867598840381232 1.518987341772152
v -0.6540136903854156 -0.6540136903854153 1.518987341772152
v -0.5867598840381237 -0.7149689873740452 1.518987341772152
v -0.5138552592519641 -0.7690387421724584 1.518987341772152
v -0.4360019274173504 -0.8157022334844105 1.518987341772152
v -0.3539496586788097 -0.8545100663797087 1.518987341772152
v -0.2684886612386261 -0.8850885002130523 1.518987341772152
v -0.1804419712198834 -0.9071430479507534 1.518987341772152
v -0.09065752637867722 -0.920461312241856 1.518987341772152
v -1.699041348150526e-16 -0.9249150309207328 1.518987341772152
v 0.09065752637867687 -0.920461312241856 1.518987341772152
v 0.180441971219883 -0.9071430479507535 1.518987341772152
v 0.2684886612386257 -0.8850885002130524 1.518987341772152
v 0.3539496586788094 -0.8545100663797088 1.518987341772152
v 0.4360019274173501 -0.8157022334844106 1.518987341772152
v 0.5138552592519637 -0.7690387421724585 1.518987341772152
v 0.5867598840381235 -0.7149689873740455 1.518987341772152
v 0.6540136903854152 -0.6540136903854156 1.518987341772152
v 0.7149689873740452 -0.5867598840381238 1.518987341772152
v 0.7690387421724584 -0.5138552592519641 1.518987341772152
v 0.8157022334844104 -0.4360019274173504 1.518987341772152
v 0.8545100663797087 -0.3539496586788097 1.518987341772152
v 0.8850885002130523 -0.2684886612386261 1.518987341772152
v 0.9071430479507534 -0.1804419712198834 1.518987341772152
v 0.920461312241856 -0.09065752637867726 1.518987341772152
v 0.9110358085961658 0 1.582278481012658
v 0.9066489221663592 0.0892971246964251 1.582278481012658
v 0.8935305109913743 0.1777342692672498 1.582278481012658
v 0.8718069125420793 0.2644597356655961 1.582278481012658
v 0.8416873369468678 0.3486383102410857 1.582278481012658
v 0.8034618521837565 0.4294593073038667 1.582278481012658
v 0.7574985905671898 0.5061443764709735 1.582278481012658
v 0.7042402034326098 0.577954998606004 1.582278481012658
v 0.6441995981621185 0.6441995981621184 1.582278481012658
v 0.577954998606004 0.7042402034326098 1.582278481012658
v 0.5061443764709737 0.7574985905671898 1.582278481012658
v 0.4294593073038669 0.8034618521837564 1.582278481012658
v 0.3486383102410858 0.8416873369468678 1.582278481012658
v 0.2644597356655961 0.8718069125420793 1.582278481012658
v 0.1777342692672499 0.8935305109913743 1.582278481012658
v 0.08929712469642526 0.9066489221663592 1.582278481012658
v 5.578485434529576e-17 0.9110358085961658 1.582278481012658
v -0.08929712469642515 0.9066489221663592 1.582278481012658
v -0.1777342692672497 0.8935305109913743 1.582278481012658
v -0.2644597356655959 0.8718069125420794 1.582278481012658
v -0.3486383102410857 0.8416873369468678 1.582278481012658
v -0.4294593073038668 0.8034618521837565 1.582278481012658
v -0.5061443764709733 0.7574985905671899 1.582278481012658
v -0.5779549986060039 0.70424020343261 1.582278481012658
v -0.6441995981621184 0.6441995981621185 1.582278481012658
v -0.7042402034326098 0.577954998606004 1.582278481012658
v -0.7574985905671899 0.5061443764709735 1.582278481012658
v -0.8034618521837564 0.4294593073038669 1.582278481012658
v -0.8416873369468678 0.3486383102410858 1.582278481012658
v -0.8718069125420793 0.2644597356655962 1.582278481012658
v -0.8935305109913743 0.1777342692672501 1.582278481012658
v -0.9066489221663592 0.0892971246964253 1.582278481012658
v -0.9110358085961658 1.115697086905915e-16 1.582278481012658
v -0.9066489221663592 -0.08929712469642509 1.582278481012658
v -0.8935305109913743 -0.1777342692672499 1.582278481012658
v -0.8718069125420794 -0.2644597356655959 1.582278481012658
v -0.8416873369468679 -0.3486383102410856 1.582278481012658
v -0.8034618521837565 -0.4294593073038667 1.582278481012658
v -0.75749859056719 -0.5061443764709733 1.582278481012658
v -0.70424020343261 -0.5779549986060037 1.582278481012658
v -0.6441995981621186 -0.6441995981621184 1.582278481012658
v -0.5779549986060043 -0.7042402034326095 1.582278481012658
v -0.5061443764709735 -0.7574985905671898 1.582278481012658
v -0.429459307303867 -0.8034618521837564 1.582278481012658
v -0.3486383102410862 -0.8416873369468676 1.582278481012658
v -0.2644597356655962 -0.8718069125420793 1.582278481012658
v -0.1777342692672501 -0.8935305109913741 1.582278481012658
v -0.08929712469642496 -0.9066489221663592 1.582278481012658
v -1.673545630358873e-16 -0.9110358085961658 1.582278481012658
v 0.08929712469642463 -0.9066489221663592 1.582278481012658
v 0.1777342692672498 -0.8935305109913743 1.582278481012658
v 0.2644597356655959 -0.8718069125420794 1.582278481012658
v 0.3486383102410859 -0.8416873369468677 1.582278481012658
v 0.4294593073038667 -0.8034618521837565 1.582278481012658
v 0.5061443764709732 -0.75749859056719 1.582278481012658
v 0.5779549986060041 -0.7042402034326097 1.582278481012658
v 0.6441995981621182 -0.6441995981621186 1.582278481012658
v 0.7042402034326095 -0.5779549986060044 1.582278481012658
v 0.7574985905671898 -0.5061443764709735 1.582278481012658
v 0.8034618521837563 -0.4294593073038671 1.582278481012658
v 0.8416873369468676 -0.3486383102410863 1.582278481012658
v 0.8718069125420793 -0.2644597356655963 1.582278481012658
v 0.8935305109913741 -0.1777342692672502 1.582278481012658
v 0.9066489221663592 -0.08929712469642501 1.582278481012658
v 0.8994028712643668 0 1.645569620253165
v 0.895072000607418 0.08815689744552917 1.645569620253165
v 0.8821210972884925 0.1754647957771956 1.645569620253165
v 0.8606748855862357 0.2610828722067134 1.645569620253165
v 0.8309399042430322 0.3441865778544649 1.645569620253165
v 0.7932025173840112 0.4239755786059554 1.645569620253165
v 0.7478261566739791 0.4996814627668435 1.645569620253165
v 0.6952478212718155 0.5705751412876141 1.645569620253165
v 0.6359738692896852 0.6359738692896851 1.645569620253165
v 0.5705751412876141 0.6952478212718155 1.645569620253165
v 0.4996814627668436 0.7478261566739791 1.645569620253165
v 0.4239755786059555 0.793202517384011 1.645569620253165
v 0.3441865778544649 0.8309399042430322 1.645569620253165
v 0.2610828722067134 0.8606748855862357 1.645569620253165
v 0.1754647957771957 0.8821210972884925 1.645569620253165
v 0.08815689744552932 0.8950720006074179 1.645569620253165
v 5.507254237189229e-17 0.8994028712643668 1.645569620253165
v -0.08815689744552921 0.895072000607418 1.645569620253165
v -0.1754647957771956 0.8821210972884925 1.645569620253165
v -0.2610828722067133 0.8606748855862358 1.645569620253165
v -0.3441865778544648 0.8309399042430322 1.645569620253165
v -0.4239755786059554 0.7932025173840112 1.645569620253165
v -0.4996814627668433 0.7478261566739791 1.645569620253165
v -0.570575141287614 0.6952478212718156 1.645569620253165
v -0.6359738692896851 0.6359738692896852 1.645569620253165
v -0.6952478212718155 0.5705751412876141 1.645569620253165
v -0.7478261566739791 0.4996814627668435 1.645569620253165
v -0.793202517384011 0.4239755786059555 1.645569620253165
v -0.8309399042430322 0.3441865778544649 1.645569620253165
v -0.8606748855862357 0.2610828722067135 1.645569620253165
v -0.8821210972884925 0.175464795777196 1.645569620253165
v -0.8950720006074179 0.08815689744552938 1.645569620253165
v -0.8994028712643668 1.101450847437846e-16 1.645569620253165
v -0.895072000607418 -0.08815689744552915 1.645569620253165
v -0.8821210972884925 -0.1754647957771958 1.645569620253165
v -0.8606748855862358 -0.2610828722067132 1.645569620253165
v -0.8309399042430323 -0.3441865778544648 1.645569620253165
v -0.7932025173840112 -0.4239755786059554 1.645569620253165
v -0.7478261566739792 -0.4996814627668433 1.645569620253165
v -0.6952478212718156 -0.5705751412876139 1.645569620253165
v -0.6359738692896854 -0.6359738692896851 1.645569620253165
v -0.5705751412876144 -0.6952478212718153 1.645569620253165
v -0.4996814627668435 -0.7478261566739791 1.645569620253165
v -0.4239755786059556 -0.793202517384011 1.645569620253165
v -0.3441865778544654 -0.830939904243032 1.645569620253165
v -0.2610828722067136 -0.8606748855862357 1.645569620253165
v -0.175464795777196 -0.8821210972884924 1.645569620253165
v -0.08815689744552903 -0.895072000607418 1.645569620253165
v -1.652176271156769e-16 -0.8994028712643668 1.645569620253165
v 0.08815689744552871 -0.895072000607418 1.645569620253165
v 0.1754647957771957 -0.8821210972884925 1.645569620253165
v 0.2610828722067132 -0.8606748855862358 1.645569620253165
v 0.344186577854465 -0.8309399042430321 1.645569620253165
v 0.4239755786059553 -0.7932025173840112 1.645569620253165
v 0.4996814627668432 -0.7478261566739792 1.645569620253165
v 0.5705751412876142 -0.6952478212718155 1.645569620253165
v 0.635973869289685 -0.6359738692896854 1.645569620253165
v 0.6952478212718153 -0.5705751412876146 1.645569620253165
v 0.7478261566739791 -0.4996814627668435 1.645569620253165
v 0.7932025173840109 -0.4239755786059556 1.645569620253165
v 0.830939904243032 -0.3441865778544654 1.645569620253165
v 0.8606748855862357 -0.2610828722067136 1.645569620253165
v 0.8821210972884924 -0.1754647957771961 1.645569620253165
v 0.895072000607418 -0.08815689744552908 1.645569620253165
v 0.8903099426375158 0 1.708860759493671
v 0.8860228569172556 0.08726563458430445 1.708860759493671
v 0.8732028867355199 0.1736908534033136 1.708860759493671
v 0.8519734954132679 0.2584433343549701 1.708860759493671
v 0.8225391335940987 0.3407068647172908 1.708860759493671
v 0.7851832702727894 0.4196892017230661 1.708860759493671
v 0.7402656628339166 0.4946297022907933 1.708860759493671
v 0.6882188923915785 0.5648066484333605 1.708860759493671
v 0.6295441977967936 0.6295441977967935 1.708860759493671
v 0.5648066484333605 0.6882188923915785 1.708860759493671
v 0.4946297022907934 0.7402656628339166 1.708860759493671
v 0.4196892017230663 0.7851832702727893 1.708860759493671
v 0.3407068647172908 0.8225391335940987 1.708860759493671
v 0.2584433343549701 0.8519734954132679 1.708860759493671
v 0.1736908534033137 0.8732028867355199 1.708860759493671
v 0.08726563458430459 0.8860228569172555 1.708860759493671
v 5.451576107500487e-17 0.8903099426375158 1.708860759493671
v -0.08726563458430447 0.8860228569172556 1.708860759493671
v -0.1736908534033136 0.8732028867355199 1.708860759493671
v -0.25844333435497 0.8519734954132681 1.708860759493671
v -0.3407068647172907 0.8225391335940987 1.708860759493671
v -0.4196892017230662 0.7851832702727894 1.708860759493671
v -0.4946297022907931 0.7402656628339167 1.708860759493671
v -0.5648066484333604 0.6882188923915786 1.708860759493671
v -0.6295441977967935 0.6295441977967936 1.708860759493671
v -0.6882188923915785 0.5648066484333605 1.708860759493671
v -0.7402656628339167 0.4946297022907933 1.708860759493671
v -0.7851832702727893 0.4196892017230663 1.708860759493671
v -0.8225391335940987 0.3407068647172908 1.708860759493671
v -0.8519734954132679 0.2584433343549702 1.708860759493671
v -0.8732028867355199 0.1736908534033139 1.708860759493671
v -0.8860228569172555 0.08726563458430464 1.708860759493671
v -0.8903099426375158 1.090315221500097e-16 1.708860759493671
v -0.8860228569172556 -0.08726563458430443 1.708860759493671
v -0.8732028867355199 -0.1736908534033137 1.708860759493671
v -0.8519734954132681 -0.25844333435497 1.708860759493671
v -0.8225391335940987 -0.3407068647172907 1.708860759493671
v -0.7851832702727894 -0.4196892017230661 1.708860759493671
v -0.7402656628339168 -0.4946297022907931 1.708860759493671
v -0.6882188923915786 -0.5648066484333603 1.708860759493671
v -0.6295441977967937 -0.6295441977967935 1.708860759493671
v -0.5648066484333608 -0.6882188923915782 1.708860759493671
v -0.4946297022907933 -0.7402656628339166 1.708860759493671
v -0.4196892017230663 -0.7851832702727893 1.708860759493671
v -0.3407068647172912 -0.8225391335940985 1.708860759493671
v -0.2584433343549702 -0.8519734954132679 1.708860759493671
v -0.173690853403314 -0.8732028867355198 1.708860759493671
v -0.08726563458430431 -0.8860228569172556 1.708860759493671
v -1.635472832250146e-16 -0.8903099426375158 1.708860759493671
v 0.08726563458430399 -0.8860228569172556 1.708860759493671
v 0.1736908534033137 -0.8732028867355199 1.708860759493671
v 0.2584433343549699 -0.8519734954132681 1.708860759493671
v 0.3407068647172909 -0.8225391335940986 1.708860759493671
v 0.4196892017230661 -0.7851832702727894 1.708860759493671
v 0.494629702290793 -0.7402656628339168 1.708860759493671
v 0.5648066484333606 -0.6882188923915784 1.708860759493671
v 0.6295441977967934 -0.6295441977967937 1.708860759493671
v 0.6882188923915782 -0.5648066484333609 1.708860759493671
v 0.7402656628339166 -0.4946297022907933 1.708860759493671
v 0.7851832702727892 -0.4196892017230664 1.708860759493671
v 0.8225391335940985 -0.3407068647172913 1.708860759493671
v 0.8519734954132679 -0.2584433343549703 1.708860759493671
v 0.8732028867355198 -0.1736908534033141 1.708860759493671
v 0.8860228569172556 -0.08726563458430435 1.708860759493671
v 0.8839866129450356 0 1.772151898734177
v 0.8797299757855863 0.08664583989048652 1.772151898734177
v 0.8670010580499986 0.1724572329773935 1.772151898734177
v 0.8459224461744005 0.256607768636015 1.772151898734177
v 0.8166971387138953 0.3382870312065963 1.772151898734177
v 0.7796065913555057 0.416708404740156 1.772151898734177
v 0.7350080063460488 0.4911166485400823 1.772151898734177
v 0.6833308924392323 0.5607951705428984 1.772151898734177
v 0.6250729284915626 0.6250729284915625 1.772151898734177
v 0.5607951705428984 0.6833308924392323 1.772151898734177
v 0.4911166485400824 0.7350080063460488 1.772151898734177
v 0.4167084047401561 0.7796065913555056 1.772151898734177
v 0.3382870312065964 0.8166971387138953 1.772151898734177
v 0.256607768636015 0.8459224461744005 1.772151898734177
v 0.1724572329773936 0.8670010580499986 1.772151898734177
v 0.08664583989048667 0.8797299757855862 1.772151898734177
v 5.41285688016124e-17 0.8839866129450356 1.772151898734177
v -0.08664583989048656 0.8797299757855863 1.772151898734177
v -0.1724572329773935 0.8670010580499986 1.772151898734177
v -0.2566077686360148 0.8459224461744006 1.772151898734177
v -0.3382870312065963 0.8166971387138953 1.772151898734177
v -0.416708404740156 0.7796065913555057 1.772151898734177
v -0.4911166485400821 0.7350080063460489 1.772151898734177
v -0.5607951705428983 0.6833308924392324 1.772151898734177
v -0.6250729284915625 0.6250729284915626 1.772151898734177
v -0.6833308924392323 0.5607951705428984 1.772151898734177
v -0.7350080063460489 0.4911166485400823 1.772151898734177
v -0.7796065913555056 0.4167084047401561 1.772151898734177
v -0.8166971387138953 0.3382870312065964 1.772151898734177
v -0.8459224461744005 0.256607768636015 1.772151898734177
v -0.8670010580499986 0.1724572329773938 1.772151898734177
v -0.8797299757855862 0.08664583989048671 1.772151898734177
v -0.8839866129450356 1.082571376032248e-16 1.772151898734177
v -0.8797299757855863 -0.08664583989048651 1.772151898734177
v -0.8670010580499986 -0.1724572329773936 1.772151898734177
v -0.8459224461744006 -0.2566077686360148 1.772151898734177
v -0.8166971387138953 -0.3382870312065962 1.772151898734177
v -0.7796065913555057 -0.416708404740156 1.772151898734177
v -0.735008006346049 -0.4911166485400821 1.772151898734177
v -0.6833308924392324 -0.5607951705428983 1.772151898734177
v -0.6250729284915627 -0.6250729284915625 1.772151898734177
v -0.5607951705428987 -0.683330892439232 1.772151898734177
v -0.4911166485400823 -0.7350080063460488 1.772151898734177
v -0.4167084047401562 -0.7796065913555056 1.772151898734177
v -0.3382870312065968 -0.816697138713895 1.772151898734177
v -0.256607768636015 -0.8459224461744005 1.772151898734177
v -0.1724572329773939 -0.8670010580499985 1.772151898734177
v -0.0866458398904864 -0.8797299757855863 1.772151898734177
v -1.623857064048372e-16 -0.8839866129450356 1.772151898734177
v 0.08664583989048608 -0.8797299757855863 1.772151898734177
v 0.1724572329773936 -0.8670010580499986 1.772151898734177
v 0.2566077686360147 -0.8459224461744006 1.772151898734177
v 0.3382870312065965 -0.8166971387138952 1.772151898734177
v 0.4167084047401559 -0.7796065913555057 1.772151898734177
v 0.491116648540082 -0.735008006346049 1.772151898734177
v 0.5607951705428985 -0.6833308924392322 1.772151898734177
v 0.6250729284915624 -0.6250729284915627 1.772151898734177
v 0.683330892439232 -0.5607951705428988 1.772151898734177
v 0.7350080063460488 -0.4911166485400823 1.772151898734177
v 0.7796065913555055 -0.4167084047401562 1.772151898734177
v 0.816697138713895 -0.3382870312065969 1.772151898734177
v 0.8459224461744005 -0.2566077686360151 1.772151898734177
v 0.8670010580499985 -0.1724572329773939 1.772151898734177
v 0.8797299757855863 -0.08664583989048644 1.772151898734177
v 0.8805925419373087 0 1.835443037974684
v 0.8763522481574557 0.08631316275623367 1.835443037974684
v 0.8636722031649768 0.1717950825715505 1.835443037974684
v 0.8426745227247674 0.2556225218289582 1.835443037974684
v 0.8135614259779664 0.3369881764636686 1.835443037974684
v 0.7766132879610832 0.4151084507425578 1.835443037974684
v 0.7321859394411269 0.4892310037194344 1.835443037974684
v 0.680707240070804 0.5586419946896221 1.835443037974684
v 0.6226729578661703 0.6226729578661702 1.835443037974684
v 0.5586419946896221 0.680707240070804 1.835443037974684
v 0.4892310037194345 0.7321859394411269 1.835443037974684
v 0.415108450742558 0.7766132879610831 1.835443037974684
v 0.3369881764636686 0.8135614259779664 1.835443037974684
v 0.2556225218289582 0.8426745227247674 1.835443037974684
v 0.1717950825715505 0.8636722031649768 1.835443037974684
v 0.08631316275623382 0.8763522481574556 1.835443037974684
v 5.392074189182783e-17 0.8805925419373087 1.835443037974684
v -0.08631316275623371 0.8763522481574557 1.835443037974684
v -0.1717950825715504 0.8636722031649768 1.835443037974684
v -0.2556225218289581 0.8426745227247675 1.835443037974684
v -0.3369881764636685 0.8135614259779664 1.835443037974684
v -0.4151084507425579 0.7766132879610832 1.835443037974684
v -0.4892310037194342 0.732185939441127 1.835443037974684
v -0.5586419946896219 0.6807072400708041 1.835443037974684
v -0.6226729578661702 0.6226729578661703 1.835443037974684
v -0.680707240070804 0.5586419946896221 1.835443037974684
v -0.732185939441127 0.4892310037194344 1.835443037974684
v -0.7766132879610831 0.415108450742558 1.835443037974684
v -0.8135614259779664 0.3369881764636687 1.835443037974684
v -0.8426745227247674 0.2556225218289583 1.835443037974684
v -0.8636722031649768 0.1717950825715508 1.835443037974684
v -0.8763522481574556 0.08631316275623387 1.835443037974684
v -0.8805925419373087 1.078414837836557e-16 1.835443037974684
v -0.8763522481574557 -0.08631316275623366 1.835443037974684
v -0.8636722031649768 -0.1717950825715506 1.835443037974684
v -0.8426745227247675 -0.2556225218289581 1.835443037974684
v -0.8135614259779665 -0.3369881764636685 1.835443037974684
v -0.7766132879610832 -0.4151084507425578 1.835443037974684
v -0.7321859394411271 -0.4892310037194342 1.835443037974684
v -0.6807072400708041 -0.5586419946896218 1.835443037974684
v -0.6226729578661704 -0.6226729578661702 1.835443037974684
v -0.5586419946896223 -0.6807072400708037 1.835443037974684
v -0.4892310037194344 -0.7321859394411269 1.835443037974684
v -0.4151084507425581 -0.7766132879610831 1.835443037974684
v -0.3369881764636691 -0.8135614259779662 1.835443037974684
v -0.2556225218289583 -0.8426745227247674 1.835443037974684
v -0.1717950825715509 -0.8636722031649767 1.835443037974684
v -0.08631316275623353 -0.8763522481574557 1.835443037974684
v -1.617622256754835e-16 -0.8805925419373087 1.835443037974684
v 0.08631316275623321 -0.8763522481574557 1.835443037974684
v 0.1717950825715505 -0.8636722031649768 1.835443037974684
v 0.255622521828958 -0.8426745227247675 1.835443037974684
v 0.3369881764636688 -0.8135614259779663 1.835443037974684
v 0.4151084507425578 -0.7766132879610832 1.835443037974684
v 0.4892310037194341 -0.7321859394411271 1.835443037974684
v 0.5586419946896221 -0.680707240070804 1.835443037974684
v 0.6226729578661701 -0.6226729578661704 1.835443037974684
v 0.6807072400708037 -0.5586419946896224 1.835443037974684
v 0.7321859394411269 -0.4892310037194344 1.835443037974684
v 0.776613287961083 -0.4151084507425581 1.835443037974684
v 0.8135614259779662 -0.3369881764636691 1.835443037974684
v 0.8426745227247674 -0.2556225218289584 1.835443037974684
v 0.8636722031649767 -0.1717950825715509 1.835443037974684
v 0.8763522481574557 -0.08631316275623359 1.835443037974684
v 0.8802134275861681 0 1.89873417721519
v 0.8759749593455383 0.08627600305167696 1.89873417721519
v 0.8633003733897884 0.1717211210307055 1.89873417721519
v 0.8423117329103059 0.2555124707418949 1.89873417721519
v 0.8132111699884663 0.3368430956825152 1.89873417721519
v 0.7762789389531926 0.4149297374745462 1.89873417721519
v 0.7318707173785656 0.4890203790710301 1.89873417721519
v 0.6804141807143524 0.5584014870913283 1.89873417721519
v 0.6224048835376336 0.6224048835376335 1.89873417721519
v 0.5584014870913283 0.6804141807143524 1.89873417721519
v 0.4890203790710302 0.7318707173785656 1.89873417721519
v 0.4149297374745464 0.7762789389531924 1.89873417721519
v 0.3368430956825152 0.8132111699884663 1.89873417721519
v 0.2555124707418949 0.8423117329103059 1.89873417721519
v 0.1717211210307056 0.8633003733897884 1.89873417721519
v 0.08627600305167711 0.8759749593455382 1.89873417721519
v 5.389752783299607e-17 0.8802134275861681 1.89873417721519
v -0.086276003051677 0.8759749593455383 1.89873417721519
v -0.1717211210307055 0.8633003733897884 1.89873417721519
v -0.2555124707418947 0.842311732910306 1.89873417721519
v -0.3368430956825151 0.8132111699884663 1.89873417721519
v -0.4149297374745463 0.7762789389531926 1.89873417721519
v -0.4890203790710299 0.7318707173785657 1.89873417721519
v -0.5584014870913282 0.6804141807143526 1.89873417721519
v -0.6224048835376335 0.6224048835376336 1.89873417721519
v -0.6804141807143524 0.5584014870913283 1.89873417721519
v -0.7318707173785657 0.4890203790710301 1.89873417721519
v -0.7762789389531924 0.4149297374745464 1.89873417721519
v -0.8132111699884663 0.3368430956825153 1.89873417721519
v -0.8423117329103059 0.2555124707418949 1.89873417721519
v -0.8633003733897884 0.1717211210307058 1.89873417721519
v -0.8759749593455382 0.08627600305167717 1.89873417721519
v -0.8802134275861681 1.077950556659921e-16 1.89873417721519
v -0.8759749593455383 -0.08627600305167696 1.89873417721519
v -0.8633003733897884 -0.1717211210307056 1.89873417721519
v -0.842311732910306 -0.2555124707418946 1.89873417721519
v -0.8132111699884664 -0.3368430956825151 1.89873417721519
v -0.7762789389531926 -0.4149297374745462 1.89873417721519
v -0.7318707173785658 -0.4890203790710299 1.89873417721519
v -0.6804141807143526 -0.5584014870913281 1.89873417721519
v -0.6224048835376337 -0.6224048835376335 1.89873417721519
v -0.5584014870913286 -0.6804141807143521 1.89873417721519
v -0.4890203790710301 -0.7318707173785656 1.89873417721519
v -0.4149297374745464 -0.7762789389531924 1.89873417721519
v -0.3368430956825157 -0.8132111699884661 1.89873417721519
v -0.2555124707418949 -0.8423117329103059 1.89873417721519
v -0.1717211210307059 -0.8633003733897883 1.89873417721519
v -0.08627600305167683 -0.8759749593455383 1.89873417721519
v -1.616925834989882e-16 -0.8802134275861681 1.89873417721519
v 0.08627600305167651 -0.8759749593455383 1.89873417721519
v 0.1717211210307056 -0.8633003733897884 1.89873417721519
v 0.2555124707418946 -0.842311732910306 1.89873417721519
v 0.3368430956825154 -0.8132111699884662 1.89873417721519
v 0.4149297374745461 -0.7762789389531926 1.89873417721519
v 0.4890203790710298 -0.7318707173785658 1.89873417721519
v 0.5584014870913284 -0.6804141807143523 1.89873417721519
v 0.6224048835376333 -0.6224048835376337 1.89873417721519
v 0.6804141807143521 -0.5584014870913286 1.89873417721519
v 0.7318707173785656 -0.4890203790710301 1.89873417721519
v 0.7762789389531924 -0.4149297374745465 1.89873417721519
v 0.8132111699884661 -0.3368430956825157 1.89873417721519
v 0.8423117329103059 -0.255512470741895 1.89873417721519
v 0.8633003733897883 -0.1717211210307059 1.89873417721519
v 0.8759749593455383 -0.08627600305167687 1.89873417721519
v 0.8828588422697139 0 1.962025316455696
v 0.8786076356343174 0.08653529903394395 1.962025316455696
v 0.8658949571719727 0.1722372158331847 1.962025316455696
v 0.8448432369257292 0.2562803940895121 1.962025316455696
v 0.8156552144695991 0.3378554520536435 1.962025316455696
v 0.778611986415631 0.4161767773239213 1.962025316455696
v 0.734070299299873 0.4904900927232012 1.962025316455696
v 0.6824591139182127 0.5600797204003977 1.962025316455696
v 0.6242754741994193 0.6242754741994192 1.962025316455696
v 0.5600797204003977 0.6824591139182127 1.962025316455696
v 0.4904900927232013 0.734070299299873 1.962025316455696
v 0.4161767773239214 0.7786119864156309 1.962025316455696
v 0.3378554520536436 0.8156552144695991 1.962025316455696
v 0.2562803940895121 0.8448432369257292 1.962025316455696
v 0.1722372158331847 0.8658949571719727 1.962025316455696
v 0.08653529903394411 0.8786076356343173 1.962025316455696
v 5.405951276422715e-17 0.8828588422697139 1.962025316455696
v -0.086535299033944 0.8786076356343174 1.962025316455696
v -0.1722372158331846 0.8658949571719727 1.962025316455696
v -0.256280394089512 0.8448432369257293 1.962025316455696
v -0.3378554520536435 0.8156552144695991 1.962025316455696
v -0.4161767773239213 0.778611986415631 1.962025316455696
v -0.4904900927232009 0.734070299299873 1.962025316455696
v -0.5600797204003976 0.6824591139182128 1.962025316455696
v -0.6242754741994192 0.6242754741994193 1.962025316455696
v -0.6824591139182127 0.5600797204003977 1.962025316455696
v -0.734070299299873 0.4904900927232012 1.962025316455696
v -0.7786119864156309 0.4161767773239215 1.962025316455696
v -0.8156552144695991 0.3378554520536436 1.962025316455696
v -0.8448432369257292 0.2562803940895122 1.962025316455696
v -0.8658949571719727 0.172237215833185 1.962025316455696
v -0.8786076356343173 0.08653529903394415 1.962025316455696
v -0.8828588422697139 1.081190255284543e-16 1.962025316455696
v -0.8786076356343174 -0.08653529903394394 1.962025316455696
v -0.8658949571719727 -0.1722372158331848 1.962025316455696
v -0.8448432369257293 -0.256280394089512 1.962025316455696
v -0.8156552144695992 -0.3378554520536434 1.962025316455696
v -0.778611986415631 -0.4161767773239213 1.962025316455696
v -0.7340702992998731 -0.4904900927232009 1.962025316455696
v -0.6824591139182128 -0.5600797204003974 1.962025316455696
v -0.6242754741994194 -0.6242754741994192 1.962025316455696
v -0.560079720400398 -0.6824591139182123 1.962025316455696
v -0.4904900927232012 -0.734070299299873 1.962025316455696
v -0.4161767773239216 -0.7786119864156309 1.962025316455696
v -0.337855452053644 -0.8156552144695989 1.962025316455696
v -0.2562803940895123 -0.8448432369257292 1.962025316455696
v -0.172237215833185 -0.8658949571719726 1.962025316455696
v -0.08653529903394382 -0.8786076356343174 1.962025316455696
v -1.621785382926815e-16 -0.8828588422697139 1.962025316455696
v 0.08653529903394351 -0.8786076356343174 1.962025316455696
v 0.1722372158331847 -0.8658949571719727 1.962025316455696
v 0.2562803940895119 -0.8448432369257293 1.962025316455696
v 0.3378554520536437 -0.815655214469599 1.962025316455696
v 0.4161767773239212 -0.778611986415631 1.962025316455696
v 0.4904900927232009 -0.7340702992998731 1.962025316455696
v 0.5600797204003978 -0.6824591139182126 1.962025316455696
v 0.6242754741994191 -0.6242754741994194 1.962025316455696
v 0.6824591139182123 -0.5600797204003981 1.962025316455696
v 0.734070299299873 -0.4904900927232012 1.962025316455696
v 0.7786119864156309 -0.4161767773239216 1.962025316455696
v 0.8156552144695989 -0.3378554520536441 1.962025316455696
v 0.8448432369257292 -0.2562803940895123 1.962025316455696
v 0.8658949571719726 -0.1722372158331851 1.962025316455696
v 0.8786076356343174 -0.08653529903394387 1.962025316455696
v 0.8884619910763135 0 2.025316455696203
v 0.8841838037479169 0.08708450365680784 2.025316455696203
v 0.8713904430453946 0.1733303359381685 2.025316455696203
v 0.8502051160258742 0.2579069023324447 2.025316455696203
v 0.8208318489696316 0.3399996842710054 2.025316455696203
v 0.7835535224954794 0.4188180833873028 2.025316455696203
v 0.7387291472657698 0.4936030354113272 2.025316455696203
v 0.6867904065174611 0.5636343203734741 2.025316455696203
v 0.6282374987165632 0.6282374987165631 2.025316455696203
v 0.5636343203734741 0.6867904065174611 2.025316455696203
v 0.4936030354113273 0.7387291472657698 2.025316455696203
v 0.418818083387303 0.7835535224954793 2.025316455696203
v 0.3399996842710055 0.8208318489696316 2.025316455696203
v 0.2579069023324447 0.8502051160258742 2.025316455696203
v 0.1733303359381685 0.8713904430453946 2.025316455696203
v 0.08708450365680799 0.8841838037479168 2.025316455696203
v 5.440260667678458e-17 0.8884619910763135 2.025316455696203
v -0.08708450365680788 0.8841838037479169 2.025316455696203
v -0.1733303359381684 0.8713904430453946 2.025316455696203
v -0.2579069023324445 0.8502051160258742 2.025316455696203
v -0.3399996842710054 0.8208318489696316 2.025316455696203
v -0.4188180833873029 0.7835535224954794 2.025316455696203
v -0.493603035411327 0.7387291472657699 2.025316455696203
v -0.5636343203734739 0.6867904065174611 2.025316455696203
v -0.6282374987165631 0.6282374987165632 2.025316455696203
v -0.6867904065174611 0.5636343203734741 2.025316455696203
v -0.7387291472657699 0.4936030354113272 2.025316455696203
v -0.7835535224954793 0.418818083387303 2.025316455696203
v -0.8208318489696316 0.3399996842710055 2.025316455696203
v -0.8502051160258742 0.2579069023324447 2.025316455696203
v -0.8713904430453946 0.1733303359381688 2.025316455696203
v -0.8841838037479168 0.08708450365680805 2.025316455696203
v -0.8884619910763135 1.088052133535692e-16 2.025316455696203
v -0.8841838037479169 -0.08708450365680782 2.025316455696203
v -0.8713904430453946 -0.1733303359381686 2.025316455696203
v -0.8502051160258742 -0.2579069023324445 2.025316455696203
v -0.8208318489696317 -0.3399996842710054 2.025316455696203
v -0.7835535224954794 -0.4188180833873028 2.025316455696203
v -0.73872914726577 -0.493603035411327 2.025316455696203
v -0.6867904065174611 -0.5636343203734738 2.025316455696203
v -0.6282374987165633 -0.6282374987165631 2.025316455696203
v -0.5636343203734743 -0.6867904065174608 2.025316455696203
v -0.4936030354113272 -0.7387291472657698 2.025316455696203
v -0.4188180833873031 -0.7835535224954793 2.025316455696203
v -0.3399996842710059 -0.8208318489696314 2.025316455696203
v -0.2579069023324448 -0.8502051160258742 2.025316455696203
v -0.1733303359381688 -0.8713904430453945 2.025316455696203
v -0.08708450365680771 -0.8841838037479169 2.025316455696203
v -1.632078200303537e-16 -0.8884619910763135 2.025316455696203
v 0.08708450365680738 -0.8841838037479169 2.025316455696203
v 0.1733303359381685 -0.8713904430453946 2.025316455696203
v 0.2579069023324444 -0.8502051160258742 2.025316455696203
v 0.3399996842710056 -0.8208318489696315 2.025316455696203
v 0.4188180833873028 -0.7835535224954794 2.025316455696203
v 0.4936030354113269 -0.73872914726577 2.025316455696203
v 0.5636343203734742 -0.686790406517461 2.025316455696203
v 0.628237498716563 -0.6282374987165633 2.025316455696203
v 0.6867904065174608 -0.5636343203734744 2.025316455696203
v 0.7387291472657698 -0.4936030354113272 2.025316455696203
v 0.7835535224954792 -0.4188180833873031 2.025316455696203
v 0.8208318489696314 -0.339999684271006 2.025316455696203
v 0.8502051160258742 -0.2579069023324448 2.025316455696203
v 0.8713904430453945 -0.1733303359381689 2.025316455696203
v 0.8841838037479169 -0.08708450365680775 2.025316455696203
v 0.8968813983304407 0 2.088607594936709
v 0.8925626692548574 0.08790974987912735 2.088607594936709
v 0.8796480737499627 0.1749728808105611 2.088607594936709
v 0.8582619864303048 0.2603509272498828 2.088607594936709
v 0.8286103670075967 0.3432216519374943 2.088607594936709
v 0.7909787767861028 0.4227869644929075 2.088607594936709
v 0.7457296285511762 0.4982806074613896 2.088607594936709
v 0.6932986963360195 0.568975535792131 2.088607594936709
v 0.6341909186795277 0.6341909186795276 2.088607594936709
v 0.568975535792131 0.6932986963360195 2.088607594936709
v 0.4982806074613896 0.7457296285511762 2.088607594936709
v 0.4227869644929076 0.7909787767861028 2.088607594936709
v 0.3432216519374944 0.8286103670075967 2.088607594936709
v 0.2603509272498828 0.8582619864303048 2.088607594936709
v 0.1749728808105611 0.8796480737499627 2.088607594936709
v 0.08790974987912749 0.8925626692548573 2.088607594936709
v 5.491814668400883e-17 0.8968813983304407 2.088607594936709
v -0.08790974987912738 0.8925626692548574 2.088607594936709
v -0.174972880810561 0.8796480737499627 2.088607594936709
v -0.2603509272498827 0.8582619864303049 2.088607594936709
v -0.3432216519374943 0.8286103670075967 2.088607594936709
v -0.4227869644929075 0.7909787767861028 2.088607594936709
v -0.4982806074613894 0.7457296285511762 2.088607594936709
v -0.5689755357921309 0.6932986963360196 2.088607594936709
v -0.6341909186795276 0.6341909186795277 2.088607594936709
v -0.6932986963360195 0.568975535792131 2.088607594936709
v -0.7457296285511762 0.4982806074613896 2.088607594936709
v -0.7909787767861028 0.4227869644929077 2.088607594936709
v -0.8286103670075967 0.3432216519374944 2.088607594936709
v -0.8582619864303048 0.2603509272498829 2.088607594936709
v -0.8796480737499627 0.1749728808105614 2.088607594936709
v -0.8925626692548573 0.08790974987912754 2.088607594936709
v -0.8968813983304407 1.098362933680177e-16 2.088607594936709
v -0.8925626692548574 -0.08790974987912734 2.088607594936709
v -0.8796480737499627 -0.1749728808105612 2.088607594936709
v -0.8582619864303049 -0.2603509272498826 2.088607594936709
v -0.8286103670075968 -0.3432216519374943 2.088607594936709
v -0.7909787767861028 -0.4227869644929075 2.088607594936709
v -0.7457296285511763 -0.4982806074613894 2.088607594936709
v -0.6932986963360196 -0.5689755357921308 2.088607594936709
v -0.6341909186795278 -0.6341909186795276 2.088607594936709
v -0.5689755357921312 -0.6932986963360191 2.088607594936709
v -0.4982806074613896 -0.7457296285511762 2.088607594936709
v -0.4227869644929078 -0.7909787767861028 2.088607594936709
v -0.3432216519374948 -0.8286103670075965 2.088607594936709
v -0.260350927249883 -0.8582619864303048 2.088607594936709
v -0.1749728808105614 -0.8796480737499626 2.088607594936709
v -0.08790974987912721 -0.8925626692548574 2.088607594936709
v -1.647544400520265e-16 -0.8968813983304407 2.088607594936709
v 0.08790974987912688 -0.8925626692548574 2.088607594936709
v 0.1749728808105611 -0.8796480737499627 2.088607594936709
v 0.2603509272498826 -0.8582619864303049 2.088607594936709
v 0.3432216519374945 -0.8286103670075966 2.088607594936709
v 0.4227869644929075 -0.7909787767861028 2.088607594936709
v 0.4982806074613892 -0.7457296285511763 2.088607594936709
v 0.5689755357921311 -0.6932986963360194 2.088607594936709
v 0.6341909186795275 -0.6341909186795278 2.088607594936709
v 0.6932986963360191 -0.5689755357921313 2.088607594936709
v 0.7457296285511762 -0.4982806074613896 2.088607594936709
v 0.7909787767861027 -0.4227869644929078 2.088607594936709
v 0.8286103670075965 -0.3432216519374949 2.088607594936709
v 0.8582619864303048 -0.260350927249883 2.088607594936709
v 0.8796480737499626 -0.1749728808105615 2.088607594936709
v 0.8925626692548574 -0.08790974987912725 2.088607594936709
v 0.9079044797567311 0 2.151898734177215
v 0.9035326715311656 0.08899020079815222 2.151898734177215
v 0.8904593497575545 0.1771233773156261 2.151898734177215
v 0.8688104176711826 0.2635507588840632 2.151898734177215
v 0.8387943663225517 0.347440002572947 2.151898734177215
v 0.8007002666945918 0.427983209107028 2.151898734177215
v 0.7548949857910732 0.5044047033779877 2.151898734177215
v 0.7018196535068105 0.5759685046197586 2.151898734177215
v 0.6419854143056292 0.6419854143056291 2.151898734177215
v 0.5759685046197586 0.7018196535068105 2.151898734177215
v 0.5044047033779878 0.7548949857910732 2.151898734177215
v 0.4279832091070282 0.8007002666945917 2.151898734177215
v 0.347440002572947 0.8387943663225517 2.151898734177215
v 0.2635507588840632 0.8688104176711826 2.151898734177215
v 0.1771233773156261 0.8904593497575545 2.151898734177215
v 0.08899020079815237 0.9035326715311655 2.151898734177215
v 5.559311575328118e-17 0.9079044797567311 2.151898734177215
v -0.08899020079815226 0.9035326715311656 2.151898734177215
v -0.177123377315626 0.8904593497575545 2.151898734177215
v -0.263550758884063 0.8688104176711827 2.151898734177215
v -0.3474400025729469 0.8387943663225517 2.151898734177215
v -0.4279832091070281 0.8007002666945918 2.151898734177215
v -0.5044047033779876 0.7548949857910733 2.151898734177215
v -0.5759685046197585 0.7018196535068106 2.151898734177215
v -0.6419854143056291 0.6419854143056292 2.151898734177215
v -0.7018196535068105 0.5759685046197586 2.151898734177215
v -0.7548949857910733 0.5044047033779877 2.151898734177215
v -0.8007002666945917 0.4279832091070283 2.151898734177215
v -0.8387943663225517 0.3474400025729471 2.151898734177215
v -0.8688104176711826 0.2635507588840633 2.151898734177215
v -0.8904593497575545 0.1771233773156264 2.151898734177215
v -0.9035326715311655 0.08899020079815242 2.151898734177215
v -0.9079044797567311 1.111862315065624e-16 2.151898734177215
v -0.9035326715311656 -0.0889902007981522 2.151898734177215
v -0.8904593497575545 -0.1771233773156262 2.151898734177215
v -0.8688104176711827 -0.263550758884063 2.151898734177215
v -0.8387943663225518 -0.3474400025729469 2.151898734177215
v -0.8007002666945918 -0.427983209107028 2.151898734177215
v -0.7548949857910734 -0.5044047033779876 2.151898734177215
v -0.7018196535068106 -0.5759685046197585 2.151898734177215
v -0.6419854143056293 -0.6419854143056291 2.151898734177215
v -0.5759685046197589 -0.7018196535068102 2.151898734177215
v -0.5044047033779877 -0.7548949857910732 2.151898734177215
v -0.4279832091070283 -0.8007002666945917 2.151898734177215
v -0.3474400025729475 -0.8387943663225514 2.151898734177215
v -0.2635507588840633 -0.8688104176711826 2.151898734177215
v -0.1771233773156264 -0.8904593497575544 2.151898734177215
v -0.08899020079815208 -0.9035326715311656 2.151898734177215
v -1.667793472598435e-16 -0.9079044797567311 2.151898734177215
v 0.08899020079815176 -0.9035326715311656 2.151898734177215
v 0.1771233773156261 -0.8904593497575545 2.151898734177215
v 0.2635507588840629 -0.8688104176711827 2.151898734177215
v 0.3474400025729472 -0.8387943663225516 2.151898734177215
v 0.427983209107028 -0.8007002666945918 2.151898734177215
v 0.5044047033779875 -0.7548949857910734 2.151898734177215
v 0.5759685046197587 -0.7018196535068104 2.151898734177215
v 0.6419854143056289 -0.6419854143056293 2.151898734177215
v 0.7018196535068102 -0.575968504619759 2.151898734177215
v 0.7548949857910732 -0.5044047033779877 2.151898734177215
v 0.8007002666945916 -0.4279832091070284 2.151898734177215
v 0.8387943663225514 -0.3474400025729475 2.151898734177215
v 0.8688104176711826 -0.2635507588840634 2.151898734177215
v 0.8904593497575544 -0.1771233773156265 2.151898734177215
v 0.9035326715311656 -0.08899020079815213 2.151898734177215
v 0.9212529100875549 0 2.215189873417722
v 0.9168168255214494 0.09029857576706796 2.215189873417722
v 0.9035512937425146 0.1797275268872763 2.215189873417722
v 0.8815840690734592 0.2674256036745001 2.215189873417722
v 0.8511267078963527 0.352548225708633 2.215189873417722
v 0.8124725312490179 0.4342756156067276 2.215189873417722
v 0.7659937999830909 0.5118206939273295 2.215189873417722
v 0.7121381296885216 0.5844366591757596 2.215189873417722
v 0.6514241799107509 0.6514241799107507 2.215189873417722
v 0.5844366591757596 0.7121381296885216 2.215189873417722
v 0.5118206939273297 0.7659937999830909 2.215189873417722
v 0.4342756156067278 0.8124725312490179 2.215189873417722
v 0.352548225708633 0.8511267078963527 2.215189873417722
v 0.2674256036745001 0.8815840690734592 2.215189873417722
v 0.1797275268872764 0.9035512937425146 2.215189873417722
v 0.09029857576706811 0.9168168255214493 2.215189873417722
v 5.641047137719543e-17 0.9212529100875549 2.215189873417722
v -0.09029857576706798 0.9168168255214494 2.215189873417722
v -0.1797275268872763 0.9035512937425146 2.215189873417722
v -0.2674256036744999 0.8815840690734593 2.215189873417722
v -0.3525482257086329 0.8511267078963527 2.215189873417722
v -0.4342756156067277 0.8124725312490179 2.215189873417722
v -0.5118206939273293 0.765993799983091 2.215189873417722
v -0.5844366591757595 0.7121381296885217 2.215189873417722
v -0.6514241799107507 0.6514241799107509 2.215189873417722
v -0.7121381296885216 0.5844366591757596 2.215189873417722
v -0.765993799983091 0.5118206939273295 2.215189873417722
v -0.8124725312490179 0.4342756156067278 2.215189873417722
v -0.8511267078963527 0.3525482257086331 2.215189873417722
v -0.8815840690734592 0.2674256036745001 2.215189873417722
v -0.9035512937425146 0.1797275268872767 2.215189873417722
v -0.9168168255214493 0.09029857576706815 2.215189873417722
v -0.9212529100875549 1.128209427543909e-16 2.215189873417722
v -0.9168168255214494 -0.09029857576706794 2.215189873417722
v -0.9035512937425146 -0.1797275268872764 2.215189873417722
v -0.8815840690734593 -0.2674256036744999 2.215189873417722
v -0.8511267078963528 -0.3525482257086329 2.215189873417722
v -0.8124725312490179 -0.4342756156067276 2.215189873417722
v -0.765993799983091 -0.5118206939273293 2.215189873417722
v -0.7121381296885217 -0.5844366591757594 2.215189873417722
v -0.651424179910751 -0.6514241799107507 2.215189873417722
v -0.5844366591757599 -0.7121381296885213 2.215189873417722
v -0.5118206939273295 -0.7659937999830909 2.215189873417722
v -0.4342756156067278 -0.8124725312490179 2.215189873417722
v -0.3525482257086335 -0.8511267078963526 2.215189873417722
v -0.2674256036745002 -0.8815840690734592 2.215189873417722
v -0.1797275268872767 -0.9035512937425145 2.215189873417722
v -0.0902985757670678 -0.9168168255214494 2.215189873417722
v -1.692314141315863e-16 -0.9212529100875549 2.215189873417722
v 0.09029857576706747 -0.9168168255214494 2.215189873417722
v 0.1797275268872764 -0.9035512937425146 2.215189873417722
v 0.2674256036744999 -0.8815840690734593 2.215189873417722
v 0.3525482257086332 -0.8511267078963526 2.215189873417722
v 0.4342756156067276 -0.8124725312490179 2.215189873417722
v 0.5118206939273292 -0.765993799983091 2.215189873417722
v 0.5844366591757597 -0.7121381296885215 2.215189873417722
v 0.6514241799107507 -0.651424179910751 2.215189873417722
v 0.7121381296885213 -0.58443665917576 2.215189873417722
v 0.7659937999830909 -0.5118206939273295 2.215189873417722
v 0.8124725312490177 -0.4342756156067279 2.215189873417722
v 0.8511267078963526 -0.3525482257086335 2.215189873417722
v 0.8815840690734592 -0.2674256036745002 2.215189873417722
v 0.9035512937425145 -0.1797275268872768 2.215189873417722
v 0.9168168255214494 -0.09029857576706786 2.215189873417722
v 0.9365896505856857 0 2.278481012658228
v 0.932079715422124 0.09180183921267128 2.278481012658228
v 0.9185933430724453 0.1827195765297344 2.278481012658228
v 0.8962604146747782 0.2718776244401354 2.278481012658228
v 0.8652960085380127 0.3584173422037503 2.278481012658228
v 0.8259983288201119 0.4415053050310935 2.278481012658228
v 0.7787458336590564 0.5203413304196371 2.278481012658228
v 0.7239935904140883 0.5941661843487344 2.278481012658228
v 0.6622688931182775 0.6622688931182774 2.278481012658228
v 0.5941661843487344 0.7239935904140883 2.278481012658228
v 0.5203413304196373 0.7787458336590564 2.278481012658228
v 0.4415053050310937 0.8259983288201118 2.278481012658228
v 0.3584173422037504 0.8652960085380127 2.278481012658228
v 0.2718776244401354 0.8962604146747782 2.278481012658228
v 0.1827195765297345 0.9185933430724453 2.278481012658228
v 0.09180183921267145 0.9320797154221239 2.278481012658228
v 5.734957588521489e-17 0.9365896505856857 2.278481012658228
v -0.09180183921267132 0.932079715422124 2.278481012658228
v -0.1827195765297344 0.9185933430724453 2.278481012658228
v -0.2718776244401352 0.8962604146747783 2.278481012658228
v -0.3584173422037503 0.8652960085380127 2.278481012658228
v -0.4415053050310936 0.8259983288201119 2.278481012658228
v -0.5203413304196369 0.7787458336590565 2.278481012658228
v -0.5941661843487342 0.7239935904140884 2.278481012658228
v -0.6622688931182774 0.6622688931182775 2.278481012658228
v -0.7239935904140883 0.5941661843487344 2.278481012658228
v -0.7787458336590565 0.5203413304196371 2.278481012658228
v -0.8259983288201118 0.4415053050310938 2.278481012658228
v -0.8652960085380127 0.3584173422037504 2.278481012658228
v -0.8962604146747782 0.2718776244401355 2.278481012658228
v -0.9185933430724453 0.1827195765297348 2.278481012658228
v -0.9320797154221239 0.09180183921267149 2.278481012658228
v -0.9365896505856857 1.146991517704298e-16 2.278481012658228
v -0.932079715422124 -0.09180183921267127 2.278481012658228
v -0.9185933430724453 -0.1827195765297346 2.278481012658228
v -0.8962604146747783 -0.2718776244401352 2.278481012658228
v -0.8652960085380128 -0.3584173422037502 2.278481012658228
v -0.8259983288201119 -0.4415053050310935 2.278481012658228
v -0.7787458336590566 -0.5203413304196369 2.278481012658228
v -0.7239935904140884 -0.5941661843487341 2.278481012658228
v -0.6622688931182776 -0.6622688931182774 2.278481012658228
v -0.5941661843487346 -0.723993590414088 2.278481012658228
v -0.5203413304196371 -0.7787458336590564 2.278481012658228
v -0.4415053050310938 -0.8259983288201118 2.278481012658228
v -0.3584173422037508 -0.8652960085380125 2.278481012658228
v -0.2718776244401355 -0.8962604146747782 2.278481012658228
v -0.1827195765297348 -0.9185933430724452 2.278481012658228
v -0.09180183921267114 -0.932079715422124 2.278481012658228
v -1.720487276556447e-16 -0.9365896505856857 2.278481012658228
v 0.09180183921267081 -0.932079715422124 2.278481012658228
v 0.1827195765297345 -0.9185933430724453 2.278481012658228
v 0.2718776244401351 -0.8962604146747783 2.278481012658228
v 0.3584173422037505 -0.8652960085380126 2.278481012658228
v 0.4415053050310935 -0.8259983288201119 2.278481012658228
v 0.5203413304196368 -0.7787458336590566 2.278481012658228
v 0.5941661843487345 -0.7239935904140882 2.278481012658228
v 0.6622688931182773 -0.6622688931182776 2.278481012658228
v 0.723993590414088 -0.5941661843487347 2.278481012658228
v 0.7787458336590564 -0.5203413304196371 2.278481012658228
v 0.8259983288201118 -0.4415053050310939 2.278481012658228
v 0.8652960085380125 -0.3584173422037509 2.278481012658228
v 0.8962604146747782 -0.2718776244401356 2.278481012658228
v 0.9185933430724452 -0.1827195765297349 2.278481012658228
v 0.932079715422124 -0.0918018392126712 2.278481012658228
v 0.953527459041923 0 2.341772151898734
v 0.9489359637010706 0.09346203476100153 2.341772151898734
v 0.9352056962886123 0.1860239790357093 2.341772151898734
v 0.9124688867854578 0.2767944107012522 2.341772151898734
v 0.880944503096327 0.3648991608805257 2.341772151898734
v 0.8409361422691271 0.4494897326663476 2.341772151898734
v 0.7928291066894189 0.5297514726105104 2.341772151898734
v 0.7370866934078155 0.6049114162818215 2.341772151898734
v 0.6742457323361217 0.6742457323361217 2.341772151898734
v 0.6049114162818215 0.7370866934078155 2.341772151898734
v 0.5297514726105105 0.7928291066894189 2.341772151898734
v 0.4494897326663478 0.8409361422691271 2.341772151898734
v 0.3648991608805257 0.880944503096327 2.341772151898734
v 0.2767944107012522 0.9124688867854578 2.341772151898734
v 0.1860239790357094 0.9352056962886123 2.341772151898734
v 0.09346203476100168 0.9489359637010706 2.341772151898734
v 5.838671753074e-17 0.953527459041923 2.341772151898734
v -0.09346203476100157 0.9489359637010706 2.341772151898734
v -0.1860239790357092 0.9352056962886123 2.341772151898734
v -0.276794410701252 0.9124688867854579 2.341772151898734
v -0.3648991608805256 0.880944503096327 2.341772151898734
v -0.4494897326663477 0.8409361422691271 2.341772151898734
v -0.5297514726105101 0.792829106689419 2.341772151898734
v -0.6049114162818214 0.7370866934078156 2.341772151898734
v -0.6742457323361217 0.6742457323361217 2.341772151898734
v -0.7370866934078155 0.6049114162818215 2.341772151898734
v -0.792829106689419 0.5297514726105104 2.341772151898734
v -0.8409361422691271 0.4494897326663478 2.341772151898734
v -0.880944503096327 0.3648991608805258 2.341772151898734
v -0.9124688867854578 0.2767944107012522 2.341772151898734
v -0.9352056962886123 0.1860239790357096 2.341772151898734
v -0.9489359637010706 0.09346203476100173 2.341772151898734
v -0.953527459041923 1.1677343506148e-16 2.341772151898734
v -0.9489359637010706 -0.09346203476100151 2.341772151898734
v -0.9352056962886123 -0.1860239790357094 2.341772151898734
v -0.9124688867854579 -0.276794410701252 2.341772151898734
v -0.8809445030963271 -0.3648991608805255 2.341772151898734
v -0.8409361422691271 -0.4494897326663476 2.341772151898734
v -0.7928291066894191 -0.5297514726105101 2.341772151898734
v -0.7370866934078156 -0.6049114162818213 2.341772151898734
v -0.6742457323361218 -0.6742457323361217 2.341772151898734
v -0.6049114162818219 -0.7370866934078153 2.341772151898734
v -0.5297514726105104 -0.7928291066894189 2.341772151898734
v -0.4494897326663479 -0.8409361422691271 2.341772151898734
v -0.3648991608805262 -0.8809445030963268 2.341772151898734
v -0.2767944107012523 -0.9124688867854578 2.341772151898734
v -0.1860239790357097 -0.9352056962886122 2.341772151898734
v -0.09346203476100137 -0.9489359637010706 2.341772151898734
v -1.7516015259222e-16 -0.953527459041923 2.341772151898734
v 0.09346203476100103 -0.9489359637010706 2.341772151898734
v 0.1860239790357094 -0.9352056962886123 2.341772151898734
v 0.2767944107012519 -0.9124688867854579 2.341772151898734
v 0.3648991608805259 -0.8809445030963269 2.341772151898734
v 0.4494897326663476 -0.8409361422691271 2.341772151898734
v 0.52975147261051 -0.7928291066894191 2.341772151898734
v 0.6049114162818217 -0.7370866934078154 2.341772151898734
v 0.6742457323361216 -0.6742457323361218 2.341772151898734
v 0.7370866934078153 -0.604911416281822 2.341772151898734
v 0.7928291066894189 -0.5297514726105104 2.341772151898734
v 0.8409361422691269 -0.449489732666348 2.341772151898734
v 0.8809445030963268 -0.3648991608805263 2.341772151898734
v 0.9124688867854578 -0.2767944107012523 2.341772151898734
v 0.9352056962886122 -0.1860239790357097 2.341772151898734
v 0.9489359637010706 -0.09346203476100143 2.341772151898734
v 0.9716386673760515 0 2.405063291139241
v 0.9669599616167736 0.0952372436098257 2.405063291139241
v 0.9529689028330418 0.1895573005017156 2.405063291139241
v 0.9298002325692347 0.282051816967213 2.405063291139241
v 0.8976770777852762 0.3718300202501092 2.405063291139241
v 0.8569088020220381 0.4580272971750316 2.405063291139241
v 0.8078880260613273 0.5398135208449687 2.405063291139241
v 0.7510868467731272 0.6164010452170813 2.405063291139241
v 0.6870522905646663 0.6870522905646662 2.405063291139241
v 0.6164010452170813 0.7510868467731272 2.405063291139241
v 0.5398135208449688 0.8078880260613273 2.405063291139241
v 0.4580272971750318 0.856908802022038 2.405063291139241
v 0.3718300202501092 0.8976770777852762 2.405063291139241
v 0.282051816967213 0.9298002325692347 2.405063291139241
v 0.1895573005017157 0.9529689028330418 2.405063291139241
v 0.09523724360982587 0.9669599616167734 2.405063291139241
v 5.949570919649407e-17 0.9716386673760515 2.405063291139241
v -0.09523724360982574 0.9669599616167736 2.405063291139241
v -0.1895573005017156 0.9529689028330418 2.405063291139241
v -0.2820518169672128 0.9298002325692348 2.405063291139241
v -0.3718300202501091 0.8976770777852762 2.405063291139241
v -0.4580272971750317 0.8569088020220381 2.405063291139241
v -0.5398135208449685 0.8078880260613274 2.405063291139241
v -0.6164010452170812 0.7510868467731273 2.405063291139241
v -0.6870522905646662 0.6870522905646663 2.405063291139241
v -0.7510868467731272 0.6164010452170813 2.405063291139241
v -0.8078880260613274 0.5398135208449687 2.405063291139241
v -0.856908802022038 0.4580272971750318 2.405063291139241
v -0.8976770777852762 0.3718300202501093 2.405063291139241
v -0.9298002325692347 0.282051816967213 2.405063291139241
v -0.9529689028330418 0.189557300501716 2.405063291139241
v -0.9669599616167734 0.09523724360982591 2.405063291139241
v -0.9716386673760515 1.189914183929881e-16 2.405063291139241
v -0.9669599616167736 -0.09523724360982569 2.405063291139241
v -0.9529689028330418 -0.1895573005017157 2.405063291139241
v -0.9298002325692348 -0.2820518169672128 2.405063291139241
v -0.8976770777852763 -0.3718300202501091 2.405063291139241
v -0.8569088020220381 -0.4580272971750316 2.405063291139241
v -0.8078880260613275 -0.5398135208449685 2.405063291139241
v -0.7510868467731273 -0.6164010452170811 2.405063291139241
v -0.6870522905646664 -0.6870522905646662 2.405063291139241
v -0.6164010452170816 -0.7510868467731269 2.405063291139241
v -0.5398135208449687 -0.8078880260613273 2.405063291139241
v -0.4580272971750319 -0.856908802022038 2.405063291139241
v -0.3718300202501097 -0.8976770777852759 2.405063291139241
v -0.2820518169672131 -0.9298002325692347 2.405063291139241
v -0.189557300501716 -0.9529689028330417 2.405063291139241
v -0.09523724360982555 -0.9669599616167736 2.405063291139241
v -1.784871275894822e-16 -0.9716386673760515 2.405063291139241
v 0.0952372436098252 -0.9669599616167736 2.405063291139241
v 0.1895573005017157 -0.9529689028330418 2.405063291139241
v 0.2820518169672127 -0.9298002325692348 2.405063291139241
v 0.3718300202501094 -0.8976770777852761 2.405063291139241
v 0.4580272971750315 -0.8569088020220381 2.405063291139241
v 0.5398135208449684 -0.8078880260613275 2.405063291139241
v 0.6164010452170814 -0.7510868467731271 2.405063291139241
v 0.6870522905646661 -0.6870522905646664 2.405063291139241
v 0.7510868467731269 -0.6164010452170817 2.405063291139241
v 0.8078880260613273 -0.5398135208449687 2.405063291139241
v 0.856908802022038 -0.4580272971750319 2.405063291139241
v 0.8976770777852759 -0.3718300202501098 2.405063291139241
v 0.9298002325692347 -0.2820518169672132 2.405063291139241
v 0.9529689028330417 -0.1895573005017161 2.405063291139241
v 0.9669599616167736 -0.09523724360982561 2.405063291139241
v 0.9904659799633944 0 2.468354430379747
v 0.9856966155479803 0.09708264294972778 2.468354430379747
v 0.9714344538882581 0.1932303269770786 2.468354430379747
v 0.9478168473975018 0.2875170973251987 2.468354430379747
v 0.9150712465369143 0.379034920853244 2.468354430379747
v 0.8735130093433493 0.4669024308919081 2.468354430379747
v 0.8235423643590241 0.5502734152862516 2.468354430379747
v 0.7656405562118711 0.6283449658813413 2.468354430379747
v 0.7003652109666954 0.7003652109666952 2.468354430379747
v 0.6283449658813413 0.7656405562118711 2.468354430379747
v 0.5502734152862517 0.8235423643590241 2.468354430379747
v 0.4669024308919082 0.8735130093433492 2.468354430379747
v 0.379034920853244 0.9150712465369143 2.468354430379747
v 0.2875170973251987 0.9478168473975018 2.468354430379747
v 0.1932303269770787 0.9714344538882581 2.468354430379747
v 0.09708264294972795 0.9856966155479802 2.468354430379747
v 6.064854960132587e-17 0.9904659799633944 2.468354430379747
v -0.09708264294972782 0.9856966155479803 2.468354430379747
v -0.1932303269770786 0.9714344538882581 2.468354430379747
v -0.2875170973251985 0.9478168473975019 2.468354430379747
v -0.3790349208532439 0.9150712465369143 2.468354430379747
v -0.4669024308919081 0.8735130093433493 2.468354430379747
v -0.5502734152862514 0.8235423643590242 2.468354430379747
v -0.6283449658813411 0.7656405562118712 2.468354430379747
v -0.7003652109666952 0.7003652109666954 2.468354430379747
v -0.7656405562118711 0.6283449658813413 2.468354430379747
v -0.8235423643590242 0.5502734152862516 2.468354430379747
v -0.8735130093433492 0.4669024308919083 2.468354430379747
v -0.9150712465369143 0.3790349208532441 2.468354430379747
v -0.9478168473975018 0.2875170973251988 2.468354430379747
v -0.9714344538882581 0.193230326977079 2.468354430379747
v -0.9856966155479802 0.097082642949728 2.468354430379747
v -0.9904659799633944 1.212970992026517e-16 2.468354430379747
v -0.9856966155479803 -0.09708264294972778 2.468354430379747
v -0.9714344538882581 -0.1932303269770787 2.468354430379747
v -0.9478168473975019 -0.2875170973251985 2.468354430379747
v -0.9150712465369144 -0.3790349208532439 2.468354430379747
v -0.8735130093433493 -0.4669024308919081 2.468354430379747
v -0.8235423643590243 -0.5502734152862514 2.468354430379747
v -0.7656405562118712 -0.628344965881341 2.468354430379747
v -0.7003652109666955 -0.7003652109666952 2.468354430379747
v -0.6283449658813416 -0.7656405562118708 2.468354430379747
v -0.5502734152862516 -0.8235423643590241 2.468354430379747
v -0.4669024308919084 -0.8735130093433492 2.468354430379747
v -0.3790349208532445 -0.9150712465369141 2.468354430379747
v -0.2875170973251988 -0.9478168473975018 2.468354430379747
v -0.193230326977079 -0.971434453888258 2.468354430379747
v -0.09708264294972764 -0.9856966155479803 2.468354430379747
v -1.819456488039776e-16 -0.9904659799633944 2.468354430379747
v 0.09708264294972728 -0.9856966155479803 2.468354430379747
v 0.1932303269770787 -0.9714344538882581 2.468354430379747
v 0.2875170973251984 -0.9478168473975019 2.468354430379747
v 0.3790349208532442 -0.9150712465369142 2.468354430379747
v 0.466902430891908 -0.8735130093433493 2.468354430379747
v 0.5502734152862513 -0.8235423643590243 2.468354430379747
v 0.6283449658813414 -0.765640556211871 2.468354430379747
v 0.7003652109666951 -0.7003652109666955 2.468354430379747
v 0.7656405562118708 -0.6283449658813417 2.468354430379747
v 0.8235423643590241 -0.5502734152862516 2.468354430379747
v 0.8735130093433491 -0.4669024308919084 2.468354430379747
v 0.9150712465369141 -0.3790349208532446 2.468354430379747
v 0.9478168473975018 -0.2875170973251989 2.468354430379747
v 0.971434453888258 -0.1932303269770791 2.468354430379747
v 0.9856966155479803 -0.0970826429497277 2.468354430379747
v 1.009534020036606 0 2.531645569620253
v 1.004672837796414 0.09895163770939343 2.531645569620253
v 0.9901361069182028 0.1969503170551778 2.531645569620253
v 0.9660638240669158 0.293052257183726 2.531645569620253
v 0.9326878184856592 0.3863319438769356 2.531645569620253
v 0.8903295193533608 0.4758910427600872 2.531645569620253
v 0.8393968602460664 0.5608670507529527 2.531645569620253
v 0.7803803505136029 0.6404416024459497 2.531645569620253
v 0.7138483514063998 0.7138483514063997 2.531645569620253
v 0.6404416024459497 0.7803803505136029 2.531645569620253
v 0.5608670507529528 0.8393968602460664 2.531645569620253
v 0.4758910427600874 0.8903295193533607 2.531645569620253
v 0.3863319438769356 0.9326878184856592 2.531645569620253
v 0.293052257183726 0.9660638240669158 2.531645569620253
v 0.1969503170551779 0.9901361069182028 2.531645569620253
v 0.09895163770939359 1.004672837796413 2.531645569620253
v 6.181613031340945e-17 1.009534020036606 2.531645569620253
v -0.09895163770939347 1.004672837796414 2.531645569620253
v -0.1969503170551778 0.9901361069182028 2.531645569620253
v -0.2930522571837258 0.9660638240669159 2.531645569620253
v -0.3863319438769355 0.9326878184856592 2.531645569620253
v -0.4758910427600873 0.8903295193533608 2.531645569620253
v -0.5608670507529525 0.8393968602460665 2.531645569620253
v -0.6404416024459496 0.780380350513603 2.531645569620253
v -0.7138483514063997 0.7138483514063998 2.531645569620253
v -0.7803803505136029 0.6404416024459497 2.531645569620253
v -0.8393968602460665 0.5608670507529527 2.531645569620253
v -0.8903295193533607 0.4758910427600874 2.531645569620253
v -0.9326878184856592 0.3863319438769357 2.531645569620253
v -0.9660638240669158 0.293052257183726 2.531645569620253
v -0.9901361069182028 0.1969503170551782 2.531645569620253
v -1.004672837796413 0.09895163770939365 2.531645569620253
v -1.009534020036606 1.236322606268189e-16 2.531645569620253
v -1.004672837796414 -0.0989516377093934 2.531645569620253
v -0.9901361069182028 -0.196950317055178 2.531645569620253
v -0.9660638240669159 -0.2930522571837257 2.531645569620253
v -0.9326878184856593 -0.3863319438769355 2.531645569620253
v -0.8903295193533608 -0.4758910427600872 2.531645569620253
v -0.8393968602460666 -0.5608670507529525 2.531645569620253
v -0.780380350513603 -0.6404416024459495 2.531645569620253
v -0.7138483514063999 -0.7138483514063997 2.531645569620253
v -0.6404416024459501 -0.7803803505136025 2.531645569620253
v -0.5608670507529527 -0.8393968602460664 2.531645569620253
v -0.4758910427600875 -0.8903295193533607 2.531645569620253
v -0.3863319438769361 -0.932687818485659 2.531645569620253
v -0.2930522571837261 -0.9660638240669158 2.531645569620253
v -0.1969503170551783 -0.9901361069182026 2.531645569620253
v -0.09895163770939326 -1.004672837796414 2.531645569620253
v -1.854483909402284e-16 -1.009534020036606 2.531645569620253
v 0.0989516377093929 -1.004672837796414 2.531645569620253
v 0.1969503170551779 -0.9901361069182028 2.531645569620253
v 0.2930522571837257 -0.9660638240669159 2.531645569620253
v 0.3863319438769358 -0.9326878184856591 2.531645569620253
v 0.4758910427600871 -0.8903295193533608 2.531645569620253
v 0.5608670507529524 -0.8393968602460666 2.531645569620253
v 0.6404416024459498 -0.7803803505136028 2.531645569620253
v 0.7138483514063996 -0.7138483514063999 2.531645569620253
v 0.7803803505136025 -0.6404416024459502 2.531645569620253
v 0.8393968602460664 -0.5608670507529527 2.531645569620253
v 0.8903295193533606 -0.4758910427600875 2.531645569620253
v 0.932687818485659 -0.3863319438769362 2.531645569620253
v 0.9660638240669158 -0.2930522571837261 2.531645569620253
v 0.9901361069182026 -0.1969503170551783 2.531645569620253
v 1.004672837796414 -0.09895163770939332 2.531645569620253
v 1.028361332623948 0 2.59493670886076
v 1.02340949172762 0.1007970370492955 2.59493670886076
v 1.008601657973419 0.2006233435305409 2.59493670886076
v 0.9840804388951829 0.2985175375417117 2.59493670886076
v 0.9500819872372973 0.3935368444800704 2.59493670886076
v 0.906933726674672 0.4847661764769637 2.59493670886076
v 0.8550511985437632 0.5713269451942357 2.59493670886076
v 0.7949340599523468 0.6523855231102097 2.59493670886076
v 0.7271612718084288 0.7271612718084287 2.59493670886076
v 0.6523855231102097 0.7949340599523468 2.59493670886076
v 0.5713269451942358 0.8550511985437632 2.59493670886076
v 0.4847661764769639 0.9069337266746719 2.59493670886076
v 0.3935368444800704 0.9500819872372973 2.59493670886076
v 0.2985175375417117 0.9840804388951829 2.59493670886076
v 0.200623343530541 1.008601657973419 2.59493670886076
v 0.1007970370492957 1.02340949172762 2.59493670886076
v 6.296897071824125e-17 1.028361332623948 2.59493670886076
v -0.1007970370492955 1.02340949172762 2.59493670886076
v -0.2006233435305408 1.008601657973419 2.59493670886076
v -0.2985175375417115 0.984080438895183 2.59493670886076
v -0.3935368444800703 0.9500819872372973 2.59493670886076
v -0.4847661764769637 0.906933726674672 2.59493670886076
v -0.5713269451942354 0.8550511985437633 2.59493670886076
v -0.6523855231102096 0.7949340599523469 2.59493670886076
v -0.7271612718084287 0.7271612718084288 2.59493670886076
v -0.7949340599523468 0.6523855231102097 2.59493670886076
v -0.8550511985437633 0.5713269451942357 2.59493670886076
v -0.9069337266746719 0.4847661764769639 2.59493670886076
v -0.9500819872372973 0.3935368444800705 2.59493670886076
v -0.9840804388951829 0.2985175375417117 2.59493670886076
v -1.008601657973419 0.2006233435305413 2.59493670886076
v -1.02340949172762 0.1007970370492957 2.59493670886076
v -1.028361332623948 1.259379414364825e-16 2.59493670886076
v -1.02340949172762 -0.1007970370492955 2.59493670886076
v -1.008601657973419 -0.200623343530541 2.59493670886076
v -0.984080438895183 -0.2985175375417115 2.59493670886076
v -0.9500819872372974 -0.3935368444800703 2.59493670886076
v -0.906933726674672 -0.4847661764769637 2.59493670886076
v -0.8550511985437634 -0.5713269451942354 2.59493670886076
v -0.7949340599523469 -0.6523855231102095 2.59493670886076
v -0.7271612718084289 -0.7271612718084287 2.59493670886076
v -0.65238552311021 -0.7949340599523465 2.59493670886076
v -0.5713269451942357 -0.8550511985437632 2.59493670886076
v -0.484766176476964 -0.9069337266746719 2.59493670886076
v -0.3935368444800709 -0.9500819872372971 2.59493670886076
v -0.2985175375417118 -0.9840804388951829 2.59493670886076
v -0.2006233435305413 -1.008601657973419 2.59493670886076
v -0.1007970370492954 -1.02340949172762 2.59493670886076
v -1.889069121547238e-16 -1.028361332623948 2.59493670886076
v 0.100797037049295 -1.02340949172762 2.59493670886076
v 0.2006233435305409 -1.008601657973419 2.59493670886076
v 0.2985175375417114 -0.984080438895183 2.59493670886076
v 0.3935368444800706 -0.9500819872372972 2.59493670886076
v 0.4847661764769636 -0.906933726674672 2.59493670886076
v 0.5713269451942353 -0.8550511985437634 2.59493670886076
v 0.6523855231102098 -0.7949340599523467 2.59493670886076
v 0.7271612718084286 -0.7271612718084289 2.59493670886076
v 0.7949340599523465 -0.6523855231102101 2.59493670886076
v 0.8550511985437632 -0.5713269451942357 2.59493670886076
v 0.9069337266746716 -0.484766176476964 2.59493670886076
v 0.9500819872372971 -0.393536844480071 2.59493670886076
v 0.9840804388951829 -0.2985175375417118 2.59493670886076
v 1.008601657973419 -0.2006233435305414 2.59493670886076
v 1.02340949172762 -0.1007970370492954 2.59493670886076
v 1.046472540958077 0 2.658227848101266
v 1.041433489643323 0.1025722458981197 2.658227848101266
v 1.026364864517848 0.2041566649965472 2.658227848101266
v 1.00141178467896 0.3037749438076724 2.658227848101266
v 0.9668145619262464 0.4004677038496539 2.658227848101266
v 0.9229063864275829 0.4933037409856476 2.658227848101266
v 0.8701101179156715 0.581388993428694 2.658227848101266
v 0.8089342133176584 0.6638751520454694 2.658227848101266
v 0.7399678300369733 0.7399678300369732 2.658227848101266
v 0.6638751520454694 0.8089342133176584 2.658227848101266
v 0.5813889934286941 0.8701101179156715 2.658227848101266
v 0.4933037409856478 0.9229063864275828 2.658227848101266
v 0.4004677038496539 0.9668145619262464 2.658227848101266
v 0.3037749438076724 1.00141178467896 2.658227848101266
v 0.2041566649965472 1.026364864517848 2.658227848101266
v 0.1025722458981198 1.041433489643323 2.658227848101266
v 6.407796238399531e-17 1.046472540958077 2.658227848101266
v -0.1025722458981197 1.041433489643323 2.658227848101266
v -0.2041566649965471 1.026364864517848 2.658227848101266
v -0.3037749438076723 1.00141178467896 2.658227848101266
v -0.4004677038496538 0.9668145619262464 2.658227848101266
v -0.4933037409856477 0.9229063864275829 2.658227848101266
v -0.5813889934286937 0.8701101179156716 2.658227848101266
v -0.6638751520454693 0.8089342133176585 2.658227848101266
v -0.7399678300369732 0.7399678300369733 2.658227848101266
v -0.8089342133176584 0.6638751520454694 2.658227848101266
v -0.8701101179156716 0.581388993428694 2.658227848101266
v -0.9229063864275828 0.4933037409856478 2.658227848101266
v -0.9668145619262464 0.400467703849654 2.658227848101266
v -1.00141178467896 0.3037749438076725 2.658227848101266
v -1.026364864517848 0.2041566649965476 2.658227848101266
v -1.041433489643323 0.1025722458981199 2.658227848101266
v -1.046472540958077 1.281559247679906e-16 2.658227848101266
v -1.041433489643323 -0.1025722458981197 2.658227848101266
v -1.026364864517848 -0.2041566649965473 2.658227848101266
v -1.00141178467896 -0.3037749438076722 2.658227848101266
v -0.9668145619262465 -0.4004677038496537 2.658227848101266
v -0.9229063864275829 -0.4933037409856476 2.658227848101266
v -0.8701101179156718 -0.5813889934286937 2.658227848101266
v -0.8089342133176585 -0.6638751520454692 2.658227848101266
v -0.7399678300369734 -0.7399678300369732 2.658227848101266
v -0.6638751520454698 -0.808934213317658 2.658227848101266
v -0.581388993428694 -0.8701101179156715 2.658227848101266
v -0.4933037409856479 -0.9229063864275828 2.658227848101266
v -0.4004677038496544 -0.9668145619262462 2.658227848101266
v -0.3037749438076726 -1.00141178467896 2.658227848101266
v -0.2041566649965476 -1.026364864517848 2.658227848101266
v -0.1025722458981195 -1.041433489643323 2.658227848101266
v -1.922338871519859e-16 -1.046472540958077 2.658227848101266
v 0.1025722458981191 -1.041433489643323 2.658227848101266
v 0.2041566649965472 -1.026364864517848 2.658227848101266
v 0.3037749438076722 -1.00141178467896 2.658227848101266
v 0.4004677038496541 -0.9668145619262463 2.658227848101266
v 0.4933037409856476 -0.9229063864275829 2.658227848101266
v 0.5813889934286935 -0.8701101179156718 2.658227848101266
v 0.6638751520454695 -0.8089342133176582 2.658227848101266
v 0.7399678300369731 -0.7399678300369734 2.658227848101266
v 0.808934213317658 -0.6638751520454699 2.658227848101266
v 0.8701101179156715 -0.581388993428694 2.658227848101266
v 0.9229063864275827 -0.4933037409856479 2.658227848101266
v 0.9668145619262462 -0.4004677038496545 2.658227848101266
v 1.00141178467896 -0.3037749438076726 2.658227848101266
v 1.026364864517848 -0.2041566649965477 2.658227848101266
v 1.041433489643323 -0.1025722458981196 2.658227848101266
v 1.063410349414314 0 2.721518987341772
v 1.05828973792227 0.1042324414464499 2.721518987341772
v 1.042977217734016 0.2074610675025221 2.721518987341772
v 1.01762025678964 0.3086917300687892 2.721518987341772
v 0.9824630564845608 0.4069495225264292 2.721518987341772
v 0.9378441998765982 0.5012881686209018 2.721518987341772
v 0.8841933909460341 0.5907991356195672 2.721518987341772
v 0.8220273163113857 0.6746203839785566 2.721518987341772
v 0.7519446692548176 0.7519446692548175 2.721518987341772
v 0.6746203839785566 0.8220273163113857 2.721518987341772
v 0.5907991356195673 0.8841933909460341 2.721518987341772
v 0.5012881686209019 0.9378441998765981 2.721518987341772
v 0.4069495225264293 0.9824630564845608 2.721518987341772
v 0.3086917300687892 1.01762025678964 2.721518987341772
v 0.2074610675025221 1.042977217734016 2.721518987341772
v 0.1042324414464501 1.05828973792227 2.721518987341772
v 6.511510402952043e-17 1.063410349414314 2.721518987341772
v -0.10423244144645 1.05828973792227 2.721518987341772
v -0.207461067502522 1.042977217734016 2.721518987341772
v -0.3086917300687891 1.01762025678964 2.721518987341772
v -0.4069495225264292 0.9824630564845608 2.721518987341772
v -0.5012881686209018 0.9378441998765982 2.721518987341772
v -0.590799135619567 0.8841933909460342 2.721518987341772
v -0.6746203839785565 0.8220273163113858 2.721518987341772
v -0.7519446692548175 0.7519446692548176 2.721518987341772
v -0.8220273163113857 0.6746203839785566 2.721518987341772
v -0.8841933909460342 0.5907991356195672 2.721518987341772
v -0.9378441998765981 0.501288168620902 2.721518987341772
v -0.9824630564845608 0.4069495225264294 2.721518987341772
v -1.01762025678964 0.3086917300687893 2.721518987341772
v -1.042977217734016 0.2074610675025224 2.721518987341772
v -1.05828973792227 0.1042324414464502 2.721518987341772
v -1.063410349414314 1.302302080590409e-16 2.721518987341772
v -1.05828973792227 -0.1042324414464499 2.721518987341772
v -1.042977217734016 -0.2074610675025222 2.721518987341772
v -1.01762025678964 -0.308691730068789 2.721518987341772
v -0.9824630564845609 -0.4069495225264291 2.721518987341772
v -0.9378441998765982 -0.5012881686209018 2.721518987341772
v -0.8841933909460343 -0.590799135619567 2.721518987341772
v -0.8220273163113858 -0.6746203839785564 2.721518987341772
v -0.7519446692548177 -0.7519446692548175 2.721518987341772
v -0.6746203839785571 -0.8220273163113854 2.721518987341772
v -0.5907991356195672 -0.8841933909460341 2.721518987341772
v -0.501288168620902 -0.9378441998765981 2.721518987341772
v -0.4069495225264299 -0.9824630564845606 2.721518987341772
v -0.3086917300687894 -1.01762025678964 2.721518987341772
v -0.2074610675025225 -1.042977217734016 2.721518987341772
v -0.1042324414464498 -1.05828973792227 2.721518987341772
v -1.953453120885613e-16 -1.063410349414314 2.721518987341772
v 0.1042324414464494 -1.05828973792227 2.721518987341772
v 0.2074610675025221 -1.042977217734016 2.721518987341772
v 0.308691730068789 -1.01762025678964 2.721518987341772
v 0.4069495225264295 -0.9824630564845607 2.721518987341772
v 0.5012881686209016 -0.9378441998765982 2.721518987341772
v 0.5907991356195669 -0.8841933909460343 2.721518987341772
v 0.6746203839785567 -0.8220273163113856 2.721518987341772
v 0.7519446692548174 -0.7519446692548177 2.721518987341772
v 0.8220273163113854 -0.6746203839785572 2.721518987341772
v 0.8841933909460341 -0.5907991356195672 2.721518987341772
v 0.9378441998765978 -0.5012881686209021 2.721518987341772
v 0.9824630564845606 -0.4069495225264299 2.721518987341772
v 1.01762025678964 -0.3086917300687894 2.721518987341772
v 1.042977217734016 -0.2074610675025226 2.721518987341772
v 1.05828973792227 -0.1042324414464498 2.721518987341772
v 1.078747089912445 0 2.784810126582279
v 1.073552627822945 0.1057357048920533 2.784810126582279
v 1.058019267063946 0.2104531171449802 2.784810126582279
v 1.032296602390959 0.3131437508344246 2.784810126582279
v 0.9966323571262209 0.4128186390215466 2.784810126582279
v 0.9513699974476922 0.5085178580452677 2.784810126582279
v 0.8969454246219997 0.5993197721118749 2.784810126582279
v 0.8338827770369525 0.6843499091515315 2.784810126582279
v 0.7627893824623443 0.7627893824623442 2.784810126582279
v 0.6843499091515315 0.8338827770369525 2.784810126582279
v 0.599319772111875 0.8969454246219997 2.784810126582279
v 0.5085178580452679 0.9513699974476921 2.784810126582279
v 0.4128186390215467 0.9966323571262209 2.784810126582279
v 0.3131437508344246 1.032296602390959 2.784810126582279
v 0.2104531171449803 1.058019267063946 2.784810126582279
v 0.1057357048920534 1.073552627822944 2.784810126582279
v 6.60542085375399e-17 1.078747089912445 2.784810126582279
v -0.1057357048920533 1.073552627822945 2.784810126582279
v -0.2104531171449801 1.058019267063946 2.784810126582279
v -0.3131437508344244 1.032296602390959 2.784810126582279
v -0.4128186390215466 0.9966323571262209 2.784810126582279
v -0.5085178580452678 0.9513699974476922 2.784810126582279
v -0.5993197721118747 0.8969454246219998 2.784810126582279
v -0.6843499091515314 0.8338827770369526 2.784810126582279
v -0.7627893824623442 0.7627893824623443 2.784810126582279
v -0.8338827770369525 0.6843499091515315 2.784810126582279
v -0.8969454246219998 0.5993197721118749 2.784810126582279
v -0.9513699974476921 0.5085178580452679 2.784810126582279
v -0.9966323571262209 0.4128186390215468 2.784810126582279
v -1.032296602390959 0.3131437508344246 2.784810126582279
v -1.058019267063946 0.2104531171449806 2.784810126582279
v -1.073552627822944 0.1057357048920535 2.784810126582279
v -1.078747089912445 1.321084170750798e-16 2.784810126582279
v -1.073552627822945 -0.1057357048920533 2.784810126582279
v -1.058019267063946 -0.2104531171449803 2.784810126582279
v -1.032296602390959 -0.3131437508344244 2.784810126582279
v -0.996632357126221 -0.4128186390215465 2.784810126582279
v -0.9513699974476922 -0.5085178580452677 2.784810126582279
v -0.8969454246219999 -0.5993197721118747 2.784810126582279
v -0.8338827770369526 -0.6843499091515313 2.784810126582279
v -0.7627893824623444 -0.7627893824623442 2.784810126582279
v -0.6843499091515318 -0.8338827770369521 2.784810126582279
v -0.5993197721118749 -0.8969454246219997 2.784810126582279
v -0.5085178580452681 -0.9513699974476921 2.784810126582279
v -0.4128186390215473 -0.9966323571262206 2.784810126582279
v -0.3131437508344248 -1.032296602390959 2.784810126582279
v -0.2104531171449806 -1.058019267063946 2.784810126582279
v -0.1057357048920531 -1.073552627822945 2.784810126582279
v -1.981626256126197e-16 -1.078747089912445 2.784810126582279
v 0.1057357048920527 -1.073552627822945 2.784810126582279
v 0.2104531171449802 -1.058019267063946 2.784810126582279
v 0.3131437508344243 -1.032296602390959 2.784810126582279
v 0.4128186390215469 -0.9966323571262207 2.784810126582279
v 0.5085178580452677 -0.9513699974476922 2.784810126582279
v 0.5993197721118746 -0.8969454246219999 2.784810126582279
v 0.6843499091515316 -0.8338827770369523 2.784810126582279
v 0.7627893824623441 -0.7627893824623444 2.784810126582279
v 0.8338827770369521 -0.6843499091515319 2.784810126582279
v 0.8969454246219997 -0.5993197721118749 2.784810126582279
v 0.951369997447692 -0.5085178580452681 2.784810126582279
v 0.9966323571262206 -0.4128186390215473 2.784810126582279
v 1.032296602390959 -0.3131437508344248 2.784810126582279
v 1.058019267063946 -0.2104531171449807 2.784810126582279
v 1.073552627822945 -0.1057357048920532 2.784810126582279
v 1.092095520243269 0 2.848101265822785
v 1.086836781813228 0.107044079860969 2.848101265822785
v 1.071111211048906 0.2130572667166304 2.848101265822785
v 1.045070253793235 0.3170185956248615 2.848101265822785
v 1.008964698700022 0.4179268621572326 2.848101265822785
v 0.9631422620021183 0.5148102645449673 2.848101265822785
v 0.9080442388140173 0.6067357626612166 2.848101265822785
v 0.8442012532186635 0.6928180637075324 2.848101265822785
v 0.772228148067466 0.7722281480674659 2.848101265822785
v 0.6928180637075324 0.8442012532186635 2.848101265822785
v 0.6067357626612168 0.9080442388140173 2.848101265822785
v 0.5148102645449674 0.9631422620021182 2.848101265822785
v 0.4179268621572326 1.008964698700022 2.848101265822785
v 0.3170185956248615 1.045070253793235 2.848101265822785
v 0.2130572667166305 1.071111211048906 2.848101265822785
v 0.1070440798609692 1.086836781813228 2.848101265822785
v 6.687156416145414e-17 1.092095520243269 2.848101265822785
v -0.107044079860969 1.086836781813228 2.848101265822785
v -0.2130572667166304 1.071111211048906 2.848101265822785
v -0.3170185956248613 1.045070253793235 2.848101265822785
v -0.4179268621572325 1.008964698700022 2.848101265822785
v -0.5148102645449673 0.9631422620021183 2.848101265822785
v -0.6067357626612163 0.9080442388140174 2.848101265822785
v -0.6928180637075323 0.8442012532186636 2.848101265822785
v -0.7722281480674659 0.772228148067466 2.848101265822785
v -0.8442012532186635 0.6928180637075324 2.848101265822785
v -0.9080442388140174 0.6067357626612166 2.848101265822785
v -0.9631422620021182 0.5148102645449675 2.848101265822785
v -1.008964698700022 0.4179268621572327 2.848101265822785
v -1.045070253793235 0.3170185956248615 2.848101265822785
v -1.071111211048906 0.2130572667166308 2.848101265822785
v -1.086836781813228 0.1070440798609692 2.848101265822785
v -1.092095520243269 1.337431283229083e-16 2.848101265822785
v -1.086836781813228 -0.107044079860969 2.848101265822785
v -1.071111211048906 -0.2130572667166306 2.848101265822785
v -1.045070253793235 -0.3170185956248612 2.848101265822785
v -1.008964698700022 -0.4179268621572324 2.848101265822785
v -0.9631422620021183 -0.5148102645449673 2.848101265822785
v -0.9080442388140175 -0.6067357626612163 2.848101265822785
v -0.8442012532186636 -0.6928180637075321 2.848101265822785
v -0.7722281480674661 -0.7722281480674659 2.848101265822785
v -0.6928180637075327 -0.8442012532186631 2.848101265822785
v -0.6067357626612166 -0.9080442388140173 2.848101265822785
v -0.5148102645449676 -0.9631422620021182 2.848101265822785
v -0.4179268621572332 -1.008964698700022 2.848101265822785
v -0.3170185956248616 -1.045070253793235 2.848101265822785
v -0.2130572667166309 -1.071111211048906 2.848101265822785
v -0.1070440798609688 -1.086836781813228 2.848101265822785
v -2.006146924843624e-16 -1.092095520243269 2.848101265822785
v 0.1070440798609684 -1.086836781813228 2.848101265822785
v 0.2130572667166305 -1.071111211048906 2.848101265822785
v 0.3170185956248612 -1.045070253793235 2.848101265822785
v 0.4179268621572328 -1.008964698700022 2.848101265822785
v 0.5148102645449671 -0.9631422620021183 2.848101265822785
v 0.6067357626612162 -0.9080442388140175 2.848101265822785
v 0.6928180637075325 -0.8442012532186633 2.848101265822785
v 0.7722281480674658 -0.7722281480674661 2.848101265822785
v 0.8442012532186631 -0.6928180637075328 2.848101265822785
v 0.9080442388140173 -0.6067357626612166 2.848101265822785
v 0.9631422620021181 -0.5148102645449676 2.848101265822785
v 1.008964698700022 -0.4179268621572332 2.848101265822785
v 1.045070253793235 -0.3170185956248616 2.848101265822785
v 1.071111211048906 -0.213057266716631 2.848101265822785
v 1.086836781813228 -0.1070440798609689 2.848101265822785
v 1.103118601669559 0 2.911392405063292
v 1.097806784089536 0.1081245307799939 2.911392405063292
v 1.081922487056498 0.2152077632216954 2.911392405063292
v 1.055618685034113 0.3202184272590418 2.911392405063292
v 1.019148698014977 0.4221452127926852 2.911392405063292
v 0.9728637519106073 0.5200065091590877 2.911392405063292
v 0.9172095960539143 0.6128598585778148 2.911392405063292
v 0.8527222103894545 0.69981103253516 2.911392405063292
v 0.7800226436935674 0.7800226436935673 2.911392405063292
v 0.69981103253516 0.8527222103894545 2.911392405063292
v 0.6128598585778149 0.9172095960539143 2.911392405063292
v 0.520006509159088 0.972863751910607 2.911392405063292
v 0.4221452127926853 1.019148698014977 2.911392405063292
v 0.3202184272590418 1.055618685034113 2.911392405063292
v 0.2152077632216955 1.081922487056498 2.911392405063292
v 0.1081245307799941 1.097806784089536 2.911392405063292
v 6.754653323072649e-17 1.103118601669559 2.911392405063292
v -0.1081245307799939 1.097806784089536 2.911392405063292
v -0.2152077632216954 1.081922487056498 2.911392405063292
v -0.3202184272590416 1.055618685034113 2.911392405063292
v -0.4221452127926852 1.019148698014977 2.911392405063292
v -0.5200065091590879 0.9728637519106073 2.911392405063292
v -0.6128598585778146 0.9172095960539145 2.911392405063292
v -0.6998110325351599 0.8527222103894546 2.911392405063292
v -0.7800226436935673 0.7800226436935674 2.911392405063292
v -0.8527222103894545 0.69981103253516 2.911392405063292
v -0.9172095960539145 0.6128598585778148 2.911392405063292
v -0.972863751910607 0.5200065091590881 2.911392405063292
v -1.019148698014977 0.4221452127926854 2.911392405063292
v -1.055618685034113 0.3202184272590419 2.911392405063292
v -1.081922487056498 0.2152077632216958 2.911392405063292
v -1.097806784089536 0.1081245307799941 2.911392405063292
v -1.103118601669559 1.35093066461453e-16 2.911392405063292
v -1.097806784089536 -0.1081245307799938 2.911392405063292
v -1.081922487056498 -0.2152077632216955 2.911392405063292
v -1.055618685034113 -0.3202184272590416 2.911392405063292
v -1.019148698014977 -0.4221452127926851 2.911392405063292
v -0.9728637519106073 -0.5200065091590877 2.911392405063292
v -0.9172095960539146 -0.6128598585778146 2.911392405063292
v -0.8527222103894546 -0.6998110325351597 2.911392405063292
v -0.7800226436935676 -0.7800226436935673 2.911392405063292
v -0.6998110325351604 -0.8527222103894542 2.911392405063292
v -0.6128598585778148 -0.9172095960539143 2.911392405063292
v -0.5200065091590881 -0.972863751910607 2.911392405063292
v -0.4221452127926859 -1.019148698014977 2.911392405063292
v -0.3202184272590419 -1.055618685034113 2.911392405063292
v -0.2152077632216959 -1.081922487056498 2.911392405063292
v -0.1081245307799937 -1.097806784089536 2.911392405063292
v -2.026395996921795e-16 -1.103118601669559 2.911392405063292
v 0.1081245307799933 -1.097806784089536 2.911392405063292
v 0.2152077632216955 -1.081922487056498 2.911392405063292
v 0.3202184272590415 -1.055618685034113 2.911392405063292
v 0.4221452127926855 -1.019148698014977 2.911392405063292
v 0.5200065091590877 -0.9728637519106073 2.911392405063292
v 0.6128598585778144 -0.9172095960539146 2.911392405063292
v 0.6998110325351601 -0.8527222103894544 2.911392405063292
v 0.7800226436935672 -0.7800226436935676 2.911392405063292
v 0.8527222103894542 -0.6998110325351605 2.911392405063292
v 0.9172095960539143 -0.6128598585778148 2.911392405063292
v 0.9728637519106069 -0.5200065091590882 2.911392405063292
v 1.019148698014977 -0.4221452127926859 2.911392405063292
v 1.055618685034113 -0.320218427259042 2.911392405063292
v 1.081922487056498 -0.215207763221696 2.911392405063292
v 1.097806784089536 -0.1081245307799938 2.911392405063292
v 1.111538008923686 0 2.974683544303798
v 1.106185649596477 0.1089497770023134 2.974683544303798
v 1.090180117761066 0.216850308094088 2.974683544303798
v 1.063675555438543 0.32266245217648 2.974683544303798
v 1.026927216052942 0.4253671804591741 2.974683544303798
v 0.9802890062012306 0.5239753902646924 2.974683544303798
v 0.9242100773393206 0.6175374306278771 2.974683544303798
v 0.8592305002080128 0.7051522479538169 2.974683544303798
v 0.7859760636565318 0.7859760636565317 2.974683544303798
v 0.7051522479538169 0.8592305002080128 2.974683544303798
v 0.6175374306278772 0.9242100773393206 2.974683544303798
v 0.5239753902646926 0.9802890062012305 2.974683544303798
v 0.4253671804591742 1.026927216052942 2.974683544303798
v 0.32266245217648 1.063675555438543 2.974683544303798
v 0.2168503080940881 1.090180117761066 2.974683544303798
v 0.1089497770023135 1.106185649596477 2.974683544303798
v 6.806207323795073e-17 1.111538008923686 2.974683544303798
v -0.1089497770023134 1.106185649596477 2.974683544303798
v -0.216850308094088 1.090180117761066 2.974683544303798
v -0.3226624521764798 1.063675555438544 2.974683544303798
v -0.425367180459174 1.026927216052942 2.974683544303798
v -0.5239753902646924 0.9802890062012306 2.974683544303798
v -0.6175374306278768 0.9242100773393207 2.974683544303798
v -0.7051522479538168 0.8592305002080129 2.974683544303798
v -0.7859760636565317 0.7859760636565318 2.974683544303798
v -0.8592305002080128 0.7051522479538169 2.974683544303798
v -0.9242100773393207 0.6175374306278771 2.974683544303798
v -0.9802890062012305 0.5239753902646926 2.974683544303798
v -1.026927216052942 0.4253671804591742 2.974683544303798
v -1.063675555438543 0.32266245217648 2.974683544303798
v -1.090180117761066 0.2168503080940884 2.974683544303798
v -1.106185649596477 0.1089497770023136 2.974683544303798
v -1.111538008923686 1.361241464759015e-16 2.974683544303798
v -1.106185649596477 -0.1089497770023133 2.974683544303798
v -1.090180117761066 -0.2168503080940881 2.974683544303798
v -1.063675555438544 -0.3226624521764797 2.974683544303798
v -1.026927216052942 -0.425367180459174 2.974683544303798
v -0.9802890062012306 -0.5239753902646924 2.974683544303798
v -0.9242100773393208 -0.6175374306278768 2.974683544303798
v -0.8592305002080129 -0.7051522479538166 2.974683544303798
v -0.7859760636565319 -0.7859760636565317 2.974683544303798
v -0.7051522479538173 -0.8592305002080124 2.974683544303798
v -0.6175374306278771 -0.9242100773393206 2.974683544303798
v -0.5239753902646928 -0.9802890062012305 2.974683544303798
v -0.4253671804591747 -1.026927216052942 2.974683544303798
v -0.3226624521764801 -1.063675555438543 2.974683544303798
v -0.2168503080940885 -1.090180117761066 2.974683544303798
v -0.1089497770023132 -1.106185649596477 2.974683544303798
v -2.041862197138522e-16 -1.111538008923686 2.974683544303798
v 0.1089497770023128 -1.106185649596477 2.974683544303798
v 0.2168503080940881 -1.090180117761066 2.974683544303798
v 0.3226624521764797 -1.063675555438544 2.974683544303798
v 0.4253671804591743 -1.026927216052942 2.974683544303798
v 0.5239753902646923 -0.9802890062012306 2.974683544303798
v 0.6175374306278767 -0.9242100773393208 2.974683544303798
v 0.705152247953817 -0.8592305002080127 2.974683544303798
v 0.7859760636565316 -0.7859760636565319 2.974683544303798
v 0.8592305002080124 -0.7051522479538174 2.974683544303798
v 0.9242100773393206 -0.6175374306278771 2.974683544303798
v 0.9802890062012304 -0.5239753902646928 2.974683544303798
v 1.026927216052942 -0.4253671804591748 2.974683544303798
v 1.063675555438543 -0.3226624521764802 2.974683544303798
v 1.090180117761066 -0.2168503080940885 2.974683544303798
v 1.106185649596477 -0.1089497770023132 2.974683544303798
v 1.117141157730286 0 3.037974683544304
v 1.111761817710076 0.1094989816251773 3.037974683544304
v 1.095675603634488 0.2179434281990718 3.037974683544304
v 1.069037434538688 0.3242889604194125 3.037974683544304
v 1.032103850552974 0.427511412676536 3.037974683544304
v 0.9852305422810791 0.526616696328074 3.037974683544304
v 0.9288689253052175 0.6206503733160033 3.037974683544304
v 0.8635617928072613 0.7087068479268933 3.037974683544304
v 0.7899380881736758 0.7899380881736757 3.037974683544304
v 0.7087068479268933 0.8635617928072613 3.037974683544304
v 0.6206503733160034 0.9288689253052175 3.037974683544304
v 0.5266166963280742 0.985230542281079 3.037974683544304
v 0.4275114126765361 1.032103850552974 3.037974683544304
v 0.3242889604194125 1.069037434538688 3.037974683544304
v 0.2179434281990719 1.095675603634488 3.037974683544304
v 0.1094989816251774 1.111761817710076 3.037974683544304
v 6.840516715050816e-17 1.117141157730286 3.037974683544304
v -0.1094989816251773 1.111761817710076 3.037974683544304
v -0.2179434281990718 1.095675603634488 3.037974683544304
v -0.3242889604194123 1.069037434538689 3.037974683544304
v -0.427511412676536 1.032103850552974 3.037974683544304
v -0.5266166963280741 0.9852305422810791 3.037974683544304
v -0.6206503733160029 0.9288689253052177 3.037974683544304
v -0.7087068479268932 0.8635617928072614 3.037974683544304
v -0.7899380881736757 0.7899380881736758 3.037974683544304
v -0.8635617928072613 0.7087068479268933 3.037974683544304
v -0.9288689253052177 0.6206503733160033 3.037974683544304
v -0.985230542281079 0.5266166963280743 3.037974683544304
v -1.032103850552974 0.4275114126765361 3.037974683544304
v -1.069037434538688 0.3242889604194126 3.037974683544304
v -1.095675603634488 0.2179434281990722 3.037974683544304
v -1.111761817710076 0.1094989816251775 3.037974683544304
v -1.117141157730286 1.368103343010163e-16 3.037974683544304
v -1.111761817710076 -0.1094989816251772 3.037974683544304
v -1.095675603634488 -0.2179434281990719 3.037974683544304
v -1.069037434538689 -0.3242889604194122 3.037974683544304
v -1.032103850552974 -0.4275114126765359 3.037974683544304
v -0.9852305422810791 -0.526616696328074 3.037974683544304
v -0.9288689253052178 -0.6206503733160029 3.037974683544304
v -0.8635617928072614 -0.7087068479268931 3.037974683544304
v -0.7899380881736759 -0.7899380881736757 3.037974683544304
v -0.7087068479268936 -0.863561792807261 3.037974683544304
v -0.6206503733160033 -0.9288689253052175 3.037974683544304
v -0.5266166963280743 -0.985230542281079 3.037974683544304
v -0.4275114126765366 -1.032103850552974 3.037974683544304
v -0.3242889604194126 -1.069037434538688 3.037974683544304
v -0.2179434281990723 -1.095675603634488 3.037974683544304
v -0.1094989816251771 -1.111761817710076 3.037974683544304
v -2.052155014515245e-16 -1.117141157730286 3.037974683544304
v 0.1094989816251767 -1.111761817710076 3.037974683544304
v 0.2179434281990719 -1.095675603634488 3.037974683544304
v 0.3242889604194122 -1.069037434538689 3.037974683544304
v 0.4275114126765363 -1.032103850552974 3.037974683544304
v 0.526616696328074 -0.9852305422810791 3.037974683544304
v 0.6206503733160028 -0.9288689253052178 3.037974683544304
v 0.7087068479268934 -0.8635617928072612 3.037974683544304
v 0.7899380881736756 -0.7899380881736759 3.037974683544304
v 0.863561792807261 -0.7087068479268938 3.037974683544304
v 0.9288689253052175 -0.6206503733160033 3.037974683544304
v 0.9852305422810788 -0.5266166963280744 3.037974683544304
v 1.032103850552974 -0.4275114126765367 3.037974683544304
v 1.069037434538688 -0.3242889604194127 3.037974683544304
v 1.095675603634488 -0.2179434281990724 3.037974683544304
v 1.111761817710076 -0.1094989816251771 3.037974683544304
v 1.119786572413832 0 3.10126582278481
v 1.114394493998855 0.1097582776074442 3.10126582278481
v 1.098270187416672 0.218459523001551 3.10126582278481
v 1.071568938554112 0.3250568837670298 3.10126582278481
v 1.034547895034107 0.4285237690476643 3.10126582278481
v 0.9875635897435174 0.5278637361774491 3.10126582278481
v 0.9310685072265248 0.6221200869681742 3.10126582278481
v 0.8656067260111214 0.7103850812359626 3.10126582278481
v 0.7918086788354615 0.7918086788354614 3.10126582278481
v 0.7103850812359626 0.8656067260111214 3.10126582278481
v 0.6221200869681743 0.9310685072265248 3.10126582278481
v 0.5278637361774492 0.9875635897435173 3.10126582278481
v 0.4285237690476644 1.034547895034107 3.10126582278481
v 0.3250568837670298 1.071568938554112 3.10126582278481
v 0.2184595230015511 1.098270187416672 3.10126582278481
v 0.1097582776074444 1.114394493998855 3.10126582278481
v 6.856715208173925e-17 1.119786572413832 3.10126582278481
v -0.1097582776074443 1.114394493998855 3.10126582278481
v -0.2184595230015509 1.098270187416672 3.10126582278481
v -0.3250568837670296 1.071568938554112 3.10126582278481
v -0.4285237690476643 1.034547895034107 3.10126582278481
v -0.5278637361774491 0.9875635897435174 3.10126582278481
v -0.6221200869681739 0.9310685072265249 3.10126582278481
v -0.7103850812359624 0.8656067260111215 3.10126582278481
v -0.7918086788354614 0.7918086788354615 3.10126582278481
v -0.8656067260111214 0.7103850812359626 3.10126582278481
v -0.9310685072265249 0.6221200869681742 3.10126582278481
v -0.9875635897435173 0.5278637361774493 3.10126582278481
v -1.034547895034107 0.4285237690476644 3.10126582278481
v -1.071568938554112 0.3250568837670298 3.10126582278481
v -1.098270187416672 0.2184595230015514 3.10126582278481
v -1.114394493998855 0.1097582776074445 3.10126582278481
v -1.119786572413832 1.371343041634785e-16 3.10126582278481
v -1.114394493998855 -0.1097582776074442 3.10126582278481
v -1.098270187416672 -0.2184595230015511 3.10126582278481
v -1.071568938554112 -0.3250568837670295 3.10126582278481
v -1.034547895034107 -0.4285237690476642 3.10126582278481
v -0.9875635897435174 -0.5278637361774491 3.10126582278481
v -0.931068507226525 -0.6221200869681739 3.10126582278481
v -0.8656067260111215 -0.7103850812359623 3.10126582278481
v -0.7918086788354616 -0.7918086788354614 3.10126582278481
v -0.710385081235963 -0.8656067260111211 3.10126582278481
v -0.6221200869681742 -0.9310685072265248 3.10126582278481
v -0.5278637361774493 -0.9875635897435173 3.10126582278481
v -0.4285237690476649 -1.034547895034107 3.10126582278481
v -0.3250568837670299 -1.071568938554112 3.10126582278481
v -0.2184595230015514 -1.098270187416672 3.10126582278481
v -0.1097582776074441 -1.114394493998855 3.10126582278481
v -2.057014562452177e-16 -1.119786572413832 3.10126582278481
v 0.1097582776074437 -1.114394493998855 3.10126582278481
v 0.218459523001551 -1.098270187416672 3.10126582278481
v 0.3250568837670295 -1.071568938554112 3.10126582278481
v 0.4285237690476646 -1.034547895034107 3.10126582278481
v 0.527863736177449 -0.9875635897435174 3.10126582278481
v 0.6221200869681738 -0.931068507226525 3.10126582278481
v 0.7103850812359628 -0.8656067260111213 3.10126582278481
v 0.7918086788354612 -0.7918086788354616 3.10126582278481
v 0.8656067260111211 -0.7103850812359631 3.10126582278481
v 0.9310685072265248 -0.6221200869681742 3.10126582278481
v 0.9875635897435172 -0.5278637361774494 3.10126582278481
v 1.034547895034107 -0.428523769047665 3.10126582278481
v 1.071568938554112 -0.32505688376703 3.10126582278481
v 1.098270187416672 -0.2184595230015515 3.10126582278481
v 1.114394493998855 -0.1097582776074441 3.10126582278481
v 1.119407458062691 0 3.164556962025316
v 1.114017205186938 0.1097211179028875 3.164556962025316
v 1.097898357641484 0.218385561460706 3.164556962025316
v 1.07120614873965 0.3249468326799664 3.164556962025316
v 1.034197639044607 0.428378688266511 3.164556962025316
v 0.987229240735627 0.5276850229094375 3.164556962025316
v 0.9307532851639636 0.62190946231977 3.164556962025316
v 0.86531366665467 0.710144573637669 3.164556962025316
v 0.791540604506925 0.7915406045069248 3.164556962025316
v 0.710144573637669 0.86531366665467 3.164556962025316
v 0.6219094623197702 0.9307532851639636 3.164556962025316
v 0.5276850229094378 0.9872292407356269 3.164556962025316
v 0.4283786882665111 1.034197639044607 3.164556962025316
v 0.3249468326799664 1.07120614873965 3.164556962025316
v 0.2183855614607061 1.097898357641484 3.164556962025316
v 0.1097211179028877 1.114017205186938 3.164556962025316
v 6.85439380229075e-17 1.119407458062691 3.164556962025316
v -0.1097211179028876 1.114017205186938 3.164556962025316
v -0.218385561460706 1.097898357641484 3.164556962025316
v -0.3249468326799663 1.07120614873965 3.164556962025316
v -0.428378688266511 1.034197639044607 3.164556962025316
v -0.5276850229094375 0.987229240735627 3.164556962025316
v -0.6219094623197697 0.9307532851639638 3.164556962025316
v -0.7101445736376689 0.8653136666546701 3.164556962025316
v -0.7915406045069248 0.791540604506925 3.164556962025316
v -0.86531366665467 0.710144573637669 3.164556962025316
v -0.9307532851639638 0.62190946231977 3.164556962025316
v -0.9872292407356269 0.5276850229094378 3.164556962025316
v -1.034197639044607 0.4283786882665112 3.164556962025316
v -1.07120614873965 0.3249468326799665 3.164556962025316
v -1.097898357641484 0.2183855614607065 3.164556962025316
v -1.114017205186938 0.1097211179028878 3.164556962025316
v -1.119407458062691 1.37087876045815e-16 3.164556962025316
v -1.114017205186938 -0.1097211179028875 3.164556962025316
v -1.097898357641484 -0.2183855614607062 3.164556962025316
v -1.07120614873965 -0.3249468326799662 3.164556962025316
v -1.034197639044607 -0.4283786882665109 3.164556962025316
v -0.987229240735627 -0.5276850229094375 3.164556962025316
v -0.9307532851639639 -0.6219094623197697 3.164556962025316
v -0.8653136666546701 -0.7101445736376688 3.164556962025316
v -0.7915406045069251 -0.7915406045069248 3.164556962025316
v -0.7101445736376694 -0.8653136666546697 3.164556962025316
v -0.62190946231977 -0.9307532851639636 3.164556962025316
v -0.5276850229094379 -0.9872292407356269 3.164556962025316
v -0.4283786882665117 -1.034197639044607 3.164556962025316
v -0.3249468326799665 -1.07120614873965 3.164556962025316
v -0.2183855614607065 -1.097898357641484 3.164556962025316
v -0.1097211179028874 -1.114017205186938 3.164556962025316
v -2.056318140687225e-16 -1.119407458062691 3.164556962025316
v 0.109721117902887 -1.114017205186938 3.164556962025316
v 0.2183855614607061 -1.097898357641484 3.164556962025316
v 0.3249468326799662 -1.07120614873965 3.164556962025316
v 0.4283786882665113 -1.034197639044607 3.164556962025316
v 0.5276850229094374 -0.987229240735627 3.164556962025316
v 0.6219094623197696 -0.9307532851639639 3.164556962025316
v 0.7101445736376691 -0.8653136666546699 3.164556962025316
v 0.7915406045069246 -0.7915406045069251 3.164556962025316
v 0.8653136666546697 -0.7101445736376696 3.164556962025316
v 0.9307532851639636 -0.62190946231977 3.164556962025316
v 0.9872292407356268 -0.5276850229094379 3.164556962025316
v 1.034197639044607 -0.4283786882665117 3.164556962025316
v 1.07120614873965 -0.3249468326799666 3.164556962025316
v 1.097898357641484 -0.2183855614607066 3.164556962025316
v 1.114017205186938 -0.1097211179028874 3.164556962025316
v 1.116013387054964 0 3.227848101265823
v 1.110639477558808 0.1093884407686347 3.227848101265823
v 1.094569502756462 0.217723411054863 3.227848101265823
v 1.067958225290017 0.3239615858729097 3.227848101265823
v 1.031061926308678 0.4270798335235833 3.227848101265823
v 0.9842359373412044 0.5260850689118394 3.227848101265823
v 0.9279312182590417 0.6200238174991221 3.227848101265823
v 0.8626900142862417 0.7079913977843926 3.227848101265823
v 0.7891406338815325 0.7891406338815324 3.227848101265823
v 0.7079913977843926 0.8626900142862417 3.227848101265823
v 0.6200238174991222 0.9279312182590417 3.227848101265823
v 0.5260850689118395 0.9842359373412043 3.227848101265823
v 0.4270798335235833 1.031061926308678 3.227848101265823
v 0.3239615858729097 1.067958225290017 3.227848101265823
v 0.2177234110548631 1.094569502756462 3.227848101265823
v 0.1093884407686349 1.110639477558807 3.227848101265823
v 6.833611111312292e-17 1.116013387054964 3.227848101265823
v -0.1093884407686347 1.110639477558808 3.227848101265823
v -0.2177234110548629 1.094569502756462 3.227848101265823
v -0.3239615858729095 1.067958225290017 3.227848101265823
v -0.4270798335235832 1.031061926308678 3.227848101265823
v -0.5260850689118394 0.9842359373412044 3.227848101265823
v -0.6200238174991218 0.9279312182590418 3.227848101265823
v -0.7079913977843925 0.8626900142862418 3.227848101265823
v -0.7891406338815324 0.7891406338815325 3.227848101265823
v -0.8626900142862417 0.7079913977843926 3.227848101265823
v -0.9279312182590418 0.6200238174991221 3.227848101265823
v -0.9842359373412043 0.5260850689118396 3.227848101265823
v -1.031061926308678 0.4270798335235834 3.227848101265823
v -1.067958225290017 0.3239615858729097 3.227848101265823
v -1.094569502756462 0.2177234110548634 3.227848101265823
v -1.110639477558807 0.1093884407686349 3.227848101265823
v -1.116013387054964 1.366722222262458e-16 3.227848101265823
v -1.110639477558808 -0.1093884407686347 3.227848101265823
v -1.094569502756462 -0.2177234110548631 3.227848101265823
v -1.067958225290017 -0.3239615858729095 3.227848101265823
v -1.031061926308678 -0.4270798335235831 3.227848101265823
v -0.9842359373412044 -0.5260850689118394 3.227848101265823
v -0.9279312182590419 -0.6200238174991218 3.227848101265823
v -0.8626900142862418 -0.7079913977843922 3.227848101265823
v -0.7891406338815327 -0.7891406338815324 3.227848101265823
v -0.7079913977843929 -0.8626900142862414 3.227848101265823
v -0.6200238174991221 -0.9279312182590417 3.227848101265823
v -0.5260850689118396 -0.9842359373412043 3.227848101265823
v -0.4270798335235839 -1.031061926308678 3.227848101265823
v -0.3239615858729099 -1.067958225290017 3.227848101265823
v -0.2177234110548635 -1.094569502756462 3.227848101265823
v -0.1093884407686345 -1.110639477558808 3.227848101265823
v -2.050083333393687e-16 -1.116013387054964 3.227848101265823
v 0.1093884407686341 -1.110639477558808 3.227848101265823
v 0.217723411054863 -1.094569502756462 3.227848101265823
v 0.3239615858729094 -1.067958225290017 3.227848101265823
v 0.4270798335235835 -1.031061926308678 3.227848101265823
v 0.5260850689118393 -0.9842359373412044 3.227848101265823
v 0.6200238174991217 -0.9279312182590419 3.227848101265823
v 0.7079913977843927 -0.8626900142862416 3.227848101265823
v 0.7891406338815323 -0.7891406338815327 3.227848101265823
v 0.8626900142862414 -0.707991397784393 3.227848101265823
v 0.9279312182590417 -0.6200238174991221 3.227848101265823
v 0.9842359373412042 -0.5260850689118397 3.227848101265823
v 1.031061926308678 -0.4270798335235839 3.227848101265823
v 1.067958225290017 -0.3239615858729099 3.227848101265823
v 1.094569502756462 -0.2177234110548635 3.227848101265823
v 1.110639477558808 -0.1093884407686346 3.227848101265823
v 1.109690057362484 0 3.291139240506329
v 1.104346596427138 0.1087686460748168 3.291139240506329
v 1.088367674070941 0.2164897906289429 3.291139240506329
v 1.06190717605115 0.3221260201539545 3.291139240506329
v 1.025219931428475 0.4246600000128888 3.291139240506329
v 0.9786592584239207 0.5231042719289292 3.291139240506329
v 0.9226735617711739 0.6165107637484111 3.291139240506329
v 0.8578020143338955 0.7039799198939305 3.291139240506329
v 0.7846693645763015 0.7846693645763014 3.291139240506329
v 0.7039799198939305 0.8578020143338955 3.291139240506329
v 0.6165107637484112 0.9226735617711739 3.291139240506329
v 0.5231042719289294 0.9786592584239205 3.291139240506329
v 0.4246600000128889 1.025219931428475 3.291139240506329
v 0.3221260201539545 1.06190717605115 3.291139240506329
v 0.216489790628943 1.088367674070941 3.291139240506329
v 0.108768646074817 1.104346596427138 3.291139240506329
v 6.794891883973045e-17 1.109690057362484 3.291139240506329
v -0.1087686460748168 1.104346596427138 3.291139240506329
v -0.2164897906289428 1.088367674070941 3.291139240506329
v -0.3221260201539543 1.06190717605115 3.291139240506329
v -0.4246600000128887 1.025219931428475 3.291139240506329
v -0.5231042719289293 0.9786592584239207 3.291139240506329
v -0.6165107637484107 0.922673561771174 3.291139240506329
v -0.7039799198939304 0.8578020143338956 3.291139240506329
v -0.7846693645763014 0.7846693645763015 3.291139240506329
v -0.8578020143338955 0.7039799198939305 3.291139240506329
v -0.922673561771174 0.6165107637484111 3.291139240506329
v -0.9786592584239205 0.5231042719289294 3.291139240506329
v -1.025219931428475 0.4246600000128889 3.291139240506329
v -1.06190717605115 0.3221260201539546 3.291139240506329
v -1.088367674070941 0.2164897906289433 3.291139240506329
v -1.104346596427138 0.108768646074817 3.291139240506329
v -1.109690057362484 1.358978376794609e-16 3.291139240506329
v -1.104346596427138 -0.1087686460748167 3.291139240506329
v -1.088367674070941 -0.216489790628943 3.291139240506329
v -1.06190717605115 -0.3221260201539543 3.291139240506329
v -1.025219931428475 -0.4246600000128887 3.291139240506329
v -0.9786592584239207 -0.5231042719289292 3.291139240506329
v -0.9226735617711741 -0.6165107637484107 3.291139240506329
v -0.8578020143338956 -0.7039799198939303 3.291139240506329
v -0.7846693645763017 -0.7846693645763014 3.291139240506329
v -0.7039799198939308 -0.8578020143338951 3.291139240506329
v -0.6165107637484111 -0.9226735617711739 3.291139240506329
v -0.5231042719289295 -0.9786592584239205 3.291139240506329
v -0.4246600000128894 -1.025219931428475 3.291139240506329
v -0.3221260201539546 -1.06190717605115 3.291139240506329
v -0.2164897906289433 -1.088367674070941 3.291139240506329
v -0.1087686460748166 -1.104346596427138 3.291139240506329
v -2.038467565191913e-16 -1.109690057362484 3.291139240506329
v 0.1087686460748162 -1.104346596427138 3.291139240506329
v 0.2164897906289429 -1.088367674070941 3.291139240506329
v 0.3221260201539542 -1.06190717605115 3.291139240506329
v 0.4246600000128891 -1.025219931428475 3.291139240506329
v 0.5231042719289292 -0.9786592584239207 3.291139240506329
v 0.6165107637484106 -0.9226735617711741 3.291139240506329
v 0.7039799198939306 -0.8578020143338954 3.291139240506329
v 0.7846693645763013 -0.7846693645763017 3.291139240506329
v 0.8578020143338951 -0.7039799198939309 3.291139240506329
v 0.9226735617711739 -0.6165107637484111 3.291139240506329
v 0.9786592584239204 -0.5231042719289295 3.291139240506329
v 1.025219931428475 -0.4246600000128895 3.291139240506329
v 1.06190717605115 -0.3221260201539547 3.291139240506329
v 1.088367674070941 -0.2164897906289434 3.291139240506329
v 1.104346596427138 -0.1087686460748167 3.291139240506329
v 1.100597128735633 0 3.354430379746836
v 1.095297452736976 0.107877383213592 3.354430379746836
v 1.079449463517968 0.2147158482550608 3.354430379746836
v 1.053205785878182 0.3194864823022112 3.354430379746836
v 1.016819160779541 0.4211802868757147 3.354430379746836
v 0.9706400113126988 0.5188178950460399 3.354430379746836
v 0.9151130679311114 0.6114590032723608 3.354430379746836
v 0.8507730854536584 0.6982114270396768 3.354430379746836
v 0.7782396930834098 0.7782396930834097 3.354430379746836
v 0.6982114270396768 0.8507730854536584 3.354430379746836
v 0.6114590032723609 0.9151130679311114 3.354430379746836
v 0.51881789504604 0.9706400113126987 3.354430379746836
v 0.4211802868757147 1.016819160779541 3.354430379746836
v 0.3194864823022112 1.053205785878182 3.354430379746836
v 0.2147158482550609 1.079449463517968 3.354430379746836
v 0.1078773832135922 1.095297452736976 3.354430379746836
v 6.739213754284303e-17 1.100597128735633 3.354430379746836
v -0.1078773832135921 1.095297452736976 3.354430379746836
v -0.2147158482550608 1.079449463517968 3.354430379746836
v -0.319486482302211 1.053205785878182 3.354430379746836
v -0.4211802868757146 1.016819160779541 3.354430379746836
v -0.5188178950460399 0.9706400113126988 3.354430379746836
v -0.6114590032723606 0.9151130679311115 3.354430379746836
v -0.6982114270396766 0.8507730854536585 3.354430379746836
v -0.7782396930834097 0.7782396930834098 3.354430379746836
v -0.8507730854536584 0.6982114270396768 3.354430379746836
v -0.9151130679311115 0.6114590032723608 3.354430379746836
v -0.9706400113126987 0.5188178950460401 3.354430379746836
v -1.016819160779541 0.4211802868757148 3.354430379746836
v -1.053205785878182 0.3194864823022112 3.354430379746836
v -1.079449463517968 0.2147158482550612 3.354430379746836
v -1.095297452736976 0.1078773832135923 3.354430379746836
v -1.100597128735633 1.347842750856861e-16 3.354430379746836
v -1.095297452736976 -0.107877383213592 3.354430379746836
v -1.079449463517968 -0.2147158482550609 3.354430379746836
v -1.053205785878182 -0.3194864823022109 3.354430379746836
v -1.016819160779541 -0.4211802868757145 3.354430379746836
v -0.9706400113126988 -0.5188178950460399 3.354430379746836
v -0.9151130679311116 -0.6114590032723606 3.354430379746836
v -0.8507730854536585 -0.6982114270396765 3.354430379746836
v -0.77823969308341 -0.7782396930834097 3.354430379746836
v -0.6982114270396772 -0.8507730854536579 3.354430379746836
v -0.6114590032723608 -0.9151130679311114 3.354430379746836
v -0.5188178950460401 -0.9706400113126987 3.354430379746836
v -0.4211802868757153 -1.016819160779541 3.354430379746836
v -0.3194864823022113 -1.053205785878182 3.354430379746836
v -0.2147158482550613 -1.079449463517968 3.354430379746836
v -0.1078773832135919 -1.095297452736976 3.354430379746836
v -2.021764126285291e-16 -1.100597128735633 3.354430379746836
v 0.1078773832135915 -1.095297452736976 3.354430379746836
v 0.2147158482550609 -1.079449463517968 3.354430379746836
v 0.3194864823022109 -1.053205785878182 3.354430379746836
v 0.4211802868757149 -1.016819160779541 3.354430379746836
v 0.5188178950460398 -0.9706400113126988 3.354430379746836
v 0.6114590032723604 -0.9151130679311116 3.354430379746836
v 0.6982114270396769 -0.8507730854536583 3.354430379746836
v 0.7782396930834096 -0.77823969308341 3.354430379746836
v 0.8507730854536579 -0.6982114270396773 3.354430379746836
v 0.9151130679311114 -0.6114590032723608 3.354430379746836
v 0.9706400113126986 -0.5188178950460403 3.354430379746836
v 1.016819160779541 -0.4211802868757153 3.354430379746836
v 1.053205785878182 -0.3194864823022114 3.354430379746836
v 1.079449463517968 -0.2147158482550613 3.354430379746836
v 1.095297452736976 -0.1078773832135919 3.354430379746836
v 1.088964191403834 0 3.417721518987342
v 1.083720531178035 0.1067371559626961 3.417721518987342
v 1.068040049815087 0.2124463747650067 3.417721518987342
v 1.042073758922338 0.3161096188433286 3.417721518987342
v 1.006071728075706 0.4167285544890938 3.417721518987342
v 0.9603806765129536 0.5133341663481286 3.417721518987342
v 0.9054406340379006 0.6049960895682308 3.417721518987342
v 0.8417807032928641 0.690831569721287 3.417721518987342
v 0.7700139642109767 0.7700139642109766 3.417721518987342
v 0.690831569721287 0.8417807032928641 3.417721518987342
v 0.6049960895682309 0.9054406340379006 3.417721518987342
v 0.5133341663481287 0.9603806765129534 3.417721518987342
v 0.4167285544890939 1.006071728075706 3.417721518987342
v 0.3161096188433286 1.042073758922338 3.417721518987342
v 0.2124463747650068 1.068040049815087 3.417721518987342
v 0.1067371559626963 1.083720531178034 3.417721518987342
v 6.667982556943957e-17 1.088964191403834 3.417721518987342
v -0.1067371559626961 1.083720531178035 3.417721518987342
v -0.2124463747650067 1.068040049815087 3.417721518987342
v -0.3161096188433284 1.042073758922339 3.417721518987342
v -0.4167285544890938 1.006071728075706 3.417721518987342
v -0.5133341663481286 0.9603806765129536 3.417721518987342
v -0.6049960895682306 0.9054406340379008 3.417721518987342
v -0.6908315697212869 0.8417807032928643 3.417721518987342
v -0.7700139642109766 0.7700139642109767 3.417721518987342
v -0.8417807032928641 0.690831569721287 3.417721518987342
v -0.9054406340379008 0.6049960895682308 3.417721518987342
v -0.9603806765129534 0.5133341663481288 3.417721518987342
v -1.006071728075706 0.416728554489094 3.417721518987342
v -1.042073758922338 0.3161096188433286 3.417721518987342
v -1.068040049815087 0.2124463747650071 3.417721518987342
v -1.083720531178034 0.1067371559626964 3.417721518987342
v -1.088964191403834 1.333596511388791e-16 3.417721518987342
v -1.083720531178035 -0.1067371559626961 3.417721518987342
v -1.068040049815087 -0.2124463747650069 3.417721518987342
v -1.042073758922339 -0.3161096188433283 3.417721518987342
v -1.006071728075706 -0.4167285544890937 3.417721518987342
v -0.9603806765129536 -0.5133341663481286 3.417721518987342
v -0.9054406340379009 -0.6049960895682306 3.417721518987342
v -0.8417807032928643 -0.6908315697212868 3.417721518987342
v -0.7700139642109768 -0.7700139642109766 3.417721518987342
v -0.6908315697212873 -0.8417807032928638 3.417721518987342
v -0.6049960895682308 -0.9054406340379006 3.417721518987342
v -0.5133341663481288 -0.9603806765129534 3.417721518987342
v -0.4167285544890945 -1.006071728075705 3.417721518987342
v -0.3161096188433287 -1.042073758922338 3.417721518987342
v -0.2124463747650072 -1.068040049815086 3.417721518987342
v -0.1067371559626959 -1.083720531178035 3.417721518987342
v -2.000394767083187e-16 -1.088964191403834 3.417721518987342
v 0.1067371559626955 -1.083720531178035 3.417721518987342
v 0.2124463747650068 -1.068040049815087 3.417721518987342
v 0.3161096188433282 -1.042073758922339 3.417721518987342
v 0.4167285544890941 -1.006071728075706 3.417721518987342
v 0.5133341663481285 -0.9603806765129536 3.417721518987342
v 0.6049960895682305 -0.9054406340379009 3.417721518987342
v 0.6908315697212871 -0.841780703292864 3.417721518987342
v 0.7700139642109765 -0.7700139642109768 3.417721518987342
v 0.8417807032928638 -0.6908315697212875 3.417721518987342
v 0.9054406340379006 -0.6049960895682308 3.417721518987342
v 0.9603806765129533 -0.5133341663481289 3.417721518987342
v 1.006071728075705 -0.4167285544890945 3.417721518987342
v 1.042073758922338 -0.3161096188433287 3.417721518987342
v 1.068040049815086 -0.2124463747650072 3.417721518987342
v 1.083720531178035 -0.106737155962696 3.417721518987342
v 1.075084969079267 0 3.481012658227848
v 1.069908141102538 0.1053767542804438 3.481012658227848
v 1.054427512855707 0.2097386728123735 3.481012658227848
v 1.028792171251365 0.3120806932702986 3.481012658227848
v 0.9932489986428643 0.4114172060513703 3.481012658227848
v 0.9481402952122994 0.5067915462346451 3.481012658227848
v 0.893900482432632 0.5972852067872402 3.481012658227848
v 0.8310519193514283 0.6820266842891675 3.481012658227848
v 0.7601998719876795 0.7601998719876794 3.481012658227848
v 0.6820266842891675 0.8310519193514283 3.481012658227848
v 0.5972852067872403 0.893900482432632 3.481012658227848
v 0.5067915462346452 0.9481402952122993 3.481012658227848
v 0.4114172060513704 0.9932489986428643 3.481012658227848
v 0.3120806932702986 1.028792171251365 3.481012658227848
v 0.2097386728123736 1.054427512855707 3.481012658227848
v 0.105376754280444 1.069908141102538 3.481012658227848
v 6.582996830971778e-17 1.075084969079267 3.481012658227848
v -0.1053767542804439 1.069908141102538 3.481012658227848
v -0.2097386728123734 1.054427512855707 3.481012658227848
v -0.3120806932702985 1.028792171251365 3.481012658227848
v -0.4114172060513702 0.9932489986428643 3.481012658227848
v -0.5067915462346451 0.9481402952122994 3.481012658227848
v -0.59728520678724 0.8939004824326321 3.481012658227848
v -0.6820266842891674 0.8310519193514284 3.481012658227848
v -0.7601998719876794 0.7601998719876795 3.481012658227848
v -0.8310519193514283 0.6820266842891675 3.481012658227848
v -0.8939004824326321 0.5972852067872402 3.481012658227848
v -0.9481402952122993 0.5067915462346453 3.481012658227848
v -0.9932489986428643 0.4114172060513704 3.481012658227848
v -1.028792171251365 0.3120806932702987 3.481012658227848
v -1.054427512855707 0.2097386728123739 3.481012658227848
v -1.069908141102538 0.1053767542804441 3.481012658227848
v -1.075084969079267 1.316599366194356e-16 3.481012658227848
v -1.069908141102538 -0.1053767542804438 3.481012658227848
v -1.054427512855707 -0.2097386728123736 3.481012658227848
v -1.028792171251365 -0.3120806932702984 3.481012658227848
v -0.9932489986428644 -0.4114172060513702 3.481012658227848
v -0.9481402952122994 -0.5067915462346451 3.481012658227848
v -0.8939004824326322 -0.59728520678724 3.481012658227848
v -0.8310519193514284 -0.6820266842891672 3.481012658227848
v -0.7601998719876796 -0.7601998719876794 3.481012658227848
v -0.6820266842891678 -0.8310519193514279 3.481012658227848
v -0.5972852067872402 -0.893900482432632 3.481012658227848
v -0.5067915462346453 -0.9481402952122993 3.481012658227848
v -0.4114172060513709 -0.9932489986428641 3.481012658227848
v -0.3120806932702987 -1.028792171251365 3.481012658227848
v -0.2097386728123739 -1.054427512855707 3.481012658227848
v -0.1053767542804437 -1.069908141102538 3.481012658227848
v -1.974899049291533e-16 -1.075084969079267 3.481012658227848
v 0.1053767542804433 -1.069908141102538 3.481012658227848
v 0.2097386728123735 -1.054427512855707 3.481012658227848
v 0.3120806932702984 -1.028792171251365 3.481012658227848
v 0.4114172060513706 -0.9932489986428642 3.481012658227848
v 0.506791546234645 -0.9481402952122994 3.481012658227848
v 0.5972852067872398 -0.8939004824326322 3.481012658227848
v 0.6820266842891676 -0.8310519193514281 3.481012658227848
v 0.7601998719876792 -0.7601998719876796 3.481012658227848
v 0.8310519193514279 -0.6820266842891679 3.481012658227848
v 0.893900482432632 -0.5972852067872402 3.481012658227848
v 0.9481402952122991 -0.5067915462346454 3.481012658227848
v 0.9932489986428641 -0.4114172060513709 3.481012658227848
v 1.028792171251365 -0.3120806932702988 3.481012658227848
v 1.054427512855707 -0.209738672812374 3.481012658227848
v 1.069908141102538 -0.1053767542804437 3.481012658227848
v 1.059309902634007 0 3.544303797468355
v 1.054209035913976 0.1038305273789706 3.544303797468355
v 1.038955559888813 0.2066611100197418 3.544303797468355
v 1.01369637387104 0.3075014331985685 3.544303797468355
v 0.9786747376300828 0.4053803494783108 3.544303797468355
v 0.9342279286677161 0.4993552313891361 3.544303797468355
v 0.8807839940513444 0.5885210494463472 3.544303797468355
v 0.8188576280867503 0.6720190880790591 3.544303797468355
v 0.7490452155305676 0.7490452155305675 3.544303797468355
v 0.6720190880790591 0.8188576280867503 3.544303797468355
v 0.5885210494463473 0.8807839940513444 3.544303797468355
v 0.4993552313891362 0.934227928667716 3.544303797468355
v 0.4053803494783108 0.9786747376300828 3.544303797468355
v 0.3075014331985685 1.01369637387104 3.544303797468355
v 0.2066611100197419 1.038955559888813 3.544303797468355
v 0.1038305273789708 1.054209035913975 3.544303797468355
v 6.486402407829154e-17 1.059309902634007 3.544303797468355
v -0.1038305273789707 1.054209035913976 3.544303797468355
v -0.2066611100197418 1.038955559888813 3.544303797468355
v -0.3075014331985684 1.01369637387104 3.544303797468355
v -0.4053803494783107 0.9786747376300828 3.544303797468355
v -0.4993552313891361 0.9342279286677161 3.544303797468355
v -0.588521049446347 0.8807839940513447 3.544303797468355
v -0.672019088079059 0.8188576280867504 3.544303797468355
v -0.7490452155305675 0.7490452155305676 3.544303797468355
v -0.8188576280867503 0.6720190880790591 3.544303797468355
v -0.8807839940513447 0.5885210494463472 3.544303797468355
v -0.934227928667716 0.4993552313891363 3.544303797468355
v -0.9786747376300828 0.4053803494783109 3.544303797468355
v -1.01369637387104 0.3075014331985686 3.544303797468355
v -1.038955559888813 0.2066611100197422 3.544303797468355
v -1.054209035913975 0.1038305273789708 3.544303797468355
v -1.059309902634007 1.297280481565831e-16 3.544303797468355
v -1.054209035913976 -0.1038305273789706 3.544303797468355
v -1.038955559888813 -0.2066611100197419 3.544303797468355
v -1.01369637387104 -0.3075014331985683 3.544303797468355
v -0.9786747376300829 -0.4053803494783106 3.544303797468355
v -0.9342279286677161 -0.4993552313891361 3.544303797468355
v -0.8807839940513448 -0.588521049446347 3.544303797468355
v -0.8188576280867504 -0.6720190880790589 3.544303797468355
v -0.7490452155305677 -0.7490452155305675 3.544303797468355
v -0.6720190880790594 -0.81885762808675 3.544303797468355
v -0.5885210494463472 -0.8807839940513444 3.544303797468355
v -0.4993552313891363 -0.934227928667716 3.544303797468355
v -0.4053803494783113 -0.9786747376300825 3.544303797468355
v -0.3075014331985687 -1.01369637387104 3.544303797468355
v -0.2066611100197423 -1.038955559888813 3.544303797468355
v -0.1038305273789705 -1.054209035913976 3.544303797468355
v -1.945920722348746e-16 -1.059309902634007 3.544303797468355
v 0.1038305273789701 -1.054209035913976 3.544303797468355
v 0.2066611100197419 -1.038955559888813 3.544303797468355
v 0.3075014331985683 -1.01369637387104 3.544303797468355
v 0.405380349478311 -0.9786747376300827 3.544303797468355
v 0.499355231389136 -0.9342279286677161 3.544303797468355
v 0.5885210494463469 -0.8807839940513448 3.544303797468355
v 0.6720190880790592 -0.8188576280867502 3.544303797468355
v 0.7490452155305674 -0.7490452155305677 3.544303797468355
v 0.81885762808675 -0.6720190880790595 3.544303797468355
v 0.8807839940513444 -0.5885210494463472 3.544303797468355
v 0.9342279286677159 -0.4993552313891364 3.544303797468355
v 0.9786747376300825 -0.4053803494783114 3.544303797468355
v 1.01369637387104 -0.3075014331985687 3.544303797468355
v 1.038955559888813 -0.2066611100197423 3.544303797468355
v 1.054209035913976 -0.1038305273789705 3.544303797468355
v 1.042037301707659 0 3.607594936708861
v 1.03701960728217 0.1021375164301163 3.607594936708861
v 1.022014847145972 0.2032913927429646 3.607594936708861
v 0.9971675253416121 0.3024874618133186 3.607594936708861
v 0.9627169351609947 0.3987704112699436 3.607594936708861
v 0.9189948546201669 0.491212983675958 3.607594936708861
v 0.8664223512556576 0.5789249065248416 3.607594936708861
v 0.8055057270139206 0.6610614660513453 3.607594936708861
v 0.7368316422868181 0.736831642286818 3.607594936708861
v 0.6610614660513453 0.8055057270139206 3.607594936708861
v 0.5789249065248417 0.8664223512556576 3.607594936708861
v 0.4912129836759582 0.9189948546201668 3.607594936708861
v 0.3987704112699436 0.9627169351609947 3.607594936708861
v 0.3024874618133186 0.9971675253416121 3.607594936708861
v 0.2032913927429646 1.022014847145972 3.607594936708861
v 0.1021375164301165 1.03701960728217 3.607594936708861
v 6.380638230642147e-17 1.042037301707659 3.607594936708861
v -0.1021375164301163 1.03701960728217 3.607594936708861
v -0.2032913927429645 1.022014847145972 3.607594936708861
v -0.3024874618133184 0.9971675253416122 3.607594936708861
v -0.3987704112699435 0.9627169351609947 3.607594936708861
v -0.4912129836759581 0.9189948546201669 3.607594936708861
v -0.5789249065248414 0.8664223512556577 3.607594936708861
v -0.6610614660513452 0.8055057270139208 3.607594936708861
v -0.736831642286818 0.7368316422868181 3.607594936708861
v -0.8055057270139206 0.6610614660513453 3.607594936708861
v -0.8664223512556577 0.5789249065248416 3.607594936708861
v -0.9189948546201668 0.4912129836759582 3.607594936708861
v -0.9627169351609947 0.3987704112699437 3.607594936708861
v -0.9971675253416121 0.3024874618133186 3.607594936708861
v -1.022014847145972 0.203291392742965 3.607594936708861
v -1.03701960728217 0.1021375164301165 3.607594936708861
v -1.042037301707659 1.276127646128429e-16 3.607594936708861
v -1.03701960728217 -0.1021375164301163 3.607594936708861
v -1.022014847145972 -0.2032913927429647 3.607594936708861
v -0.9971675253416122 -0.3024874618133183 3.607594936708861
v -0.9627169351609948 -0.3987704112699434 3.607594936708861
v -0.9189948546201669 -0.491212983675958 3.607594936708861
v -0.8664223512556578 -0.5789249065248414 3.607594936708861
v -0.8055057270139208 -0.6610614660513451 3.607594936708861
v -0.7368316422868182 -0.736831642286818 3.607594936708861
v -0.6610614660513456 -0.8055057270139202 3.607594936708861
v -0.5789249065248416 -0.8664223512556576 3.607594936708861
v -0.4912129836759583 -0.9189948546201668 3.607594936708861
v -0.3987704112699441 -0.9627169351609944 3.607594936708861
v -0.3024874618133187 -0.9971675253416121 3.607594936708861
v -0.203291392742965 -1.022014847145972 3.607594936708861
v -0.1021375164301161 -1.03701960728217 3.607594936708861
v -1.914191469192644e-16 -1.042037301707659 3.607594936708861
v 0.1021375164301158 -1.03701960728217 3.607594936708861
v 0.2032913927429646 -1.022014847145972 3.607594936708861
v 0.3024874618133183 -0.9971675253416122 3.607594936708861
v 0.3987704112699438 -0.9627169351609945 3.607594936708861
v 0.4912129836759579 -0.9189948546201669 3.607594936708861
v 0.5789249065248412 -0.8664223512556578 3.607594936708861
v 0.6610614660513454 -0.8055057270139205 3.607594936708861
v 0.7368316422868179 -0.7368316422868182 3.607594936708861
v 0.8055057270139202 -0.6610614660513457 3.607594936708861
v 0.8664223512556576 -0.5789249065248416 3.607594936708861
v 0.9189948546201667 -0.4912129836759583 3.607594936708861
v 0.9627169351609944 -0.3987704112699442 3.607594936708861
v 0.9971675253416121 -0.3024874618133188 3.607594936708861
v 1.022014847145972 -0.2032913927429651 3.607594936708861
v 1.03701960728217 -0.1021375164301162 3.607594936708861
v 1.023703287661354 0 3.670886075949367
v 1.018773876524694 0.1003404688025355 3.670886075949367
v 1.00403311603865 0.1997146040388228 3.670886075949367
v 0.9796229677848224 0.2971653784631083 3.670886075949367
v 0.9457785148348393 0.391754287845674 3.670886075949367
v 0.9028256977718694 0.482570389281608 3.670886075949367
v 0.8511781757046272 0.5687390740689514 3.670886075949367
v 0.7913333425040279 0.6494304906686077 3.670886075949367
v 0.7238675366283066 0.7238675366283065 3.670886075949367
v 0.6494304906686077 0.7913333425040279 3.670886075949367
v 0.5687390740689515 0.8511781757046272 3.670886075949367
v 0.4825703892816082 0.9028256977718693 3.670886075949367
v 0.391754287845674 0.9457785148348393 3.670886075949367
v 0.2971653784631083 0.9796229677848224 3.670886075949367
v 0.1997146040388229 1.00403311603865 3.670886075949367
v 0.1003404688025357 1.018773876524694 3.670886075949367
v 6.268374772555499e-17 1.023703287661354 3.670886075949367
v -0.1003404688025356 1.018773876524694 3.670886075949367
v -0.1997146040388227 1.00403311603865 3.670886075949367
v -0.2971653784631081 0.9796229677848225 3.670886075949367
v -0.3917542878456739 0.9457785148348393 3.670886075949367
v -0.4825703892816081 0.9028256977718694 3.670886075949367
v -0.5687390740689512 0.8511781757046273 3.670886075949367
v -0.6494304906686076 0.791333342504028 3.670886075949367
v -0.7238675366283065 0.7238675366283066 3.670886075949367
v -0.7913333425040279 0.6494304906686077 3.670886075949367
v -0.8511781757046273 0.5687390740689514 3.670886075949367
v -0.9028256977718693 0.4825703892816082 3.670886075949367
v -0.9457785148348393 0.3917542878456741 3.670886075949367
v -0.9796229677848224 0.2971653784631083 3.670886075949367
v -1.00403311603865 0.1997146040388232 3.670886075949367
v -1.018773876524694 0.1003404688025357 3.670886075949367
v -1.023703287661354 1.2536749545111e-16 3.670886075949367
v -1.018773876524694 -0.1003404688025355 3.670886075949367
v -1.00403311603865 -0.1997146040388229 3.670886075949367
v -0.9796229677848225 -0.297165378463108 3.670886075949367
v -0.9457785148348394 -0.3917542878456738 3.670886075949367
v -0.9028256977718694 -0.482570389281608 3.670886075949367
v -0.8511781757046274 -0.5687390740689512 3.670886075949367
v -0.791333342504028 -0.6494304906686075 3.670886075949367
v -0.7238675366283067 -0.7238675366283065 3.670886075949367
v -0.649430490668608 -0.7913333425040275 3.670886075949367
v -0.5687390740689514 -0.8511781757046272 3.670886075949367
v -0.4825703892816083 -0.9028256977718693 3.670886075949367
v -0.3917542878456745 -0.9457785148348391 3.670886075949367
v -0.2971653784631084 -0.9796229677848224 3.670886075949367
v -0.1997146040388232 -1.00403311603865 3.670886075949367
v -0.1003404688025354 -1.018773876524694 3.670886075949367
v -1.88051243176665e-16 -1.023703287661354 3.670886075949367
v 0.100340468802535 -1.018773876524694 3.670886075949367
v 0.1997146040388229 -1.00403311603865 3.670886075949367
v 0.297165378463108 -0.9796229677848225 3.670886075949367
v 0.3917542878456742 -0.9457785148348392 3.670886075949367
v 0.4825703892816079 -0.9028256977718694 3.670886075949367
v 0.5687390740689511 -0.8511781757046274 3.670886075949367
v 0.6494304906686078 -0.7913333425040278 3.670886075949367
v 0.7238675366283064 -0.7238675366283067 3.670886075949367
v 0.7913333425040275 -0.6494304906686081 3.670886075949367
v 0.8511781757046272 -0.5687390740689514 3.670886075949367
v 0.9028256977718692 -0.4825703892816083 3.670886075949367
v 0.9457785148348391 -0.3917542878456746 3.670886075949367
v 0.9796229677848224 -0.2971653784631084 3.670886075949367
v 1.00403311603865 -0.1997146040388233 3.670886075949367
v 1.018773876524694 -0.1003404688025354 3.670886075949367
v 1.004770781811631 0 3.734177215189874
v 0.9999325358654175 0.09848475871987294 3.734177215189874
v 0.9854643929800935 0.196021055376028 3.734177215189874
v 0.9615056892807361 0.2916695621129031 3.734177215189874
v 0.9282871601811297 0.3845091315238297 3.734177215189874
v 0.8861287182755987 0.4736456678041093 3.734177215189874
v 0.835436372405842 0.5582207373823757 3.734177215189874
v 0.7766983175738406 0.6374198361051542 3.734177215189874
v 0.7104802333571133 0.7104802333571132 3.734177215189874
v 0.6374198361051542 0.7766983175738406 3.734177215189874
v 0.5582207373823758 0.835436372405842 3.734177215189874
v 0.4736456678041094 0.8861287182755986 3.734177215189874
v 0.3845091315238297 0.9282871601811297 3.734177215189874
v 0.2916695621129031 0.9615056892807361 3.734177215189874
v 0.1960210553760281 0.9854643929800935 3.734177215189874
v 0.09848475871987311 0.9999325358654174 3.734177215189874
v 6.152446609111987e-17 1.004770781811631 3.734177215189874
v -0.09848475871987299 0.9999325358654175 3.734177215189874
v -0.196021055376028 0.9854643929800935 3.734177215189874
v -0.2916695621129029 0.9615056892807362 3.734177215189874
v -0.3845091315238296 0.9282871601811297 3.734177215189874
v -0.4736456678041093 0.8861287182755987 3.734177215189874
v -0.5582207373823754 0.8354363724058421 3.734177215189874
v -0.6374198361051541 0.7766983175738407 3.734177215189874
v -0.7104802333571132 0.7104802333571133 3.734177215189874
v -0.7766983175738406 0.6374198361051542 3.734177215189874
v -0.8354363724058421 0.5582207373823757 3.734177215189874
v -0.8861287182755986 0.4736456678041095 3.734177215189874
v -0.9282871601811297 0.3845091315238298 3.734177215189874
v -0.9615056892807361 0.2916695621129031 3.734177215189874
v -0.9854643929800935 0.1960210553760284 3.734177215189874
v -0.9999325358654174 0.09848475871987317 3.734177215189874
v -1.004770781811631 1.230489321822397e-16 3.734177215189874
v -0.9999325358654175 -0.09848475871987293 3.734177215189874
v -0.9854643929800935 -0.1960210553760281 3.734177215189874
v -0.9615056892807362 -0.2916695621129028 3.734177215189874
v -0.9282871601811298 -0.3845091315238295 3.734177215189874
v -0.8861287182755987 -0.4736456678041093 3.734177215189874
v -0.8354363724058422 -0.5582207373823754 3.734177215189874
v -0.7766983175738407 -0.637419836105154 3.734177215189874
v -0.7104802333571134 -0.7104802333571132 3.734177215189874
v -0.6374198361051545 -0.7766983175738402 3.734177215189874
v -0.5582207373823757 -0.835436372405842 3.734177215189874
v -0.4736456678041095 -0.8861287182755986 3.734177215189874
v -0.3845091315238302 -0.9282871601811294 3.734177215189874
v -0.2916695621129032 -0.9615056892807361 3.734177215189874
v -0.1960210553760284 -0.9854643929800934 3.734177215189874
v -0.09848475871987279 -0.9999325358654175 3.734177215189874
v -1.845733982733596e-16 -1.004770781811631 3.734177215189874
v 0.09848475871987243 -0.9999325358654175 3.734177215189874
v 0.1960210553760281 -0.9854643929800935 3.734177215189874
v 0.2916695621129028 -0.9615056892807362 3.734177215189874
v 0.3845091315238299 -0.9282871601811296 3.734177215189874
v 0.4736456678041092 -0.8861287182755987 3.734177215189874
v 0.5582207373823753 -0.8354363724058422 3.734177215189874
v 0.6374198361051543 -0.7766983175738404 3.734177215189874
v 0.7104802333571131 -0.7104802333571134 3.734177215189874
v 0.7766983175738402 -0.6374198361051546 3.734177215189874
v 0.835436372405842 -0.5582207373823757 3.734177215189874
v 0.8861287182755985 -0.4736456678041096 3.734177215189874
v 0.9282871601811294 -0.3845091315238303 3.734177215189874
v 0.9615056892807361 -0.2916695621129032 3.734177215189874
v 0.9854643929800934 -0.1960210553760285 3.734177215189874
v 0.9999325358654175 -0.09848475871987285 3.734177215189874
v 0.9857178169837715 0 3.79746835443038
v 0.9809713162709093 0.09661724159264647 3.79746835443038
v 0.9667775255288885 0.1923040063323989 3.79746835443038
v 0.9432731387216703 0.2861387783671073 3.79746835443038
v 0.9106845159430129 0.3772178775467731 3.79746835443038
v 0.8693255034450282 0.4646641623573958 3.79746835443038
v 0.8195944111272077 0.5476354772732475 3.79746835443038
v 0.7619701765943526 0.625332763174954 3.79746835443038
v 0.6970077527256251 0.697007752725625 3.79746835443038
v 0.625332763174954 0.7619701765943526 3.79746835443038
v 0.5476354772732476 0.8195944111272077 3.79746835443038
v 0.464664162357396 0.8693255034450281 3.79746835443038
v 0.3772178775467731 0.9106845159430129 3.79746835443038
v 0.2861387783671073 0.9432731387216703 3.79746835443038
v 0.192304006332399 0.9667775255288885 3.79746835443038
v 0.09661724159264663 0.9809713162709092 3.79746835443038
v 6.035780847158462e-17 0.9857178169837715 3.79746835443038
v -0.09661724159264651 0.9809713162709093 3.79746835443038
v -0.1923040063323989 0.9667775255288885 3.79746835443038
v -0.2861387783671071 0.9432731387216704 3.79746835443038
v -0.377217877546773 0.9106845159430129 3.79746835443038
v -0.4646641623573959 0.8693255034450282 3.79746835443038
v -0.5476354772732472 0.8195944111272078 3.79746835443038
v -0.6253327631749539 0.7619701765943527 3.79746835443038
v -0.697007752725625 0.6970077527256251 3.79746835443038
v -0.7619701765943526 0.625332763174954 3.79746835443038
v -0.8195944111272078 0.5476354772732475 3.79746835443038
v -0.8693255034450281 0.464664162357396 3.79746835443038
v -0.9106845159430129 0.3772178775467732 3.79746835443038
v -0.9432731387216703 0.2861387783671073 3.79746835443038
v -0.9667775255288885 0.1923040063323993 3.79746835443038
v -0.9809713162709092 0.09661724159264669 3.79746835443038
v -0.9857178169837715 1.207156169431692e-16 3.79746835443038
v -0.9809713162709093 -0.09661724159264645 3.79746835443038
v -0.9667775255288885 -0.1923040063323991 3.79746835443038
v -0.9432731387216704 -0.286138778367107 3.79746835443038
v -0.910684515943013 -0.3772178775467729 3.79746835443038
v -0.8693255034450282 -0.4646641623573958 3.79746835443038
v -0.8195944111272079 -0.5476354772732472 3.79746835443038
v -0.7619701765943527 -0.6253327631749538 3.79746835443038
v -0.6970077527256252 -0.697007752725625 3.79746835443038
v -0.6253327631749543 -0.7619701765943523 3.79746835443038
v -0.5476354772732475 -0.8195944111272077 3.79746835443038
v -0.4646641623573961 -0.8693255034450281 3.79746835443038
v -0.3772178775467736 -0.9106845159430127 3.79746835443038
v -0.2861387783671074 -0.9432731387216703 3.79746835443038
v -0.1923040063323994 -0.9667775255288884 3.79746835443038
v -0.09661724159264631 -0.9809713162709093 3.79746835443038
v -1.810734254147538e-16 -0.9857178169837715 3.79746835443038
v 0.09661724159264595 -0.9809713162709093 3.79746835443038
v 0.192304006332399 -0.9667775255288885 3.79746835443038
v 0.286138778367107 -0.9432731387216704 3.79746835443038
v 0.3772178775467733 -0.9106845159430128 3.79746835443038
v 0.4646641623573958 -0.8693255034450282 3.79746835443038
v 0.5476354772732471 -0.8195944111272079 3.79746835443038
v 0.6253327631749541 -0.7619701765943525 3.79746835443038
v 0.6970077527256249 -0.6970077527256252 3.79746835443038
v 0.7619701765943523 -0.6253327631749545 3.79746835443038
v 0.8195944111272077 -0.5476354772732475 3.79746835443038
v 0.869325503445028 -0.4646641623573962 3.79746835443038
v 0.9106845159430127 -0.3772178775467737 3.79746835443038
v 0.9432731387216703 -0.2861387783671074 3.79746835443038
v 0.9667775255288884 -0.1923040063323994 3.79746835443038
v 0.9809713162709093 -0.09661724159264637 3.79746835443038
v 0.9670254675098769 0 3.860759493670886
v 0.9623689755688704 0.09478507095117455 3.860759493670886
v 0.9484443443087397 0.1886573098542988 3.860759493670886
v 0.9253856755404979 0.2807126757329502 3.860759493670886
v 0.8934150368495336 0.3700646250911353 3.860759493670886
v 0.8528403229633699 0.4558526498117908 3.860759493670886
v 0.8040522905571249 0.5372505643203521 3.860759493670886
v 0.7475207950531226 0.6134744622034755 3.860759493670886
v 0.6837902656563254 0.6837902656563253 3.860759493670886
v 0.6134744622034755 0.7475207950531226 3.860759493670886
v 0.5372505643203522 0.8040522905571249 3.860759493670886
v 0.455852649811791 0.8528403229633698 3.860759493670886
v 0.3700646250911354 0.8934150368495336 3.860759493670886
v 0.2807126757329502 0.9253856755404979 3.860759493670886
v 0.1886573098542989 0.9484443443087397 3.860759493670886
v 0.09478507095117472 0.9623689755688702 3.860759493670886
v 5.921323217399718e-17 0.9670254675098769 3.860759493670886
v -0.0947850709511746 0.9623689755688704 3.860759493670886
v -0.1886573098542988 0.9484443443087397 3.860759493670886
v -0.28071267573295 0.925385675540498 3.860759493670886
v -0.3700646250911352 0.8934150368495336 3.860759493670886
v -0.4558526498117909 0.8528403229633699 3.860759493670886
v -0.5372505643203519 0.804052290557125 3.860759493670886
v -0.6134744622034753 0.7475207950531227 3.860759493670886
v -0.6837902656563253 0.6837902656563254 3.860759493670886
v -0.7475207950531226 0.6134744622034755 3.860759493670886
v -0.804052290557125 0.5372505643203521 3.860759493670886
v -0.8528403229633698 0.455852649811791 3.860759493670886
v -0.8934150368495336 0.3700646250911354 3.860759493670886
v -0.9253856755404979 0.2807126757329502 3.860759493670886
v -0.9484443443087397 0.1886573098542992 3.860759493670886
v -0.9623689755688702 0.09478507095117478 3.860759493670886
v -0.9670254675098769 1.184264643479944e-16 3.860759493670886
v -0.9623689755688704 -0.09478507095117454 3.860759493670886
v -0.9484443443087397 -0.188657309854299 3.860759493670886
v -0.925385675540498 -0.2807126757329499 3.860759493670886
v -0.8934150368495337 -0.3700646250911352 3.860759493670886
v -0.8528403229633699 -0.4558526498117908 3.860759493670886
v -0.8040522905571251 -0.5372505643203519 3.860759493670886
v -0.7475207950531227 -0.6134744622034752 3.860759493670886
v -0.6837902656563255 -0.6837902656563253 3.860759493670886
v -0.6134744622034758 -0.7475207950531223 3.860759493670886
v -0.5372505643203521 -0.8040522905571249 3.860759493670886
v -0.4558526498117911 -0.8528403229633698 3.860759493670886
v -0.3700646250911359 -0.8934150368495334 3.860759493670886
v -0.2807126757329503 -0.9253856755404979 3.860759493670886
v -0.1886573098542993 -0.9484443443087396 3.860759493670886
v -0.09478507095117442 -0.9623689755688704 3.860759493670886
v -1.776396965219915e-16 -0.9670254675098769 3.860759493670886
v 0.09478507095117406 -0.9623689755688704 3.860759493670886
v 0.1886573098542989 -0.9484443443087397 3.860759493670886
v 0.2807126757329499 -0.925385675540498 3.860759493670886
v 0.3700646250911355 -0.8934150368495335 3.860759493670886
v 0.4558526498117907 -0.8528403229633699 3.860759493670886
v 0.5372505643203518 -0.8040522905571251 3.860759493670886
v 0.6134744622034756 -0.7475207950531225 3.860759493670886
v 0.6837902656563252 -0.6837902656563255 3.860759493670886
v 0.7475207950531223 -0.6134744622034759 3.860759493670886
v 0.8040522905571249 -0.5372505643203521 3.860759493670886
v 0.8528403229633696 -0.4558526498117911 3.860759493670886
v 0.8934150368495334 -0.3700646250911359 3.860759493670886
v 0.9253856755404979 -0.2807126757329503 3.860759493670886
v 0.9484443443087396 -0.1886573098542993 3.860759493670886
v 0.9623689755688704 -0.09478507095117446 3.860759493670886
v 0.9491657024309765 0 3.924050632911393
v 0.9445952101403952 0.09303450785118299 3.924050632911393
v 0.9309277496078945 0.1851730425339238 3.924050632911393
v 0.9082949459497965 0.275528259591181 3.924050632911393
v 0.8769147654376777 0.3632299888895075 3.924050632911393
v 0.8370894163640213 0.4474336148331182 3.924050632911393
v 0.789202438611157 0.527328210473792 3.924050632911393
v 0.7337150099525299 0.6021443471806807 3.924050632911393
v 0.6711615046586362 0.6711615046586361 3.924050632911393
v 0.6021443471806807 0.7337150099525299 3.924050632911393
v 0.5273282104737921 0.789202438611157 3.924050632911393
v 0.4474336148331184 0.8370894163640212 3.924050632911393
v 0.3632299888895076 0.8769147654376777 3.924050632911393
v 0.275528259591181 0.9082949459497965 3.924050632911393
v 0.1851730425339239 0.9309277496078945 3.924050632911393
v 0.09303450785118314 0.944595210140395 3.924050632911393
v 5.811963696712723e-17 0.9491657024309765 3.924050632911393
v -0.09303450785118303 0.9445952101403952 3.924050632911393
v -0.1851730425339237 0.9309277496078945 3.924050632911393
v -0.2755282595911809 0.9082949459497967 3.924050632911393
v -0.3632299888895075 0.8769147654376777 3.924050632911393
v -0.4474336148331183 0.8370894163640213 3.924050632911393
v -0.5273282104737917 0.7892024386111571 3.924050632911393
v -0.6021443471806806 0.73371500995253 3.924050632911393
v -0.6711615046586361 0.6711615046586362 3.924050632911393
v -0.7337150099525299 0.6021443471806807 3.924050632911393
v -0.7892024386111571 0.527328210473792 3.924050632911393
v -0.8370894163640212 0.4474336148331184 3.924050632911393
v -0.8769147654376777 0.3632299888895076 3.924050632911393
v -0.9082949459497965 0.2755282595911811 3.924050632911393
v -0.9309277496078945 0.1851730425339241 3.924050632911393
v -0.944595210140395 0.0930345078511832 3.924050632911393
v -0.9491657024309765 1.162392739342545e-16 3.924050632911393
v -0.9445952101403952 -0.09303450785118297 3.924050632911393
v -0.9309277496078945 -0.1851730425339239 3.924050632911393
v -0.9082949459497967 -0.2755282595911808 3.924050632911393
v -0.8769147654376778 -0.3632299888895074 3.924050632911393
v -0.8370894163640213 -0.4474336148331182 3.924050632911393
v -0.7892024386111572 -0.5273282104737917 3.924050632911393
v -0.73371500995253 -0.6021443471806804 3.924050632911393
v -0.6711615046586363 -0.6711615046586361 3.924050632911393
v -0.602144347180681 -0.7337150099525296 3.924050632911393
v -0.527328210473792 -0.789202438611157 3.924050632911393
v -0.4474336148331185 -0.8370894163640212 3.924050632911393
v -0.3632299888895081 -0.8769147654376774 3.924050632911393
v -0.2755282595911812 -0.9082949459497965 3.924050632911393
v -0.1851730425339242 -0.9309277496078944 3.924050632911393
v -0.09303450785118285 -0.9445952101403952 3.924050632911393
v -1.743589109013817e-16 -0.9491657024309765 3.924050632911393
v 0.0930345078511825 -0.9445952101403952 3.924050632911393
v 0.1851730425339238 -0.9309277496078945 3.924050632911393
v 0.2755282595911808 -0.9082949459497967 3.924050632911393
v 0.3632299888895077 -0.8769147654376775 3.924050632911393
v 0.4474336148331182 -0.8370894163640213 3.924050632911393
v 0.5273282104737917 -0.7892024386111572 3.924050632911393
v 0.6021443471806808 -0.7337150099525298 3.924050632911393
v 0.671161504658636 -0.6711615046586363 3.924050632911393
v 0.7337150099525296 -0.6021443471806811 3.924050632911393
v 0.789202438611157 -0.527328210473792 3.924050632911393
v 0.8370894163640211 -0.4474336148331186 3.924050632911393
v 0.8769147654376774 -0.3632299888895081 3.924050632911393
v 0.9082949459497965 -0.2755282595911812 3.924050632911393
v 0.9309277496078944 -0.1851730425339242 3.924050632911393
v 0.9445952101403952 -0.09303450785118289 3.924050632911393
v 0.9325894686015075 0 3.987341772151899
v 0.9280987954075606 0.09140975281378431 3.987341772151899
v 0.9146700234634292 0.181939179738318 3.987341772151899
v 0.8924324791838488 0.2707164329038991 3.987341772151899
v 0.8616003222765101 0.35688653883196 3.987341772151899
v 0.822470483267002 0.4396196322970418 3.987341772151899
v 0.7754198038955321 0.5181189483825664 3.987341772151899
v 0.7209014079249653 0.5916284957625393 3.987341772151899
v 0.6594403373112848 0.6594403373112847 3.987341772151899
v 0.5916284957625393 0.7209014079249653 3.987341772151899
v 0.5181189483825666 0.7754198038955321 3.987341772151899
v 0.439619632297042 0.8224704832670019 3.987341772151899
v 0.3568865388319601 0.8616003222765101 3.987341772151899
v 0.2707164329038991 0.8924324791838488 3.987341772151899
v 0.1819391797383181 0.9146700234634292 3.987341772151899
v 0.09140975281378447 0.9280987954075605 3.987341772151899
v 5.710463538206836e-17 0.9325894686015075 3.987341772151899
v -0.09140975281378436 0.9280987954075606 3.987341772151899
v -0.181939179738318 0.9146700234634292 3.987341772151899
v -0.270716432903899 0.8924324791838489 3.987341772151899
v -0.35688653883196 0.8616003222765101 3.987341772151899
v -0.4396196322970419 0.822470483267002 3.987341772151899
v -0.5181189483825662 0.7754198038955322 3.987341772151899
v -0.5916284957625392 0.7209014079249654 3.987341772151899
v -0.6594403373112847 0.6594403373112848 3.987341772151899
v -0.7209014079249653 0.5916284957625393 3.987341772151899
v -0.7754198038955322 0.5181189483825664 3.987341772151899
v -0.8224704832670019 0.439619632297042 3.987341772151899
v -0.8616003222765101 0.3568865388319601 3.987341772151899
v -0.8924324791838488 0.2707164329038992 3.987341772151899
v -0.9146700234634292 0.1819391797383184 3.987341772151899
v -0.9280987954075605 0.09140975281378452 3.987341772151899
v -0.9325894686015075 1.142092707641367e-16 3.987341772151899
v -0.9280987954075606 -0.0914097528137843 3.987341772151899
v -0.9146700234634292 -0.1819391797383181 3.987341772151899
v -0.8924324791838489 -0.2707164329038989 3.987341772151899
v -0.8616003222765102 -0.3568865388319599 3.987341772151899
v -0.822470483267002 -0.4396196322970418 3.987341772151899
v -0.7754198038955323 -0.5181189483825662 3.987341772151899
v -0.7209014079249654 -0.5916284957625391 3.987341772151899
v -0.6594403373112849 -0.6594403373112847 3.987341772151899
v -0.5916284957625396 -0.7209014079249649 3.987341772151899
v -0.5181189483825664 -0.7754198038955321 3.987341772151899
v -0.4396196322970421 -0.8224704832670019 3.987341772151899
v -0.3568865388319605 -0.8616003222765098 3.987341772151899
v -0.2707164329038992 -0.8924324791838488 3.987341772151899
v -0.1819391797383184 -0.9146700234634291 3.987341772151899
v -0.09140975281378418 -0.9280987954075606 3.987341772151899
v -1.713139061462051e-16 -0.9325894686015075 3.987341772151899
v 0.09140975281378383 -0.9280987954075606 3.987341772151899
v 0.1819391797383181 -0.9146700234634292 3.987341772151899
v 0.2707164329038989 -0.8924324791838489 3.987341772151899
v 0.3568865388319602 -0.86160032227651 3.987341772151899
v 0.4396196322970418 -0.822470483267002 3.987341772151899
v 0.5181189483825662 -0.7754198038955323 3.987341772151899
v 0.5916284957625394 -0.7209014079249652 3.987341772151899
v 0.6594403373112846 -0.6594403373112849 3.987341772151899
v 0.7209014079249649 -0.5916284957625397 3.987341772151899
v 0.7754198038955321 -0.5181189483825664 3.987341772151899
v 0.8224704832670018 -0.4396196322970422 3.987341772151899
v 0.8616003222765098 -0.3568865388319606 3.987341772151899
v 0.8924324791838488 -0.2707164329038993 3.987341772151899
v 0.9146700234634291 -0.1819391797383185 3.987341772151899
v 0.9280987954075606 -0.09140975281378422 3.987341772151899
v 0.9177153045896304 0 4.050632911392405
v 0.9132962545609232 0.08995182979254725 4.050632911392405
v 0.9000816623422766 0.1790373742915202 4.050632911392405
v 0.8781987916805871 0.2663986910042814 4.050632911392405
v 0.8478583865827208 0.3511944426943336 4.050632911392405
v 0.8093526417355226 0.4326079999188283 4.050632911392405
v 0.7630523885112521 0.5098553056165162 4.050632911392405
v 0.7094035236587525 0.5821924260058559 4.050632911392405
v 0.6489227150740056 0.6489227150740055 4.050632911392405
v 0.5821924260058559 0.7094035236587525 4.050632911392405
v 0.5098553056165163 0.7630523885112521 4.050632911392405
v 0.4326079999188284 0.8093526417355225 4.050632911392405
v 0.3511944426943336 0.8478583865827208 4.050632911392405
v 0.2663986910042814 0.8781987916805871 4.050632911392405
v 0.1790373742915203 0.9000816623422766 4.050632911392405
v 0.0899518297925474 0.9132962545609231 4.050632911392405
v 5.619385551471146e-17 0.9177153045896304 4.050632911392405
v -0.08995182979254729 0.9132962545609232 4.050632911392405
v -0.1790373742915201 0.9000816623422766 4.050632911392405
v -0.2663986910042813 0.8781987916805872 4.050632911392405
v -0.3511944426943335 0.8478583865827208 4.050632911392405
v -0.4326079999188283 0.8093526417355226 4.050632911392405
v -0.5098553056165159 0.7630523885112522 4.050632911392405
v -0.5821924260058557 0.7094035236587525 4.050632911392405
v -0.6489227150740055 0.6489227150740056 4.050632911392405
v -0.7094035236587525 0.5821924260058559 4.050632911392405
v -0.7630523885112522 0.5098553056165162 4.050632911392405
v -0.8093526417355225 0.4326079999188284 4.050632911392405
v -0.8478583865827208 0.3511944426943337 4.050632911392405
v -0.8781987916805871 0.2663986910042815 4.050632911392405
v -0.9000816623422766 0.1790373742915205 4.050632911392405
v -0.9132962545609231 0.08995182979254746 4.050632911392405
v -0.9177153045896304 1.123877110294229e-16 4.050632911392405
v -0.9132962545609232 -0.08995182979254723 4.050632911392405
v -0.9000816623422766 -0.1790373742915203 4.050632911392405
v -0.8781987916805872 -0.2663986910042813 4.050632911392405
v -0.8478583865827209 -0.3511944426943335 4.050632911392405
v -0.8093526417355226 -0.4326079999188283 4.050632911392405
v -0.7630523885112523 -0.5098553056165159 4.050632911392405
v -0.7094035236587525 -0.5821924260058556 4.050632911392405
v -0.6489227150740057 -0.6489227150740055 4.050632911392405
v -0.5821924260058562 -0.7094035236587521 4.050632911392405
v -0.5098553056165162 -0.7630523885112521 4.050632911392405
v -0.4326079999188285 -0.8093526417355225 4.050632911392405
v -0.3511944426943341 -0.8478583865827206 4.050632911392405
v -0.2663986910042815 -0.8781987916805871 4.050632911392405
v -0.1790373742915206 -0.9000816623422765 4.050632911392405
v -0.08995182979254711 -0.9132962545609232 4.050632911392405
v -1.685815665441344e-16 -0.9177153045896304 4.050632911392405
v 0.08995182979254678 -0.9132962545609232 4.050632911392405
v 0.1790373742915203 -0.9000816623422766 4.050632911392405
v 0.2663986910042812 -0.8781987916805872 4.050632911392405
v 0.3511944426943338 -0.8478583865827207 4.050632911392405
v 0.4326079999188282 -0.8093526417355226 4.050632911392405
v 0.5098553056165158 -0.7630523885112523 4.050632911392405
v 0.582192426005856 -0.7094035236587524 4.050632911392405
v 0.6489227150740055 -0.6489227150740057 4.050632911392405
v 0.7094035236587521 -0.5821924260058563 4.050632911392405
v 0.7630523885112521 -0.5098553056165162 4.050632911392405
v 0.8093526417355223 -0.4326079999188285 4.050632911392405
v 0.8478583865827206 -0.3511944426943341 4.050632911392405
v 0.8781987916805871 -0.2663986910042816 4.050632911392405
v 0.9000816623422765 -0.1790373742915206 4.050632911392405
v 0.9132962545609232 -0.08995182979254716 4.050632911392405
v 0.904918772864611 0 4.113924050632912
v 0.9005613416338077 0.08869755034672436 4.113924050632912
v 0.8875310123861647 0.1765408947965966 4.113924050632912
v 0.8659532743154392 0.2626840539225077 4.113924050632912
v 0.836035932834844 0.3462974220114344 4.113924050632912
v 0.7980671082973196 0.4265757566209638 4.113924050632912
v 0.752412461239033 0.5027459335042044 4.113924050632912
v 0.6995116708685245 0.5740743922189165 4.113924050632912
v 0.6398742007155757 0.6398742007155755 4.113924050632912
v 0.5740743922189165 0.6995116708685245 4.113924050632912
v 0.5027459335042045 0.752412461239033 4.113924050632912
v 0.4265757566209639 0.7980671082973195 4.113924050632912
v 0.3462974220114344 0.836035932834844 4.113924050632912
v 0.2626840539225077 0.8659532743154392 4.113924050632912
v 0.1765408947965967 0.8875310123861647 4.113924050632912
v 0.0886975503467245 0.9005613416338076 4.113924050632912
v 5.541029393384983e-17 0.904918772864611 4.113924050632912
v -0.08869755034672439 0.9005613416338077 4.113924050632912
v -0.1765408947965965 0.8875310123861647 4.113924050632912
v -0.2626840539225075 0.8659532743154393 4.113924050632912
v -0.3462974220114343 0.836035932834844 4.113924050632912
v -0.4265757566209638 0.7980671082973196 4.113924050632912
v -0.5027459335042042 0.7524124612390332 4.113924050632912
v -0.5740743922189164 0.6995116708685246 4.113924050632912
v -0.6398742007155755 0.6398742007155757 4.113924050632912
v -0.6995116708685245 0.5740743922189165 4.113924050632912
v -0.7524124612390332 0.5027459335042044 4.113924050632912
v -0.7980671082973195 0.426575756620964 4.113924050632912
v -0.836035932834844 0.3462974220114345 4.113924050632912
v -0.8659532743154392 0.2626840539225078 4.113924050632912
v -0.8875310123861647 0.1765408947965969 4.113924050632912
v -0.9005613416338076 0.08869755034672455 4.113924050632912
v -0.904918772864611 1.108205878676997e-16 4.113924050632912
v -0.9005613416338077 -0.08869755034672434 4.113924050632912
v -0.8875310123861647 -0.1765408947965967 4.113924050632912
v -0.8659532743154393 -0.2626840539225075 4.113924050632912
v -0.8360359328348441 -0.3462974220114343 4.113924050632912
v -0.7980671082973196 -0.4265757566209638 4.113924050632912
v -0.7524124612390333 -0.5027459335042042 4.113924050632912
v -0.6995116708685246 -0.5740743922189163 4.113924050632912
v -0.6398742007155758 -0.6398742007155755 4.113924050632912
v -0.5740743922189169 -0.6995116708685243 4.113924050632912
v -0.5027459335042044 -0.752412461239033 4.113924050632912
v -0.426575756620964 -0.7980671082973195 4.113924050632912
v -0.3462974220114349 -0.8360359328348439 4.113924050632912
v -0.2626840539225078 -0.8659532743154392 4.113924050632912
v -0.176540894796597 -0.8875310123861646 4.113924050632912
v -0.08869755034672422 -0.9005613416338077 4.113924050632912
v -1.662308818015495e-16 -0.904918772864611 4.113924050632912
v 0.08869755034672389 -0.9005613416338077 4.113924050632912
v 0.1765408947965966 -0.8875310123861647 4.113924050632912
v 0.2626840539225074 -0.8659532743154393 4.113924050632912
v 0.3462974220114346 -0.836035932834844 4.113924050632912
v 0.4265757566209637 -0.7980671082973196 4.113924050632912
v 0.502745933504204 -0.7524124612390333 4.113924050632912
v 0.5740743922189167 -0.6995116708685245 4.113924050632912
v 0.6398742007155754 -0.6398742007155758 4.113924050632912
v 0.6995116708685243 -0.5740743922189169 4.113924050632912
v 0.752412461239033 -0.5027459335042044 4.113924050632912
v 0.7980671082973194 -0.426575756620964 4.113924050632912
v 0.8360359328348439 -0.3462974220114349 4.113924050632912
v 0.8659532743154392 -0.2626840539225079 4.113924050632912
v 0.8875310123861646 -0.176540894796597 4.113924050632912
v 0.9005613416338077 -0.08869755034672426 4.113924050632912
v 0.894522977101308 0 4.177215189873418
v 0.8902156044685651 0.08767858417455524 4.177215189873418
v 0.8773349689234389 0.1745127756535199 4.177215189873418
v 0.8560051180275007 0.259666313704554 4.177215189873418
v 0.8264314699049609 0.3423191232065672 4.177215189873418
v 0.7888988349538402 0.4216752124214332 4.177215189873418
v 0.7437686729661431 0.4969703388295619 4.177215189873418
v 0.6914756120724673 0.5674793692031402 4.177215189873418
v 0.6325232630355138 0.6325232630355136 4.177215189873418
v 0.5674793692031402 0.6914756120724673 4.177215189873418
v 0.496970338829562 0.7437686729661431 4.177215189873418
v 0.4216752124214334 0.7888988349538402 4.177215189873418
v 0.3423191232065672 0.8264314699049609 4.177215189873418
v 0.259666313704554 0.8560051180275007 4.177215189873418
v 0.17451277565352 0.8773349689234389 4.177215189873418
v 0.08767858417455539 0.890215604468565 4.177215189873418
v 5.47737350335439e-17 0.894522977101308 4.177215189873418
v -0.08767858417455528 0.8902156044685651 4.177215189873418
v -0.1745127756535199 0.8773349689234389 4.177215189873418
v -0.2596663137045538 0.8560051180275008 4.177215189873418
v -0.3423191232065671 0.8264314699049609 4.177215189873418
v -0.4216752124214332 0.7888988349538402 4.177215189873418
v -0.4969703388295618 0.7437686729661432 4.177215189873418
v -0.5674793692031401 0.6914756120724674 4.177215189873418
v -0.6325232630355136 0.6325232630355138 4.177215189873418
v -0.6914756120724673 0.5674793692031402 4.177215189873418
v -0.7437686729661432 0.4969703388295619 4.177215189873418
v -0.7888988349538402 0.4216752124214334 4.177215189873418
v -0.8264314699049609 0.3423191232065673 4.177215189873418
v -0.8560051180275007 0.2596663137045541 4.177215189873418
v -0.8773349689234389 0.1745127756535202 4.177215189873418
v -0.890215604468565 0.08767858417455543 4.177215189873418
v -0.894522977101308 1.095474700670878e-16 4.177215189873418
v -0.8902156044685651 -0.08767858417455522 4.177215189873418
v -0.8773349689234389 -0.17451277565352 4.177215189873418
v -0.8560051180275008 -0.2596663137045538 4.177215189873418
v -0.826431469904961 -0.342319123206567 4.177215189873418
v -0.7888988349538402 -0.4216752124214332 4.177215189873418
v -0.7437686729661434 -0.4969703388295618 4.177215189873418
v -0.6914756120724674 -0.56747936920314 4.177215189873418
v -0.6325232630355138 -0.6325232630355136 4.177215189873418
v -0.5674793692031406 -0.691475612072467 4.177215189873418
v -0.4969703388295619 -0.7437686729661431 4.177215189873418
v -0.4216752124214335 -0.7888988349538402 4.177215189873418
v -0.3423191232065677 -0.8264314699049607 4.177215189873418
v -0.2596663137045541 -0.8560051180275007 4.177215189873418
v -0.1745127756535203 -0.8773349689234388 4.177215189873418
v -0.0876785841745551 -0.8902156044685651 4.177215189873418
v -1.643212051006317e-16 -0.894522977101308 4.177215189873418
v 0.08767858417455478 -0.8902156044685651 4.177215189873418
v 0.1745127756535199 -0.8773349689234389 4.177215189873418
v 0.2596663137045537 -0.8560051180275008 4.177215189873418
v 0.3423191232065674 -0.8264314699049607 4.177215189873418
v 0.4216752124214331 -0.7888988349538402 4.177215189873418
v 0.4969703388295617 -0.7437686729661434 4.177215189873418
v 0.5674793692031403 -0.6914756120724672 4.177215189873418
v 0.6325232630355135 -0.6325232630355138 4.177215189873418
v 0.691475612072467 -0.5674793692031407 4.177215189873418
v 0.7437686729661431 -0.4969703388295619 4.177215189873418
v 0.7888988349538401 -0.4216752124214335 4.177215189873418
v 0.8264314699049607 -0.3423191232065677 4.177215189873418
v 0.8560051180275007 -0.2596663137045541 4.177215189873418
v 0.8773349689234388 -0.1745127756535203 4.177215189873418
v 0.8902156044685651 -0.08767858417455515 4.177215189873418
v 0.8867904040333439 0 4.240506329113924
v 0.8825202658534503 0.08692065947504402 4.240506329113924
v 0.8697509750787371 0.1730042254836775 4.240506329113924
v 0.8486055069597692 0.2574216662271735 4.240506329113924
v 0.8192875039138208 0.3393599956039048 4.240506329113924
v 0.7820793143370752 0.4180301027099263 4.240506329113924
v 0.7373392734352219 0.492674351408352 4.240506329113924
v 0.6854982522595399 0.5625738767795191 4.240506329113924
v 0.6270555081831358 0.6270555081831357 4.240506329113924
v 0.5625738767795191 0.6854982522595399 4.240506329113924
v 0.4926743514083521 0.7373392734352219 4.240506329113924
v 0.4180301027099265 0.7820793143370751 4.240506329113924
v 0.3393599956039048 0.8192875039138208 4.240506329113924
v 0.2574216662271735 0.8486055069597692 4.240506329113924
v 0.1730042254836776 0.8697509750787371 4.240506329113924
v 0.08692065947504415 0.8825202658534503 4.240506329113924
v 5.430025149070113e-17 0.8867904040333439 4.240506329113924
v -0.08692065947504404 0.8825202658534503 4.240506329113924
v -0.1730042254836775 0.8697509750787371 4.240506329113924
v -0.2574216662271733 0.8486055069597693 4.240506329113924
v -0.3393599956039047 0.8192875039138208 4.240506329113924
v -0.4180301027099264 0.7820793143370752 4.240506329113924
v -0.4926743514083518 0.737339273435222 4.240506329113924
v -0.562573876779519 0.68549825225954 4.240506329113924
v -0.6270555081831357 0.6270555081831358 4.240506329113924
v -0.6854982522595399 0.5625738767795191 4.240506329113924
v -0.737339273435222 0.492674351408352 4.240506329113924
v -0.7820793143370751 0.4180301027099265 4.240506329113924
v -0.8192875039138208 0.3393599956039049 4.240506329113924
v -0.8486055069597692 0.2574216662271735 4.240506329113924
v -0.8697509750787371 0.1730042254836779 4.240506329113924
v -0.8825202658534503 0.08692065947504421 4.240506329113924
v -0.8867904040333439 1.086005029814023e-16 4.240506329113924
v -0.8825202658534503 -0.086920659475044 4.240506329113924
v -0.8697509750787371 -0.1730042254836776 4.240506329113924
v -0.8486055069597693 -0.2574216662271733 4.240506329113924
v -0.8192875039138209 -0.3393599956039047 4.240506329113924
v -0.7820793143370752 -0.4180301027099263 4.240506329113924
v -0.7373392734352221 -0.4926743514083518 4.240506329113924
v -0.68549825225954 -0.5625738767795189 4.240506329113924
v -0.6270555081831359 -0.6270555081831357 4.240506329113924
v -0.5625738767795194 -0.6854982522595395 4.240506329113924
v -0.492674351408352 -0.7373392734352219 4.240506329113924
v -0.4180301027099266 -0.7820793143370751 4.240506329113924
v -0.3393599956039053 -0.8192875039138207 4.240506329113924
v -0.2574216662271736 -0.8486055069597692 4.240506329113924
v -0.1730042254836779 -0.8697509750787371 4.240506329113924
v -0.08692065947504388 -0.8825202658534503 4.240506329113924
v -1.629007544721034e-16 -0.8867904040333439 4.240506329113924
v 0.08692065947504356 -0.8825202658534503 4.240506329113924
v 0.1730042254836776 -0.8697509750787371 4.240506329113924
v 0.2574216662271732 -0.8486055069597693 4.240506329113924
v 0.339359995603905 -0.8192875039138207 4.240506329113924
v 0.4180301027099262 -0.7820793143370752 4.240506329113924
v 0.4926743514083517 -0.7373392734352221 4.240506329113924
v 0.5625738767795192 -0.6854982522595398 4.240506329113924
v 0.6270555081831356 -0.6270555081831359 4.240506329113924
v 0.6854982522595395 -0.5625738767795195 4.240506329113924
v 0.7373392734352219 -0.492674351408352 4.240506329113924
v 0.782079314337075 -0.4180301027099266 4.240506329113924
v 0.8192875039138207 -0.3393599956039053 4.240506329113924
v 0.8486055069597692 -0.2574216662271736 4.240506329113924
v 0.8697509750787371 -0.1730042254836779 4.240506329113924
v 0.8825202658534503 -0.08692065947504392 4.240506329113924
v 0.8819162958425896 0 4.30379746835443
v 0.8776696278258639 0.08644291332852938 4.30379746835443
v 0.8649705215101525 0.1720533341472018 4.30379746835443
v 0.8439412762313137 0.256006787304117 4.30379746835443
v 0.8147844151171373 0.3374947551517481 4.30379746835443
v 0.7777807346789145 0.4157324640138679 4.30379746835443
v 0.7332866005875347 0.4899664419850519 4.30379746835443
v 0.6817305156772658 0.5594817752770176 4.30379746835443
v 0.6236089932292166 0.6236089932292165 4.30379746835443
v 0.5594817752770176 0.6817305156772658 4.30379746835443
v 0.489966441985052 0.7332866005875347 4.30379746835443
v 0.415732464013868 0.7777807346789144 4.30379746835443
v 0.3374947551517482 0.8147844151171373 4.30379746835443
v 0.256006787304117 0.8439412762313137 4.30379746835443
v 0.1720533341472019 0.8649705215101525 4.30379746835443
v 0.08644291332852953 0.8776696278258638 4.30379746835443
v 5.400179844097587e-17 0.8819162958425896 4.30379746835443
v -0.08644291332852942 0.8776696278258639 4.30379746835443
v -0.1720533341472018 0.8649705215101525 4.30379746835443
v -0.2560067873041169 0.8439412762313138 4.30379746835443
v -0.3374947551517481 0.8147844151171373 4.30379746835443
v -0.4157324640138679 0.7777807346789145 4.30379746835443
v -0.4899664419850517 0.7332866005875348 4.30379746835443
v -0.5594817752770175 0.6817305156772659 4.30379746835443
v -0.6236089932292165 0.6236089932292166 4.30379746835443
v -0.6817305156772658 0.5594817752770176 4.30379746835443
v -0.7332866005875348 0.4899664419850519 4.30379746835443
v -0.7777807346789144 0.4157324640138681 4.30379746835443
v -0.8147844151171373 0.3374947551517483 4.30379746835443
v -0.8439412762313137 0.2560067873041171 4.30379746835443
v -0.8649705215101525 0.1720533341472021 4.30379746835443
v -0.8776696278258638 0.08644291332852959 4.30379746835443
v -0.8819162958425896 1.080035968819517e-16 4.30379746835443
v -0.8776696278258639 -0.08644291332852938 4.30379746835443
v -0.8649705215101525 -0.1720533341472019 4.30379746835443
v -0.8439412762313138 -0.2560067873041169 4.30379746835443
v -0.8147844151171374 -0.337494755151748 4.30379746835443
v -0.7777807346789145 -0.4157324640138679 4.30379746835443
v -0.7332866005875349 -0.4899664419850517 4.30379746835443
v -0.6817305156772659 -0.5594817752770174 4.30379746835443
v -0.6236089932292166 -0.6236089932292165 4.30379746835443
v -0.5594817752770178 -0.6817305156772655 4.30379746835443
v -0.4899664419850519 -0.7332866005875347 4.30379746835443
v -0.4157324640138681 -0.7777807346789144 4.30379746835443
v -0.3374947551517486 -0.8147844151171371 4.30379746835443
v -0.2560067873041171 -0.8439412762313137 4.30379746835443
v -0.1720533341472022 -0.8649705215101524 4.30379746835443
v -0.08644291332852926 -0.8776696278258639 4.30379746835443
v -1.620053953229276e-16 -0.8819162958425896 4.30379746835443
v 0.08644291332852894 -0.8776696278258639 4.30379746835443
v 0.1720533341472019 -0.8649705215101525 4.30379746835443
v 0.2560067873041168 -0.8439412762313138 4.30379746835443
v 0.3374947551517483 -0.8147844151171372 4.30379746835443
v 0.4157324640138678 -0.7777807346789145 4.30379746835443
v 0.4899664419850516 -0.7332866005875349 4.30379746835443
v 0.5594817752770177 -0.6817305156772657 4.30379746835443
v 0.6236089932292164 -0.6236089932292166 4.30379746835443
v 0.6817305156772655 -0.5594817752770179 4.30379746835443
v 0.7332866005875347 -0.4899664419850519 4.30379746835443
v 0.7777807346789143 -0.4157324640138682 4.30379746835443
v 0.8147844151171371 -0.3374947551517486 4.30379746835443
v 0.8439412762313137 -0.2560067873041172 4.30379746835443
v 0.8649705215101524 -0.1720533341472023 4.30379746835443
v 0.8776696278258639 -0.0864429133285293 4.30379746835443
v 0.8800237204275921 0 4.367088607594937
v 0.8757861656787831 0.08625740849849331 4.367088607594937
v 0.86311431140107 0.1716841110000502 4.367088607594937
v 0.8421301944782875 0.2554574016605948 4.367088607594937
v 0.8130359034274871 0.3367704978959271 4.367088607594937
v 0.7761116321760454 0.414840310139041 4.367088607594937
v 0.7317129816409735 0.4889149834207346 4.367088607594937
v 0.6802675350976956 0.55828113814397 4.367088607594937
v 0.6222707403193649 0.6222707403193648 4.367088607594937
v 0.55828113814397 0.6802675350976956 4.367088607594937
v 0.4889149834207347 0.7317129816409735 4.367088607594937
v 0.4148403101390411 0.7761116321760453 4.367088607594937
v 0.3367704978959272 0.8130359034274871 4.367088607594937
v 0.2554574016605948 0.8421301944782875 4.367088607594937
v 0.1716841110000502 0.86311431140107 4.367088607594937
v 0.08625740849849345 0.875786165678783 4.367088607594937
v 5.38859116197698e-17 0.8800237204275921 4.367088607594937
v -0.08625740849849334 0.8757861656787831 4.367088607594937
v -0.1716841110000501 0.86311431140107 4.367088607594937
v -0.2554574016605946 0.8421301944782876 4.367088607594937
v -0.3367704978959271 0.8130359034274871 4.367088607594937
v -0.414840310139041 0.7761116321760454 4.367088607594937
v -0.4889149834207344 0.7317129816409735 4.367088607594937
v -0.5582811381439698 0.6802675350976957 4.367088607594937
v -0.6222707403193648 0.6222707403193649 4.367088607594937
v -0.6802675350976956 0.55828113814397 4.367088607594937
v -0.7317129816409735 0.4889149834207346 4.367088607594937
v -0.7761116321760453 0.4148403101390412 4.367088607594937
v -0.8130359034274871 0.3367704978959272 4.367088607594937
v -0.8421301944782875 0.2554574016605948 4.367088607594937
v -0.86311431140107 0.1716841110000505 4.367088607594937
v -0.875786165678783 0.0862574084984935 4.367088607594937
v -0.8800237204275921 1.077718232395396e-16 4.367088607594937
v -0.8757861656787831 -0.0862574084984933 4.367088607594937
v -0.86311431140107 -0.1716841110000503 4.367088607594937
v -0.8421301944782876 -0.2554574016605946 4.367088607594937
v -0.8130359034274872 -0.3367704978959271 4.367088607594937
v -0.7761116321760454 -0.414840310139041 4.367088607594937
v -0.7317129816409736 -0.4889149834207344 4.367088607594937
v -0.6802675350976957 -0.5582811381439697 4.367088607594937
v -0.622270740319365 -0.6222707403193648 4.367088607594937
v -0.5582811381439703 -0.6802675350976952 4.367088607594937
v -0.4889149834207346 -0.7317129816409735 4.367088607594937
v -0.4148403101390412 -0.7761116321760453 4.367088607594937
v -0.3367704978959276 -0.8130359034274869 4.367088607594937
v -0.2554574016605949 -0.8421301944782875 4.367088607594937
v -0.1716841110000505 -0.8631143114010699 4.367088607594937
v -0.08625740849849317 -0.8757861656787831 4.367088607594937
v -1.616577348593094e-16 -0.8800237204275921 4.367088607594937
v 0.08625740849849285 -0.8757861656787831 4.367088607594937
v 0.1716841110000502 -0.86311431140107 4.367088607594937
v 0.2554574016605946 -0.8421301944782876 4.367088607594937
v 0.3367704978959273 -0.813035903427487 4.367088607594937
v 0.4148403101390409 -0.7761116321760454 4.367088607594937
v 0.4889149834207343 -0.7317129816409736 4.367088607594937
v 0.5582811381439701 -0.6802675350976954 4.367088607594937
v 0.6222707403193647 -0.622270740319365 4.367088607594937
v 0.6802675350976952 -0.5582811381439704 4.367088607594937
v 0.7317129816409735 -0.4889149834207346 4.367088607594937
v 0.7761116321760452 -0.4148403101390413 4.367088607594937
v 0.8130359034274869 -0.3367704978959277 4.367088607594937
v 0.8421301944782875 -0.2554574016605949 4.367088607594937
v 0.8631143114010699 -0.1716841110000506 4.367088607594937
v 0.8757861656787831 -0.08625740849849323 4.367088607594937
v 0.8811604640232997 0 4.430379746835444
v 0.8769174355433738 0.08636882885503251 4.430379746835444
v 0.8642292127873327 0.1719058786741865 4.430379746835444
v 0.8432179902764053 0.2557873809083958 4.430379746835444
v 0.8140861175692746 0.3372055108368516 4.430379746835444
v 0.7771141505252117 0.4153761673606654 4.430379746835444
v 0.7326581493977838 0.4895465243250854 4.430379746835444
v 0.6811462497799706 0.5590022806469029 4.430379746835444
v 0.6230745394243601 0.62307453942436 4.430379746835444
v 0.5590022806469029 0.6811462497799706 4.430379746835444
v 0.4895465243250855 0.7326581493977838 4.430379746835444
v 0.4153761673606655 0.7771141505252116 4.430379746835444
v 0.3372055108368516 0.8140861175692746 4.430379746835444
v 0.2557873809083958 0.8432179902764053 4.430379746835444
v 0.1719058786741866 0.8642292127873327 4.430379746835444
v 0.08636882885503265 0.8769174355433736 4.430379746835444
v 5.395551709006653e-17 0.8811604640232997 4.430379746835444
v -0.08636882885503254 0.8769174355433738 4.430379746835444
v -0.1719058786741865 0.8642292127873327 4.430379746835444
v -0.2557873809083957 0.8432179902764054 4.430379746835444
v -0.3372055108368515 0.8140861175692746 4.430379746835444
v -0.4153761673606655 0.7771141505252117 4.430379746835444
v -0.4895465243250852 0.732658149397784 4.430379746835444
v -0.5590022806469028 0.6811462497799707 4.430379746835444
v -0.62307453942436 0.6230745394243601 4.430379746835444
v -0.6811462497799706 0.5590022806469029 4.430379746835444
v -0.732658149397784 0.4895465243250854 4.430379746835444
v -0.7771141505252116 0.4153761673606656 4.430379746835444
v -0.8140861175692746 0.3372055108368516 4.430379746835444
v -0.8432179902764053 0.2557873809083959 4.430379746835444
v -0.8642292127873327 0.1719058786741869 4.430379746835444
v -0.8769174355433736 0.08636882885503271 4.430379746835444
v -0.8811604640232997 1.079110341801331e-16 4.430379746835444
v -0.8769174355433738 -0.0863688288550325 4.430379746835444
v -0.8642292127873327 -0.1719058786741866 4.430379746835444
v -0.8432179902764054 -0.2557873809083956 4.430379746835444
v -0.8140861175692747 -0.3372055108368515 4.430379746835444
v -0.7771141505252117 -0.4153761673606654 4.430379746835444
v -0.7326581493977841 -0.4895465243250852 4.430379746835444
v -0.6811462497799707 -0.5590022806469027 4.430379746835444
v -0.6230745394243602 -0.62307453942436 4.430379746835444
v -0.5590022806469032 -0.6811462497799703 4.430379746835444
v -0.4895465243250854 -0.7326581493977838 4.430379746835444
v -0.4153761673606656 -0.7771141505252116 4.430379746835444
v -0.337205510836852 -0.8140861175692744 4.430379746835444
v -0.2557873809083959 -0.8432179902764053 4.430379746835444
v -0.1719058786741869 -0.8642292127873326 4.430379746835444
v -0.08636882885503237 -0.8769174355433738 4.430379746835444
v -1.618665512701996e-16 -0.8811604640232997 4.430379746835444
v 0.08636882885503205 -0.8769174355433738 4.430379746835444
v 0.1719058786741866 -0.8642292127873327 4.430379746835444
v 0.2557873809083956 -0.8432179902764054 4.430379746835444
v 0.3372055108368517 -0.8140861175692745 4.430379746835444
v 0.4153761673606653 -0.7771141505252117 4.430379746835444
v 0.4895465243250851 -0.7326581493977841 4.430379746835444
v 0.559002280646903 -0.6811462497799705 4.430379746835444
v 0.62307453942436 -0.6230745394243602 4.430379746835444
v 0.6811462497799703 -0.5590022806469033 4.430379746835444
v 0.7326581493977838 -0.4895465243250854 4.430379746835444
v 0.7771141505252115 -0.4153761673606657 4.430379746835444
v 0.8140861175692744 -0.3372055108368521 4.430379746835444
v 0.8432179902764053 -0.255787380908396 4.430379746835444
v 0.8642292127873326 -0.1719058786741869 4.430379746835444
v 0.8769174355433738 -0.08636882885503241 4.430379746835444
v 0.8852978246313088 0 4.493670886075949
v 0.8810348736291995 0.08677436111034173 4.493670886075949
v 0.8682870751713881 0.1727130376874999 4.493670886075949
v 0.8471771975256788 0.256988393297177 4.493670886075949
v 0.8179085403536327 0.3387888101952566 4.493670886075949
v 0.7807629768236921 0.4173265056503533 4.493670886075949
v 0.736098239018481 0.4918451187221631 4.493670886075949
v 0.6843444727792929 0.5616269944307871 4.493670886075949
v 0.6260000951664975 0.6260000951664974 4.493670886075949
v 0.5616269944307871 0.6843444727792929 4.493670886075949
v 0.4918451187221632 0.736098239018481 4.493670886075949
v 0.4173265056503535 0.780762976823692 4.493670886075949
v 0.3387888101952566 0.8179085403536327 4.493670886075949
v 0.256988393297177 0.8471771975256788 4.493670886075949
v 0.1727130376874999 0.8682870751713881 4.493670886075949
v 0.08677436111034187 0.8810348736291995 4.493670886075949
v 5.420885736134236e-17 0.8852978246313088 4.493670886075949
v -0.08677436111034177 0.8810348736291995 4.493670886075949
v -0.1727130376874998 0.8682870751713881 4.493670886075949
v -0.2569883932971769 0.8471771975256789 4.493670886075949
v -0.3387888101952565 0.8179085403536327 4.493670886075949
v -0.4173265056503533 0.7807629768236921 4.493670886075949
v -0.4918451187221629 0.7360982390184811 4.493670886075949
v -0.561626994430787 0.6843444727792929 4.493670886075949
v -0.6260000951664974 0.6260000951664975 4.493670886075949
v -0.6843444727792929 0.5616269944307871 4.493670886075949
v -0.7360982390184811 0.4918451187221631 4.493670886075949
v -0.780762976823692 0.4173265056503535 4.493670886075949
v -0.8179085403536327 0.3387888101952567 4.493670886075949
v -0.8471771975256788 0.2569883932971771 4.493670886075949
v -0.8682870751713881 0.1727130376875002 4.493670886075949
v -0.8810348736291995 0.08677436111034192 4.493670886075949
v -0.8852978246313088 1.084177147226847e-16 4.493670886075949
v -0.8810348736291995 -0.08677436111034172 4.493670886075949
v -0.8682870751713881 -0.1727130376875 4.493670886075949
v -0.8471771975256789 -0.2569883932971769 4.493670886075949
v -0.8179085403536328 -0.3387888101952565 4.493670886075949
v -0.7807629768236921 -0.4173265056503533 4.493670886075949
v -0.7360982390184811 -0.4918451187221629 4.493670886075949
v -0.6843444727792929 -0.5616269944307869 4.493670886075949
v -0.6260000951664976 -0.6260000951664974 4.493670886075949
v -0.5616269944307873 -0.6843444727792926 4.493670886075949
v -0.4918451187221631 -0.736098239018481 4.493670886075949
v -0.4173265056503535 -0.780762976823692 4.493670886075949
v -0.3387888101952571 -0.8179085403536325 4.493670886075949
v -0.2569883932971772 -0.8471771975256788 4.493670886075949
v -0.1727130376875002 -0.868287075171388 4.493670886075949
v -0.08677436111034159 -0.8810348736291995 4.493670886075949
v -1.626265720840271e-16 -0.8852978246313088 4.493670886075949
v 0.08677436111034127 -0.8810348736291995 4.493670886075949
v 0.1727130376874999 -0.8682870751713881 4.493670886075949
v 0.2569883932971768 -0.8471771975256789 4.493670886075949
v 0.3387888101952568 -0.8179085403536326 4.493670886075949
v 0.4173265056503532 -0.7807629768236921 4.493670886075949
v 0.4918451187221629 -0.7360982390184811 4.493670886075949
v 0.5616269944307871 -0.6843444727792928 4.493670886075949
v 0.6260000951664972 -0.6260000951664976 4.493670886075949
v 0.6843444727792926 -0.5616269944307875 4.493670886075949
v 0.736098239018481 -0.4918451187221631 4.493670886075949
v 0.780762976823692 -0.4173265056503536 4.493670886075949
v 0.8179085403536325 -0.3387888101952571 4.493670886075949
v 0.8471771975256788 -0.2569883932971772 4.493670886075949
v 0.868287075171388 -0.1727130376875003 4.493670886075949
v 0.8810348736291995 -0.08677436111034165 4.493670886075949
v 0.8923313367256946 0 4.556962025316456
v 0.8880345174403965 0.08746376585230681 4.556962025316456
v 0.8751854403030999 0.1740852078268979 4.556962025316456
v 0.853907848950657 0.2590301140854612 4.556962025316456
v 0.8244066582193064 0.3414804187451175 4.556962025316456
v 0.7869659807027823 0.4206420803000729 4.556962025316456
v 0.7419463905927253 0.4957527286753873 4.556962025316456
v 0.6897814511521063 0.5660890072675492 4.556962025316456
v 0.6309735392639952 0.6309735392639951 4.556962025316456
v 0.5660890072675492 0.6897814511521063 4.556962025316456
v 0.4957527286753874 0.7419463905927253 4.556962025316456
v 0.4206420803000731 0.7869659807027822 4.556962025316456
v 0.3414804187451176 0.8244066582193064 4.556962025316456
v 0.2590301140854612 0.853907848950657 4.556962025316456
v 0.174085207826898 0.8751854403030999 4.556962025316456
v 0.08746376585230696 0.8880345174403964 4.556962025316456
v 5.463953576500005e-17 0.8923313367256946 4.556962025316456
v -0.08746376585230685 0.8880345174403965 4.556962025316456
v -0.1740852078268979 0.8751854403030999 4.556962025316456
v -0.2590301140854611 0.853907848950657 4.556962025316456
v -0.3414804187451175 0.8244066582193064 4.556962025316456
v -0.420642080300073 0.7869659807027823 4.556962025316456
v -0.4957527286753871 0.7419463905927254 4.556962025316456
v -0.5660890072675492 0.6897814511521064 4.556962025316456
v -0.6309735392639951 0.6309735392639952 4.556962025316456
v -0.6897814511521063 0.5660890072675492 4.556962025316456
v -0.7419463905927254 0.4957527286753873 4.556962025316456
v -0.7869659807027822 0.4206420803000732 4.556962025316456
v -0.8244066582193064 0.3414804187451176 4.556962025316456
v -0.853907848950657 0.2590301140854613 4.556962025316456
v -0.8751854403030999 0.1740852078268983 4.556962025316456
v -0.8880345174403964 0.087463765852307 4.556962025316456
v -0.8923313367256946 1.092790715300001e-16 4.556962025316456
v -0.8880345174403965 -0.08746376585230679 4.556962025316456
v -0.8751854403030999 -0.174085207826898 4.556962025316456
v -0.853907848950657 -0.259030114085461 4.556962025316456
v -0.8244066582193065 -0.3414804187451174 4.556962025316456
v -0.7869659807027823 -0.4206420803000729 4.556962025316456
v -0.7419463905927255 -0.4957527286753871 4.556962025316456
v -0.6897814511521064 -0.5660890072675491 4.556962025316456
v -0.6309735392639954 -0.6309735392639951 4.556962025316456
v -0.5660890072675495 -0.6897814511521061 4.556962025316456
v -0.4957527286753873 -0.7419463905927253 4.556962025316456
v -0.4206420803000732 -0.7869659807027822 4.556962025316456
v -0.341480418745118 -0.8244066582193061 4.556962025316456
v -0.2590301140854613 -0.853907848950657 4.556962025316456
v -0.1740852078268983 -0.8751854403030997 4.556962025316456
v -0.08746376585230667 -0.8880345174403965 4.556962025316456
v -1.639186072950001e-16 -0.8923313367256946 4.556962025316456
v 0.08746376585230635 -0.8880345174403965 4.556962025316456
v 0.174085207826898 -0.8751854403030999 4.556962025316456
v 0.2590301140854609 -0.853907848950657 4.556962025316456
v 0.3414804187451177 -0.8244066582193063 4.556962025316456
v 0.4206420803000729 -0.7869659807027823 4.556962025316456
v 0.4957527286753869 -0.7419463905927255 4.556962025316456
v 0.5660890072675493 -0.6897814511521062 4.556962025316456
v 0.630973539263995 -0.6309735392639954 4.556962025316456
v 0.6897814511521061 -0.5660890072675496 4.556962025316456
v 0.7419463905927253 -0.4957527286753873 4.556962025316456
v 0.7869659807027821 -0.4206420803000733 4.556962025316456
v 0.8244066582193061 -0.3414804187451181 4.556962025316456
v 0.853907848950657 -0.2590301140854614 4.556962025316456
v 0.8751854403030997 -0.1740852078268983 4.556962025316456
v 0.8880345174403965 -0.08746376585230672 4.556962025316456
v 0.9020834089361008 0 4.620253164556963
v 0.8977396307575971 0.0884196360826582 4.620253164556963
v 0.8847501291804957 0.1759877427347506 4.620253164556963
v 0.8632400002057677 0.2618609912196212 4.620253164556963
v 0.8334163981340728 0.345212375211268 4.620253164556963
v 0.7955665405566003 0.4252391753173499 4.620253164556963
v 0.7500549422926581 0.5011706897057466 4.620253164556963
v 0.6973199049126986 0.5722756563845098 4.620253164556963
v 0.6378692956545944 0.6378692956545943 4.620253164556963
v 0.5722756563845098 0.6973199049126986 4.620253164556963
v 0.5011706897057467 0.7500549422926581 4.620253164556963
v 0.4252391753173501 0.7955665405566001 4.620253164556963
v 0.345212375211268 0.8334163981340728 4.620253164556963
v 0.2618609912196212 0.8632400002057677 4.620253164556963
v 0.1759877427347507 0.8847501291804957 4.620253164556963
v 0.08841963608265835 0.8977396307575971 4.620253164556963
v 5.523667796587644e-17 0.9020834089361008 4.620253164556963
v -0.08841963608265824 0.8977396307575971 4.620253164556963
v -0.1759877427347506 0.8847501291804957 4.620253164556963
v -0.261860991219621 0.8632400002057679 4.620253164556963
v -0.3452123752112679 0.8334163981340728 4.620253164556963
v -0.42523917531735 0.7955665405566003 4.620253164556963
v -0.5011706897057464 0.7500549422926582 4.620253164556963
v -0.5722756563845097 0.6973199049126987 4.620253164556963
v -0.6378692956545943 0.6378692956545944 4.620253164556963
v -0.6973199049126986 0.5722756563845098 4.620253164556963
v -0.7500549422926582 0.5011706897057466 4.620253164556963
v -0.7955665405566001 0.4252391753173501 4.620253164556963
v -0.8334163981340728 0.3452123752112681 4.620253164556963
v -0.8632400002057677 0.2618609912196213 4.620253164556963
v -0.8847501291804957 0.1759877427347509 4.620253164556963
v -0.8977396307575971 0.0884196360826584 4.620253164556963
v -0.9020834089361008 1.104733559317529e-16 4.620253164556963
v -0.8977396307575971 -0.08841963608265818 4.620253164556963
v -0.8847501291804957 -0.1759877427347507 4.620253164556963
v -0.8632400002057679 -0.261860991219621 4.620253164556963
v -0.8334163981340729 -0.3452123752112679 4.620253164556963
v -0.7955665405566003 -0.4252391753173499 4.620253164556963
v -0.7500549422926583 -0.5011706897057464 4.620253164556963
v -0.6973199049126987 -0.5722756563845096 4.620253164556963
v -0.6378692956545945 -0.6378692956545943 4.620253164556963
v -0.5722756563845102 -0.6973199049126982 4.620253164556963
v -0.5011706897057466 -0.7500549422926581 4.620253164556963
v -0.4252391753173502 -0.7955665405566001 4.620253164556963
v -0.3452123752112685 -0.8334163981340725 4.620253164556963
v -0.2618609912196213 -0.8632400002057677 4.620253164556963
v -0.175987742734751 -0.8847501291804956 4.620253164556963
v -0.08841963608265806 -0.8977396307575971 4.620253164556963
v -1.657100338976293e-16 -0.9020834089361008 4.620253164556963
v 0.08841963608265774 -0.8977396307575971 4.620253164556963
v 0.1759877427347507 -0.8847501291804957 4.620253164556963
v 0.2618609912196209 -0.8632400002057679 4.620253164556963
v 0.3452123752112682 -0.8334163981340726 4.620253164556963
v 0.4252391753173499 -0.7955665405566003 4.620253164556963
v 0.5011706897057463 -0.7500549422926583 4.620253164556963
v 0.5722756563845099 -0.6973199049126985 4.620253164556963
v 0.6378692956545942 -0.6378692956545945 4.620253164556963
v 0.6973199049126982 -0.5722756563845103 4.620253164556963
v 0.7500549422926581 -0.5011706897057466 4.620253164556963
v 0.7955665405566 -0.4252391753173502 4.620253164556963
v 0.8334163981340725 -0.3452123752112685 4.620253164556963
v 0.8632400002057677 -0.2618609912196214 4.620253164556963
v 0.8847501291804956 -0.175987742734751 4.620253164556963
v 0.8977396307575971 -0.08841963608265811 4.620253164556963
v 0.91430780810839 0 4.683544303797468
v 0.9099051661066035 0.08961783673177302 4.683544303797468
v 0.8967396399504503 0.1783726047057262 4.683544303797468
v 0.8749380208538227 0.2654095469879789 4.683544303797468
v 0.8447102703265986 0.3498904502451206 4.683544303797468
v 0.8063474981305244 0.4310017171968255 4.683544303797468
v 0.7602191587330729 0.5079622020024199 4.683544303797468
v 0.7067694932589569 0.5800307331223457 4.683544303797468
v 0.6465132512052513 0.6465132512052512 4.683544303797468
v 0.5800307331223457 0.7067694932589569 4.683544303797468
v 0.50796220200242 0.7602191587330729 4.683544303797468
v 0.4310017171968256 0.8063474981305244 4.683544303797468
v 0.3498904502451206 0.8447102703265986 4.683544303797468
v 0.2654095469879789 0.8749380208538227 4.683544303797468
v 0.1783726047057263 0.8967396399504503 4.683544303797468
v 0.08961783673177318 0.9099051661066034 4.683544303797468
v 5.598520653176862e-17 0.91430780810839 4.683544303797468
v -0.08961783673177307 0.9099051661066035 4.683544303797468
v -0.1783726047057261 0.8967396399504503 4.683544303797468
v -0.2654095469879787 0.8749380208538228 4.683544303797468
v -0.3498904502451205 0.8447102703265986 4.683544303797468
v -0.4310017171968255 0.8063474981305244 4.683544303797468
v -0.5079622020024197 0.760219158733073 4.683544303797468
v -0.5800307331223455 0.706769493258957 4.683544303797468
v -0.6465132512052512 0.6465132512052513 4.683544303797468
v -0.7067694932589569 0.5800307331223457 4.683544303797468
v -0.760219158733073 0.5079622020024199 4.683544303797468
v -0.8063474981305244 0.4310017171968257 4.683544303797468
v -0.8447102703265986 0.3498904502451207 4.683544303797468
v -0.8749380208538227 0.2654095469879789 4.683544303797468
v -0.8967396399504503 0.1783726047057265 4.683544303797468
v -0.9099051661066034 0.08961783673177323 4.683544303797468
v -0.91430780810839 1.119704130635372e-16 4.683544303797468
v -0.9099051661066035 -0.08961783673177301 4.683544303797468
v -0.8967396399504503 -0.1783726047057263 4.683544303797468
v -0.8749380208538228 -0.2654095469879786 4.683544303797468
v -0.8447102703265987 -0.3498904502451204 4.683544303797468
v -0.8063474981305244 -0.4310017171968255 4.683544303797468
v -0.7602191587330731 -0.5079622020024197 4.683544303797468
v -0.706769493258957 -0.5800307331223454 4.683544303797468
v -0.6465132512052514 -0.6465132512052512 4.683544303797468
v -0.580030733122346 -0.7067694932589565 4.683544303797468
v -0.5079622020024199 -0.7602191587330729 4.683544303797468
v -0.4310017171968257 -0.8063474981305244 4.683544303797468
v -0.3498904502451211 -0.8447102703265984 4.683544303797468
v -0.265409546987979 -0.8749380208538227 4.683544303797468
v -0.1783726047057266 -0.8967396399504501 4.683544303797468
v -0.08961783673177288 -0.9099051661066035 4.683544303797468
v -1.679556195953058e-16 -0.91430780810839 4.683544303797468
v 0.08961783673177255 -0.9099051661066035 4.683544303797468
v 0.1783726047057262 -0.8967396399504503 4.683544303797468
v 0.2654095469879786 -0.8749380208538228 4.683544303797468
v 0.3498904502451207 -0.8447102703265985 4.683544303797468
v 0.4310017171968254 -0.8063474981305244 4.683544303797468
v 0.5079622020024196 -0.7602191587330731 4.683544303797468
v 0.5800307331223458 -0.7067694932589568 4.683544303797468
v 0.646513251205251 -0.6465132512052514 4.683544303797468
v 0.7067694932589565 -0.5800307331223461 4.683544303797468
v 0.7602191587330729 -0.5079622020024199 4.683544303797468
v 0.8063474981305243 -0.4310017171968258 4.683544303797468
v 0.8447102703265984 -0.3498904502451211 4.683544303797468
v 0.8749380208538227 -0.265409546987979 4.683544303797468
v 0.8967396399504501 -0.1783726047057266 4.683544303797468
v 0.9099051661066035 -0.08961783673177294 4.683544303797468
v 0.9286958765233948 0 4.746835443037975
v 0.924223952039531 0.09102811405267787 4.746835443037975
v 0.9108512456653216 0.1811795776059996 4.746835443037975
v 0.8887065438734154 0.2695861827841436 4.746835443037975
v 0.8580031122475936 0.3553965256512783 4.746835443037975
v 0.8190366416186162 0.4377842056968879 4.746835443037975
v 0.7721824003998795 0.5159557845244461 4.746835443037975
v 0.7178916205474538 0.5891584270969118 4.746835443037975
v 0.6566871519496771 0.6566871519496771 4.746835443037975
v 0.5891584270969118 0.7178916205474538 4.746835443037975
v 0.5159557845244462 0.7721824003998795 4.746835443037975
v 0.4377842056968881 0.8190366416186161 4.746835443037975
v 0.3553965256512784 0.8580031122475936 4.746835443037975
v 0.2695861827841436 0.8887065438734154 4.746835443037975
v 0.1811795776059996 0.9108512456653216 4.746835443037975
v 0.09102811405267804 0.9242239520395309 4.746835443037975
v 5.686622162828605e-17 0.9286958765233948 4.746835443037975
v -0.09102811405267791 0.924223952039531 4.746835443037975
v -0.1811795776059995 0.9108512456653216 4.746835443037975
v -0.2695861827841435 0.8887065438734155 4.746835443037975
v -0.3553965256512783 0.8580031122475936 4.746835443037975
v -0.437784205696888 0.8190366416186162 4.746835443037975
v -0.5159557845244459 0.7721824003998796 4.746835443037975
v -0.5891584270969117 0.7178916205474539 4.746835443037975
v -0.6566871519496771 0.6566871519496771 4.746835443037975
v -0.7178916205474538 0.5891584270969118 4.746835443037975
v -0.7721824003998796 0.5159557845244461 4.746835443037975
v -0.8190366416186161 0.4377842056968881 4.746835443037975
v -0.8580031122475936 0.3553965256512784 4.746835443037975
v -0.8887065438734154 0.2695861827841437 4.746835443037975
v -0.9108512456653216 0.1811795776059999 4.746835443037975
v -0.9242239520395309 0.09102811405267808 4.746835443037975
v -0.9286958765233948 1.137324432565721e-16 4.746835443037975
v -0.924223952039531 -0.09102811405267787 4.746835443037975
v -0.9108512456653216 -0.1811795776059997 4.746835443037975
v -0.8887065438734155 -0.2695861827841435 4.746835443037975
v -0.8580031122475937 -0.3553965256512782 4.746835443037975
v -0.8190366416186162 -0.4377842056968879 4.746835443037975
v -0.7721824003998797 -0.5159557845244459 4.746835443037975
v -0.7178916205474539 -0.5891584270969116 4.746835443037975
v -0.6566871519496772 -0.6566871519496771 4.746835443037975
v -0.5891584270969121 -0.7178916205474535 4.746835443037975
v -0.5159557845244461 -0.7721824003998795 4.746835443037975
v -0.4377842056968882 -0.8190366416186161 4.746835443037975
v -0.3553965256512788 -0.8580031122475934 4.746835443037975
v -0.2695861827841438 -0.8887065438734154 4.746835443037975
v -0.181179577606 -0.9108512456653215 4.746835443037975
v -0.09102811405267773 -0.924223952039531 4.746835443037975
v -1.705986648848581e-16 -0.9286958765233948 4.746835443037975
v 0.0910281140526774 -0.924223952039531 4.746835443037975
v 0.1811795776059996 -0.9108512456653216 4.746835443037975
v 0.2695861827841434 -0.8887065438734155 4.746835443037975
v 0.3553965256512785 -0.8580031122475935 4.746835443037975
v 0.4377842056968879 -0.8190366416186162 4.746835443037975
v 0.5159557845244458 -0.7721824003998797 4.746835443037975
v 0.5891584270969119 -0.7178916205474537 4.746835443037975
v 0.656687151949677 -0.6566871519496772 4.746835443037975
v 0.7178916205474535 -0.5891584270969122 4.746835443037975
v 0.7721824003998795 -0.5159557845244461 4.746835443037975
v 0.819036641618616 -0.4377842056968883 4.746835443037975
v 0.8580031122475934 -0.3553965256512789 4.746835443037975
v 0.8887065438734154 -0.2695861827841438 4.746835443037975
v 0.9108512456653215 -0.181179577606 4.746835443037975
v 0.924223952039531 -0.09102811405267779 4.746835443037975
v 0.9448843252932428 0 4.810126582278482
v 0.9403344490037991 0.09261485950746998 4.810126582278482
v 0.9267286379313504 0.1843377872894508 4.810126582278482
v 0.9041979234742175 0.2742854414105494 4.810126582278482
v 0.8729592887291638 0.3615915767911902 4.810126582278482
v 0.8333135788255591 0.4454153876212691 4.810126582278482
v 0.7856426036223246 0.5249496047797365 4.810126582278482
v 0.7304054606702735 0.5994282702775307 4.810126582278482
v 0.6681341138517277 0.6681341138517276 4.810126582278482
v 0.5994282702775307 0.7304054606702735 4.810126582278482
v 0.5249496047797366 0.7856426036223246 4.810126582278482
v 0.4454153876212693 0.833313578825559 4.810126582278482
v 0.3615915767911903 0.8729592887291638 4.810126582278482
v 0.2742854414105494 0.9041979234742175 4.810126582278482
v 0.1843377872894509 0.9267286379313504 4.810126582278482
v 0.09261485950747013 0.940334449003799 4.810126582278482
v 5.785747822674382e-17 0.9448843252932428 4.810126582278482
v -0.09261485950747002 0.9403344490037991 4.810126582278482
v -0.1843377872894508 0.9267286379313504 4.810126582278482
v -0.2742854414105492 0.9041979234742176 4.810126582278482
v -0.3615915767911901 0.8729592887291638 4.810126582278482
v -0.4454153876212692 0.8333135788255591 4.810126582278482
v -0.5249496047797363 0.7856426036223247 4.810126582278482
v -0.5994282702775305 0.7304054606702736 4.810126582278482
v -0.6681341138517276 0.6681341138517277 4.810126582278482
v -0.7304054606702735 0.5994282702775307 4.810126582278482
v -0.7856426036223247 0.5249496047797365 4.810126582278482
v -0.833313578825559 0.4454153876212694 4.810126582278482
v -0.8729592887291638 0.3615915767911903 4.810126582278482
v -0.9041979234742175 0.2742854414105494 4.810126582278482
v -0.9267286379313504 0.1843377872894512 4.810126582278482
v -0.940334449003799 0.09261485950747018 4.810126582278482
v -0.9448843252932428 1.157149564534876e-16 4.810126582278482
v -0.9403344490037991 -0.09261485950746996 4.810126582278482
v -0.9267286379313504 -0.1843377872894509 4.810126582278482
v -0.9041979234742176 -0.2742854414105492 4.810126582278482
v -0.8729592887291638 -0.3615915767911901 4.810126582278482
v -0.8333135788255591 -0.4454153876212691 4.810126582278482
v -0.7856426036223249 -0.5249496047797363 4.810126582278482
v -0.7304054606702736 -0.5994282702775304 4.810126582278482
v -0.6681341138517278 -0.6681341138517276 4.810126582278482
v -0.599428270277531 -0.7304054606702732 4.810126582278482
v -0.5249496047797365 -0.7856426036223246 4.810126582278482
v -0.4454153876212694 -0.833313578825559 4.810126582278482
v -0.3615915767911907 -0.8729592887291636 4.810126582278482
v -0.2742854414105495 -0.9041979234742175 4.810126582278482
v -0.1843377872894512 -0.9267286379313503 4.810126582278482
v -0.09261485950746982 -0.9403344490037991 4.810126582278482
v -1.735724346802314e-16 -0.9448843252932428 4.810126582278482
v 0.09261485950746949 -0.9403344490037991 4.810126582278482
v 0.1843377872894509 -0.9267286379313504 4.810126582278482
v 0.2742854414105491 -0.9041979234742176 4.810126582278482
v 0.3615915767911904 -0.8729592887291637 4.810126582278482
v 0.4454153876212691 -0.8333135788255591 4.810126582278482
v 0.5249496047797362 -0.7856426036223249 4.810126582278482
v 0.5994282702775308 -0.7304054606702735 4.810126582278482
v 0.6681341138517275 -0.6681341138517278 4.810126582278482
v 0.7304054606702732 -0.5994282702775311 4.810126582278482
v 0.7856426036223246 -0.5249496047797365 4.810126582278482
v 0.8333135788255589 -0.4454153876212695 4.810126582278482
v 0.8729592887291636 -0.3615915767911907 4.810126582278482
v 0.9041979234742175 -0.2742854414105496 4.810126582278482
v 0.9267286379313503 -0.1843377872894513 4.810126582278482
v 0.9403344490037991 -0.09261485950746988 4.810126582278482
v 0.9624644071573327 0 4.873417721518988
v 0.9578298779685882 0.09433800885854764 4.873417721518988
v 0.9439709234519336 0.187767491121386 4.873417721518988
v 0.9210210129154393 0.2793886698005738 4.873417721518988
v 0.8892011665432693 0.3683191828601994 4.873417721518988
v 0.8488178268504849 0.453702580845135 4.873417721518988
v 0.8002599074741065 0.5347165749574726 4.873417721518988
v 0.7439950477221876 0.6105809561471564 4.873417721518988
v 0.6805651089516404 0.6805651089516402 4.873417721518988
v 0.6105809561471564 0.7439950477221876 4.873417721518988
v 0.5347165749574727 0.8002599074741065 4.873417721518988
v 0.4537025808451352 0.8488178268504848 4.873417721518988
v 0.3683191828601994 0.8892011665432693 4.873417721518988
v 0.2793886698005738 0.9210210129154393 4.873417721518988
v 0.1877674911213861 0.9439709234519336 4.873417721518988
v 0.09433800885854779 0.9578298779685881 4.873417721518988
v 5.893394777592413e-17 0.9624644071573327 4.873417721518988
v -0.09433800885854768 0.9578298779685882 4.873417721518988
v -0.187767491121386 0.9439709234519336 4.873417721518988
v -0.2793886698005736 0.9210210129154394 4.873417721518988
v -0.3683191828601993 0.8892011665432693 4.873417721518988
v -0.4537025808451351 0.8488178268504849 4.873417721518988
v -0.5347165749574724 0.8002599074741066 4.873417721518988
v -0.6105809561471562 0.7439950477221877 4.873417721518988
v -0.6805651089516402 0.6805651089516404 4.873417721518988
v -0.7439950477221876 0.6105809561471564 4.873417721518988
v -0.8002599074741066 0.5347165749574726 4.873417721518988
v -0.8488178268504848 0.4537025808451352 4.873417721518988
v -0.8892011665432693 0.3683191828601995 4.873417721518988
v -0.9210210129154393 0.2793886698005738 4.873417721518988
v -0.9439709234519336 0.1877674911213864 4.873417721518988
v -0.9578298779685881 0.09433800885854784 4.873417721518988
v -0.9624644071573327 1.178678955518483e-16 4.873417721518988
v -0.9578298779685882 -0.09433800885854762 4.873417721518988
v -0.9439709234519336 -0.1877674911213861 4.873417721518988
v -0.9210210129154394 -0.2793886698005735 4.873417721518988
v -0.8892011665432694 -0.3683191828601993 4.873417721518988
v -0.8488178268504849 -0.453702580845135 4.873417721518988
v -0.8002599074741067 -0.5347165749574724 4.873417721518988
v -0.7439950477221877 -0.6105809561471561 4.873417721518988
v -0.6805651089516405 -0.6805651089516402 4.873417721518988
v -0.6105809561471567 -0.7439950477221874 4.873417721518988
v -0.5347165749574726 -0.8002599074741065 4.873417721518988
v -0.4537025808451353 -0.8488178268504848 4.873417721518988
v -0.3683191828601999 -0.8892011665432691 4.873417721518988
v -0.2793886698005739 -0.9210210129154393 4.873417721518988
v -0.1877674911213864 -0.9439709234519335 4.873417721518988
v -0.09433800885854748 -0.9578298779685882 4.873417721518988
v -1.768018433277724e-16 -0.9624644071573327 4.873417721518988
v 0.09433800885854714 -0.9578298779685882 4.873417721518988
v 0.1877674911213861 -0.9439709234519336 4.873417721518988
v 0.2793886698005735 -0.9210210129154394 4.873417721518988
v 0.3683191828601996 -0.8892011665432692 4.873417721518988
v 0.453702580845135 -0.8488178268504849 4.873417721518988
v 0.5347165749574723 -0.8002599074741067 4.873417721518988
v 0.6105809561471565 -0.7439950477221875 4.873417721518988
v 0.6805651089516401 -0.6805651089516405 4.873417721518988
v 0.7439950477221874 -0.6105809561471568 4.873417721518988
v 0.8002599074741065 -0.5347165749574726 4.873417721518988
v 0.8488178268504847 -0.4537025808451353 4.873417721518988
v 0.8892011665432691 -0.3683191828601999 4.873417721518988
v 0.9210210129154393 -0.2793886698005739 4.873417721518988
v 0.9439709234519335 -0.1877674911213865 4.873417721518988
v 0.9578298779685882 -0.09433800885854754 4.873417721518988
v 0.9809922370711343 0 4.936708860759494
v 0.9762684913171837 0.09615405376321096 4.936708860759494
v 0.9621427463092047 0.1913820914255296 4.936708860759494
v 0.9387510406935418 0.2847670149273272 4.936708860759494
v 0.9063186493824809 0.3754094764058895 4.936708860759494
v 0.865157914033696 0.4624365394069682 4.936708860759494
v 0.8156652350293425 0.5450100857400308 4.936708860759494
v 0.7583172539236831 0.6223348870145984 4.936708860759494
v 0.6936662631243603 0.6936662631243602 4.936708860759494
v 0.6223348870145984 0.7583172539236831 4.936708860759494
v 0.545010085740031 0.8156652350293425 4.936708860759494
v 0.4624365394069683 0.8651579140336959 4.936708860759494
v 0.3754094764058896 0.9063186493824809 4.936708860759494
v 0.2847670149273272 0.9387510406935418 4.936708860759494
v 0.1913820914255297 0.9621427463092047 4.936708860759494
v 0.09615405376321111 0.9762684913171836 4.936708860759494
v 6.00684501558783e-17 0.9809922370711343 4.936708860759494
v -0.096154053763211 0.9762684913171837 4.936708860759494
v -0.1913820914255296 0.9621427463092047 4.936708860759494
v -0.284767014927327 0.9387510406935419 4.936708860759494
v -0.3754094764058895 0.9063186493824809 4.936708860759494
v -0.4624365394069682 0.865157914033696 4.936708860759494
v -0.5450100857400306 0.8156652350293426 4.936708860759494
v -0.6223348870145983 0.7583172539236832 4.936708860759494
v -0.6936662631243602 0.6936662631243603 4.936708860759494
v -0.7583172539236831 0.6223348870145984 4.936708860759494
v -0.8156652350293426 0.5450100857400308 4.936708860759494
v -0.8651579140336959 0.4624365394069684 4.936708860759494
v -0.9063186493824809 0.3754094764058896 4.936708860759494
v -0.9387510406935418 0.2847670149273273 4.936708860759494
v -0.9621427463092047 0.1913820914255299 4.936708860759494
v -0.9762684913171836 0.09615405376321116 4.936708860759494
v -0.9809922370711343 1.201369003117566e-16 4.936708860759494
v -0.9762684913171837 -0.09615405376321094 4.936708860759494
v -0.9621427463092047 -0.1913820914255297 4.936708860759494
v -0.9387510406935419 -0.284767014927327 4.936708860759494
v -0.906318649382481 -0.3754094764058894 4.936708860759494
v -0.865157914033696 -0.4624365394069682 4.936708860759494
v -0.8156652350293427 -0.5450100857400306 4.936708860759494
v -0.7583172539236832 -0.6223348870145982 4.936708860759494
v -0.6936662631243604 -0.6936662631243602 4.936708860759494
v -0.6223348870145987 -0.7583172539236828 4.936708860759494
v -0.5450100857400308 -0.8156652350293425 4.936708860759494
v -0.4624365394069684 -0.8651579140336959 4.936708860759494
v -0.3754094764058901 -0.9063186493824806 4.936708860759494
v -0.2847670149273273 -0.9387510406935418 4.936708860759494
v -0.19138209142553 -0.9621427463092046 4.936708860759494
v -0.0961540537632108 -0.9762684913171837 4.936708860759494
v -1.802053504676349e-16 -0.9809922370711343 4.936708860759494
v 0.09615405376321044 -0.9762684913171837 4.936708860759494
v 0.1913820914255297 -0.9621427463092047 4.936708860759494
v 0.2847670149273269 -0.9387510406935419 4.936708860759494
v 0.3754094764058897 -0.9063186493824807 4.936708860759494
v 0.4624365394069681 -0.865157914033696 4.936708860759494
v 0.5450100857400305 -0.8156652350293427 4.936708860759494
v 0.6223348870145985 -0.758317253923683 4.936708860759494
v 0.6936662631243601 -0.6936662631243604 4.936708860759494
v 0.7583172539236828 -0.6223348870145988 4.936708860759494
v 0.8156652350293425 -0.5450100857400308 4.936708860759494
v 0.8651579140336958 -0.4624365394069685 4.936708860759494
v 0.9063186493824806 -0.3754094764058901 4.936708860759494
v 0.9387510406935418 -0.2847670149273274 4.936708860759494
v 0.9621427463092046 -0.1913820914255301 4.936708860759494
v 0.9762684913171837 -0.09615405376321086 4.936708860759494
v 0.9999999999999999 0 5
v 0.9951847266721968 0.09801714032956059 5
v 0.9807852804032303 0.1950903220161282 5
v 0.9569403357322087 0.2902846772544623 5
v 0.9238795325112866 0.3826834323650897 5
v 0.8819212643483549 0.4713967368259976 5
v 0.8314696123025451 0.5555702330196021 5
v 0.7730104533627369 0.6343932841636454 5
v 0.7071067811865475 0.7071067811865474 5
v 0.6343932841636454 0.7730104533627369 5
v 0.5555702330196022 0.8314696123025451 5
v 0.4713967368259978 0.8819212643483548 5
v 0.3826834323650898 0.9238795325112866 5
v 0.2902846772544623 0.9569403357322087 5
v 0.1950903220161283 0.9807852804032303 5
v 0.09801714032956076 0.9951847266721967 5
v 6.123233995736765e-17 0.9999999999999999 5
v -0.09801714032956063 0.9951847266721968 5
v -0.1950903220161282 0.9807852804032303 5
v -0.2902846772544621 0.9569403357322088 5
v -0.3826834323650897 0.9238795325112866 5
v -0.4713967368259976 0.8819212643483549 5
v -0.5555702330196018 0.8314696123025452 5
v -0.6343932841636453 0.773010453362737 5
v -0.7071067811865474 0.7071067811865475 5
v -0.7730104533627369 0.6343932841636454 5
v -0.8314696123025452 0.5555702330196021 5
v -0.8819212643483548 0.4713967368259978 5
v -0.9238795325112866 0.3826834323650898 5
v -0.9569403357322087 0.2902846772544623 5
v -0.9807852804032303 0.1950903220161286 5
v -0.9951847266721967 0.09801714032956081 5
v -0.9999999999999999 1.224646799147353e-16 5
v -0.9951847266721968 -0.09801714032956058 5
v -0.9807852804032303 -0.1950903220161283 5
v -0.9569403357322088 -0.2902846772544621 5
v -0.9238795325112867 -0.3826834323650896 5
v -0.8819212643483549 -0.4713967368259976 5
v -0.8314696123025453 -0.5555702330196018 5
v -0.773010453362737 -0.6343932841636452 5
v -0.7071067811865476 -0.7071067811865474 5
v -0.6343932841636457 -0.7730104533627365 5
v -0.5555702330196021 -0.8314696123025451 5
v -0.4713967368259979 -0.8819212643483548 5
v -0.3826834323650903 -0.9238795325112864 5
v -0.2902846772544624 -0.9569403357322087 5
v -0.1950903220161286 -0.9807852804032302 5
v -0.09801714032956044 -0.9951847266721968 5
v -1.836970198721029e-16 -0.9999999999999999 5
v 0.09801714032956008 -0.9951847266721968 5
v 0.1950903220161283 -0.9807852804032303 5
v 0.290284677254462 -0.9569403357322088 5
v 0.3826834323650899 -0.9238795325112865 5
v 0.4713967368259975 -0.8819212643483549 5
v 0.5555702330196017 -0.8314696123025453 5
v 0.6343932841636455 -0.7730104533627368 5
v 0.7071067811865472 -0.7071067811865476 5
v 0.7730104533627365 -0.6343932841636458 5
v 0.8314696123025451 -0.5555702330196021 5
v 0.8819212643483547 -0.4713967368259979 5
v 0.9238795325112864 -0.3826834323650903 5
v 0.9569403357322087 -0.2902846772544624 5
v 0.9807852804032302 -0.1950903220161287 5
v 0.9951847266721968 -0.09801714032956049 5
f 1 2 65
f 2 66 65
f 2 3 66
f 3 67 66
f 3 4 67
f 4 68 67
f 4 5 68
f 5 69 68
f 5 6 69
f 6 70 69
f 6 7 70
f 7 71 70
f 7 8 71
f 8 72 71
f 8 9 72
f 9 73 72
f 9 10 73
f 10 74 73
f 10 11 74
f 11 75 74
f 11 12 75
f 12 76 75
f 12 13 76
f 13 77 76
f 13 14 77
f 14 78 77
f 14 15 78
f 15 79 78
f 15 16 79
f 16 80 79
f 16 17 80
f 17 81 80
f 17 18 81
f 18 82 81
f 18 19 82
f 19 83 82
f 19 20 83
f 20 84 83
f 20 21 84
f 21 85 84
f 21 22 85
f 22 86 85
f 22 23 86
f 23 87 86
f 23 24 87
f 24 88 87
f 24 25 88
f 25 89 88
f 25 26 89
f 26 90 89
f 26 27 90
f 27 91 90
f 27 28 91
f 28 92 91
f 28 29 92
f 29 93 92
f 29 30 93
f 30 94 93
f 30 31 94
f 31 95 94
f 31 32 95
f 32 96 95
f 32 33 96
f 33 97 96
f 33 34 97
f 34 98 97
f 34 35 98
f 35 99 98
f 35 36 99
f 36 100 99
f 36 37 100
f 37 101 100
f 37 38 101
f 38 102 101
f 38 39 102
f 39 103 102
f 39 40 103
f 40 104 103
f 40 41 104
f 41 105 104
f 41 42 105
f 42 106 105
f 42 43 106
f 43 107 106
f 43 44 107
f 44 108 107
f 44 45 108
f 45 109 108
f 45 46 109
f 46 110 109
f 46 47 110
f 47 111 110
f 47 48 111
f 48 112 111
f 48 49 112
f 49 113 112
f 49 50 113
f 50 114 113
f 50 51 114
f 51 115 114
f 51 52 115
f 52 116 115
f 52 53 116
f 53 117 116
f 53 54 117
f 54 118 117
f 54 55 118
f 55 119 118
f 55 56 119
f 56 120 119
f 56 57 120
f 57 121 120
f 57 58 121
f 58 122 121
f 58 59 122
f 59 123 122
f 59 60 123
f 60 124 123
f 60 61 124
f 61 125 124
f 61 62 125
f 62 126 125
f 62 63 126
f 63 127 126
f 63 64 127
f 64 128 127
f 64 1 128
f 1 65 128
f 65 66 129
f 66 130 129
f 66 67 130
f 67 131 130
f 67 68 131
f 68 132 131
f 68 69 132
f 69 133 132
f 69 70 133
f 70 134 133
f 70 71 134
f 71 135 134
f 71 72 135
f 72 136 135
f 72 73 136
f 73 137 136
f 73 74 137
f 74 138 137
f 74 75 138
f 75 139 138
f 75 76 139
f 76 140 139
f 76 77 140
f 77 141 140
f 77 78 141
f 78 142 141
f 78 79 142
f 79 143 142
f 79 80 143
f 80 144 143
f 80 81 144
f 81 145 144
f 81 82 145
f 82 146 145
f 82 83 146
f 83 147 146
f 83 84 147
f 84 148 147
f 84 85 148
f 85 149 148
f 85 86 149
f 86 150 149
f 86 87 150
f 87 151 150
f 87 88 151
f 88 152 151
f 88 89 152
f 89 153 152
f 89 90 153
f 90 154 153
f 90 91 154
f 91 155 154
f 91 92 155
f 92 156 155
f 92 93 156
f 93 157 156
f 93 94 157
f 94 158 157
f 94 95 158
f 95 159 158
f 95 96 159
f 96 160 159
f 96 97 160
f 97 161 160
f 97 98 161
f 98 162 161
f 98 99 162
f 99 163 162
f 99 100 163
f 100 164 163
f 100 101 164
f 101 165 164
f 101 102 165
f 102 166 165
f 102 103 166
f 103 167 166
f 103 104 167
f 104 168 167
f 104 105 168
f 105 169 168
f 105 106 169
f 106 170 169
f 106 107 170
f 107 171 170
f 107 108 171
f 108 172 171
f 108 109 172
f 109 173 172
f 109 110 173
f 110 174 173
f 110 111 174
f 111 175 174
f 111 112 175
f 112 176 175
f 112 113 176
f 113 177 176
f 113 114 177
f 114 178 177
f 114 115 178
f 115 179 178
f 115 116 179
f 116 180 179
f 116 117 180
f 117 181 180
f 117 118 181
f 118 182 181
f 118 119 182
f 119 183 182
f 119 120 183
f 120 184 183
f 120 121 184
f 121 185 184
f 121 122 185
f 122 186 185
f 122 123 186
f 123 187 186
f 123 124 187
f 124 188 187
f 124 125 188
f 125 189 188
f 125 126 189
f 126 190 189
f 126 127 190
f 127 191 190
f 127 128 191
f 128 192 191
f 128 65 192
f 65 129 192
f 129 130 193
f 130 194 193
f 130 131 194
f 131 195 194
f 131 132 195
f 132 196 195
f 132 133 196
f 133 197 196
f 133 134 197
f 134 198 197
f 134 135 198
f 135 199 198
f 135 136 199
f 136 200 199
f 136 137 200
f 137 201 200
f 137 138 201
f 138 202 201
f 138 139 202
f 139 203 202
f 139 140 203
f 140 204 203
f 140 141 204
f 141 205 204
f 141 142 205
f 142 206 205
f 142 143 206
f 143 207 206
f 143 144 207
f 144 208 207
f 144 145 208
f 145 209 208
f 145 146 209
f 146 210 209
f 146 147 210
f 147 211 210
f 147 148 211
f 148 212 211
f 148 149 212
f 149 213 212
f 149 150 213
f 150 214 213
f 150 151 214
f 151 215 214
f 151 152 215
f 152 216 215
f 152 153 216
f 153 217 216
f 153 154 217
f 154 218 217
f 154 155 218
f 155 219 218
f 155 156 219
f 156 220 219
f 156 157 220
f 157 221 220
f 157 158 221
f 158 222 221
f 158 159 222
f 159 223 222
f 159 160 223
f 160 224 223
f 160 161 224
f 161 225 224
f 161 162 225
f 162 226 225
f 162 163 226
f 163 227 226
f 163 164 227
f 164 228 227
f 164 165 228
f 165 229 228
f 165 166 229
f 166 230 229
f 166 167 230
f 167 231 230
f 167 168 231
f 168 232 231
f 168 169 232
f 169 233 232
f 169 170 233
f 170 234 233
f 170 171 234
f 171 235 234
f 171 172 235
f 172 236 235
f 172 173 236
f 173 237 236
f 173 174 237
f 174 238 237
f 174 175 238
f 175 239 238
f 175 176 239
f 176 240 239
f 176 177 240
f 177 241 240
f 177 178 241
f 178 242 241
f 178 179 242
f 179 243 242
f 179 180 243
f 180 244 243
f 180 181 244
f 181 245 244
f 181 182 245
f 182 246 245
f 182 183 246
f 183 247 246
f 183 184 247
f 184 248 247
f 184 185 248
f 185 249 248
f 185 186 249
f 186 250 249
f 186 187 250
f 187 251 250
f 187 188 251
f 188 252 251
f 188 189 252
f 189 253 252
f 189 190 253
f 190 254 253
f 190 191 254
f 191 255 254
f 191 192 255
f 192 256 255
f 192 129 256
f 129 193 256
f 193 194 257
f 194 258 257
f 194 195 258
f 195 259 258
f 195 196 259
f 196 260 259
f 196 197 260
f 197 261 260
f 197 198 261
f 198 262 261
f 198 199 262
f 199 263 262
f 199 200 263
f 200 264 263
f 200 201 264
f 201 265 264
f 201 202 265
f 202 266 265
f 202 203 266
f 203 267 266
f 203 204 267
f 204 268 267
f 204 205 268
f 205 269 268
f 205 206 269
f 206 270 269
f 206 207 270
f 207 271 270
f 207 208 271
f 208 272 271
f 208 209 272
f 209 273 272
f 209 210 273
f 210 274 273
f 210 211 274
f 211 275 274
f 211 212 275
f 212 276 275
f 212 213 276
f 213 277 276
f 213 214 277
f 214 278 277
f 214 215 278
f 215 279 278
f 215 216 279
f 216 280 279
f 216 217 280
f 217 281 280
f 217 218 281
f 218 282 281
f 218 219 282
f 219 283 282
f 219 220 283
f 220 284 283
f 220 221 284
f 221 285 284
f 221 222 285
f 222 286 285
f 222 223 286
f 223 287 286
f 223 224 287
f 224 288 287
f 224 225 288
f 225 289 288
f 225 226 289
f 226 290 289
f 226 227 290
f 227 291 290
f 227 228 291
f 228 292 291
f 228 229 292
f 229 293 292
f 229 230 293
f 230 294 293
f 230 231 294
f 231 295 294
f 231 232 295
f 232 296 295
f 232 233 296
f 233 297 296
f 233 234 297
f 234 298 297
f 234 235 298
f 235 299 298
f 235 236 299
f 236 300 299
f 236 237 300
f 237 301 300
f 237 238 301
f 238 302 301
f 238 239 302
f 239 303 302
f 239 240 303
f 240 304 303
f 240 241 304
f 241 305 304
f 241 242 305
f 242 306 305
f 242 243 306
f 243 307 306
f 243 244 307
f 244 308 307
f 244 245 308
f 245 309 308
f 245 246 309
f 246 310 309
f 246 247 310
f 247 311 310
f 247 248 311
f 248 312 311
f 248 249 312
f 249 313 312
f 249 250 313
f 250 314 313
f 250 251 314
f 251 315 314
f 251 252 315
f 252 316 315
f 252 253 316
f 253 317 316
f 253 254 317
f 254 318 317
f 254 255 318
f 255 319 318
f 255 256 319
f 256 320 319
f 256 193 320
f 193 257 320
f 257 258 321
f 258 322 321
f 258 259 322
f 259 323 322
f 259 260 323
f 260 324 323
f 260 261 324
f 261 325 324
f 261 262 325
f 262 326 325
f 262 263 326
f 263 327 326
f 263 264 327
f 264 328 327
f 264 265 328
f 265 329 328
f 265 266 329
f 266 330 329
f 266 267 330
f 267 331 330
f 267 268 331
f 268 332 331
f 268 269 332
f 269 333 332
f 269 270 333
f 270 334 333
f 270 271 334
f 271 335 334
f 271 272 335
f 272 336 335
f 272 273 336
f 273 337 336
f 273 274 337
f 274 338 337
f 274 275 338
f 275 339 338
f 275 276 339
f 276 340 339
f 276 277 340
f 277 341 340
f 277 278 341
f 278 342 341
f 278 279 342
f 279 343 342
f 279 280 343
f 280 344 343
f 280 281 344
f 281 345 344
f 281 282 345
f 282 346 345
f 282 283 346
f 283 347 346
f 283 284 347
f 284 348 347
f 284 285 348
f 285 349 348
f 285 286 349
f 286 350 349
f 286 287 350
f 287 351 350
f 287 288 351
f 288 352 351
f 288 289 352
f 289 353 352
f 289 290 353
f 290 354 353
f 290 291 354
f 291 355 354
f 291 292 355
f 292 356 355
f 292 293 356
f 293 357 356
f 293 294 357
f 294 358 357
f 294 295 358
f 295 359 358
f 295 296 359
f 296 360 359
f 296 297 360
f 297 361 360
f 297 298 361
f 298 362 361
f 298 299 362
f 299 363 362
f 299 300 363
f 300 364 363
f 300 301 364
f 301 365 364
f 301 302 365
f 302 366 365
f 302 303 366
f 303 367 366
f 303 304 367
f 304 368 367
f 304 305 368
f 305 369 368
f 305 306 369
f 306 370 369
f 306 307 370
f 307 371 370
f 307 308 371
f 308 372 371
f 308 309 372
f 309 373 372
f 309 310 373
f 310 374 373
f 310 311 374
f 311 375 374
f 311 312 375
f 312 376 375
f 312 313 376
f 313 377 376
f 313 314 377
f 314 378 377
f 314 315 378
f 315 379 378
f 315 316 379
f 316 380 379
f 316 317 380
f 317 381 380
f 317 318 381
f 318 382 381
f 318 319 382
f 319 383 382
f 319 320 383
f 320 384 383
f 320 257 384
f 257 321 384
f 321 322 385
f 322 386 385
f 322 323 386
f 323 387 386
f 323 324 387
f 324 388 387
f 324 325 388
f 325 389 388
f 325 326 389
f 326 390 389
f 326 327 390
f 327 391 390
f 327 328 391
f 328 392 391
f 328 329 392
f 329 393 392
f 329 330 393
f 330 394 393
f 330 331 394
f 331 395 394
f 331 332 395
f 332 396 395
f 332 333 396
f 333 397 396
f 333 334 397
f 334 398 397
f 334 335 398
f 335 399 398
f 335 336 399
f 336 400 399
f 336 337 400
f 337 401 400
f 337 338 401
f 338 402 401
f 338 339 402
f 339 403 402
f 339 340 403
f 340 404 403
f 340 341 404
f 341 405 404
f 341 342 405
f 342 406 405
f 342 343 406
f 343 407 406
f 343 344 407
f 344 408 407
f 344 345 408
f 345 409 408
f 345 346 409
f 346 410 409
f 346 347 410
f 347 411 410
f 347 348 411
f 348 412 411
f 348 349 412
f 349 413 412
f 349 350 413
f 350 414 413
f 350 351 414
f 351 415 414
f 351 352 415
f 352 416 415
f 352 353 416
f 353 417 416
f 353 354 417
f 354 418 417
f 354 355 418
f 355 419 418
f 355 356 419
f 356 420 419
f 356 357 420
f 357 421 420
f 357 358 421
f 358 422 421
f 358 359 422
f 359 423 422
f 359 360 423
f 360 424 423
f 360 361 424
f 361 425 424
f 361 362 425
f 362 426 425
f 362 363 426
f 363 427 426
f 363 364 427
f 364 428 427
f 364 365 428
f 365 429 428
f 365 366 429
f 366 430 429
f 366 367 430
f 367 431 430
f 367 368 431
f 368 432 431
f 368 369 432
f 369 433 432
f 369 370 433
f 370 434 433
f 370 371 434
f 371 435 434
f 371 372 435
f 372 436 435
f 372 373 436
f 373 437 436
f 373 374 437
f 374 438 437
f 374 375 438
f 375 439 438
f 375 376 439
f 376 440 439
f 376 377 440
f 377 441 440
f 377 378 441
f 378 442 441
f 378 379 442
f 379 443 442
f 379 380 443
f 380 444 443
f 380 381 444
f 381 445 444
f 381 382 445
f 382 446 445
f 382 383 446
f 383 447 446
f 383 384 447
f 384 448 447
f 384 321 448
f 321 385 448
f 385 386 449
f 386 450 449
f 386 387 450
f 387 451 450
f 387 388 451
f 388 452 451
f 388 389 452
f 389 453 452
f 389 390 453
f 390 454 453
f 390 391 454
f 391 455 454
f 391 392 455
f 392 456 455
f 392 393 456
f 393 457 456
f 393 394 457
f 394 458 457
f 394 395 458
f 395 459 458
f 395 396 459
f 396 460 459
f 396 397 460
f 397 461 460
f 397 398 461
f 398 462 461
f 398 399 462
f 399 463 462
f 399 400 463
f 400 464 463
f 400 401 464
f 401 465 464
f 401 402 465
f 402 466 465
f 402 403 466
f 403 467 466
f 403 404 467
f 404 468 467
f 404 405 468
f 405 469 468
f 405 406 469
f 406 470 469
f 406 407 470
f 407 471 470
f 407 408 471
f 408 472 471
f 408 409 472
f 409 473 472
f 409 410 473
f 410 474 473
f 410 411 474
f 411 475 474
f 411 412 475
f 412 476 475
f 412 413 476
f 413 477 476
f 413 414 477
f 414 478 477
f 414 415 478
f 415 479 478
f 415 416 479
f 416 480 479
f 416 417 480
f 417 481 480
f 417 418 481
f 418 482 481
f 418 419 482
f 419 483 482
f 419 420 483
f 420 484 483
f 420 421 484
f 421 485 484
f 421 422 485
f 422 486 485
f 422 423 486
f 423 487 486
f 423 424 487
f 424 488 487
f 424 425 488
f 425 489 488
f 425 426 489
f 426 490 489
f 426 427 490
f 427 491 490
f 427 428 491
f 428 492 491
f 428 429 492
f 429 493 492
f 429 430 493
f 430 494 493
f 430 431 494
f 431 495 494
f 431 432 495
f 432 496 495
f 432 433 496
f 433 497 496
f 433 434 497
f 434 498 497
f 434 435 498
f 435 499 498
f 435 436 499
f 436 500 499
f 436 437 500
f 437 501 500
f 437 438 501
f 438 502 501
f 438 439 502
f 439 503 502
f 439 440 503
f 440 504 503
f 440 441 504
f 441 505 504
f 441 442 505
f 442 506 505
f 442 443 506
f 443 507 506
f 443 444 507
f 444 508 507
f 444 445 508
f 445 509 508
f 445 446 509
f 446 510 509
f 446 447 510
f 447 511 510
f 447 448 511
f 448 512 511
f 448 385 512
f 385 449 512
f 449 450 513
f 450 514 513
f 450 451 514
f 451 515 514
f 451 452 515
f 452 516 515
f 452 453 516
f 453 517 516
f 453 454 517
f 454 518 517
f 454 455 518
f 455 519 518
f 455 456 519
f 456 520 519
f 456 457 520
f 457 521 520
f 457 458 521
f 458 522 521
f 458 459 522
f 459 523 522
f 459 460 523
f 460 524 523
f 460 461 524
f 461 525 524
f 461 462 525
f 462 526 525
f 462 463 526
f 463 527 526
f 463 464 527
f 464 528 527
f 464 465 528
f 465 529 528
f 465 466 529
f 466 530 529
f 466 467 530
f 467 531 530
f 467 468 531
f 468 532 531
f 468 469 532
f 469 533 532
f 469 470 533
f 470 534 533
f 470 471 534
f 471 535 534
f 471 472 535
f 472 536 535
f 472 473 536
f 473 537 536
f 473 474 537
f 474 538 537
f 474 475 538
f 475 539 538
f 475 476 539
f 476 540 539
f 476 477 540
f 477 541 540
f 477 478 541
f 478 542 541
f 478 479 542
f 479 543 542
f 479 480 543
f 480 544 543
f 480 481 544
f 481 545 544
f 481 482 545
f 482 546 545
f 482 483 546
f 483 547 546
f 483 484 547
f 484 548 547
f 484 485 548
f 485 549 548
f 485 486 549
f 486 550 549
f 486 487 550
f 487 551 550
f 487 488 551
f 488 552 551
f 488 489 552
f 489 553 552
f 489 490 553
f 490 554 553
f 490 491 554
f 491 555 554
f 491 492 555
f 492 556 555
f 492 493 556
f 493 557 556
f 493 494 557
f 494 558 557
f 494 495 558
f 495 559 558
f 495 496 559
f 496 560 559
f 496 497 560
f 497 561 560
f 497 498 561
f 498 562 561
f 498 499 562
f 499 563 562
f 499 500 563
f 500 564 563
f 500 501 564
f 501 565 564
f 501 502 565
f 502 566 565
f 502 503 566
f 503 567 566
f 503 504 567
f 504 568 567
f 504 505 568
f 505 569 568
f 505 506 569
f 506 570 569
f 506 507 570
f 507 571 570
f 507 508 571
f 508 572 571
f 508 509 572
f 509 573 572
f 509 510 573
f 510 574 573
f 510 511 574
f 511 575 574
f 511 512 575
f 512 576 575
f 512 449 576
f 449 513 576
f 513 514 577
f 514 578 577
f 514 515 578
f 515 579 578
f 515 516 579
f 516 580 579
f 516 517 580
f 517 581 580
f 517 518 581
f 518 582 581
f 518 519 582
f 519 583 582
f 519 520 583
f 520 584 583
f 520 521 584
f 521 585 584
f 521 522 585
f 522 586 585
f 522 523 586
f 523 587 586
f 523 524 587
f 524 588 587
f 524 525 588
f 525 589 588
f 525 526 589
f 526 590 589
f 526 527 590
f 527 591 590
f 527 528 591
f 528 592 591
f 528 529 592
f 529 593 592
f 529 530 593
f 530 594 593
f 530 531 594
f 531 595 594
f 531 532 595
f 532 596 595
f 532 533 596
f 533 597 596
f 533 534 597
f 534 598 597
f 534 535 598
f 535 599 598
f 535 536 599
f 536 600 599
f 536 537 600
f 537 601 600
f 537 538 601
f 538 602 601
f 538 539 602
f 539 603 602
f 539 540 603
f 540 604 603
f 540 541 604
f 541 605 604
f 541 542 605
f 542 606 605
f 542 543 606
f 543 607 606
f 543 544 607
f 544 608 607
f 544 545 608
f 545 609 608
f 545 546 609
f 546 610 609
f 546 547 610
f 547 611 610
f 547 548 611
f 548 612 611
f 548 549 612
f 549 613 612
f 549 550 613
f 550 614 613
f 550 551 614
f 551 615 614
f 551 552 615
f 552 616 615
f 552 553 616
f 553 617 616
f 553 554 617
f 554 618 617
f 554 555 618
f 555 619 618
f 555 556 619
f 556 620 619
f 556 557 620
f 557 621 620
f 557 558 621
f 558 622 621
f 558 559 622
f 559 623 622
f 559 560 623
f 560 624 623
f 560 561 624
f 561 625 624
f 561 562 625
f 562 626 625
f 562 563 626
f 563 627 626
f 563 564 627
f 564 628 627
f 564 565 628
f 565 629 628
f 565 566 629
f 566 630 629
f 566 567 630
f 567 631 630
f 567 568 631
f 568 632 631
f 568 569 632
f 569 633 632
f 569 570 633
f 570 634 633
f 570 571 634
f 571 635 634
f 571 572 635
f 572 636 635
f 572 573 636
f 573 637 636
f 573 574 637
f 574 638 637
f 574 575 638
f 575 639 638
f 575 576 639
f 576 640 639
f 576 513 640
f 513 577 640
f 577 578 641
f 578 642 641
f 578 579 642
f 579 643 642
f 579 580 643
f 580 644 643
f 580 581 644
f 581 645 644
f 581 582 645
f 582 646 645
f 582 583 646
f 583 647 646
f 583 584 647
f 584 648 647
f 584 585 648
f 585 649 648
f 585 586 649
f 586 650 649
f 586 587 650
f 587 651 650
f 587 588 651
f 588 652 651
f 588 589 652
f 589 653 652
f 589 590 653
f 590 654 653
f 590 591 654
f 591 655 654
f 591 592 655
f 592 656 655
f 592 593 656
f 593 657 656
f 593 594 657
f 594 658 657
f 594 595 658
f 595 659 658
f 595 596 659
f 596 660 659
f 596 597 660
f 597 661 660
f 597 598 661
f 598 662 661
f 598 599 662
f 599 663 662
f 599 600 663
f 600 664 663
f 600 601 664
f 601 665 664
f 601 602 665
f 602 666 665
f 602 603 666
f 603 667 666
f 603 604 667
f 604 668 667
f 604 605 668
f 605 669 668
f 605 606 669
f 606 670 669
f 606 607 670
f 607 671 670
f 607 608 671
f 608 672 671
f 608 609 672
f 609 673 672
f 609 610 673
f 610 674 673
f 610 611 674
f 611 675 674
f 611 612 675
f 612 676 675
f 612 613 676
f 613 677 676
f 613 614 677
f 614 678 677
f 614 615 678
f 615 679 678
f 615 616 679
f 616 680 679
f 616 617 680
f 617 681 680
f 617 618 681
f 618 682 681
f 618 619 682
f 619 683 682
f 619 620 683
f 620 684 683
f 620 621 684
f 621 685 684
f 621 622 685
f 622 686 685
f 622 623 686
f 623 687 686
f 623 624 687
f 624 688 687
f 624 625 688
f 625 689 688
f 625 626 689
f 626 690 689
f 626 627 690
f 627 691 690
f 627 628 691
f 628 692 691
f 628 629 692
f 629 693 692
f 629 630 693
f 630 694 693
f 630 631 694
f 631 695 694
f 631 632 695
f 632 696 695
f 632 633 696
f 633 697 696
f 633 634 697
f 634 698 697
f 634 635 698
f 635 699 698
f 635 636 699
f 636 700 699
f 636 637 700
f 637 701 700
f 637 638 701
f 638 702 701
f 638 639 702
f 639 703 702
f 639 640 703
f 640 704 703
f 640 577 704
f 577 641 704
f 641 642 705
f 642 706 705
f 642 643 706
f 643 707 706
f 643 644 707
f 644 708 707
f 644 645 708
f 645 709 708
f 645 646 709
f 646 710 709
f 646 647 710
f 647 711 710
f 647 648 711
f 648 712 711
f 648 649 712
f 649 713 712
f 649 650 713
f 650 714 713
f 650 651 714
f 651 715 714
f 651 652 715
f 652 716 715
f 652 653 716
f 653 717 716
f 653 654 717
f 654 718 717
f 654 655 718
f 655 719 718
f 655 656 719
f 656 720 719
f 656 657 720
f 657 721 720
f 657 658 721
f 658 722 721
f 658 659 722
f 659 723 722
f 659 660 723
f 660 724 723
f 660 661 724
f 661 725 724
f 661 662 725
f 662 726 725
f 662 663 726
f 663 727 726
f 663 664 727
f 664 728 727
f 664 665 728
f 665 729 728
f 665 666 729
f 666 730 729
f 666 667 730
f 667 731 730
f 667 668 731
f 668 732 731
f 668 669 732
f 669 733 732
f 669 670 733
f 670 734 733
f 670 671 734
f 671 735 734
f 671 672 735
f 672 736 735
f 672 673 736
f 673 737 736
f 673 674 737
f 674 738 737
f 674 675 738
f 675 739 738
f 675 676 739
f 676 740 739
f 676 677 740
f 677 741 740
f 677 678 741
f 678 742 741
f 678 679 742
f 679 743 742
f 679 680 743
f 680 744 743
f 680 681 744
f 681 745 744
f 681 682 745
f 682 746 745
f 682 683 746
f 683 747 746
f 683 684 747
f 684 748 747
f 684 685 748
f 685 749 748
f 685 686 749
f 686 750 749
f 686 687 750
f 687 751 750
f 687 688 751
f 688 752 751
f 688 689 752
f 689 753 752
f 689 690 753
f 690 754 753
f 690 691 754
f 691 755 754
f 691 692 755
f 692 756 755
f 692 693 756
f 693 757 756
f 693 694 757
f 694 758 757
f 694 695 758
f 695 759 758
f 695 696 759
f 696 760 759
f 696 697 760
f 697 761 760
f 697 698 761
f 698 762 761
f 698 699 762
f 699 763 762
f 699 700 763
f 700 764 763
f 700 701 764
f 701 765 764
f 701 702 765
f 702 766 765
f 702 703 766
f 703 767 766
f 703 704 767
f 704 768 767
f 704 641 768
f 641 705 768
f 705 706 769
f 706 770 769
f 706 707 770
f 707 771 770
f 707 708 771
f 708 772 771
f 708 709 772
f 709 773 772
f 709 710 773
f 710 774 773
f 710 711 774
f 711 775 774
f 711 712 775
f 712 776 775
f 712 713 776
f 713 777 776
f 713 714 777
f 714 778 777
f 714 715 778
f 715 779 778
f 715 716 779
f 716 780 779
f 716 717 780
f 717 781 780
f 717 718 781
f 718 782 781
f 718 719 782
f 719 783 782
f 719 720 783
f 720 784 783
f 720 721 784
f 721 785 784
f 721 722 785
f 722 786 785
f 722 723 786
f 723 787 786
f 723 724 787
f 724 788 787
f 724 725 788
f 725 789 788
f 725 726 789
f 726 790 789
f 726 727 790
f 727 791 790
f 727 728 791
f 728 792 791
f 728 729 792
f 729 793 792
f 729 730 793
f 730 794 793
f 730 731 794
f 731 795 794
f 731 732 795
f 732 796 795
f 732 733 796
f 733 797 796
f 733 734 797
f 734 798 797
f 734 735 798
f 735 799 798
f 735 736 799
f 736 800 799
f 736 737 800
f 737 801 800
f 737 738 801
f 738 802 801
f 738 739 802
f 739 803 802
f 739 740 803
f 740 804 803
f 740 741 804
f 741 805 804
f 741 742 805
f 742 806 805
f 742 743 806
f 743 807 806
f 743 744 807
f 744 808 807
f 744 745 808
f 745 809 808
f 745 746 809
f 746 810 809
f 746 747 810
f 747 811 810
f 747 748 811
f 748 812 811
f 748 749 812
f 749 813 812
f 749 750 813
f 750 814 813
f 750 751 814
f 751 815 814
f 751 752 815
f 752 816 815
f 752 753 816
f 753 817 816
f 753 754 817
f 754 818 817
f 754 755 818
f 755 819 818
f 755 756 819
f 756 820 819
f 756 757 820
f 757 821 820
f 757 758 821
f 758 822 821
f 758 759 822
f 759 823 822
f 759 760 823
f 760 824 823
f 760 761 824
f 761 825 824
f 761 762 825
f 762 826 825
f 762 763 826
f 763 827 826
f 763 764 827
f 764 828 827
f 764 765 828
f 765 829 828
f 765 766 829
f 766 830 829
f 766 767 830
f 767 831 830
f 767 768 831
f 768 832 831
f 768 705 832
f 705 769 832
f 769 770 833
f 770 834 833
f 770 771 834
f 771 835 834
f 771 772 835
f 772 836 835
f 772 773 836
f 773 837 836
f 773 774 837
f 774 838 837
f 774 775 838
f 775 839 838
f 775 776 839
f 776 840 839
f 776 777 840
f 777 841 840
f 777 778 841
f 778 842 841
f 778 779 842
f 779 843 842
f 779 780 843
f 780 844 843
f 780 781 844
f 781 845 844
f 781 782 845
f 782 846 845
f 782 783 846
f 783 847 846
f 783 784 847
f 784 848 847
f 784 785 848
f 785 849 848
f 785 786 849
f 786 850 849
f 786 787 850
f 787 851 850
f 787 788 851
f 788 852 851
f 788 789 852
f 789 853 852
f 789 790 853
f 790 854 853
f 790 791 854
f 791 855 854
f 791 792 855
f 792 856 855
f 792 793 856
f 793 857 856
f 793 794 857
f 794 858 857
f 794 795 858
f 795 859 858
f 795 796 859
f 796 860 859
f 796 797 860
f 797 861 860
f 797 798 861
f 798 862 861
f 798 799 862
f 799 863 862
f 799 800 863
f 800 864 863
f 800 801 864
f 801 865 864
f 801 802 865
f 802 866 865
f 802 803 866
f 803 867 866
f 803 804 867
f 804 868 867
f 804 805 868
f 805 869 868
f 805 806 869
f 806 870 869
f 806 807 870
f 807 871 870
f 807 808 871
f 808 872 871
f 808 809 872
f 809 873 872
f 809 810 873
f 810 874 873
f 810 811 874
f 811 875 874
f 811 812 875
f 812 876 875
f 812 813 876
f 813 877 876
f 813 814 877
f 814 878 877
f 814 815 878
f 815 879 878
f 815 816 879
f 816 880 879
f 816 817 880
f 817 881 880
f 817 818 881
f 818 882 881
f 818 819 882
f 819 883 882
f 819 820 883
f 820 884 883
f 820 821 884
f 821 885 884
f 821 822 885
f 822 886 885
f 822 823 886
f 823 887 886
f 823 824 887
f 824 888 887
f 824 825 888
f 825 889 888
f 825 826 889
f 826 890 889
f 826 827 890
f 827 891 890
f 827 828 891
f 828 892 891
f 828 829 892
f 829 893 892
f 829 830 893
f 830 894 893
f 830 831 894
f 831 895 894
f 831 832 895
f 832 896 895
f 832 769 896
f 769 833 896
f 833 834 897
f 834 898 897
f 834 835 898
f 835 899 898
f 835 836 899
f 836 900 899
f 836 837 900
f 837 901 900
f 837 838 901
f 838 902 901
f 838 839 902
f 839 903 902
f 839 840 903
f 840 904 903
f 840 841 904
f 841 905 904
f 841 842 905
f 842 906 905
f 842 843 906
f 843 907 906
f 843 844 907
f 844 908 907
f 844 845 908
f 845 909 908
f 845 846 909
f 846 910 909
f 846 847 910
f 847 911 910
f 847 848 911
f 848 912 911
f 848 849 912
f 849 913 912
f 849 850 913
f 850 914 913
f 850 851 914
f 851 915 914
f 851 852 915
f 852 916 915
f 852 853 916
f 853 917 916
f 853 854 917
f 854 918 917
f 854 855 918
f 855 919 918
f 855 856 919
f 856 920 919
f 856 857 920
f 857 921 920
f 857 858 921
f 858 922 921
f 858 859 922
f 859 923 922
f 859 860 923
f 860 924 923
f 860 861 924
f 861 925 924
f 861 862 925
f 862 926 925
f 862 863 926
f 863 927 926
f 863 864 927
f 864 928 927
f 864 865 928
f 865 929 928
f 865 866 929
f 866 930 929
f 866 867 930
f 867 931 930
f 867 868 931
f 868 932 931
f 868 869 932
f 869 933 932
f 869 870 933
f 870 934 933
f 870 871 934
f 871 935 934
f 871 872 935
f 872 936 935
f 872 873 936
f 873 937 936
f 873 874 937
f 874 938 937
f 874 875 938
f 875 939 938
f 875 876 939
f 876 940 939
f 876 877 940
f 877 941 940
f 877 878 941
f 878 942 941
f 878 879 942
f 879 943 942
f 879 880 943
f 880 944 943
f 880 881 944
f 881 945 944
f 881 882 945
f 882 946 945
f 882 883 946
f 883 947 946
f 883 884 947
f 884 948 947
f 884 885 948
f 885 949 948
f 885 886 949
f 886 950 949
f 886 887 950
f 887 951 950
f 887 888 951
f 888 952 951
f 888 889 952
f 889 953 952
f 889 890 953
f 890 954 953
f 890 891 954
f 891 955 954
f 891 892 955
f 892 956 955
f 892 893 956
f 893 957 956
f 893 894 957
f 894 958 957
f 894 895 958
f 895 959 958
f 895 896 959
f 896 960 959
f 896 833 960
f 833 897 960
f 897 898 961
f 898 962 961
f 898 899 962
f 899 963 962
f 899 900 963
f 900 964 963
f 900 901 964
f 901 965 964
f 901 902 965
f 902 966 965
f 902 903 966
f 903 967 966
f 903 904 967
f 904 968 967
f 904 905 968
f 905 969 968
f 905 906 969
f 906 970 969
f 906 907 970
f 907 971 970
f 907 908 971
f 908 972 971
f 908 909 972
f 909 973 972
f 909 910 973
f 910 974 973
f 910 911 974
f 911 975 974
f 911 912 975
f 912 976 975
f 912 913 976
f 913 977 976
f 913 914 977
f 914 978 977
f 914 915 978
f 915 979 978
f 915 916 979
f 916 980 979
f 916 917 980
f 917 981 980
f 917 918 981
f 918 982 981
f 918 919 982
f 919 983 982
f 919 920 983
f 920 984 983
f 920 921 984
f 921 985 984
f 921 922 985
f 922 986 985
f 922 923 986
f 923 987 986
f 923 924 987
f 924 988 987
f 924 925 988
f 925 989 988
f 925 926 989
f 926 990 989
f 926 927 990
f 927 991 990
f 927 928 991
f 928 992 991
f 928 929 992
f 929 993 992
f 929 930 993
f 930 994 993
f 930 931 994
f 931 995 994
f 931 932 995
f 932 996 995
f 932 933 996
f 933 997 996
f 933 934 997
f 934 998 997
f 934 935 998
f 935 999 998
f 935 936 999
f 936 1000 999
f 936 937 1000
f 937 1001 1000
f 937 938 1001
f 938 1002 1001
f 938 939 1002
f 939 1003 1002
f 939 940 1003
f 940 1004 1003
f 940 941 1004
f 941 1005 1004
f 941 942 1005
f 942 1006 1005
f 942 943 1006
f 943 1007 1006
f 943 944 1007
f 944 1008 1007
f 944 945 1008
f 945 1009 1008
f 945 946 1009
f 946 1010 1009
f 946 947 1010
f 947 1011 1010
f 947 948 1011
f 948 1012 1011
f 948 949 1012
f 949 1013 1012
f 949 950 1013
f 950 1014 1013
f 950 951 1014
f 951 1015 1014
f 951 952 1015
f 952 1016 1015
f 952 953 1016
f 953 1017 1016
f 953 954 1017
f 954 1018 1017
f 954 955 1018
f 955 1019 1018
f 955 956 1019
f 956 1020 1019
f 956 957 1020
f 957 1021 1020
f 957 958 1021
f 958 1022 1021
f 958 959 1022
f 959 1023 1022
f 959 960 1023
f 960 1024 1023
f 960 897 1024
f 897 961 1024
f 961 962 1025
f 962 1026 1025
f 962 963 1026
f 963 1027 1026
f 963 964 1027
f 964 1028 1027
f 964 965 1028
f 965 1029 1028
f 965 966 1029
f 966 1030 1029
f 966 967 1030
f 967 1031 1030
f 967 968 1031
f 968 1032 1031
f 968 969 1032
f 969 1033 1032
f 969 970 1033
f 970 1034 1033
f 970 971 1034
f 971 1035 1034
f 971 972 1035
f 972 1036 1035
f 972 973 1036
f 973 1037 1036
f 973 974 1037
f 974 1038 1037
f 974 975 1038
f 975 1039 1038
f 975 976 1039
f 976 1040 1039
f 976 977 1040
f 977 1041 1040
f 977 978 1041
f 978 1042 1041
f 978 979 1042
f 979 1043 1042
f 979 980 1043
f 980 1044 1043
f 980 981 1044
f 981 1045 1044
f 981 982 1045
f 982 1046 1045
f 982 983 1046
f 983 1047 1046
f 983 984 1047
f 984 1048 1047
f 984 985 1048
f 985 1049 1048
f 985 986 1049
f 986 1050 1049
f 986 987 1050
f 987 1051 1050
f 987 988 1051
f 988 1052 1051
f 988 989 1052
f 989 1053 1052
f 989 990 1053
f 990 1054 1053
f 990 991 1054
f 991 1055 1054
f 991 992 1055
f 992 1056 1055
f 992 993 1056
f 993 1057 1056
f 993 994 1057
f 994 1058 1057
f 994 995 1058
f 995 1059 1058
f 995 996 1059
f 996 1060 1059
f 996 997 1060
f 997 1061 1060
f 997 998 1061
f 998 1062 1061
f 998 999 1062
f 999 1063 1062
f 999 1000 1063
f 1000 1064 1063
f 1000 1001 1064
f 1001 1065 1064
f 1001 1002 1065
f 1002 1066 1065
f 1002 1003 1066
f 1003 1067 1066
f 1003 1004 1067
f 1004 1068 1067
f 1004 1005 1068
f 1005 1069 1068
f 1005 1006 1069
f 1006 1070 1069
f 1006 1007 1070
f 1007 1071 1070
f 1007 1008 1071
f 1008 1072 1071
f 1008 1009 1072
f 1009 1073 1072
f 1009 1010 1073
f 1010 1074 1073
f 1010 1011 1074
f 1011 1075 1074
f 1011 1012 1075
f 1012 1076 1075
f 1012 1013 1076
f 1013 1077 1076
f 1013 1014 1077
f 1014 1078 1077
f 1014 1015 1078
f 1015 1079 1078
f 1015 1016 1079
f 1016 1080 1079
f 1016 1017 1080
f 1017 1081 1080
f 1017 1018 1081
f 1018 1082 1081
f 1018 1019 1082
f 1019 1083 1082
f 1019 1020 1083
f 1020 1084 1083
f 1020 1021 1084
f 1021 1085 1084
f 1021 1022 1085
f 1022 1086 1085
f 1022 1023 1086
f 1023 1087 1086
f 1023 1024 1087
f 1024 1088 1087
f 1024 961 1088
f 961 1025 1088
f 1025 1026 1089
f 1026 1090 1089
f 1026 1027 1090
f 1027 1091 1090
f 1027 1028 1091
f 1028 1092 1091
f 1028 1029 1092
f 1029 1093 1092
f 1029 1030 1093
f 1030 1094 1093
f 1030 1031 1094
f 1031 1095 1094
f 1031 1032 1095
f 1032 1096 1095
f 1032 1033 1096
f 1033 1097 1096
f 1033 1034 1097
f 1034 1098 1097
f 1034 1035 1098
f 1035 1099 1098
f 1035 1036 1099
f 1036 1100 1099
f 1036 1037 1100
f 1037 1101 1100
f 1037 1038 1101
f 1038 1102 1101
f 1038 1039 1102
f 1039 1103 1102
f 1039 1040 1103
f 1040 1104 1103
f 1040 1041 1104
f 1041 1105 1104
f 1041 1042 1105
f 1042 1106 1105
f 1042 1043 1106
f 1043 1107 1106
f 1043 1044 1107
f 1044 1108 1107
f 1044 1045 1108
f 1045 1109 1108
f 1045 1046 1109
f 1046 1110 1109
f 1046 1047 1110
f 1047 1111 1110
f 1047 1048 1111
f 1048 1112 1111
f 1048 1049 1112
f 1049 1113 1112
f 1049 1050 1113
f 1050 1114 1113
f 1050 1051 1114
f 1051 1115 1114
f 1051 1052 1115
f 1052 1116 1115
f 1052 1053 1116
f 1053 1117 1116
f 1053 1054 1117
f 1054 1118 1117
f 1054 1055 1118
f 1055 1119 1118
f 1055 1056 1119
f 1056 1120 1119
f 1056 1057 1120
f 1057 1121 1120
f 1057 1058 1121
f 1058 1122 1121
f 1058 1059 1122
f 1059 1123 1122
f 1059 1060 1123
f 1060 1124 1123
f 1060 1061 1124
f 1061 1125 1124
f 1061 1062 1125
f 1062 1126 1125
f 1062 1063 1126
f 1063 1127 1126
f 1063 1064 1127
f 1064 1128 1127
f 1064 1065 1128
f 1065 1129 1128
f 1065 1066 1129
f 1066 1130 1129
f 1066 1067 1130
f 1067 1131 1130
f 1067 1068 1131
f 1068 1132 1131
f 1068 1069 1132
f 1069 1133 1132
f 1069 1070 1133
f 1070 1134 1133
f 1070 1071 1134
f 1071 1135 1134
f 1071 1072 1135
f 1072 1136 1135
f 1072 1073 1136
f 1073 1137 1136
f 1073 1074 1137
f 1074 1138 1137
f 1074 1075 1138
f 1075 1139 1138
f 1075 1076 1139
f 1076 1140 1139
f 1076 1077 1140
f 1077 1141 1140
f 1077 1078 1141
f 1078 1142 1141
f 1078 1079 1142
f 1079 1143 1142
f 1079 1080 1143
f 1080 1144 1143
f 1080 1081 1144
f 1081 1145 1144
f 1081 1082 1145
f 1082 1146 1145
f 1082 1083 1146
f 1083 1147 1146
f 1083 1084 1147
f 1084 1148 1147
f 1084 1085 1148
f 1085 1149 1148
f 1085 1086 1149
f 1086 1150 1149
f 1086 1087 1150
f 1087 1151 1150
f 1087 1088 1151
f 1088 1152 1151
f 1088 1025 1152
f 1025 1089 1152
f 1089 1090 1153
f 1090 1154 1153
f 1090 1091 1154
f 1091 1155 1154
f 1091 1092 1155
f 1092 1156 1155
f 1092 1093 1156
f 1093 1157 1156
f 1093 1094 1157
f 1094 1158 1157
f 1094 1095 1158
f 1095 1159 1158
f 1095 1096 1159
f 1096 1160 1159
f 1096 1097 1160
f 1097 1161 1160
f 1097 1098 1161
f 1098 1162 1161
f 1098 1099 1162
f 1099 1163 1162
f 1099 1100 1163
f 1100 1164 1163
f 1100 1101 1164
f 1101 1165 1164
f 1101 1102 1165
f 1102 1166 1165
f 1102 1103 1166
f 1103 1167 1166
f 1103 1104 1167
f 1104 1168 1167
f 1104 1105 1168
f 1105 1169 1168
f 1105 1106 1169
f 1106 1170 1169
f 1106 1107 1170
f 1107 1171 1170
f 1107 1108 1171
f 1108 1172 1171
f 1108 1109 1172
f 1109 1173 1172
f 1109 1110 1173
f 1110 1174 1173
f 1110 1111 1174
f 1111 1175 1174
f 1111 1112 1175
f 1112 1176 1175
f 1112 1113 1176
f 1113 1177 1176
f 1113 1114 1177
f 1114 1178 1177
f 1114 1115 1178
f 1115 1179 1178
f 1115 1116 1179
f 1116 1180 1179
f 1116 1117 1180
f 1117 1181 1180
f 1117 1118 1181
f 1118 1182 1181
f 1118 1119 1182
f 1119 1183 1182
f 1119 1120 1183
f 1120 1184 1183
f 1120 1121 1184
f 1121 1185 1184
f 1121 1122 1185
f 1122 1186 1185
f 1122 1123 1186
f 1123 1187 1186
f 1123 1124 1187
f 1124 1188 1187
f 1124 1125 1188
f 1125 1189 1188
f 1125 1126 1189
f 1126 1190 1189
f 1126 1127 1190
f 1127 1191 1190
f 1127 1128 1191
f 1128 1192 1191
f 1128 1129 1192
f 1129 1193 1192
f 1129 1130 1193
f 1130 1194 1193
f 1130 1131 1194
f 1131 1195 1194
f 1131 1132 1195
f 1132 1196 1195
f 1132 1133 1196
f 1133 1197 1196
f 1133 1134 1197
f 1134 1198 1197
f 1134 1135 1198
f 1135 1199 1198
f 1135 1136 1199
f 1136 1200 1199
f 1136 1137 1200
f 1137 1201 1200
f 1137 1138 1201
f 1138 1202 1201
f 1138 1139 1202
f 1139 1203 1202
f 1139 1140 1203
f 1140 1204 1203
f 1140 1141 1204
f 1141 1205 1204
f 1141 1142 1205
f 1142 1206 1205
f 1142 1143 1206
f 1143 1207 1206
f 1143 1144 1207
f 1144 1208 1207
f 1144 1145 1208
f 1145 1209 1208
f 1145 1146 1209
f 1146 1210 1209
f 1146 1147 1210
f 1147 1211 1210
f 1147 1148 1211
f 1148 1212 1211
f 1148 1149 1212
f 1149 1213 1212
f 1149 1150 1213
f 1150 1214 1213
f 1150 1151 1214
f 1151 1215 1214
f 1151 1152 1215
f 1152 1216 1215
f 1152 1089 1216
f 1089 1153 1216
f 1153 1154 1217
f 1154 1218 1217
f 1154 1155 1218
f 1155 1219 1218
f 1155 1156 1219
f 1156 1220 1219
f 1156 1157 1220
f 1157 1221 1220
f 1157 1158 1221
f 1158 1222 1221
f 1158 1159 1222
f 1159 1223 1222
f 1159 1160 1223
f 1160 1224 1223
f 1160 1161 1224
f 1161 1225 1224
f 1161 1162 1225
f 1162 1226 1225
f 1162 1163 1226
f 1163 1227 1226
f 1163 1164 1227
f 1164 1228 1227
f 1164 1165 1228
f 1165 1229 1228
f 1165 1166 1229
f 1166 1230 1229
f 1166 1167 1230
f 1167 1231 1230
f 1167 1168 1231
f 1168 1232 1231
f 1168 1169 1232
f 1169 1233 1232
f 1169 1170 1233
f 1170 1234 1233
f 1170 1171 1234
f 1171 1235 1234
f 1171 1172 1235
f 1172 1236 1235
f 1172 1173 1236
f 1173 1237 1236
f 1173 1174 1237
f 1174 1238 1237
f 1174 1175 1238
f 1175 1239 1238
f 1175 1176 1239
f 1176 1240 1239
f 1176 1177 1240
f 1177 1241 1240
f 1177 1178 1241
f 1178 1242 1241
f 1178 1179 1242
f 1179 1243 1242
f 1179 1180 1243
f 1180 1244 1243
f 1180 1181 1244
f 1181 1245 1244
f 1181 1182 1245
f 1182 1246 1245
f 1182 1183 1246
f 1183 1247 1246
f 1183 1184 1247
f 1184 1248 1247
f 1184 1185 1248
f 1185 1249 1248
f 1185 1186 1249
f 1186 1250 1249
f 1186 1187 1250
f 1187 1251 1250
f 1187 1188 1251
f 1188 1252 1251
f 1188 1189 1252
f 1189 1253 1252
f 1189 1190 1253
f 1190 1254 1253
f 1190 1191 1254
f 1191 1255 1254
f 1191 1192 1255
f 1192 1256 1255
f 1192 1193 1256
f 1193 1257 1256
f 1193 1194 1257
f 1194 1258 1257
f 1194 1195 1258
f 1195 1259 1258
f 1195 1196 1259
f 1196 1260 1259
f 1196 1197 1260
f 1197 1261 1260
f 1197 1198 1261
f 1198 1262 1261
f 1198 1199 1262
f 1199 1263 1262
f 1199 1200 1263
f 1200 1264 1263
f 1200 1201 1264
f 1201 1265 1264
f 1201 1202 1265
f 1202 1266 1265
f 1202 1203 1266
f 1203 1267 1266
f 1203 1204 1267
f 1204 1268 1267
f 1204 1205 1268
f 1205 1269 1268
f 1205 1206 1269
f 1206 1270 1269
f 1206 1207 1270
f 1207 1271 1270
f 1207 1208 1271
f 1208 1272 1271
f 1208 1209 1272
f 1209 1273 1272
f 1209 1210 1273
f 1210 1274 1273
f 1210 1211 1274
f 1211 1275 1274
f 1211 1212 1275
f 1212 1276 1275
f 1212 1213 1276
f 1213 1277 1276
f 1213 1214 1277
f 1214 1278 1277
f 1214 1215 1278
f 1215 1279 1278
f 1215 1216 1279
f 1216 1280 1279
f 1216 1153 1280
f 1153 1217 1280
f 1217 1218 1281
f 1218 1282 1281
f 1218 1219 1282
f 1219 1283 1282
f 1219 1220 1283
f 1220 1284 1283
f 1220 1221 1284
f 1221 1285 1284
f 1221 1222 1285
f 1222 1286 1285
f 1222 1223 1286
f 1223 1287 1286
f 1223 1224 1287
f 1224 1288 1287
f 1224 1225 1288
f 1225 1289 1288
f 1225 1226 1289
f 1226 1290 1289
f 1226 1227 1290
f 1227 1291 1290
f 1227 1228 1291
f 1228 1292 1291
f 1228 1229 1292
f 1229 1293 1292
f 1229 1230 1293
f 1230 1294 1293
f 1230 1231 1294
f 1231 1295 1294
f 1231 1232 1295
f 1232 1296 1295
f 1232 1233 1296
f 1233 1297 1296
f 1233 1234 1297
f 1234 1298 1297
f 1234 1235 1298
f 1235 1299 1298
f 1235 1236 1299
f 1236 1300 1299
f 1236 1237 1300
f 1237 1301 1300
f 1237 1238 1301
f 1238 1302 1301
f 1238 1239 1302
f 1239 1303 1302
f 1239 1240 1303
f 1240 1304 1303
f 1240 1241 1304
f 1241 1305 1304
f 1241 1242 1305
f 1242 1306 1305
f 1242 1243 1306
f 1243 1307 1306
f 1243 1244 1307
f 1244 1308 1307
f 1244 1245 1308
f 1245 1309 1308
f 1245 1246 1309
f 1246 1310 1309
f 1246 1247 1310
f 1247 1311 1310
f 1247 1248 1311
f 1248 1312 1311
f 1248 1249 1312
f 1249 1313 1312
f 1249 1250 1313
f 1250 1314 1313
f 1250 1251 1314
f 1251 1315 1314
f 1251 1252 1315
f 1252 1316 1315
f 1252 1253 1316
f 1253 1317 1316
f 1253 1254 1317
f 1254 1318 1317
f 1254 1255 1318
f 1255 1319 1318
f 1255 1256 1319
f 1256 1320 1319
f 1256 1257 1320
f 1257 1321 1320
f 1257 1258 1321
f 1258 1322 1321
f 1258 1259 1322
f 1259 1323 1322
f 1259 1260 1323
f 1260 1324 1323
f 1260 1261 1324
f 1261 1325 1324
f 1261 1262 1325
f 1262 1326 1325
f 1262 1263 1326
f 1263 1327 1326
f 1263 1264 1327
f 1264 1328 1327
f 1264 1265 1328
f 1265 1329 1328
f 1265 1266 1329
f 1266 1330 1329
f 1266 1267 1330
f 1267 1331 1330
f 1267 1268 1331
f 1268 1332 1331
f 1268 1269 1332
f 1269 1333 1332
f 1269 1270 1333
f 1270 1334 1333
f 1270 1271 1334
f 1271 1335 1334
f 1271 1272 1335
f 1272 1336 1335
f 1272 1273 1336
f 1273 1337 1336
f 1273 1274 1337
f 1274 1338 1337
f 1274 1275 1338
f 1275 1339 1338
f 1275 1276 1339
f 1276 1340 1339
f 1276 1277 1340
f 1277 1341 1340
f 1277 1278 1341
f 1278 1342 1341
f 1278 1279 1342
f 1279 1343 1342
f 1279 1280 1343
f 1280 1344 1343
f 1280 1217 1344
f 1217 1281 1344
f 1281 1282 1345
f 1282 1346 1345
f 1282 1283 1346
f 1283 1347 1346
f 1283 1284 1347
f 1284 1348 1347
f 1284 1285 1348
f 1285 1349 1348
f 1285 1286 1349
f 1286 1350 1349
f 1286 1287 1350
f 1287 1351 1350
f 1287 1288 1351
f 1288 1352 1351
f 1288 1289 1352
f 1289 1353 1352
f 1289 1290 1353
f 1290 1354 1353
f 1290 1291 1354
f 1291 1355 1354
f 1291 1292 1355
f 1292 1356 1355
f 1292 1293 1356
f 1293 1357 1356
f 1293 1294 1357
f 1294 1358 1357
f 1294 1295 1358
f 1295 1359 1358
f 1295 1296 1359
f 1296 1360 1359
f 1296 1297 1360
f 1297 1361 1360
f 1297 1298 1361
f 1298 1362 1361
f 1298 1299 1362
f 1299 1363 1362
f 1299 1300 1363
f 1300 1364 1363
f 1300 1301 1364
f 1301 1365 1364
f 1301 1302 1365
f 1302 1366 1365
f 1302 1303 1366
f 1303 1367 1366
f 1303 1304 1367
f 1304 1368 1367
f 1304 1305 1368
f 1305 1369 1368
f 1305 1306 1369
f 1306 1370 1369
f 1306 1307 1370
f 1307 1371 1370
f 1307 1308 1371
f 1308 1372 1371
f 1308 1309 1372
f 1309 1373 1372
f 1309 1310 1373
f 1310 1374 1373
f 1310 1311 1374
f 1311 1375 1374
f 1311 1312 1375
f 1312 1376 1375
f 1312 1313 1376
f 1313 1377 1376
f 1313 1314 1377
f 1314 1378 1377
f 1314 1315 1378
f 1315 1379 1378
f 1315 1316 1379
f 1316 1380 1379
f 1316 1317 1380
f 1317 1381 1380
f 1317 1318 1381
f 1318 1382 1381
f 1318 1319 1382
f 1319 1383 1382
f 1319 1320 1383
f 1320 1384 1383
f 1320 1321 1384
f 1321 1385 1384
f 1321 1322 1385
f 1322 1386 1385
f 1322 1323 1386
f 1323 1387 1386
f 1323 1324 1387
f 1324 1388 1387
f 1324 1325 1388
f 1325 1389 1388
f 1325 1326 1389
f 1326 1390 1389
f 1326 1327 1390
f 1327 1391 1390
f 1327 1328 1391
f 1328 1392 1391
f 1328 1329 1392
f 1329 1393 1392
f 1329 1330 1393
f 1330 1394 1393
f 1330 1331 1394
f 1331 1395 1394
f 1331 1332 1395
f 1332 1396 1395
f 1332 1333 1396
f 1333 1397 1396
f 1333 1334 1397
f 1334 1398 1397
f 1334 1335 1398
f 1335 1399 1398
f 1335 1336 1399
f 1336 1400 1399
f 1336 1337 1400
f 1337 1401 1400
f 1337 1338 1401
f 1338 1402 1401
f 1338 1339 1402
f 1339 1403 1402
f 1339 1340 1403
f 1340 1404 1403
f 1340 1341 1404
f 1341 1405 1404
f 1341 1342 1405
f 1342 1406 1405
f 1342 1343 1406
f 1343 1407 1406
f 1343 1344 1407
f 1344 1408 1407
f 1344 1281 1408
f 1281 1345 1408
f 1345 1346 1409
f 1346 1410 1409
f 1346 1347 1410
f 1347 1411 1410
f 1347 1348 1411
f 1348 1412 1411
f 1348 1349 1412
f 1349 1413 1412
f 1349 1350 1413
f 1350 1414 1413
f 1350 1351 1414
f 1351 1415 1414
f 1351 1352 1415
f 1352 1416 1415
f 1352 1353 1416
f 1353 1417 1416
f 1353 1354 1417
f 1354 1418 1417
f 1354 1355 1418
f 1355 1419 1418
f 1355 1356 1419
f 1356 1420 1419
f 1356 1357 1420
f 1357 1421 1420
f 1357 1358 1421
f 1358 1422 1421
f 1358 1359 1422
f 1359 1423 1422
f 1359 1360 1423
f 1360 1424 1423
f 1360 1361 1424
f 1361 1425 1424
f 1361 1362 1425
f 1362 1426 1425
f 1362 1363 1426
f 1363 1427 1426
f 1363 1364 1427
f 1364 1428 1427
f 1364 1365 1428
f 1365 1429 1428
f 1365 1366 1429
f 1366 1430 1429
f 1366 1367 1430
f 1367 1431 1430
f 1367 1368 1431
f 1368 1432 1431
f 1368 1369 1432
f 1369 1433 1432
f 1369 1370 1433
f 1370 1434 1433
f 1370 1371 1434
f 1371 1435 1434
f 1371 1372 1435
f 1372 1436 1435
f 1372 1373 1436
f 1373 1437 1436
f 1373 1374 1437
f 1374 1438 1437
f 1374 1375 1438
f 1375 1439 1438
f 1375 1376 1439
f 1376 1440 1439
f 1376 1377 1440
f 1377 1441 1440
f 1377 1378 1441
f 1378 1442 1441
f 1378 1379 1442
f 1379 1443 1442
f 1379 1380 1443
f 1380 1444 1443
f 1380 1381 1444
f 1381 1445 1444
f 1381 1382 1445
f 1382 1446 1445
f 1382 1383 1446
f 1383 1447 1446
f 1383 1384 1447
f 1384 1448 1447
f 1384 1385 1448
f 1385 1449 1448
f 1385 1386 1449
f 1386 1450 1449
f 1386 1387 1450
f 1387 1451 1450
f 1387 1388 1451
f 1388 1452 1451
f 1388 1389 1452
f 1389 1453 1452
f 1389 1390 1453
f 1390 1454 1453
f 1390 1391 1454
f 1391 1455 1454
f 1391 1392 1455
f 1392 1456 1455
f 1392 1393 1456
f 1393 1457 1456
f 1393 1394 1457
f 1394 1458 1457
f 1394 1395 1458
f 1395 1459 1458
f 1395 1396 1459
f 1396 1460 1459
f 1396 1397 1460
f 1397 1461 1460
f 1397 1398 1461
f 1398 1462 1461
f 1398 1399 1462
f 1399 1463 1462
f 1399 1400 1463
f 1400 1464 1463
f 1400 1401 1464
f 1401 1465 1464
f 1401 1402 1465
f 1402 1466 1465
f 1402 1403 1466
f 1403 1467 1466
f 1403 1404 1467
f 1404 1468 1467
f 1404 1405 1468
f 1405 1469 1468
f 1405 1406 1469
f 1406 1470 1469
f 1406 1407 1470
f 1407 1471 1470
f 1407 1408 1471
f 1408 1472 1471
f 1408 1345 1472
f 1345 1409 1472
f 1409 1410 1473
f 1410 1474 1473
f 1410 1411 1474
f 1411 1475 1474
f 1411 1412 1475
f 1412 1476 1475
f 1412 1413 1476
f 1413 1477 1476
f 1413 1414 1477
f 1414 1478 1477
f 1414 1415 1478
f 1415 1479 1478
f 1415 1416 1479
f 1416 1480 1479
f 1416 1417 1480
f 1417 1481 1480
f 1417 1418 1481
f 1418 1482 1481
f 1418 1419 1482
f 1419 1483 1482
f 1419 1420 1483
f 1420 1484 1483
f 1420 1421 1484
f 1421 1485 1484
f 1421 1422 1485
f 1422 1486 1485
f 1422 1423 1486
f 1423 1487 1486
f 1423 1424 1487
f 1424 1488 1487
f 1424 1425 1488
f 1425 1489 1488
f 1425 1426 1489
f 1426 1490 1489
f 1426 1427 1490
f 1427 1491 1490
f 1427 1428 1491
f 1428 1492 1491
f 1428 1429 1492
f 1429 1493 1492
f 1429 1430 1493
f 1430 1494 1493
f 1430 1431 1494
f 1431 1495 1494
f 1431 1432 1495
f 1432 1496 1495
f 1432 1433 1496
f 1433 1497 1496
f 1433 1434 1497
f 1434 1498 1497
f 1434 1435 1498
f 1435 1499 1498
f 1435 1436 1499
f 1436 1500 1499
f 1436 1437 1500
f 1437 1501 1500
f 1437 1438 1501
f 1438 1502 1501
f 1438 1439 1502
f 1439 1503 1502
f 1439 1440 1503
f 1440 1504 1503
f 1440 1441 1504
f 1441 1505 1504
f 1441 1442 1505
f 1442 1506 1505
f 1442 1443 1506
f 1443 1507 1506
f 1443 1444 1507
f 1444 1508 1507
f 1444 1445 1508
f 1445 1509 1508
f 1445 1446 1509
f 1446 1510 1509
f 1446 1447 1510
f 1447 1511 1510
f 1447 1448 1511
f 1448 1512 1511
f 1448 1449 1512
f 1449 1513 1512
f 1449 1450 1513
f 1450 1514 1513
f 1450 1451 1514
f 1451 1515 1514
f 1451 1452 1515
f 1452 1516 1515
f 1452 1453 1516
f 1453 1517 1516
f 1453 1454 1517
f 1454 1518 1517
f 1454 1455 1518
f 1455 1519 1518
f 1455 1456 1519
f 1456 1520 1519
f 1456 1457 1520
f 1457 1521 1520
f 1457 1458 1521
f 1458 1522 1521
f 1458 1459 1522
f 1459 1523 1522
f 1459 1460 1523
f 1460 1524 1523
f 1460 1461 1524
f 1461 1525 1524
f 1461 1462 1525
f 1462 1526 1525
f 1462 1463 1526
f 1463 1527 1526
f 1463 1464 1527
f 1464 1528 1527
f 1464 1465 1528
f 1465 1529 1528
f 1465 1466 1529
f 1466 1530 1529
f 1466 1467 1530
f 1467 1531 1530
f 1467 1468 1531
f 1468 1532 1531
f 1468 1469 1532
f 1469 1533 1532
f 1469 1470 1533
f 1470 1534 1533
f 1470 1471 1534
f 1471 1535 1534
f 1471 1472 1535
f 1472 1536 1535
f 1472 1409 1536
f 1409 1473 1536
f 1473 1474 1537
f 1474 1538 1537
f 1474 1475 1538
f 1475 1539 1538
f 1475 1476 1539
f 1476 1540 1539
f 1476 1477 1540
f 1477 1541 1540
f 1477 1478 1541
f 1478 1542 1541
f 1478 1479 1542
f 1479 1543 1542
f 1479 1480 1543
f 1480 1544 1543
f 1480 1481 1544
f 1481 1545 1544
f 1481 1482 1545
f 1482 1546 1545
f 1482 1483 1546
f 1483 1547 1546
f 1483 1484 1547
f 1484 1548 1547
f 1484 1485 1548
f 1485 1549 1548
f 1485 1486 1549
f 1486 1550 1549
f 1486 1487 1550
f 1487 1551 1550
f 1487 1488 1551
f 1488 1552 1551
f 1488 1489 1552
f 1489 1553 1552
f 1489 1490 1553
f 1490 1554 1553
f 1490 1491 1554
f 1491 1555 1554
f 1491 1492 1555
f 1492 1556 1555
f 1492 1493 1556
f 1493 1557 1556
f 1493 1494 1557
f 1494 1558 1557
f 1494 1495 1558
f 1495 1559 1558
f 1495 1496 1559
f 1496 1560 1559
f 1496 1497 1560
f 1497 1561 1560
f 1497 1498 1561
f 1498 1562 1561
f 1498 1499 1562
f 1499 1563 1562
f 1499 1500 1563
f 1500 1564 1563
f 1500 1501 1564
f 1501 1565 1564
f 1501 1502 1565
f 1502 1566 1565
f 1502 1503 1566
f 1503 1567 1566
f 1503 1504 1567
f 1504 1568 1567
f 1504 1505 1568
f 1505 1569 1568
f 1505 1506 1569
f 1506 1570 1569
f 1506 1507 1570
f 1507 1571 1570
f 1507 1508 1571
f 1508 1572 1571
f 1508 1509 1572
f 1509 1573 1572
f 1509 1510 1573
f 1510 1574 1573
f 1510 1511 1574
f 1511 1575 1574
f 1511 1512 1575
f 1512 1576 1575
f 1512 1513 1576
f 1513 1577 1576
f 1513 1514 1577
f 1514 1578 1577
f 1514 1515 1578
f 1515 1579 1578
f 1515 1516 1579
f 1516 1580 1579
f 1516 1517 1580
f 1517 1581 1580
f 1517 1518 1581
f 1518 1582 1581
f 1518 1519 1582
f 1519 1583 1582
f 1519 1520 1583
f 1520 1584 1583
f 1520 1521 1584
f 1521 1585 1584
f 1521 1522 1585
f 1522 1586 1585
f 1522 1523 1586
f 1523 1587 1586
f 1523 1524 1587
f 1524 1588 1587
f 1524 1525 1588
f 1525 1589 1588
f 1525 1526 1589
f 1526 1590 1589
f 1526 1527 1590
f 1527 1591 1590
f 1527 1528 1591
f 1528 1592 1591
f 1528 1529 1592
f 1529 1593 1592
f 1529 1530 1593
f 1530 1594 1593
f 1530 1531 1594
f 1531 1595 1594
f 1531 1532 1595
f 1532 1596 1595
f 1532 1533 1596
f 1533 1597 1596
f 1533 1534 1597
f 1534 1598 1597
f 1534 1535 1598
f 1535 1599 1598
f 1535 1536 1599
f 1536 1600 1599
f 1536 1473 1600
f 1473 1537 1600
f 1537 1538 1601
f 1538 1602 1601
f 1538 1539 1602
f 1539 1603 1602
f 1539 1540 1603
f 1540 1604 1603
f 1540 1541 1604
f 1541 1605 1604
f 1541 1542 1605
f 1542 1606 1605
f 1542 1543 1606
f 1543 1607 1606
f 1543 1544 1607
f 1544 1608 1607
f 1544 1545 1608
f 1545 1609 1608
f 1545 1546 1609
f 1546 1610 1609
f 1546 1547 1610
f 1547 1611 1610
f 1547 1548 1611
f 1548 1612 1611
f 1548 1549 1612
f 1549 1613 1612
f 1549 1550 1613
f 1550 1614 1613
f 1550 1551 1614
f 1551 1615 1614
f 1551 1552 1615
f 1552 1616 1615
f 1552 1553 1616
f 1553 1617 1616
f 1553 1554 1617
f 1554 1618 1617
f 1554 1555 1618
f 1555 1619 1618
f 1555 1556 1619
f 1556 1620 1619
f 1556 1557 1620
f 1557 1621 1620
f 1557 1558 1621
f 1558 1622 1621
f 1558 1559 1622
f 1559 1623 1622
f 1559 1560 1623
f 1560 1624 1623
f 1560 1561 1624
f 1561 1625 1624
f 1561 1562 1625
f 1562 1626 1625
f 1562 1563 1626
f 1563 1627 1626
f 1563 1564 1627
f 1564 1628 1627
f 1564 1565 1628
f 1565 1629 1628
f 1565 1566 1629
f 1566 1630 1629
f 1566 1567 1630
f 1567 1631 1630
f 1567 1568 1631
f 1568 1632 1631
f 1568 1569 1632
f 1569 1633 1632
f 1569 1570 1633
f 1570 1634 1633
f 1570 1571 1634
f 1571 1635 1634
f 1571 1572 1635
f 1572 1636 1635
f 1572 1573 1636
f 1573 1637 1636
f 1573 1574 1637
f 1574 1638 1637
f 1574 1575 1638
f 1575 1639 1638
f 1575 1576 1639
f 1576 1640 1639
f 1576 1577 1640
f 1577 1641 1640
f 1577 1578 1641
f 1578 1642 1641
f 1578 1579 1642
f 1579 1643 1642
f 1579 1580 1643
f 1580 1644 1643
f 1580 1581 1644
f 1581 1645 1644
f 1581 1582 1645
f 1582 1646 1645
f 1582 1583 1646
f 1583 1647 1646
f 1583 1584 1647
f 1584 1648 1647
f 1584 1585 1648
f 1585 1649 1648
f 1585 1586 1649
f 1586 1650 1649
f 1586 1587 1650
f 1587 1651 1650
f 1587 1588 1651
f 1588 1652 1651
f 1588 1589 1652
f 1589 1653 1652
f 1589 1590 1653
f 1590 1654 1653
f 1590 1591 1654
f 1591 1655 1654
f 1591 1592 1655
f 1592 1656 1655
f 1592 1593 1656
f 1593 1657 1656
f 1593 1594 1657
f 1594 1658 1657
f 1594 1595 1658
f 1595 1659 1658
f 1595 1596 1659
f 1596 1660 1659
f 1596 1597 1660
f 1597 1661 1660
f 1597 1598 1661
f 1598 1662 1661
f 1598 1599 1662
f 1599 1663 1662
f 1599 1600 1663
f 1600 1664 1663
f 1600 1537 1664
f 1537 1601 1664
f 1601 1602 1665
f 1602 1666 1665
f 1602 1603 1666
f 1603 1667 1666
f 1603 1604 1667
f 1604 1668 1667
f 1604 1605 1668
f 1605 1669 1668
f 1605 1606 1669
f 1606 1670 1669
f 1606 1607 1670
f 1607 1671 1670
f 1607 1608 1671
f 1608 1672 1671
f 1608 1609 1672
f 1609 1673 1672
f 1609 1610 1673
f 1610 1674 1673
f 1610 1611 1674
f 1611 1675 1674
f 1611 1612 1675
f 1612 1676 1675
f 1612 1613 1676
f 1613 1677 1676
f 1613 1614 1677
f 1614 1678 1677
f 1614 1615 1678
f 1615 1679 1678
f 1615 1616 1679
f 1616 1680 1679
f 1616 1617 1680
f 1617 1681 1680
f 1617 1618 1681
f 1618 1682 1681
f 1618 1619 1682
f 1619 1683 1682
f 1619 1620 1683
f 1620 1684 1683
f 1620 1621 1684
f 1621 1685 1684
f 1621 1622 1685
f 1622 1686 1685
f 1622 1623 1686
f 1623 1687 1686
f 1623 1624 1687
f 1624 1688 1687
f 1624 1625 1688
f 1625 1689 1688
f 1625 1626 1689
f 1626 1690 1689
f 1626 1627 1690
f 1627 1691 1690
f 1627 1628 1691
f 1628 1692 1691
f 1628 1629 1692
f 1629 1693 1692
f 1629 1630 1693
f 1630 1694 1693
f 1630 1631 1694
f 1631 1695 1694
f 1631 1632 1695
f 1632 1696 1695
f 1632 1633 1696
f 1633 1697 1696
f 1633 1634 1697
f 1634 1698 1697
f 1634 1635 1698
f 1635 1699 1698
f 1635 1636 1699
f 1636 1700 1699
f 1636 1637 1700
f 1637 1701 1700
f 1637 1638 1701
f 1638 1702 1701
f 1638 1639 1702
f 1639 1703 1702
f 1639 1640 1703
f 1640 1704 1703
f 1640 1641 1704
f 1641 1705 1704
f 1641 1642 1705
f 1642 1706 1705
f 1642 1643 1706
f 1643 1707 1706
f 1643 1644 1707
f 1644 1708 1707
f 1644 1645 1708
f 1645 1709 1708
f 1645 1646 1709
f 1646 1710 1709
f 1646 1647 1710
f 1647 1711 1710
f 1647 1648 1711
f 1648 1712 1711
f 1648 1649 1712
f 1649 1713 1712
f 1649 1650 1713
f 1650 1714 1713
f 1650 1651 1714
f 1651 1715 1714
f 1651 1652 1715
f 1652 1716 1715
f 1652 1653 1716
f 1653 1717 1716
f 1653 1654 1717
f 1654 1718 1717
f 1654 1655 1718
f 1655 1719 1718
f 1655 1656 1719
f 1656 1720 1719
f 1656 1657 1720
f 1657 1721 1720
f 1657 1658 1721
f 1658 1722 1721
f 1658 1659 1722
f 1659 1723 1722
f 1659 1660 1723
f 1660 1724 1723
f 1660 1661 1724
f 1661 1725 1724
f 1661 1662 1725
f 1662 1726 1725
f 1662 1663 1726
f 1663 1727 1726
f 1663 1664 1727
f 1664 1728 1727
f 1664 1601 1728
f 1601 1665 1728
f 1665 1666 1729
f 1666 1730 1729
f 1666 1667 1730
f 1667 1731 1730
f 1667 1668 1731
f 1668 1732 1731
f 1668 1669 1732
f 1669 1733 1732
f 1669 1670 1733
f 1670 1734 1733
f 1670 1671 1734
f 1671 1735 1734
f 1671 1672 1735
f 1672 1736 1735
f 1672 1673 1736
f 1673 1737 1736
f 1673 1674 1737
f 1674 1738 1737
f 1674 1675 1738
f 1675 1739 1738
f 1675 1676 1739
f 1676 1740 1739
f 1676 1677 1740
f 1677 1741 1740
f 1677 1678 1741
f 1678 1742 1741
f 1678 1679 1742
f 1679 1743 1742
f 1679 1680 1743
f 1680 1744 1743
f 1680 1681 1744
f 1681 1745 1744
f 1681 1682 1745
f 1682 1746 1745
f 1682 1683 1746
f 1683 1747 1746
f 1683 1684 1747
f 1684 1748 1747
f 1684 1685 1748
f 1685 1749 1748
f 1685 1686 1749
f 1686 1750 1749
f 1686 1687 1750
f 1687 1751 1750
f 1687 1688 1751
f 1688 1752 1751
f 1688 1689 1752
f 1689 1753 1752
f 1689 1690 1753
f 1690 1754 1753
f 1690 1691 1754
f 1691 1755 1754
f 1691 1692 1755
f 1692 1756 1755
f 1692 1693 1756
f 1693 1757 1756
f 1693 1694 1757
f 1694 1758 1757
f 1694 1695 1758
f 1695 1759 1758
f 1695 1696 1759
f 1696 1760 1759
f 1696 1697 1760
f 1697 1761 1760
f 1697 1698 1761
f 1698 1762 1761
f 1698 1699 1762
f 1699 1763 1762
f 1699 1700 1763
f 1700 1764 1763
f 1700 1701 1764
f 1701 1765 1764
f 1701 1702 1765
f 1702 1766 1765
f 1702 1703 1766
f 1703 1767 1766
f 1703 1704 1767
f 1704 1768 1767
f 1704 1705 1768
f 1705 1769 1768
f 1705 1706 1769
f 1706 1770 1769
f 1706 1707 1770
f 1707 1771 1770
f 1707 1708 1771
f 1708 1772 1771
f 1708 1709 1772
f 1709 1773 1772
f 1709 1710 1773
f 1710 1774 1773
f 1710 1711 1774
f 1711 1775 1774
f 1711 1712 1775
f 1712 1776 1775
f 1712 1713 1776
f 1713 1777 1776
f 1713 1714 1777
f 1714 1778 1777
f 1714 1715 1778
f 1715 1779 1778
f 1715 1716 1779
f 1716 1780 1779
f 1716 1717 1780
f 1717 1781 1780
f 1717 1718 1781
f 1718 1782 1781
f 1718 1719 1782
f 1719 1783 1782
f 1719 1720 1783
f 1720 1784 1783
f 1720 1721 1784
f 1721 1785 1784
f 1721 1722 1785
f 1722 1786 1785
f 1722 1723 1786
f 1723 1787 1786
f 1723 1724 1787
f 1724 1788 1787
f 1724 1725 1788
f 1725 1789 1788
f 1725 1726 1789
f 1726 1790 1789
f 1726 1727 1790
f 1727 1791 1790
f 1727 1728 1791
f 1728 1792 1791
f 1728 1665 1792
f 1665 1729 1792
f 1729 1730 1793
f 1730 1794 1793
f 1730 1731 1794
f 1731 1795 1794
f 1731 1732 1795
f 1732 1796 1795
f 1732 1733 1796
f 1733 1797 1796
f 1733 1734 1797
f 1734 1798 1797
f 1734 1735 1798
f 1735 1799 1798
f 1735 1736 1799
f 1736 1800 1799
f 1736 1737 1800
f 1737 1801 1800
f 1737 1738 1801
f 1738 1802 1801
f 1738 1739 1802
f 1739 1803 1802
f 1739 1740 1803
f 1740 1804 1803
f 1740 1741 1804
f 1741 1805 1804
f 1741 1742 1805
f 1742 1806 1805
f 1742 1743 1806
f 1743 1807 1806
f 1743 1744 1807
f 1744 1808 1807
f 1744 1745 1808
f 1745 1809 1808
f 1745 1746 1809
f 1746 1810 1809
f 1746 1747 1810
f 1747 1811 1810
f 1747 1748 1811
f 1748 1812 1811
f 1748 1749 1812
f 1749 1813 1812
f 1749 1750 1813
f 1750 1814 1813
f 1750 1751 1814
f 1751 1815 1814
f 1751 1752 1815
f 1752 1816 1815
f 1752 1753 1816
f 1753 1817 1816
f 1753 1754 1817
f 1754 1818 1817
f 1754 1755 1818
f 1755 1819 1818
f 1755 1756 1819
f 1756 1820 1819
f 1756 1757 1820
f 1757 1821 1820
f 1757 1758 1821
f 1758 1822 1821
f 1758 1759 1822
f 1759 1823 1822
f 1759 1760 1823
f 1760 1824 1823
f 1760 1761 1824
f 1761 1825 1824
f 1761 1762 1825
f 1762 1826 1825
f 1762 1763 1826
f 1763 1827 1826
f 1763 1764 1827
f 1764 1828 1827
f 1764 1765 1828
f 1765 1829 1828
f 1765 1766 1829
f 1766 1830 1829
f 1766 1767 1830
f 1767 1831 1830
f 1767 1768 1831
f 1768 1832 1831
f 1768 1769 1832
f 1769 1833 1832
f 1769 1770 1833
f 1770 1834 1833
f 1770 1771 1834
f 1771 1835 1834
f 1771 1772 1835
f 1772 1836 1835
f 1772 1773 1836
f 1773 1837 1836
f 1773 1774 1837
f 1774 1838 1837
f 1774 1775 1838
f 1775 1839 1838
f 1775 1776 1839
f 1776 1840 1839
f 1776 1777 1840
f 1777 1841 1840
f 1777 1778 1841
f 1778 1842 1841
f 1778 1779 1842
f 1779 1843 1842
f 1779 1780 1843
f 1780 1844 1843
f 1780 1781 1844
f 1781 1845 1844
f 1781 1782 1845
f 1782 1846 1845
f 1782 1783 1846
f 1783 1847 1846
f 1783 1784 1847
f 1784 1848 1847
f 1784 1785 1848
f 1785 1849 1848
f 1785 1786 1849
f 1786 1850 1849
f 1786 1787 1850
f 1787 1851 1850
f 1787 1788 1851
f 1788 1852 1851
f 1788 1789 1852
f 1789 1853 1852
f 1789 1790 1853
f 1790 1854 1853
f 1790 1791 1854
f 1791 1855 1854
f 1791 1792 1855
f 1792 1856 1855
f 1792 1729 1856
f 1729 1793 1856
f 1793 1794 1857
f 1794 1858 1857
f 1794 1795 1858
f 1795 1859 1858
f 1795 1796 1859
f 1796 1860 1859
f 1796 1797 1860
f 1797 1861 1860
f 1797 1798 1861
f 1798 1862 1861
f 1798 1799 1862
f 1799 1863 1862
f 1799 1800 1863
f 1800 1864 1863
f 1800 1801 1864
f 1801 1865 1864
f 1801 1802 1865
f 1802 1866 1865
f 1802 1803 1866
f 1803 1867 1866
f 1803 1804 1867
f 1804 1868 1867
f 1804 1805 1868
f 1805 1869 1868
f 1805 1806 1869
f 1806 1870 1869
f 1806 1807 1870
f 1807 1871 1870
f 1807 1808 1871
f 1808 1872 1871
f 1808 1809 1872
f 1809 1873 1872
f 1809 1810 1873
f 1810 1874 1873
f 1810 1811 1874
f 1811 1875 1874
f 1811 1812 1875
f 1812 1876 1875
f 1812 1813 1876
f 1813 1877 1876
f 1813 1814 1877
f 1814 1878 1877
f 1814 1815 1878
f 1815 1879 1878
f 1815 1816 1879
f 1816 1880 1879
f 1816 1817 1880
f 1817 1881 1880
f 1817 1818 1881
f 1818 1882 1881
f 1818 1819 1882
f 1819 1883 1882
f 1819 1820 1883
f 1820 1884 1883
f 1820 1821 1884
f 1821 1885 1884
f 1821 1822 1885
f 1822 1886 1885
f 1822 1823 1886
f 1823 1887 1886
f 1823 1824 1887
f 1824 1888 1887
f 1824 1825 1888
f 1825 1889 1888
f 1825 1826 1889
f 1826 1890 1889
f 1826 1827 1890
f 1827 1891 1890
f 1827 1828 1891
f 1828 1892 1891
f 1828 1829 1892
f 1829 1893 1892
f 1829 1830 1893
f 1830 1894 1893
f 1830 1831 1894
f 1831 1895 1894
f 1831 1832 1895
f 1832 1896 1895
f 1832 1833 1896
f 1833 1897 1896
f 1833 1834 1897
f 1834 1898 1897
f 1834 1835 1898
f 1835 1899 1898
f 1835 1836 1899
f 1836 1900 1899
f 1836 1837 1900
f 1837 1901 1900
f 1837 1838 1901
f 1838 1902 1901
f 1838 1839 1902
f 1839 1903 1902
f 1839 1840 1903
f 1840 1904 1903
f 1840 1841 1904
f 1841 1905 1904
f 1841 1842 1905
f 1842 1906 1905
f 1842 1843 1906
f 1843 1907 1906
f 1843 1844 1907
f 1844 1908 1907
f 1844 1845 1908
f 1845 1909 1908
f 1845 1846 1909
f 1846 1910 1909
f 1846 1847 1910
f 1847 1911 1910
f 1847 1848 1911
f 1848 1912 1911
f 1848 1849 1912
f 1849 1913 1912
f 1849 1850 1913
f 1850 1914 1913
f 1850 1851 1914
f 1851 1915 1914
f 1851 1852 1915
f 1852 1916 1915
f 1852 1853 1916
f 1853 1917 1916
f 1853 1854 1917
f 1854 1918 1917
f 1854 1855 1918
f 1855 1919 1918
f 1855 1856 1919
f 1856 1920 1919
f 1856 1793 1920
f 1793 1857 1920
f 1857 1858 1921
f 1858 1922 1921
f 1858 1859 1922
f 1859 1923 1922
f 1859 1860 1923
f 1860 1924 1923
f 1860 1861 1924
f 1861 1925 1924
f 1861 1862 1925
f 1862 1926 1925
f 1862 1863 1926
f 1863 1927 1926
f 1863 1864 1927
f 1864 1928 1927
f 1864 1865 1928
f 1865 1929 1928
f 1865 1866 1929
f 1866 1930 1929
f 1866 1867 1930
f 1867 1931 1930
f 1867 1868 1931
f 1868 1932 1931
f 1868 1869 1932
f 1869 1933 1932
f 1869 1870 1933
f 1870 1934 1933
f 1870 1871 1934
f 1871 1935 1934
f 1871 1872 1935
f 1872 1936 1935
f 1872 1873 1936
f 1873 1937 1936
f 1873 1874 1937
f 1874 1938 1937
f 1874 1875 1938
f 1875 1939 1938
f 1875 1876 1939
f 1876 1940 1939
f 1876 1877 1940
f 1877 1941 1940
f 1877 1878 1941
f 1878 1942 1941
f 1878 1879 1942
f 1879 1943 1942
f 1879 1880 1943
f 1880 1944 1943
f 1880 1881 1944
f 1881 1945 1944
f 1881 1882 1945
f 1882 1946 1945
f 1882 1883 1946
f 1883 1947 1946
f 1883 1884 1947
f 1884 1948 1947
f 1884 1885 1948
f 1885 1949 1948
f 1885 1886 1949
f 1886 1950 1949
f 1886 1887 1950
f 1887 1951 1950
f 1887 1888 1951
f 1888 1952 1951
f 1888 1889 1952
f 1889 1953 1952
f 1889 1890 1953
f 1890 1954 1953
f 1890 1891 1954
f 1891 1955 1954
f 1891 1892 1955
f 1892 1956 1955
f 1892 1893 1956
f 1893 1957 1956
f 1893 1894 1957
f 1894 1958 1957
f 1894 1895 1958
f 1895 1959 1958
f 1895 1896 1959
f 1896 1960 1959
f 1896 1897 1960
f 1897 1961 1960
f 1897 1898 1961
f 1898 1962 1961
f 1898 1899 1962
f 1899 1963 1962
f 1899 1900 1963
f 1900 1964 1963
f 1900 1901 1964
f 1901 1965 1964
f 1901 1902 1965
f 1902 1966 1965
f 1902 1903 1966
f 1903 1967 1966
f 1903 1904 1967
f 1904 1968 1967
f 1904 1905 1968
f 1905 1969 1968
f 1905 1906 1969
f 1906 1970 1969
f 1906 1907 1970
f 1907 1971 1970
f 1907 1908 1971
f 1908 1972 1971
f 1908 1909 1972
f 1909 1973 1972
f 1909 1910 1973
f 1910 1974 1973
f 1910 1911 1974
f 1911 1975 1974
f 1911 1912 1975
f 1912 1976 1975
f 1912 1913 1976
f 1913 1977 1976
f 1913 1914 1977
f 1914 1978 1977
f 1914 1915 1978
f 1915 1979 1978
f 1915 1916 1979
f 1916 1980 1979
f 1916 1917 1980
f 1917 1981 1980
f 1917 1918 1981
f 1918 1982 1981
f 1918 1919 1982
f 1919 1983 1982
f 1919 1920 1983
f 1920 1984 1983
f 1920 1857 1984
f 1857 1921 1984
f 1921 1922 1985
f 1922 1986 1985
f 1922 1923 1986
f 1923 1987 1986
f 1923 1924 1987
f 1924 1988 1987
f 1924 1925 1988
f 1925 1989 1988
f 1925 1926 1989
f 1926 1990 1989
f 1926 1927 1990
f 1927 1991 1990
f 1927 1928 1991
f 1928 1992 1991
f 1928 1929 1992
f 1929 1993 1992
f 1929 1930 1993
f 1930 1994 1993
f 1930 1931 1994
f 1931 1995 1994
f 1931 1932 1995
f 1932 1996 1995
f 1932 1933 1996
f 1933 1997 1996
f 1933 1934 1997
f 1934 1998 1997
f 1934 1935 1998
f 1935 1999 1998
f 1935 1936 1999
f 1936 2000 1999
f 1936 1937 2000
f 1937 2001 2000
f 1937 1938 2001
f 1938 2002 2001
f 1938 1939 2002
f 1939 2003 2002
f 1939 1940 2003
f 1940 2004 2003
f 1940 1941 2004
f 1941 2005 2004
f 1941 1942 2005
f 1942 2006 2005
f 1942 1943 2006
f 1943 2007 2006
f 1943 1944 2007
f 1944 2008 2007
f 1944 1945 2008
f 1945 2009 2008
f 1945 1946 2009
f 1946 2010 2009
f 1946 1947 2010
f 1947 2011 2010
f 1947 1948 2011
f 1948 2012 2011
f 1948 1949 2012
f 1949 2013 2012
f 1949 1950 2013
f 1950 2014 2013
f 1950 1951 2014
f 1951 2015 2014
f 1951 1952 2015
f 1952 2016 2015
f 1952 1953 2016
f 1953 2017 2016
f 1953 1954 2017
f 1954 2018 2017
f 1954 1955 2018
f 1955 2019 2018
f 1955 1956 2019
f 1956 2020 2019
f 1956 1957 2020
f 1957 2021 2020
f 1957 1958 2021
f 1958 2022 2021
f 1958 1959 2022
f 1959 2023 2022
f 1959 1960 2023
f 1960 2024 2023
f 1960 1961 2024
f 1961 2025 2024
f 1961 1962 2025
f 1962 2026 2025
f 1962 1963 2026
f 1963 2027 2026
f 1963 1964 2027
f 1964 2028 2027
f 1964 1965 2028
f 1965 2029 2028
f 1965 1966 2029
f 1966 2030 2029
f 1966 1967 2030
f 1967 2031 2030
f 1967 1968 2031
f 1968 2032 2031
f 1968 1969 2032
f 1969 2033 2032
f 1969 1970 2033
f 1970 2034 2033
f 1970 1971 2034
f 1971 2035 2034
f 1971 1972 2035
f 1972 2036 2035
f 1972 1973 2036
f 1973 2037 2036
f 1973 1974 2037
f 1974 2038 2037
f 1974 1975 2038
f 1975 2039 2038
f 1975 1976 2039
f 1976 2040 2039
f 1976 1977 2040
f 1977 2041 2040
f 1977 1978 2041
f 1978 2042 2041
f 1978 1979 2042
f 1979 2043 2042
f 1979 1980 2043
f 1980 2044 2043
f 1980 1981 2044
f 1981 2045 2044
f 1981 1982 2045
f 1982 2046 2045
f 1982 1983 2046
f 1983 2047 2046
f 1983 1984 2047
f 1984 2048 2047
f 1984 1921 2048
f 1921 1985 2048
f 1985 1986 2049
f 1986 2050 2049
f 1986 1987 2050
f 1987 2051 2050
f 1987 1988 2051
f 1988 2052 2051
f 1988 1989 2052
f 1989 2053 2052
f 1989 1990 2053
f 1990 2054 2053
f 1990 1991 2054
f 1991 2055 2054
f 1991 1992 2055
f 1992 2056 2055
f 1992 1993 2056
f 1993 2057 2056
f 1993 1994 2057
f 1994 2058 2057
f 1994 1995 2058
f 1995 2059 2058
f 1995 1996 2059
f 1996 2060 2059
f 1996 1997 2060
f 1997 2061 2060
f 1997 1998 2061
f 1998 2062 2061
f 1998 1999 2062
f 1999 2063 2062
f 1999 2000 2063
f 2000 2064 2063
f 2000 2001 2064
f 2001 2065 2064
f 2001 2002 2065
f 2002 2066 2065
f 2002 2003 2066
f 2003 2067 2066
f 2003 2004 2067
f 2004 2068 2067
f 2004 2005 2068
f 2005 2069 2068
f 2005 2006 2069
f 2006 2070 2069
f 2006 2007 2070
f 2007 2071 2070
f 2007 2008 2071
f 2008 2072 2071
f 2008 2009 2072
f 2009 2073 2072
f 2009 2010 2073
f 2010 2074 2073
f 2010 2011 2074
f 2011 2075 2074
f 2011 2012 2075
f 2012 2076 2075
f 2012 2013 2076
f 2013 2077 2076
f 2013 2014 2077
f 2014 2078 2077
f 2014 2015 2078
f 2015 2079 2078
f 2015 2016 2079
f 2016 2080 2079
f 2016 2017 2080
f 2017 2081 2080
f 2017 2018 2081
f 2018 2082 2081
f 2018 2019 2082
f 2019 2083 2082
f 2019 2020 2083
f 2020 2084 2083
f 2020 2021 2084
f 2021 2085 2084
f 2021 2022 2085
f 2022 2086 2085
f 2022 2023 2086
f 2023 2087 2086
f 2023 2024 2087
f 2024 2088 2087
f 2024 2025 2088
f 2025 2089 2088
f 2025 2026 2089
f 2026 2090 2089
f 2026 2027 2090
f 2027 2091 2090
f 2027 2028 2091
f 2028 2092 2091
f 2028 2029 2092
f 2029 2093 2092
f 2029 2030 2093
f 2030 2094 2093
f 2030 2031 2094
f 2031 2095 2094
f 2031 2032 2095
f 2032 2096 2095
f 2032 2033 2096
f 2033 2097 2096
f 2033 2034 2097
f 2034 2098 2097
f 2034 2035 2098
f 2035 2099 2098
f 2035 2036 2099
f 2036 2100 2099
f 2036 2037 2100
f 2037 2101 2100
f 2037 2038 2101
f 2038 2102 2101
f 2038 2039 2102
f 2039 2103 2102
f 2039 2040 2103
f 2040 2104 2103
f 2040 2041 2104
f 2041 2105 2104
f 2041 2042 2105
f 2042 2106 2105
f 2042 2043 2106
f 2043 2107 2106
f 2043 2044 2107
f 2044 2108 2107
f 2044 2045 2108
f 2045 2109 2108
f 2045 2046 2109
f 2046 2110 2109
f 2046 2047 2110
f 2047 2111 2110
f 2047 2048 2111
f 2048 2112 2111
f 2048 1985 2112
f 1985 2049 2112
f 2049 2050 2113
f 2050 2114 2113
f 2050 2051 2114
f 2051 2115 2114
f 2051 2052 2115
f 2052 2116 2115
f 2052 2053 2116
f 2053 2117 2116
f 2053 2054 2117
f 2054 2118 2117
f 2054 2055 2118
f 2055 2119 2118
f 2055 2056 2119
f 2056 2120 2119
f 2056 2057 2120
f 2057 2121 2120
f 2057 2058 2121
f 2058 2122 2121
f 2058 2059 2122
f 2059 2123 2122
f 2059 2060 2123
f 2060 2124 2123
f 2060 2061 2124
f 2061 2125 2124
f 2061 2062 2125
f 2062 2126 2125
f 2062 2063 2126
f 2063 2127 2126
f 2063 2064 2127
f 2064 2128 2127
f 2064 2065 2128
f 2065 2129 2128
f 2065 2066 2129
f 2066 2130 2129
f 2066 2067 2130
f 2067 2131 2130
f 2067 2068 2131
f 2068 2132 2131
f 2068 2069 2132
f 2069 2133 2132
f 2069 2070 2133
f 2070 2134 2133
f 2070 2071 2134
f 2071 2135 2134
f 2071 2072 2135
f 2072 2136 2135
f 2072 2073 2136
f 2073 2137 2136
f 2073 2074 2137
f 2074 2138 2137
f 2074 2075 2138
f 2075 2139 2138
f 2075 2076 2139
f 2076 2140 2139
f 2076 2077 2140
f 2077 2141 2140
f 2077 2078 2141
f 2078 2142 2141
f 2078 2079 2142
f 2079 2143 2142
f 2079 2080 2143
f 2080 2144 2143
f 2080 2081 2144
f 2081 2145 2144
f 2081 2082 2145
f 2082 2146 2145
f 2082 2083 2146
f 2083 2147 2146
f 2083 2084 2147
f 2084 2148 2147
f 2084 2085 2148
f 2085 2149 2148
f 2085 2086 2149
f 2086 2150 2149
f 2086 2087 2150
f 2087 2151 2150
f 2087 2088 2151
f 2088 2152 2151
f 2088 2089 2152
f 2089 2153 2152
f 2089 2090 2153
f 2090 2154 2153
f 2090 2091 2154
f 2091 2155 2154
f 2091 2092 2155
f 2092 2156 2155
f 2092 2093 2156
f 2093 2157 2156
f 2093 2094 2157
f 2094 2158 2157
f 2094 2095 2158
f 2095 2159 2158
f 2095 2096 2159
f 2096 2160 2159
f 2096 2097 2160
f 2097 2161 2160
f 2097 2098 2161
f 2098 2162 2161
f 2098 2099 2162
f 2099 2163 2162
f 2099 2100 2163
f 2100 2164 2163
f 2100 2101 2164
f 2101 2165 2164
f 2101 2102 2165
f 2102 2166 2165
f 2102 2103 2166
f 2103 2167 2166
f 2103 2104 2167
f 2104 2168 2167
f 2104 2105 2168
f 2105 2169 2168
f 2105 2106 2169
f 2106 2170 2169
f 2106 2107 2170
f 2107 2171 2170
f 2107 2108 2171
f 2108 2172 2171
f 2108 2109 2172
f 2109 2173 2172
f 2109 2110 2173
f 2110 2174 2173
f 2110 2111 2174
f 2111 2175 2174
f 2111 2112 2175
f 2112 2176 2175
f 2112 2049 2176
f 2049 2113 2176
f 2113 2114 2177
f 2114 2178 2177
f 2114 2115 2178
f 2115 2179 2178
f 2115 2116 2179
f 2116 2180 2179
f 2116 2117 2180
f 2117 2181 2180
f 2117 2118 2181
f 2118 2182 2181
f 2118 2119 2182
f 2119 2183 2182
f 2119 2120 2183
f 2120 2184 2183
f 2120 2121 2184
f 2121 2185 2184
f 2121 2122 2185
f 2122 2186 2185
f 2122 2123 2186
f 2123 2187 2186
f 2123 2124 2187
f 2124 2188 2187
f 2124 2125 2188
f 2125 2189 2188
f 2125 2126 2189
f 2126 2190 2189
f 2126 2127 2190
f 2127 2191 2190
f 2127 2128 2191
f 2128 2192 2191
f 2128 2129 2192
f 2129 2193 2192
f 2129 2130 2193
f 2130 2194 2193
f 2130 2131 2194
f 2131 2195 2194
f 2131 2132 2195
f 2132 2196 2195
f 2132 2133 2196
f 2133 2197 2196
f 2133 2134 2197
f 2134 2198 2197
f 2134 2135 2198
f 2135 2199 2198
f 2135 2136 2199
f 2136 2200 2199
f 2136 2137 2200
f 2137 2201 2200
f 2137 2138 2201
f 2138 2202 2201
f 2138 2139 2202
f 2139 2203 2202
f 2139 2140 2203
f 2140 2204 2203
f 2140 2141 2204
f 2141 2205 2204
f 2141 2142 2205
f 2142 2206 2205
f 2142 2143 2206
f 2143 2207 2206
f 2143 2144 2207
f 2144 2208 2207
f 2144 2145 2208
f 2145 2209 2208
f 2145 2146 2209
f 2146 2210 2209
f 2146 2147 2210
f 2147 2211 2210
f 2147 2148 2211
f 2148 2212 2211
f 2148 2149 2212
f 2149 2213 2212
f 2149 2150 2213
f 2150 2214 2213
f 2150 2151 2214
f 2151 2215 2214
f 2151 2152 2215
f 2152 2216 2215
f 2152 2153 2216
f 2153 2217 2216
f 2153 2154 2217
f 2154 2218 2217
f 2154 2155 2218
f 2155 2219 2218
f 2155 2156 2219
f 2156 2220 2219
f 2156 2157 2220
f 2157 2221 2220
f 2157 2158 2221
f 2158 2222 2221
f 2158 2159 2222
f 2159 2223 2222
f 2159 2160 2223
f 2160 2224 2223
f 2160 2161 2224
f 2161 2225 2224
f 2161 2162 2225
f 2162 2226 2225
f 2162 2163 2226
f 2163 2227 2226
f 2163 2164 2227
f 2164 2228 2227
f 2164 2165 2228
f 2165 2229 2228
f 2165 2166 2229
f 2166 2230 2229
f 2166 2167 2230
f 2167 2231 2230
f 2167 2168 2231
f 2168 2232 2231
f 2168 2169 2232
f 2169 2233 2232
f 2169 2170 2233
f 2170 2234 2233
f 2170 2171 2234
f 2171 2235 2234
f 2171 2172 2235
f 2172 2236 2235
f 2172 2173 2236
f 2173 2237 2236
f 2173 2174 2237
f 2174 2238 2237
f 2174 2175 2238
f 2175 2239 2238
f 2175 2176 2239
f 2176 2240 2239
f 2176 2113 2240
f 2113 2177 2240
f 2177 2178 2241
f 2178 2242 2241
f 2178 2179 2242
f 2179 2243 2242
f 2179 2180 2243
f 2180 2244 2243
f 2180 2181 2244
f 2181 2245 2244
f 2181 2182 2245
f 2182 2246 2245
f 2182 2183 2246
f 2183 2247 2246
f 2183 2184 2247
f 2184 2248 2247
f 2184 2185 2248
f 2185 2249 2248
f 2185 2186 2249
f 2186 2250 2249
f 2186 2187 2250
f 2187 2251 2250
f 2187 2188 2251
f 2188 2252 2251
f 2188 2189 2252
f 2189 2253 2252
f 2189 2190 2253
f 2190 2254 2253
f 2190 2191 2254
f 2191 2255 2254
f 2191 2192 2255
f 2192 2256 2255
f 2192 2193 2256
f 2193 2257 2256
f 2193 2194 2257
f 2194 2258 2257
f 2194 2195 2258
f 2195 2259 2258
f 2195 2196 2259
f 2196 2260 2259
f 2196 2197 2260
f 2197 2261 2260
f 2197 2198 2261
f 2198 2262 2261
f 2198 2199 2262
f 2199 2263 2262
f 2199 2200 2263
f 2200 2264 2263
f 2200 2201 2264
f 2201 2265 2264
f 2201 2202 2265
f 2202 2266 2265
f 2202 2203 2266
f 2203 2267 2266
f 2203 2204 2267
f 2204 2268 2267
f 2204 2205 2268
f 2205 2269 2268
f 2205 2206 2269
f 2206 2270 2269
f 2206 2207 2270
f 2207 2271 2270
f 2207 2208 2271
f 2208 2272 2271
f 2208 2209 2272
f 2209 2273 2272
f 2209 2210 2273
f 2210 2274 2273
f 2210 2211 2274
f 2211 2275 2274
f 2211 2212 2275
f 2212 2276 2275
f 2212 2213 2276
f 2213 2277 2276
f 2213 2214 2277
f 2214 2278 2277
f 2214 2215 2278
f 2215 2279 2278
f 2215 2216 2279
f 2216 2280 2279
f 2216 2217 2280
f 2217 2281 2280
f 2217 2218 2281
f 2218 2282 2281
f 2218 2219 2282
f 2219 2283 2282
f 2219 2220 2283
f 2220 2284 2283
f 2220 2221 2284
f 2221 2285 2284
f 2221 2222 2285
f 2222 2286 2285
f 2222 2223 2286
f 2223 2287 2286
f 2223 2224 2287
f 2224 2288 2287
f 2224 2225 2288
f 2225 2289 2288
f 2225 2226 2289
f 2226 2290 2289
f 2226 2227 2290
f 2227 2291 2290
f 2227 2228 2291
f 2228 2292 2291
f 2228 2229 2292
f 2229 2293 2292
f 2229 2230 2293
f 2230 2294 2293
f 2230 2231 2294
f 2231 2295 2294
f 2231 2232 2295
f 2232 2296 2295
f 2232 2233 2296
f 2233 2297 2296
f 2233 2234 2297
f 2234 2298 2297
f 2234 2235 2298
f 2235 2299 2298
f 2235 2236 2299
f 2236 2300 2299
f 2236 2237 2300
f 2237 2301 2300
f 2237 2238 2301
f 2238 2302 2301
f 2238 2239 2302
f 2239 2303 2302
f 2239 2240 2303
f 2240 2304 2303
f 2240 2177 2304
f 2177 2241 2304
f 2241 2242 2305
f 2242 2306 2305
f 2242 2243 2306
f 2243 2307 2306
f 2243 2244 2307
f 2244 2308 2307
f 2244 2245 2308
f 2245 2309 2308
f 2245 2246 2309
f 2246 2310 2309
f 2246 2247 2310
f 2247 2311 2310
f 2247 2248 2311
f 2248 2312 2311
f 2248 2249 2312
f 2249 2313 2312
f 2249 2250 2313
f 2250 2314 2313
f 2250 2251 2314
f 2251 2315 2314
f 2251 2252 2315
f 2252 2316 2315
f 2252 2253 2316
f 2253 2317 2316
f 2253 2254 2317
f 2254 2318 2317
f 2254 2255 2318
f 2255 2319 2318
f 2255 2256 2319
f 2256 2320 2319
f 2256 2257 2320
f 2257 2321 2320
f 2257 2258 2321
f 2258 2322 2321
f 2258 2259 2322
f 2259 2323 2322
f 2259 2260 2323
f 2260 2324 2323
f 2260 2261 2324
f 2261 2325 2324
f 2261 2262 2325
f 2262 2326 2325
f 2262 2263 2326
f 2263 2327 2326
f 2263 2264 2327
f 2264 2328 2327
f 2264 2265 2328
f 2265 2329 2328
f 2265 2266 2329
f 2266 2330 2329
f 2266 2267 2330
f 2267 2331 2330
f 2267 2268 2331
f 2268 2332 2331
f 2268 2269 2332
f 2269 2333 2332
f 2269 2270 2333
f 2270 2334 2333
f 2270 2271 2334
f 2271 2335 2334
f 2271 2272 2335
f 2272 2336 2335
f 2272 2273 2336
f 2273 2337 2336
f 2273 2274 2337
f 2274 2338 2337
f 2274 2275 2338
f 2275 2339 2338
f 2275 2276 2339
f 2276 2340 2339
f 2276 2277 2340
f 2277 2341 2340
f 2277 2278 2341
f 2278 2342 2341
f 2278 2279 2342
f 2279 2343 2342
f 2279 2280 2343
f 2280 2344 2343
f 2280 2281 2344
f 2281 2345 2344
f 2281 2282 2345
f 2282 2346 2345
f 2282 2283 2346
f 2283 2347 2346
f 2283 2284 2347
f 2284 2348 2347
f 2284 2285 2348
f 2285 2349 2348
f 2285 2286 2349
f 2286 2350 2349
f 2286 2287 2350
f 2287 2351 2350
f 2287 2288 2351
f 2288 2352 2351
f 2288 2289 2352
f 2289 2353 2352
f 2289 2290 2353
f 2290 2354 2353
f 2290 2291 2354
f 2291 2355 2354
f 2291 2292 2355
f 2292 2356 2355
f 2292 2293 2356
f 2293 2357 2356
f 2293 2294 2357
f 2294 2358 2357
f 2294 2295 2358
f 2295 2359 2358
f 2295 2296 2359
f 2296 2360 2359
f 2296 2297 2360
f 2297 2361 2360
f 2297 2298 2361
f 2298 2362 2361
f 2298 2299 2362
f 2299 2363 2362
f 2299 2300 2363
f 2300 2364 2363
f 2300 2301 2364
f 2301 2365 2364
f 2301 2302 2365
f 2302 2366 2365
f 2302 2303 2366
f 2303 2367 2366
f 2303 2304 2367
f 2304 2368 2367
f 2304 2241 2368
f 2241 2305 2368
f 2305 2306 2369
f 2306 2370 2369
f 2306 2307 2370
f 2307 2371 2370
f 2307 2308 2371
f 2308 2372 2371
f 2308 2309 2372
f 2309 2373 2372
f 2309 2310 2373
f 2310 2374 2373
f 2310 2311 2374
f 2311 2375 2374
f 2311 2312 2375
f 2312 2376 2375
f 2312 2313 2376
f 2313 2377 2376
f 2313 2314 2377
f 2314 2378 2377
f 2314 2315 2378
f 2315 2379 2378
f 2315 2316 2379
f 2316 2380 2379
f 2316 2317 2380
f 2317 2381 2380
f 2317 2318 2381
f 2318 2382 2381
f 2318 2319 2382
f 2319 2383 2382
f 2319 2320 2383
f 2320 2384 2383
f 2320 2321 2384
f 2321 2385 2384
f 2321 2322 2385
f 2322 2386 2385
f 2322 2323 2386
f 2323 2387 2386
f 2323 2324 2387
f 2324 2388 2387
f 2324 2325 2388
f 2325 2389 2388
f 2325 2326 2389
f 2326 2390 2389
f 2326 2327 2390
f 2327 2391 2390
f 2327 2328 2391
f 2328 2392 2391
f 2328 2329 2392
f 2329 2393 2392
f 2329 2330 2393
f 2330 2394 2393
f 2330 2331 2394
f 2331 2395 2394
f 2331 2332 2395
f 2332 2396 2395
f 2332 2333 2396
f 2333 2397 2396
f 2333 2334 2397
f 2334 2398 2397
f 2334 2335 2398
f 2335 2399 2398
f 2335 2336 2399
f 2336 2400 2399
f 2336 2337 2400
f 2337 2401 2400
f 2337 2338 2401
f 2338 2402 2401
f 2338 2339 2402
f 2339 2403 2402
f 2339 2340 2403
f 2340 2404 2403
f 2340 2341 2404
f 2341 2405 2404
f 2341 2342 2405
f 2342 2406 2405
f 2342 2343 2406
f 2343 2407 2406
f 2343 2344 2407
f 2344 2408 2407
f 2344 2345 2408
f 2345 2409 2408
f 2345 2346 2409
f 2346 2410 2409
f 2346 2347 2410
f 2347 2411 2410
f 2347 2348 2411
f 2348 2412 2411
f 2348 2349 2412
f 2349 2413 2412
f 2349 2350 2413
f 2350 2414 2413
f 2350 2351 2414
f 2351 2415 2414
f 2351 2352 2415
f 2352 2416 2415
f 2352 2353 2416
f 2353 2417 2416
f 2353 2354 2417
f 2354 2418 2417
f 2354 2355 2418
f 2355 2419 2418
f 2355 2356 2419
f 2356 2420 2419
f 2356 2357 2420
f 2357 2421 2420
f 2357 2358 2421
f 2358 2422 2421
f 2358 2359 2422
f 2359 2423 2422
f 2359 2360 2423
f 2360 2424 2423
f 2360 2361 2424
f 2361 2425 2424
f 2361 2362 2425
f 2362 2426 2425
f 2362 2363 2426
f 2363 2427 2426
f 2363 2364 2427
f 2364 2428 2427
f 2364 2365 2428
f 2365 2429 2428
f 2365 2366 2429
f 2366 2430 2429
f 2366 2367 2430
f 2367 2431 2430
f 2367 2368 2431
f 2368 2432 2431
f 2368 2305 2432
f 2305 2369 2432
f 2369 2370 2433
f 2370 2434 2433
f 2370 2371 2434
f 2371 2435 2434
f 2371 2372 2435
f 2372 2436 2435
f 2372 2373 2436
f 2373 2437 2436
f 2373 2374 2437
f 2374 2438 2437
f 2374 2375 2438
f 2375 2439 2438
f 2375 2376 2439
f 2376 2440 2439
f 2376 2377 2440
f 2377 2441 2440
f 2377 2378 2441
f 2378 2442 2441
f 2378 2379 2442
f 2379 2443 2442
f 2379 2380 2443
f 2380 2444 2443
f 2380 2381 2444
f 2381 2445 2444
f 2381 2382 2445
f 2382 2446 2445
f 2382 2383 2446
f 2383 2447 2446
f 2383 2384 2447
f 2384 2448 2447
f 2384 2385 2448
f 2385 2449 2448
f 2385 2386 2449
f 2386 2450 2449
f 2386 2387 2450
f 2387 2451 2450
f 2387 2388 2451
f 2388 2452 2451
f 2388 2389 2452
f 2389 2453 2452
f 2389 2390 2453
f 2390 2454 2453
f 2390 2391 2454
f 2391 2455 2454
f 2391 2392 2455
f 2392 2456 2455
f 2392 2393 2456
f 2393 2457 2456
f 2393 2394 2457
f 2394 2458 2457
f 2394 2395 2458
f 2395 2459 2458
f 2395 2396 2459
f 2396 2460 2459
f 2396 2397 2460
f 2397 2461 2460
f 2397 2398 2461
f 2398 2462 2461
f 2398 2399 2462
f 2399 2463 2462
f 2399 2400 2463
f 2400 2464 2463
f 2400 2401 2464
f 2401 2465 2464
f 2401 2402 2465
f 2402 2466 2465
f 2402 2403 2466
f 2403 2467 2466
f 2403 2404 2467
f 2404 2468 2467
f 2404 2405 2468
f 2405 2469 2468
f 2405 2406 2469
f 2406 2470 2469
f 2406 2407 2470
f 2407 2471 2470
f 2407 2408 2471
f 2408 2472 2471
f 2408 2409 2472
f 2409 2473 2472
f 2409 2410 2473
f 2410 2474 2473
f 2410 2411 2474
f 2411 2475 2474
f 2411 2412 2475
f 2412 2476 2475
f 2412 2413 2476
f 2413 2477 2476
f 2413 2414 2477
f 2414 2478 2477
f 2414 2415 2478
f 2415 2479 2478
f 2415 2416 2479
f 2416 2480 2479
f 2416 2417 2480
f 2417 2481 2480
f 2417 2418 2481
f 2418 2482 2481
f 2418 2419 2482
f 2419 2483 2482
f 2419 2420 2483
f 2420 2484 2483
f 2420 2421 2484
f 2421 2485 2484
f 2421 2422 2485
f 2422 2486 2485
f 2422 2423 2486
f 2423 2487 2486
f 2423 2424 2487
f 2424 2488 2487
f 2424 2425 2488
f 2425 2489 2488
f 2425 2426 2489
f 2426 2490 2489
f 2426 2427 2490
f 2427 2491 2490
f 2427 2428 2491
f 2428 2492 2491
f 2428 2429 2492
f 2429 2493 2492
f 2429 2430 2493
f 2430 2494 2493
f 2430 2431 2494
f 2431 2495 2494
f 2431 2432 2495
f 2432 2496 2495
f 2432 2369 2496
f 2369 2433 2496
f 2433 2434 2497
f 2434 2498 2497
f 2434 2435 2498
f 2435 2499 2498
f 2435 2436 2499
f 2436 2500 2499
f 2436 2437 2500
f 2437 2501 2500
f 2437 2438 2501
f 2438 2502 2501
f 2438 2439 2502
f 2439 2503 2502
f 2439 2440 2503
f 2440 2504 2503
f 2440 2441 2504
f 2441 2505 2504
f 2441 2442 2505
f 2442 2506 2505
f 2442 2443 2506
f 2443 2507 2506
f 2443 2444 2507
f 2444 2508 2507
f 2444 2445 2508
f 2445 2509 2508
f 2445 2446 2509
f 2446 2510 2509
f 2446 2447 2510
f 2447 2511 2510
f 2447 2448 2511
f 2448 2512 2511
f 2448 2449 2512
f 2449 2513 2512
f 2449 2450 2513
f 2450 2514 2513
f 2450 2451 2514
f 2451 2515 2514
f 2451 2452 2515
f 2452 2516 2515
f 2452 2453 2516
f 2453 2517 2516
f 2453 2454 2517
f 2454 2518 2517
f 2454 2455 2518
f 2455 2519 2518
f 2455 2456 2519
f 2456 2520 2519
f 2456 2457 2520
f 2457 2521 2520
f 2457 2458 2521
f 2458 2522 2521
f 2458 2459 2522
f 2459 2523 2522
f 2459 2460 2523
f 2460 2524 2523
f 2460 2461 2524
f 2461 2525 2524
f 2461 2462 2525
f 2462 2526 2525
f 2462 2463 2526
f 2463 2527 2526
f 2463 2464 2527
f 2464 2528 2527
f 2464 2465 2528
f 2465 2529 2528
f 2465 2466 2529
f 2466 2530 2529
f 2466 2467 2530
f 2467 2531 2530
f 2467 2468 2531
f 2468 2532 2531
f 2468 2469 2532
f 2469 2533 2532
f 2469 2470 2533
f 2470 2534 2533
f 2470 2471 2534
f 2471 2535 2534
f 2471 2472 2535
f 2472 2536 2535
f 2472 2473 2536
f 2473 2537 2536
f 2473 2474 2537
f 2474 2538 2537
f 2474 2475 2538
f 2475 2539 2538
f 2475 2476 2539
f 2476 2540 2539
f 2476 2477 2540
f 2477 2541 2540
f 2477 2478 2541
f 2478 2542 2541
f 2478 2479 2542
f 2479 2543 2542
f 2479 2480 2543
f 2480 2544 2543
f 2480 2481 2544
f 2481 2545 2544
f 2481 2482 2545
f 2482 2546 2545
f 2482 2483 2546
f 2483 2547 2546
f 2483 2484 2547
f 2484 2548 2547
f 2484 2485 2548
f 2485 2549 2548
f 2485 2486 2549
f 2486 2550 2549
f 2486 2487 2550
f 2487 2551 2550
f 2487 2488 2551
f 2488 2552 2551
f 2488 2489 2552
f 2489 2553 2552
f 2489 2490 2553
f 2490 2554 2553
f 2490 2491 2554
f 2491 2555 2554
f 2491 2492 2555
f 2492 2556 2555
f 2492 2493 2556
f 2493 2557 2556
f 2493 2494 2557
f 2494 2558 2557
f 2494 2495 2558
f 2495 2559 2558
f 2495 2496 2559
f 2496 2560 2559
f 2496 2433 2560
f 2433 2497 2560
f 2497 2498 2561
f 2498 2562 2561
f 2498 2499 2562
f 2499 2563 2562
f 2499 2500 2563
f 2500 2564 2563
f 2500 2501 2564
f 2501 2565 2564
f 2501 2502 2565
f 2502 2566 2565
f 2502 2503 2566
f 2503 2567 2566
f 2503 2504 2567
f 2504 2568 2567
f 2504 2505 2568
f 2505 2569 2568
f 2505 2506 2569
f 2506 2570 2569
f 2506 2507 2570
f 2507 2571 2570
f 2507 2508 2571
f 2508 2572 2571
f 2508 2509 2572
f 2509 2573 2572
f 2509 2510 2573
f 2510 2574 2573
f 2510 2511 2574
f 2511 2575 2574
f 2511 2512 2575
f 2512 2576 2575
f 2512 2513 2576
f 2513 2577 2576
f 2513 2514 2577
f 2514 2578 2577
f 2514 2515 2578
f 2515 2579 2578
f 2515 2516 2579
f 2516 2580 2579
f 2516 2517 2580
f 2517 2581 2580
f 2517 2518 2581
f 2518 2582 2581
f 2518 2519 2582
f 2519 2583 2582
f 2519 2520 2583
f 2520 2584 2583
f 2520 2521 2584
f 2521 2585 2584
f 2521 2522 2585
f 2522 2586 2585
f 2522 2523 2586
f 2523 2587 2586
f 2523 2524 2587
f 2524 2588 2587
f 2524 2525 2588
f 2525 2589 2588
f 2525 2526 2589
f 2526 2590 2589
f 2526 2527 2590
f 2527 2591 2590
f 2527 2528 2591
f 2528 2592 2591
f 2528 2529 2592
f 2529 2593 2592
f 2529 2530 2593
f 2530 2594 2593
f 2530 2531 2594
f 2531 2595 2594
f 2531 2532 2595
f 2532 2596 2595
f 2532 2533 2596
f 2533 2597 2596
f 2533 2534 2597
f 2534 2598 2597
f 2534 2535 2598
f 2535 2599 2598
f 2535 2536 2599
f 2536 2600 2599
f 2536 2537 2600
f 2537 2601 2600
f 2537 2538 2601
f 2538 2602 2601
f 2538 2539 2602
f 2539 2603 2602
f 2539 2540 2603
f 2540 2604 2603
f 2540 2541 2604
f 2541 2605 2604
f 2541 2542 2605
f 2542 2606 2605
f 2542 2543 2606
f 2543 2607 2606
f 2543 2544 2607
f 2544 2608 2607
f 2544 2545 2608
f 2545 2609 2608
f 2545 2546 2609
f 2546 2610 2609
f 2546 2547 2610
f 2547 2611 2610
f 2547 2548 2611
f 2548 2612 2611
f 2548 2549 2612
f 2549 2613 2612
f 2549 2550 2613
f 2550 2614 2613
f 2550 2551 2614
f 2551 2615 2614
f 2551 2552 2615
f 2552 2616 2615
f 2552 2553 2616
f 2553 2617 2616
f 2553 2554 2617
f 2554 2618 2617
f 2554 2555 2618
f 2555 2619 2618
f 2555 2556 2619
f 2556 2620 2619
f 2556 2557 2620
f 2557 2621 2620
f 2557 2558 2621
f 2558 2622 2621
f 2558 2559 2622
f 2559 2623 2622
f 2559 2560 2623
f 2560 2624 2623
f 2560 2497 2624
f 2497 2561 2624
f 2561 2562 2625
f 2562 2626 2625
f 2562 2563 2626
f 2563 2627 2626
f 2563 2564 2627
f 2564 2628 2627
f 2564 2565 2628
f 2565 2629 2628
f 2565 2566 2629
f 2566 2630 2629
f 2566 2567 2630
f 2567 2631 2630
f 2567 2568 2631
f 2568 2632 2631
f 2568 2569 2632
f 2569 2633 2632
f 2569 2570 2633
f 2570 2634 2633
f 2570 2571 2634
f 2571 2635 2634
f 2571 2572 2635
f 2572 2636 2635
f 2572 2573 2636
f 2573 2637 2636
f 2573 2574 2637
f 2574 2638 2637
f 2574 2575 2638
f 2575 2639 2638
f 2575 2576 2639
f 2576 2640 2639
f 2576 2577 2640
f 2577 2641 2640
f 2577 2578 2641
f 2578 2642 2641
f 2578 2579 2642
f 2579 2643 2642
f 2579 2580 2643
f 2580 2644 2643
f 2580 2581 2644
f 2581 2645 2644
f 2581 2582 2645
f 2582 2646 2645
f 2582 2583 2646
f 2583 2647 2646
f 2583 2584 2647
f 2584 2648 2647
f 2584 2585 2648
f 2585 2649 2648
f 2585 2586 2649
f 2586 2650 2649
f 2586 2587 2650
f 2587 2651 2650
f 2587 2588 2651
f 2588 2652 2651
f 2588 2589 2652
f 2589 2653 2652
f 2589 2590 2653
f 2590 2654 2653
f 2590 2591 2654
f 2591 2655 2654
f 2591 2592 2655
f 2592 2656 2655
f 2592 2593 2656
f 2593 2657 2656
f 2593 2594 2657
f 2594 2658 2657
f 2594 2595 2658
f 2595 2659 2658
f 2595 2596 2659
f 2596 2660 2659
f 2596 2597 2660
f 2597 2661 2660
f 2597 2598 2661
f 2598 2662 2661
f 2598 2599 2662
f 2599 2663 2662
f 2599 2600 2663
f 2600 2664 2663
f 2600 2601 2664
f 2601 2665 2664
f 2601 2602 2665
f 2602 2666 2665
f 2602 2603 2666
f 2603 2667 2666
f 2603 2604 2667
f 2604 2668 2667
f 2604 2605 2668
f 2605 2669 2668
f 2605 2606 2669
f 2606 2670 2669
f 2606 2607 2670
f 2607 2671 2670
f 2607 2608 2671
f 2608 2672 2671
f 2608 2609 2672
f 2609 2673 2672
f 2609 2610 2673
f 2610 2674 2673
f 2610 2611 2674
f 2611 2675 2674
f 2611 2612 2675
f 2612 2676 2675
f 2612 2613 2676
f 2613 2677 2676
f 2613 2614 2677
f 2614 2678 2677
f 2614 2615 2678
f 2615 2679 2678
f 2615 2616 2679
f 2616 2680 2679
f 2616 2617 2680
f 2617 2681 2680
f 2617 2618 2681
f 2618 2682 2681
f 2618 2619 2682
f 2619 2683 2682
f 2619 2620 2683
f 2620 2684 2683
f 2620 2621 2684
f 2621 2685 2684
f 2621 2622 2685
f 2622 2686 2685
f 2622 2623 2686
f 2623 2687 2686
f 2623 2624 2687
f 2624 2688 2687
f 2624 2561 2688
f 2561 2625 2688
f 2625 2626 2689
f 2626 2690 2689
f 2626 2627 2690
f 2627 2691 2690
f 2627 2628 2691
f 2628 2692 2691
f 2628 2629 2692
f 2629 2693 2692
f 2629 2630 2693
f 2630 2694 2693
f 2630 2631 2694
f 2631 2695 2694
f 2631 2632 2695
f 2632 2696 2695
f 2632 2633 2696
f 2633 2697 2696
f 2633 2634 2697
f 2634 2698 2697
f 2634 2635 2698
f 2635 2699 2698
f 2635 2636 2699
f 2636 2700 2699
f 2636 2637 2700
f 2637 2701 2700
f 2637 2638 2701
f 2638 2702 2701
f 2638 2639 2702
f 2639 2703 2702
f 2639 2640 2703
f 2640 2704 2703
f 2640 2641 2704
f 2641 2705 2704
f 2641 2642 2705
f 2642 2706 2705
f 2642 2643 2706
f 2643 2707 2706
f 2643 2644 2707
f 2644 2708 2707
f 2644 2645 2708
f 2645 2709 2708
f 2645 2646 2709
f 2646 2710 2709
f 2646 2647 2710
f 2647 2711 2710
f 2647 2648 2711
f 2648 2712 2711
f 2648 2649 2712
f 2649 2713 2712
f 2649 2650 2713
f 2650 2714 2713
f 2650 2651 2714
f 2651 2715 2714
f 2651 2652 2715
f 2652 2716 2715
f 2652 2653 2716
f 2653 2717 2716
f 2653 2654 2717
f 2654 2718 2717
f 2654 2655 2718
f 2655 2719 2718
f 2655 2656 2719
f 2656 2720 2719
f 2656 2657 2720
f 2657 2721 2720
f 2657 2658 2721
f 2658 2722 2721
f 2658 2659 2722
f 2659 2723 2722
f 2659 2660 2723
f 2660 2724 2723
f 2660 2661 2724
f 2661 2725 2724
f 2661 2662 2725
f 2662 2726 2725
f 2662 2663 2726
f 2663 2727 2726
f 2663 2664 2727
f 2664 2728 2727
f 2664 2665 2728
f 2665 2729 2728
f 2665 2666 2729
f 2666 2730 2729
f 2666 2667 2730
f 2667 2731 2730
f 2667 2668 2731
f 2668 2732 2731
f 2668 2669 2732
f 2669 2733 2732
f 2669 2670 2733
f 2670 2734 2733
f 2670 2671 2734
f 2671 2735 2734
f 2671 2672 2735
f 2672 2736 2735
f 2672 2673 2736
f 2673 2737 2736
f 2673 2674 2737
f 2674 2738 2737
f 2674 2675 2738
f 2675 2739 2738
f 2675 2676 2739
f 2676 2740 2739
f 2676 2677 2740
f 2677 2741 2740
f 2677 2678 2741
f 2678 2742 2741
f 2678 2679 2742
f 2679 2743 2742
f 2679 2680 2743
f 2680 2744 2743
f 2680 2681 2744
f 2681 2745 2744
f 2681 2682 2745
f 2682 2746 2745
f 2682 2683 2746
f 2683 2747 2746
f 2683 2684 2747
f 2684 2748 2747
f 2684 2685 2748
f 2685 2749 2748
f 2685 2686 2749
f 2686 2750 2749
f 2686 2687 2750
f 2687 2751 2750
f 2687 2688 2751
f 2688 2752 2751
f 2688 2625 2752
f 2625 2689 2752
f 2689 2690 2753
f 2690 2754 2753
f 2690 2691 2754
f 2691 2755 2754
f 2691 2692 2755
f 2692 2756 2755
f 2692 2693 2756
f 2693 2757 2756
f 2693 2694 2757
f 2694 2758 2757
f 2694 2695 2758
f 2695 2759 2758
f 2695 2696 2759
f 2696 2760 2759
f 2696 2697 2760
f 2697 2761 2760
f 2697 2698 2761
f 2698 2762 2761
f 2698 2699 2762
f 2699 2763 2762
f 2699 2700 2763
f 2700 2764 2763
f 2700 2701 2764
f 2701 2765 2764
f 2701 2702 2765
f 2702 2766 2765
f 2702 2703 2766
f 2703 2767 2766
f 2703 2704 2767
f 2704 2768 2767
f 2704 2705 2768
f 2705 2769 2768
f 2705 2706 2769
f 2706 2770 2769
f 2706 2707 2770
f 2707 2771 2770
f 2707 2708 2771
f 2708 2772 2771
f 2708 2709 2772
f 2709 2773 2772
f 2709 2710 2773
f 2710 2774 2773
f 2710 2711 2774
f 2711 2775 2774
f 2711 2712 2775
f 2712 2776 2775
f 2712 2713 2776
f 2713 2777 2776
f 2713 2714 2777
f 2714 2778 2777
f 2714 2715 2778
f 2715 2779 2778
f 2715 2716 2779
f 2716 2780 2779
f 2716 2717 2780
f 2717 2781 2780
f 2717 2718 2781
f 2718 2782 2781
f 2718 2719 2782
f 2719 2783 2782
f 2719 2720 2783
f 2720 2784 2783
f 2720 2721 2784
f 2721 2785 2784
f 2721 2722 2785
f 2722 2786 2785
f 2722 2723 2786
f 2723 2787 2786
f 2723 2724 2787
f 2724 2788 2787
f 2724 2725 2788
f 2725 2789 2788
f 2725 2726 2789
f 2726 2790 2789
f 2726 2727 2790
f 2727 2791 2790
f 2727 2728 2791
f 2728 2792 2791
f 2728 2729 2792
f 2729 2793 2792
f 2729 2730 2793
f 2730 2794 2793
f 2730 2731 2794
f 2731 2795 2794
f 2731 2732 2795
f 2732 2796 2795
f 2732 2733 2796
f 2733 2797 2796
f 2733 2734 2797
f 2734 2798 2797
f 2734 2735 2798
f 2735 2799 2798
f 2735 2736 2799
f 2736 2800 2799
f 2736 2737 2800
f 2737 2801 2800
f 2737 2738 2801
f 2738 2802 2801
f 2738 2739 2802
f 2739 2803 2802
f 2739 2740 2803
f 2740 2804 2803
f 2740 2741 2804
f 2741 2805 2804
f 2741 2742 2805
f 2742 2806 2805
f 2742 2743 2806
f 2743 2807 2806
f 2743 2744 2807
f 2744 2808 2807
f 2744 2745 2808
f 2745 2809 2808
f 2745 2746 2809
f 2746 2810 2809
f 2746 2747 2810
f 2747 2811 2810
f 2747 2748 2811
f 2748 2812 2811
f 2748 2749 2812
f 2749 2813 2812
f 2749 2750 2813
f 2750 2814 2813
f 2750 2751 2814
f 2751 2815 2814
f 2751 2752 2815
f 2752 2816 2815
f 2752 2689 2816
f 2689 2753 2816
f 2753 2754 2817
f 2754 2818 2817
f 2754 2755 2818
f 2755 2819 2818
f 2755 2756 2819
f 2756 2820 2819
f 2756 2757 2820
f 2757 2821 2820
f 2757 2758 2821
f 2758 2822 2821
f 2758 2759 2822
f 2759 2823 2822
f 2759 2760 2823
f 2760 2824 2823
f 2760 2761 2824
f 2761 2825 2824
f 2761 2762 2825
f 2762 2826 2825
f 2762 2763 2826
f 2763 2827 2826
f 2763 2764 2827
f 2764 2828 2827
f 2764 2765 2828
f 2765 2829 2828
f 2765 2766 2829
f 2766 2830 2829
f 2766 2767 2830
f 2767 2831 2830
f 2767 2768 2831
f 2768 2832 2831
f 2768 2769 2832
f 2769 2833 2832
f 2769 2770 2833
f 2770 2834 2833
f 2770 2771 2834
f 2771 2835 2834
f 2771 2772 2835
f 2772 2836 2835
f 2772 2773 2836
f 2773 2837 2836
f 2773 2774 2837
f 2774 2838 2837
f 2774 2775 2838
f 2775 2839 2838
f 2775 2776 2839
f 2776 2840 2839
f 2776 2777 2840
f 2777 2841 2840
f 2777 2778 2841
f 2778 2842 2841
f 2778 2779 2842
f 2779 2843 2842
f 2779 2780 2843
f 2780 2844 2843
f 2780 2781 2844
f 2781 2845 2844
f 2781 2782 2845
f 2782 2846 2845
f 2782 2783 2846
f 2783 2847 2846
f 2783 2784 2847
f 2784 2848 2847
f 2784 2785 2848
f 2785 2849 2848
f 2785 2786 2849
f 2786 2850 2849
f 2786 2787 2850
f 2787 2851 2850
f 2787 2788 2851
f 2788 2852 2851
f 2788 2789 2852
f 2789 2853 2852
f 2789 2790 2853
f 2790 2854 2853
f 2790 2791 2854
f 2791 2855 2854
f 2791 2792 2855
f 2792 2856 2855
f 2792 2793 2856
f 2793 2857 2856
f 2793 2794 2857
f 2794 2858 2857
f 2794 2795 2858
f 2795 2859 2858
f 2795 2796 2859
f 2796 2860 2859
f 2796 2797 2860
f 2797 2861 2860
f 2797 2798 2861
f 2798 2862 2861
f 2798 2799 2862
f 2799 2863 2862
f 2799 2800 2863
f 2800 2864 2863
f 2800 2801 2864
f 2801 2865 2864
f 2801 2802 2865
f 2802 2866 2865
f 2802 2803 2866
f 2803 2867 2866
f 2803 2804 2867
f 2804 2868 2867
f 2804 2805 2868
f 2805 2869 2868
f 2805 2806 2869
f 2806 2870 2869
f 2806 2807 2870
f 2807 2871 2870
f 2807 2808 2871
f 2808 2872 2871
f 2808 2809 2872
f 2809 2873 2872
f 2809 2810 2873
f 2810 2874 2873
f 2810 2811 2874
f 2811 2875 2874
f 2811 2812 2875
f 2812 2876 2875
f 2812 2813 2876
f 2813 2877 2876
f 2813 2814 2877
f 2814 2878 2877
f 2814 2815 2878
f 2815 2879 2878
f 2815 2816 2879
f 2816 2880 2879
f 2816 2753 2880
f 2753 2817 2880
f 2817 2818 2881
f 2818 2882 2881
f 2818 2819 2882
f 2819 2883 2882
f 2819 2820 2883
f 2820 2884 2883
f 2820 2821 2884
f 2821 2885 2884
f 2821 2822 2885
f 2822 2886 2885
f 2822 2823 2886
f 2823 2887 2886
f 2823 2824 2887
f 2824 2888 2887
f 2824 2825 2888
f 2825 2889 2888
f 2825 2826 2889
f 2826 2890 2889
f 2826 2827 2890
f 2827 2891 2890
f 2827 2828 2891
f 2828 2892 2891
f 2828 2829 2892
f 2829 2893 2892
f 2829 2830 2893
f 2830 2894 2893
f 2830 2831 2894
f 2831 2895 2894
f 2831 2832 2895
f 2832 2896 2895
f 2832 2833 2896
f 2833 2897 2896
f 2833 2834 2897
f 2834 2898 2897
f 2834 2835 2898
f 2835 2899 2898
f 2835 2836 2899
f 2836 2900 2899
f 2836 2837 2900
f 2837 2901 2900
f 2837 2838 2901
f 2838 2902 2901
f 2838 2839 2902
f 2839 2903 2902
f 2839 2840 2903
f 2840 2904 2903
f 2840 2841 2904
f 2841 2905 2904
f 2841 2842 2905
f 2842 2906 2905
f 2842 2843 2906
f 2843 2907 2906
f 2843 2844 2907
f 2844 2908 2907
f 2844 2845 2908
f 2845 2909 2908
f 2845 2846 2909
f 2846 2910 2909
f 2846 2847 2910
f 2847 2911 2910
f 2847 2848 2911
f 2848 2912 2911
f 2848 2849 2912
f 2849 2913 2912
f 2849 2850 2913
f 2850 2914 2913
f 2850 2851 2914
f 2851 2915 2914
f 2851 2852 2915
f 2852 2916 2915
f 2852 2853 2916
f 2853 2917 2916
f 2853 2854 2917
f 2854 2918 2917
f 2854 2855 2918
f 2855 2919 2918
f 2855 2856 2919
f 2856 2920 2919
f 2856 2857 2920
f 2857 2921 2920
f 2857 2858 2921
f 2858 2922 2921
f 2858 2859 2922
f 2859 2923 2922
f 2859 2860 2923
f 2860 2924 2923
f 2860 2861 2924
f 2861 2925 2924
f 2861 2862 2925
f 2862 2926 2925
f 2862 2863 2926
f 2863 2927 2926
f 2863 2864 2927
f 2864 2928 2927
f 2864 2865 2928
f 2865 2929 2928
f 2865 2866 2929
f 2866 2930 2929
f 2866 2867 2930
f 2867 2931 2930
f 2867 2868 2931
f 2868 2932 2931
f 2868 2869 2932
f 2869 2933 2932
f 2869 2870 2933
f 2870 2934 2933
f 2870 2871 2934
f 2871 2935 2934
f 2871 2872 2935
f 2872 2936 2935
f 2872 2873 2936
f 2873 2937 2936
f 2873 2874 2937
f 2874 2938 2937
f 2874 2875 2938
f 2875 2939 2938
f 2875 2876 2939
f 2876 2940 2939
f 2876 2877 2940
f 2877 2941 2940
f 2877 2878 2941
f 2878 2942 2941
f 2878 2879 2942
f 2879 2943 2942
f 2879 2880 2943
f 2880 2944 2943
f 2880 2817 2944
f 2817 2881 2944
f 2881 2882 2945
f 2882 2946 2945
f 2882 2883 2946
f 2883 2947 2946
f 2883 2884 2947
f 2884 2948 2947
f 2884 2885 2948
f 2885 2949 2948
f 2885 2886 2949
f 2886 2950 2949
f 2886 2887 2950
f 2887 2951 2950
f 2887 2888 2951
f 2888 2952 2951
f 2888 2889 2952
f 2889 2953 2952
f 2889 2890 2953
f 2890 2954 2953
f 2890 2891 2954
f 2891 2955 2954
f 2891 2892 2955
f 2892 2956 2955
f 2892 2893 2956
f 2893 2957 2956
f 2893 2894 2957
f 2894 2958 2957
f 2894 2895 2958
f 2895 2959 2958
f 2895 2896 2959
f 2896 2960 2959
f 2896 2897 2960
f 2897 2961 2960
f 2897 2898 2961
f 2898 2962 2961
f 2898 2899 2962
f 2899 2963 2962
f 2899 2900 2963
f 2900 2964 2963
f 2900 2901 2964
f 2901 2965 2964
f 2901 2902 2965
f 2902 2966 2965
f 2902 2903 2966
f 2903 2967 2966
f 2903 2904 2967
f 2904 2968 2967
f 2904 2905 2968
f 2905 2969 2968
f 2905 2906 2969
f 2906 2970 2969
f 2906 2907 2970
f 2907 2971 2970
f 2907 2908 2971
f 2908 2972 2971
f 2908 2909 2972
f 2909 2973 2972
f 2909 2910 2973
f 2910 2974 2973
f 2910 2911 2974
f 2911 2975 2974
f 2911 2912 2975
f 2912 2976 2975
f 2912 2913 2976
f 2913 2977 2976
f 2913 2914 2977
f 2914 2978 2977
f 2914 2915 2978
f 2915 2979 2978
f 2915 2916 2979
f 2916 2980 2979
f 2916 2917 2980
f 2917 2981 2980
f 2917 2918 2981
f 2918 2982 2981
f 2918 2919 2982
f 2919 2983 2982
f 2919 2920 2983
f 2920 2984 2983
f 2920 2921 2984
f 2921 2985 2984
f 2921 2922 2985
f 2922 2986 2985
f 2922 2923 2986
f 2923 2987 2986
f 2923 2924 2987
f 2924 2988 2987
f 2924 2925 2988
f 2925 2989 2988
f 2925 2926 2989
f 2926 2990 2989
f 2926 2927 2990
f 2927 2991 2990
f 2927 2928 2991
f 2928 2992 2991
f 2928 2929 2992
f 2929 2993 2992
f 2929 2930 2993
f 2930 2994 2993
f 2930 2931 2994
f 2931 2995 2994
f 2931 2932 2995
f 2932 2996 2995
f 2932 2933 2996
f 2933 2997 2996
f 2933 2934 2997
f 2934 2998 2997
f 2934 2935 2998
f 2935 2999 2998
f 2935 2936 2999
f 2936 3000 2999
f 2936 2937 3000
f 2937 3001 3000
f 2937 2938 3001
f 2938 3002 3001
f 2938 2939 3002
f 2939 3003 3002
f 2939 2940 3003
f 2940 3004 3003
f 2940 2941 3004
f 2941 3005 3004
f 2941 2942 3005
f 2942 3006 3005
f 2942 2943 3006
f 2943 3007 3006
f 2943 2944 3007
f 2944 3008 3007
f 2944 2881 3008
f 2881 2945 3008
f 2945 2946 3009
f 2946 3010 3009
f 2946 2947 3010
f 2947 3011 3010
f 2947 2948 3011
f 2948 3012 3011
f 2948 2949 3012
f 2949 3013 3012
f 2949 2950 3013
f 2950 3014 3013
f 2950 2951 3014
f 2951 3015 3014
f 2951 2952 3015
f 2952 3016 3015
f 2952 2953 3016
f 2953 3017 3016
f 2953 2954 3017
f 2954 3018 3017
f 2954 2955 3018
f 2955 3019 3018
f 2955 2956 3019
f 2956 3020 3019
f 2956 2957 3020
f 2957 3021 3020
f 2957 2958 3021
f 2958 3022 3021
f 2958 2959 3022
f 2959 3023 3022
f 2959 2960 3023
f 2960 3024 3023
f 2960 2961 3024
f 2961 3025 3024
f 2961 2962 3025
f 2962 3026 3025
f 2962 2963 3026
f 2963 3027 3026
f 2963 2964 3027
f 2964 3028 3027
f 2964 2965 3028
f 2965 3029 3028
f 2965 2966 3029
f 2966 3030 3029
f 2966 2967 3030
f 2967 3031 3030
f 2967 2968 3031
f 2968 3032 3031
f 2968 2969 3032
f 2969 3033 3032
f 2969 2970 3033
f 2970 3034 3033
f 2970 2971 3034
f 2971 3035 3034
f 2971 2972 3035
f 2972 3036 3035
f 2972 2973 3036
f 2973 3037 3036
f 2973 2974 3037
f 2974 3038 3037
f 2974 2975 3038
f 2975 3039 3038
f 2975 2976 3039
f 2976 3040 3039
f 2976 2977 3040
f 2977 3041 3040
f 2977 2978 3041
f 2978 3042 3041
f 2978 2979 3042
f 2979 3043 3042
f 2979 2980 3043
f 2980 3044 3043
f 2980 2981 3044
f 2981 3045 3044
f 2981 2982 3045
f 2982 3046 3045
f 2982 2983 3046
f 2983 3047 3046
f 2983 2984 3047
f 2984 3048 3047
f 2984 2985 3048
f 2985 3049 3048
f 2985 2986 3049
f 2986 3050 3049
f 2986 2987 3050
f 2987 3051 3050
f 2987 2988 3051
f 2988 3052 3051
f 2988 2989 3052
f 2989 3053 3052
f 2989 2990 3053
f 2990 3054 3053
f 2990 2991 3054
f 2991 3055 3054
f 2991 2992 3055
f 2992 3056 3055
f 2992 2993 3056
f 2993 3057 3056
f 2993 2994 3057
f 2994 3058 3057
f 2994 2995 3058
f 2995 3059 3058
f 2995 2996 3059
f 2996 3060 3059
f 2996 2997 3060
f 2997 3061 3060
f 2997 2998 3061
f 2998 3062 3061
f 2998 2999 3062
f 2999 3063 3062
f 2999 3000 3063
f 3000 3064 3063
f 3000 3001 3064
f 3001 3065 3064
f 3001 3002 3065
f 3002 3066 3065
f 3002 3003 3066
f 3003 3067 3066
f 3003 3004 3067
f 3004 3068 3067
f 3004 3005 3068
f 3005 3069 3068
f 3005 3006 3069
f 3006 3070 3069
f 3006 3007 3070
f 3007 3071 3070
f 3007 3008 3071
f 3008 3072 3071
f 3008 2945 3072
f 2945 3009 3072
f 3009 3010 3073
f 3010 3074 3073
f 3010 3011 3074
f 3011 3075 3074
f 3011 3012 3075
f 3012 3076 3075
f 3012 3013 3076
f 3013 3077 3076
f 3013 3014 3077
f 3014 3078 3077
f 3014 3015 3078
f 3015 3079 3078
f 3015 3016 3079
f 3016 3080 3079
f 3016 3017 3080
f 3017 3081 3080
f 3017 3018 3081
f 3018 3082 3081
f 3018 3019 3082
f 3019 3083 3082
f 3019 3020 3083
f 3020 3084 3083
f 3020 3021 3084
f 3021 3085 3084
f 3021 3022 3085
f 3022 3086 3085
f 3022 3023 3086
f 3023 3087 3086
f 3023 3024 3087
f 3024 3088 3087
f 3024 3025 3088
f 3025 3089 3088
f 3025 3026 3089
f 3026 3090 3089
f 3026 3027 3090
f 3027 3091 3090
f 3027 3028 3091
f 3028 3092 3091
f 3028 3029 3092
f 3029 3093 3092
f 3029 3030 3093
f 3030 3094 3093
f 3030 3031 3094
f 3031 3095 3094
f 3031 3032 3095
f 3032 3096 3095
f 3032 3033 3096
f 3033 3097 3096
f 3033 3034 3097
f 3034 3098 3097
f 3034 3035 3098
f 3035 3099 3098
f 3035 3036 3099
f 3036 3100 3099
f 3036 3037 3100
f 3037 3101 3100
f 3037 3038 3101
f 3038 3102 3101
f 3038 3039 3102
f 3039 3103 3102
f 3039 3040 3103
f 3040 3104 3103
f 3040 3041 3104
f 3041 3105 3104
f 3041 3042 3105
f 3042 3106 3105
f 3042 3043 3106
f 3043 3107 3106
f 3043 3044 3107
f 3044 3108 3107
f 3044 3045 3108
f 3045 3109 3108
f 3045 3046 3109
f 3046 3110 3109
f 3046 3047 3110
f 3047 3111 3110
f 3047 3048 3111
f 3048 3112 3111
f 3048 3049 3112
f 3049 3113 3112
f 3049 3050 3113
f 3050 3114 3113
f 3050 3051 3114
f 3051 3115 3114
f 3051 3052 3115
f 3052 3116 3115
f 3052 3053 3116
f 3053 3117 3116
f 3053 3054 3117
f 3054 3118 3117
f 3054 3055 3118
f 3055 3119 3118
f 3055 3056 3119
f 3056 3120 3119
f 3056 3057 3120
f 3057 3121 3120
f 3057 3058 3121
f 3058 3122 3121
f 3058 3059 3122
f 3059 3123 3122
f 3059 3060 3123
f 3060 3124 3123
f 3060 3061 3124
f 3061 3125 3124
f 3061 3062 3125
f 3062 3126 3125
f 3062 3063 3126
f 3063 3127 3126
f 3063 3064 3127
f 3064 3128 3127
f 3064 3065 3128
f 3065 3129 3128
f 3065 3066 3129
f 3066 3130 3129
f 3066 3067 3130
f 3067 3131 3130
f 3067 3068 3131
f 3068 3132 3131
f 3068 3069 3132
f 3069 3133 3132
f 3069 3070 3133
f 3070 3134 3133
f 3070 3071 3134
f 3071 3135 3134
f 3071 3072 3135
f 3072 3136 3135
f 3072 3009 3136
f 3009 3073 3136
f 3073 3074 3137
f 3074 3138 3137
f 3074 3075 3138
f 3075 3139 3138
f 3075 3076 3139
f 3076 3140 3139
f 3076 3077 3140
f 3077 3141 3140
f 3077 3078 3141
f 3078 3142 3141
f 3078 3079 3142
f 3079 3143 3142
f 3079 3080 3143
f 3080 3144 3143
f 3080 3081 3144
f 3081 3145 3144
f 3081 3082 3145
f 3082 3146 3145
f 3082 3083 3146
f 3083 3147 3146
f 3083 3084 3147
f 3084 3148 3147
f 3084 3085 3148
f 3085 3149 3148
f 3085 3086 3149
f 3086 3150 3149
f 3086 3087 3150
f 3087 3151 3150
f 3087 3088 3151
f 3088 3152 3151
f 3088 3089 3152
f 3089 3153 3152
f 3089 3090 3153
f 3090 3154 3153
f 3090 3091 3154
f 3091 3155 3154
f 3091 3092 3155
f 3092 3156 3155
f 3092 3093 3156
f 3093 3157 3156
f 3093 3094 3157
f 3094 3158 3157
f 3094 3095 3158
f 3095 3159 3158
f 3095 3096 3159
f 3096 3160 3159
f 3096 3097 3160
f 3097 3161 3160
f 3097 3098 3161
f 3098 3162 3161
f 3098 3099 3162
f 3099 3163 3162
f 3099 3100 3163
f 3100 3164 3163
f 3100 3101 3164
f 3101 3165 3164
f 3101 3102 3165
f 3102 3166 3165
f 3102 3103 3166
f 3103 3167 3166
f 3103 3104 3167
f 3104 3168 3167
f 3104 3105 3168
f 3105 3169 3168
f 3105 3106 3169
f 3106 3170 3169
f 3106 3107 3170
f 3107 3171 3170
f 3107 3108 3171
f 3108 3172 3171
f 3108 3109 3172
f 3109 3173 3172
f 3109 3110 3173
f 3110 3174 3173
f 3110 3111 3174
f 3111 3175 3174
f 3111 3112 3175
f 3112 3176 3175
f 3112 3113 3176
f 3113 3177 3176
f 3113 3114 3177
f 3114 3178 3177
f 3114 3115 3178
f 3115 3179 3178
f 3115 3116 3179
f 3116 3180 3179
f 3116 3117 3180
f 3117 3181 3180
f 3117 3118 3181
f 3118 3182 3181
f 3118 3119 3182
f 3119 3183 3182
f 3119 3120 3183
f 3120 3184 3183
f 3120 3121 3184
f 3121 3185 3184
f 3121 3122 3185
f 3122 3186 3185
f 3122 3123 3186
f 3123 3187 3186
f 3123 3124 3187
f 3124 3188 3187
f 3124 3125 3188
f 3125 3189 3188
f 3125 3126 3189
f 3126 3190 3189
f 3126 3127 3190
f 3127 3191 3190
f 3127 3128 3191
f 3128 3192 3191
f 3128 3129 3192
f 3129 3193 3192
f 3129 3130 3193
f 3130 3194 3193
f 3130 3131 3194
f 3131 3195 3194
f 3131 3132 3195
f 3132 3196 3195
f 3132 3133 3196
f 3133 3197 3196
f 3133 3134 3197
f 3134 3198 3197
f 3134 3135 3198
f 3135 3199 3198
f 3135 3136 3199
f 3136 3200 3199
f 3136 3073 3200
f 3073 3137 3200
f 3137 3138 3201
f 3138 3202 3201
f 3138 3139 3202
f 3139 3203 3202
f 3139 3140 3203
f 3140 3204 3203
f 3140 3141 3204
f 3141 3205 3204
f 3141 3142 3205
f 3142 3206 3205
f 3142 3143 3206
f 3143 3207 3206
f 3143 3144 3207
f 3144 3208 3207
f 3144 3145 3208
f 3145 3209 3208
f 3145 3146 3209
f 3146 3210 3209
f 3146 3147 3210
f 3147 3211 3210
f 3147 3148 3211
f 3148 3212 3211
f 3148 3149 3212
f 3149 3213 3212
f 3149 3150 3213
f 3150 3214 3213
f 3150 3151 3214
f 3151 3215 3214
f 3151 3152 3215
f 3152 3216 3215
f 3152 3153 3216
f 3153 3217 3216
f 3153 3154 3217
f 3154 3218 3217
f 3154 3155 3218
f 3155 3219 3218
f 3155 3156 3219
f 3156 3220 3219
f 3156 3157 3220
f 3157 3221 3220
f 3157 3158 3221
f 3158 3222 3221
f 3158 3159 3222
f 3159 3223 3222
f 3159 3160 3223
f 3160 3224 3223
f 3160 3161 3224
f 3161 3225 3224
f 3161 3162 3225
f 3162 3226 3225
f 3162 3163 3226
f 3163 3227 3226
f 3163 3164 3227
f 3164 3228 3227
f 3164 3165 3228
f 3165 3229 3228
f 3165 3166 3229
f 3166 3230 3229
f 3166 3167 3230
f 3167 3231 3230
f 3167 3168 3231
f 3168 3232 3231
f 3168 3169 3232
f 3169 3233 3232
f 3169 3170 3233
f 3170 3234 3233
f 3170 3171 3234
f 3171 3235 3234
f 3171 3172 3235
f 3172 3236 3235
f 3172 3173 3236
f 3173 3237 3236
f 3173 3174 3237
f 3174 3238 3237
f 3174 3175 3238
f 3175 3239 3238
f 3175 3176 3239
f 3176 3240 3239
f 3176 3177 3240
f 3177 3241 3240
f 3177 3178 3241
f 3178 3242 3241
f 3178 3179 3242
f 3179 3243 3242
f 3179 3180 3243
f 3180 3244 3243
f 3180 3181 3244
f 3181 3245 3244
f 3181 3182 3245
f 3182 3246 3245
f 3182 3183 3246
f 3183 3247 3246
f 3183 3184 3247
f 3184 3248 3247
f 3184 3185 3248
f 3185 3249 3248
f 3185 3186 3249
f 3186 3250 3249
f 3186 3187 3250
f 3187 3251 3250
f 3187 3188 3251
f 3188 3252 3251
f 3188 3189 3252
f 3189 3253 3252
f 3189 3190 3253
f 3190 3254 3253
f 3190 3191 3254
f 3191 3255 3254
f 3191 3192 3255
f 3192 3256 3255
f 3192 3193 3256
f 3193 3257 3256
f 3193 3194 3257
f 3194 3258 3257
f 3194 3195 3258
f 3195 3259 3258
f 3195 3196 3259
f 3196 3260 3259
f 3196 3197 3260
f 3197 3261 3260
f 3197 3198 3261
f 3198 3262 3261
f 3198 3199 3262
f 3199 3263 3262
f 3199 3200 3263
f 3200 3264 3263
f 3200 3137 3264
f 3137 3201 3264
f 3201 3202 3265
f 3202 3266 3265
f 3202 3203 3266
f 3203 3267 3266
f 3203 3204 3267
f 3204 3268 3267
f 3204 3205 3268
f 3205 3269 3268
f 3205 3206 3269
f 3206 3270 3269
f 3206 3207 3270
f 3207 3271 3270
f 3207 3208 3271
f 3208 3272 3271
f 3208 3209 3272
f 3209 3273 3272
f 3209 3210 3273
f 3210 3274 3273
f 3210 3211 3274
f 3211 3275 3274
f 3211 3212 3275
f 3212 3276 3275
f 3212 3213 3276
f 3213 3277 3276
f 3213 3214 3277
f 3214 3278 3277
f 3214 3215 3278
f 3215 3279 3278
f 3215 3216 3279
f 3216 3280 3279
f 3216 3217 3280
f 3217 3281 3280
f 3217 3218 3281
f 3218 3282 3281
f 3218 3219 3282
f 3219 3283 3282
f 3219 3220 3283
f 3220 3284 3283
f 3220 3221 3284
f 3221 3285 3284
f 3221 3222 3285
f 3222 3286 3285
f 3222 3223 3286
f 3223 3287 3286
f 3223 3224 3287
f 3224 3288 3287
f 3224 3225 3288
f 3225 3289 3288
f 3225 3226 3289
f 3226 3290 3289
f 3226 3227 3290
f 3227 3291 3290
f 3227 3228 3291
f 3228 3292 3291
f 3228 3229 3292
f 3229 3293 3292
f 3229 3230 3293
f 3230 3294 3293
f 3230 3231 3294
f 3231 3295 3294
f 3231 3232 3295
f 3232 3296 3295
f 3232 3233 3296
f 3233 3297 3296
f 3233 3234 3297
f 3234 3298 3297
f 3234 3235 3298
f 3235 3299 3298
f 3235 3236 3299
f 3236 3300 3299
f 3236 3237 3300
f 3237 3301 3300
f 3237 3238 3301
f 3238 3302 3301
f 3238 3239 3302
f 3239 3303 3302
f 3239 3240 3303
f 3240 3304 3303
f 3240 3241 3304
f 3241 3305 3304
f 3241 3242 3305
f 3242 3306 3305
f 3242 3243 3306
f 3243 3307 3306
f 3243 3244 3307
f 3244 3308 3307
f 3244 3245 3308
f 3245 3309 3308
f 3245 3246 3309
f 3246 3310 3309
f 3246 3247 3310
f 3247 3311 3310
f 3247 3248 3311
f 3248 3312 3311
f 3248 3249 3312
f 3249 3313 3312
f 3249 3250 3313
f 3250 3314 3313
f 3250 3251 3314
f 3251 3315 3314
f 3251 3252 3315
f 3252 3316 3315
f 3252 3253 3316
f 3253 3317 3316
f 3253 3254 3317
f 3254 3318 3317
f 3254 3255 3318
f 3255 3319 3318
f 3255 3256 3319
f 3256 3320 3319
f 3256 3257 3320
f 3257 3321 3320
f 3257 3258 3321
f 3258 3322 3321
f 3258 3259 3322
f 3259 3323 3322
f 3259 3260 3323
f 3260 3324 3323
f 3260 3261 3324
f 3261 3325 3324
f 3261 3262 3325
f 3262 3326 3325
f 3262 3263 3326
f 3263 3327 3326
f 3263 3264 3327
f 3264 3328 3327
f 3264 3201 3328
f 3201 3265 3328
f 3265 3266 3329
f 3266 3330 3329
f 3266 3267 3330
f 3267 3331 3330
f 3267 3268 3331
f 3268 3332 3331
f 3268 3269 3332
f 3269 3333 3332
f 3269 3270 3333
f 3270 3334 3333
f 3270 3271 3334
f 3271 3335 3334
f 3271 3272 3335
f 3272 3336 3335
f 3272 3273 3336
f 3273 3337 3336
f 3273 3274 3337
f 3274 3338 3337
f 3274 3275 3338
f 3275 3339 3338
f 3275 3276 3339
f 3276 3340 3339
f 3276 3277 3340
f 3277 3341 3340
f 3277 3278 3341
f 3278 3342 3341
f 3278 3279 3342
f 3279 3343 3342
f 3279 3280 3343
f 3280 3344 3343
f 3280 3281 3344
f 3281 3345 3344
f 3281 3282 3345
f 3282 3346 3345
f 3282 3283 3346
f 3283 3347 3346
f 3283 3284 3347
f 3284 3348 3347
f 3284 3285 3348
f 3285 3349 3348
f 3285 3286 3349
f 3286 3350 3349
f 3286 3287 3350
f 3287 3351 3350
f 3287 3288 3351
f 3288 3352 3351
f 3288 3289 3352
f 3289 3353 3352
f 3289 3290 3353
f 3290 3354 3353
f 3290 3291 3354
f 3291 3355 3354
f 3291 3292 3355
f 3292 3356 3355
f 3292 3293 3356
f 3293 3357 3356
f 3293 3294 3357
f 3294 3358 3357
f 3294 3295 3358
f 3295 3359 3358
f 3295 3296 3359
f 3296 3360 3359
f 3296 3297 3360
f 3297 3361 3360
f 3297 3298 3361
f 3298 3362 3361
f 3298 3299 3362
f 3299 3363 3362
f 3299 3300 3363
f 3300 3364 3363
f 3300 3301 3364
f 3301 3365 3364
f 3301 3302 3365
f 3302 3366 3365
f 3302 3303 3366
f 3303 3367 3366
f 3303 3304 3367
f 3304 3368 3367
f 3304 3305 3368
f 3305 3369 3368
f 3305 3306 3369
f 3306 3370 3369
f 3306 3307 3370
f 3307 3371 3370
f 3307 3308 3371
f 3308 3372 3371
f 3308 3309 3372
f 3309 3373 3372
f 3309 3310 3373
f 3310 3374 3373
f 3310 3311 3374
f 3311 3375 3374
f 3311 3312 3375
f 3312 3376 3375
f 3312 3313 3376
f 3313 3377 3376
f 3313 3314 3377
f 3314 3378 3377
f 3314 3315 3378
f 3315 3379 3378
f 3315 3316 3379
f 3316 3380 3379
f 3316 3317 3380
f 3317 3381 3380
f 3317 3318 3381
f 3318 3382 3381
f 3318 3319 3382
f 3319 3383 3382
f 3319 3320 3383
f 3320 3384 3383
f 3320 3321 3384
f 3321 3385 3384
f 3321 3322 3385
f 3322 3386 3385
f 3322 3323 3386
f 3323 3387 3386
f 3323 3324 3387
f 3324 3388 3387
f 3324 3325 3388
f 3325 3389 3388
f 3325 3326 3389
f 3326 3390 3389
f 3326 3327 3390
f 3327 3391 3390
f 3327 3328 3391
f 3328 3392 3391
f 3328 3265 3392
f 3265 3329 3392
f 3329 3330 3393
f 3330 3394 3393
f 3330 3331 3394
f 3331 3395 3394
f 3331 3332 3395
f 3332 3396 3395
f 3332 3333 3396
f 3333 3397 3396
f 3333 3334 3397
f 3334 3398 3397
f 3334 3335 3398
f 3335 3399 3398
f 3335 3336 3399
f 3336 3400 3399
f 3336 3337 3400
f 3337 3401 3400
f 3337 3338 3401
f 3338 3402 3401
f 3338 3339 3402
f 3339 3403 3402
f 3339 3340 3403
f 3340 3404 3403
f 3340 3341 3404
f 3341 3405 3404
f 3341 3342 3405
f 3342 3406 3405
f 3342 3343 3406
f 3343 3407 3406
f 3343 3344 3407
f 3344 3408 3407
f 3344 3345 3408
f 3345 3409 3408
f 3345 3346 3409
f 3346 3410 3409
f 3346 3347 3410
f 3347 3411 3410
f 3347 3348 3411
f 3348 3412 3411
f 3348 3349 3412
f 3349 3413 3412
f 3349 3350 3413
f 3350 3414 3413
f 3350 3351 3414
f 3351 3415 3414
f 3351 3352 3415
f 3352 3416 3415
f 3352 3353 3416
f 3353 3417 3416
f 3353 3354 3417
f 3354 3418 3417
f 3354 3355 3418
f 3355 3419 3418
f 3355 3356 3419
f 3356 3420 3419
f 3356 3357 3420
f 3357 3421 3420
f 3357 3358 3421
f 3358 3422 3421
f 3358 3359 3422
f 3359 3423 3422
f 3359 3360 3423
f 3360 3424 3423
f 3360 3361 3424
f 3361 3425 3424
f 3361 3362 3425
f 3362 3426 3425
f 3362 3363 3426
f 3363 3427 3426
f 3363 3364 3427
f 3364 3428 3427
f 3364 3365 3428
f 3365 3429 3428
f 3365 3366 3429
f 3366 3430 3429
f 3366 3367 3430
f 3367 3431 3430
f 3367 3368 3431
f 3368 3432 3431
f 3368 3369 3432
f 3369 3433 3432
f 3369 3370 3433
f 3370 3434 3433
f 3370 3371 3434
f 3371 3435 3434
f 3371 3372 3435
f 3372 3436 3435
f 3372 3373 3436
f 3373 3437 3436
f 3373 3374 3437
f 3374 3438 3437
f 3374 3375 3438
f 3375 3439 3438
f 3375 3376 3439
f 3376 3440 3439
f 3376 3377 3440
f 3377 3441 3440
f 3377 3378 3441
f 3378 3442 3441
f 3378 3379 3442
f 3379 3443 3442
f 3379 3380 3443
f 3380 3444 3443
f 3380 3381 3444
f 3381 3445 3444
f 3381 3382 3445
f 3382 3446 3445
f 3382 3383 3446
f 3383 3447 3446
f 3383 3384 3447
f 3384 3448 3447
f 3384 3385 3448
f 3385 3449 3448
f 3385 3386 3449
f 3386 3450 3449
f 3386 3387 3450
f 3387 3451 3450
f 3387 3388 3451
f 3388 3452 3451
f 3388 3389 3452
f 3389 3453 3452
f 3389 3390 3453
f 3390 3454 3453
f 3390 3391 3454
f 3391 3455 3454
f 3391 3392 3455
f 3392 3456 3455
f 3392 3329 3456
f 3329 3393 3456
f 3393 3394 3457
f 3394 3458 3457
f 3394 3395 3458
f 3395 3459 3458
f 3395 3396 3459
f 3396 3460 3459
f 3396 3397 3460
f 3397 3461 3460
f 3397 3398 3461
f 3398 3462 3461
f 3398 3399 3462
f 3399 3463 3462
f 3399 3400 3463
f 3400 3464 3463
f 3400 3401 3464
f 3401 3465 3464
f 3401 3402 3465
f 3402 3466 3465
f 3402 3403 3466
f 3403 3467 3466
f 3403 3404 3467
f 3404 3468 3467
f 3404 3405 3468
f 3405 3469 3468
f 3405 3406 3469
f 3406 3470 3469
f 3406 3407 3470
f 3407 3471 3470
f 3407 3408 3471
f 3408 3472 3471
f 3408 3409 3472
f 3409 3473 3472
f 3409 3410 3473
f 3410 3474 3473
f 3410 3411 3474
f 3411 3475 3474
f 3411 3412 3475
f 3412 3476 3475
f 3412 3413 3476
f 3413 3477 3476
f 3413 3414 3477
f 3414 3478 3477
f 3414 3415 3478
f 3415 3479 3478
f 3415 3416 3479
f 3416 3480 3479
f 3416 3417 3480
f 3417 3481 3480
f 3417 3418 3481
f 3418 3482 3481
f 3418 3419 3482
f 3419 3483 3482
f 3419 3420 3483
f 3420 3484 3483
f 3420 3421 3484
f 3421 3485 3484
f 3421 3422 3485
f 3422 3486 3485
f 3422 3423 3486
f 3423 3487 3486
f 3423 3424 3487
f 3424 3488 3487
f 3424 3425 3488
f 3425 3489 3488
f 3425 3426 3489
f 3426 3490 3489
f 3426 3427 3490
f 3427 3491 3490
f 3427 3428 3491
f 3428 3492 3491
f 3428 3429 3492
f 3429 3493 3492
f 3429 3430 3493
f 3430 3494 3493
f 3430 3431 3494
f 3431 3495 3494
f 3431 3432 3495
f 3432 3496 3495
f 3432 3433 3496
f 3433 3497 3496
f 3433 3434 3497
f 3434 3498 3497
f 3434 3435 3498
f 3435 3499 3498
f 3435 3436 3499
f 3436 3500 3499
f 3436 3437 3500
f 3437 3501 3500
f 3437 3438 3501
f 3438 3502 3501
f 3438 3439 3502
f 3439 3503 3502
f 3439 3440 3503
f 3440 3504 3503
f 3440 3441 3504
f 3441 3505 3504
f 3441 3442 3505
f 3442 3506 3505
f 3442 3443 3506
f 3443 3507 3506
f 3443 3444 3507
f 3444 3508 3507
f 3444 3445 3508
f 3445 3509 3508
f 3445 3446 3509
f 3446 3510 3509
f 3446 3447 3510
f 3447 3511 3510
f 3447 3448 3511
f 3448 3512 3511
f 3448 3449 3512
f 3449 3513 3512
f 3449 3450 3513
f 3450 3514 3513
f 3450 3451 3514
f 3451 3515 3514
f 3451 3452 3515
f 3452 3516 3515
f 3452 3453 3516
f 3453 3517 3516
f 3453 3454 3517
f 3454 3518 3517
f 3454 3455 3518
f 3455 3519 3518
f 3455 3456 3519
f 3456 3520 3519
f 3456 3393 3520
f 3393 3457 3520
f 3457 3458 3521
f 3458 3522 3521
f 3458 3459 3522
f 3459 3523 3522
f 3459 3460 3523
f 3460 3524 3523
f 3460 3461 3524
f 3461 3525 3524
f 3461 3462 3525
f 3462 3526 3525
f 3462 3463 3526
f 3463 3527 3526
f 3463 3464 3527
f 3464 3528 3527
f 3464 3465 3528
f 3465 3529 3528
f 3465 3466 3529
f 3466 3530 3529
f 3466 3467 3530
f 3467 3531 3530
f 3467 3468 3531
f 3468 3532 3531
f 3468 3469 3532
f 3469 3533 3532
f 3469 3470 3533
f 3470 3534 3533
f 3470 3471 3534
f 3471 3535 3534
f 3471 3472 3535
f 3472 3536 3535
f 3472 3473 3536
f 3473 3537 3536
f 3473 3474 3537
f 3474 3538 3537
f 3474 3475 3538
f 3475 3539 3538
f 3475 3476 3539
f 3476 3540 3539
f 3476 3477 3540
f 3477 3541 3540
f 3477 3478 3541
f 3478 3542 3541
f 3478 3479 3542
f 3479 3543 3542
f 3479 3480 3543
f 3480 3544 3543
f 3480 3481 3544
f 3481 3545 3544
f 3481 3482 3545
f 3482 3546 3545
f 3482 3483 3546
f 3483 3547 3546
f 3483 3484 3547
f 3484 3548 3547
f 3484 3485 3548
f 3485 3549 3548
f 3485 3486 3549
f 3486 3550 3549
f 3486 3487 3550
f 3487 3551 3550
f 3487 3488 3551
f 3488 3552 3551
f 3488 3489 3552
f 3489 3553 3552
f 3489 3490 3553
f 3490 3554 3553
f 3490 3491 3554
f 3491 3555 3554
f 3491 3492 3555
f 3492 3556 3555
f 3492 3493 3556
f 3493 3557 3556
f 3493 3494 3557
f 3494 3558 3557
f 3494 3495 3558
f 3495 3559 3558
f 3495 3496 3559
f 3496 3560 3559
f 3496 3497 3560
f 3497 3561 3560
f 3497 3498 3561
f 3498 3562 3561
f 3498 3499 3562
f 3499 3563 3562
f 3499 3500 3563
f 3500 3564 3563
f 3500 3501 3564
f 3501 3565 3564
f 3501 3502 3565
f 3502 3566 3565
f 3502 3503 3566
f 3503 3567 3566
f 3503 3504 3567
f 3504 3568 3567
f 3504 3505 3568
f 3505 3569 3568
f 3505 3506 3569
f 3506 3570 3569
f 3506 3507 3570
f 3507 3571 3570
f 3507 3508 3571
f 3508 3572 3571
f 3508 3509 3572
f 3509 3573 3572
f 3509 3510 3573
f 3510 3574 3573
f 3510 3511 3574
f 3511 3575 3574
f 3511 3512 3575
f 3512 3576 3575
f 3512 3513 3576
f 3513 3577 3576
f 3513 3514 3577
f 3514 3578 3577
f 3514 3515 3578
f 3515 3579 3578
f 3515 3516 3579
f 3516 3580 3579
f 3516 3517 3580
f 3517 3581 3580
f 3517 3518 3581
f 3518 3582 3581
f 3518 3519 3582
f 3519 3583 3582
f 3519 3520 3583
f 3520 3584 3583
f 3520 3457 3584
f 3457 3521 3584
f 3521 3522 3585
f 3522 3586 3585
f 3522 3523 3586
f 3523 3587 3586
f 3523 3524 3587
f 3524 3588 3587
f 3524 3525 3588
f 3525 3589 3588
f 3525 3526 3589
f 3526 3590 3589
f 3526 3527 3590
f 3527 3591 3590
f 3527 3528 3591
f 3528 3592 3591
f 3528 3529 3592
f 3529 3593 3592
f 3529 3530 3593
f 3530 3594 3593
f 3530 3531 3594
f 3531 3595 3594
f 3531 3532 3595
f 3532 3596 3595
f 3532 3533 3596
f 3533 3597 3596
f 3533 3534 3597
f 3534 3598 3597
f 3534 3535 3598
f 3535 3599 3598
f 3535 3536 3599
f 3536 3600 3599
f 3536 3537 3600
f 3537 3601 3600
f 3537 3538 3601
f 3538 3602 3601
f 3538 3539 3602
f 3539 3603 3602
f 3539 3540 3603
f 3540 3604 3603
f 3540 3541 3604
f 3541 3605 3604
f 3541 3542 3605
f 3542 3606 3605
f 3542 3543 3606
f 3543 3607 3606
f 3543 3544 3607
f 3544 3608 3607
f 3544 3545 3608
f 3545 3609 3608
f 3545 3546 3609
f 3546 3610 3609
f 3546 3547 3610
f 3547 3611 3610
f 3547 3548 3611
f 3548 3612 3611
f 3548 3549 3612
f 3549 3613 3612
f 3549 3550 3613
f 3550 3614 3613
f 3550 3551 3614
f 3551 3615 3614
f 3551 3552 3615
f 3552 3616 3615
f 3552 3553 3616
f 3553 3617 3616
f 3553 3554 3617
f 3554 3618 3617
f 3554 3555 3618
f 3555 3619 3618
f 3555 3556 3619
f 3556 3620 3619
f 3556 3557 3620
f 3557 3621 3620
f 3557 3558 3621
f 3558 3622 3621
f 3558 3559 3622
f 3559 3623 3622
f 3559 3560 3623
f 3560 3624 3623
f 3560 3561 3624
f 3561 3625 3624
f 3561 3562 3625
f 3562 3626 3625
f 3562 3563 3626
f 3563 3627 3626
f 3563 3564 3627
f 3564 3628 3627
f 3564 3565 3628
f 3565 3629 3628
f 3565 3566 3629
f 3566 3630 3629
f 3566 3567 3630
f 3567 3631 3630
f 3567 3568 3631
f 3568 3632 3631
f 3568 3569 3632
f 3569 3633 3632
f 3569 3570 3633
f 3570 3634 3633
f 3570 3571 3634
f 3571 3635 3634
f 3571 3572 3635
f 3572 3636 3635
f 3572 3573 3636
f 3573 3637 3636
f 3573 3574 3637
f 3574 3638 3637
f 3574 3575 3638
f 3575 3639 3638
f 3575 3576 3639
f 3576 3640 3639
f 3576 3577 3640
f 3577 3641 3640
f 3577 3578 3641
f 3578 3642 3641
f 3578 3579 3642
f 3579 3643 3642
f 3579 3580 3643
f 3580 3644 3643
f 3580 3581 3644
f 3581 3645 3644
f 3581 3582 3645
f 3582 3646 3645
f 3582 3583 3646
f 3583 3647 3646
f 3583 3584 3647
f 3584 3648 3647
f 3584 3521 3648
f 3521 3585 3648
f 3585 3586 3649
f 3586 3650 3649
f 3586 3587 3650
f 3587 3651 3650
f 3587 3588 3651
f 3588 3652 3651
f 3588 3589 3652
f 3589 3653 3652
f 3589 3590 3653
f 3590 3654 3653
f 3590 3591 3654
f 3591 3655 3654
f 3591 3592 3655
f 3592 3656 3655
f 3592 3593 3656
f 3593 3657 3656
f 3593 3594 3657
f 3594 3658 3657
f 3594 3595 3658
f 3595 3659 3658
f 3595 3596 3659
f 3596 3660 3659
f 3596 3597 3660
f 3597 3661 3660
f 3597 3598 3661
f 3598 3662 3661
f 3598 3599 3662
f 3599 3663 3662
f 3599 3600 3663
f 3600 3664 3663
f 3600 3601 3664
f 3601 3665 3664
f 3601 3602 3665
f 3602 3666 3665
f 3602 3603 3666
f 3603 3667 3666
f 3603 3604 3667
f 3604 3668 3667
f 3604 3605 3668
f 3605 3669 3668
f 3605 3606 3669
f 3606 3670 3669
f 3606 3607 3670
f 3607 3671 3670
f 3607 3608 3671
f 3608 3672 3671
f 3608 3609 3672
f 3609 3673 3672
f 3609 3610 3673
f 3610 3674 3673
f 3610 3611 3674
f 3611 3675 3674
f 3611 3612 3675
f 3612 3676 3675
f 3612 3613 3676
f 3613 3677 3676
f 3613 3614 3677
f 3614 3678 3677
f 3614 3615 3678
f 3615 3679 3678
f 3615 3616 3679
f 3616 3680 3679
f 3616 3617 3680
f 3617 3681 3680
f 3617 3618 3681
f 3618 3682 3681
f 3618 3619 3682
f 3619 3683 3682
f 3619 3620 3683
f 3620 3684 3683
f 3620 3621 3684
f 3621 3685 3684
f 3621 3622 3685
f 3622 3686 3685
f 3622 3623 3686
f 3623 3687 3686
f 3623 3624 3687
f 3624 3688 3687
f 3624 3625 3688
f 3625 3689 3688
f 3625 3626 3689
f 3626 3690 3689
f 3626 3627 3690
f 3627 3691 3690
f 3627 3628 3691
f 3628 3692 3691
f 3628 3629 3692
f 3629 3693 3692
f 3629 3630 3693
f 3630 3694 3693
f 3630 3631 3694
f 3631 3695 3694
f 3631 3632 3695
f 3632 3696 3695
f 3632 3633 3696
f 3633 3697 3696
f 3633 3634 3697
f 3634 3698 3697
f 3634 3635 3698
f 3635 3699 3698
f 3635 3636 3699
f 3636 3700 3699
f 3636 3637 3700
f 3637 3701 3700
f 3637 3638 3701
f 3638 3702 3701
f 3638 3639 3702
f 3639 3703 3702
f 3639 3640 3703
f 3640 3704 3703
f 3640 3641 3704
f 3641 3705 3704
f 3641 3642 3705
f 3642 3706 3705
f 3642 3643 3706
f 3643 3707 3706
f 3643 3644 3707
f 3644 3708 3707
f 3644 3645 3708
f 3645 3709 3708
f 3645 3646 3709
f 3646 3710 3709
f 3646 3647 3710
f 3647 3711 3710
f 3647 3648 3711
f 3648 3712 3711
f 3648 3585 3712
f 3585 3649 3712
f 3649 3650 3713
f 3650 3714 3713
f 3650 3651 3714
f 3651 3715 3714
f 3651 3652 3715
f 3652 3716 3715
f 3652 3653 3716
f 3653 3717 3716
f 3653 3654 3717
f 3654 3718 3717
f 3654 3655 3718
f 3655 3719 3718
f 3655 3656 3719
f 3656 3720 3719
f 3656 3657 3720
f 3657 3721 3720
f 3657 3658 3721
f 3658 3722 3721
f 3658 3659 3722
f 3659 3723 3722
f 3659 3660 3723
f 3660 3724 3723
f 3660 3661 3724
f 3661 3725 3724
f 3661 3662 3725
f 3662 3726 3725
f 3662 3663 3726
f 3663 3727 3726
f 3663 3664 3727
f 3664 3728 3727
f 3664 3665 3728
f 3665 3729 3728
f 3665 3666 3729
f 3666 3730 3729
f 3666 3667 3730
f 3667 3731 3730
f 3667 3668 3731
f 3668 3732 3731
f 3668 3669 3732
f 3669 3733 3732
f 3669 3670 3733
f 3670 3734 3733
f 3670 3671 3734
f 3671 3735 3734
f 3671 3672 3735
f 3672 3736 3735
f 3672 3673 3736
f 3673 3737 3736
f 3673 3674 3737
f 3674 3738 3737
f 3674 3675 3738
f 3675 3739 3738
f 3675 3676 3739
f 3676 3740 3739
f 3676 3677 3740
f 3677 3741 3740
f 3677 3678 3741
f 3678 3742 3741
f 3678 3679 3742
f 3679 3743 3742
f 3679 3680 3743
f 3680 3744 3743
f 3680 3681 3744
f 3681 3745 3744
f 3681 3682 3745
f 3682 3746 3745
f 3682 3683 3746
f 3683 3747 3746
f 3683 3684 3747
f 3684 3748 3747
f 3684 3685 3748
f 3685 3749 3748
f 3685 3686 3749
f 3686 3750 3749
f 3686 3687 3750
f 3687 3751 3750
f 3687 3688 3751
f 3688 3752 3751
f 3688 3689 3752
f 3689 3753 3752
f 3689 3690 3753
f 3690 3754 3753
f 3690 3691 3754
f 3691 3755 3754
f 3691 3692 3755
f 3692 3756 3755
f 3692 3693 3756
f 3693 3757 3756
f 3693 3694 3757
f 3694 3758 3757
f 3694 3695 3758
f 3695 3759 3758
f 3695 3696 3759
f 3696 3760 3759
f 3696 3697 3760
f 3697 3761 3760
f 3697 3698 3761
f 3698 3762 3761
f 3698 3699 3762
f 3699 3763 3762
f 3699 3700 3763
f 3700 3764 3763
f 3700 3701 3764
f 3701 3765 3764
f 3701 3702 3765
f 3702 3766 3765
f 3702 3703 3766
f 3703 3767 3766
f 3703 3704 3767
f 3704 3768 3767
f 3704 3705 3768
f 3705 3769 3768
f 3705 3706 3769
f 3706 3770 3769
f 3706 3707 3770
f 3707 3771 3770
f 3707 3708 3771
f 3708 3772 3771
f 3708 3709 3772
f 3709 3773 3772
f 3709 3710 3773
f 3710 3774 3773
f 3710 3711 3774
f 3711 3775 3774
f 3711 3712 3775
f 3712 3776 3775
f 3712 3649 3776
f 3649 3713 3776
f 3713 3714 3777
f 3714 3778 3777
f 3714 3715 3778
f 3715 3779 3778
f 3715 3716 3779
f 3716 3780 3779
f 3716 3717 3780
f 3717 3781 3780
f 3717 3718 3781
f 3718 3782 3781
f 3718 3719 3782
f 3719 3783 3782
f 3719 3720 3783
f 3720 3784 3783
f 3720 3721 3784
f 3721 3785 3784
f 3721 3722 3785
f 3722 3786 3785
f 3722 3723 3786
f 3723 3787 3786
f 3723 3724 3787
f 3724 3788 3787
f 3724 3725 3788
f 3725 3789 3788
f 3725 3726 3789
f 3726 3790 3789
f 3726 3727 3790
f 3727 3791 3790
f 3727 3728 3791
f 3728 3792 3791
f 3728 3729 3792
f 3729 3793 3792
f 3729 3730 3793
f 3730 3794 3793
f 3730 3731 3794
f 3731 3795 3794
f 3731 3732 3795
f 3732 3796 3795
f 3732 3733 3796
f 3733 3797 3796
f 3733 3734 3797
f 3734 3798 3797
f 3734 3735 3798
f 3735 3799 3798
f 3735 3736 3799
f 3736 3800 3799
f 3736 3737 3800
f 3737 3801 3800
f 3737 3738 3801
f 3738 3802 3801
f 3738 3739 3802
f 3739 3803 3802
f 3739 3740 3803
f 3740 3804 3803
f 3740 3741 3804
f 3741 3805 3804
f 3741 3742 3805
f 3742 3806 3805
f 3742 3743 3806
f 3743 3807 3806
f 3743 3744 3807
f 3744 3808 3807
f 3744 3745 3808
f 3745 3809 3808
f 3745 3746 3809
f 3746 3810 3809
f 3746 3747 3810
f 3747 3811 3810
f 3747 3748 3811
f 3748 3812 3811
f 3748 3749 3812
f 3749 3813 3812
f 3749 3750 3813
f 3750 3814 3813
f 3750 3751 3814
f 3751 3815 3814
f 3751 3752 3815
f 3752 3816 3815
f 3752 3753 3816
f 3753 3817 3816
f 3753 3754 3817
f 3754 3818 3817
f 3754 3755 3818
f 3755 3819 3818
f 3755 3756 3819
f 3756 3820 3819
f 3756 3757 3820
f 3757 3821 3820
f 3757 3758 3821
f 3758 3822 3821
f 3758 3759 3822
f 3759 3823 3822
f 3759 3760 3823
f 3760 3824 3823
f 3760 3761 3824
f 3761 3825 3824
f 3761 3762 3825
f 3762 3826 3825
f 3762 3763 3826
f 3763 3827 3826
f 3763 3764 3827
f 3764 3828 3827
f 3764 3765 3828
f 3765 3829 3828
f 3765 3766 3829
f 3766 3830 3829
f 3766 3767 3830
f 3767 3831 3830
f 3767 3768 3831
f 3768 3832 3831
f 3768 3769 3832
f 3769 3833 3832
f 3769 3770 3833
f 3770 3834 3833
f 3770 3771 3834
f 3771 3835 3834
f 3771 3772 3835
f 3772 3836 3835
f 3772 3773 3836
f 3773 3837 3836
f 3773 3774 3837
f 3774 3838 3837
f 3774 3775 3838
f 3775 3839 3838
f 3775 3776 3839
f 3776 3840 3839
f 3776 3713 3840
f 3713 3777 3840
f 3777 3778 3841
f 3778 3842 3841
f 3778 3779 3842
f 3779 3843 3842
f 3779 3780 3843
f 3780 3844 3843
f 3780 3781 3844
f 3781 3845 3844
f 3781 3782 3845
f 3782 3846 3845
f 3782 3783 3846
f 3783 3847 3846
f 3783 3784 3847
f 3784 3848 3847
f 3784 3785 3848
f 3785 3849 3848
f 3785 3786 3849
f 3786 3850 3849
f 3786 3787 3850
f 3787 3851 3850
f 3787 3788 3851
f 3788 3852 3851
f 3788 3789 3852
f 3789 3853 3852
f 3789 3790 3853
f 3790 3854 3853
f 3790 3791 3854
f 3791 3855 3854
f 3791 3792 3855
f 3792 3856 3855
f 3792 3793 3856
f 3793 3857 3856
f 3793 3794 3857
f 3794 3858 3857
f 3794 3795 3858
f 3795 3859 3858
f 3795 3796 3859
f 3796 3860 3859
f 3796 3797 3860
f 3797 3861 3860
f 3797 3798 3861
f 3798 3862 3861
f 3798 3799 3862
f 3799 3863 3862
f 3799 3800 3863
f 3800 3864 3863
f 3800 3801 3864
f 3801 3865 3864
f 3801 3802 3865
f 3802 3866 3865
f 3802 3803 3866
f 3803 3867 3866
f 3803 3804 3867
f 3804 3868 3867
f 3804 3805 3868
f 3805 3869 3868
f 3805 3806 3869
f 3806 3870 3869
f 3806 3807 3870
f 3807 3871 3870
f 3807 3808 3871
f 3808 3872 3871
f 3808 3809 3872
f 3809 3873 3872
f 3809 3810 3873
f 3810 3874 3873
f 3810 3811 3874
f 3811 3875 3874
f 3811 3812 3875
f 3812 3876 3875
f 3812 3813 3876
f 3813 3877 3876
f 3813 3814 3877
f 3814 3878 3877
f 3814 3815 3878
f 3815 3879 3878
f 3815 3816 3879
f 3816 3880 3879
f 3816 3817 3880
f 3817 3881 3880
f 3817 3818 3881
f 3818 3882 3881
f 3818 3819 3882
f 3819 3883 3882
f 3819 3820 3883
f 3820 3884 3883
f 3820 3821 3884
f 3821 3885 3884
f 3821 3822 3885
f 3822 3886 3885
f 3822 3823 3886
f 3823 3887 3886
f 3823 3824 3887
f 3824 3888 3887
f 3824 3825 3888
f 3825 3889 3888
f 3825 3826 3889
f 3826 3890 3889
f 3826 3827 3890
f 3827 3891 3890
f 3827 3828 3891
f 3828 3892 3891
f 3828 3829 3892
f 3829 3893 3892
f 3829 3830 3893
f 3830 3894 3893
f 3830 3831 3894
f 3831 3895 3894
f 3831 3832 3895
f 3832 3896 3895
f 3832 3833 3896
f 3833 3897 3896
f 3833 3834 3897
f 3834 3898 3897
f 3834 3835 3898
f 3835 3899 3898
f 3835 3836 3899
f 3836 3900 3899
f 3836 3837 3900
f 3837 3901 3900
f 3837 3838 3901
f 3838 3902 3901
f 3838 3839 3902
f 3839 3903 3902
f 3839 3840 3903
f 3840 3904 3903
f 3840 3777 3904
f 3777 3841 3904
f 3841 3842 3905
f 3842 3906 3905
f 3842 3843 3906
f 3843 3907 3906
f 3843 3844 3907
f 3844 3908 3907
f 3844 3845 3908
f 3845 3909 3908
f 3845 3846 3909
f 3846 3910 3909
f 3846 3847 3910
f 3847 3911 3910
f 3847 3848 3911
f 3848 3912 3911
f 3848 3849 3912
f 3849 3913 3912
f 3849 3850 3913
f 3850 3914 3913
f 3850 3851 3914
f 3851 3915 3914
f 3851 3852 3915
f 3852 3916 3915
f 3852 3853 3916
f 3853 3917 3916
f 3853 3854 3917
f 3854 3918 3917
f 3854 3855 3918
f 3855 3919 3918
f 3855 3856 3919
f 3856 3920 3919
f 3856 3857 3920
f 3857 3921 3920
f 3857 3858 3921
f 3858 3922 3921
f 3858 3859 3922
f 3859 3923 3922
f 3859 3860 3923
f 3860 3924 3923
f 3860 3861 3924
f 3861 3925 3924
f 3861 3862 3925
f 3862 3926 3925
f 3862 3863 3926
f 3863 3927 3926
f 3863 3864 3927
f 3864 3928 3927
f 3864 3865 3928
f 3865 3929 3928
f 3865 3866 3929
f 3866 3930 3929
f 3866 3867 3930
f 3867 3931 3930
f 3867 3868 3931
f 3868 3932 3931
f 3868 3869 3932
f 3869 3933 3932
f 3869 3870 3933
f 3870 3934 3933
f 3870 3871 3934
f 3871 3935 3934
f 3871 3872 3935
f 3872 3936 3935
f 3872 3873 3936
f 3873 3937 3936
f 3873 3874 3937
f 3874 3938 3937
f 3874 3875 3938
f 3875 3939 3938
f 3875 3876 3939
f 3876 3940 3939
f 3876 3877 3940
f 3877 3941 3940
f 3877 3878 3941
f 3878 3942 3941
f 3878 3879 3942
f 3879 3943 3942
f 3879 3880 3943
f 3880 3944 3943
f 3880 3881 3944
f 3881 3945 3944
f 3881 3882 3945
f 3882 3946 3945
f 3882 3883 3946
f 3883 3947 3946
f 3883 3884 3947
f 3884 3948 3947
f 3884 3885 3948
f 3885 3949 3948
f 3885 3886 3949
f 3886 3950 3949
f 3886 3887 3950
f 3887 3951 3950
f 3887 3888 3951
f 3888 3952 3951
f 3888 3889 3952
f 3889 3953 3952
f 3889 3890 3953
f 3890 3954 3953
f 3890 3891 3954
f 3891 3955 3954
f 3891 3892 3955
f 3892 3956 3955
f 3892 3893 3956
f 3893 3957 3956
f 3893 3894 3957
f 3894 3958 3957
f 3894 3895 3958
f 3895 3959 3958
f 3895 3896 3959
f 3896 3960 3959
f 3896 3897 3960
f 3897 3961 3960
f 3897 3898 3961
f 3898 3962 3961
f 3898 3899 3962
f 3899 3963 3962
f 3899 3900 3963
f 3900 3964 3963
f 3900 3901 3964
f 3901 3965 3964
f 3901 3902 3965
f 3902 3966 3965
f 3902 3903 3966
f 3903 3967 3966
f 3903 3904 3967
f 3904 3968 3967
f 3904 3841 3968
f 3841 3905 3968
f 3905 3906 3969
f 3906 3970 3969
f 3906 3907 3970
f 3907 3971 3970
f 3907 3908 3971
f 3908 3972 3971
f 3908 3909 3972
f 3909 3973 3972
f 3909 3910 3973
f 3910 3974 3973
f 3910 3911 3974
f 3911 3975 3974
f 3911 3912 3975
f 3912 3976 3975
f 3912 3913 3976
f 3913 3977 3976
f 3913 3914 3977
f 3914 3978 3977
f 3914 3915 3978
f 3915 3979 3978
f 3915 3916 3979
f 3916 3980 3979
f 3916 3917 3980
f 3917 3981 3980
f 3917 3918 3981
f 3918 3982 3981
f 3918 3919 3982
f 3919 3983 3982
f 3919 3920 3983
f 3920 3984 3983
f 3920 3921 3984
f 3921 3985 3984
f 3921 3922 3985
f 3922 3986 3985
f 3922 3923 3986
f 3923 3987 3986
f 3923 3924 3987
f 3924 3988 3987
f 3924 3925 3988
f 3925 3989 3988
f 3925 3926 3989
f 3926 3990 3989
f 3926 3927 3990
f 3927 3991 3990
f 3927 3928 3991
f 3928 3992 3991
f 3928 3929 3992
f 3929 3993 3992
f 3929 3930 3993
f 3930 3994 3993
f 3930 3931 3994
f 3931 3995 3994
f 3931 3932 3995
f 3932 3996 3995
f 3932 3933 3996
f 3933 3997 3996
f 3933 3934 3997
f 3934 3998 3997
f 3934 3935 3998
f 3935 3999 3998
f 3935 3936 3999
f 3936 4000 3999
f 3936 3937 4000
f 3937 4001 4000
f 3937 3938 4001
f 3938 4002 4001
f 3938 3939 4002
f 3939 4003 4002
f 3939 3940 4003
f 3940 4004 4003
f 3940 3941 4004
f 3941 4005 4004
f 3941 3942 4005
f 3942 4006 4005
f 3942 3943 4006
f 3943 4007 4006
f 3943 3944 4007
f 3944 4008 4007
f 3944 3945 4008
f 3945 4009 4008
f 3945 3946 4009
f 3946 4010 4009
f 3946 3947 4010
f 3947 4011 4010
f 3947 3948 4011
f 3948 4012 4011
f 3948 3949 4012
f 3949 4013 4012
f 3949 3950 4013
f 3950 4014 4013
f 3950 3951 4014
f 3951 4015 4014
f 3951 3952 4015
f 3952 4016 4015
f 3952 3953 4016
f 3953 4017 4016
f 3953 3954 4017
f 3954 4018 4017
f 3954 3955 4018
f 3955 4019 4018
f 3955 3956 4019
f 3956 4020 4019
f 3956 3957 4020
f 3957 4021 4020
f 3957 3958 4021
f 3958 4022 4021
f 3958 3959 4022
f 3959 4023 4022
f 3959 3960 4023
f 3960 4024 4023
f 3960 3961 4024
f 3961 4025 4024
f 3961 3962 4025
f 3962 4026 4025
f 3962 3963 4026
f 3963 4027 4026
f 3963 3964 4027
f 3964 4028 4027
f 3964 3965 4028
f 3965 4029 4028
f 3965 3966 4029
f 3966 4030 4029
f 3966 3967 4030
f 3967 4031 4030
f 3967 3968 4031
f 3968 4032 4031
f 3968 3905 4032
f 3905 3969 4032
f 3969 3970 4033
f 3970 4034 4033
f 3970 3971 4034
f 3971 4035 4034
f 3971 3972 4035
f 3972 4036 4035
f 3972 3973 4036
f 3973 4037 4036
f 3973 3974 4037
f 3974 4038 4037
f 3974 3975 4038
f 3975 4039 4038
f 3975 3976 4039
f 3976 4040 4039
f 3976 3977 4040
f 3977 4041 4040
f 3977 3978 4041
f 3978 4042 4041
f 3978 3979 4042
f 3979 4043 4042
f 3979 3980 4043
f 3980 4044 4043
f 3980 3981 4044
f 3981 4045 4044
f 3981 3982 4045
f 3982 4046 4045
f 3982 3983 4046
f 3983 4047 4046
f 3983 3984 4047
f 3984 4048 4047
f 3984 3985 4048
f 3985 4049 4048
f 3985 3986 4049
f 3986 4050 4049
f 3986 3987 4050
f 3987 4051 4050
f 3987 3988 4051
f 3988 4052 4051
f 3988 3989 4052
f 3989 4053 4052
f 3989 3990 4053
f 3990 4054 4053
f 3990 3991 4054
f 3991 4055 4054
f 3991 3992 4055
f 3992 4056 4055
f 3992 3993 4056
f 3993 4057 4056
f 3993 3994 4057
f 3994 4058 4057
f 3994 3995 4058
f 3995 4059 4058
f 3995 3996 4059
f 3996 4060 4059
f 3996 3997 4060
f 3997 4061 4060
f 3997 3998 4061
f 3998 4062 4061
f 3998 3999 4062
f 3999 4063 4062
f 3999 4000 4063
f 4000 4064 4063
f 4000 4001 4064
f 4001 4065 4064
f 4001 4002 4065
f 4002 4066 4065
f 4002 4003 4066
f 4003 4067 4066
f 4003 4004 4067
f 4004 4068 4067
f 4004 4005 4068
f 4005 4069 4068
f 4005 4006 4069
f 4006 4070 4069
f 4006 4007 4070
f 4007 4071 4070
f 4007 4008 4071
f 4008 4072 4071
f 4008 4009 4072
f 4009 4073 4072
f 4009 4010 4073
f 4010 4074 4073
f 4010 4011 4074
f 4011 4075 4074
f 4011 4012 4075
f 4012 4076 4075
f 4012 4013 4076
f 4013 4077 4076
f 4013 4014 4077
f 4014 4078 4077
f 4014 4015 4078
f 4015 4079 4078
f 4015 4016 4079
f 4016 4080 4079
f 4016 4017 4080
f 4017 4081 4080
f 4017 4018 4081
f 4018 4082 4081
f 4018 4019 4082
f 4019 4083 4082
f 4019 4020 4083
f 4020 4084 4083
f 4020 4021 4084
f 4021 4085 4084
f 4021 4022 4085
f 4022 4086 4085
f 4022 4023 4086
f 4023 4087 4086
f 4023 4024 4087
f 4024 4088 4087
f 4024 4025 4088
f 4025 4089 4088
f 4025 4026 4089
f 4026 4090 4089
f 4026 4027 4090
f 4027 4091 4090
f 4027 4028 4091
f 4028 4092 4091
f 4028 4029 4092
f 4029 4093 4092
f 4029 4030 4093
f 4030 4094 4093
f 4030 4031 4094
f 4031 4095 4094
f 4031 4032 4095
f 4032 4096 4095
f 4032 3969 4096
f 3969 4033 4096
f 4033 4034 4097
f 4034 4098 4097
f 4034 4035 4098
f 4035 4099 4098
f 4035 4036 4099
f 4036 4100 4099
f 4036 4037 4100
f 4037 4101 4100
f 4037 4038 4101
f 4038 4102 4101
f 4038 4039 4102
f 4039 4103 4102
f 4039 4040 4103
f 4040 4104 4103
f 4040 4041 4104
f 4041 4105 4104
f 4041 4042 4105
f 4042 4106 4105
f 4042 4043 4106
f 4043 4107 4106
f 4043 4044 4107
f 4044 4108 4107
f 4044 4045 4108
f 4045 4109 4108
f 4045 4046 4109
f 4046 4110 4109
f 4046 4047 4110
f 4047 4111 4110
f 4047 4048 4111
f 4048 4112 4111
f 4048 4049 4112
f 4049 4113 4112
f 4049 4050 4113
f 4050 4114 4113
f 4050 4051 4114
f 4051 4115 4114
f 4051 4052 4115
f 4052 4116 4115
f 4052 4053 4116
f 4053 4117 4116
f 4053 4054 4117
f 4054 4118 4117
f 4054 4055 4118
f 4055 4119 4118
f 4055 4056 4119
f 4056 4120 4119
f 4056 4057 4120
f 4057 4121 4120
f 4057 4058 4121
f 4058 4122 4121
f 4058 4059 4122
f 4059 4123 4122
f 4059 4060 4123
f 4060 4124 4123
f 4060 4061 4124
f 4061 4125 4124
f 4061 4062 4125
f 4062 4126 4125
f 4062 4063 4126
f 4063 4127 4126
f 4063 4064 4127
f 4064 4128 4127
f 4064 4065 4128
f 4065 4129 4128
f 4065 4066 4129
f 4066 4130 4129
f 4066 4067 4130
f 4067 4131 4130
f 4067 4068 4131
f 4068 4132 4131
f 4068 4069 4132
f 4069 4133 4132
f 4069 4070 4133
f 4070 4134 4133
f 4070 4071 4134
f 4071 4135 4134
f 4071 4072 4135
f 4072 4136 4135
f 4072 4073 4136
f 4073 4137 4136
f 4073 4074 4137
f 4074 4138 4137
f 4074 4075 4138
f 4075 4139 4138
f 4075 4076 4139
f 4076 4140 4139
f 4076 4077 4140
f 4077 4141 4140
f 4077 4078 4141
f 4078 4142 4141
f 4078 4079 4142
f 4079 4143 4142
f 4079 4080 4143
f 4080 4144 4143
f 4080 4081 4144
f 4081 4145 4144
f 4081 4082 4145
f 4082 4146 4145
f 4082 4083 4146
f 4083 4147 4146
f 4083 4084 4147
f 4084 4148 4147
f 4084 4085 4148
f 4085 4149 4148
f 4085 4086 4149
f 4086 4150 4149
f 4086 4087 4150
f 4087 4151 4150
f 4087 4088 4151
f 4088 4152 4151
f 4088 4089 4152
f 4089 4153 4152
f 4089 4090 4153
f 4090 4154 4153
f 4090 4091 4154
f 4091 4155 4154
f 4091 4092 4155
f 4092 4156 4155
f 4092 4093 4156
f 4093 4157 4156
f 4093 4094 4157
f 4094 4158 4157
f 4094 4095 4158
f 4095 4159 4158
f 4095 4096 4159
f 4096 4160 4159
f 4096 4033 4160
f 4033 4097 4160
f 4097 4098 4161
f 4098 4162 4161
f 4098 4099 4162
f 4099 4163 4162
f 4099 4100 4163
f 4100 4164 4163
f 4100 4101 4164
f 4101 4165 4164
f 4101 4102 4165
f 4102 4166 4165
f 4102 4103 4166
f 4103 4167 4166
f 4103 4104 4167
f 4104 4168 4167
f 4104 4105 4168
f 4105 4169 4168
f 4105 4106 4169
f 4106 4170 4169
f 4106 4107 4170
f 4107 4171 4170
f 4107 4108 4171
f 4108 4172 4171
f 4108 4109 4172
f 4109 4173 4172
f 4109 4110 4173
f 4110 4174 4173
f 4110 4111 4174
f 4111 4175 4174
f 4111 4112 4175
f 4112 4176 4175
f 4112 4113 4176
f 4113 4177 4176
f 4113 4114 4177
f 4114 4178 4177
f 4114 4115 4178
f 4115 4179 4178
f 4115 4116 4179
f 4116 4180 4179
f 4116 4117 4180
f 4117 4181 4180
f 4117 4118 4181
f 4118 4182 4181
f 4118 4119 4182
f 4119 4183 4182
f 4119 4120 4183
f 4120 4184 4183
f 4120 4121 4184
f 4121 4185 4184
f 4121 4122 4185
f 4122 4186 4185
f 4122 4123 4186
f 4123 4187 4186
f 4123 4124 4187
f 4124 4188 4187
f 4124 4125 4188
f 4125 4189 4188
f 4125 4126 4189
f 4126 4190 4189
f 4126 4127 4190
f 4127 4191 4190
f 4127 4128 4191
f 4128 4192 4191
f 4128 4129 4192
f 4129 4193 4192
f 4129 4130 4193
f 4130 4194 4193
f 4130 4131 4194
f 4131 4195 4194
f 4131 4132 4195
f 4132 4196 4195
f 4132 4133 4196
f 4133 4197 4196
f 4133 4134 4197
f 4134 4198 4197
f 4134 4135 4198
f 4135 4199 4198
f 4135 4136 4199
f 4136 4200 4199
f 4136 4137 4200
f 4137 4201 4200
f 4137 4138 4201
f 4138 4202 4201
f 4138 4139 4202
f 4139 4203 4202
f 4139 4140 4203
f 4140 4204 4203
f 4140 4141 4204
f 4141 4205 4204
f 4141 4142 4205
f 4142 4206 4205
f 4142 4143 4206
f 4143 4207 4206
f 4143 4144 4207
f 4144 4208 4207
f 4144 4145 4208
f 4145 4209 4208
f 4145 4146 4209
f 4146 4210 4209
f 4146 4147 4210
f 4147 4211 4210
f 4147 4148 4211
f 4148 4212 4211
f 4148 4149 4212
f 4149 4213 4212
f 4149 4150 4213
f 4150 4214 4213
f 4150 4151 4214
f 4151 4215 4214
f 4151 4152 4215
f 4152 4216 4215
f 4152 4153 4216
f 4153 4217 4216
f 4153 4154 4217
f 4154 4218 4217
f 4154 4155 4218
f 4155 4219 4218
f 4155 4156 4219
f 4156 4220 4219
f 4156 4157 4220
f 4157 4221 4220
f 4157 4158 4221
f 4158 4222 4221
f 4158 4159 4222
f 4159 4223 4222
f 4159 4160 4223
f 4160 4224 4223
f 4160 4097 4224
f 4097 4161 4224
f 4161 4162 4225
f 4162 4226 4225
f 4162 4163 4226
f 4163 4227 4226
f 4163 4164 4227
f 4164 4228 4227
f 4164 4165 4228
f 4165 4229 4228
f 4165 4166 4229
f 4166 4230 4229
f 4166 4167 4230
f 4167 4231 4230
f 4167 4168 4231
f 4168 4232 4231
f 4168 4169 4232
f 4169 4233 4232
f 4169 4170 4233
f 4170 4234 4233
f 4170 4171 4234
f 4171 4235 4234
f 4171 4172 4235
f 4172 4236 4235
f 4172 4173 4236
f 4173 4237 4236
f 4173 4174 4237
f 4174 4238 4237
f 4174 4175 4238
f 4175 4239 4238
f 4175 4176 4239
f 4176 4240 4239
f 4176 4177 4240
f 4177 4241 4240
f 4177 4178 4241
f 4178 4242 4241
f 4178 4179 4242
f 4179 4243 4242
f 4179 4180 4243
f 4180 4244 4243
f 4180 4181 4244
f 4181 4245 4244
f 4181 4182 4245
f 4182 4246 4245
f 4182 4183 4246
f 4183 4247 4246
f 4183 4184 4247
f 4184 4248 4247
f 4184 4185 4248
f 4185 4249 4248
f 4185 4186 4249
f 4186 4250 4249
f 4186 4187 4250
f 4187 4251 4250
f 4187 4188 4251
f 4188 4252 4251
f 4188 4189 4252
f 4189 4253 4252
f 4189 4190 4253
f 4190 4254 4253
f 4190 4191 4254
f 4191 4255 4254
f 4191 4192 4255
f 4192 4256 4255
f 4192 4193 4256
f 4193 4257 4256
f 4193 4194 4257
f 4194 4258 4257
f 4194 4195 4258
f 4195 4259 4258
f 4195 4196 4259
f 4196 4260 4259
f 4196 4197 4260
f 4197 4261 4260
f 4197 4198 4261
f 4198 4262 4261
f 4198 4199 4262
f 4199 4263 4262
f 4199 4200 4263
f 4200 4264 4263
f 4200 4201 4264
f 4201 4265 4264
f 4201 4202 4265
f 4202 4266 4265
f 4202 4203 4266
f 4203 4267 4266
f 4203 4204 4267
f 4204 4268 4267
f 4204 4205 4268
f 4205 4269 4268
f 4205 4206 4269
f 4206 4270 4269
f 4206 4207 4270
f 4207 4271 4270
f 4207 4208 4271
f 4208 4272 4271
f 4208 4209 4272
f 4209 4273 4272
f 4209 4210 4273
f 4210 4274 4273
f 4210 4211 4274
f 4211 4275 4274
f 4211 4212 4275
f 4212 4276 4275
f 4212 4213 4276
f 4213 4277 4276
f 4213 4214 4277
f 4214 4278 4277
f 4214 4215 4278
f 4215 4279 4278
f 4215 4216 4279
f 4216 4280 4279
f 4216 4217 4280
f 4217 4281 4280
f 4217 4218 4281
f 4218 4282 4281
f 4218 4219 4282
f 4219 4283 4282
f 4219 4220 4283
f 4220 4284 4283
f 4220 4221 4284
f 4221 4285 4284
f 4221 4222 4285
f 4222 4286 4285
f 4222 4223 4286
f 4223 4287 4286
f 4223 4224 4287
f 4224 4288 4287
f 4224 4161 4288
f 4161 4225 4288
f 4225 4226 4289
f 4226 4290 4289
f 4226 4227 4290
f 4227 4291 4290
f 4227 4228 4291
f 4228 4292 4291
f 4228 4229 4292
f 4229 4293 4292
f 4229 4230 4293
f 4230 4294 4293
f 4230 4231 4294
f 4231 4295 4294
f 4231 4232 4295
f 4232 4296 4295
f 4232 4233 4296
f 4233 4297 4296
f 4233 4234 4297
f 4234 4298 4297
f 4234 4235 4298
f 4235 4299 4298
f 4235 4236 4299
f 4236 4300 4299
f 4236 4237 4300
f 4237 4301 4300
f 4237 4238 4301
f 4238 4302 4301
f 4238 4239 4302
f 4239 4303 4302
f 4239 4240 4303
f 4240 4304 4303
f 4240 4241 4304
f 4241 4305 4304
f 4241 4242 4305
f 4242 4306 4305
f 4242 4243 4306
f 4243 4307 4306
f 4243 4244 4307
f 4244 4308 4307
f 4244 4245 4308
f 4245 4309 4308
f 4245 4246 4309
f 4246 4310 4309
f 4246 4247 4310
f 4247 4311 4310
f 4247 4248 4311
f 4248 4312 4311
f 4248 4249 4312
f 4249 4313 4312
f 4249 4250 4313
f 4250 4314 4313
f 4250 4251 4314
f 4251 4315 4314
f 4251 4252 4315
f 4252 4316 4315
f 4252 4253 4316
f 4253 4317 4316
f 4253 4254 4317
f 4254 4318 4317
f 4254 4255 4318
f 4255 4319 4318
f 4255 4256 4319
f 4256 4320 4319
f 4256 4257 4320
f 4257 4321 4320
f 4257 4258 4321
f 4258 4322 4321
f 4258 4259 4322
f 4259 4323 4322
f 4259 4260 4323
f 4260 4324 4323
f 4260 4261 4324
f 4261 4325 4324
f 4261 4262 4325
f 4262 4326 4325
f 4262 4263 4326
f 4263 4327 4326
f 4263 4264 4327
f 4264 4328 4327
f 4264 4265 4328
f 4265 4329 4328
f 4265 4266 4329
f 4266 4330 4329
f 4266 4267 4330
f 4267 4331 4330
f 4267 4268 4331
f 4268 4332 4331
f 4268 4269 4332
f 4269 4333 4332
f 4269 4270 4333
f 4270 4334 4333
f 4270 4271 4334
f 4271 4335 4334
f 4271 4272 4335
f 4272 4336 4335
f 4272 4273 4336
f 4273 4337 4336
f 4273 4274 4337
f 4274 4338 4337
f 4274 4275 4338
f 4275 4339 4338
f 4275 4276 4339
f 4276 4340 4339
f 4276 4277 4340
f 4277 4341 4340
f 4277 4278 4341
f 4278 4342 4341
f 4278 4279 4342
f 4279 4343 4342
f 4279 4280 4343
f 4280 4344 4343
f 4280 4281 4344
f 4281 4345 4344
f 4281 4282 4345
f 4282 4346 4345
f 4282 4283 4346
f 4283 4347 4346
f 4283 4284 4347
f 4284 4348 4347
f 4284 4285 4348
f 4285 4349 4348
f 4285 4286 4349
f 4286 4350 4349
f 4286 4287 4350
f 4287 4351 4350
f 4287 4288 4351
f 4288 4352 4351
f 4288 4225 4352
f 4225 4289 4352
f 4289 4290 4353
f 4290 4354 4353
f 4290 4291 4354
f 4291 4355 4354
f 4291 4292 4355
f 4292 4356 4355
f 4292 4293 4356
f 4293 4357 4356
f 4293 4294 4357
f 4294 4358 4357
f 4294 4295 4358
f 4295 4359 4358
f 4295 4296 4359
f 4296 4360 4359
f 4296 4297 4360
f 4297 4361 4360
f 4297 4298 4361
f 4298 4362 4361
f 4298 4299 4362
f 4299 4363 4362
f 4299 4300 4363
f 4300 4364 4363
f 4300 4301 4364
f 4301 4365 4364
f 4301 4302 4365
f 4302 4366 4365
f 4302 4303 4366
f 4303 4367 4366
f 4303 4304 4367
f 4304 4368 4367
f 4304 4305 4368
f 4305 4369 4368
f 4305 4306 4369
f 4306 4370 4369
f 4306 4307 4370
f 4307 4371 4370
f 4307 4308 4371
f 4308 4372 4371
f 4308 4309 4372
f 4309 4373 4372
f 4309 4310 4373
f 4310 4374 4373
f 4310 4311 4374
f 4311 4375 4374
f 4311 4312 4375
f 4312 4376 4375
f 4312 4313 4376
f 4313 4377 4376
f 4313 4314 4377
f 4314 4378 4377
f 4314 4315 4378
f 4315 4379 4378
f 4315 4316 4379
f 4316 4380 4379
f 4316 4317 4380
f 4317 4381 4380
f 4317 4318 4381
f 4318 4382 4381
f 4318 4319 4382
f 4319 4383 4382
f 4319 4320 4383
f 4320 4384 4383
f 4320 4321 4384
f 4321 4385 4384
f 4321 4322 4385
f 4322 4386 4385
f 4322 4323 4386
f 4323 4387 4386
f 4323 4324 4387
f 4324 4388 4387
f 4324 4325 4388
f 4325 4389 4388
f 4325 4326 4389
f 4326 4390 4389
f 4326 4327 4390
f 4327 4391 4390
f 4327 4328 4391
f 4328 4392 4391
f 4328 4329 4392
f 4329 4393 4392
f 4329 4330 4393
f 4330 4394 4393
f 4330 4331 4394
f 4331 4395 4394
f 4331 4332 4395
f 4332 4396 4395
f 4332 4333 4396
f 4333 4397 4396
f 4333 4334 4397
f 4334 4398 4397
f 4334 4335 4398
f 4335 4399 4398
f 4335 4336 4399
f 4336 4400 4399
f 4336 4337 4400
f 4337 4401 4400
f 4337 4338 4401
f 4338 4402 4401
f 4338 4339 4402
f 4339 4403 4402
f 4339 4340 4403
f 4340 4404 4403
f 4340 4341 4404
f 4341 4405 4404
f 4341 4342 4405
f 4342 4406 4405
f 4342 4343 4406
f 4343 4407 4406
f 4343 4344 4407
f 4344 4408 4407
f 4344 4345 4408
f 4345 4409 4408
f 4345 4346 4409
f 4346 4410 4409
f 4346 4347 4410
f 4347 4411 4410
f 4347 4348 4411
f 4348 4412 4411
f 4348 4349 4412
f 4349 4413 4412
f 4349 4350 4413
f 4350 4414 4413
f 4350 4351 4414
f 4351 4415 4414
f 4351 4352 4415
f 4352 4416 4415
f 4352 4289 4416
f 4289 4353 4416
f 4353 4354 4417
f 4354 4418 4417
f 4354 4355 4418
f 4355 4419 4418
f 4355 4356 4419
f 4356 4420 4419
f 4356 4357 4420
f 4357 4421 4420
f 4357 4358 4421
f 4358 4422 4421
f 4358 4359 4422
f 4359 4423 4422
f 4359 4360 4423
f 4360 4424 4423
f 4360 4361 4424
f 4361 4425 4424
f 4361 4362 4425
f 4362 4426 4425
f 4362 4363 4426
f 4363 4427 4426
f 4363 4364 4427
f 4364 4428 4427
f 4364 4365 4428
f 4365 4429 4428
f 4365 4366 4429
f 4366 4430 4429
f 4366 4367 4430
f 4367 4431 4430
f 4367 4368 4431
f 4368 4432 4431
f 4368 4369 4432
f 4369 4433 4432
f 4369 4370 4433
f 4370 4434 4433
f 4370 4371 4434
f 4371 4435 4434
f 4371 4372 4435
f 4372 4436 4435
f 4372 4373 4436
f 4373 4437 4436
f 4373 4374 4437
f 4374 4438 4437
f 4374 4375 4438
f 4375 4439 4438
f 4375 4376 4439
f 4376 4440 4439
f 4376 4377 4440
f 4377 4441 4440
f 4377 4378 4441
f 4378 4442 4441
f 4378 4379 4442
f 4379 4443 4442
f 4379 4380 4443
f 4380 4444 4443
f 4380 4381 4444
f 4381 4445 4444
f 4381 4382 4445
f 4382 4446 4445
f 4382 4383 4446
f 4383 4447 4446
f 4383 4384 4447
f 4384 4448 4447
f 4384 4385 4448
f 4385 4449 4448
f 4385 4386 4449
f 4386 4450 4449
f 4386 4387 4450
f 4387 4451 4450
f 4387 4388 4451
f 4388 4452 4451
f 4388 4389 4452
f 4389 4453 4452
f 4389 4390 4453
f 4390 4454 4453
f 4390 4391 4454
f 4391 4455 4454
f 4391 4392 4455
f 4392 4456 4455
f 4392 4393 4456
f 4393 4457 4456
f 4393 4394 4457
f 4394 4458 4457
f 4394 4395 4458
f 4395 4459 4458
f 4395 4396 4459
f 4396 4460 4459
f 4396 4397 4460
f 4397 4461 4460
f 4397 4398 4461
f 4398 4462 4461
f 4398 4399 4462
f 4399 4463 4462
f 4399 4400 4463
f 4400 4464 4463
f 4400 4401 4464
f 4401 4465 4464
f 4401 4402 4465
f 4402 4466 4465
f 4402 4403 4466
f 4403 4467 4466
f 4403 4404 4467
f 4404 4468 4467
f 4404 4405 4468
f 4405 4469 4468
f 4405 4406 4469
f 4406 4470 4469
f 4406 4407 4470
f 4407 4471 4470
f 4407 4408 4471
f 4408 4472 4471
f 4408 4409 4472
f 4409 4473 4472
f 4409 4410 4473
f 4410 4474 4473
f 4410 4411 4474
f 4411 4475 4474
f 4411 4412 4475
f 4412 4476 4475
f 4412 4413 4476
f 4413 4477 4476
f 4413 4414 4477
f 4414 4478 4477
f 4414 4415 4478
f 4415 4479 4478
f 4415 4416 4479
f 4416 4480 4479
f 4416 4353 4480
f 4353 4417 4480
f 4417 4418 4481
f 4418 4482 4481
f 4418 4419 4482
f 4419 4483 4482
f 4419 4420 4483
f 4420 4484 4483
f 4420 4421 4484
f 4421 4485 4484
f 4421 4422 4485
f 4422 4486 4485
f 4422 4423 4486
f 4423 4487 4486
f 4423 4424 4487
f 4424 4488 4487
f 4424 4425 4488
f 4425 4489 4488
f 4425 4426 4489
f 4426 4490 4489
f 4426 4427 4490
f 4427 4491 4490
f 4427 4428 4491
f 4428 4492 4491
f 4428 4429 4492
f 4429 4493 4492
f 4429 4430 4493
f 4430 4494 4493
f 4430 4431 4494
f 4431 4495 4494
f 4431 4432 4495
f 4432 4496 4495
f 4432 4433 4496
f 4433 4497 4496
f 4433 4434 4497
f 4434 4498 4497
f 4434 4435 4498
f 4435 4499 4498
f 4435 4436 4499
f 4436 4500 4499
f 4436 4437 4500
f 4437 4501 4500
f 4437 4438 4501
f 4438 4502 4501
f 4438 4439 4502
f 4439 4503 4502
f 4439 4440 4503
f 4440 4504 4503
f 4440 4441 4504
f 4441 4505 4504
f 4441 4442 4505
f 4442 4506 4505
f 4442 4443 4506
f 4443 4507 4506
f 4443 4444 4507
f 4444 4508 4507
f 4444 4445 4508
f 4445 4509 4508
f 4445 4446 4509
f 4446 4510 4509
f 4446 4447 4510
f 4447 4511 4510
f 4447 4448 4511
f 4448 4512 4511
f 4448 4449 4512
f 4449 4513 4512
f 4449 4450 4513
f 4450 4514 4513
f 4450 4451 4514
f 4451 4515 4514
f 4451 4452 4515
f 4452 4516 4515
f 4452 4453 4516
f 4453 4517 4516
f 4453 4454 4517
f 4454 4518 4517
f 4454 4455 4518
f 4455 4519 4518
f 4455 4456 4519
f 4456 4520 4519
f 4456 4457 4520
f 4457 4521 4520
f 4457 4458 4521
f 4458 4522 4521
f 4458 4459 4522
f 4459 4523 4522
f 4459 4460 4523
f 4460 4524 4523
f 4460 4461 4524
f 4461 4525 4524
f 4461 4462 4525
f 4462 4526 4525
f 4462 4463 4526
f 4463 4527 4526
f 4463 4464 4527
f 4464 4528 4527
f 4464 4465 4528
f 4465 4529 4528
f 4465 4466 4529
f 4466 4530 4529
f 4466 4467 4530
f 4467 4531 4530
f 4467 4468 4531
f 4468 4532 4531
f 4468 4469 4532
f 4469 4533 4532
f 4469 4470 4533
f 4470 4534 4533
f 4470 4471 4534
f 4471 4535 4534
f 4471 4472 4535
f 4472 4536 4535
f 4472 4473 4536
f 4473 4537 4536
f 4473 4474 4537
f 4474 4538 4537
f 4474 4475 4538
f 4475 4539 4538
f 4475 4476 4539
f 4476 4540 4539
f 4476 4477 4540
f 4477 4541 4540
f 4477 4478 4541
f 4478 4542 4541
f 4478 4479 4542
f 4479 4543 4542
f 4479 4480 4543
f 4480 4544 4543
f 4480 4417 4544
f 4417 4481 4544
f 4481 4482 4545
f 4482 4546 4545
f 4482 4483 4546
f 4483 4547 4546
f 4483 4484 4547
f 4484 4548 4547
f 4484 4485 4548
f 4485 4549 4548
f 4485 4486 4549
f 4486 4550 4549
f 4486 4487 4550
f 4487 4551 4550
f 4487 4488 4551
f 4488 4552 4551
f 4488 4489 4552
f 4489 4553 4552
f 4489 4490 4553
f 4490 4554 4553
f 4490 4491 4554
f 4491 4555 4554
f 4491 4492 4555
f 4492 4556 4555
f 4492 4493 4556
f 4493 4557 4556
f 4493 4494 4557
f 4494 4558 4557
f 4494 4495 4558
f 4495 4559 4558
f 4495 4496 4559
f 4496 4560 4559
f 4496 4497 4560
f 4497 4561 4560
f 4497 4498 4561
f 4498 4562 4561
f 4498 4499 4562
f 4499 4563 4562
f 4499 4500 4563
f 4500 4564 4563
f 4500 4501 4564
f 4501 4565 4564
f 4501 4502 4565
f 4502 4566 4565
f 4502 4503 4566
f 4503 4567 4566
f 4503 4504 4567
f 4504 4568 4567
f 4504 4505 4568
f 4505 4569 4568
f 4505 4506 4569
f 4506 4570 4569
f 4506 4507 4570
f 4507 4571 4570
f 4507 4508 4571
f 4508 4572 4571
f 4508 4509 4572
f 4509 4573 4572
f 4509 4510 4573
f 4510 4574 4573
f 4510 4511 4574
f 4511 4575 4574
f 4511 4512 4575
f 4512 4576 4575
f 4512 4513 4576
f 4513 4577 4576
f 4513 4514 4577
f 4514 4578 4577
f 4514 4515 4578
f 4515 4579 4578
f 4515 4516 4579
f 4516 4580 4579
f 4516 4517 4580
f 4517 4581 4580
f 4517 4518 4581
f 4518 4582 4581
f 4518 4519 4582
f 4519 4583 4582
f 4519 4520 4583
f 4520 4584 4583
f 4520 4521 4584
f 4521 4585 4584
f 4521 4522 4585
f 4522 4586 4585
f 4522 4523 4586
f 4523 4587 4586
f 4523 4524 4587
f 4524 4588 4587
f 4524 4525 4588
f 4525 4589 4588
f 4525 4526 4589
f 4526 4590 4589
f 4526 4527 4590
f 4527 4591 4590
f 4527 4528 4591
f 4528 4592 4591
f 4528 4529 4592
f 4529 4593 4592
f 4529 4530 4593
f 4530 4594 4593
f 4530 4531 4594
f 4531 4595 4594
f 4531 4532 4595
f 4532 4596 4595
f 4532 4533 4596
f 4533 4597 4596
f 4533 4534 4597
f 4534 4598 4597
f 4534 4535 4598
f 4535 4599 4598
f 4535 4536 4599
f 4536 4600 4599
f 4536 4537 4600
f 4537 4601 4600
f 4537 4538 4601
f 4538 4602 4601
f 4538 4539 4602
f 4539 4603 4602
f 4539 4540 4603
f 4540 4604 4603
f 4540 4541 4604
f 4541 4605 4604
f 4541 4542 4605
f 4542 4606 4605
f 4542 4543 4606
f 4543 4607 4606
f 4543 4544 4607
f 4544 4608 4607
f 4544 4481 4608
f 4481 4545 4608
f 4545 4546 4609
f 4546 4610 4609
f 4546 4547 4610
f 4547 4611 4610
f 4547 4548 4611
f 4548 4612 4611
f 4548 4549 4612
f 4549 4613 4612
f 4549 4550 4613
f 4550 4614 4613
f 4550 4551 4614
f 4551 4615 4614
f 4551 4552 4615
f 4552 4616 4615
f 4552 4553 4616
f 4553 4617 4616
f 4553 4554 4617
f 4554 4618 4617
f 4554 4555 4618
f 4555 4619 4618
f 4555 4556 4619
f 4556 4620 4619
f 4556 4557 4620
f 4557 4621 4620
f 4557 4558 4621
f 4558 4622 4621
f 4558 4559 4622
f 4559 4623 4622
f 4559 4560 4623
f 4560 4624 4623
f 4560 4561 4624
f 4561 4625 4624
f 4561 4562 4625
f 4562 4626 4625
f 4562 4563 4626
f 4563 4627 4626
f 4563 4564 4627
f 4564 4628 4627
f 4564 4565 4628
f 4565 4629 4628
f 4565 4566 4629
f 4566 4630 4629
f 4566 4567 4630
f 4567 4631 4630
f 4567 4568 4631
f 4568 4632 4631
f 4568 4569 4632
f 4569 4633 4632
f 4569 4570 4633
f 4570 4634 4633
f 4570 4571 4634
f 4571 4635 4634
f 4571 4572 4635
f 4572 4636 4635
f 4572 4573 4636
f 4573 4637 4636
f 4573 4574 4637
f 4574 4638 4637
f 4574 4575 4638
f 4575 4639 4638
f 4575 4576 4639
f 4576 4640 4639
f 4576 4577 4640
f 4577 4641 4640
f 4577 4578 4641
f 4578 4642 4641
f 4578 4579 4642
f 4579 4643 4642
f 4579 4580 4643
f 4580 4644 4643
f 4580 4581 4644
f 4581 4645 4644
f 4581 4582 4645
f 4582 4646 4645
f 4582 4583 4646
f 4583 4647 4646
f 4583 4584 4647
f 4584 4648 4647
f 4584 4585 4648
f 4585 4649 4648
f 4585 4586 4649
f 4586 4650 4649
f 4586 4587 4650
f 4587 4651 4650
f 4587 4588 4651
f 4588 4652 4651
f 4588 4589 4652
f 4589 4653 4652
f 4589 4590 4653
f 4590 4654 4653
f 4590 4591 4654
f 4591 4655 4654
f 4591 4592 4655
f 4592 4656 4655
f 4592 4593 4656
f 4593 4657 4656
f 4593 4594 4657
f 4594 4658 4657
f 4594 4595 4658
f 4595 4659 4658
f 4595 4596 4659
f 4596 4660 4659
f 4596 4597 4660
f 4597 4661 4660
f 4597 4598 4661
f 4598 4662 4661
f 4598 4599 4662
f 4599 4663 4662
f 4599 4600 4663
f 4600 4664 4663
f 4600 4601 4664
f 4601 4665 4664
f 4601 4602 4665
f 4602 4666 4665
f 4602 4603 4666
f 4603 4667 4666
f 4603 4604 4667
f 4604 4668 4667
f 4604 4605 4668
f 4605 4669 4668
f 4605 4606 4669
f 4606 4670 4669
f 4606 4607 4670
f 4607 4671 4670
f 4607 4608 4671
f 4608 4672 4671
f 4608 4545 4672
f 4545 4609 4672
f 4609 4610 4673
f 4610 4674 4673
f 4610 4611 4674
f 4611 4675 4674
f 4611 4612 4675
f 4612 4676 4675
f 4612 4613 4676
f 4613 4677 4676
f 4613 4614 4677
f 4614 4678 4677
f 4614 4615 4678
f 4615 4679 4678
f 4615 4616 4679
f 4616 4680 4679
f 4616 4617 4680
f 4617 4681 4680
f 4617 4618 4681
f 4618 4682 4681
f 4618 4619 4682
f 4619 4683 4682
f 4619 4620 4683
f 4620 4684 4683
f 4620 4621 4684
f 4621 4685 4684
f 4621 4622 4685
f 4622 4686 4685
f 4622 4623 4686
f 4623 4687 4686
f 4623 4624 4687
f 4624 4688 4687
f 4624 4625 4688
f 4625 4689 4688
f 4625 4626 4689
f 4626 4690 4689
f 4626 4627 4690
f 4627 4691 4690
f 4627 4628 4691
f 4628 4692 4691
f 4628 4629 4692
f 4629 4693 4692
f 4629 4630 4693
f 4630 4694 4693
f 4630 4631 4694
f 4631 4695 4694
f 4631 4632 4695
f 4632 4696 4695
f 4632 4633 4696
f 4633 4697 4696
f 4633 4634 4697
f 4634 4698 4697
f 4634 4635 4698
f 4635 4699 4698
f 4635 4636 4699
f 4636 4700 4699
f 4636 4637 4700
f 4637 4701 4700
f 4637 4638 4701
f 4638 4702 4701
f 4638 4639 4702
f 4639 4703 4702
f 4639 4640 4703
f 4640 4704 4703
f 4640 4641 4704
f 4641 4705 4704
f 4641 4642 4705
f 4642 4706 4705
f 4642 4643 4706
f 4643 4707 4706
f 4643 4644 4707
f 4644 4708 4707
f 4644 4645 4708
f 4645 4709 4708
f 4645 4646 4709
f 4646 4710 4709
f 4646 4647 4710
f 4647 4711 4710
f 4647 4648 4711
f 4648 4712 4711
f 4648 4649 4712
f 4649 4713 4712
f 4649 4650 4713
f 4650 4714 4713
f 4650 4651 4714
f 4651 4715 4714
f 4651 4652 4715
f 4652 4716 4715
f 4652 4653 4716
f 4653 4717 4716
f 4653 4654 4717
f 4654 4718 4717
f 4654 4655 4718
f 4655 4719 4718
f 4655 4656 4719
f 4656 4720 4719
f 4656 4657 4720
f 4657 4721 4720
f 4657 4658 4721
f 4658 4722 4721
f 4658 4659 4722
f 4659 4723 4722
f 4659 4660 4723
f 4660 4724 4723
f 4660 4661 4724
f 4661 4725 4724
f 4661 4662 4725
f 4662 4726 4725
f 4662 4663 4726
f 4663 4727 4726
f 4663 4664 4727
f 4664 4728 4727
f 4664 4665 4728
f 4665 4729 4728
f 4665 4666 4729
f 4666 4730 4729
f 4666 4667 4730
f 4667 4731 4730
f 4667 4668 4731
f 4668 4732 4731
f 4668 4669 4732
f 4669 4733 4732
f 4669 4670 4733
f 4670 4734 4733
f 4670 4671 4734
f 4671 4735 4734
f 4671 4672 4735
f 4672 4736 4735
f 4672 4609 4736
f 4609 4673 4736
f 4673 4674 4737
f 4674 4738 4737
f 4674 4675 4738
f 4675 4739 4738
f 4675 4676 4739
f 4676 4740 4739
f 4676 4677 4740
f 4677 4741 4740
f 4677 4678 4741
f 4678 4742 4741
f 4678 4679 4742
f 4679 4743 4742
f 4679 4680 4743
f 4680 4744 4743
f 4680 4681 4744
f 4681 4745 4744
f 4681 4682 4745
f 4682 4746 4745
f 4682 4683 4746
f 4683 4747 4746
f 4683 4684 4747
f 4684 4748 4747
f 4684 4685 4748
f 4685 4749 4748
f 4685 4686 4749
f 4686 4750 4749
f 4686 4687 4750
f 4687 4751 4750
f 4687 4688 4751
f 4688 4752 4751
f 4688 4689 4752
f 4689 4753 4752
f 4689 4690 4753
f 4690 4754 4753
f 4690 4691 4754
f 4691 4755 4754
f 4691 4692 4755
f 4692 4756 4755
f 4692 4693 4756
f 4693 4757 4756
f 4693 4694 4757
f 4694 4758 4757
f 4694 4695 4758
f 4695 4759 4758
f 4695 4696 4759
f 4696 4760 4759
f 4696 4697 4760
f 4697 4761 4760
f 4697 4698 4761
f 4698 4762 4761
f 4698 4699 4762
f 4699 4763 4762
f 4699 4700 4763
f 4700 4764 4763
f 4700 4701 4764
f 4701 4765 4764
f 4701 4702 4765
f 4702 4766 4765
f 4702 4703 4766
f 4703 4767 4766
f 4703 4704 4767
f 4704 4768 4767
f 4704 4705 4768
f 4705 4769 4768
f 4705 4706 4769
f 4706 4770 4769
f 4706 4707 4770
f 4707 4771 4770
f 4707 4708 4771
f 4708 4772 4771
f 4708 4709 4772
f 4709 4773 4772
f 4709 4710 4773
f 4710 4774 4773
f 4710 4711 4774
f 4711 4775 4774
f 4711 4712 4775
f 4712 4776 4775
f 4712 4713 4776
f 4713 4777 4776
f 4713 4714 4777
f 4714 4778 4777
f 4714 4715 4778
f 4715 4779 4778
f 4715 4716 4779
f 4716 4780 4779
f 4716 4717 4780
f 4717 4781 4780
f 4717 4718 4781
f 4718 4782 4781
f 4718 4719 4782
f 4719 4783 4782
f 4719 4720 4783
f 4720 4784 4783
f 4720 4721 4784
f 4721 4785 4784
f 4721 4722 4785
f 4722 4786 4785
f 4722 4723 4786
f 4723 4787 4786
f 4723 4724 4787
f 4724 4788 4787
f 4724 4725 4788
f 4725 4789 4788
f 4725 4726 4789
f 4726 4790 4789
f 4726 4727 4790
f 4727 4791 4790
f 4727 4728 4791
f 4728 4792 4791
f 4728 4729 4792
f 4729 4793 4792
f 4729 4730 4793
f 4730 4794 4793
f 4730 4731 4794
f 4731 4795 4794
f 4731 4732 4795
f 4732 4796 4795
f 4732 4733 4796
f 4733 4797 4796
f 4733 4734 4797
f 4734 4798 4797
f 4734 4735 4798
f 4735 4799 4798
f 4735 4736 4799
f 4736 4800 4799
f 4736 4673 4800
f 4673 4737 4800
f 4737 4738 4801
f 4738 4802 4801
f 4738 4739 4802
f 4739 4803 4802
f 4739 4740 4803
f 4740 4804 4803
f 4740 4741 4804
f 4741 4805 4804
f 4741 4742 4805
f 4742 4806 4805
f 4742 4743 4806
f 4743 4807 4806
f 4743 4744 4807
f 4744 4808 4807
f 4744 4745 4808
f 4745 4809 4808
f 4745 4746 4809
f 4746 4810 4809
f 4746 4747 4810
f 4747 4811 4810
f 4747 4748 4811
f 4748 4812 4811
f 4748 4749 4812
f 4749 4813 4812
f 4749 4750 4813
f 4750 4814 4813
f 4750 4751 4814
f 4751 4815 4814
f 4751 4752 4815
f 4752 4816 4815
f 4752 4753 4816
f 4753 4817 4816
f 4753 4754 4817
f 4754 4818 4817
f 4754 4755 4818
f 4755 4819 4818
f 4755 4756 4819
f 4756 4820 4819
f 4756 4757 4820
f 4757 4821 4820
f 4757 4758 4821
f 4758 4822 4821
f 4758 4759 4822
f 4759 4823 4822
f 4759 4760 4823
f 4760 4824 4823
f 4760 4761 4824
f 4761 4825 4824
f 4761 4762 4825
f 4762 4826 4825
f 4762 4763 4826
f 4763 4827 4826
f 4763 4764 4827
f 4764 4828 4827
f 4764 4765 4828
f 4765 4829 4828
f 4765 4766 4829
f 4766 4830 4829
f 4766 4767 4830
f 4767 4831 4830
f 4767 4768 4831
f 4768 4832 4831
f 4768 4769 4832
f 4769 4833 4832
f 4769 4770 4833
f 4770 4834 4833
f 4770 4771 4834
f 4771 4835 4834
f 4771 4772 4835
f 4772 4836 4835
f 4772 4773 4836
f 4773 4837 4836
f 4773 4774 4837
f 4774 4838 4837
f 4774 4775 4838
f 4775 4839 4838
f 4775 4776 4839
f 4776 4840 4839
f 4776 4777 4840
f 4777 4841 4840
f 4777 4778 4841
f 4778 4842 4841
f 4778 4779 4842
f 4779 4843 4842
f 4779 4780 4843
f 4780 4844 4843
f 4780 4781 4844
f 4781 4845 4844
f 4781 4782 4845
f 4782 4846 4845
f 4782 4783 4846
f 4783 4847 4846
f 4783 4784 4847
f 4784 4848 4847
f 4784 4785 4848
f 4785 4849 4848
f 4785 4786 4849
f 4786 4850 4849
f 4786 4787 4850
f 4787 4851 4850
f 4787 4788 4851
f 4788 4852 4851
f 4788 4789 4852
f 4789 4853 4852
f 4789 4790 4853
f 4790 4854 4853
f 4790 4791 4854
f 4791 4855 4854
f 4791 4792 4855
f 4792 4856 4855
f 4792 4793 4856
f 4793 4857 4856
f 4793 4794 4857
f 4794 4858 4857
f 4794 4795 4858
f 4795 4859 4858
f 4795 4796 4859
f 4796 4860 4859
f 4796 4797 4860
f 4797 4861 4860
f 4797 4798 4861
f 4798 4862 4861
f 4798 4799 4862
f 4799 4863 4862
f 4799 4800 4863
f 4800 4864 4863
f 4800 4737 4864
f 4737 4801 4864
f 4801 4802 4865
f 4802 4866 4865
f 4802 4803 4866
f 4803 4867 4866
f 4803 4804 4867
f 4804 4868 4867
f 4804 4805 4868
f 4805 4869 4868
f 4805 4806 4869
f 4806 4870 4869
f 4806 4807 4870
f 4807 4871 4870
f 4807 4808 4871
f 4808 4872 4871
f 4808 4809 4872
f 4809 4873 4872
f 4809 4810 4873
f 4810 4874 4873
f 4810 4811 4874
f 4811 4875 4874
f 4811 4812 4875
f 4812 4876 4875
f 4812 4813 4876
f 4813 4877 4876
f 4813 4814 4877
f 4814 4878 4877
f 4814 4815 4878
f 4815 4879 4878
f 4815 4816 4879
f 4816 4880 4879
f 4816 4817 4880
f 4817 4881 4880
f 4817 4818 4881
f 4818 4882 4881
f 4818 4819 4882
f 4819 4883 4882
f 4819 4820 4883
f 4820 4884 4883
f 4820 4821 4884
f 4821 4885 4884
f 4821 4822 4885
f 4822 4886 4885
f 4822 4823 4886
f 4823 4887 4886
f 4823 4824 4887
f 4824 4888 4887
f 4824 4825 4888
f 4825 4889 4888
f 4825 4826 4889
f 4826 4890 4889
f 4826 4827 4890
f 4827 4891 4890
f 4827 4828 4891
f 4828 4892 4891
f 4828 4829 4892
f 4829 4893 4892
f 4829 4830 4893
f 4830 4894 4893
f 4830 4831 4894
f 4831 4895 4894
f 4831 4832 4895
f 4832 4896 4895
f 4832 4833 4896
f 4833 4897 4896
f 4833 4834 4897
f 4834 4898 4897
f 4834 4835 4898
f 4835 4899 4898
f 4835 4836 4899
f 4836 4900 4899
f 4836 4837 4900
f 4837 4901 4900
f 4837 4838 4901
f 4838 4902 4901
f 4838 4839 4902
f 4839 4903 4902
f 4839 4840 4903
f 4840 4904 4903
f 4840 4841 4904
f 4841 4905 4904
f 4841 4842 4905
f 4842 4906 4905
f 4842 4843 4906
f 4843 4907 4906
f 4843 4844 4907
f 4844 4908 4907
f 4844 4845 4908
f 4845 4909 4908
f 4845 4846 4909
f 4846 4910 4909
f 4846 4847 4910
f 4847 4911 4910
f 4847 4848 4911
f 4848 4912 4911
f 4848 4849 4912
f 4849 4913 4912
f 4849 4850 4913
f 4850 4914 4913
f 4850 4851 4914
f 4851 4915 4914
f 4851 4852 4915
f 4852 4916 4915
f 4852 4853 4916
f 4853 4917 4916
f 4853 4854 4917
f 4854 4918 4917
f 4854 4855 4918
f 4855 4919 4918
f 4855 4856 4919
f 4856 4920 4919
f 4856 4857 4920
f 4857 4921 4920
f 4857 4858 4921
f 4858 4922 4921
f 4858 4859 4922
f 4859 4923 4922
f 4859 4860 4923
f 4860 4924 4923
f 4860 4861 4924
f 4861 4925 4924
f 4861 4862 4925
f 4862 4926 4925
f 4862 4863 4926
f 4863 4927 4926
f 4863 4864 4927
f 4864 4928 4927
f 4864 4801 4928
f 4801 4865 4928
f 4865 4866 4929
f 4866 4930 4929
f 4866 4867 4930
f 4867 4931 4930
f 4867 4868 4931
f 4868 4932 4931
f 4868 4869 4932
f 4869 4933 4932
f 4869 4870 4933
f 4870 4934 4933
f 4870 4871 4934
f 4871 4935 4934
f 4871 4872 4935
f 4872 4936 4935
f 4872 4873 4936
f 4873 4937 4936
f 4873 4874 4937
f 4874 4938 4937
f 4874 4875 4938
f 4875 4939 4938
f 4875 4876 4939
f 4876 4940 4939
f 4876 4877 4940
f 4877 4941 4940
f 4877 4878 4941
f 4878 4942 4941
f 4878 4879 4942
f 4879 4943 4942
f 4879 4880 4943
f 4880 4944 4943
f 4880 4881 4944
f 4881 4945 4944
f 4881 4882 4945
f 4882 4946 4945
f 4882 4883 4946
f 4883 4947 4946
f 4883 4884 4947
f 4884 4948 4947
f 4884 4885 4948
f 4885 4949 4948
f 4885 4886 4949
f 4886 4950 4949
f 4886 4887 4950
f 4887 4951 4950
f 4887 4888 4951
f 4888 4952 4951
f 4888 4889 4952
f 4889 4953 4952
f 4889 4890 4953
f 4890 4954 4953
f 4890 4891 4954
f 4891 4955 4954
f 4891 4892 4955
f 4892 4956 4955
f 4892 4893 4956
f 4893 4957 4956
f 4893 4894 4957
f 4894 4958 4957
f 4894 4895 4958
f 4895 4959 4958
f 4895 4896 4959
f 4896 4960 4959
f 4896 4897 4960
f 4897 4961 4960
f 4897 4898 4961
f 4898 4962 4961
f 4898 4899 4962
f 4899 4963 4962
f 4899 4900 4963
f 4900 4964 4963
f 4900 4901 4964
f 4901 4965 4964
f 4901 4902 4965
f 4902 4966 4965
f 4902 4903 4966
f 4903 4967 4966
f 4903 4904 4967
f 4904 4968 4967
f 4904 4905 4968
f 4905 4969 4968
f 4905 4906 4969
f 4906 4970 4969
f 4906 4907 4970
f 4907 4971 4970
f 4907 4908 4971
f 4908 4972 4971
f 4908 4909 4972
f 4909 4973 4972
f 4909 4910 4973
f 4910 4974 4973
f 4910 4911 4974
f 4911 4975 4974
f 4911 4912 4975
f 4912 4976 4975
f 4912 4913 4976
f 4913 4977 4976
f 4913 4914 4977
f 4914 4978 4977
f 4914 4915 4978
f 4915 4979 4978
f 4915 4916 4979
f 4916 4980 4979
f 4916 4917 4980
f 4917 4981 4980
f 4917 4918 4981
f 4918 4982 4981
f 4918 4919 4982
f 4919 4983 4982
f 4919 4920 4983
f 4920 4984 4983
f 4920 4921 4984
f 4921 4985 4984
f 4921 4922 4985
f 4922 4986 4985
f 4922 4923 4986
f 4923 4987 4986
f 4923 4924 4987
f 4924 4988 4987
f 4924 4925 4988
f 4925 4989 4988
f 4925 4926 4989
f 4926 4990 4989
f 4926 4927 4990
f 4927 4991 4990
f 4927 4928 4991
f 4928 4992 4991
f 4928 4865 4992
f 4865 4929 4992
f 4929 4930 4993
f 4930 4994 4993
f 4930 4931 4994
f 4931 4995 4994
f 4931 4932 4995
f 4932 4996 4995
f 4932 4933 4996
f 4933 4997 4996
f 4933 4934 4997
f 4934 4998 4997
f 4934 4935 4998
f 4935 4999 4998
f 4935 4936 4999
f 4936 5000 4999
f 4936 4937 5000
f 4937 5001 5000
f 4937 4938 5001
f 4938 5002 5001
f 4938 4939 5002
f 4939 5003 5002
f 4939 4940 5003
f 4940 5004 5003
f 4940 4941 5004
f 4941 5005 5004
f 4941 4942 5005
f 4942 5006 5005
f 4942 4943 5006
f 4943 5007 5006
f 4943 4944 5007
f 4944 5008 5007
f 4944 4945 5008
f 4945 5009 5008
f 4945 4946 5009
f 4946 5010 5009
f 4946 4947 5010
f 4947 5011 5010
f 4947 4948 5011
f 4948 5012 5011
f 4948 4949 5012
f 4949 5013 5012
f 4949 4950 5013
f 4950 5014 5013
f 4950 4951 5014
f 4951 5015 5014
f 4951 4952 5015
f 4952 5016 5015
f 4952 4953 5016
f 4953 5017 5016
f 4953 4954 5017
f 4954 5018 5017
f 4954 4955 5018
f 4955 5019 5018
f 4955 4956 5019
f 4956 5020 5019
f 4956 4957 5020
f 4957 5021 5020
f 4957 4958 5021
f 4958 5022 5021
f 4958 4959 5022
f 4959 5023 5022
f 4959 4960 5023
f 4960 5024 5023
f 4960 4961 5024
f 4961 5025 5024
f 4961 4962 5025
f 4962 5026 5025
f 4962 4963 5026
f 4963 5027 5026
f 4963 4964 5027
f 4964 5028 5027
f 4964 4965 5028
f 4965 5029 5028
f 4965 4966 5029
f 4966 5030 5029
f 4966 4967 5030
f 4967 5031 5030
f 4967 4968 5031
f 4968 5032 5031
f 4968 4969 5032
f 4969 5033 5032
f 4969 4970 5033
f 4970 5034 5033
f 4970 4971 5034
f 4971 5035 5034
f 4971 4972 5035
f 4972 5036 5035
f 4972 4973 5036
f 4973 5037 5036
f 4973 4974 5037
f 4974 5038 5037
f 4974 4975 5038
f 4975 5039 5038
f 4975 4976 5039
f 4976 5040 5039
f 4976 4977 5040
f 4977 5041 5040
f 4977 4978 5041
f 4978 5042 5041
f 4978 4979 5042
f 4979 5043 5042
f 4979 4980 5043
f 4980 5044 5043
f 4980 4981 5044
f 4981 5045 5044
f 4981 4982 5045
f 4982 5046 5045
f 4982 4983 5046
f 4983 5047 5046
f 4983 4984 5047
f 4984 5048 5047
f 4984 4985 5048
f 4985 5049 5048
f 4985 4986 5049
f 4986 5050 5049
f 4986 4987 5050
f 4987 5051 5050
f 4987 4988 5051
f 4988 5052 5051
f 4988 4989 5052
f 4989 5053 5052
f 4989 4990 5053
f 4990 5054 5053
f 4990 4991 5054
f 4991 5055 5054
f 4991 4992 5055
f 4992 5056 5055
f 4992 4929 5056
f 4929 4993 5056
f 4993 4994 5057
f 4994 5058 5057
f 4994 4995 5058
f 4995 5059 5058
f 4995 4996 5059
f 4996 5060 5059
f 4996 4997 5060
f 4997 5061 5060
f 4997 4998 5061
f 4998 5062 5061
f 4998 4999 5062
f 4999 5063 5062
f 4999 5000 5063
f 5000 5064 5063
f 5000 5001 5064
f 5001 5065 5064
f 5001 5002 5065
f 5002 5066 5065
f 5002 5003 5066
f 5003 5067 5066
f 5003 5004 5067
f 5004 5068 5067
f 5004 5005 5068
f 5005 5069 5068
f 5005 5006 5069
f 5006 5070 5069
f 5006 5007 5070
f 5007 5071 5070
f 5007 5008 5071
f 5008 5072 5071
f 5008 5009 5072
f 5009 5073 5072
f 5009 5010 5073
f 5010 5074 5073
f 5010 5011 5074
f 5011 5075 5074
f 5011 5012 5075
f 5012 5076 5075
f 5012 5013 5076
f 5013 5077 5076
f 5013 5014 5077
f 5014 5078 5077
f 5014 5015 5078
f 5015 5079 5078
f 5015 5016 5079
f 5016 5080 5079
f 5016 5017 5080
f 5017 5081 5080
f 5017 5018 5081
f 5018 5082 5081
f 5018 5019 5082
f 5019 5083 5082
f 5019 5020 5083
f 5020 5084 5083
f 5020 5021 5084
f 5021 5085 5084
f 5021 5022 5085
f 5022 5086 5085
f 5022 5023 5086
f 5023 5087 5086
f 5023 5024 5087
f 5024 5088 5087
f 5024 5025 5088
f 5025 5089 5088
f 5025 5026 5089
f 5026 5090 5089
f 5026 5027 5090
f 5027 5091 5090
f 5027 5028 5091
f 5028 5092 5091
f 5028 5029 5092
f 5029 5093 5092
f 5029 5030 5093
f 5030 5094 5093
f 5030 5031 5094
f 5031 5095 5094
f 5031 5032 5095
f 5032 5096 5095
f 5032 5033 5096
f 5033 5097 5096
f 5033 5034 5097
f 5034 5098 5097
f 5034 5035 5098
f 5035 5099 5098
f 5035 5036 5099
f 5036 5100 5099
f 5036 5037 5100
f 5037 5101 5100
f 5037 5038 5101
f 5038 5102 5101
f 5038 5039 5102
f 5039 5103 5102
f 5039 5040 5103
f 5040 5104 5103
f 5040 5041 5104
f 5041 5105 5104
f 5041 5042 5105
f 5042 5106 5105
f 5042 5043 5106
f 5043 5107 5106
f 5043 5044 5107
f 5044 5108 5107
f 5044 5045 5108
f 5045 5109 5108
f 5045 5046 5109
f 5046 5110 5109
f 5046 5047 5110
f 5047 5111 5110
f 5047 5048 5111
f 5048 5112 5111
f 5048 5049 5112
f 5049 5113 5112
f 5049 5050 5113
f 5050 5114 5113
f 5050 5051 5114
f 5051 5115 5114
f 5051 5052 5115
f 5052 5116 5115
f 5052 5053 5116
f 5053 5117 5116
f 5053 5054 5117
f 5054 5118 5117
f 5054 5055 5118
f 5055 5119 5118
f 5055 5056 5119
f 5056 5120 5119
f 5056 4993 5120
f 4993 5057 5120
