# Generated from Vascular Model Repository by scripts/build_real_dataset.py
v -0.381166011 -1.70541561 -26.3006344
v -0.357552201 -1.73497546 -26.3847923
v -0.392886281 -1.81170452 -26.3671856
v -3.55195761 -0.834611893 -27.6981411
v -3.55104399 -0.772863805 -27.5991287
v -3.60395718 -0.882806063 -27.5825539
v -2.5943532 -3.01731539 -26.7498398
v -2.52200031 -3.02301669 -26.68507
v -2.51475787 -3.04970741 -26.8068352
v -2.64354324 -0.0691993907 -26.4150677
v -2.64632964 -0.0432176404 -26.3276615
v -2.6897347 -0.137059659 -26.3646336
v -1.76820207 2.52869344 -25.7483978
v -1.84193182 2.52368021 -25.7599812
v -1.80640781 2.47434425 -25.7980404
v -1.08310342 0.739225149 -31.745821
v -1.09480321 0.723841488 -31.6439304
v -1.14940274 0.767159164 -31.708559
v -2.25555658 -3.04116988 -27.5285835
v -2.20446777 -3.07200336 -27.4255943
v -2.15400147 -3.04272699 -27.5494938
v -1.32568145 0.295845538 -27.1315765
v -1.40997279 0.315893441 -27.1824169
v -1.33209896 0.308209777 -27.2390308
v -0.861526787 2.1938169 -25.6046124
v -0.937194109 2.25323081 -25.6190224
v -0.948203743 2.25574946 -25.6269722
v -0.868724585 2.16883087 -25.6352501
v -1.02550757 2.31035352 -25.6316833
v -1.06162012 2.33140182 -25.6360741
v -1.0432992 2.29499483 -25.6602592
v -0.948760331 2.17280865 -25.7079029
v -1.01193798 2.22461128 -25.7081223
v -1.13613856 2.32224059 -25.6945877
v -1.23216498 2.37894821 -25.695261
v -1.19253814 2.28073192 -25.769043
v -1.21583366 2.4132905 -25.6521034
v -1.28465044 2.44703603 -25.6583042
v -1.37716043 2.26217675 -25.8752766
v -1.32875013 2.32882309 -25.7925472
v -1.44710422 2.33915877 -25.832016
v -1.40210831 2.48415613 -25.6817608
v -1.42964852 2.404737 -25.765892
v -1.3346616 2.4132812 -25.71591
v -1.50871968 2.53280592 -25.6817436
v -1.57277453 2.49054575 -25.7397423
v -1.4872601 2.45929933 -25.7389164
v -1.60802972 2.56482291 -25.6858559
v -1.6748575 2.51531291 -25.7440948
v -1.71080744 2.579566 -25.6968727
v -1.95897007 2.61897755 -25.6859856
v -2.03689003 2.56564617 -25.7274284
v -1.93251097 2.54639864 -25.7451057
v -2.07212782 2.64013553 -25.6646309
v -2.14950347 2.57806611 -25.7070789
v -2.18470502 2.63648701 -25.6536579
v -2.19952559 2.63514566 -25.6520634
v -2.2512641 2.58265352 -25.6850128
v -2.33112288 2.61469698 -25.6349945
v -2.36333585 2.58024454 -25.6536999
v -2.28164625 2.62408209 -25.6419888
v -2.37706232 2.60338211 -25.627615
v -2.45097136 2.58053899 -25.6141624
v -2.46588802 2.56438351 -25.6213932
v -2.47269177 2.57234836 -25.6097069
v -2.50813437 2.5563972 -25.6015549
v -0.7574085 1.92736721 -25.5939522
v -0.766851962 2.03013349 -25.5889378
v -0.809032261 1.99354684 -25.6877441
v -0.818109393 2.08643651 -25.640522
v -0.875328004 2.0901258 -25.7105751
v -0.966137946 2.10017586 -25.7904949
v -1.10184741 2.04146576 -25.9438972
v -1.14495265 2.1138742 -25.9028931
v -1.18970633 2.0853045 -25.9542484
v -1.26070321 2.23514128 -25.8487396
v -1.23346329 2.15907145 -25.9075794
v -1.15715694 2.1929214 -25.8342495
v -1.33345115 2.18057799 -25.9327145
v -1.43280029 2.19955158 -25.9530354
v -1.49523199 2.14034939 -26.0252705
v -1.39315343 2.1212244 -26.0098515
v -1.48854911 2.28165364 -25.8977413
v -1.55360734 2.08856082 -26.0852146
v -1.61003149 2.15896606 -26.0366783
v -1.66103923 2.09535193 -26.0999413
v -1.59098744 2.29431629 -25.9151649
v -1.54487419 2.21769094 -25.9706345
v -1.81368268 2.34318686 -25.9080696
v -1.87449372 2.29056549 -25.9549446
v -1.7818445 2.27466559 -25.963007
v -1.92329633 2.35984015 -25.8981819
v -1.97956145 2.30516028 -25.9422798
v -2.02182698 2.36680293 -25.8899021
v -2.08108616 2.30104947 -25.9393673
v -2.13680267 2.36451077 -25.882143
v -2.18262792 2.2953763 -25.9321995
v -2.25330997 2.35292673 -25.8734417
v -2.26682377 2.28625083 -25.9249268
v -2.35932636 2.36562753 -25.8370171
v -2.44327903 2.29900789 -25.8644714
v -2.34215665 2.29651451 -25.8989105
v -2.47034621 2.3654325 -25.7966213
v -2.5376699 2.29651332 -25.8249283
v -2.56642079 2.35240912 -25.7587452
v -2.62894297 2.27952671 -25.7865562
v -2.65886831 2.3397572 -25.7066402
v -2.72973108 2.24847507 -25.7370834
v -2.81341028 2.17043924 -25.7331848
v -2.7996223 2.23288894 -25.6807747
v -3.03912616 2.08432198 -25.4000835
v -3.06486106 2.04513001 -25.3847675
v -3.07634449 1.99325156 -25.4508247
v -3.01591444 2.10026598 -25.4550304
v -3.09920168 1.98515463 -25.3617153
v -1.9469465 -2.65169525 -28.4238605
v -1.8521955 -2.63385916 -28.4473591
v -1.91145349 -2.58927798 -28.5412807
v -0.792907536 1.70520484 -25.4435673
v -0.76098448 1.78709197 -25.4738922
v -0.760716677 1.7880013 -25.4766407
v -0.797411084 1.69533026 -25.4581146
v -0.787551999 1.7293359 -25.5604439
v -0.764146566 1.82664239 -25.5802975
v -0.785181522 1.8720752 -25.6767559
v -0.83770138 1.906775 -25.7852631
v -0.895737767 2.02050781 -25.7909107
v -0.910790026 1.93708849 -25.8716812
v -0.987880766 2.03228331 -25.8699284
v -1.01055717 1.95404005 -25.9554176
v -1.11212158 1.95497513 -26.0268879
v -1.21586776 2.01637268 -26.0302563
v -1.19188082 1.93721461 -26.088026
v -1.34662998 1.89711273 -26.1893673
v -1.39732599 1.9856962 -26.1312237
v -1.45020854 1.93857861 -26.1874371
v -1.45097399 2.06548738 -26.0781574
v -1.3400774 2.04775453 -26.0562592
v -1.4961195 2.00645304 -26.1419239
v -1.61943495 2.02258205 -26.1547127
v -1.77165627 1.89443648 -26.2782917
v -1.86571205 1.93918574 -26.245121
v -1.89720678 1.86766601 -26.3026543
v -1.77057767 2.11046529 -26.0998726
v -1.72447681 2.0303576 -26.1626949
v -1.95197117 1.94026828 -26.2424107
v -2.01108909 1.87767231 -26.2890053
v -1.87153852 2.11924505 -26.0970936
v -1.83040857 2.05410075 -26.1500988
v -2.06011319 1.94703948 -26.2286758
v -2.12651539 1.87941062 -26.2747345
v -1.97854185 2.13255215 -26.0840359
v -1.9421345 2.06424189 -26.1416149
v -2.1662581 1.94458377 -26.2168617
v -2.21771669 1.87813771 -26.2609348
v -2.08406806 2.14367795 -26.066906
v -2.05132723 2.07330871 -26.1272659
v -2.27374005 1.93782544 -26.202816
v -2.32295799 1.877823 -26.2392845
v -2.37457204 1.92697525 -26.1878185
v -2.42052364 1.86268449 -26.2256107
v -2.21639729 2.15801692 -26.0375462
v -2.32883763 2.12708354 -26.0397415
v -2.27276874 2.068362 -26.0992184
v -2.47823405 1.91570735 -26.1657925
v -2.53068566 1.83476377 -26.2110081
v -2.42396402 2.11821699 -26.0207939
v -2.37688684 2.05661201 -26.084343
v -2.57004786 1.90547597 -26.1394711
v -2.63615131 1.82895017 -26.1710243
v -2.52496576 2.10286283 -25.9966488
v -2.4778223 2.04151583 -26.0652885
v -2.68186641 1.97158158 -26.0292511
v -2.76065803 1.89837384 -26.0413132
v -2.66135478 1.90470207 -26.0964375
v -2.76853418 1.97798026 -25.9650459
v -2.72101736 2.05503201 -25.9300289
v -2.79636788 2.04562068 -25.8778248
v -2.94141865 1.94544744 -25.8171806
v -2.87602568 2.03090119 -25.8092957
v -2.95510006 2.0002687 -25.7331657
v -2.93784785 1.87364507 -25.8987808
v -2.87176275 1.95916843 -25.8883877
v -3.01898599 1.91519427 -25.7248211
v -3.00917625 1.85756874 -25.8126698
v -3.07411671 1.88282764 -25.6458225
v -3.05871773 1.84777284 -25.7305584
v -3.12580252 1.8464098 -25.5475674
v -3.07628989 1.94284773 -25.5446072
v -3.15360117 1.83404696 -25.4518681
v -3.19917703 1.73875451 -25.4164352
v -3.17069674 1.7645067 -25.5209141
v -3.1747458 1.82201827 -25.3405247
v -3.21663713 1.718292 -25.2978706
v -3.2066412 1.74852002 -25.2729168
v -3.21882296 1.71172023 -25.2594547
v -0.838632524 1.60511339 -25.4575367
v -0.819818377 1.63985217 -25.5449123
v -0.846436203 1.57628834 -25.5282345
v -0.829349935 1.63106549 -25.4155331
v -0.803908467 1.6841172 -25.435545
v -0.812532902 1.67072082 -25.6436462
v -0.839871407 1.58569908 -25.6154938
v -0.81338203 1.80352497 -25.7609253
v -0.817886353 1.69558024 -25.7346992
v -0.7915923 1.76093447 -25.6577797
v -0.840781868 1.73656666 -25.8412399
v -0.869007766 1.65521419 -25.9208851
v -0.844269335 1.62526286 -25.8102608
v -0.864235878 1.8366797 -25.8665714
v -0.911191761 1.67713678 -26.0138054
v -0.887742996 1.75309324 -25.9444675
v -0.937668204 1.85746145 -25.9589386
v -0.957212687 1.77769709 -26.0326614
v -1.02447379 1.87273741 -26.0320072
v -1.0380857 1.78320324 -26.1087914
v -1.12183511 1.86947906 -26.1042004
v -1.14448357 1.79006588 -26.1802502
v -1.23219633 1.87428546 -26.1607571
v -1.23880243 1.78227413 -26.2372818
v -1.35991025 1.79434574 -26.2775154
v -1.28874147 1.83777785 -26.2158298
v -1.65088677 1.88417828 -26.2746582
v -1.54902959 1.85923564 -26.2773628
v -1.56594598 1.93895221 -26.215147
v -1.70032656 1.82157052 -26.3307781
v -1.8285538 1.72023523 -26.416748
v -1.89890504 1.78730428 -26.3660965
v -1.96767163 1.72639275 -26.4100571
v -2.04371786 1.76460493 -26.3752308
v -2.06704736 1.70352209 -26.4191799
v -2.12922883 1.75919509 -26.3690434
v -2.16781783 1.68952024 -26.415987
v -2.07751751 1.82244372 -26.3263645
v -2.21932697 1.75043774 -26.3607273
v -2.27245355 1.68230724 -26.4014721
v -2.17243075 1.81585312 -26.3181572
v -2.31759334 1.75009835 -26.3399372
v -2.37612534 1.67944157 -26.378294
v -2.26407218 1.81578958 -26.3010731
v -2.41802931 1.74456584 -26.3176041
v -2.48315811 1.67319942 -26.350729
v -2.36354852 1.81015277 -26.2822647
v -2.51489425 1.74731266 -26.28438
v -2.5881238 1.67674184 -26.3095894
v -2.4514997 1.8037473 -26.26231
v -2.60951233 1.76146972 -26.2362957
v -2.6936357 1.68026507 -26.258852
v -2.80881572 1.75314057 -26.1312389
v -2.90218496 1.74285579 -26.0631733
v -2.88874221 1.66927874 -26.138443
v -2.98425102 1.73737526 -25.9772778
v -2.97280383 1.65649116 -26.0670567
v -3.05739331 1.69976521 -25.9078979
v -3.02145171 1.77809346 -25.8817539
v -3.14253712 1.71107483 -25.7099018
v -3.19987607 1.60135996 -25.6871147
v -3.16101789 1.61016285 -25.7934303
v -3.18768811 1.67965794 -25.607563
v -3.23501682 1.57766867 -25.5748482
v -3.21946335 1.66201603 -25.482357
v -3.25853515 1.56018806 -25.4496326
v -3.23864865 1.64066684 -25.3777008
v -3.2730267 1.53299558 -25.3306847
v -3.24897504 1.61902189 -25.2596321
v -3.2741003 1.51688313 -25.2136326
v -0.913470805 1.47421682 -25.3556824
v -0.878742039 1.53796005 -25.3800468
v -0.904307723 1.47174191 -25.4096909
v -0.873031378 1.52515745 -25.4714775
v -0.86796546 1.51550305 -25.5704346
v -0.866233528 1.5081507 -25.6907024
v -0.876334131 1.53165174 -25.8953266
v -0.895991206 1.59226978 -25.9940891
v -0.909878314 1.51819861 -26.0254021
v -0.858126402 1.54683769 -25.7785091
v -0.932077706 1.60803735 -26.0715046
v -0.95586133 1.51610088 -26.1322956
v -0.97873044 1.69365656 -26.1052837
v -0.997905374 1.60755694 -26.168972
v -1.01700807 1.52805483 -26.2203541
v -1.06710804 1.70461857 -26.1854801
v -1.07767522 1.61369908 -26.2461891
v -1.10397422 1.53544378 -26.303812
v -1.16157019 1.70761096 -26.2497768
v -1.17856622 1.60778844 -26.3218327
v -1.25996399 1.70142734 -26.3061543
v -1.28947544 1.62560236 -26.3692455
v -1.43888509 1.72449195 -26.3552341
v -1.38805592 1.63770425 -26.3999329
v -1.34713638 1.69969249 -26.3436089
v -1.54914796 1.73389733 -26.3751278
v -1.49782836 1.65817785 -26.4180546
v -1.67595351 1.60109234 -26.4890041
v -1.72790492 1.68407559 -26.4376469
v -1.8109653 1.6190896 -26.488287
v -1.74217713 1.75636292 -26.3852921
v -1.91406381 1.66428959 -26.4579411
v -1.93492639 1.58923841 -26.5097122
v -2.01104045 1.64490604 -26.4672546
v -2.04255271 1.56545198 -26.5200272
v -2.11783385 1.62642264 -26.4695492
v -2.16797352 1.54772997 -26.5173512
v -2.22588682 1.6167779 -26.4590702
v -2.27707028 1.53304541 -26.5073242
v -2.33150864 1.60997248 -26.4407482
v -2.3943212 1.52471328 -26.4840508
v -2.43665195 1.6056391 -26.4148026
v -2.50814915 1.52696919 -26.4467258
v -2.547297 1.6023773 -26.379715
v -2.6165843 1.52899373 -26.4036179
v -2.66044188 1.60383737 -26.3315926
v -2.73154759 1.5164454 -26.357729
v -2.86113834 1.58746278 -26.2254944
v -2.76360059 1.59706497 -26.282732
v -2.78653336 1.67946744 -26.2060127
v -2.9498601 1.58578026 -26.15065
v -3.03985286 1.56117404 -26.068058
v -3.11050749 1.54133904 -25.9766445
v -3.04376221 1.64363015 -25.986948
v -3.16746473 1.53087711 -25.869318
v -3.11005926 1.62078428 -25.8969383
v -3.21249342 1.51500142 -25.7620277
v -3.24943089 1.49072206 -25.6520748
v -3.27525544 1.47015822 -25.5385113
v -3.29226708 1.44822133 -25.4102211
v -3.29621696 1.43277514 -25.2855148
v -3.28618932 1.43076456 -25.1586475
v -3.29034805 1.39148319 -25.1449585
v -3.28877258 1.4310286 -25.1774044
v -0.945362985 1.40690374 -25.3303204
v -0.933257282 1.43097603 -25.3394451
v -0.941199243 1.40481555 -25.3511181
v -0.896941245 1.45511675 -25.5058327
v -0.893749177 1.43672931 -25.6015663
v -0.897577643 1.40447283 -25.7028751
v -0.880263388 1.46571481 -25.7860985
v -0.897419035 1.42132843 -25.8840523
v -0.903657138 1.44815576 -25.9678936
v -0.935161591 1.41018713 -26.0716286
v -0.984893203 1.41510189 -26.1893082
v -1.05186749 1.43932569 -26.2819176
v -1.14139211 1.44403362 -26.3643703
v -1.24043238 1.53059101 -26.3963566
v -1.24316609 1.42800391 -26.4380493
v -1.31467259 1.48798728 -26.4536839
v -1.34182417 1.41721499 -26.492651
v -1.40361524 1.49483466 -26.4865837
v -1.45350575 1.39809501 -26.5417805
v -1.5172435 1.50091219 -26.5178375
v -1.57708931 1.42930591 -26.5646267
v -1.44580543 1.57361388 -26.4583416
v -1.56138229 1.59459579 -26.474329
v -1.62421679 1.51579583 -26.532568
v -1.6774075 1.43528783 -26.5810394
v -1.73554552 1.52743065 -26.5410671
v -1.79233837 1.43834627 -26.5939693
v -1.8606987 1.52089429 -26.5532417
v -1.90970373 1.43152356 -26.6042728
v -1.97299695 1.49910235 -26.5664768
v -2.02095389 1.41193044 -26.6139946
v -2.08744001 1.48219097 -26.5698166
v -2.1879003 1.34029984 -26.637413
v -2.21752071 1.4407928 -26.5782394
v -2.31633472 1.35342038 -26.6097527
v -2.3607862 1.4459213 -26.5450592
v -2.43021202 1.3572433 -26.5790081
v -2.46836519 1.4392283 -26.5182552
v -2.5427866 1.35747278 -26.541687
v -2.58255482 1.44413185 -26.4739704
v -2.65024233 1.36319363 -26.4944229
v -2.80915117 1.42998672 -26.370327
v -2.68858552 1.4356395 -26.4326897
v -2.91201353 1.40888977 -26.3112717
v -2.84098339 1.50803518 -26.2977428
v -3.0062232 1.41540301 -26.2193432
v -2.93103194 1.50479901 -26.2301178
v -3.07961321 1.40676284 -26.1350899
v -3.02354622 1.49545217 -26.1418934
v -3.1512928 1.37043989 -26.0450764
v -3.10269475 1.46534836 -26.0563679
v -3.19641209 1.33910084 -25.9742584
v -3.17208791 1.42988539 -25.9567719
v -3.26105905 1.33049989 -25.7941837
v -3.22252226 1.34946561 -25.9009418
v -3.22295475 1.42846715 -25.8280926
v -3.29082108 1.30449879 -25.6870956
v -3.25657463 1.4140743 -25.7253933
v -3.28637362 1.38188457 -25.6189709
v -3.31267738 1.2719357 -25.576376
v -3.31870151 1.1470623 -25.5977535
v -3.306463 1.2188524 -25.6657505
v -3.30666542 1.35925865 -25.4913902
v -3.32169771 1.27621567 -25.4602547
v -3.31507897 1.33823562 -25.3675098
v -3.32351899 1.25407434 -25.3080864
v -3.3275466 1.16025937 -25.313633
v -3.32803631 1.2242595 -25.390892
v -3.30348825 1.25840783 -25.1313839
v -3.30707026 1.15555894 -25.1415195
v -3.31887937 1.21577811 -25.2245007
v -3.29681349 1.26624393 -25.1018314
v -3.29510999 1.22200489 -25.0869045
v -0.965711892 1.35650182 -25.3116016
v -0.969134212 1.34790695 -25.3084145
v -0.956293166 1.32918835 -25.3845444
v -0.926341593 1.39464843 -25.44664
v -0.944555521 1.30864894 -25.4754848
v -0.922014534 1.36627424 -25.5360699
v -0.918102503 1.3455168 -25.6292572
v -0.917504072 1.3260777 -25.7149258
v -0.904660344 1.37311232 -25.790184
v -0.919419348 1.32228267 -25.8817825
v -0.919308126 1.36624169 -25.9700623
v -0.94629544 1.30656898 -26.0506744
v -0.963291526 1.33825409 -26.1263542
v -0.999802291 1.30606067 -26.1982613
v -1.03179824 1.36063027 -26.2613678
v -1.08564842 1.34998989 -26.3264809
v -1.1808188 1.34170759 -26.4124279
v -1.27414703 1.33286572 -26.475893
v -1.37677681 1.31418836 -26.5305309
v -1.46376014 1.29495823 -26.5668907
v -1.53888249 1.35052192 -26.5811768
v -1.62145329 1.34524751 -26.6022682
v -1.57256114 1.2587558 -26.6035786
v -1.73505723 1.35259056 -26.6214638
v -1.68173742 1.27567661 -26.6291981
v -1.83539689 1.35340893 -26.6337471
v -1.7821101 1.27565277 -26.6485405
v -1.95437098 1.33985388 -26.6467323
v -1.87875581 1.27079952 -26.6629333
v -2.39228368 1.27593434 -26.629528
v -2.50535321 1.27262843 -26.5976944
v -2.45133758 1.18471611 -26.64505
v -2.61467457 1.27455032 -26.5556984
v -2.55974412 1.19059956 -26.6080418
v -2.72281384 1.27226913 -26.5065117
v -2.67373133 1.19139838 -26.5601864
v -2.7640357 1.35014772 -26.444746
v -2.78150153 1.18369234 -26.5064163
v -2.82274032 1.25972056 -26.4553108
v -2.86193228 1.17099977 -26.4586849
v -2.87866187 1.32649779 -26.3849773
v -2.9682405 1.26108634 -26.3437099
v -2.9451859 1.1743592 -26.3935528
v -2.8978014 1.2360667 -26.4134426
v -2.93941784 1.33323288 -26.3342438
v -2.9905498 1.33053744 -26.2880173
v -3.06679344 1.32806075 -26.2027302
v -3.04400539 1.25301099 -26.2684593
v -3.10273027 1.24571979 -26.1943684
v -3.12394834 1.31204033 -26.129509
v -3.15089989 1.2276212 -26.1246681
v -3.18436813 1.26945412 -26.041729
v -3.22859335 1.18441057 -25.9711819
v -3.22632766 1.26745653 -25.9449368
v -3.30240631 1.14324558 -25.7083931
v -3.28738165 1.05925679 -25.7510719
v -3.28144288 1.1292485 -25.8055668
v -3.28332686 1.23763859 -25.7722263
v -3.30580878 1.06832612 -25.6577892
v -3.32734609 1.1903497 -25.4880791
v -3.32977867 1.13157856 -25.4083939
v -3.32341266 1.0699966 -25.3309193
v -3.31948352 1.11102343 -25.2398624
v -3.30038095 1.04961967 -25.1525574
v -3.28667402 1.13152659 -25.0567551
v -3.28579068 1.10212243 -25.0590172
v -3.29311991 1.18406296 -25.0741425
v -1.00810289 1.20566928 -25.2570057
v -1.00095785 1.23311198 -25.2668953
v -1.00113249 1.19983733 -25.2796764
v -0.980339825 1.26472521 -25.3334789
v -0.965755284 1.24382699 -25.4137001
v -0.99199158 1.27853382 -25.2830448
v -0.955377042 1.2139864 -25.4966869
v -0.938425362 1.27494204 -25.5727596
v -0.932312548 1.26434112 -25.6714401
v -0.928803086 1.26471663 -25.7859745
v -0.941527724 1.18345106 -25.7159977
v -0.937874198 1.22909844 -25.8803024
v -0.936015606 1.27883339 -25.9636269
v -0.954688132 1.24350476 -26.0321484
v -0.980339527 1.24309516 -26.1229973
v -1.04296219 1.2962867 -26.2680473
v -1.08996117 1.24569964 -26.3161774
v -1.0299654 1.22033477 -26.2196903
v -1.13863909 1.27161717 -26.3741226
v -1.22119343 1.23145401 -26.4357586
v -1.31650007 1.23242056 -26.4989185
v -1.40947366 1.22011566 -26.5440388
v -1.48934674 1.20951116 -26.575407
v -1.56370652 1.18297625 -26.5983906
v -1.6486733 1.17769933 -26.6239414
v -1.73502219 1.21166599 -26.6472874
v -1.82270908 1.20362377 -26.6654491
v -1.91414332 1.18065679 -26.6825199
v -2.10809374 1.19956946 -26.6918392
v -2.20015216 1.19955289 -26.6878872
v -2.18807769 1.11737657 -26.7022343
v -1.98920858 1.2385062 -26.6801891
v -2.01181245 1.15488386 -26.6963139
v -2.28190994 1.16041744 -26.6870422
v -2.35240197 1.20387304 -26.6648312
v -2.36630416 1.1270597 -26.6772804
v -2.52327156 1.10534668 -26.6354084
v -2.4449122 1.09780407 -26.6608047
v -2.63515186 1.10470986 -26.5916214
v -2.73807669 1.10087264 -26.5419865
v -2.90172434 1.10155559 -26.4370251
v -2.82911968 1.0999465 -26.4883213
v -2.9837451 1.08841479 -26.3637352
v -3.01385736 1.17694974 -26.3269539
v -3.05129528 1.0998137 -26.2906113
v -3.0816083 1.17502701 -26.2464504
v -3.10028625 1.10406184 -26.2275333
v -3.13433003 1.1461035 -26.1716785
v -3.12332129 1.05393219 -26.1803398
v -3.1716454 1.07559597 -26.0972881
v -3.18556881 1.16955233 -26.0739403
v -3.21460724 1.09763765 -26.0077515
v -3.2534306 1.11060274 -25.9027138
v -3.23084426 1.03073895 -25.9332886
v -3.26220727 1.03742445 -25.8375244
v -3.25903845 0.973574042 -25.7754555
v -3.309196 1.0313158 -25.5873127
v -3.32476926 1.08888698 -25.495924
v -3.30980372 0.997377813 -25.4967785
v -3.32135558 1.04071951 -25.417017
v -3.30961847 0.985771418 -25.3546696
v -3.30813789 1.0115248 -25.2502003
v -3.2838006 0.951607943 -25.1737328
v -3.26978517 0.995758951 -25.0598602
v -3.28311896 1.10660768 -25.0485458
v -0.5848822 0.129202768 -31.6214733
v -0.61408633 0.208303198 -31.6144218
v -0.567779779 0.173610762 -31.7212811
v -1.01653779 1.13289762 -25.2315884
v -1.01468289 1.14865279 -25.237093
v -0.986559033 1.11884773 -25.330513
v -0.980671942 1.19636428 -25.3600101
v -0.970051289 1.16062319 -25.4162846
v -0.946503699 1.18130767 -25.6074486
v -0.956367791 1.12293947 -25.5073109
v -0.946834683 1.10799134 -25.6706524
v -0.944016159 1.16621387 -25.8046894
v -0.956052899 1.13466632 -25.9061871
v -0.954690695 1.18936598 -25.9710293
v -0.9773224 1.1695013 -26.0564442
v -1.1036706 1.15521216 -26.2931232
v -1.15260589 1.19081676 -26.364296
v -1.22382331 1.1401844 -26.4045658
v -1.28088927 1.16965175 -26.4608059
v -1.30376446 1.10003173 -26.442131
v -1.36094856 1.14688385 -26.5003033
v -1.50853789 1.14373934 -26.5696983
v -1.5888412 1.11623681 -26.5937366
v -1.75641692 1.14204657 -26.6514111
v -1.85463607 1.11995709 -26.6740112
v -1.95422149 1.09651649 -26.6927071
v -2.0417757 1.08481336 -26.7034359
v -2.29522109 1.07878017 -26.6937218
v -2.38549066 1.05632794 -26.6760426
v -2.48554921 1.04438329 -26.6465549
v -2.68565798 1.02830696 -26.5608196
v -2.58823395 1.03684652 -26.6070652
v -2.7806704 1.02806735 -26.5086765
v -2.86167574 1.03172886 -26.456604
v -2.92639971 1.03635144 -26.4078693
v -2.96673656 1.01021504 -26.3593292
v -3.0228734 1.02080107 -26.3029346
v -3.08022809 1.03768539 -26.2397842
v -3.18896222 0.944102585 -25.9498901
v -3.18864012 1.01239908 -26.0265694
v -3.22028756 0.894203424 -25.7613335
v -3.22998238 0.955169976 -25.8499279
v -3.28069711 0.913886666 -25.4985962
v -3.29331064 0.959625125 -25.5619011
v -3.2811327 0.901283264 -25.3890743
v -3.30489135 0.967233717 -25.4350567
v -3.27989316 1.09068179 -25.0433731
v -3.26597428 1.03221703 -25.0245419
v -3.24815655 0.885781229 -25.102417
v -1.00864851 0.967158079 -25.1757793
v -1.01055586 0.982710063 -25.1809254
v -1.00217283 1.0418824 -25.2409077
v -0.970020652 0.939334095 -25.2575321
v -0.965026796 1.0023644 -25.3442078
v -0.947829485 1.03297555 -25.5135899
v -0.961244702 1.06503689 -25.4312992
v -0.947706282 1.0724138 -25.5949001
v -0.94505614 1.0134033 -25.6784496
v -0.948157251 1.09904587 -25.749979
v -0.957968831 1.01644981 -25.807291
v -0.954826057 1.08982182 -25.8362789
v -0.977500856 1.02861834 -25.9200344
v -0.976944387 1.10649598 -25.9931641
v -1.01467335 1.02835429 -26.0376644
v -1.01205075 1.14902198 -26.1383839
v -1.00234401 1.10342777 -26.0752869
v -1.17396784 1.094648 -26.3310699
v -1.11035526 1.06422782 -26.2364979
v -1.33208179 1.02215505 -26.4082184
v -1.24723506 1.07425201 -26.3831806
v -1.45279086 1.08708978 -26.5221996
v -1.3713212 1.06898212 -26.4669418
v -1.43936443 1.15810061 -26.5442791
v -1.53781128 1.07832801 -26.5597591
v -1.62489092 1.02434683 -26.5779018
v -1.77854693 1.05739331 -26.647913
v -1.88971126 1.03167903 -26.6765022
v -1.99794579 1.00259089 -26.6960869
v -2.74047184 0.965951979 -26.5077496
v -2.81635809 0.980261385 -26.4676456
v -2.88630676 0.968098223 -26.4074306
v -3.10074306 0.999057353 -26.188282
v -3.14138579 0.999633014 -26.1152935
v -3.05009079 0.968399704 -26.2347908
v -3.12579155 0.873056591 -25.973671
v -3.14088702 0.933685184 -26.0437336
v -3.28025937 0.971979082 -25.6717167
v -3.14886189 0.820690274 -25.795454
v -3.10413837 0.816538393 -25.8967133
v -3.17325568 0.875898719 -25.8658295
v -3.28807425 0.924296975 -25.2858028
v -3.25473285 0.856392086 -25.4548035
v -3.23965383 0.847431004 -25.5295296
v -3.25174069 0.842481434 -25.3161564
v -3.2404232 0.827484131 -25.3975811
v -3.23036647 0.909702063 -25.0077457
v -3.20447111 0.819066644 -25.0454025
v -3.25593734 0.861182809 -25.2117386
v -3.22322416 0.912226677 -24.9869843
v -3.20044065 0.864908934 -24.9726276
v -2.32555938 -3.04476857 -26.6175423
v -2.39676118 -3.0171206 -26.5669651
v -2.32791471 -3.00571847 -26.5011864
v -0.936369777 0.848904133 -25.2636852
v -0.978929222 0.88229537 -25.1780891
v -0.937868297 0.97851032 -25.577816
v -0.937273324 0.958608568 -25.4619904
v -1.05448163 1.05578101 -26.1455212
v -1.05929339 1.12917876 -26.2146587
v -1.24632108 1.01141477 -26.3324146
v -1.42701721 1.01252532 -26.463932
v -1.51796782 1.00522292 -26.5132198
v -1.68125677 1.09236777 -26.6215668
v -1.72199166 1.0092082 -26.6167793
v -1.81263053 0.953025401 -26.6416893
v -1.91332114 0.936806023 -26.6734619
v -3.13560247 -1.95153165 -25.8271065
v -3.11717033 -2.02874374 -25.8495541
v -3.18611884 -2.00930738 -25.9129333
v -3.23712206 0.88220048 -25.6667328
v -3.18430781 0.818852305 -25.681057
v -3.26346898 0.901256979 -25.5900249
v -3.22531891 0.845684111 -25.6075268
v -3.21309495 0.781620383 -25.2520237
v -3.21680379 0.801737368 -25.1475849
v -3.16911411 0.742019892 -25.0791111
v -3.18632436 0.837449908 -24.964365
v -3.18035007 0.827206254 -24.961338
v -3.1659379 0.7737782 -24.9957142
v -2.92267656 0.366871536 -25.4773693
v -2.88857245 0.342651308 -25.5494328
v -2.91787624 0.432991534 -25.5667496
v -0.987918198 0.860440791 -25.1410465
v -0.994734526 0.891695917 -25.1511612
v -0.907235146 0.754890621 -25.2486668
v -0.948343933 0.800865293 -25.1775265
v -0.936270297 0.901644528 -25.3415794
v -0.911247134 0.854634225 -25.4380741
v -0.903625548 0.803373158 -25.3444519
v -0.919755101 0.88292706 -25.5426521
v -0.934633076 0.914356172 -25.6496601
v -0.953087568 0.934662402 -25.7568054
v -0.980853319 0.930788457 -25.8660793
v -1.01851332 0.944706798 -25.9756718
v -1.07252777 0.94635886 -26.0777245
v -1.14418483 0.966820061 -26.1917667
v -1.18139184 1.01569545 -26.2758446
v -1.23721671 0.944943309 -26.2672977
v -1.3107717 0.945527792 -26.3298416
v -1.40121019 0.939998746 -26.3942661
v -1.49415946 0.932431877 -26.4551907
v -1.59005344 0.92615968 -26.5159683
v -1.69409752 0.93021816 -26.58041
v -2.00450373 0.874927163 -26.689949
v -2.1064043 0.934122205 -26.700819
v -2.11940408 1.04137552 -26.7067318
v -2.20362258 0.965958595 -26.699276
v -2.22433758 1.03846872 -26.7025852
v -2.30569363 0.989537477 -26.6871357
v -2.41640615 0.980802834 -26.6580067
v -2.51473832 0.971042752 -26.6203747
v -2.62515473 0.95006305 -26.5616474
v -2.68280315 0.884341955 -26.4876709
v -2.79486799 0.909213901 -26.4319572
v -2.93961239 0.853885651 -26.2332726
v -3.01354885 0.903487146 -26.2125511
v -2.99847126 0.840240121 -26.1336937
v -2.97412753 0.944756031 -26.3054371
v -3.08092165 0.930826187 -26.1490269
v -3.07825541 0.867804825 -26.0563126
v -3.19140887 0.793954313 -25.5645618
v -3.20778012 0.793193996 -25.4686012
v -3.19979811 0.766990006 -25.3570518
v -3.17193413 0.722874999 -25.2837849
v -3.16262603 0.709798634 -25.1957455
v -3.1262207 0.703294098 -24.9993591
v -3.13034463 0.749244094 -24.9386406
v -3.08536458 0.68201071 -24.9192104
v -3.14365196 0.768529534 -24.9441833
v -0.965712965 0.76437068 -25.1100521
v -0.979165912 0.82210809 -25.1286716
v -0.880007267 0.666517556 -25.2398605
v -0.925023556 0.71308583 -25.1576118
v -0.898527682 0.78523773 -25.5272675
v -0.882543206 0.749691963 -25.4170837
v -0.919608653 0.814977169 -25.6252556
v -0.94381845 0.843334973 -25.7179966
v -0.975459635 0.842231095 -25.8153362
v -1.01942563 0.849109292 -25.9180202
v -1.0718019 0.862038016 -26.0138035
v -1.14323628 0.872149527 -26.1134853
v -1.22388804 0.873036861 -26.1974602
v -1.30215955 0.876182616 -26.2693558
v -1.37221074 0.882336259 -26.3307381
v -1.44738317 0.846752286 -26.3710499
v -1.55729532 0.841791928 -26.4583225
v -1.65078592 0.843159735 -26.5305367
v -1.76200438 0.844817638 -26.6029472
v -2.71898174 0.83979553 -26.4222832
v -2.64881468 0.809972107 -26.4479561
v -2.77638602 0.820437014 -26.352541
v -2.87285376 0.875811815 -26.3326778
v -2.83723044 0.794294 -26.2578983
v -2.90835428 0.797167361 -26.1794434
v -2.93022847 0.762685478 -26.0860786
v -3.00611877 0.794014394 -26.0318985
v -3.06933784 0.822263658 -25.9814377
v -3.02789354 0.768277526 -25.9369812
v -3.05698705 0.74369508 -25.817318
v -3.11480784 0.763435125 -25.7283268
v -3.11975145 0.730964959 -25.6150818
v -3.15524793 0.74255681 -25.5214424
v -3.15364218 0.722040296 -25.4419651
v -3.12438321 0.663093686 -25.0990582
v -3.08225226 0.623404562 -25.0028667
v -3.08211541 0.677160919 -24.9178104
v -3.07455397 0.664999783 -24.9142513
v -3.03674531 0.588343382 -24.9214096
v -3.03593469 0.607878506 -24.8977737
v -3.01685095 0.578573287 -24.8892651
v -0.940128267 0.580269694 -25.0493526
v -0.947253346 0.652470231 -25.0733814
v -0.924719632 0.576293051 -25.0708046
v -0.951067805 0.677617252 -25.0816479
v -0.965533078 0.763558686 -25.1097889
v -0.855589032 0.580803633 -25.2294636
v -0.899273694 0.623536289 -25.1479778
v -0.850827932 0.624394596 -25.3205833
v -0.876908362 0.714388072 -25.3337784
v -0.856827319 0.656668663 -25.4101925
v -0.875869632 0.690435469 -25.5116444
v -0.903099 0.721797526 -25.6089134
v -0.934030473 0.75565058 -25.6978512
v -0.962700248 0.780893743 -25.7724514
v -1.0047735 0.745159924 -25.8547649
v -1.07053006 0.760850787 -25.9607315
v -1.13459885 0.779473841 -26.0484619
v -1.2132585 0.789817035 -26.1359444
v -1.29551804 0.800931752 -26.2178326
v -1.37123108 0.817284405 -26.2920456
v -1.8791492 0.858730674 -26.6581478
v -2.11429095 0.845842242 -26.6946564
v -2.1772325 0.897439182 -26.6943359
v -2.25864029 0.893440187 -26.6809959
v -2.46128392 0.899705768 -26.6163998
v -2.35077739 0.900939345 -26.6581917
v -2.58877158 0.857141674 -26.5269375
v -2.94805288 0.732380211 -25.9986324
v -2.97058821 0.701816738 -25.8958435
v -2.98783088 0.673447788 -25.8018417
v -3.04174709 0.687150836 -25.7125874
v -3.10538888 0.683134377 -25.5126286
v -3.1005702 0.64853543 -25.4152279
v -3.1446588 0.692508698 -25.3470249
v -3.09760666 0.620926678 -25.3183517
v -3.13780475 0.673918843 -25.2741146
v -3.09903049 0.609899282 -25.2073956
v -3.07503533 0.576450408 -25.0932865
v -3.0399878 0.539889455 -25.0036926
v -3.00041842 0.509372056 -24.9255886
v -2.99257541 0.53960067 -24.8778648
v -2.95883751 0.482815295 -24.8611259
v -0.935354829 0.491385907 -25.0194645
v -0.937714219 0.534857094 -25.0340805
v -0.895424962 0.472126067 -25.0711327
v -0.871792674 0.530676723 -25.1453915
v -0.85021162 0.448799372 -25.1424465
v -0.949809611 0.670526862 -25.0793304
v -0.831078708 0.494855672 -25.2248688
v -0.825739324 0.532043993 -25.2992573
v -0.830499589 0.563819647 -25.4012432
v -0.851615846 0.600453615 -25.4964008
v -0.883422494 0.633636832 -25.5937195
v -0.922274947 0.667600155 -25.6873569
v -0.963916302 0.705377162 -25.7740078
v -1.0539459 0.676429451 -25.9183025
v -1.1251899 0.68787539 -26.0078449
v -1.19398487 0.704634249 -26.0853195
v -1.28547502 0.708109498 -26.1763649
v -1.36416376 0.736810207 -26.2558079
v -1.43458378 0.750457168 -26.3256569
v -1.51371014 0.765056789 -26.4023743
v -1.60208535 0.771489024 -26.4840641
v -1.69687402 0.770164967 -26.5606365
v -2.70345521 0.778709948 -26.3703938
v -2.75161958 0.761687696 -26.3033314
v -2.840729 0.729457796 -26.1512623
v -2.87847972 0.700241745 -26.0476875
v -2.90266156 0.66610229 -25.9481125
v -2.91623163 0.628796995 -25.8574371
v -3.05061841 0.647479534 -25.5915737
v -3.05295086 0.608960032 -25.4874115
v -3.05466223 0.574448705 -25.3881283
v -3.04670978 0.530277669 -25.2884541
v -3.05707192 0.533306122 -25.1719398
v -3.03427243 0.493727505 -25.0926208
v -3.00365138 0.454921007 -25.0124187
v -2.96737838 0.425843626 -24.9338436
v -2.95307159 0.472847164 -24.8581772
v -2.94400311 0.456203669 -24.8532085
v -2.92119455 0.38928929 -24.8639088
v -2.91167021 0.403562516 -24.8377724
v -2.88946843 0.365262449 -24.8264427
v -0.941245317 0.369857132 -24.9776459
v -0.93668741 0.419601262 -24.9949284
v -0.921913147 0.414282978 -25.0118275
v -0.87688148 0.404112637 -25.0740509
v -0.839699984 0.354976624 -25.1181545
v -0.807299495 0.390745223 -25.209383
v -0.799706638 0.44226706 -25.2980785
v -0.809108198 0.492756039 -25.3751545
v -0.822030067 0.500929296 -25.4826889
v -0.860281587 0.548175931 -25.5817337
v -0.903684974 0.581677735 -25.6755829
v -0.952391624 0.614632785 -25.7641163
v -1.00364006 0.646442175 -25.8457184
v -1.35479867 0.674462497 -26.2399101
v -1.40500927 0.692596793 -26.290144
v -2.21063089 0.819400132 -26.6800938
v -2.29777527 0.817113101 -26.6547909
v -2.40016007 0.817236841 -26.6113739
v -2.49406528 0.828625679 -26.5663624
v -2.53900146 0.902532935 -26.5817394
v -2.56022716 0.753196895 -26.4726353
v -2.63335133 0.742447495 -26.3983402
v -2.75574064 0.70456773 -26.224081
v -2.78913713 0.646102071 -26.098465
v -2.84344029 0.641037524 -26.0052891
v -2.85015535 0.592504203 -25.9221992
v -2.94778037 0.598832846 -25.7414951
v -3.00052333 0.571712613 -25.5643749
v -3.00626826 0.532898426 -25.4707317
v -3.00431466 0.489401191 -25.3894539
v -3.01962566 0.456320316 -25.1929874
v -2.98951483 0.385507941 -25.0974541
v -2.97323108 0.384275019 -25.0037842
v -2.93664026 0.338289142 -24.9416542
v -2.89545679 0.300648332 -24.8792248
v -2.87217212 0.33489269 -24.8174324
v -2.84658456 0.288051963 -24.8034554
v -2.83681512 0.256150603 -24.807066
v -0.980816364 0.17796813 -24.9092903
v -0.97921139 0.182790756 -24.9110546
v -0.977958798 0.177319333 -24.9119091
v -0.947999954 0.312888473 -24.9577351
v -0.944392145 0.337608099 -24.9664268
v -0.884625793 0.31684652 -25.0363655
v -0.933328748 0.242644593 -24.9636936
v -0.867776811 0.213891327 -25.0383873
v -0.788132668 0.282556355 -25.1916924
v -0.774196446 0.353016049 -25.3012066
v -0.785394251 0.410046995 -25.4028473
v -0.980492949 0.55581212 -25.8267097
v -1.04626274 0.586261153 -25.9112377
v -1.09845221 0.619759738 -25.971674
v -1.16528189 0.603348374 -26.0493107
v -1.23765111 0.636936367 -26.1222878
v -1.4628917 0.677913845 -26.354248
v -1.55017996 0.697142661 -26.4430847
v -1.82004464 0.757186592 -26.6405926
v -1.94720399 0.767382145 -26.6848946
v -2.67928004 0.706670582 -26.3164482
v -2.67662525 0.630142629 -26.2416363
v -2.79028201 0.576758742 -26.0063477
v -2.87015128 0.554171145 -25.8296623
v -2.88732386 0.515415013 -25.7408028
v -2.9402988 0.525095582 -25.6368427
v -2.96492171 0.506411016 -25.5450115
v -2.99668288 0.608798206 -25.6485958
v -2.96378875 0.457881927 -25.4725304
v -3.00074601 0.438520133 -25.2912579
v -2.98343587 0.371452093 -25.2164726
v -2.95244575 0.307622194 -25.0308819
v -2.91614628 0.261699051 -24.9562225
v -2.86793995 0.211539596 -24.8839455
v -2.81218815 0.174208537 -24.812685
v -0.984942079 0.167344749 -24.9053574
v -1.01009285 0.10290736 -24.8814926
v -0.962076247 0.0818676129 -24.9256897
v -0.913523376 0.141697034 -24.9766731
v -0.84534961 0.10937047 -25.0548649
v -1.50637972 0.356399745 -26.8792019
v -1.45054591 0.334524572 -26.8920803
v -1.43504131 0.347823083 -26.8036785
v -0.743632138 0.245922193 -25.3135471
v -0.754255056 0.160251245 -25.2160549
v -0.75290215 0.302105039 -25.421587
v -0.791841984 0.387129933 -25.5085201
v -0.832081854 0.439674199 -25.5915318
v -0.881480217 0.491741359 -25.6756248
v -0.931135774 0.52542913 -25.7564468
v -1.09043932 0.534729838 -25.9797344
v -1.30587232 0.607627869 -26.2010689
v -1.38706863 0.633453906 -26.2812462
v -1.63227117 0.691845477 -26.5263042
v -2.058321 0.768448412 -26.6971951
v -2.1577158 0.751072407 -26.6877422
v -2.24571681 0.734931052 -26.6613522
v -2.34871364 0.734856665 -26.612648
v -2.4452908 0.73399812 -26.5503769
v -2.59569383 0.681038082 -26.3840332
v -2.62485123 0.632840514 -26.3116856
v -2.72801256 0.564744711 -26.0982933
v -2.79254127 0.501416564 -25.9171581
v -2.82840252 0.452278465 -25.7932129
v -2.96664524 0.407203555 -25.3846416
v -2.96651053 0.357128501 -25.3002777
v -2.95983815 0.308270752 -25.2397671
v -2.95995021 0.291287988 -25.1453819
v -2.93124986 0.221602291 -25.0528088
v -2.89382029 0.170692265 -24.9677734
v -2.84564018 0.119153 -24.893343
v -2.7786715 0.0803010464 -24.8079433
v -2.75473547 0.133260608 -24.757822
v -2.70623851 0.0543008447 -24.7346706
v -2.70343661 0.0463959016 -24.7347393
v -2.77259278 0.165298343 -24.767355
v -2.70212388 0.0481565073 -24.7328949
v -1.02041137 0.0801060125 -24.8729382
v -1.0102098 0.0194126666 -24.8842716
v -0.943727732 -0.00627719192 -24.9463539
v -0.892733634 0.0497744456 -24.9967327
v -0.835066378 0.0303448439 -25.0639362
v -0.8088516 0.179428816 -25.1169815
v -0.833565176 0.27081427 -25.0997715
v -0.784624696 0.0713651627 -25.1374893
v -0.71168834 0.126958787 -25.3304482
v -0.717443585 0.188176632 -25.4330215
v -0.748176038 0.250960886 -25.533802
v -0.804733217 0.34218502 -25.6161842
v -0.854349673 0.400610894 -25.6852837
v -0.898256779 0.445313156 -25.7413979
v -0.949127257 0.446443647 -25.8301926
v -1.01926589 0.491916537 -25.9065151
v -1.22929966 0.560814381 -26.1302719
v -1.72043884 0.704313457 -26.5927334
v -1.78904963 0.655994356 -26.6599483
v -1.32320046 2.46438169 -25.6612473
v -1.38869452 2.49394274 -25.6662788
v -2.61960149 0.564645052 -26.2683601
v -2.67276978 0.555716515 -26.1801739
v -2.73523211 0.493846238 -26.0190239
v -2.73762059 0.418727845 -25.9568863
v -2.77532578 0.415441573 -25.8736115
v -2.875911 0.449508011 -25.6855583
v -2.93123794 0.312010616 -25.3887024
v -2.9452877 0.288095176 -25.2959976
v -2.94128656 0.239241794 -25.234848
v -2.93233705 0.183020413 -25.1594143
v -2.91342592 0.132344797 -25.0719547
v -2.87381387 0.066307269 -24.9814377
v -2.82241344 0.0164628308 -24.8986645
v -2.75580001 -0.0268774126 -24.8184528
v -2.67641711 -0.0707343295 -24.7470207
v -2.52759552 -0.187112451 -24.6662178
v -2.51797438 -0.196546376 -24.6637459
v -2.53183794 -0.1944592 -24.6707401
v -2.54180002 -0.170742989 -24.6707001
v -1.13107967 -0.101771101 -24.8025303
v -1.11208081 -0.0760549828 -24.8127441
v -1.10550523 -0.110888273 -24.8219833
v -1.08458638 -0.0350904278 -24.8287983
v -1.06307817 -0.000512306753 -24.8422203
v -1.05357158 -0.0439643115 -24.8535748
v -0.99339503 -0.0674147233 -24.9062614
v -0.935868561 -0.0875354558 -24.9606857
v -0.878293335 -0.0448047221 -25.0154247
v -0.691089988 0.0345905535 -25.338192
v -0.729991913 0.0526786 -25.2357216
v -0.685719192 0.0833110735 -25.4430542
v -0.70532167 0.140667886 -25.525198
v -0.730172515 0.176288649 -25.6045284
v -0.772228599 0.238600031 -25.6601734
v -0.825598538 0.311008453 -25.7123451
v -0.882498145 0.375366688 -25.768528
v -1.04483509 0.452536404 -25.9647236
v -1.09948575 0.445959955 -26.0434418
v -1.15575802 0.505670965 -26.0717583
v -1.50640464 0.630663097 -26.4211025
v -1.40980911 2.50341773 -25.667881
v -1.49891913 2.53834224 -25.672924
v -1.89050734 0.663846433 -26.6993351
v -2.0113101 0.67750591 -26.7135391
v -2.10470819 0.675228179 -26.7065506
v -2.19971681 0.663943887 -26.6803322
v -2.29869032 0.643150151 -26.6306019
v -2.38940597 0.639768243 -26.5639496
v -2.49545932 0.63233912 -26.4619102
v -2.56947851 0.590838313 -26.3536453
v -2.57079291 0.500988126 -26.3090801
v -2.62081027 0.465454727 -26.2111015
v -2.67851925 0.481357992 -26.1142731
v -2.69465947 0.414363265 -26.0430756
v -2.74806905 0.34513703 -25.8901882
v -2.86342835 0.359623879 -25.6285858
v -2.89342976 0.279995441 -25.4841957
v -2.92573047 0.228811041 -25.3199215
v -2.92264724 0.15947488 -25.2537937
v -2.91513276 0.0854617581 -25.1779003
v -2.89758277 0.0268096421 -25.0883369
v -2.85918355 -0.037642505 -24.9941864
v -2.80655837 -0.0894145444 -24.9102058
v -2.73041058 -0.152640864 -24.8268833
v -2.63739848 -0.171820179 -24.7414989
v -2.59230089 -0.107676223 -24.6882877
v -2.61019802 -0.081129998 -24.6959476
v -1.24796951 -0.234252453 -24.7484589
v -1.22559083 -0.212320164 -24.7576427
v -1.21943963 -0.243528187 -24.7674122
v -1.16708672 -0.147498012 -24.7842007
v -1.16280854 -0.174871013 -24.7914524
v -1.09319019 -0.195553541 -24.8447762
v -0.974231541 -0.149758026 -24.9336262
v -0.90863508 -0.150899738 -24.995163
v -0.690801561 -0.0410755724 -25.3060608
v -0.678341389 0.0647891015 -25.5419598
v -0.695597053 0.0950959101 -25.613884
v -0.793546617 0.221431345 -25.7581673
v -0.735683799 0.14209649 -25.7139263
v -0.855728626 0.283903688 -25.8194962
v -0.918698847 0.346749336 -25.8664417
v -0.990141451 0.404852569 -25.9250431
v -1.02724779 0.384315729 -26.0017948
v -1.2007339 0.479782522 -26.1468163
v -1.14484489 0.438768029 -26.1113434
v -1.27155876 0.516470432 -26.2077942
v -1.43765426 0.595772505 -26.3595314
v -1.35930431 0.550362885 -26.2928925
v -1.56346762 0.62606436 -26.4907398
v -1.51390004 2.54415488 -25.6737518
v -1.59846807 2.57202268 -25.6767426
v -1.61624134 2.57753396 -25.6772537
v -1.69453955 2.59786963 -25.6781616
v -2.510149 0.517283261 -26.4040833
v -2.65524936 0.419622391 -26.1245689
v -2.70461392 0.336487472 -25.9869347
v -2.78841615 0.370234191 -25.8125114
v -2.82906079 0.369770706 -25.7185097
v -2.79471588 0.312118024 -25.7619209
v -2.82115746 0.287137538 -25.6838932
v -2.85678053 0.279540718 -25.5873489
v -2.89808106 0.213100269 -25.421524
v -2.90213943 0.13232252 -25.3542957
v -2.90581656 0.0534888618 -25.2821045
v -2.9033916 -0.0317659564 -25.1974545
v -2.88398409 -0.0830502287 -25.0875931
v -2.84967542 -0.137552187 -25.0057926
v -2.7960391 -0.201186702 -24.9247055
v -2.74264145 -0.260124266 -24.8680496
v -2.67533588 -0.259586155 -24.7978821
v -2.58650756 -0.268866748 -24.7271938
v -2.49007821 -0.29048264 -24.6713047
v -2.40606213 -0.306874424 -24.6347885
v -2.39956617 -0.313181162 -24.6331406
v -2.45818901 -0.387321532 -24.6785831
v -2.33300471 -0.363557994 -24.6211052
v -2.30878878 -0.38101849 -24.6170216
v -2.31261778 -0.444015115 -24.6341305
v -2.37365031 -0.392538369 -24.6425514
v -1.49048626 -0.410032749 -24.6699982
v -1.48546374 -0.407638133 -24.6711998
v -1.48516989 -0.412054449 -24.6724377
v -1.39540315 -0.353423715 -24.6965714
v -1.34981358 -0.321627378 -24.7108955
v -1.3373276 -0.371943116 -24.7293262
v -1.28587222 -0.269568056 -24.7335262
v -1.28185856 -0.314369023 -24.7455502
v -1.20908535 -0.334475577 -24.7940598
v -1.1470592 -0.267183542 -24.8200912
v -1.07523096 -0.281369448 -24.8753014
v -1.02340353 -0.219629452 -24.9036579
v -1.03905702 -0.128968045 -24.8758659
v -0.958704591 -0.23597908 -24.96241
v -0.884991288 -0.239545226 -25.034235
v -0.834103823 -0.16261746 -25.0770988
v -0.828063726 -0.270353287 -25.103159
v -0.731898904 -0.0538722128 -25.2151928
v -0.757347882 -0.142895177 -25.1757736
v -0.793072939 -0.0453644693 -25.1191883
v -0.706490457 -0.127326548 -25.2611637
v -0.73393923 -0.228517383 -25.2216473
v -0.662705779 -0.123287492 -25.3635616
v -0.678956807 -0.20862937 -25.318222
v -0.639540792 -0.100111283 -25.4592228
v -0.666089475 -0.0263174381 -25.3966331
v -0.654064059 -0.0140744252 -25.4991741
v -0.659205794 0.00927850697 -25.6023922
v -0.675716758 0.0291404463 -25.7184906
v -0.761529148 0.145267263 -25.8135796
v -0.826720774 0.211756274 -25.8714962
v -0.893102527 0.273390532 -25.9181805
v -0.960645497 0.32811892 -25.9648647
v -1.08760083 0.370979667 -26.1131744
v -1.16513801 0.404047519 -26.1845303
v -1.22635853 0.442034632 -26.222847
v -1.29635239 0.456455082 -26.308342
v -1.40032029 0.495103389 -26.4115715
v -1.4901588 0.553839684 -26.4641418
v -1.82762337 0.572078228 -26.7326679
v -1.94395542 0.576791883 -26.7551403
v -2.06122518 0.590875983 -26.7416344
v -2.15494466 0.590588093 -26.7144737
v -2.24294519 0.569976091 -26.6743622
v -2.33878732 0.539439857 -26.6051273
v -2.43679404 0.539689779 -26.5016994
v -2.62650371 0.364067912 -26.1670456
v -2.58159089 0.374349952 -26.2603531
v -2.57639694 0.439292639 -26.2795525
v -2.66219735 0.335270256 -26.0832634
v -2.76189637 0.288823128 -25.8323784
v -2.82344723 0.185081258 -25.6375637
v -2.8648572 0.192942813 -25.5193501
v -2.87587094 0.11898087 -25.4565506
v -2.88709474 0.0383259393 -25.3914928
v -2.89856172 -0.0326225795 -25.3105125
v -2.9018116 -0.11036095 -25.2494316
v -2.89622045 -0.123835564 -25.1668301
v -2.87973666 -0.18034777 -25.0989227
v -2.84488082 -0.242202729 -25.0185356
v -2.7880373 -0.332859695 -24.9400139
v -2.71140361 -0.345016211 -24.8521881
v -2.62243629 -0.366725743 -24.7774639
v -2.54200697 -0.353866756 -24.7178612
v -2.39767408 -0.465863258 -24.6701298
v -2.15253472 -0.460734338 -24.6018906
v -2.15252995 -0.460736394 -24.6018906
v -2.15942192 -0.558842957 -24.6286678
v -2.24575281 -0.502549767 -24.6305714
v -2.23269343 -0.425173759 -24.6078377
v -2.15252137 -0.460739195 -24.6018887
v -2.07502127 -0.485152185 -24.5995331
v -2.08080912 -0.520610154 -24.6093407
v -1.98557651 -0.502411127 -24.6005287
v -1.59552729 -0.455387026 -24.6464939
v -1.55300295 -0.439219713 -24.655262
v -1.54612136 -0.466781318 -24.6649857
v -1.68669701 -0.483606458 -24.6298847
v -1.63845956 -0.470421463 -24.6380787
v -1.66490877 -0.509647369 -24.6420918
v -1.47426128 -0.401221424 -24.6742439
v -1.41555417 -0.367188483 -24.6903381
v -1.40638745 -0.429670155 -24.7106476
v -1.2596761 -0.394895226 -24.7781296
v -1.19538558 -0.415524483 -24.8232574
v -1.13401592 -0.353684574 -24.8489494
v -1.05939507 -0.373737186 -24.9094734
v -1.00446868 -0.305487663 -24.9373989
v -0.998878479 -0.395843685 -24.9648056
v -0.936983287 -0.325974733 -25.0023537
v -0.876751781 -0.333715409 -25.0640316
v -0.781761944 -0.222610682 -25.1516552
v -0.776415169 -0.295868009 -25.1731071
v -0.638548076 -0.191673741 -25.4195328
v -0.627513051 -0.0875126719 -25.5648651
v -0.714447618 0.0790141299 -25.7943153
v -0.676626563 0.00888006482 -25.8307915
v -0.727964401 0.0744816288 -25.8836002
v -0.78922224 0.142608002 -25.9239559
v -0.854593158 0.198060006 -25.9811287
v -0.927226245 0.254941344 -26.0288754
v -1.0003581 0.309315771 -26.0677605
v -1.20382178 0.388539761 -26.2723942
v -1.45875859 0.47751677 -26.5247116
v -1.56356251 0.543999195 -26.5656681
v -1.65945065 0.566506982 -26.6353741
v -1.61907589 0.496967971 -26.681797
v -1.71883798 0.520716488 -26.7276955
v -1.73964703 0.590694904 -26.6729755
v -2.40498948 0.442098856 -26.5472279
v -2.47104502 0.429307491 -26.4544411
v -2.53460765 0.417254686 -26.3505154
v -2.63506103 0.260989159 -26.1427536
v -2.59830022 0.307013214 -26.2238159
v -2.67943096 0.253273487 -26.0318375
v -2.72119808 0.262140751 -25.9266682
v -2.78617859 0.228970364 -25.7502289
v -2.84559822 0.104527488 -25.556366
v -2.86607742 0.0195336156 -25.4822445
v -2.88318515 -0.0419604219 -25.4129028
v -2.8955729 -0.113306023 -25.3542423
v -2.90301514 -0.174893349 -25.2976151
v -2.89972997 -0.197719857 -25.2020721
v -2.88344884 -0.276411206 -25.1224155
v -2.8507967 -0.349899769 -25.0456734
v -2.82303214 -0.434564471 -25.007452
v -2.54698539 -0.431244433 -24.7389984
v -2.47233295 -0.492663652 -24.7108536
v -2.40432692 -0.569133461 -24.698494
v -2.25494123 -0.588293731 -24.6551952
v -2.18218637 -0.647695661 -24.6571503
v -2.34210038 -0.626579821 -24.6907501
v -2.32999945 -0.531467736 -24.6615582
v -2.09228611 -0.612662077 -24.6356735
v -1.98323298 -0.50287658 -24.6005497
v -1.98234713 -0.502983689 -24.6005802
v -1.95105696 -0.616559684 -24.6330566
v -2.02860022 -0.583678126 -24.623579
v -1.80793619 -0.504967451 -24.6133022
v -1.80465639 -0.504763186 -24.6136227
v -1.80494547 -0.589048564 -24.6378212
v -1.88012552 -0.553439796 -24.6188698
v -1.98018003 -0.503100455 -24.600708
v -1.73325038 -0.544101179 -24.6368141
v -1.65698278 -0.587519407 -24.6670647
v -1.80187511 -0.504366875 -24.6139717
v -1.60200453 -0.530921042 -24.6654282
v -1.52871883 -0.559107542 -24.6978378
v -1.46635628 -0.500765562 -24.704504
v -1.38672459 -0.521792114 -24.7457924
v -1.32194519 -0.454776347 -24.7593002
v -1.25340068 -0.47829783 -24.8044739
v -1.11775529 -0.437606812 -24.882473
v -1.04603982 -0.461663097 -24.9438477
v -0.928476393 -0.406185716 -25.0312538
v -0.866403103 -0.423404694 -25.0982456
v -0.817654788 -0.357420206 -25.1357632
v -0.766227424 -0.37432754 -25.2041779
v -0.736222327 -0.310631812 -25.2326546
v -0.694942176 -0.296706259 -25.2963829
v -0.611371338 -0.18273434 -25.5232677
v -0.597817063 -0.164871305 -25.6326542
v -0.63286829 -0.0630623475 -25.783783
v -0.628693044 -0.0685376227 -25.6714687
v -0.688770831 0.00810664333 -25.9317684
v -0.741905272 0.0669451132 -25.9859619
v -0.808153868 0.132249072 -26.0266972
v -0.877734959 0.18645744 -26.0799313
v -0.949111462 0.234472558 -26.1305771
v -1.03341079 0.291841388 -26.1692162
v -1.11776328 0.339080513 -26.223074
v -1.24820292 0.375908911 -26.3783283
v -1.32972026 0.424045205 -26.4183178
v -1.37825894 0.427084535 -26.4938126
v -1.51329505 0.45863843 -26.6304073
v -1.87968147 0.511624515 -26.7997246
v -1.86529434 0.451927453 -26.8656235
v -1.79705095 0.494376898 -26.7968044
v -1.94816971 0.492359459 -26.8217602
v -2.03532028 0.510956466 -26.7934113
v -2.11401486 0.51272428 -26.7673454
v -2.19482708 0.505183816 -26.7291164
v -2.44837666 0.340893179 -26.5127163
v -2.50160241 0.324716926 -26.4214211
v -2.55679226 0.290738672 -26.3179169
v -2.75097442 0.189788774 -25.8390121
v -2.78252769 0.129327744 -25.7484074
v -2.81205273 0.0773674175 -25.6625137
v -2.83875632 -0.000951096357 -25.5872326
v -2.86281371 -0.063315697 -25.5140324
v -2.88299894 -0.134210378 -25.4504833
v -2.89912176 -0.194785446 -25.3797016
v -2.90905166 -0.265669703 -25.306303
v -2.90279269 -0.298215479 -25.2075291
v -2.89256954 -0.37063092 -25.1541004
v -2.60573959 -0.465886146 -24.7865982
v -2.54876924 -0.526692212 -24.7621117
v -2.48700643 -0.594501019 -24.7436848
v -2.41561651 -0.65642041 -24.7268906
v -2.33684897 -0.712669849 -24.7141037
v -2.2650106 -0.673265398 -24.6817837
v -2.20169091 -0.735175312 -24.6872635
v -2.11481285 -0.711936414 -24.6677094
v -2.03006721 -0.66161263 -24.6465378
v -1.94619453 -0.703528345 -24.6601753
v -1.87574172 -0.650923789 -24.6482582
v -1.79191065 -0.690162063 -24.6714191
v -1.72858405 -0.635071099 -24.6652622
v -1.65148354 -0.670544505 -24.6947937
v -1.58749282 -0.617603898 -24.6962147
v -1.50711858 -0.642862558 -24.7319908
v -1.44585156 -0.587914348 -24.73913
v -1.37261486 -0.614102602 -24.7808247
v -1.31717741 -0.550734222 -24.789608
v -1.24123061 -0.573175251 -24.8397675
v -1.1764071 -0.502715051 -24.8600101
v -1.10473549 -0.527356803 -24.9175739
v -0.985056996 -0.486250937 -25.0018787
v -0.910402417 -0.497449607 -25.0739765
v -0.804983258 -0.442038655 -25.1721096
v -0.75066936 -0.448055625 -25.2422237
v -0.717975676 -0.377640456 -25.2732563
v -0.66836381 -0.3725923 -25.3540764
v -0.650814056 -0.280126512 -25.3807201
v -0.624546528 -0.360091418 -25.4405289
v -0.612099171 -0.27304557 -25.4792652
v -0.585760176 -0.259282261 -25.5777588
v -0.566962838 -0.251624346 -25.6825981
v -0.642362475 -0.0555001013 -25.8803177
v -0.756912231 0.0619293861 -26.0846081
v -0.700300097 0.0063780942 -26.0259666
v -0.825252593 0.121902369 -26.128706
v -0.895331264 0.173686817 -26.1736641
v -0.974969089 0.222386941 -26.2305279
v -1.05513394 0.270400673 -26.2720699
v -1.14537656 0.318188757 -26.3259354
v -1.29870927 0.363929003 -26.5029259
v -1.41171503 0.40371567 -26.600708
v -1.73109663 0.476804346 -26.7901669
v -1.65949166 0.453183025 -26.7829685
v -1.72606659 2.60513544 -25.6782131
v -1.81032705 2.62008595 -25.6768303
v -1.84165382 2.59462714 -25.701292
v -2.38592076 0.355724096 -26.6073341
v -2.59663653 0.224769264 -26.2437191
v -2.7098639 0.160013884 -25.9569111
v -2.67117167 0.158348754 -26.0679073
v -2.75019097 0.0689018443 -25.858305
v -2.78395224 0.0449807793 -25.7571468
v -2.81002808 -0.029573787 -25.6973553
v -2.83884263 -0.0930254608 -25.622942
v -2.8697679 -0.161733061 -25.5347748
v -2.88884664 -0.219108924 -25.4770794
v -2.90540433 -0.277480811 -25.4103088
v -2.91850209 -0.364456594 -25.3626595
v -2.91265798 -0.366356194 -25.2547626
v -2.90471387 -0.447769523 -25.19384
v -2.71057343 -0.540975511 -24.8908634
v -2.6344161 -0.539263964 -24.8246803
v -2.65959501 -0.627409577 -24.8659725
v -2.57163644 -0.635367215 -24.8039284
v -2.48744941 -0.692340732 -24.7707939
v -2.40505266 -0.766869247 -24.7555866
v -2.33307266 -0.78662926 -24.7361755
v -2.27085781 -0.755398512 -24.7085571
v -2.21596503 -0.813883185 -24.7158356
v -2.15380716 -0.780407012 -24.6945133
v -2.08377957 -0.800173819 -24.69417
v -2.01982236 -0.75660789 -24.6766853
v -1.93494022 -0.792596281 -24.6906528
v -1.86755562 -0.73817426 -24.677372
v -1.78603792 -0.771238744 -24.6998806
v -1.71586573 -0.719624698 -24.6956215
v -1.64343333 -0.758222401 -24.7268181
v -1.57843804 -0.708218038 -24.7288322
v -1.49955988 -0.74003464 -24.767662
v -1.43497646 -0.678007722 -24.7728691
v -1.35870802 -0.706033945 -24.8179874
v -1.30119383 -0.644329846 -24.8276081
v -1.22607601 -0.663502216 -24.8777275
v -1.16338766 -0.5981251 -24.8974457
v -1.098894 -0.623512328 -24.9512901
v -1.03714645 -0.544987619 -24.9751873
v -0.973540246 -0.569300175 -25.0364056
v -0.852232814 -0.510175824 -25.1371365
v -0.908158422 -0.586748838 -25.1023922
v -0.788906693 -0.518698871 -25.2116165
v -0.735653877 -0.528221965 -25.2821712
v -0.697771192 -0.460727125 -25.3209629
v -0.643278956 -0.466383219 -25.412775
v -0.557744861 -0.342553705 -25.6364002
v -0.536329627 -0.338591933 -25.7340679
v -0.587943494 -0.155678555 -25.8838882
v -0.589446485 -0.162033111 -25.7406673
v -0.710301518 0.000678267563 -26.1304169
v -0.648658931 -0.0688028708 -26.0769653
v -0.773236334 0.0583251491 -26.1829071
v -0.845082104 0.116294868 -26.2251778
v -0.921713769 0.168707132 -26.2704201
v -0.992184758 0.205884948 -26.3299637
v -1.07124865 0.240647629 -26.4026947
v -1.17991829 0.298175603 -26.4556866
v -1.4830935 0.398484737 -26.7191696
v -2.02202964 0.443399727 -26.8581581
v -2.10061359 0.444742113 -26.8242531
v -2.16652703 0.450728834 -26.7810593
v -2.31041598 0.370821834 -26.7035656
v -2.34353566 0.435816944 -26.6268044
v -2.43954158 0.261205554 -26.5772247
v -2.38555884 0.274493188 -26.6712208
v -2.6336925 0.154399127 -26.1745663
v -2.70499372 0.0425738022 -26.0168419
v -2.78218246 -0.0415135771 -25.8007889
v -2.81994534 -0.132920504 -25.7216549
v -2.85148859 -0.173392534 -25.6237946
v -2.87976599 -0.258083284 -25.5653324
v -2.89884925 -0.291094422 -25.4845982
v -2.9133687 -0.358335435 -25.4555798
v -2.74604154 -0.619386971 -24.9440994
v -2.69307065 -0.709764779 -24.91535
v -2.61788344 -0.719237745 -24.858366
v -2.55273533 -0.725912631 -24.8171654
v -2.50149798 -0.782749116 -24.8052158
v -2.43820453 -0.865410864 -24.8017998
v -2.52618694 -0.874786198 -24.8482437
v -2.35433769 -0.854282141 -24.7657452
v -2.27718091 -0.837470651 -24.7374001
v -2.22398067 -0.891216099 -24.7446098
v -2.15234733 -0.85628897 -24.7205467
v -2.07514882 -0.898522079 -24.7289028
v -2.0089283 -0.846370757 -24.7078018
v -1.93365371 -0.885240972 -24.724371
v -1.85839927 -0.837621331 -24.7133884
v -1.78021979 -0.871726513 -24.7376175
v -1.71417558 -0.817051947 -24.730402
v -1.63770819 -0.844183326 -24.759779
v -1.57020473 -0.789506793 -24.7601357
v -1.48783362 -0.829325795 -24.8046436
v -1.42312145 -0.769646227 -24.8098717
v -1.35434687 -0.79107368 -24.8501854
v -1.29069853 -0.731368721 -24.8626804
v -1.22037673 -0.749288917 -24.9103909
v -1.15932584 -0.687642753 -24.9290733
v -1.08420026 -0.707302272 -24.9896679
v -1.03288794 -0.636917651 -25.0069771
v -0.963688612 -0.65070653 -25.0704746
v -0.776838005 -0.604619563 -25.250124
v -0.839327753 -0.612676919 -25.1808949
v -0.682027996 -0.544595182 -25.3631382
v -0.639542937 -0.559780061 -25.4349937
v -0.598005533 -0.436643749 -25.5011539
v -0.537947178 -0.407378912 -25.6744823
v -0.562624693 -0.431806654 -25.5898857
v -0.550286591 -0.257000297 -25.7970505
v -0.508350134 -0.360385448 -25.8593788
v -0.534771979 -0.267194539 -25.9208298
v -0.557419837 -0.211230293 -25.9828434
v -0.595285296 -0.143719494 -26.0174541
v -0.649369657 -0.0794864595 -26.1878128
v -0.59849304 -0.142807782 -26.1226635
v -0.717473626 -0.00901380647 -26.2399292
v -0.788845122 0.0519557372 -26.2894745
v -0.863281429 0.106853083 -26.3312988
v -0.928189158 0.150740042 -26.3589325
v -0.984228551 0.172903702 -26.4311333
v -1.04115045 0.196376219 -26.4906063
v -1.11846364 0.239321545 -26.5194702
v -1.21756053 0.288807839 -26.571125
v -1.31165731 0.328093946 -26.6379356
v -1.39516461 0.355927229 -26.7048244
v -1.74792457 0.437028706 -26.859005
v -1.94917822 0.435457051 -26.8850727
v -2.17901206 0.385316133 -26.8312016
v -2.2322762 0.421680629 -26.7509212
v -2.27266645 0.475244462 -26.6839275
v -2.60314035 0.136816993 -26.2688274
v -2.63679767 0.0759144351 -26.2132034
v -2.66525316 0.0714277327 -26.1277161
v -2.7503469 -0.0487480015 -25.9201279
v -2.78884077 -0.152187556 -25.8631821
v -2.85193157 -0.242473066 -25.6852741
v -2.90025568 -0.338415682 -25.5377846
v -2.91744757 -0.408808976 -25.5152531
v -2.82610559 -0.609499276 -25.0401306
v -2.77255368 -0.7103194 -24.9935474
v -2.83562779 -0.711277246 -25.0721989
v -2.87206817 -0.643821299 -25.1196213
v -2.72810936 -0.795251846 -24.9698544
v -2.65162492 -0.797283411 -24.9057388
v -2.57367253 -0.794841945 -24.8507042
v -2.46642017 -0.952186108 -24.8450317
v -2.54598594 -0.965725005 -24.8907719
v -2.38093305 -0.939757645 -24.8054047
v -2.30053234 -0.923198044 -24.7740288
v -2.31327176 -1.01989841 -24.8144608
v -2.22537851 -0.983441472 -24.7796593
v -2.15090394 -0.944500208 -24.7530251
v -2.07553267 -0.987055004 -24.7631454
v -2.00733161 -0.942881048 -24.7440567
v -1.92304444 -0.986062467 -24.7645798
v -1.85469759 -0.931210697 -24.7494392
v -1.77847147 -0.964137793 -24.7742653
v -1.70563245 -0.907770038 -24.7668705
v -1.63328791 -0.941872835 -24.7991753
v -1.56447041 -0.883270144 -24.7973919
v -1.47988021 -0.912841976 -24.8401146
v -1.42148089 -0.854333341 -24.8420467
v -1.34576869 -0.878050625 -24.8872395
v -1.28020847 -0.817477107 -24.8994598
v -1.21144605 -0.837753475 -24.9480057
v -1.1479224 -0.775351048 -24.9670982
v -1.07999408 -0.793282986 -25.0227375
v -1.01850235 -0.724995017 -25.047718
v -0.957043111 -0.749286532 -25.1090584
v -0.9045102 -0.678857386 -25.1347275
v -0.849290729 -0.708685279 -25.2002296
v -0.804439723 -0.666739225 -25.2361145
v -0.76426214 -0.673813939 -25.2857056
v -0.723175406 -0.611854911 -25.3207817
v -0.671997726 -0.650295794 -25.4034519
v -0.609917462 -0.6149894 -25.4971504
v -0.608834505 -0.515785575 -25.4842663
v -0.575203478 -0.517523408 -25.5550671
v -0.535384357 -0.505057752 -25.6540127
v -0.507130563 -0.447608799 -25.7654114
v -0.596780062 -0.15028581 -26.2420158
v -0.557644367 -0.204880044 -26.1571789
v -0.655880988 -0.0825265273 -26.2951241
v -0.730644763 -0.012799182 -26.3514805
v -0.807240427 0.0445036702 -26.4109859
v -0.902883828 0.115391716 -26.4274139
v -0.968236864 0.137118399 -26.5371094
v -1.14659238 0.232751995 -26.6241341
v -1.06561244 0.187697664 -26.5990829
v -1.33112645 0.308318317 -26.7632465
v -1.22160053 0.261968881 -26.704237
v -1.54497969 0.390956551 -26.8138714
v -1.56785059 0.441166461 -26.7245579
v -1.65846062 0.401549697 -26.8847332
v -1.91658068 0.400768787 -26.9432831
v -2.09025311 0.39145577 -26.8892422
v -2.00318503 0.396536618 -26.9264355
v -2.49230576 0.180576593 -26.5298252
v -2.4791739 0.267044574 -26.491045
v -2.52749729 0.218091398 -26.4136448
v -2.57048941 0.194962978 -26.3212337
v -2.57466197 0.120048165 -26.362339
v -2.54270101 0.114025503 -26.4633789
v -2.61821103 0.0534500964 -26.2930641
v -2.66404343 -0.0148574812 -26.2107277
v -2.72233081 -0.059168268 -26.0363522
v -2.69308853 -0.015389909 -26.103056
v -2.7589457 -0.132269174 -25.9676437
v -2.82753372 -0.238107204 -25.7921448
v -2.88342261 -0.334374785 -25.6383171
v -2.90951324 -0.413544714 -25.5975952
v -2.88602304 -0.720443964 -25.1539249
v -2.85435605 -0.795410752 -25.1145992
v -2.90945554 -0.64276588 -25.1986599
v -2.79688168 -0.802625954 -25.0428524
v -2.75685358 -0.883980453 -25.0219536
v -2.68155599 -0.885294437 -24.9557228
v -2.60346031 -0.879285932 -24.8966503
v -2.49128056 -1.03627372 -24.8882427
v -2.5694325 -1.05520761 -24.9372234
v -2.40864611 -1.02481425 -24.8479195
v -2.3653264 -1.08258212 -24.8556061
v -2.22277546 -1.0730896 -24.8154831
v -2.14740133 -1.03684771 -24.789299
v -2.06871939 -1.07971036 -24.8014412
v -2.00533223 -1.02784967 -24.7784348
v -1.9970113 -1.11647868 -24.8168259
v -1.84546912 -1.02760363 -24.7901287
v -1.84354889 -1.10885811 -24.8258324
v -1.92048848 -1.0671289 -24.7990704
v -1.69868207 -1.00034297 -24.8062134
v -1.68797469 -1.08943176 -24.8474178
v -1.76991332 -1.05193818 -24.8129234
v -1.55366039 -0.975685477 -24.8382931
v -1.54455972 -1.05588484 -24.8756714
v -1.6161356 -1.0247072 -24.8388901
v -1.4083581 -0.944390476 -24.8834572
v -1.47684038 -0.994078934 -24.8746052
v -1.33078551 -0.96758467 -24.9306755
v -1.26497972 -0.903338969 -24.9409809
v -1.19702685 -0.928944051 -24.9923038
v -1.13836086 -0.862731576 -25.0058613
v -1.0742743 -0.88547945 -25.0612011
v -1.01406217 -0.815577328 -25.0832043
v -0.951815307 -0.833158076 -25.1433582
v -0.90240854 -0.772107065 -25.1678905
v -0.849505603 -0.789489925 -25.2270241
v -0.803555071 -0.73588264 -25.258934
v -0.755617678 -0.745383501 -25.3184166
v -0.722996891 -0.686412036 -25.3418827
v -0.240750283 -1.56908226 -26.6584816
v -0.222614467 -1.49450815 -26.6784573
v -0.23944591 -1.60436857 -26.7372227
v -0.636937678 -0.73381871 -25.4785976
v -0.547270417 -0.618876636 -25.6216908
v -0.504816055 -0.566436291 -25.7273769
v -0.475809216 -0.453594059 -25.8957901
v -0.525575042 -0.25233382 -26.2332554
v -0.517588317 -0.274249524 -26.126852
v -0.671542227 -0.0775435567 -26.4136162
v -0.734048069 -0.0247384049 -26.458601
v -0.792420149 0.0156125547 -26.512455
v -0.864981174 0.0693902969 -26.5164032
v -1.8174268 0.402403593 -26.9421215
v -1.72904515 0.39732343 -26.930582
v -2.26229763 0.350973904 -26.7812691
v -2.2536931 0.307760596 -26.8509274
v -2.16813493 0.326002479 -26.9304104
v -2.31925392 0.291539669 -26.771122
v -2.7039957 -0.0832275152 -26.1415253
v -2.78448844 -0.213181481 -25.9661865
v -2.81210136 -0.251402944 -25.8868637
v -2.86193347 -0.328612745 -25.7494087
v -2.89364505 -0.405235708 -25.696928
v -2.92512751 -0.49053064 -25.6487846
v -2.9612236 -0.648037314 -25.4029217
v -2.93918109 -0.63958323 -25.2907887
v -2.9602747 -0.740836024 -25.3395576
v -2.92921209 -0.723825574 -25.2468872
v -2.90447092 -0.802005231 -25.196558
v -2.87060118 -0.879270315 -25.1539326
v -2.82212377 -0.882353127 -25.0916595
v -2.7839179 -0.969613969 -25.0736008
v -2.71362519 -0.988447189 -25.0149174
v -2.63186526 -0.970884442 -24.9466
v -2.50181508 -1.11819279 -24.9258251
v -2.58144689 -1.13925552 -24.9771595
v -2.43020034 -1.093853 -24.8839302
v -2.36347318 -1.15501273 -24.8858223
v -2.2941432 -1.1163429 -24.8492489
v -2.29656363 -1.20195687 -24.8877983
v -2.14739871 -1.12513769 -24.8270683
v -2.14008713 -1.20991647 -24.8648357
v -2.21990633 -1.16353703 -24.8544197
v -1.9835254 -1.21118474 -24.860693
v -2.06870341 -1.16856146 -24.8409557
v -1.83322453 -1.19931006 -24.869112
v -1.91514027 -1.16156769 -24.8417492
v -1.67341125 -1.17997813 -24.8928337
v -1.76229739 -1.15052533 -24.8585434
v -1.52907062 -1.14369178 -24.9208717
v -1.61253035 -1.11460376 -24.8796806
v -1.40197706 -1.02644837 -24.9207096
v -1.38786399 -1.11483026 -24.9662895
v -1.46775818 -1.08436096 -24.9174805
v -1.25716054 -0.983457088 -24.977953
v -1.25197065 -1.07074249 -25.018013
v -1.32180369 -1.05580044 -24.9728394
v -1.13219583 -0.944835961 -25.0421066
v -1.12060487 -1.03536439 -25.0872974
v -1.19251311 -1.00935888 -25.0280514
v -1.00630701 -0.899423003 -25.1207848
v -0.999399543 -0.9779585 -25.1570835
v -1.06552458 -0.968179822 -25.1001415
v -0.89252317 -0.857602298 -25.2077789
v -0.949825585 -0.919817626 -25.1773739
v -0.836901605 -0.873142779 -25.2699013
v -0.796108663 -0.808942974 -25.2917976
v -0.744802058 -0.816734791 -25.3549805
v -0.703874409 -0.750235915 -25.386425
v -0.688555181 -0.825379789 -25.4302292
v -0.579935551 -0.704699397 -25.5678272
v -0.508754671 -0.652838051 -25.7095642
v -0.532617092 -0.71458596 -25.6608028
v -0.477384239 -0.546187222 -25.817667
v -0.481766194 -0.352349728 -26.0896225
v -0.455054849 -0.427443981 -26.0592918
v -0.483289242 -0.381248325 -25.9812984
v -0.476022601 -0.34392494 -26.1883221
v -0.611973643 -0.136991873 -26.3616657
v -0.557517529 -0.203260541 -26.3159561
v -0.911392808 0.0839087963 -26.62677
v -0.819112897 0.0238498319 -26.5958138
v -1.10392976 0.194650739 -26.7176685
v -1.00047696 0.137383938 -26.6615791
v -1.3713969 0.308409512 -26.8747387
v -1.27070248 0.270016462 -26.8413696
v -1.57522404 0.366759092 -26.919529
v -1.51613462 0.342822582 -26.9583225
v -1.87593853 0.37190029 -27.0126038
v -2.07143855 0.356109619 -26.9587345
v -1.98833752 0.355832636 -27.0130329
v -2.39561391 0.208109021 -26.7480202
v -2.45209718 0.141285211 -26.7370014
v -2.44989419 0.176573798 -26.652317
v -2.69154668 -0.104428969 -26.2391472
v -2.75058031 -0.167281345 -26.0611801
v -2.84140921 -0.321794897 -25.8534126
v -2.87946749 -0.405456185 -25.7959652
v -2.91575265 -0.493542135 -25.7547817
v -2.98396707 -0.754756272 -25.44133
v -2.97349858 -0.830755174 -25.3586521
v -2.94238019 -0.804857194 -25.2763233
v -2.92026353 -0.88359344 -25.2338371
v -2.84581089 -0.961572826 -25.1398754
v -2.80986404 -1.04258668 -25.1219692
v -2.89273787 -0.964860082 -25.2026463
v -2.75758386 -1.03992891 -25.0702095
v -2.71117783 -1.08610177 -25.0463333
v -2.64810729 -1.0610615 -24.9899654
v -2.51990676 -1.19760025 -24.9682713
v -2.54056311 -1.27892375 -25.0148239
v -2.5933218 -1.21840358 -25.0171738
v -2.43813825 -1.18566597 -24.9262123
v -2.44545174 -1.27693665 -24.9704189
v -2.29073143 -1.29639518 -24.9307594
v -2.36218977 -1.24694455 -24.9268036
v -2.12772274 -1.30585372 -24.9100246
v -2.21470642 -1.25762105 -24.8970947
v -1.97550976 -1.30125332 -24.9050846
v -2.05940819 -1.2607106 -24.8841438
v -1.82800961 -1.28950703 -24.9141293
v -1.90101266 -1.25298798 -24.88657
v -1.67284 -1.27626693 -24.9400005
v -1.75345075 -1.23612034 -24.901125
v -1.52096343 -1.2347126 -24.9672966
v -1.59961915 -1.21471047 -24.930727
v -1.38014054 -1.20717871 -25.0131111
v -1.45359683 -1.17588937 -24.9654388
v -1.24531496 -1.15873241 -25.0615311
v -1.31329191 -1.14071012 -25.0153446
v -1.11311054 -1.10820305 -25.1241188
v -1.17830265 -1.09035742 -25.0719624
v -0.994817674 -1.06380582 -25.1963043
v -1.06102359 -1.05007946 -25.1373806
v -0.889532626 -0.935073376 -25.2395573
v -0.882563889 -1.01021636 -25.2756767
v -0.940301299 -0.993906856 -25.214962
v -0.788539171 -0.883361757 -25.3262653
v -0.775081933 -0.956261694 -25.3678989
v -0.82994777 -0.944614887 -25.3034992
v -0.669145525 -0.925923109 -25.4889755
v -0.730240405 -0.894574165 -25.3990021
v -0.63755697 -0.830331802 -25.5040054
v -0.558867753 -0.792424321 -25.6234131
v -0.600808799 -0.783386528 -25.548872
v -0.493771106 -0.727869391 -25.7457218
v -0.445729196 -0.56826514 -25.9183006
v -0.445933104 -0.491513669 -25.9934349
v -0.473894715 -0.331576645 -26.2898216
v -0.553996563 -0.207062006 -26.4099102
v -0.512051105 -0.265435278 -26.348074
v -0.614187539 -0.140081599 -26.4757671
v -0.68344152 -0.0744647235 -26.4992619
v -0.661646664 -0.0995663851 -26.5758667
v -0.731534004 -0.0397815108 -26.5684624
v -1.66620052 0.37216872 -26.9713364
v -1.77890968 0.375208318 -27.0032978
v -2.33636951 0.236660138 -26.8419666
v -2.52021217 0.0912278965 -26.5788345
v -2.73370743 -0.177496433 -26.1818619
v -2.77510357 -0.2509408 -26.1249142
v -2.78769994 -0.253909677 -26.0366821
v -2.82044482 -0.309878558 -25.9631786
v -2.86307836 -0.399954259 -25.9107246
v -2.90353823 -0.486709774 -25.8629189
v -2.93796277 -0.562205076 -25.8082142
v -3.00930882 -0.872865319 -25.4712753
v -2.98737001 -0.937822223 -25.377882
v -2.95660853 -0.882128 -25.3074265
v -2.94351435 -0.960658729 -25.2838993
v -2.91193581 -1.04530215 -25.2465553
v -2.86053967 -1.04096258 -25.1782398
v -2.81861138 -1.12040186 -25.1552315
v -2.76750112 -1.10451043 -25.1008282
v -2.71807289 -1.16488874 -25.0807724
v -2.65481544 -1.15339315 -25.0296402
v -2.55072737 -1.35570407 -25.0557003
v -2.60609221 -1.29329133 -25.0575752
v -2.42500854 -1.37613904 -25.0103359
v -2.48473287 -1.33912349 -25.0163002
v -2.28387475 -1.3785038 -24.9702148
v -2.35866213 -1.33914471 -24.9698334
v -2.13120651 -1.39300108 -24.9549847
v -2.20534301 -1.3405658 -24.936388
v -1.97175419 -1.39374483 -24.9531918
v -2.04822373 -1.34848475 -24.9279556
v -1.81334722 -1.3779912 -24.962328
v -1.8918283 -1.34339237 -24.9332142
v -1.65946102 -1.36450434 -24.9891186
v -1.74098754 -1.32447433 -24.9482059
v -1.50974596 -1.33135641 -25.0202599
v -1.58996391 -1.2995193 -24.975975
v -1.36938798 -1.2910974 -25.0595932
v -1.44352162 -1.2625308 -25.0117474
v -1.23276365 -1.24415016 -25.1094971
v -1.3106606 -1.23040497 -25.0591431
v -1.10271931 -1.19833386 -25.1725655
v -1.16861522 -1.17911839 -25.1184978
v -0.982639015 -1.1423229 -25.2406445
v -1.04536366 -1.1325053 -25.1853333
v -0.875853837 -1.0861429 -25.3134136
v -0.934706211 -1.07847035 -25.2548656
v -0.767022073 -1.03330445 -25.4065895
v -0.822634578 -1.02128386 -25.3408566
v -0.711873889 -1.0237242 -25.4684849
v -0.729003847 -0.967626631 -25.4264736
v -0.598013937 -0.873957336 -25.5774479
v -0.476799995 -0.79948473 -25.7880821
v -0.516521871 -0.794494331 -25.7042866
v -0.481663376 -0.636895776 -25.7790604
v -0.453202456 -0.627994001 -25.8631783
v -0.422243118 -0.673178792 -25.9438877
v -0.425328821 -0.503371358 -26.0818024
v -0.444314271 -0.42456916 -26.1410141
v -0.438936561 -0.408747882 -26.2357807
v -0.499364048 -0.276347727 -26.4472275
v -0.444270581 -0.352611452 -26.4782124
v -0.462533265 -0.337915093 -26.3806572
v -0.5425632 -0.218887985 -26.5084782
v -0.771370232 -0.0170116778 -26.6729107
v -0.852891564 0.0396306552 -26.700592
v -1.40726578 0.312503666 -26.9552383
v -1.31974208 0.284712642 -26.9402161
v -1.85753524 2.62731481 -25.6756649
v -1.9386189 2.63531685 -25.6721611
v -2.09878755 0.321782738 -27.0176105
v -2.50853181 0.0801424608 -26.6855392
v -1.96734083 2.63766646 -25.6707535
v -2.07095766 2.64105082 -25.6639481
v -2.72567677 -0.185471073 -26.2738972
v -2.76488256 -0.250236422 -26.2326946
v -2.80928636 -0.324809909 -26.1773014
v -2.81561184 -0.327054799 -26.0782146
v -2.85712242 -0.405098975 -26.0148792
v -2.89591932 -0.481761038 -25.962183
v -2.93520784 -0.562974989 -25.9109745
v -2.97223425 -0.645159841 -25.8547058
v -3.00174093 -0.728602886 -25.7161388
v -3.0025692 -0.747359157 -25.6214828
v -3.02314949 -0.798846006 -25.6811314
v -2.97705412 -0.65921402 -25.6585407
v -3.00373268 -0.783750415 -25.5366478
v -3.03007221 -0.856020331 -25.600275
v -2.72225475 0.621372759 -26.167057
v -3.02017999 -0.972355604 -25.4620247
v -2.9615624 -1.04282129 -25.3246708
v -2.93104696 -1.12247837 -25.2900295
v -2.87945962 -1.12392592 -25.2234993
v -2.83409286 -1.18566513 -25.1924305
v -2.77882242 -1.17956436 -25.137455
v -2.72558522 -1.24319959 -25.1174831
v -2.66084218 -1.23459041 -25.0668297
v -2.67066693 -1.30896854 -25.1054688
v -2.55115056 -1.43422866 -25.0943356
v -2.61172581 -1.37635851 -25.0990219
v -2.42177463 -1.46213126 -25.0533581
v -2.48704386 -1.41043711 -25.0523815
v -2.28377962 -1.46555233 -25.0160847
v -2.35198712 -1.42086434 -25.0093689
v -2.12266302 -1.48396659 -25.0035973
v -2.20613146 -1.4352783 -24.9858627
v -1.96515739 -1.48212159 -25.0019035
v -2.04659891 -1.43628109 -24.9744644
v -1.80431211 -1.46994793 -25.0140877
v -1.89196169 -1.42594194 -24.9771404
v -1.65074754 -1.44753993 -25.0365105
v -1.72724175 -1.41951001 -25.0017262
v -1.50320065 -1.41124344 -25.0651283
v -1.57848167 -1.39600658 -25.0302868
v -1.359007 -1.37339747 -25.1071281
v -1.43964314 -1.34805834 -25.0570526
v -1.2247299 -1.3266567 -25.1554184
v -1.29609656 -1.31587005 -25.1094456
v -1.09790695 -1.28722572 -25.2187061
v -1.1578325 -1.26460886 -25.1664028
v -0.970316768 -1.21883249 -25.2859249
v -1.03495705 -1.21595311 -25.2316227
v -0.860704422 -1.16673374 -25.3630466
v -0.919612825 -1.15760481 -25.302948
v -0.758110464 -1.1103518 -25.4477863
v -0.817667127 -1.10318398 -25.379549
v -0.658933222 -1.02489746 -25.5374928
v -0.57576263 -0.954100192 -25.6362171
v -0.620224357 -0.964750826 -25.5712585
v -0.542803049 -0.872025132 -25.6699257
v -0.461391777 -0.870846927 -25.8286991
v -0.500737727 -0.871750772 -25.7484779
v -0.451812476 -0.727702856 -25.8471088
v -0.417830199 -0.786775291 -25.9299221
v -0.444345623 -0.807931423 -25.8626537
v -0.416526109 -0.582654119 -26.0225067
v -0.38912183 -0.603662252 -26.1183376
v -0.398845762 -0.516029835 -26.2049313
v -0.404109091 -0.465834111 -26.2995701
v -0.595131934 -0.161682174 -26.5822124
v -0.692652881 -0.0764387995 -26.6637573
v -1.16135311 0.22081311 -26.818903
v -2.07266736 2.64106607 -25.6638222
v -2.08336997 2.64059877 -25.6628399
v -1.73598421 0.358806551 -27.055336
v -1.67715502 0.354577154 -27.0503311
v -2.27353549 0.260319799 -26.9272594
v -2.56822658 0.0341471098 -26.508831
v -2.57536745 0.00172113301 -26.6213741
v -2.59621835 0.0237365905 -26.4126759
v -2.61798215 -0.0455100164 -26.5035915
v -2.74897814 -0.229803622 -26.3365078
v -2.73611975 -0.205521852 -26.4479733
v -2.85282016 -0.401597559 -26.1295567
v -2.89973879 -0.48834607 -26.0715008
v -2.93527293 -0.558261573 -26.0202179
v -2.9742403 -0.639443457 -25.9662018
v -3.03159785 -0.801045299 -25.7664604
v -3.05006957 -0.87285465 -25.7075729
v -3.04014254 -0.950896561 -25.5435143
v -3.06458974 -0.952444792 -25.6531982
v -3.0403657 -1.03959525 -25.4997482
v -3.00818634 -1.03463578 -25.4181404
v -2.98172832 -1.12227857 -25.3686562
v -2.8945682 -1.20518863 -25.2648449
v -2.84405494 -1.27394092 -25.2335739
v -2.95311093 -1.2202599 -25.3430386
v -2.7881279 -1.25335407 -25.1734161
v -2.7971313 -1.34152269 -25.2164326
v -2.7343967 -1.32983124 -25.1604919
v -2.67686629 -1.39375579 -25.1478729
v -2.55399609 -1.51445246 -25.1371136
v -2.62301397 -1.45118177 -25.1418419
v -2.417202 -1.54309976 -25.0956345
v -2.48388052 -1.49654984 -25.0956326
v -2.270504 -1.55469716 -25.0629597
v -2.35433722 -1.51010513 -25.0578613
v -2.11971092 -1.57780695 -25.0570507
v -2.20221496 -1.52308989 -25.0336838
v -1.96041524 -1.57313764 -25.0545998
v -2.04285431 -1.53460383 -25.0294991
v -1.79151726 -1.55812454 -25.0670071
v -1.88239539 -1.52079284 -25.0313931
v -1.63620269 -1.53399467 -25.0896912
v -1.72035468 -1.50486767 -25.050993
v -1.49104095 -1.49901378 -25.118536
v -1.57442915 -1.47601807 -25.0756741
v -1.35282397 -1.45636582 -25.1549969
v -1.42998409 -1.44035077 -25.1106968
v -1.21404243 -1.40811288 -25.2043591
v -1.28430676 -1.39634275 -25.1577835
v -1.08451891 -1.36393166 -25.2669945
v -1.15964711 -1.34753621 -25.2068043
v -0.959886014 -1.29945803 -25.3332844
v -1.02759504 -1.29122937 -25.2734928
v -0.846814454 -1.24531293 -25.4123688
v -0.907173574 -1.23728085 -25.3506527
v -0.747602999 -1.17989099 -25.4891319
v -0.799795806 -1.18082285 -25.4318085
v -0.64821142 -1.10959578 -25.5836811
v -0.698512018 -1.0992583 -25.5144176
v -0.562016368 -1.04412472 -25.6861744
v -0.607798636 -1.03264201 -25.6123524
v -0.522446275 -0.954936802 -25.7265549
v -0.451606005 -0.944616914 -25.8598557
v -0.482842267 -0.931259394 -25.7947712
v -0.39042303 -0.861150742 -25.9952621
v -0.426410735 -0.876738846 -25.9071598
v -0.393677205 -0.764072657 -26.0018349
v -0.529085577 -0.22906217 -26.6123753
v -0.483639598 -0.28945905 -26.5373383
v -0.572939515 -0.17873472 -26.6826096
v -0.628884315 -0.129692495 -26.6534672
v -0.716986239 -0.0528680012 -26.7546177
v -2.77810287 -0.0879443288 -26.8888969
v -2.80332065 -0.148304582 -26.8008251
v -2.87204576 -0.170980796 -26.8522205
v -2.56573629 0.019936366 -26.7495823
v -2.65351391 -0.0927843601 -26.5825043
v -2.67865062 -0.12929292 -26.483345
v -2.72545004 -0.17595832 -26.5534973
v -2.80654693 -0.318587631 -26.2831936
v -2.8572855 -0.400695711 -26.2314568
v -2.90299487 -0.479654223 -26.1798382
v -2.94352865 -0.555274427 -26.1270962
v -2.98752069 -0.643063784 -26.069685
v -3.01674914 -0.711633205 -26.0093727
v -3.07078218 -1.03218317 -25.6012039
v -3.08084583 -0.942135394 -25.7553997
v -3.06507444 -1.11294377 -25.5455799
v -3.02997017 -1.11431086 -25.4611073
v -3.01084709 -1.19663668 -25.4271946
v -2.90214586 -1.28679919 -25.2994022
v -2.90725088 -1.36302233 -25.3311691
v -2.94460344 -1.30521393 -25.3551254
v -2.80756688 -1.42075968 -25.2587223
v -2.85386729 -1.35544157 -25.2738819
v -2.74480295 -1.41132605 -25.2042084
v -2.68513966 -1.47749281 -25.1933632
v -2.55433679 -1.59742105 -25.1822948
v -2.6225574 -1.54127204 -25.1876087
v -2.41458845 -1.626091 -25.1420193
v -2.4866097 -1.57393134 -25.1389389
v -2.26687169 -1.64365017 -25.1144314
v -2.34100914 -1.59377301 -25.1015358
v -2.11600804 -1.66087759 -25.1067219
v -2.19705153 -1.61329138 -25.0853481
v -1.94936919 -1.65840876 -25.1068745
v -2.03462768 -1.62307274 -25.0817337
v -1.78966117 -1.64366937 -25.1187706
v -1.87797141 -1.61196268 -25.0856857
v -1.62255538 -1.61935472 -25.1443291
v -1.70406616 -1.58585632 -25.102169
v -1.4755156 -1.58550239 -25.1748772
v -1.55286729 -1.55750215 -25.1297607
v -1.33550596 -1.54104686 -25.211401
v -1.4163245 -1.52389085 -25.1636028
v -1.20750272 -1.49096262 -25.25354
v -1.27203453 -1.47617722 -25.207983
v -1.07085001 -1.43334699 -25.3133774
v -1.14290631 -1.42499065 -25.2584896
v -0.944073021 -1.37935019 -25.3868408
v -1.01080084 -1.37076962 -25.3266792
v -0.833790541 -1.31768775 -25.4596272
v -0.894569635 -1.30799055 -25.3959885
v -0.733989179 -1.25623381 -25.5384731
v -0.793821931 -1.253968 -25.471035
v -0.645245552 -1.19700289 -25.6225719
v -0.692430735 -1.19084513 -25.5595436
v -0.545370281 -1.13312328 -25.7426376
v -0.601558328 -1.11953723 -25.6526108
v -0.485591471 -0.997347593 -25.8042507
v -0.495641798 -1.09342325 -25.8124371
v -0.519558907 -1.04549289 -25.7566319
v -0.37482962 -0.507516325 -26.3719349
v -0.367625743 -0.553677082 -26.3037605
v -0.408548474 -0.42638275 -26.4099274
v -0.366056085 -0.498399049 -26.4563694
v -0.499872953 -0.248367757 -26.7035427
v -0.631260335 -0.11955075 -26.7442169
v -0.795782804 0.00611499744 -26.7720814
v -0.867742479 0.0585612692 -26.799181
v -0.802308261 0.0359789245 -26.8577232
v -1.49741662 0.327139705 -27.0580788
v -1.57268631 0.34418422 -27.0244884
v -2.28799272 0.239588484 -26.9913006
v -2.20044351 0.284811944 -26.997961
v -2.41985536 0.162831664 -26.8150444
v -2.36477137 0.197995722 -26.9213448
v -2.81179404 -0.303300709 -26.4216557
v -2.86502457 -0.390579134 -26.3381557
v -2.91174388 -0.468244046 -26.2802963
v -3.00387359 -0.632889152 -26.1831264
v -2.95648789 -0.545625329 -26.2332478
v -3.08017516 -0.877057195 -25.8968792
v -3.06302261 -0.873541832 -25.7987785
v -3.09260321 -0.93411392 -25.8347874
v -3.0369947 -0.793149352 -25.853178
v -3.10041714 -1.0431056 -25.7047253
v -3.09341884 -1.10519946 -25.6307888
v -3.11647725 -1.15064204 -25.6752815
v -3.11382008 -1.00545835 -25.8094273
v -3.0891552 -1.17994571 -25.588995
v -3.05425668 -1.19156909 -25.5085087
v -3.03969598 -1.27701735 -25.4853706
v -2.99244666 -1.28060687 -25.4124775
v -2.96342087 -1.36593795 -25.3966904
v -2.9226656 -1.43584394 -25.3744755
v -2.81476641 -1.5061574 -25.3030491
v -2.86420298 -1.43270063 -25.314682
v -2.69528246 -1.55320358 -25.2381115
v -2.75511575 -1.49018109 -25.2485733
v -2.55283237 -1.6801064 -25.2287674
v -2.6273284 -1.61957145 -25.2325153
v -2.41330147 -1.71601367 -25.1954384
v -2.48208761 -1.65860415 -25.1855717
v -2.26250577 -1.73114538 -25.1675301
v -2.34003162 -1.68105865 -25.1531296
v -2.11624551 -1.75421381 -25.1654854
v -2.19217753 -1.69527173 -25.1346588
v -1.94574797 -1.75711226 -25.1696682
v -2.03401542 -1.70962954 -25.1352711
v -1.77196741 -1.7381618 -25.1815968
v -1.8641597 -1.70616293 -25.1457767
v -1.61754704 -1.70745718 -25.2004051
v -1.70494068 -1.67633605 -25.1571789
v -1.47227573 -1.66972828 -25.2272491
v -1.54121447 -1.64727068 -25.1876812
v -1.32396531 -1.62127912 -25.2644768
v -1.40176105 -1.60637558 -25.218441
v -1.18986142 -1.57341492 -25.3113232
v -1.26087165 -1.56150389 -25.2626934
v -1.05966127 -1.51668942 -25.3671875
v -1.13067412 -1.5007478 -25.3080921
v -0.934834123 -1.45020401 -25.4317989
v -0.998455226 -1.44989431 -25.3780346
v -0.826536179 -1.39314091 -25.5041771
v -0.880443096 -1.38281834 -25.4463463
v -0.724475801 -1.32979071 -25.5834484
v -0.777065992 -1.32614493 -25.5228844
v -0.636937559 -1.26703191 -25.6632423
v -0.682742894 -1.26483464 -25.6036396
v -0.552101672 -1.21776474 -25.7634315
v -0.594408989 -1.20434105 -25.6956139
v -0.449597299 -1.03294587 -25.8814812
v -0.371500403 -0.965314865 -26.0417061
v -0.411925495 -0.961400926 -25.9473248
v -0.359493166 -0.794140875 -26.0977154
v -0.356794983 -0.699151099 -26.1605263
v -0.387479037 -0.68964678 -26.0531254
v -0.360601604 -0.621208012 -26.2263699
v -0.337775826 -0.63665092 -26.313755
v -0.393384308 -0.428257167 -26.5206604
v -0.475002468 -0.289806247 -26.6269951
v -0.427724957 -0.358438581 -26.5926189
v -0.66948539 -0.0626148283 -26.832695
v -0.886961758 0.096221976 -26.8922348
v -0.963496506 0.122396708 -26.8394413
v -0.990377665 0.172148988 -26.9903412
v -0.897019207 0.134862974 -26.9888039
v -0.954696298 0.136463657 -26.9155617
v -1.60290039 0.353907019 -26.9973164
v -2.23213077 0.259235293 -27.0774136
v -2.15609217 0.291966468 -27.0533142
v -2.41704917 0.164280847 -26.9729862
v -2.46611547 0.124692939 -26.8998833
v -3.11810637 -0.655030906 -26.4245892
v -3.191957 -0.67754066 -26.5136547
v -3.10789847 -0.585809231 -26.509388
v -2.64043999 -0.0568499342 -26.7056866
v -2.62766027 -0.0175034124 -26.8077927
v -2.71102238 -0.13195847 -26.6645012
v -2.79077387 -0.250515163 -26.530035
v -3.12037516 -0.971606076 -25.8948097
v -3.12722993 -0.94123894 -25.9776154
v -3.14566994 -1.04925334 -25.874157
v -3.13948536 -1.14039028 -25.753746
v -3.11565495 -1.24072063 -25.6378231
v -2.58220291 -2.6550622 -26.0180817
v -2.65343714 -2.68338203 -26.0899658
v -2.66009474 -2.60863328 -26.0025883
v -3.080724 -1.26686573 -25.559391
v -3.05975938 -1.34772861 -25.5274811
v -3.01650739 -1.35282302 -25.463171
v -2.9804163 -1.4390837 -25.4406662
v -2.93545485 -1.51786304 -25.4201107
v -2.82664514 -1.58956981 -25.352562
v -2.87625384 -1.52154231 -25.3639145
v -2.70079207 -1.63598347 -25.2854614
v -2.76083684 -1.56618953 -25.2900581
v -2.55633473 -1.76627982 -25.2820511
v -2.62523532 -1.69874656 -25.2761841
v -2.40022039 -1.80792046 -25.2493153
v -2.48612475 -1.74539936 -25.2393627
v -2.2668345 -1.80508113 -25.2158298
v -2.33530617 -1.76188791 -25.2022705
v -2.10959029 -1.84677994 -25.2262383
v -2.19594264 -1.792925 -25.1974564
v -1.93613124 -1.84815335 -25.2308865
v -2.02887726 -1.79994893 -25.1937828
v -1.76354825 -1.82313883 -25.2390976
v -1.84875822 -1.79944313 -25.2084198
v -1.60269523 -1.79459202 -25.2612038
v -1.69072771 -1.77036786 -25.2207298
v -1.45044696 -1.74596953 -25.2841187
v -1.52632833 -1.73265553 -25.2464428
v -1.31326056 -1.69804347 -25.3169346
v -1.39028323 -1.69170308 -25.2757816
v -1.1821456 -1.65402555 -25.3639851
v -1.25519693 -1.6360327 -25.3100014
v -1.04971623 -1.59695649 -25.4204044
v -1.12301517 -1.58081436 -25.3588619
v -0.924787939 -1.53263164 -25.4854012
v -0.993226767 -1.52979553 -25.4259682
v -0.81383878 -1.46696019 -25.5550785
v -0.871474206 -1.46209633 -25.4958916
v -0.7144292 -1.39944232 -25.6287174
v -0.766049266 -1.39645314 -25.5691986
v -0.632874846 -1.33035004 -25.6967201
v -0.675144196 -1.32931781 -25.642313
v -0.542530954 -1.30010509 -25.8110237
v -0.593958855 -1.28149033 -25.7280998
v -0.404668123 -1.06437778 -25.9793262
v -0.356488466 -0.894630611 -26.0830364
v -0.330038041 -0.872453392 -26.1654758
v -0.326712668 -0.792793989 -26.2096996
v -0.329865247 -0.703980625 -26.2663879
v -0.3364999 -0.587170243 -26.4092407
v -0.740879893 -0.0167923365 -26.825346
v -1.83808756 0.357650846 -27.0684185
v -2.49174285 0.0941601619 -26.7951832
v -2.54688931 0.0548150018 -26.8476353
v -2.71725249 -0.0964037776 -26.7753067
v -2.87928152 -0.378228098 -26.4354267
v -2.86705613 -0.331792235 -26.5205517
v -3.09306479 -0.787023902 -26.1496315
v -3.11409068 -0.760457098 -26.2528591
v -3.0619545 -0.71705848 -26.1916428
v -3.16623139 -1.13417339 -25.8451176
v -3.18525767 -1.10577524 -25.9359589
v -3.13282895 -1.07497287 -25.7938671
v -3.14924407 -1.22774065 -25.7270756
v -3.1437993 -1.32393956 -25.683897
v -3.18063045 -1.21869445 -25.8176651
v -3.10709238 -1.3396045 -25.6091328
v -3.08850455 -1.42566431 -25.5847378
v -3.03332448 -1.44110024 -25.5085697
v -2.99814177 -1.52433157 -25.4910469
v -2.94803119 -1.60798979 -25.4712601
v -2.82638097 -1.66924357 -25.3925743
v -2.88945222 -1.59871829 -25.411129
v -2.69423223 -1.71856666 -25.3274555
v -2.76113105 -1.65718675 -25.3375092
v -2.62354374 -1.78388405 -25.3259315
v -2.48668623 -1.8294282 -25.2925606
v -2.31440258 -1.8556143 -25.2586441
v -2.212533 -1.87799656 -25.2563457
v -2.01959372 -1.89810634 -25.2604828
v -1.74513113 -1.9213208 -25.3101864
v -1.83844733 -1.89167047 -25.2724323
v -1.59788787 -1.88585401 -25.3241158
v -1.67387915 -1.85420585 -25.2808475
v -1.42604697 -1.82776415 -25.3478012
v -1.5166806 -1.81485081 -25.3034782
v -1.29185617 -1.77179289 -25.3748646
v -1.36843705 -1.76112759 -25.3298931
v -1.17743242 -1.71131074 -25.4021358
v -1.23858583 -1.71015477 -25.3649235
v -1.04639077 -1.69460821 -25.4812737
v -1.11213982 -1.66285837 -25.4149723
v -0.914629757 -1.60735619 -25.536747
v -0.963514447 -1.67056489 -25.5319901
v -0.97811383 -1.6084398 -25.48316
v -0.800644279 -1.53224242 -25.603548
v -0.860550702 -1.53230202 -25.5442047
v -0.701079667 -1.47804034 -25.6839561
v -0.760002196 -1.48053372 -25.6188087
v -0.598877251 -1.37873256 -25.7644863
v -0.659334838 -1.39856923 -25.694767
v -0.507291555 -1.1912626 -25.8248329
v -0.466776431 -1.24947345 -25.9142132
v -0.454223096 -1.13373542 -25.8990364
v -0.335577428 -0.96009624 -26.1347046
v -0.30165869 -0.788261712 -26.3091888
v -0.305455834 -0.869705439 -26.2476406
v -0.436148018 -0.327014208 -26.685833
v -0.543256104 -0.183870941 -26.7784901
v -1.91081405 0.352092028 -27.064394
v -2.00432849 0.336643398 -27.0610943
v -2.08280277 0.317611873 -27.052084
v -2.35736942 0.200874776 -27.0172653
v -2.77813888 -0.20775041 -26.6202049
v -2.78324652 -0.174478471 -26.7123795
v -2.84495902 -0.275766104 -26.6024475
v -3.13350081 -0.909407318 -26.0567799
v -3.16936159 -0.991599858 -26.0391045
v -3.20470285 -1.19282484 -25.9046459
v -3.20197797 -1.07739389 -26.0192909
v -3.15808392 -1.02045047 -25.9600391
v -3.18493867 -1.30192351 -25.7840157
v -3.17926121 -1.39728475 -25.746067
v -3.22460699 -1.29887104 -25.8810635
v -3.13698363 -1.40742886 -25.6647186
v -3.11422944 -1.49779975 -25.6372013
v -3.05949354 -1.51185024 -25.563446
v -3.07641482 -1.59419537 -25.6104374
v -3.13915563 -1.58222449 -25.6914749
v -2.96490407 -1.69859302 -25.5287991
v -3.01664805 -1.60431886 -25.5424423
v -2.83183742 -1.76103055 -25.4460983
v -2.89833117 -1.68168068 -25.4589615
v -2.76399827 -1.74739778 -25.3892822
v -2.51840758 -1.91662288 -25.3623676
v -2.56441045 -1.83667529 -25.3297939
v -2.60163307 -1.97306025 -25.4370213
v -2.61489391 -1.87561357 -25.3789921
v -2.32145214 -2.00447106 -25.3634357
v -2.39070129 -1.90939784 -25.3139324
v -2.2921443 -1.92830229 -25.3036442
v -2.41981053 -2.0104475 -25.3929024
v -2.20472956 -1.9947542 -25.3372383
v -2.11368299 -1.93440962 -25.286829
v -2.01451373 -1.98691785 -25.3234711
v -1.92301607 -1.93748403 -25.2939243
v -1.83344841 -1.97958267 -25.3352165
v -1.66725755 -1.90837991 -25.3197842
v -1.48194885 -1.90074575 -25.3745956
v -1.35184824 -1.8288331 -25.3820705
v -1.2146709 -1.78147113 -25.4241352
v -1.12353718 -1.74836922 -25.4602318
v -0.756338775 -1.57772589 -25.6752968
v -0.835847974 -1.60562456 -25.6092415
v -0.547613025 -1.40520775 -25.8493366
v -0.455899626 -1.35202348 -25.9718361
v -0.501250148 -1.34825397 -25.8952961
v -0.350188434 -1.05384851 -26.0998802
v -0.282091111 -0.792959929 -26.3905048
v -0.279852062 -0.869380116 -26.3435268
v -0.30374831 -0.708322644 -26.3806705
v -0.32610634 -0.568947434 -26.5158978
v -0.296118557 -0.66618669 -26.487011
v -0.381645501 -0.430394828 -26.598175
v -0.355511755 -0.491620213 -26.5521717
v -1.59705043 0.341969252 -27.0766621
v -2.92674732 -0.39901489 -26.5061111
v -2.98365784 -0.461868405 -26.497406
v -2.98652744 -0.422264338 -26.5733738
v -2.92336178 -0.349335849 -26.5984402
v -3.06032968 -0.629652619 -26.3518848
v -3.06496024 -0.590691507 -26.4275913
v -3.00919151 -0.552334905 -26.3793602
v -3.17728281 -0.950265408 -26.1208706
v -3.20997906 -1.02439797 -26.1061058
v -3.22776175 -1.15851593 -25.9993916
v -3.24924302 -1.11714041 -26.0950298
v -3.2480545 -1.24895549 -25.9711246
v -3.21825957 -1.38495874 -25.8301926
v -3.20694447 -1.47456419 -25.7916279
v -3.25016975 -1.38342369 -25.899044
v -3.16210771 -1.49306607 -25.712841
v -3.10200977 -1.67441535 -25.6694927
v -3.0315311 -1.68713856 -25.5925407
v -2.90651035 -1.77630329 -25.5148163
v -2.69495249 -1.81546402 -25.3851452
v -2.5444026 -2.07799816 -25.4855194
v -2.50609446 -2.01175761 -25.4230709
v -2.63925123 -2.069453 -25.5222664
v -2.34932923 -2.08881879 -25.4314327
v -2.44969726 -2.09329915 -25.4623699
v -2.24746823 -2.07971501 -25.4052811
v -2.10190153 -2.03158188 -25.3562431
v -2.16801286 -2.07723999 -25.3941212
v -2.01183391 -2.069139 -25.3839836
v -1.92459774 -2.03485775 -25.3640652
v -1.8363173 -2.07240915 -25.402874
v -1.74301755 -2.01736021 -25.3792877
v -1.4954282 -1.9925195 -25.4340324
v -1.56361055 -1.9531424 -25.3819675
v -1.41921985 -1.95111954 -25.4351673
v -1.32857251 -1.90115452 -25.4422493
v -1.40222585 -1.88163221 -25.3944302
v -1.2391901 -1.8739388 -25.471096
v -1.2826463 -1.83173883 -25.4189854
v -1.15968573 -1.83795404 -25.494688
v -1.06770039 -1.78867126 -25.5247593
v -0.818894148 -1.6754092 -25.6666355
v -0.898570955 -1.69559479 -25.6033325
v -0.686233521 -1.53171527 -25.7296028
v -0.644185483 -1.46850133 -25.748333
v -0.404557258 -1.26533008 -26.0331821
v -0.281201571 -0.981431663 -26.2964458
v -0.310283244 -0.946731687 -26.2097702
v -0.324832052 -0.544243336 -26.5943813
v -0.297156006 -0.61771071 -26.584156
v -0.443132341 -0.294487923 -26.7596035
v -0.395153254 -0.358637512 -26.7602196
v -0.468817949 -0.240138531 -26.813673
v -0.592339218 -0.109207332 -26.8492832
v -0.501856446 -0.153531268 -26.8967056
v -2.48619366 0.127520472 -26.9968987
v -2.53759646 0.0842953324 -26.9405975
v -2.62704229 0.0237894133 -26.9245758
v -2.94805789 -0.470834643 -26.3984299
v -2.98979163 -0.365535855 -26.6734085
v -3.02555346 -0.527167439 -26.4598503
v -3.04467273 -0.497024745 -26.5440083
v -3.17137337 -0.7332111 -26.4075871
v -3.1136322 -0.7029109 -26.3433533
v -3.15829992 -0.768891156 -26.3344059
v -3.21754146 -0.982926607 -26.1752243
v -3.25379252 -1.04881966 -26.1779728
v -3.27288055 -1.21532869 -26.0569401
v -3.29217339 -1.18901312 -26.1216183
v -3.29500055 -1.30364668 -26.0390759
v -3.26951599 -1.34456897 -25.9591637
v -3.27666354 -1.42785907 -25.9380112
v -3.24466181 -1.45057559 -25.8676987
v -3.23762107 -1.5389185 -25.8439636
v -3.2221477 -1.63644779 -25.8251762
v -3.18877172 -1.56268072 -25.7632694
v -3.05042911 -1.78197289 -25.6547985
v -3.13058376 -1.76211989 -25.7368088
v -2.90308499 -1.86061645 -25.558485
v -2.97652531 -1.77809334 -25.5787868
v -2.97705817 -1.89074671 -25.6388569
v -2.83602762 -1.93934035 -25.5541534
v -2.83517575 -1.85068047 -25.4998169
v -2.7649169 -1.92767978 -25.4983406
v -2.89684868 -1.94215047 -25.60145
v -2.68670726 -1.98985493 -25.4921551
v -2.68242335 -1.90731776 -25.4354038
v -2.75513387 -2.04830885 -25.5716209
v -2.48315859 -2.15849543 -25.5223351
v -2.57217717 -2.15763807 -25.555788
v -2.67129254 -2.14872932 -25.5956688
v -2.38154626 -2.16800261 -25.4992867
v -2.17119956 -2.14381647 -25.4449711
v -2.09297562 -2.11426711 -25.4178619
v -2.0102973 -2.15451527 -25.4490643
v -1.9224745 -2.11522913 -25.4245281
v -1.83027291 -2.1607101 -25.4710732
v -1.74614191 -2.10656071 -25.4449482
v -1.67340314 -2.14888811 -25.4942207
v -1.65640092 -2.06387019 -25.4344273
v -1.58159435 -2.11071062 -25.4913673
v -1.50116122 -2.07085681 -25.4890633
v -1.57525194 -2.0342834 -25.4365482
v -1.43117023 -2.02835321 -25.4853687
v -1.34884393 -1.99001074 -25.4945889
v -1.26996708 -1.95142555 -25.5073967
v -1.17999697 -1.92653286 -25.5419216
v -1.09073949 -1.87862885 -25.5676594
v -0.864762366 -1.74861586 -25.6668701
v -0.927359462 -1.78661859 -25.6344719
v -0.74826014 -1.6803236 -25.7428017
v -0.575281918 -1.54078615 -25.8760624
v -0.632633805 -1.539819 -25.7997246
v -0.59216392 -1.46546614 -25.8150234
v -0.501074076 -1.43145335 -25.9317894
v -0.310693741 -1.04155898 -26.2006683
v -2.68806505 -0.0361690037 -26.8717747
v -2.7243526 -0.0193584654 -26.9659042
v -2.83665943 -0.230842635 -26.6842575
v -2.85743499 -0.208264709 -26.7616806
v -3.29699826 -1.13183832 -26.1829758
v -3.30051398 -1.07035053 -26.248745
v -3.31439495 -1.25780106 -26.1120396
v -3.3305006 -1.21430945 -26.1774635
v -3.34093189 -1.35000396 -26.1035976
v -3.30776024 -1.38674748 -26.0182247
v -3.27683735 -1.51695418 -25.9169674
v -3.3143177 -1.48602664 -25.9930611
v -3.27152824 -1.60882974 -25.9014835
v -3.0828228 -1.88279092 -25.7370033
v -3.16862726 -1.83682442 -25.811882
v -2.92370796 -2.01275873 -25.666069
v -3.00727773 -1.9756763 -25.7141972
v -2.85341978 -2.01278305 -25.6131897
v -2.51621222 -2.23814535 -25.5954762
v -2.59978461 -2.23604274 -25.6274281
v -2.69455624 -2.21867108 -25.6598949
v -2.31656885 -2.25273323 -25.5511894
v -2.26521802 -2.17329407 -25.4793644
v -2.41044903 -2.2447598 -25.5669575
v -2.23490357 -2.25783777 -25.5417938
v -2.163517 -2.23307061 -25.5143318
v -2.09314609 -2.19378114 -25.4794579
v -2.00527382 -2.23651958 -25.5138454
v -1.92612886 -2.20107198 -25.4907932
v -1.83443749 -2.23895097 -25.5320187
v -1.75498164 -2.1930666 -25.5097828
v -1.67361784 -2.23551178 -25.5618744
v -1.58947957 -2.19118166 -25.5506725
v -1.50666547 -2.14916706 -25.5460529
v -1.43512189 -2.10127759 -25.5375862
v -1.36212361 -2.06283212 -25.5411358
v -1.29907382 -2.02995658 -25.5480328
v -1.12575233 -1.98684216 -25.6186676
v -0.877361655 -1.81970215 -25.7002048
v -0.943574309 -1.86949992 -25.6745739
v -0.754210353 -1.76801431 -25.7894478
v -0.811602533 -1.75382113 -25.721447
v -0.567774177 -1.61674333 -25.9266014
v -0.631129801 -1.62048101 -25.8452682
v -0.414255738 -1.36846268 -26.052
v -0.379331142 -1.158566 -26.053133
v -0.353481889 -1.23236346 -26.1269131
v -0.301183999 -1.13058281 -26.2315025
v -0.333046824 -1.14053941 -26.1526928
v -0.276948929 -1.09393787 -26.2992554
v -0.260139376 -0.855095565 -26.4404125
v -0.253823966 -0.950770736 -26.409874
v -1.7831198 0.351381123 -27.1071033
v -3.00772023 -0.31675297 -26.7767105
v -2.90929103 -0.284999996 -26.694994
v -3.05984163 -0.445491225 -26.6462135
v -3.21524763 -0.816513717 -26.3760376
v -3.23871183 -0.775035441 -26.4651031
v -3.31703091 -1.57412434 -25.9808788
v -3.35331202 -1.54187119 -26.0495224
v -3.28955555 -1.76477849 -25.9481869
v -3.23518634 -1.79774761 -25.8814373
v -3.26644182 -1.8494426 -25.9397507
v -3.21190906 -1.89735591 -25.8886318
v -2.98785806 -2.07062244 -25.7550182
v -3.06668258 -1.9978379 -25.7820263
v -2.82875991 -2.10398746 -25.6569595
v -2.90386319 -2.11124659 -25.714983
v -2.74497867 -2.14557147 -25.6337986
v -2.77733493 -2.19641399 -25.6900997
v -2.85975242 -2.18650079 -25.7361984
v -2.54065275 -2.30954289 -25.6616726
v -2.71921039 -2.28586316 -25.7254639
v -2.63676071 -2.29760385 -25.6929531
v -2.34717774 -2.32124043 -25.6132278
v -2.44332457 -2.31734514 -25.6349525
v -2.26128292 -2.32097316 -25.597044
v -2.1659832 -2.30706644 -25.5744343
v -2.08827543 -2.27483511 -25.5440693
v -1.98474789 -2.3299067 -25.5908184
v -1.91105771 -2.27416229 -25.550621
v -1.82591486 -2.3085115 -25.5895958
v -1.75651836 -2.27332163 -25.5732727
v -1.68229294 -2.3107686 -25.6204796
v -1.59818828 -2.26929379 -25.6098194
v -1.51357162 -2.22971654 -25.6061172
v -1.43167055 -2.18563509 -25.6032372
v -1.37564683 -2.13669586 -25.5900993
v -1.28339863 -2.10185623 -25.6090603
v -1.22319996 -2.01055336 -25.5753956
v -1.18151045 -2.077142 -25.6484451
v -0.88556993 -1.91945493 -25.7585983
v -0.757878661 -1.84637749 -25.8351059
v -0.810175359 -1.83809984 -25.7761478
v -0.655243456 -1.77643657 -25.9068432
v -0.709937036 -1.79232121 -25.8529587
v -0.683091342 -1.70855832 -25.8327408
v -0.556121528 -1.68241072 -25.9793968
v -0.61373502 -1.69670343 -25.9105644
v -0.520618677 -1.53605521 -25.9518261
v -0.474681288 -1.5814271 -26.045805
v -0.526255071 -1.61997187 -25.9872379
v -0.284697592 -1.18618083 -26.2840919
v -0.316599756 -1.1998508 -26.2033882
v -1.33070219 0.290649742 -27.0552025
v -1.27547872 0.271579742 -26.9963551
v -1.36570621 0.29822427 -27.0157986
v -2.50007272 0.13791205 -27.0889282
v -2.42182827 0.169937313 -27.051403
v -2.57732868 0.0861055031 -27.0310116
v -3.19007421 -0.607826352 -26.6005325
v -3.12153697 -0.525960982 -26.6150246
v -3.26184726 -0.73701328 -26.5450077
v -3.24961925 -0.678584933 -26.5964737
v -3.28239179 -0.847691536 -26.4505939
v -3.30219889 -0.80214256 -26.5311146
v -3.28664255 -0.956246257 -26.3397007
v -3.32244849 -0.934383512 -26.4226837
v -3.26970053 -0.890830696 -26.3820477
v -3.37512255 -1.2578826 -26.2281609
v -3.35230303 -1.28811824 -26.1643734
v -3.38728905 -1.41433311 -26.1560211
v -3.35087323 -1.45113873 -26.0732346
v -3.31629109 -1.82407331 -26.0012207
v -3.29469585 -1.91593981 -26.0022945
v -3.2448163 -1.93893564 -25.9471073
v -3.04475904 -2.11250401 -25.8318233
v -3.12172604 -2.10876012 -25.9034367
v -2.94877172 -2.1864059 -25.8017597
v -2.79942632 -2.26536012 -25.7562504
v -2.870718 -2.24969625 -25.7912788
v -2.56291628 -2.38741827 -25.7364674
v -2.6569283 -2.36916709 -25.7626495
v -2.74127889 -2.35195971 -25.7926712
v -2.37003875 -2.3990078 -25.6847916
v -2.470994 -2.39981341 -25.7139359
v -2.27904987 -2.39630914 -25.6639767
v -2.18182755 -2.38314056 -25.6399155
v -2.08784652 -2.3569684 -25.6120987
v -2.10695195 -2.44078159 -25.6859932
v -2.01686716 -2.41923404 -25.6662636
v -1.92182517 -2.4012723 -25.6562138
v -1.83393133 -2.3777287 -25.6465321
v -1.89761341 -2.3394928 -25.6058025
v -1.75235808 -2.3473897 -25.6351585
v -1.76726699 -2.41638541 -25.6919041
v -1.69248939 -2.38372779 -25.6796455
v -1.61050439 -2.34462976 -25.6682739
v -1.52487278 -2.30455256 -25.6625118
v -1.43565691 -2.26682854 -25.6657715
v -1.34288573 -2.20281959 -25.6561852
v -1.23309958 -2.17027473 -25.688303
v -1.14171982 -2.14199686 -25.7220325
v -1.11608887 -2.06998515 -25.6849174
v -1.04476869 -2.01707482 -25.6965637
v -1.05757308 -2.11013985 -25.7555771
v -0.862707853 -1.98950994 -25.8283157
v -0.923939526 -2.00056076 -25.7811375
v -0.750635445 -1.92077029 -25.8928032
v -0.80909586 -1.91898298 -25.8307934
v -0.644374549 -1.84417641 -25.9641018
v -0.704461098 -1.85082304 -25.8966618
v -0.544231594 -1.75614011 -26.0415897
v -0.595471144 -1.76481891 -25.975502
v -0.390663564 -1.42345881 -26.1178646
v -0.455389172 -1.46177351 -26.019228
v -0.328423768 -1.28486657 -26.1970787
v -0.368551075 -1.32545304 -26.1238518
v -0.265426189 -0.72693646 -26.5677471
v -0.242085218 -0.842191935 -26.5482864
v -0.273480743 -0.759374917 -26.4713669
v -0.30046317 -0.572679222 -26.6749916
v -0.268598378 -0.661213398 -26.6726112
v -2.87700868 -0.123759612 -26.9505806
v -3.06479239 -0.391447663 -26.7347755
v -3.0869422 -0.349516183 -26.8292313
v -3.13188434 -0.472064883 -26.7054081
v -3.19329882 -0.546705842 -26.6853466
v -3.34310627 -1.00703287 -26.3847466
v -3.39143443 -0.982662737 -26.4862232
v -3.38285017 -1.34160137 -26.1868801
v -3.42064595 -1.32414091 -26.2661724
v -3.39764142 -1.5146513 -26.1353226
v -3.44051623 -1.47947359 -26.2243023
v -3.35501409 -1.63857412 -26.0393772
v -3.39733672 -1.60725939 -26.1141396
v -3.34872293 -1.8878659 -26.0680885
v -3.31577659 -1.98432577 -26.0616703
v -3.25557876 -2.0079267 -25.9946365
v -3.12857938 -2.17967606 -25.9593544
v -3.20230722 -2.11039972 -25.9918175
v -2.90525484 -2.28925538 -25.8476639
v -3.01049042 -2.18558908 -25.8520565
v -2.98570323 -2.24853706 -25.878479
v -3.05827427 -2.19935608 -25.904871
v -2.82858133 -2.32432747 -25.8229847
v -2.5958004 -2.45111823 -25.8082142
v -2.68902993 -2.43039894 -25.8340263
v -2.7784276 -2.40620995 -25.8629017
v -2.39550138 -2.47157049 -25.7572231
v -2.50773716 -2.46520042 -25.7862587
v -2.29533005 -2.47021675 -25.7336311
v -2.20042491 -2.46176505 -25.7119808
v -2.1129868 -2.52009034 -25.7606316
v -2.02570057 -2.49727273 -25.7377357
v -1.93794072 -2.47296619 -25.7194729
v -1.84655571 -2.44404364 -25.7032719
v -1.77998877 -2.4866097 -25.753973
v -1.7009505 -2.45469093 -25.7412434
v -1.62066197 -2.41890001 -25.7301769
v -1.54196358 -2.38290668 -25.7233868
v -1.45177007 -2.34698582 -25.7261868
v -1.26556933 -2.25877905 -25.7408104
v -1.1730212 -2.21623302 -25.7605305
v -0.974590063 -2.12199855 -25.8292122
v -0.980344594 -2.04510069 -25.7662907
v -0.912653446 -2.06003141 -25.8346176
v -0.852387607 -2.0616703 -25.892025
v -0.736709356 -1.99263239 -25.960865
v -0.796044707 -1.98654139 -25.8918095
v -0.630303979 -1.90786731 -26.0275803
v -0.686224461 -1.91376495 -25.9612961
v -0.536297739 -1.81866038 -26.0964108
v -0.586484134 -1.82990158 -26.0308304
v -0.445270449 -1.6341188 -26.1245613
v -0.500989854 -1.67332828 -26.0555935
v -0.238815486 -0.926047802 -26.4926376
v -0.232343599 -1.00093865 -26.4843388
v -0.347664803 -0.475343466 -26.6592216
v -0.354073733 -0.429130346 -26.7525978
v -0.31090793 -0.515578568 -26.7529621
v -1.15911102 0.246638149 -27.0757408
v -1.09145892 0.208327129 -26.9850578
v -1.2053225 0.248129442 -26.9872646
v -2.36715603 0.200219184 -27.0981026
v -2.31158829 0.224418432 -27.0677834
v -3.14725327 -0.421495229 -26.799572
v -3.31584144 -0.689971864 -26.6774139
v -3.31228447 -0.756421983 -26.5965996
v -3.34293413 -0.88420105 -26.5061836
v -3.36258864 -0.836256623 -26.5850658
v -3.45536494 -1.07553399 -26.5081692
v -3.46514225 -1.01233947 -26.5773506
v -3.41874099 -1.24875283 -26.3127346
v -3.45390391 -1.23159516 -26.3862476
v -3.40856433 -1.16472888 -26.357914
v -3.42089653 -1.39355528 -26.2270966
v -3.46210599 -1.41065741 -26.293148
v -3.43659949 -1.57257819 -26.189394
v -3.38706923 -1.70572329 -26.0919838
v -3.43156362 -1.66969931 -26.1673279
v -3.37103176 -1.79645503 -26.0769825
v -3.40007901 -1.85903966 -26.1380005
v -3.27999759 -2.08306098 -26.0689373
v -3.22671223 -2.18723178 -26.0742226
v -3.08859515 -2.26253653 -25.9827766
v -3.15758491 -2.22614574 -26.0250206
v -2.94993067 -2.33300376 -25.91889
v -3.02300239 -2.29625201 -25.9493389
v -2.86668634 -2.38020015 -25.8977833
v -2.62896657 -2.50915289 -25.8798714
v -2.71695185 -2.48752284 -25.9042664
v -2.80296135 -2.47166252 -25.9410572
v -3.07205081 1.78995407 -25.7759953
v -3.10106063 1.79984903 -25.6962643
v -2.52683401 -2.53383899 -25.8606853
v -2.3260057 -2.54937744 -25.8166714
v -2.43025541 -2.5403657 -25.8342056
v -2.21393776 -2.53944182 -25.7879944
v -2.12177038 -2.59020925 -25.8317909
v -2.02552319 -2.5751462 -25.814743
v -1.94262683 -2.54630637 -25.7897911
v -1.85576141 -2.5196209 -25.773119
v -1.77822137 -2.55245876 -25.8189411
v -1.70957458 -2.51773143 -25.799366
v -1.63676333 -2.48717165 -25.7891083
v -1.55779493 -2.45349789 -25.782217
v -1.46422148 -2.41639137 -25.7830315
v -1.37996197 -2.37447762 -25.7820892
v -1.36142671 -2.30122876 -25.7271194
v -1.10998905 -2.24762893 -25.8286037
v -1.19196677 -2.30546975 -25.8240242
v -0.971714556 -2.19335365 -25.8900433
v -1.03660774 -2.1848793 -25.8301754
v -0.847547531 -2.12854838 -25.9511204
v -0.910232246 -2.12542677 -25.8880138
v -0.728277981 -2.05599046 -26.0217419
v -0.792228222 -2.05909395 -25.9515953
v -0.619439006 -1.97726488 -26.097599
v -0.674168944 -1.98156941 -26.0275478
v -0.506136596 -1.86497796 -26.181366
v -0.573060632 -1.89341283 -26.0969505
v -0.358160853 -1.49668026 -26.2174644
v -0.413276047 -1.53036797 -26.1250458
v -0.298835576 -1.32505512 -26.2820549
v -0.339961588 -1.37753105 -26.2031651
v -2.7442131 0.00739568146 -27.0668163
v -2.67212176 0.0328945369 -27.0230618
v -2.94805837 -0.189780816 -26.91852
v -2.93947339 -0.238708675 -26.8185158
v -3.0329752 -0.270193905 -26.8887482
v -3.26017761 -0.61767906 -26.6858711
v -3.25185394 -0.56006664 -26.7485943
v -3.45646906 -1.16355073 -26.4405117
v -3.50618339 -1.1609807 -26.5267353
v -3.47507191 -1.31915987 -26.3665504
v -3.51202083 -1.25770426 -26.470232
v -3.48749757 -1.48981881 -26.3054466
v -3.41941786 -1.77035058 -26.1511669
v -3.46196699 -1.74150169 -26.2209778
v -3.37689233 -1.94908905 -26.1339912
v -3.42639375 -1.92355657 -26.2019176
v -3.29484987 -2.1519084 -26.1345119
v -3.34008598 -2.05210304 -26.1319714
v -3.12294483 -2.29761076 -26.0469837
v -3.17865705 -2.27905226 -26.0918617
v -2.98749471 -2.37591219 -25.9885311
v -3.05839181 -2.34276152 -26.0224724
v -2.89757466 -2.44840121 -25.9850826
v -2.66086841 -2.55264378 -25.9409275
v -2.73564172 -2.54624462 -25.976078
v -2.81702375 -2.53746462 -26.0192699
v -2.46447039 -2.60930777 -25.9180183
v -2.57734632 -2.59217334 -25.9434528
v -2.35346484 -2.62050104 -25.8980026
v -2.22488141 -2.62890077 -25.8829002
v -2.12552285 -2.65649056 -25.9040432
v -2.04892778 -2.63774943 -25.8811111
v -1.9534868 -2.61570954 -25.8609085
v -1.85143924 -2.5980823 -25.853548
v -1.76327026 -2.60489082 -25.8768864
v -1.70184708 -2.57463527 -25.8591614
v -1.6469276 -2.54007792 -25.838522
v -1.57953966 -2.52487183 -25.8444309
v -1.49647987 -2.49544239 -25.8456841
v -1.28738809 -2.33559394 -25.7944946
v -1.24522686 -2.37792826 -25.8571568
v -1.31625915 -2.41212606 -25.8490696
v -1.1107769 -2.3191607 -25.8915539
v -0.969327569 -2.26110768 -25.9523907
v -1.03531504 -2.25669312 -25.89254
v -0.845660865 -2.19579101 -26.0127182
v -0.909999251 -2.19662547 -25.9486599
v -0.723022282 -2.12389803 -26.0887852
v -0.788326144 -2.12747312 -26.013588
v -0.61239934 -2.03943396 -26.1636124
v -0.670682132 -2.05241323 -26.0919151
v -0.439871103 -1.78641474 -26.2399807
v -0.480746388 -1.74132717 -26.1317921
v -0.427399516 -1.69724655 -26.1976852
v -0.228541911 -1.10027599 -26.4759331
v -0.225798935 -1.20123255 -26.4891281
v -0.250424117 -1.16171277 -26.3891659
v -0.406831503 -0.305677056 -26.8354702
v -0.354184002 -0.384722084 -26.8468513
v -3.09999847 -0.314105362 -26.9067001
v -3.20826006 -0.497134924 -26.773735
v -3.20864201 -0.440732807 -26.8578091
v -3.3719759 -0.778478622 -26.6600227
v -3.37568116 -0.708661735 -26.7443123
v -3.41513228 -0.918244481 -26.5836716
v -3.42578697 -0.854699016 -26.6625347
v -3.52164435 -1.02640259 -26.6594105
v -3.50696015 -1.09100831 -26.5813274
v -3.55714989 -1.23382258 -26.5659256
v -3.54479218 -1.16009879 -26.5938988
v -3.47140932 -1.65203929 -26.2391663
v -3.5120151 -1.6449796 -26.3140469
v -3.48228788 -1.56550229 -26.2733078
v -3.44786096 -1.83548295 -26.2108192
v -3.49333072 -1.79285109 -26.282198
v -3.40028739 -2.0202415 -26.20438
v -3.45421553 -1.98228741 -26.2737751
v -3.3225255 -2.20925546 -26.2168331
v -3.36241007 -2.10988307 -26.2006874
v -3.25079274 -2.24976993 -26.1539059
v -3.19953561 -2.34397769 -26.1759853
v -3.00289154 -2.44313455 -26.067728
v -3.10458541 -2.37875199 -26.1024513
v -2.74852347 -2.60888243 -26.0549545
v -2.8298912 -2.60121393 -26.1020145
v -2.49864841 -2.67365289 -26.0047855
v -2.39925933 -2.68459415 -25.9840813
v -2.28437066 -2.70087647 -25.9756775
v -2.16780376 -2.70136213 -25.9594898
v -2.06323147 -2.69749832 -25.9495869
v -1.97443724 -2.69043279 -25.943676
v -1.87592149 -2.66685224 -25.9260387
v -1.78045297 -2.65178442 -25.9252853
v -1.69207895 -2.62914228 -25.9209404
v -1.60987592 -2.58838749 -25.9007854
v -1.41969895 -2.52409101 -25.9086533
v -1.51654971 -2.56033945 -25.9046535
v -1.25127399 -2.43789577 -25.9117069
v -1.33281827 -2.48579264 -25.9131432
v -1.11145318 -2.39101791 -25.9605389
v -1.18096948 -2.3797996 -25.8996735
v -0.968764067 -2.32690501 -26.0168343
v -1.0421809 -2.32710743 -25.952301
v -0.846179962 -2.26391506 -26.0788383
v -0.902934611 -2.26153398 -26.0158939
v -0.72197789 -2.19320321 -26.1596451
v -0.7866925 -2.1972537 -26.0806923
v -0.60694623 -2.10669613 -26.2412586
v -0.666335583 -2.11849689 -26.1607571
v -0.519680142 -1.95092392 -26.2336159
v -0.562279165 -1.95742297 -26.1668625
v -0.336875975 -1.57725048 -26.3133297
v -0.387969851 -1.60513735 -26.2159519
v -0.270630985 -1.34963572 -26.3706665
v -0.303690463 -1.43913531 -26.3176823
v -0.221694931 -0.952693701 -26.5651398
v -0.212529048 -1.05502176 -26.5641785
v -0.236395538 -0.781789362 -26.6623726
v -0.215601131 -0.891831398 -26.6561127
v -0.425946146 -0.239843696 -26.9039307
v -0.641506732 0.0095541859 -26.9760723
v -0.623285174 -0.0432898477 -26.9111347
v -0.713632584 0.0100081731 -26.9089832
v -1.91982949 0.34165436 -27.1097794
v -2.80900574 -0.0538760647 -27.0069695
v -2.89896894 -0.093528986 -27.0520496
v -3.02012539 -0.209612489 -26.9849167
v -3.54143167 -1.74209499 -26.3665161
v -3.55592608 -1.63851535 -26.3979282
v -3.47787309 -1.89343202 -26.2788639
v -3.52389216 -1.85675156 -26.351759
v -3.47552896 -2.04393101 -26.3446026
v -3.42234254 -2.08226371 -26.2766857
v -3.34101367 -2.26404881 -26.2925777
v -3.38396049 -2.17588758 -26.2824974
v -3.27661419 -2.30441236 -26.2376347
v -3.2216599 -2.40405083 -26.2671547
v -2.89803791 -2.5939405 -26.1469936
v -2.90072775 -2.53563428 -26.0799656
v -2.75307083 -2.6694417 -26.1336136
v -2.42994475 -2.74100018 -26.0649509
v -2.53751493 -2.72587013 -26.087183
v -2.35454297 -2.74077654 -26.0418549
v -2.3591001 -2.79311442 -26.1142406
v -2.18919802 -2.76591468 -26.0430546
v -2.28547144 -2.77851248 -26.0757141
v -2.0877018 -2.75868988 -26.0261459
v -1.98839414 -2.74659824 -26.0118599
v -1.79893935 -2.71031427 -25.990921
v -1.70902371 -2.68788338 -25.9849205
v -1.62444115 -2.65809584 -25.974968
v -1.53376019 -2.62658596 -25.9716434
v -1.25813651 -2.50516677 -25.9779739
v -1.35448241 -2.56558156 -25.987751
v -1.10385382 -2.45804858 -26.0379486
v -1.18348157 -2.44750643 -25.9660683
v -0.971766651 -2.39881659 -26.091301
v -1.03968132 -2.39446068 -26.0228195
v -0.839055836 -2.33044052 -26.1604271
v -0.903792441 -2.327039 -26.0821629
v -0.724594116 -2.25525951 -26.2264137
v -0.778805971 -2.25858641 -26.1547489
v -0.610388279 -2.18793035 -26.3341713
v -0.664038122 -2.18519711 -26.2366276
v -0.458837539 -1.89381385 -26.2971478
v -0.262710661 -1.4246937 -26.4322262
v -0.268854082 -0.613269329 -26.7692928
v -0.23874101 -0.70936203 -26.7706718
v -1.53686666 0.332845598 -27.0894871
v -2.00400519 0.326354146 -27.1127148
v -2.09245563 0.304106832 -27.1156921
v -3.15396571 -0.376827598 -26.8793411
v -3.15073109 -0.329997838 -26.9573364
v -3.28031611 -0.526744604 -26.8370876
v -3.37794662 -0.653387487 -26.8164597
v -3.35289621 -0.589707732 -26.8628788
v -3.31829762 -0.615388513 -26.7728291
v -3.43110251 -0.78515172 -26.7442074
v -3.4318676 -0.725267649 -26.8155422
v -3.47964215 -0.939667881 -26.6663132
v -3.48972416 -0.878837287 -26.7424431
v -3.57739329 -1.05739856 -26.7335682
v -3.55976439 -1.11493337 -26.6546631
v -3.61104202 -1.30222952 -26.6257515
v -3.63907981 -1.25466406 -26.710207
v -3.58401632 -1.20155537 -26.6365414
v -3.57524443 -1.43521559 -26.4907494
v -3.6306951 -1.42278862 -26.6059265
v -3.56823349 -1.32938647 -26.5291615
v -3.60557747 -1.6251111 -26.4984398
v -3.570261 -1.53582668 -26.4459743
v -3.59093499 -1.72699225 -26.464035
v -3.50224876 -1.95803463 -26.3481293
v -3.5505116 -1.92303061 -26.4259052
v -3.43865919 -2.14419818 -26.3489895
v -3.49577212 -2.10452223 -26.4243507
v -3.3615799 -2.32271266 -26.3865013
v -3.4031477 -2.23052001 -26.362011
v -3.24476361 -2.44523096 -26.3489323
v -3.29966903 -2.35825825 -26.3269577
v -3.13500047 -2.44646573 -26.206913
v -3.0507009 -2.48667669 -26.1607857
v -3.08600664 -2.53299975 -26.2548141
v -2.97027826 -2.54606748 -26.1520863
v -2.94065881 -2.6195271 -26.2180061
v -2.84772086 -2.65096569 -26.1793652
v -2.7793951 -2.7232511 -26.2278671
v -2.57435298 -2.77012181 -26.1664963
v -2.45414352 -2.80062127 -26.1571083
v -2.20344877 -2.82900715 -26.1331329
v -2.11269426 -2.82196903 -26.1140614
v -1.91735709 -2.78914428 -26.0744114
v -2.01160932 -2.80382729 -26.0874519
v -1.72338569 -2.74630713 -26.0550957
v -1.82687998 -2.77064919 -26.0633011
v -1.54605412 -2.68692183 -26.0399246
v -1.6301533 -2.71831465 -26.04776
v -1.40119553 -2.62296844 -26.0297699
v -1.46973634 -2.65155101 -26.0299339
v -1.44884586 -2.59245968 -25.9697075
v -1.2566092 -2.57263899 -26.0568123
v -1.10822892 -2.52322459 -26.1113644
v -1.17520654 -2.51541328 -26.0473003
v -0.965401113 -2.45915651 -26.1710091
v -1.03325307 -2.45681453 -26.0987988
v -0.834617198 -2.38441086 -26.2336082
v -0.899825573 -2.39246869 -26.1617222
v -0.733285129 -2.3099966 -26.2832088
v -0.781630635 -2.3199954 -26.2235966
v -0.509568751 -2.00426793 -26.3080025
v -0.559557498 -2.02841187 -26.2393284
v -0.323541969 -1.66191792 -26.4141731
v -0.225645065 -1.29422534 -26.5129108
v -0.230940774 -1.38246512 -26.531456
v -0.246410266 -1.34242594 -26.4486198
v -0.207885623 -1.14520121 -26.5726128
v -0.207842782 -1.23731804 -26.5829563
v -0.504722595 -0.093077831 -26.9909744
v -0.558746457 -0.0782763958 -26.9290886
v -2.82392287 -0.0328192525 -27.085825
v -2.79480815 0.00505354162 -27.1541195
v -3.65687275 -1.52427495 -26.6270695
v -3.68279195 -1.4720248 -26.7018452
v -3.57275081 -1.82481539 -26.4394779
v -3.60850167 -1.80318451 -26.5097885
v -3.52799606 -2.01419091 -26.4268894
v -3.57076502 -1.97785699 -26.4948082
v -3.50991702 -2.15989041 -26.5012035
v -3.46223998 -2.19330883 -26.4351673
v -3.37458825 -2.36973381 -26.4677849
v -3.42251205 -2.27766657 -26.4459763
v -3.25476241 -2.49509501 -26.4335232
v -3.30864334 -2.41475224 -26.4099674
v -3.16634035 -2.49324131 -26.3016663
v -3.10877323 -2.57681894 -26.3424244
v -3.01520371 -2.61962986 -26.2938309
v -3.01649284 -2.56171036 -26.2163448
v -2.80256128 -2.76771522 -26.3172836
v -2.86533976 -2.70046139 -26.2648487
v -2.6792922 -2.7426405 -26.1864834
v -2.60794711 -2.81976819 -26.2624226
v -2.36018014 -2.83675432 -26.1793423
v -2.40625525 -2.86283135 -26.2367249
v -2.12777328 -2.87517166 -26.1965313
v -2.22316957 -2.88178158 -26.2189579
v -1.93867838 -2.84956741 -26.1600437
v -2.03752637 -2.86373234 -26.1758423
v -1.84140217 -2.83160329 -26.1475697
v -1.74685192 -2.81195164 -26.1407127
v -1.56562448 -2.74791741 -26.1130199
v -1.65579474 -2.77940202 -26.1221447
v -1.40674973 -2.67091155 -26.0874844
v -1.48855531 -2.71407509 -26.1019917
v -1.25885904 -2.63502312 -26.1354103
v -1.33568549 -2.62491035 -26.0700741
v -1.11073327 -2.5818038 -26.1866035
v -1.1801064 -2.57911038 -26.1220093
v -0.965761065 -2.51502991 -26.2472286
v -1.03119051 -2.5184896 -26.1787071
v -0.83649534 -2.44043374 -26.311039
v -0.898199022 -2.44999337 -26.2387943
v -0.776468396 -2.3662827 -26.2934246
v -0.703957438 -2.33078122 -26.364397
v -0.393705338 -1.8921994 -26.4572525
v -0.425526381 -1.89597213 -26.3752441
v -0.252991498 -1.49527013 -26.5159206
v -0.244818822 -1.53900695 -26.5951557
v -0.276897192 -1.59929836 -26.5137768
v -0.307050288 -0.449943125 -26.9033833
v -0.283758789 -0.532567978 -26.8514957
v -0.320296824 -0.463176161 -26.82127
v -3.20690012 -0.393184483 -26.9346313
v -3.20082569 -0.34147808 -27.0270748
v -3.33399129 -0.521981776 -26.9356842
v -3.26761699 -0.460023195 -26.9211655
v -3.42147851 -0.657605827 -26.8873024
v -3.53693628 -0.968307436 -26.7382317
v -3.54457736 -0.895466447 -26.8254471
v -3.60942364 -1.15049291 -26.7213402
v -3.6244421 -1.10340226 -26.7886429
v -3.66423631 -1.35542822 -26.7075844
v -3.68477678 -1.29210496 -26.7890224
v -3.68099833 -1.68268597 -26.664362
v -3.64998555 -1.61043084 -26.5952778
v -3.64060998 -1.72284651 -26.5710278
v -3.59479523 -1.88936937 -26.5050983
v -3.63903499 -1.85510612 -26.594162
v -3.5443902 -2.07090855 -26.4995651
v -3.59536576 -2.0216229 -26.5798626
v -3.47375631 -2.24854565 -26.517374
v -3.51605201 -2.21115375 -26.5702019
v -3.38113642 -2.41810417 -26.5526237
v -3.43018246 -2.32708788 -26.5227489
v -3.3241415 -2.45273733 -26.49189
v -3.26200604 -2.53509378 -26.5112267
v -3.18743229 -2.53301287 -26.3853779
v -3.13172603 -2.60845041 -26.423111
v -2.93619132 -2.67634916 -26.2953129
v -2.97377682 -2.7048049 -26.3822136
v -2.82369041 -2.80809093 -26.4105988
v -2.88353038 -2.74448299 -26.3533077
v -2.71162653 -2.79061651 -26.2829971
v -2.64652753 -2.85580873 -26.3514595
v -2.51120758 -2.83877921 -26.2415028
v -2.44736266 -2.90334082 -26.3256168
v -2.14981771 -2.92951608 -26.2927876
v -2.24414515 -2.92999005 -26.3085175
v -1.95808649 -2.90626669 -26.2513142
v -2.05905414 -2.9162128 -26.2638226
v -1.76204145 -2.863657 -26.2176132
v -1.85663283 -2.88966823 -26.2380714
v -1.6744138 -2.83657241 -26.2023811
v -1.58465946 -2.80578375 -26.1904373
v -1.4091419 -2.73112202 -26.1702003
v -1.49552751 -2.76784849 -26.1757889
v -1.26279438 -2.69596934 -26.2208023
v -1.33377099 -2.68827128 -26.1565075
v -1.11146343 -2.6409514 -26.275095
v -1.18298507 -2.64300919 -26.2084312
v -0.96424222 -2.56890154 -26.3344479
v -1.04156744 -2.57902598 -26.2542343
v -0.830564082 -2.48685145 -26.3987007
v -0.900375962 -2.50464988 -26.3177605
v -0.345449507 -1.77055919 -26.4568596
v -0.302999198 -1.71213853 -26.5381279
v -0.199334353 -1.01558173 -26.6637421
v -0.187817037 -1.11098301 -26.713007
v -0.198545814 -1.09795332 -26.634882
v -0.214061037 -0.820881963 -26.759346
v -0.192146972 -0.947437227 -26.7788677
v -2.30903959 0.227817148 -27.1566906
v -2.98478866 -0.149222538 -27.0623207
v -2.95713472 -0.105181873 -27.1304455
v -3.08582044 -0.266814798 -26.9738312
v -3.07391262 -0.216389641 -27.064991
v -3.69874859 -1.58668923 -26.714962
v -3.72432494 -1.50123751 -26.800045
v -3.55943513 -2.13496041 -26.5924358
v -3.6168921 -2.06233168 -26.6725655
v -3.48472214 -2.28277588 -26.5869045
v -3.53402185 -2.23033834 -26.6415997
v -3.437994 -2.37085581 -26.6071358
v -3.26874089 -2.57214141 -26.5969791
v -3.32564902 -2.49901581 -26.5741024
v -3.16081715 -2.62509966 -26.497818
v -3.20551515 -2.56456327 -26.4630718
v -2.91516399 -2.77444029 -26.4435177
v -2.84266138 -2.8413887 -26.502449
v -2.73969531 -2.83242536 -26.3798599
v -2.67232561 -2.89153314 -26.4443607
v -2.5540626 -2.88030243 -26.3376427
v -2.49114084 -2.93381 -26.4095821
v -2.18038154 -2.96936917 -26.3759651
v -2.2848053 -2.96797347 -26.3958759
v -1.98109269 -2.95363498 -26.338171
v -2.07691145 -2.96636605 -26.3608608
v -1.78239274 -2.92011356 -26.3123188
v -1.88176143 -2.9388907 -26.3234177
v -1.59979892 -2.85975266 -26.273571
v -1.69113123 -2.89140177 -26.2905102
v -1.41613889 -2.78549147 -26.2514591
v -1.51205111 -2.82528257 -26.2595711
v -1.26689541 -2.74701619 -26.3018723
v -1.34391856 -2.74339104 -26.2329254
v -1.1138252 -2.6917634 -26.3616371
v -1.18554282 -2.69244957 -26.2843266
v -0.971168339 -2.61892462 -26.4175186
v -1.04238367 -2.63323665 -26.3429852
v -0.838667393 -2.54265404 -26.4978294
v -0.902668536 -2.55729628 -26.4071312
v -0.713509679 -2.40420628 -26.4760628
v -0.768936515 -2.41463256 -26.3816547
v -0.645893157 -2.26796675 -26.3797188
v -0.593609214 -2.23152828 -26.4357967
v -0.37439853 -1.93529904 -26.5965328
v -0.429834992 -2.0154829 -26.5296326
v -0.21157369 -1.38387692 -26.6351357
v -0.230885297 -1.46099699 -26.5895367
v -0.194672361 -1.17802584 -26.6544743
v -0.196444824 -1.2916894 -26.677227
v -3.37087107 -0.523996413 -27.0103664
v -3.31273913 -0.466634512 -26.9958801
v -3.45812845 -0.654187739 -26.9696045
v -3.396106 -0.590857804 -26.9415512
v -3.4883461 -0.805546761 -26.8195286
v -3.53866053 -0.818045378 -26.9051075
v -3.48098612 -0.738196909 -26.890213
v -3.65458679 -1.18562639 -26.789999
v -3.66296482 -1.11323106 -26.8679829
v -3.70765686 -1.39699388 -26.791647
v -3.7204833 -1.33110356 -26.8589592
v -3.67788124 -1.77673316 -26.6685867
v -3.71628022 -1.69815505 -26.7623291
v -3.63543296 -1.96578383 -26.6419353
v -3.67857456 -1.88526261 -26.7127037
v -3.49358916 -2.32236743 -26.6737232
v -3.38673425 -2.46099353 -26.6450977
v -3.21136141 -2.60505247 -26.5482731
v -3.14441395 -2.67339349 -26.569088
v -3.09918928 -2.66892481 -26.4836655
v -3.00915408 -2.7330718 -26.4801731
v -3.06986809 -2.72028017 -26.544508
v -2.92977405 -2.80530858 -26.5293484
v -2.85620213 -2.86924481 -26.5912933
v -2.76121235 -2.86878467 -26.4759674
v -2.69792676 -2.91740704 -26.5299873
v -2.58848786 -2.91184282 -26.4238262
v -2.53311276 -2.96149135 -26.5013752
v -2.21458578 -3.00623989 -26.4673061
v -2.10554624 -3.00551343 -26.4503689
v -2.00623012 -2.99899507 -26.4354286
v -1.80906987 -2.96721625 -26.4017048
v -1.90693724 -2.98445344 -26.4151783
v -1.6204164 -2.90944338 -26.3582401
v -1.71264887 -2.94193769 -26.382431
v -1.43554938 -2.83650517 -26.3294258
v -1.52890682 -2.87586474 -26.3431015
v -1.27096045 -2.79750705 -26.3953629
v -1.35169113 -2.79792976 -26.3213139
v -1.12984645 -2.74116826 -26.4430065
v -1.19476879 -2.74795532 -26.3764133
v -1.04826331 -2.68343639 -26.4334946
v -0.990412354 -2.67303157 -26.5063362
v -0.291417122 -1.74588883 -26.6475964
v -0.334959686 -1.81634414 -26.5549679
v -0.237971276 -0.65372324 -26.8814545
v -0.213102728 -0.765041411 -26.8612633
v -0.324735641 -0.384039462 -26.9548569
v -0.372791171 -0.313533574 -26.918581
v -3.73633504 -1.60804009 -26.8196316
v -3.75734138 -1.53121853 -26.899889
v -3.63302159 -2.10275793 -26.7750206
v -3.58439541 -2.16719699 -26.7017269
v -3.50354719 -2.35274005 -26.7719707
v -3.5436213 -2.27153301 -26.7398663
v -3.38655901 -2.49991655 -26.738575
v -3.4480319 -2.41055989 -26.7138023
v -3.33043337 -2.53552103 -26.66325
v -3.26613736 -2.6098516 -26.6818218
v -3.20898962 -2.64387465 -26.6306
v -3.15589309 -2.70675707 -26.6796074
v -2.87126899 -2.89163423 -26.6867275
v -2.93596697 -2.8401227 -26.6313992
v -2.78294301 -2.8914535 -26.5559464
v -2.71498704 -2.93917227 -26.6108837
v -2.84541202 1.8916347 -25.9799175
v -2.91571093 1.81279671 -25.9847889
v -2.82997394 1.82540095 -26.0531559
v -2.62177229 -2.93826127 -26.5121422
v -2.57419276 -2.98058677 -26.5880623
v -2.23181748 -3.04463983 -26.5797386
v -2.6060946 1.95475519 -26.083271
v -2.58997989 2.02646327 -26.0316467
v -2.03442049 -3.03686595 -26.5332241
v -2.13419199 -3.04231262 -26.5525265
v -1.82708824 -3.00772119 -26.4950008
v -1.92718112 -3.02195621 -26.5052223
v -1.63988054 -2.95696163 -26.4541473
v -1.73287868 -2.98695183 -26.4797516
v -2.15935087 2.07781887 -26.1109734
v -1.45596278 -2.88843727 -26.4220886
v -1.54725325 -2.92446637 -26.4360485
v -1.28009593 -2.84289432 -26.490303
v -1.35422075 -2.84270525 -26.4095802
v -1.14135122 -2.77946234 -26.5199986
v -1.1999886 -2.78818059 -26.4573288
v -0.699411452 -2.42124724 -26.5509148
v -0.689709783 -2.43753004 -26.6279564
v -0.75526619 -2.47977567 -26.5450172
v -0.36310941 -1.95899379 -26.7254944
v -0.412447363 -2.03894687 -26.6550293
v -0.268718004 -1.70107687 -26.710022
v -0.264558166 -1.64501202 -26.6280899
v -2.50943351 0.145224184 -27.1550884
v -2.43716979 0.173051625 -27.1323185
v -3.28809834 -0.403116196 -27.0843964
v -3.23233724 -0.330052137 -27.136549
v -3.39998198 -0.520610511 -27.1010361
v -3.34542656 -0.470372736 -27.0665684
v -3.49486399 -0.663586318 -27.0505981
v -3.43231511 -0.585448265 -27.0379848
v -3.57998919 -0.822988093 -27.0022945
v -3.52600884 -0.743821383 -26.9848461
v -3.60405254 -1.0042659 -26.835434
v -3.65437937 -1.01078522 -26.9506359
v -3.5966897 -0.912555158 -26.9190197
v -3.74623919 -1.42825305 -26.8911514
v -3.75097251 -1.33768499 -26.9541721
v -3.73643446 -1.76524663 -26.8457222
v -3.74507022 -1.68543303 -26.8537178
v -3.66365767 -1.99567091 -26.750782
v -3.71156001 -1.9112891 -26.846096
v -3.33323956 -2.58332849 -26.8177624
v -3.31644773 -2.5768199 -26.7334671
v -3.26654315 -2.63802123 -26.7713642
v -3.19665313 -2.69755316 -26.7611599
v -3.221457 -2.66123104 -26.7097969
v -2.37926817 2.17725348 -25.9860249
v -2.29150009 2.18515873 -26.0013027
v -2.31777692 2.23389196 -25.9560795
v -3.07825422 -2.74532866 -26.6212902
v -3.00389218 -2.78116941 -26.5820656
v -3.01541615 -2.802073 -26.6622658
v -2.40718174 2.24071431 -25.9257717
v -2.94649601 -2.86111379 -26.7236214
v -2.7270577 -2.95840979 -26.694355
v -2.7916801 -2.91847849 -26.6482468
v -2.64899588 -2.95360231 -26.5800705
v -2.63640809 -2.98424625 -26.6667786
v -2.2260654 2.23201871 -25.976263
v -2.11772895 2.22240758 -25.9995461
v -2.2438364 -3.07129145 -26.6801643
v -2.3284781 -3.06925559 -26.7158928
v -2.04652023 -3.06655812 -26.6291809
v -2.15394354 -3.06948733 -26.6471634
v -1.85337138 -3.04178381 -26.5866165
v -1.95359516 -3.05594993 -26.6038265
v -1.66399288 -2.99560118 -26.5434761
v -1.75193417 -3.01948643 -26.5626373
v -2.01242876 2.19829535 -26.028368
v -2.02801013 2.25690293 -25.9794388
v -1.47159052 -2.93054175 -26.5137501
v -1.56734359 -2.96593475 -26.528677
v -1.28997433 -2.88223481 -26.5905018
v -1.37075067 -2.89023089 -26.5080795
v -1.14722586 -2.81040406 -26.6021042
v -1.21332705 -2.82919335 -26.5454369
v -1.01773059 -2.72706437 -26.6038761
v -1.0666815 -2.72852874 -26.5102367
v -0.463217229 -2.14793897 -26.7114277
v -0.532096207 -2.23220515 -26.6274242
v -0.472333133 -2.11564517 -26.5743675
v -0.289512426 -1.77753246 -26.7419434
v -0.322615504 -1.8459307 -26.6753712
v -0.197919175 -1.38488841 -26.7490959
v -0.210574582 -1.49527621 -26.8183918
v -0.184690595 -1.20395899 -26.7418709
v -0.184179708 -1.28633201 -26.8027554
v -0.179041326 -1.02574706 -26.8526611
v -0.179057375 -1.11532545 -26.8033409
v -0.184596241 -1.05282485 -26.7643948
v -0.18343395 -0.938160479 -26.8966007
v -0.19637081 -0.86518687 -26.8471317
v -0.260637671 -0.541151464 -26.9588947
v -0.287995905 -0.442185432 -27.0044842
v -2.87354136 -0.0412096716 -27.1600342
v -2.81968808 0.00537739694 -27.2186451
v -3.15160704 -0.267229468 -27.1023731
v -3.11047602 -0.21677199 -27.1496391
v -3.76180506 -1.63240981 -26.9123535
v -3.77924037 -1.58065271 -26.9932404
v -3.67341566 -2.04762769 -26.8571644
v -3.70359755 -2.00183797 -26.9365635
v -3.34681916 -2.58510256 -26.900322
v -3.40094995 -2.51518726 -26.8514099
v -3.28129435 -2.64487934 -26.8651276
v -3.13688445 -2.74302578 -26.7523708
v -3.15172791 -2.74657679 -26.817667
v -3.08130169 -2.77173781 -26.7083607
v -3.02296233 -2.82371879 -26.758276
v -2.87454295 -2.9132185 -26.7853451
v -2.95756316 -2.87523651 -26.8184719
v -2.79738474 -2.93905163 -26.7360802
v -2.73386931 -2.97482562 -26.7802086
v -2.25489283 -3.09025836 -26.7772865
v -2.34268332 -3.08372641 -26.8044262
v -2.08213615 -3.08787346 -26.7170124
v -2.17402458 -3.09034109 -26.7432022
v -1.87788808 -3.06966591 -26.6807709
v -1.97058797 -3.08321047 -26.7080116
v -2.94747472 2.21404529 -25.4512787
v -2.95078826 2.20990443 -25.4496155
v -2.95101357 2.207654 -25.4529114
v -1.69047594 -3.03078341 -26.6426773
v -1.78453016 -3.05189919 -26.6578465
v -2.74801588 2.41115236 -25.5393505
v -2.78914571 2.34217334 -25.5669384
v -2.69757628 2.38937807 -25.6208096
v -1.49213731 -2.96803141 -26.6083088
v -1.59124148 -3.00255632 -26.6258068
v -2.7475791 2.41515207 -25.5350857
v -2.75575805 2.4079659 -25.532011
v -1.39642799 -2.93311954 -26.6072254
v -1.15180528 -2.83635521 -26.691309
v -1.20928109 -2.85090184 -26.6219902
v -1.00610352 -2.74508595 -26.7058926
v -1.08012986 -2.7863071 -26.6655006
v -0.701701105 -2.48243976 -26.7597103
v -0.783821881 -2.54581666 -26.657526
v -0.591384113 -2.30968881 -26.6089706
v -0.579188347 -2.31791997 -26.6899166
v -0.623953938 -2.36374354 -26.6444626
v -0.404276758 -2.05661488 -26.7843018
v -0.361549377 -1.976704 -26.8508434
v -0.173825353 -1.11502457 -26.9131489
v -0.385546535 -0.249618962 -26.9938488
v -0.435790122 -0.17343232 -26.996191
v -3.51735806 -0.660284996 -27.1491241
v -3.45773125 -0.585936964 -27.1220245
v -3.61528873 -0.834463954 -27.10853
v -3.55758524 -0.747934461 -27.0750637
v -3.69235969 -1.02146614 -27.0677166
v -3.64188361 -0.9230811 -27.0345383
v -3.77479076 -1.45035732 -26.9973812
v -3.77515674 -1.33851993 -27.0682659
v -3.75286174 -1.80984366 -26.9473057
v -3.77340245 -1.73883724 -27.0160694
v -3.7614944 -1.71457517 -26.9305096
v -3.46606374 -2.45556903 -26.9940739
v -3.51358914 -2.38200426 -26.9317169
v -3.45726824 -2.45496202 -26.8994961
v -3.35522676 -2.58597493 -26.9963303
v -3.408849 -2.52193713 -26.9449825
v -3.29787517 -2.64091325 -26.9552193
v -2.0752666 2.43129873 -25.83395
v -1.95454597 2.42652106 -25.843298
v -1.99915254 2.49545622 -25.7860031
v -3.21708512 -2.69760156 -26.8377972
v -3.16516614 -2.74885631 -26.8943806
v -2.10848641 2.50550103 -25.7708511
v -3.09053183 -2.78611445 -26.791544
v -3.03546524 -2.83267617 -26.8435802
v -2.90251708 -2.91536045 -26.8900547
v -2.79529238 -2.95432091 -26.8076172
v -2.7508347 -2.98118258 -26.862299
v -1.84989405 2.41137981 -25.8536205
v -1.89569736 2.47764182 -25.8006535
v -2.65212846 -3.01469874 -26.8414898
v -2.27338195 -3.10141134 -26.8698502
v -2.36173916 -3.0924046 -26.8973598
v -2.10273814 -3.10596681 -26.8217525
v -2.19101763 -3.10546517 -26.8440704
v -1.90401697 -3.09253645 -26.7835999
v -2.00868511 -3.1020329 -26.8013916
v -1.73094952 2.40528727 -25.8470573
v -1.71311784 -3.05820131 -26.7452221
v -1.8080343 -3.07702327 -26.7592888
v -1.62562335 -3.03455138 -26.7238579
v -1.52556551 -3.00353193 -26.708477
v -1.32541251 -2.9246583 -26.6902103
v -1.4281671 -2.96810865 -26.6977215
v -1.07831001 -2.80821371 -26.7832127
v -0.575082064 -2.335603 -26.8168106
v -0.637853384 -2.40165615 -26.7251549
v -0.463157624 -2.16869473 -26.8315735
v -0.513934791 -2.2398839 -26.7627525
v -0.287717044 -1.79299688 -26.8555107
v -0.320068926 -1.87178469 -26.7911949
v -0.261673003 -1.70497155 -26.8053856
v -0.190626204 -1.38059998 -26.8965912
v -0.211737201 -1.50663435 -26.9559975
v -0.965391278 0.198909193 -27.1353893
v -1.04151046 0.208359942 -27.0655117
v -1.06951869 0.231978238 -27.1389885
v -2.38796663 0.197298199 -27.1655331
v -3.03901315 -0.157221198 -27.1586475
v -2.95554781 -0.0818427727 -27.2162781
v -3.78806615 -1.64890528 -27.0739002
v -3.79347372 -1.54519165 -27.1007805
v -3.57335639 -2.3004148 -27.0944271
v -3.62284088 -2.21116281 -27.0311413
v -3.57309103 -2.29578543 -26.9809608
v -3.45724654 -2.46730185 -27.1058083
v -3.51741529 -2.38724637 -27.0465317
v -3.35485888 -2.58713698 -27.0774117
v -3.40719771 -2.52972531 -27.0351429
v -3.2954967 -2.64704585 -27.0446835
v -3.22926474 -2.70061707 -26.928339
v -3.1765151 -2.74800563 -26.9809189
v -3.10335112 -2.79137373 -26.8710365
v -3.05220366 -2.83209348 -26.9216099
v -2.98194289 -2.87303424 -26.9004612
v -2.9279778 -2.90931082 -26.9793282
v -2.77894998 -2.97683501 -26.9308701
v -2.82430506 -2.95060873 -26.8687916
v -2.55214286 -3.05394554 -26.9234352
v -2.6301198 -3.03351927 -26.9602757
v -2.28948927 -3.10695386 -26.9615841
v -2.37910175 -3.09555435 -26.9935436
v -2.13062596 -3.11385441 -26.8957386
v -2.20164728 -3.11267519 -26.9232712
v -1.9329952 -3.10746574 -26.8794575
v -2.03752494 -3.11516809 -26.9069519
v -1.74531639 -3.0789628 -26.8409042
v -1.83942354 -3.0953517 -26.8564091
v -1.55357146 -3.02904963 -26.8056812
v -1.64847195 -3.05634046 -26.8216877
v -1.37270534 -2.96464896 -26.7984905
v -1.46616971 -2.99705315 -26.778883
v -1.1851486 -2.87443471 -26.7967472
v -1.27019465 -2.9153676 -26.7755737
v -1.24136364 -2.88454008 -26.6892281
v -1.02917242 -2.78457689 -26.8645306
v -0.994431019 -2.75259972 -26.7978745
v -0.868012309 -2.65718412 -26.8478889
v -0.93356353 -2.70145202 -26.7653103
v -0.86082232 -2.63089132 -26.7132301
v -0.715482891 -2.51116776 -26.8864727
v -0.786046982 -2.57596564 -26.799427
v -0.515479267 -2.25572753 -26.887619
v -0.407490492 -2.07229614 -26.9072781
v -0.321451932 -1.88475227 -26.9025784
v -3.42039609 -0.52176255 -27.1845131
v -3.35254788 -0.453325838 -27.140522
v -3.71888208 -1.04514015 -27.1924992
v -3.66785669 -0.928756118 -27.1435757
v -3.74407578 -1.22380316 -27.018383
v -3.76527119 -1.23342919 -27.1319504
v -3.735636 -1.13466311 -27.0936089
v -3.35613561 -2.57978415 -27.1586189
v -3.39848971 -2.53767133 -27.1116066
v -3.30417943 -2.6351161 -27.1303787
v -3.24159384 -2.69572353 -27.0163784
v -3.18087649 -2.74586248 -27.0712109
v -3.05639386 -2.83475471 -27.006815
v -3.11223078 -2.79419851 -26.9540958
v -2.84062982 -2.95153236 -26.9573917
v -2.77139783 -2.98424888 -27.0222206
v -2.58283901 -3.04993439 -27.0195675
v -2.67643452 -3.02037883 -27.034481
v -2.29469061 -3.10830379 -27.0468445
v -2.38568234 -3.09453654 -27.085743
v -2.11785436 -3.11938167 -26.9761429
v -2.21672654 -3.11578202 -27.0220909
v -1.77374566 -3.09312177 -26.9486122
v -1.86670494 -3.10570145 -26.9382019
v -1.57665098 -3.04778719 -26.9298687
v -1.67895198 -3.07195663 -26.9047623
v -1.36698818 -2.97447872 -26.9268131
v -1.46459079 -3.00878763 -26.8794422
v -1.1868577 -2.88729334 -26.9312305
v -1.2728945 -2.92832184 -26.871315
v -1.02801073 -2.78835654 -26.9502907
v -1.09464025 -2.8303144 -26.8908501
v -0.95551151 -2.73204136 -26.8821259
v -0.788624585 -2.5884912 -26.9331131
v -0.64732033 -2.43061638 -26.8462143
v -0.665053725 -2.45546031 -26.9569626
v -0.478332967 -2.18598056 -27.0549755
v -0.522924781 -2.26336408 -27.0021534
v -0.467693448 -2.17891192 -26.9536152
v -0.223557577 -1.52036035 -27.0889759
v -0.199319571 -1.4142499 -27.0265942
v -0.174286827 -1.12162709 -27.0157413
v -0.175014004 -1.02471375 -26.9627323
v -0.180518061 -0.925280154 -27.0153694
v -0.192304373 -0.841971993 -26.9423523
v -0.52973187 -0.0358265601 -27.0698185
v -0.57393229 -0.0306496378 -26.9882774
v -0.622857511 0.0331195444 -27.0625877
v -0.710181713 0.0612194426 -27.0072155
v -3.73718119 -1.92714763 -27.2185192
v -3.76149631 -1.85120916 -27.1484184
v -3.73800516 -1.93723583 -27.0983353
v -3.65858078 -2.13006139 -27.1983624
v -3.70429039 -2.03101182 -27.160717
v -3.67008305 -2.11628675 -27.0803223
v -3.57148862 -2.29121065 -27.2003422
v -3.61864328 -2.21767068 -27.1443729
v -3.46196723 -2.4491663 -27.2056713
v -3.52149582 -2.37557364 -27.1534672
v -3.35827088 -2.5651176 -27.237957
v -3.40691924 -2.52060652 -27.1809616
v -3.30780077 -2.62081194 -27.2162323
v -3.24089146 -2.69481397 -27.1061478
v -3.18872952 -2.73435044 -27.1556072
v -3.1197474 -2.79208684 -27.0396938
v -3.05968094 -2.83238149 -27.0837498
v -2.99625492 -2.87248516 -27.0421715
v -2.91182375 -2.91852403 -27.086153
v -2.85810208 -2.94590092 -27.0298424
v -2.82921767 -2.95731902 -27.1173916
v -2.61988807 -3.03757167 -27.1075802
v -2.53912163 -3.0612855 -27.0917721
v -2.55341506 -3.05289268 -27.1702995
v -2.14275813 -3.11807036 -27.1108265
v -2.23817778 -3.11292124 -27.1011181
v -1.93305552 -3.11364627 -27.0927429
v -2.03460908 -3.12014437 -27.0310211
v -1.94696069 -3.11536884 -26.9882927
v -1.75037599 -3.09010744 -27.0730343
v -1.84629679 -3.10571837 -27.0212212
v -1.56125164 -3.04541707 -27.064888
v -1.66706371 -3.0736661 -27.0045757
v -1.46424925 -3.01447654 -26.9957352
v -1.26859713 -2.9318645 -26.9922714
v -1.10585845 -2.8406682 -26.9946651
v -0.643137693 -2.42265821 -27.0526199
v -0.586968601 -2.35717535 -26.9579697
v -0.580711961 -2.33487654 -27.0962963
v -0.417716742 -2.07966137 -27.0436287
v -0.361740083 -1.97520173 -26.9704132
v -0.37308374 -1.97935891 -27.0874577
v -0.325084448 -1.88096797 -27.0248756
v -0.296055019 -1.81563544 -26.9447842
v -0.290645689 -1.78729582 -27.0267735
v -0.263493776 -1.69958127 -27.0366631
v -0.261483312 -1.71171701 -26.9312057
v -0.237301126 -1.61219573 -27.0024853
v -0.248241231 -0.524803042 -27.0774632
v -0.801114857 0.140427053 -27.1410847
v -0.795059443 0.113224879 -27.0450745
v -0.875135481 0.158288971 -27.0942554
v -2.58476925 0.108596936 -27.1387634
v -2.55636597 0.136097699 -27.2259197
v -3.59357429 -0.762115836 -27.3062687
v -3.53961086 -0.674397707 -27.2541676
v -3.58424497 -0.756172538 -27.1870384
v -3.78513622 -1.32914567 -27.1863327
v -3.77010632 -1.23290038 -27.2430382
v -3.79304338 -1.4082675 -27.2415352
v -3.79279113 -1.43327904 -27.1389484
v -3.79769373 -1.51725483 -27.2149391
v -3.78102255 -1.68634295 -27.3039093
v -3.79391122 -1.63505125 -27.1810818
v -3.78412414 -1.72056258 -27.2226906
v -3.50389314 -2.37809873 -27.2696018
v -3.36573291 -2.53806186 -27.3171597
v -3.40910292 -2.50345969 -27.2590599
v -3.30856156 -2.60149097 -27.304491
v -3.24284148 -2.68473792 -27.1920948
v -3.18033838 -2.72805357 -27.2487507
v -3.11784673 -2.79028416 -27.1285
v -3.04651165 -2.83450747 -27.1747627
v -2.89550877 -2.91694927 -27.2119808
v -2.9841547 -2.87621117 -27.1347904
v -2.7125771 -3.00476122 -27.1298275
v -2.7839787 -2.96771598 -27.222599
v -2.62647748 -3.02907896 -27.195652
v -2.55540872 -3.04316711 -27.2528458
v -2.30474901 -3.09242845 -27.2556534
v -2.39343715 -3.08623767 -27.1940289
v -2.30093551 -3.1039269 -27.1459656
v -2.12009144 -3.10883594 -27.2329082
v -2.22035742 -3.10778499 -27.1965275
v -2.02157831 -3.11539054 -27.1579208
v -1.82759047 -3.09965372 -27.1419106
v -1.6513437 -3.0671804 -27.1219845
v -1.46451747 -3.0110116 -27.1257362
v -1.37066662 -2.9779346 -27.0536289
v -1.36363709 -2.96579528 -27.1847725
v -1.26967514 -2.928617 -27.1107292
v -1.1833626 -2.88589501 -27.0492764
v -1.1740886 -2.87243557 -27.1592369
v -0.87915647 -2.67212033 -26.9838371
v -0.850961924 -2.63801765 -27.1125546
v -0.933014214 -2.71187615 -27.0870075
v -0.774126351 -2.56116033 -27.1275043
v -0.723091364 -2.51878858 -27.0152016
v -0.70805192 -2.48753977 -27.1402111
v -0.638953567 -2.39870167 -27.168848
v -0.577888906 -2.30293059 -27.2219086
v -0.521016955 -2.24212408 -27.1230774
v -0.464811414 -2.14143443 -27.1543636
v -0.28072384 -1.73022747 -27.1138935
v -0.25249204 -1.63402581 -27.1095085
v -0.208427757 -0.730437994 -26.9810715
v -0.226425052 -0.626026511 -27.0340862
v -0.204535931 -0.712860465 -27.1081276
v -1.9322561 0.331741571 -27.1797142
v -1.85743272 0.341771841 -27.1644039
v -3.23091769 -0.302271426 -27.2483349
v -3.16596603 -0.236019894 -27.2835007
v -3.17164779 -0.257488072 -27.1960411
v -3.36303234 -0.442510873 -27.2449646
v -3.30735064 -0.373503894 -27.304636
v -3.30172205 -0.385632992 -27.1898346
v -3.7226336 -1.91002285 -27.3526039
v -3.76684237 -1.80753851 -27.2430267
v -3.64048314 -2.09509611 -27.3910713
v -3.68646836 -2.03666162 -27.2975483
v -3.64310145 -2.13339972 -27.2979774
v -3.55555892 -2.28685164 -27.3121891
v -3.61400843 -2.20731497 -27.2438526
v -3.44874907 -2.42790198 -27.3509636
v -3.44916964 -2.44868875 -27.2815456
v -3.38576722 -2.48637009 -27.4041576
v -3.41450977 -2.47975492 -27.3237267
v -3.32196736 -2.56440115 -27.3838711
v -3.24976206 -2.66277051 -27.2810593
v -3.17878151 -2.70962954 -27.3388901
v -3.12190795 -2.77780318 -27.216156
v -3.05164266 -2.81833768 -27.2652779
v -2.97512579 -2.87015533 -27.237112
v -2.91578484 -2.88639951 -27.3305264
v -2.69608164 -3.0004878 -27.2374516
v -2.72787762 -2.97315788 -27.3303776
v -2.48784637 -3.05302644 -27.3012619
v -2.48001957 -3.06556106 -27.2248745
v -2.00673294 -3.1001575 -27.2901154
v -1.91915643 -3.10451365 -27.2102642
v -1.89631772 -3.09005713 -27.3037567
v -1.7293787 -3.06515455 -27.3006153
v -1.82444811 -3.08879399 -27.2501431
v -1.73291218 -3.08026457 -27.1865196
v -1.55649519 -3.02694654 -27.2638283
v -1.64047611 -3.05476213 -27.2311058
v -1.55041659 -3.03609395 -27.1703911
v -1.46151865 -2.99722719 -27.2474289
v -1.37129116 -2.95686507 -27.2747765
v -1.08740783 -2.81629086 -27.1762447
v -1.03422594 -2.7906487 -27.0627251
v -0.990540504 -2.74535346 -27.1879406
v -0.901448786 -2.6714344 -27.1945839
v -0.825961232 -2.59716105 -27.2199249
v -0.763956249 -2.53232145 -27.2270489
v -0.698296428 -2.45416999 -27.2447147
v -0.416165859 -2.04645681 -27.1673031
v -0.376877606 -1.95544875 -27.19034
v -0.307727575 -1.77325225 -27.2032032
v -0.313310325 -1.82733977 -27.1105385
v -0.230990082 -1.48471785 -27.2034321
v -0.210727558 -1.42814195 -27.1285381
v -0.214736626 -1.39094567 -27.2048283
v -0.180939347 -1.12558544 -27.1311913
v -0.177021578 -1.01281893 -27.0791855
v -1.59156036 0.337992489 -27.1568604
v -1.49047172 0.325627565 -27.1393166
v -2.11847115 0.291838944 -27.1908188
v -2.03383517 0.313170344 -27.1787186
v -3.77178097 -1.47921181 -27.4271851
v -3.78003621 -1.37597287 -27.357645
v -3.79146647 -1.48894107 -27.3106632
v -3.75350618 -1.68697965 -27.4443855
v -3.77917099 -1.58273935 -27.3793468
v -3.54161835 -2.26399827 -27.4197674
v -3.59638262 -2.19936824 -27.3564205
v -3.43522096 -2.40676689 -27.4471111
v -3.498209 -2.34882784 -27.3802013
v -3.32100201 -2.53252339 -27.4701805
v -3.24098945 -2.64532852 -27.377533
v -3.16551447 -2.69527483 -27.4246178
v -3.11511183 -2.76673269 -27.3044586
v -3.04772305 -2.80326509 -27.3492012
v -2.99480534 -2.84393692 -27.3179111
v -2.97449541 -2.83695912 -27.3978443
v -2.62871218 -2.99509478 -27.39464
v -2.62868357 -3.01552892 -27.2909794
v -2.55179811 -3.02964664 -27.3412018
v -2.40761971 -3.0705986 -27.297163
v -2.46544194 -3.04499722 -27.3730869
v -2.11618829 -3.09069371 -27.3541355
v -2.08891749 -3.06761789 -27.462923
v -1.81674039 -3.06359553 -27.3932095
v -1.69725597 -3.03751135 -27.4107838
v -1.61987162 -3.03407288 -27.332386
v -1.52238798 -3.00298882 -27.3420238
v -1.42571414 -2.96487832 -27.3556767
v -1.32451534 -2.92037535 -27.3561058
v -1.13942349 -2.81147146 -27.3813419
v -1.22301996 -2.86493874 -27.3682518
v -1.15032947 -2.84053159 -27.2785625
v -1.05809963 -2.77606797 -27.2950382
v -0.965320289 -2.70757818 -27.2854919
v -0.817709804 -2.56780005 -27.3107185
v -0.884366214 -2.63534617 -27.296711
v -0.746623039 -2.49062371 -27.3160152
v -0.686646938 -2.41404438 -27.3348083
v -0.621829271 -2.32667637 -27.3418198
v -0.564513505 -2.24143004 -27.3458843
v -0.513032138 -2.19886613 -27.2367077
v -0.460141242 -2.09728932 -27.2630768
v -0.278499633 -1.67972076 -27.2046089
v -0.249023959 -1.574512 -27.1937943
v -0.204081267 -1.30238962 -27.2147465
v -0.19458054 -1.32569432 -27.1139088
v -0.191482261 -1.22737658 -27.1761627
v -0.182814687 -0.919081688 -27.129015
v -0.189643651 -0.825758636 -27.0699844
v -3.56862879 -0.732404709 -27.4116802
v -3.52021098 -0.657247543 -27.4417572
v -3.53230047 -0.663189054 -27.3544159
v -3.66991019 -0.923724711 -27.3544102
v -3.62105632 -0.824197173 -27.3833656
v -3.64114499 -0.852134526 -27.308939
v -3.72852397 -1.10006583 -27.3738842
v -3.68952584 -0.998343766 -27.4157467
v -3.71019936 -1.0199461 -27.3138428
v -3.72102714 -1.8560499 -27.4277802
v -3.74858379 -1.78997362 -27.3851013
v -3.60588121 -2.10711408 -27.4860916
v -3.64262509 -2.03246927 -27.4774723
v -3.52754354 -2.23431635 -27.5130959
v -3.58316851 -2.1768322 -27.4469814
v -3.42704296 -2.36872482 -27.5416317
v -3.48920631 -2.31519151 -27.4788303
v -3.36361051 -2.46193647 -27.5184727
v -3.27020144 -2.59468842 -27.4450264
v -3.25427556 -2.57784247 -27.5230255
v -3.20759749 -2.63868237 -27.482235
v -3.13503385 -2.68468428 -27.5206642
v -3.10159469 -2.75427938 -27.3927994
v -3.03741384 -2.78568745 -27.4374981
v -2.79911518 -2.9007926 -27.4958572
v -2.89324808 -2.86928535 -27.4458027
v -2.81031251 -2.92526269 -27.38937
v -2.71781921 -2.94948435 -27.4486771
v -2.54240561 -3.0103116 -27.4408283
v -2.62071681 -2.96596122 -27.5149879
v -2.38186717 -3.05235791 -27.416338
v -2.44667578 -3.02390146 -27.4800186
v -2.05345416 -3.04243636 -27.5559998
v -1.87934244 -3.04911017 -27.4912949
v -1.98292208 -3.06060219 -27.4806633
v -1.92827928 -3.07687664 -27.3929138
v -1.6603539 -3.00645518 -27.5026226
v -1.76860273 -3.02485824 -27.5208549
v -1.48987699 -2.96912432 -27.4456844
v -1.59228373 -3.0065372 -27.4286137
v -1.38668931 -2.92777681 -27.4465504
v -1.28523755 -2.87948442 -27.4460468
v -1.20481539 -2.83081079 -27.4610195
v -1.12994301 -2.780586 -27.4720669
v -1.00829208 -2.72645688 -27.3504848
v -0.956716597 -2.67402029 -27.3911648
v -0.871973991 -2.59352112 -27.406105
v -0.801233709 -2.52235889 -27.4055786
v -0.728939474 -2.4388659 -27.4120331
v -0.677231252 -2.37004232 -27.4240723
v -0.461227983 -2.0514133 -27.3717003
v -0.507436991 -2.1450305 -27.3532658
v -0.307715237 -1.71929872 -27.2978687
v -0.337555021 -1.81028783 -27.2924957
v -3.46771598 -0.571173966 -27.3954792
v -3.39853048 -0.478340119 -27.4007454
v -3.42963767 -0.518512309 -27.2892475
v -3.73974156 -1.4690094 -27.54216
v -3.7550354 -1.37884295 -27.4784775
v -3.72095132 -1.66974425 -27.5558987
v -3.75147033 -1.58373094 -27.4930038
v -3.59620309 -2.07369471 -27.5550156
v -3.50844026 -2.20899272 -27.595768
v -3.56327891 -2.15513301 -27.5358772
v -3.41815758 -2.33544946 -27.6145744
v -3.46610165 -2.29635835 -27.5683346
v -3.3690033 -2.40313435 -27.6114368
v -3.24234557 -2.55086279 -27.6024208
v -3.29734802 -2.52371383 -27.5443573
v -3.09189034 -2.73493004 -27.4754028
v -3.02401376 -2.76263356 -27.5299435
v -2.87628031 -2.84261322 -27.5541916
v -2.94815922 -2.78449702 -27.5976925
v -2.96378899 -2.81600475 -27.4879417
v -2.70470119 -2.92265368 -27.5542622
v -2.78351641 -2.87266994 -27.5985413
v -2.35110784 -3.03329492 -27.5116653
v -2.42222261 -2.99693203 -27.587738
v -2.10984588 -3.01410389 -27.6445923
v -2.01777339 -3.01123595 -27.6518002
v -1.68347347 -2.98700619 -27.5895004
v -1.57277215 -2.97272038 -27.5362015
v -1.45102179 -2.92581773 -27.5500736
v -1.2571404 -2.83578897 -27.5445805
v -1.34736586 -2.88092136 -27.5489807
v -1.17374742 -2.78787136 -27.5397873
v -1.08891857 -2.73505783 -27.5265217
v -1.00911355 -2.68177915 -27.5047131
v -0.932928979 -2.61900735 -27.4991837
v -0.847779393 -2.54115844 -27.4895363
v -0.785436392 -2.47458816 -27.4898396
v -0.724081159 -2.3989563 -27.4985504
v -0.676765144 -2.33921766 -27.4961529
v -0.625051618 -2.28828168 -27.4494743
v -0.557573557 -2.18661189 -27.4462547
v -0.417986572 -1.95953679 -27.3765507
v -0.374529064 -1.90837455 -27.2853985
v -0.374483228 -1.85667765 -27.3776054
v -0.279021233 -1.62513566 -27.291729
v -0.254489034 -1.52698183 -27.2889671
v -0.235477135 -1.43102169 -27.2900105
v -0.222735807 -1.3414973 -27.2990665
v -0.194855705 -1.14202023 -27.2498627
v -0.187115267 -1.02697587 -27.2188416
v -0.223687246 -0.599927902 -27.1516838
v -0.210103422 -0.675139248 -27.2274494
v -0.246512294 -0.496722996 -27.1805954
v -0.275445789 -0.424048662 -27.1123295
v -0.311406195 -0.363087714 -27.0476284
v -0.340823948 -0.28734225 -27.0747051
v -0.305967361 -0.33199355 -27.1463585
v -3.33974004 -0.406330585 -27.3979359
v -3.28557682 -0.345069498 -27.393631
v -3.73178267 -1.26696074 -27.5160885
v -3.73297119 -1.18157589 -27.4541454
v -3.75865269 -1.28452921 -27.42099
v -3.57277083 -2.04551053 -27.6397305
v -3.62851739 -1.98186612 -27.5722618
v -3.47446179 -2.17386627 -27.7076874
v -3.54358649 -2.12382293 -27.6213188
v -3.44022298 -2.27410603 -27.6550961
v -3.36402416 -2.34936738 -27.700098
v -3.30762315 -2.48080134 -27.6040688
v -3.24551082 -2.50537205 -27.6769638
v -3.18015337 -2.62489271 -27.5709438
v -3.11146379 -2.67309451 -27.5912724
v -3.11795902 -2.64029169 -27.6481533
v -3.07054973 -2.71956468 -27.5562801
v -3.01829362 -2.73873734 -27.5985184
v -2.79895186 -2.7871151 -27.7760277
v -2.85842371 -2.80950189 -27.661087
v -2.75778747 -2.8450346 -27.6958084
v -2.70714045 -2.89033389 -27.640049
v -2.54216862 -2.96005583 -27.6079597
v -2.560148 -2.91494226 -27.7114964
v -2.63429666 -2.92386889 -27.6257534
v -1.97786677 -2.97606516 -27.743906
v -2.07175374 -2.98165321 -27.7354031
v -1.91209662 -2.99471474 -27.6802921
v -1.84636486 -3.01694775 -27.5903034
v -1.81992936 -2.98025465 -27.6892872
v -1.72497594 -2.96491599 -27.6840229
v -1.62241483 -2.94506931 -27.668787
v -1.31377828 -2.83513236 -27.6364403
v -1.22765696 -2.7901299 -27.6290131
v -1.13902545 -2.73651838 -27.6213741
v -1.05774593 -2.68258595 -27.6084118
v -0.983204246 -2.62689352 -27.5960846
v -0.901326716 -2.5561533 -27.5868301
v -0.764523566 -2.41146922 -27.5814304
v -0.831301093 -2.48387194 -27.5888195
v -0.70896244 -2.34673357 -27.5717335
v -0.656857729 -2.28663254 -27.5499153
v -0.606106997 -2.21915579 -27.5352058
v -0.5588817 -2.13918185 -27.5417347
v -0.459272951 -1.99345005 -27.4703979
v -0.50960815 -2.09344411 -27.4666557
v -0.414542735 -1.89289999 -27.4731522
v -0.378637284 -1.8017782 -27.4747791
v -0.341823101 -1.76077461 -27.3886299
v -0.311660767 -1.66531682 -27.3900452
v -0.231026247 -1.26651692 -27.3978634
v -0.208326802 -1.24499595 -27.2842026
v -0.214335471 -1.17363381 -27.3600464
v -0.190517381 -0.910938263 -27.2393627
v -0.194766954 -0.802994013 -27.2101669
v -2.74897099 0.0652905852 -27.3685913
v -2.67535377 0.0957661718 -27.3178349
v -2.72695923 0.065780282 -27.2813854
v -2.90039945 -0.0195875559 -27.393816
v -2.82898355 0.0197365209 -27.3558254
v -2.87984419 -0.0215164032 -27.2747841
v -3.18370509 -0.239305362 -27.4489555
v -3.15053749 -0.212926999 -27.3687878
v -3.22955537 -0.288948834 -27.3523426
v -3.64285135 -0.897753537 -27.4554157
v -3.58837748 -0.796866 -27.493187
v -3.66170716 -1.06295061 -27.5947151
v -3.65760946 -0.980902553 -27.5248928
v -3.69820166 -1.07935882 -27.4908943
v -3.69102192 -1.46725988 -27.6667843
v -3.71545219 -1.3588227 -27.5956669
v -3.68453908 -1.64702833 -27.6530552
v -3.71320581 -1.56823218 -27.6053524
v -3.62201595 -1.83471787 -27.6993561
v -3.67840385 -1.76020694 -27.6193562
v -3.65906239 -1.88025546 -27.5867081
v -3.54456425 -2.00611067 -27.7320442
v -3.60103846 -1.93960464 -27.6716309
v -3.39976835 -2.26034141 -27.7476845
v -3.28811979 -2.39482188 -27.7690086
v -3.30908585 -2.43331909 -27.6789131
v -3.17810798 -2.57015944 -27.6802998
v -3.10007405 -2.60963345 -27.731472
v -2.6624496 -2.87747908 -27.7147427
v -2.70271945 -2.82883835 -27.7844563
v -2.47245193 -2.94595814 -27.6964722
v -2.49750996 -2.90062571 -27.7878304
v -2.26017475 -2.98196316 -27.7049484
v -2.29830313 -2.94194341 -27.79142
v -2.36274886 -2.96496916 -27.709116
v -1.96258211 -2.94183064 -27.8261871
v -2.04482579 -2.94779706 -27.8187809
v -1.87416756 -2.95336747 -27.7794151
v -1.77256167 -2.93937302 -27.7767487
v -1.66858184 -2.92008686 -27.7687435
v -1.57206535 -2.90172529 -27.745451
v -1.45947492 -2.86547256 -27.7343445
v -1.41040599 -2.88065982 -27.6373291
v -1.36523235 -2.82766271 -27.7248287
v -1.10720956 -2.6858263 -27.692997
v -1.02181423 -2.6216507 -27.6876488
v -0.950104713 -2.55993128 -27.6851578
v -0.878101051 -2.49712634 -27.6689034
v -0.751734495 -2.35978031 -27.6561966
v -0.808741033 -2.42199922 -27.6684895
v -0.649304032 -2.23618889 -27.6261215
v -0.698073685 -2.29957461 -27.6369629
v -0.601648033 -2.16755891 -27.6173382
v -0.564194679 -2.1042273 -27.6184864
v -0.510652483 -2.03571892 -27.5696182
v -0.456362963 -1.93149662 -27.5582142
v -0.284772635 -1.57079458 -27.3845768
v -0.263629347 -1.48193204 -27.380785
v -0.245201856 -1.38451958 -27.3808651
v -1.6915828 0.345521301 -27.1340218
v -1.71918809 0.350524396 -27.0972195
v -2.44866657 0.179810822 -27.2252026
v -2.3641696 0.213345066 -27.2403069
v -3.53262854 -0.69842732 -27.5113926
v -3.46886182 -0.592041373 -27.5088768
v -3.69324708 -1.24698019 -27.6193771
v -3.69953203 -1.16415966 -27.557909
v -3.50498033 -1.99223721 -27.814888
v -3.55373478 -1.90501761 -27.7876244
v -3.41274881 -2.18387961 -27.8072166
v -3.47944546 -2.0869782 -27.7832718
v -3.33245158 -2.3157661 -27.7962875
v -3.26615381 -2.35287023 -27.8549805
v -3.24857306 -2.46079779 -27.7409306
v -3.1943047 -2.5088613 -27.7545738
v -3.21803403 -2.43801379 -27.8194752
v -3.13688803 -2.55907226 -27.7621937
v -3.08472896 -2.57870984 -27.8039398
v -2.97675705 -2.7328155 -27.6727829
v -2.96209216 -2.68581772 -27.7819653
v -3.04319572 -2.66505814 -27.7131252
v -2.39955807 -2.92188883 -27.7949486
v -2.45030141 -2.87046194 -27.87854
v -2.21860003 -2.95754576 -27.7775726
v -2.22274137 -2.91822195 -27.8661823
v -2.00259304 -2.91111875 -27.8997345
v -1.89963663 -2.91150999 -27.8843384
v -1.81264079 -2.90752673 -27.8687286
v -1.72000694 -2.89451218 -27.8593655
v -1.61682391 -2.87892127 -27.8349094
v -1.51579094 -2.85031104 -27.8246555
v -1.41671598 -2.81191349 -27.8209686
v -1.33183897 -2.77348852 -27.8155499
v -1.24291122 -2.72821569 -27.8051643
v -1.18387771 -2.73141766 -27.7105961
v -1.15149438 -2.67686844 -27.7871933
v -0.856465816 -2.42888927 -27.7633324
v -0.931504905 -2.50382113 -27.7679958
v -0.782009661 -2.34911561 -27.7507935
v -0.728644013 -2.30544257 -27.7041283
v -0.690918267 -2.25595188 -27.7005997
v -0.641466558 -2.18512797 -27.6975327
v -0.59710902 -2.11535215 -27.6957531
v -0.548093617 -2.04522896 -27.6695347
v -0.506071329 -1.96890581 -27.6626568
v -0.460010558 -1.8765533 -27.653677
v -0.418664336 -1.83940685 -27.5652256
v -0.382246405 -1.74915504 -27.5586452
v -0.346532941 -1.70487988 -27.4808769
v -0.319431663 -1.61384547 -27.4829483
v -0.204073057 -1.06229436 -27.3421421
v -0.199144259 -0.959488869 -27.3243256
v -0.214054286 -1.00193238 -27.4276772
v -2.60553813 0.126856029 -27.3131638
v -2.50403523 0.169389471 -27.3167305
v -0.908866346 0.771835685 -32.6364059
v -0.846404791 0.739743829 -32.6302795
v -0.899154782 0.762608826 -32.5875778
v -0.829639316 0.730372906 -32.628376
v -0.770839512 0.696330905 -32.6213036
v -0.775782406 0.694924235 -32.5829468
v -0.687883019 0.64149785 -32.6090126
v -0.641984046 0.607508242 -32.6009674
v -0.646613538 0.606908262 -32.5715141
v -3.41951847 -0.51230669 -27.4680099
v -3.36873794 -0.446545184 -27.4819851
v -0.537331223 0.51288873 -32.5768013
v -0.527406693 0.501683116 -32.5667839
v -0.576794028 0.551770866 -32.5870056
v -0.585622311 0.544801533 -32.5074883
v -0.52084434 0.49529615 -32.5720787
v -0.471935481 0.435194403 -32.555378
v -0.476455957 0.432982743 -32.5220261
v -3.63804007 -1.41108882 -27.7823029
v -3.66805792 -1.33432257 -27.7064915
v -3.64559293 -1.6195066 -27.741663
v -3.6781714 -1.56610405 -27.6861763
v -3.58368349 -1.78315949 -27.8002472
v -3.63696313 -1.71991324 -27.7259254
v -3.4922936 -1.92538655 -27.88447
v -3.44654083 -2.03312516 -27.8840656
v -3.36410165 -2.24599791 -27.8233261
v -3.35657501 -2.20045257 -27.8814621
v -3.24674201 -2.30547428 -27.937027
v -3.31643081 -2.27205658 -27.8701363
v -3.00157523 -2.60627532 -27.865694
v -3.06919479 -2.53739786 -27.8849907
v -3.040344 -2.63108921 -27.7774162
v -2.70124936 -2.69353318 -28.02808
v -2.79632473 -2.62060547 -28.0606747
v -2.79206204 -2.68476248 -27.9629421
v -2.544559 -2.82322001 -27.9154186
v -2.63565993 -2.75387979 -27.9773388
v -2.65741634 -2.79902196 -27.8803463
v -1.47498512 -2.79485011 -27.9157906
v -1.56798446 -2.82886505 -27.914938
v -1.2910955 -2.71846771 -27.8901787
v -1.37752891 -2.75715733 -27.904314
v -1.2067281 -2.66965032 -27.8855381
v -1.1218437 -2.62023377 -27.8651733
v -1.05412126 -2.57204938 -27.8553734
v -1.00216556 -2.56699371 -27.7720432
v -0.984092653 -2.51184297 -27.8548946
v -0.732061684 -2.27319503 -27.7743492
v -0.683927059 -2.203619 -27.7795906
v -0.632921696 -2.12884665 -27.7752304
v -0.54365629 -1.98706591 -27.7537003
v -0.586039901 -2.05795646 -27.7634048
v -0.419908583 -1.77929497 -27.6563606
v -0.39044717 -1.70754921 -27.6469975
v -0.321525097 -1.55860424 -27.5555172
v -0.352934629 -1.65184975 -27.5724773
v -0.294149935 -1.51906037 -27.4798737
v -0.273416907 -1.42849994 -27.4763489
v -0.255450964 -1.33510268 -27.4723625
v -0.247091711 -1.25284016 -27.494585
v -0.233110785 -1.18390691 -27.4636707
v -0.220434651 -1.10035646 -27.4331894
v -0.213887438 -0.797099531 -27.4194069
v -0.201570228 -0.851457 -27.3293724
v -0.207304284 -0.748157859 -27.3214607
v -0.223353937 -0.630149841 -27.3449192
v -0.229021221 -0.570693314 -27.2659187
v -0.252509117 -0.475461364 -27.2914791
v -0.273893237 -0.403073549 -27.2126369
v -0.397197843 -0.16454041 -27.1796474
v -0.384852082 -0.205822587 -27.0832748
v -0.455395073 -0.106007889 -27.0940075
v -1.23973227 0.270090222 -27.0828209
v -1.16574252 0.262645513 -27.1636868
v -3.29390645 -0.355605841 -27.4875488
v -3.24581981 -0.302041769 -27.4403496
v -3.62658334 -1.04663301 -27.6827507
v -3.62892342 -0.979387641 -27.616312
v -3.64202428 -1.22168934 -27.73839
v -3.6590488 -1.139117 -27.655901
v -3.60781574 -1.57904863 -27.827425
v -3.64565635 -1.51337922 -27.7611656
v -3.55160403 -1.73744452 -27.8836002
v -3.60313988 -1.6783011 -27.8068447
v -3.47162414 -1.86540091 -27.9650879
v -3.52383661 -1.82992065 -27.887619
v -3.42425871 -1.96944654 -27.9746571
v -3.40352392 -2.1203742 -27.8815784
v -3.3382535 -2.14903259 -27.9602566
v -3.29581404 -2.2273736 -27.9480991
v -3.23297811 -2.25561881 -28.0128613
v -3.06104136 -2.48053503 -27.9722748
v -3.11755133 -2.4118042 -27.9892597
v -3.13425326 -2.46050596 -27.9058189
v -2.93826389 -2.59525776 -27.9535618
v -3.00565434 -2.55089593 -27.9421005
v -2.89778852 -2.66346169 -27.8922615
v -2.69830418 -2.63793945 -28.1227551
v -2.16351128 -2.86379242 -27.9905586
v -2.22146606 -2.81302309 -28.0794239
v -2.2706244 -2.86026263 -27.9728565
v -1.53459942 -2.77766538 -28.0034695
v -1.43959141 -2.73961425 -28.0059032
v -1.34213388 -2.70186138 -27.9878826
v -1.25831485 -2.66330194 -27.9701481
v -1.17200744 -2.60867786 -27.9682522
v -1.09237134 -2.57153344 -27.9222279
v -1.0393455 -2.52145886 -27.9371586
v -0.969489336 -2.4607749 -27.9336376
v -0.914883196 -2.44438934 -27.8570309
v -0.786255062 -2.29814219 -27.8611774
v -0.725343645 -2.21922064 -27.8603172
v -0.671067774 -2.14610887 -27.8514233
v -0.627499163 -2.07901168 -27.8495922
v -0.458114922 -1.81110597 -27.7484341
v -0.503812969 -1.90753686 -27.7548466
v -0.419144154 -1.71078479 -27.7543488
v -0.345220417 -1.58039665 -27.6314201
v -0.32724157 -1.51035035 -27.6382275
v -0.282464057 -1.38270998 -27.5651016
v -0.299670994 -1.46633303 -27.5613461
v -0.314054489 -0.303069353 -27.2507572
v -0.348449439 -0.243290365 -27.1661358
v -0.70624584 0.0904082283 -27.1062584
v -0.636716366 0.0624709949 -27.1787186
v -0.966729641 0.793480635 -32.5732574
v -0.913141906 0.761348307 -32.5106201
v -0.784674227 0.686891556 -32.4866524
v -0.842288196 0.727689087 -32.5410614
v -0.716813505 0.66160512 -32.613636
v -0.71506387 0.649379075 -32.5321617
v -0.657971978 0.596916258 -32.4690475
v -0.608037174 0.578919709 -32.5938454
v -0.526605248 0.502110422 -32.5739555
v -0.527278364 0.482795954 -32.4868126
v -0.500219882 0.429484874 -32.416832
v -0.454683334 0.409261703 -32.5478745
v -0.406798035 0.320947886 -32.521492
v -0.399360448 0.304349661 -32.5164146
v -0.409400791 0.292268664 -32.4448738
v -0.440340519 0.368764997 -32.482933
v -3.04177332 -0.113171354 -27.46772
v -2.96544504 -0.0521700755 -27.4947701
v -2.99895978 -0.0876706913 -27.3906269
v -3.16041398 -0.212670922 -27.538538
v -3.11890841 -0.179102674 -27.4546375
v -0.377254307 0.226481616 -32.4916077
v -0.369410187 0.152962282 -32.467186
v -0.371429384 0.151306927 -32.4547844
v -3.60133648 -1.37495697 -27.8708954
v -3.62330532 -1.29766321 -27.8063869
v -3.57311606 -1.54051328 -27.9162846
v -3.60700655 -1.46997702 -27.8500957
v -3.52275753 -1.68416631 -27.9728451
v -3.56490731 -1.63836145 -27.9004116
v -3.44986129 -1.81007016 -28.0510902
v -3.5001595 -1.77339756 -27.9693394
v -3.40971732 -1.89420378 -28.0665112
v -3.30775762 -2.10319304 -28.0575886
v -3.37757635 -2.05959582 -27.9793549
v -3.28211069 -2.18891764 -28.0097351
v -3.23538017 -2.19658995 -28.0761395
v -3.03920937 -2.43604183 -28.0594521
v -3.11182284 -2.34907866 -28.0769749
v -2.89213967 -2.579283 -28.0267792
v -2.97196937 -2.51767015 -28.0280647
v -2.8654685 -2.63011551 -27.9774361
v -2.50149751 -2.7142427 -28.1392288
v -2.54998541 -2.6558392 -28.2100067
v -2.61084604 -2.69522405 -28.0971012
v -2.26604819 -2.75471067 -28.1788807
v -2.34136367 -2.69970727 -28.2524052
v -2.3924439 -2.74329638 -28.1476154
v -1.88301086 -2.81673121 -28.0837021
v -1.7909255 -2.79901934 -28.096714
v -1.83085966 -2.76768064 -28.1739159
v -1.71134925 -2.81375217 -28.0336113
v -1.61965966 -2.80835843 -27.9953384
v -1.61286569 -2.76537228 -28.0846062
v -1.38820636 -2.68274474 -28.0793705
v -1.49771297 -2.712533 -28.1157646
v -1.3051461 -2.65000463 -28.0578308
v -1.23484826 -2.61645198 -28.0407791
v -1.10272217 -2.53861594 -28.0097561
v -1.02576137 -2.46366262 -28.0337086
v -0.949973404 -2.41007519 -27.9995728
v -0.897517741 -2.38924742 -27.9334126
v -0.846751869 -2.3769927 -27.8464241
v -0.838937283 -2.32169533 -27.939291
v -0.661747754 -2.09910917 -27.9118042
v -0.627895892 -2.03910613 -27.9225368
v -0.58438015 -2.00882983 -27.8443813
v -0.539456367 -1.92703927 -27.8416119
v -0.235832378 -1.12421227 -27.5163288
v -0.22979334 -1.0473249 -27.518198
v -0.959713936 0.216192484 -27.2439613
v -1.01164615 0.224158451 -27.1905346
v -2.64919806 0.120839491 -27.4182835
v -2.8178792 0.036460001 -27.4416084
v -3.40239191 -0.501470327 -27.5523968
v -3.33960176 -0.417502403 -27.5740051
v -3.58543921 -1.00501156 -27.7765503
v -3.58953714 -0.931692183 -27.6897812
v -3.59612489 -1.19457161 -27.8574104
v -3.61309552 -1.11065674 -27.7649593
v -3.55058455 -1.49551678 -27.98839
v -3.57229137 -1.43399 -27.9445763
v -3.49852347 -1.63167989 -28.060751
v -3.53822351 -1.58961546 -27.9833908
v -3.43976188 -1.75825202 -28.1142807
v -3.48087454 -1.72311556 -28.0448227
v -3.40636444 -1.82292664 -28.1357536
v -3.2923789 -2.03481555 -28.1576996
v -3.36175275 -1.99818158 -28.0655365
v -3.17026806 -2.2734828 -28.0866795
v -3.10005593 -2.2975719 -28.1603508
v -2.86655331 -2.53652453 -28.1187096
v -2.95269799 -2.45356631 -28.1429977
v -2.50274014 -2.6075542 -28.3272133
v -2.61478949 -2.59814286 -28.2601814
v -2.69396138 -2.53253293 -28.3005943
v -2.70328569 -2.58105874 -28.2118568
v -2.44316387 -2.68520188 -28.2262936
v -2.29259777 -2.65149236 -28.3620911
v -2.24355292 -2.70539784 -28.2798901
v -2.08767462 -2.71350336 -28.29879
v -2.16435456 -2.67793822 -28.3540573
v -2.16865277 -2.73295999 -28.2477245
v -1.68952024 -2.70036864 -28.2625504
v -1.7177453 -2.75816298 -28.1550198
v -1.5955199 -2.70831323 -28.1946087
v -1.50597668 -2.66054368 -28.231802
v -1.4166311 -2.65040088 -28.1763287
v -1.2595402 -2.58888578 -28.1316357
v -1.33965874 -2.63316584 -28.133852
v -1.18837357 -2.52155185 -28.1761417
v -1.17950475 -2.56404543 -28.0749702
v -1.10411191 -2.4941659 -28.1044884
v -0.967724979 -2.38068748 -28.0935669
v -1.03246379 -2.41171503 -28.151968
v -0.906827033 -2.30034876 -28.1312389
v -0.899277925 -2.34761763 -28.0211029
v -0.833021164 -2.2597568 -28.0472584
v -0.776145399 -2.23857665 -27.9524097
v -0.674492061 -2.07577014 -27.9909096
v -0.633011997 -1.99674261 -28.0148373
v -0.582814574 -1.95795548 -27.9288082
v -0.541774213 -1.87458479 -27.938694
v -0.501977324 -1.79141128 -27.9395046
v -0.498290896 -1.84019494 -27.8457012
v -0.460461855 -1.75324821 -27.8474884
v -0.426715642 -1.65824521 -27.8630657
v -0.392030746 -1.61179674 -27.7879639
v -0.366442889 -1.51854229 -27.8055553
v -0.356538177 -1.5554409 -27.7124615
v -0.334296793 -1.46670628 -27.7236252
v -0.315288186 -1.37985778 -27.7328281
v -0.308021814 -1.42440808 -27.646965
v -0.289123774 -1.32642043 -27.6552982
v -0.274513125 -1.2341187 -27.66259
v -0.267051816 -1.28789806 -27.5740662
v -0.250847846 -1.18678713 -27.5653667
v -0.245349377 -1.08775222 -27.5973797
v -0.228797182 -0.750823498 -27.5295982
v -0.222469479 -0.700047076 -27.4357414
v -0.238577381 -0.592640758 -27.4601612
v -0.243003219 -0.531500876 -27.3699512
v -0.255875081 -0.502032638 -27.4613438
v -0.286445707 -0.373892486 -27.3446388
v -0.262326092 -0.455868512 -27.3803101
v -0.559978545 0.00550707476 -27.157959
v -0.518538296 -0.0238786079 -27.2272892
v -0.502599835 -0.0457684658 -27.1471386
v -0.795620501 0.153254017 -27.2385006
v -0.875864446 0.177910194 -27.1863747
v -1.39575362 0.949707329 -32.6595497
v -1.32632649 0.930135548 -32.6582222
v -1.39798045 0.947887063 -32.6067581
v -1.49302649 0.330328166 -27.2293663
v -1.30846751 0.924866498 -32.6577988
v -1.22865808 0.900166214 -32.6555214
v -1.24119437 0.900353372 -32.583046
v -1.09380126 0.852427542 -32.6496315
v -1.0907737 0.851292729 -32.6494789
v -1.07982039 0.839689553 -32.5468178
v -1.16485715 0.876214087 -32.6144791
v -1.02166963 0.823412836 -32.6452942
v -1.00823951 0.817563891 -32.6443367
v -0.989784777 0.794819951 -32.477066
v -0.93130827 0.761015594 -32.4291191
v -0.859489679 0.726445854 -32.4589233
v -0.804336667 0.685043991 -32.399559
v -0.735127687 0.646340549 -32.4361153
v -0.681004524 0.596185207 -32.3832512
v -0.559581935 0.502957165 -32.4375496
v -0.56796217 0.486611247 -32.3538971
v -0.616145849 0.54910022 -32.4112854
v -0.431716293 0.293697625 -32.3608131
v -0.445004791 0.34511292 -32.4087372
v -0.378222615 0.233808264 -32.4940262
v -0.393509269 0.218813539 -32.4065704
v -0.391335309 0.14980571 -32.3638229
v -0.369716197 0.140755609 -32.4630089
v -0.379734337 0.0420768894 -32.4286499
v -0.390382379 -0.00931257475 -32.4103394
v -0.396389812 -0.0111227753 -32.3784866
v -0.379643649 0.0688236356 -32.4079742
v -3.51229429 -0.787007868 -27.7998028
v -3.50286746 -0.723113775 -27.7057896
v -3.56965709 -1.33840132 -27.964098
v -3.59161711 -1.2892921 -27.8937531
v -3.53467917 -1.41844404 -28.0604916
v -3.48012018 -1.5803355 -28.1420593
v -3.51554966 -1.53604412 -28.0683136
v -3.45344758 -1.67642856 -28.1448231
v -3.41175413 -1.7380904 -28.1982803
v -3.34808469 -1.91561425 -28.1733131
v -3.27743244 -1.97253561 -28.2560024
v -3.17411685 -2.20957923 -28.1587963
v -3.16401815 -2.14324331 -28.2580986
v -3.23297119 -2.12671232 -28.1604481
v -3.10081625 -2.22277403 -28.2575626
v -2.87413073 -2.47202635 -28.2082596
v -2.93754101 -2.3824935 -28.2650852
v -2.78585577 -2.51761532 -28.234045
v -2.48840165 -2.54033995 -28.4549866
v -2.59440827 -2.53957009 -28.3763752
v -2.68284845 -2.47438312 -28.4069653
v -2.30238748 -2.5907352 -28.4697914
v -2.40279078 -2.59683895 -28.4085941
v -2.13016939 -2.62688184 -28.4579849
v -2.2221415 -2.62622905 -28.4351788
v -2.04888606 -2.67073584 -28.3858109
v -1.97687054 -2.71416283 -28.302536
v -1.75743091 -2.63131738 -28.428381
v -1.85570407 -2.68180871 -28.353548
v -1.74626005 -2.67655993 -28.3340416
v -1.67560565 -2.65153289 -28.3557796
v -1.5921669 -2.65848207 -28.2961426
v -1.42836702 -2.61071062 -28.2701721
v -1.3389256 -2.59443951 -28.2141762
v -1.26184547 -2.53962326 -28.2375813
v -1.11052203 -2.4436326 -28.2195263
v -0.97843492 -2.34075236 -28.1955452
v -0.855768085 -2.22315574 -28.1719341
v -0.789493024 -2.17344356 -28.1110191
v -0.747967958 -2.09762526 -28.1508541
v -0.726587415 -2.11960602 -28.0520935
v -0.683309257 -2.03630209 -28.0896931
v -0.583809018 -1.90533495 -28.0254726
v -0.63981849 -1.9644326 -28.0946541
v -0.53735131 -1.82405949 -28.0108337
v -0.467166483 -1.70327115 -27.9534645
v -0.401953191 -1.57033265 -27.8908653
v -0.34363848 -1.4254595 -27.8202705
v -0.284661621 -0.394900113 -27.4580212
v -0.315706939 -0.307597429 -27.4244976
v -0.334059268 -0.264738709 -27.3560715
v -0.360815227 -0.214595124 -27.2682018
v -0.416121036 -0.13340646 -27.2771778
v -0.461482525 -0.0825605318 -27.2061081
v -1.24096847 0.284960955 -27.194788
v -1.16027272 0.276683718 -27.2694817
v -1.67267013 0.343208909 -27.2427921
v -1.86192095 0.336754918 -27.261095
v -1.76765537 0.343585253 -27.2011929
v -1.96639955 0.323442638 -27.2718067
v -2.20836544 0.264622658 -27.1833687
v -2.17145872 0.278892398 -27.2897091
v -2.3302803 0.232661426 -27.3186569
v -2.27011561 0.247435257 -27.2626877
v -2.41271257 0.206554368 -27.3390751
v -2.5571413 0.159164578 -27.4025192
v -3.45619583 -0.6273157 -27.709341
v -3.42971611 -0.558258653 -27.6256599
v -3.4879415 -0.655271649 -27.6110401
v -3.54771948 -0.949370384 -27.8797455
v -3.55166698 -0.897130072 -27.7894096
v -3.56002879 -1.12393987 -27.9658031
v -3.57496476 -1.06191981 -27.8626213
v -3.5445087 -1.28043008 -28.0567455
v -3.56746888 -1.23559046 -27.9674721
v -3.50437665 -1.4071641 -28.1687107
v -3.49459028 -1.49133825 -28.1546497
v -3.45987773 -1.53357291 -28.2361488
v -3.43018317 -1.6324271 -28.2427959
v -3.31267166 -1.89118648 -28.274498
v -3.26415205 -1.91746986 -28.3487892
v -3.22126675 -2.06807017 -28.2505703
v -3.16177034 -2.08708429 -28.3342609
v -2.84761786 -2.39241815 -28.3609867
v -2.90889978 -2.32861376 -28.3822479
v -2.77038169 -2.46521688 -28.3334713
v -2.84886718 -2.44344139 -28.2808762
v -2.58211732 -2.47484064 -28.4965916
v -2.67306566 -2.40503073 -28.5313511
v -2.39359546 -2.53517008 -28.523737
v -2.48702502 -2.47982407 -28.5613575
v -2.2036109 -2.58349013 -28.5199738
v -2.2921083 -2.53439045 -28.5761833
v -2.02667832 -2.61188936 -28.499752
v -2.10446072 -2.57645726 -28.5569267
v -1.80623865 -2.59084082 -28.5211506
v -1.59644723 -2.61184263 -28.3940754
v -1.66945064 -2.60420704 -28.4476719
v -1.72956645 -2.58719707 -28.5055084
v -1.43698132 -2.56386042 -28.3743744
v -1.50561416 -2.61079192 -28.3348866
v -1.34636974 -2.55144024 -28.3116493
v -1.27737975 -2.49542642 -28.3476505
v -1.19454145 -2.47735524 -28.276638
v -1.1228112 -2.40633345 -28.3147182
v -1.05107725 -2.37658572 -28.2564926
v -0.990417063 -2.30370712 -28.2920856
v -0.921158314 -2.26193976 -28.2377968
v -0.867332399 -2.18329763 -28.2752895
v -0.809065282 -2.14523292 -28.2134514
v -0.761021793 -2.06916809 -28.2383995
v -0.71558845 -2.03084135 -28.1897812
v -0.556379616 -1.81095433 -28.0995026
v -0.611896813 -1.88622928 -28.1497478
v -0.476720929 -1.66019928 -28.060545
v -0.522988319 -1.73257983 -28.1157398
v -0.510108948 -1.75533938 -28.0299072
v -0.411662102 -1.5231005 -28.0029392
v -0.444609016 -1.58560765 -28.0495968
v -0.436072141 -1.61769915 -27.9640236
v -0.353455991 -1.38373613 -27.9215832
v -0.381748766 -1.4377327 -27.9879723
v -0.376972675 -1.48028111 -27.9066792
v -0.309669524 -1.25178909 -27.8434925
v -0.328476012 -1.2932924 -27.9011116
v -0.322979093 -1.33404171 -27.8254585
v -0.273652911 -1.09516478 -27.7715912
v -0.284481943 -1.18811631 -27.7615757
v -0.263517469 -1.1348182 -27.6799145
v -0.250537872 -0.953775108 -27.6987476
v -0.256791651 -1.04644871 -27.6963253
v -0.239684239 -0.992109478 -27.6088104
v -0.223607108 -0.847692251 -27.5158958
v -0.237100825 -0.796222031 -27.6166534
v -0.236541301 -0.899831533 -27.6130428
v -0.237573341 -0.650654793 -27.5342407
v -0.354340792 -0.230344996 -27.4721642
v -2.005481 1.04884315 -32.6464653
v -1.96222246 1.0474664 -32.6493187
v -1.96886408 1.04264367 -32.5994301
v -1.85197556 1.03879404 -32.6548347
v -1.78585529 1.03067362 -32.6571465
v -1.79310215 1.0279851 -32.6083755
v -1.674281 1.01237929 -32.6594925
v -1.62206244 1.00269639 -32.6602058
v -1.63374364 1.00109529 -32.5899162
v -1.70449734 1.01741982 -32.6486053
v -1.47882009 0.970814943 -32.6603546
v -1.47030413 0.968837559 -32.6603355
v -1.48016071 0.96727854 -32.5736465
v -1.5497297 0.98564142 -32.6235809
v -1.33086479 0.926814735 -32.5573311
v -1.41365421 0.947864056 -32.5158424
v -2.79371738 0.0702110976 -27.5626793
v -2.73214006 0.0881872624 -27.4738579
v -1.27178311 0.905903339 -32.5017395
v -3.09039044 -0.146823153 -27.5440292
v -3.01697683 -0.0811355487 -27.5700436
v -1.20333862 0.891518712 -32.6545258
v -3.22653151 -0.28096956 -27.5183334
v -3.19653535 -0.243514806 -27.6243515
v -1.13636732 0.85328722 -32.4298668
v -1.19060087 0.879348695 -32.5155334
v -3.31349754 -0.386191845 -27.6766453
v -3.27190566 -0.332313567 -27.5998154
v -3.42936492 -0.590299904 -27.8187103
v -3.39894557 -0.524093211 -27.7345009
v -3.48232055 -0.732025862 -27.9030056
v -3.47072101 -0.683787107 -27.8113041
v -3.5206511 -0.899577141 -27.9949284
v -3.51811004 -0.846588254 -27.898531
v -1.05887496 0.821581066 -32.4326782
v -3.53527617 -1.06716681 -28.0710163
v -3.54282212 -1.01087332 -27.9783802
v -1.00411618 0.791916549 -32.384449
v -0.948651433 0.758679986 -32.3378525
v -3.52455282 -1.22103322 -28.1524181
v -3.54287219 -1.17423439 -28.0617676
v -3.49242783 -1.36194968 -28.2403278
v -3.51740503 -1.32944453 -28.1531696
v -0.873644888 0.721702456 -32.3692131
v -0.825779796 0.682329059 -32.3036728
v -3.44979906 -1.48608696 -28.3096485
v -3.47826171 -1.44876468 -28.237299
v -3.3995502 -1.60804439 -28.3570251
v -3.43063569 -1.55759871 -28.3095932
v -0.749840498 0.638233483 -32.3412895
v -0.701734304 0.590339661 -32.2865829
v -3.30623698 -1.76535213 -28.4378185
v -3.36618447 -1.72290409 -28.3298607
v -3.31382537 -1.829386 -28.3418598
v -3.25672317 -1.86002183 -28.4375362
v -3.21521854 -2.00656152 -28.3378468
v -3.15440965 -2.0265708 -28.4285908
v -3.0935998 -2.17176151 -28.3376656
v -3.03186464 -2.24452329 -28.3331985
v -3.03558588 -2.18426228 -28.4132462
v -2.83549809 -2.33926702 -28.4585018
v -2.89977479 -2.27860236 -28.4706383
v -2.76200008 -2.40570951 -28.4377975
v -2.63840795 -2.35949302 -28.6412525
v -2.57106614 -2.41659093 -28.6051025
v -2.38870955 -2.47512245 -28.6327248
v -2.48034048 -2.42106748 -28.6680603
v -2.19558549 -2.52694988 -28.6257153
v -2.28473592 -2.47698283 -28.6821632
v -1.99938834 -2.55846906 -28.6015263
v -2.08658338 -2.51539683 -28.6723614
v -1.74623024 -2.55550933 -28.5723953
v -1.90807676 -2.53009033 -28.6525211
v -1.82155132 -2.54967117 -28.6033211
v -1.59596133 -2.56725359 -28.4826622
v -1.66666639 -2.55792284 -28.5371857
v -1.44201934 -2.52037787 -28.4659309
v -1.51038277 -2.56544542 -28.4302979
v -1.36028433 -2.50840282 -28.4135265
v -1.28162241 -2.44879889 -28.4460869
v -1.20036232 -2.42902327 -28.3823204
v -1.13473284 -2.36393189 -28.4171352
v -1.06596553 -2.33671069 -28.361208
v -1.00846004 -2.26468492 -28.4016743
v -0.940436721 -2.23236394 -28.3347111
v -0.888863981 -2.15399218 -28.3787098
v -0.820894122 -2.10684252 -28.3149891
v -0.781036317 -2.04153371 -28.3414059
v -0.721875191 -1.99707019 -28.2700329
v -0.686207891 -1.92853129 -28.2973862
v -0.67041558 -1.96101785 -28.1916428
v -0.643802404 -1.89336312 -28.2362404
v -0.511884451 -1.67012036 -28.1804619
v -0.54950732 -1.75739884 -28.1687527
v -0.432224303 -1.52034879 -28.0980148
v -0.469621569 -1.59562027 -28.1373405
v -0.373623759 -1.3740288 -28.035326
v -0.403381705 -1.45192182 -28.0699768
v -0.320768803 -1.22075295 -27.9385185
v -0.346465111 -1.29696465 -27.9933434
v -0.281819642 -1.04926443 -27.8563347
v -0.296033949 -1.14143586 -27.8714466
v -0.266593009 -1.00219262 -27.7860146
v -0.263329625 -0.903284132 -27.8065052
v -0.637390614 0.545003116 -32.3234711
v -0.592849791 0.485184848 -32.2665558
v -0.249763086 -0.749502838 -27.7077904
v -0.249492332 -0.849622071 -27.7161942
v -0.253126204 -0.605652094 -27.6327877
v -0.242075294 -0.698362648 -27.6178646
v -0.529147267 0.421832561 -32.2972832
v -0.472186953 0.353651792 -32.3294563
v -0.273457617 -0.460464031 -27.561367
v -0.253638566 -0.549933612 -27.5500603
v -0.316488177 -0.314162821 -27.5034447
v -0.450103819 0.283412486 -32.2780266
v -0.416589886 0.2214403 -32.3182983
v -0.413015962 0.134348631 -32.2667732
v -0.59858793 0.0472611412 -27.3276329
v -0.539164364 -0.00118143368 -27.3089104
v -0.585148454 0.0320971981 -27.2400455
v -0.399620414 0.0634958372 -32.315609
v -0.417981595 -0.021690743 -32.2775688
v -0.714689612 0.110581443 -27.2060966
v -0.729606688 0.128435358 -27.3131332
v -0.651479602 0.0804303885 -27.2765656
v -0.401042193 -0.0417105667 -32.3984947
v -0.435244083 -0.132273361 -32.3650398
v -0.457615435 -0.183366939 -32.345932
v -0.46395734 -0.182717681 -32.3020782
v -0.42593345 -0.0976997688 -32.3391914
v -1.82026279 0.342983335 -27.3576317
v -1.75295568 0.344208688 -27.3055611
v -1.90876448 0.334333837 -27.3574467
v -2.00407505 0.321482629 -27.3761768
v -2.10190439 0.303344697 -27.3886471
v -2.06929111 0.303921968 -27.2801609
v -2.33502126 0.241570279 -27.4076118
v -2.26112485 0.259474963 -27.3655605
v -2.47649646 0.190611109 -27.3978367
v -2.41451859 0.220423743 -27.4472046
v -2.72069216 0.110266089 -27.5629711
v -2.93707466 -0.0122835301 -27.6119232
v -2.86397338 0.0369812101 -27.6086693
v -2.88635325 0.00471608387 -27.5138474
v -3.07115221 -0.115440041 -27.6403923
v -3.01505971 -0.0589234233 -27.6750164
v -3.13486934 -0.168139547 -27.6870708
v -3.132411 -0.17890951 -27.6073704
v -3.38032436 -0.489257216 -27.8332596
v -3.34543157 -0.432295442 -27.758194
v -3.44700575 -0.634040058 -27.9049091
v -3.49535632 -0.793060243 -28.0083637
v -3.5220108 -0.958307266 -28.082243
v -3.52418542 -1.12417209 -28.1598339
v -3.50333714 -1.27697074 -28.2380161
v -3.46830773 -1.39794922 -28.3138943
v -3.4218843 -1.52047634 -28.3752251
v -3.35034013 -1.66448176 -28.4410496
v -3.24709606 -1.80518746 -28.5344048
v -3.20795989 -1.94217789 -28.4359512
v -3.14779663 -1.97076797 -28.5196476
v -3.09246469 -2.11136675 -28.4230919
v -3.0233655 -2.137007 -28.5018959
v -2.82596922 -2.29159474 -28.5457859
v -2.90198469 -2.2300117 -28.5430222
v -2.55675149 -2.37180305 -28.6936493
v -2.62107348 -2.31792617 -28.7280674
v -2.1739769 -2.46716642 -28.7399654
v -2.2624464 -2.43359232 -28.7686825
v -2.07451844 -2.47451019 -28.7485294
v -1.9853301 -2.50089097 -28.7084885
v -1.75308645 -2.5108242 -28.6594582
v -1.82921863 -2.50003624 -28.6980419
v -1.89445293 -2.48979092 -28.7260361
v -1.59806824 -2.52444386 -28.5674915
v -1.67496705 -2.52018881 -28.6135006
v -1.44215357 -2.47396326 -28.5571709
v -1.52207136 -2.52507973 -28.5185471
v -1.29845107 -2.40705013 -28.5472088
v -1.35765076 -2.46261525 -28.5016632
v -1.21498382 -2.38679624 -28.485218
v -1.14718783 -2.32195139 -28.5173874
v -1.07754672 -2.29747009 -28.457077
v -1.02273643 -2.22930884 -28.4954033
v -0.95319289 -2.19655275 -28.4290962
v -0.901803255 -2.11806679 -28.4746571
v -0.839154422 -2.08225989 -28.4043999
v -0.788271964 -2.00003171 -28.4375038
v -0.733602703 -1.96517646 -28.3613377
v -0.690484345 -1.88935423 -28.3821507
v -0.644806445 -1.85217381 -28.3145752
v -0.603191316 -1.77275622 -28.3258991
v -0.59424895 -1.80950379 -28.2302017
v -0.556515813 -1.72388113 -28.2523308
v -0.523858845 -1.63872921 -28.2799492
v -0.489454091 -1.59499097 -28.2190266
v -0.395172149 -1.37815559 -28.1366673
v -0.421569943 -1.45707428 -28.1466866
v -0.33851257 -1.21352816 -28.047123
v -0.364376277 -1.29535985 -28.0908012
v -0.298027962 -1.05251479 -27.9579239
v -0.314938903 -1.13372064 -27.9924927
v -0.279364645 -0.95496577 -27.8976727
v -0.261400223 -0.703807414 -27.7870407
v -0.26267761 -0.794080019 -27.8185158
v -0.256799489 -0.652783036 -27.7154922
v -0.27039358 -0.55780524 -27.7357025
v -0.293516219 -0.414747864 -27.6617031
v -0.270533562 -0.507074594 -27.6471863
v -0.344341636 -0.2594423 -27.5797367
v -0.303193092 -0.362400234 -27.5788078
v -0.411581457 -0.137523174 -27.4687748
v -0.382099241 -0.179699719 -27.3701172
v -0.502386332 -0.0318612903 -27.3927631
v -0.46336171 -0.0719675124 -27.4589405
v -0.43859452 -0.102291666 -27.3773842
v -0.659419239 0.0918712988 -27.3858757
v -0.745984674 0.144370452 -27.4151134
v -0.810633361 0.1699325 -27.3347626
v -0.869587779 0.187901974 -27.2710762
v -0.894080698 0.205191553 -27.3416691
v -1.07145011 0.249994412 -27.2437611
v -1.09185421 0.271412224 -27.3637104
v -0.998872995 0.242323071 -27.3474979
v -1.25236249 0.30155924 -27.3073349
v -1.25660801 0.312050462 -27.3891945
v -1.18640983 0.295963258 -27.3753548
v -1.32022226 0.318505913 -27.3490658
v -1.40178168 0.324459374 -27.2928143
v -1.39459121 0.334640414 -27.4014816
v -1.49266076 0.339605689 -27.3490696
v -1.58419693 0.341941595 -27.2943096
v -1.57360673 0.349505723 -27.4012241
v -1.65733016 0.348406643 -27.3603172
v -1.74445105 0.350640744 -27.408659
v -2.50081873 0.192848399 -27.474514
v -2.43388557 0.230347395 -27.5452595
v -2.59435368 0.178251565 -27.5975056
v -2.5738132 0.16652675 -27.4943562
v -2.65928721 0.133586317 -27.52565
v -2.88425803 0.0437991694 -27.6896477
v -3.29473543 -0.349560618 -27.7826653
v -3.24186182 -0.268199325 -27.8057404
v -3.25093365 -0.299830914 -27.7037125
v -3.50792313 -0.97868669 -28.2715149
v -3.5179143 -1.01538098 -28.1773281
v -3.51077414 -1.07392204 -28.2562294
v -3.49321222 -1.22345328 -28.32061
v -3.50017953 -1.12890851 -28.3271503
v -3.50920224 -1.18070269 -28.2454834
v -3.45687938 -1.35673988 -28.4000893
v -3.47320437 -1.26829445 -28.4010811
v -3.48297143 -1.30587459 -28.3194618
v -3.40918636 -1.48133373 -28.4648933
v -3.43178821 -1.39587617 -28.4723225
v -3.43881631 -1.43887305 -28.3956013
v -3.34019279 -1.60664725 -28.5470505
v -3.37571812 -1.52929747 -28.5297108
v -3.38126969 -1.575845 -28.4515553
v -3.24861217 -1.73152494 -28.6382217
v -3.29772997 -1.70616996 -28.5387325
v -3.20041347 -1.88478076 -28.5312519
v -3.13373399 -1.91872263 -28.6257935
v -3.08770442 -2.05196285 -28.5166225
v -3.01682067 -2.08197904 -28.5960712
v -2.96266818 -2.20607877 -28.4927101
v -2.94519711 -2.16615438 -28.5802002
v -2.69591546 -2.28824282 -28.7025166
v -2.54974008 -2.31581831 -28.7954559
v -2.46944499 -2.36388302 -28.7748451
v -2.63005447 -2.26532221 -28.8088741
v -2.29116535 -2.3771162 -28.8555202
v -2.36642408 -2.41346288 -28.7536926
v -2.39394593 -2.34412408 -28.8586426
v -2.47575998 -2.30607033 -28.8702011
v -2.10356617 -2.42645383 -28.8297062
v -2.19426441 -2.40751696 -28.839859
v -1.92462206 -2.45147371 -28.7981148
v -2.01019502 -2.44330525 -28.811821
v -1.76859057 -2.46604156 -28.747427
v -1.84823 -2.45966482 -28.775732
v -1.61000347 -2.48164988 -28.6559868
v -1.68141723 -2.47548509 -28.7007713
v -1.45698965 -2.43114424 -28.6515961
v -1.5257057 -2.47652364 -28.6151848
v -1.30557358 -2.35704255 -28.6510162
v -1.36787617 -2.41606283 -28.6021919
v -1.15643835 -2.27400637 -28.6223488
v -1.22090685 -2.33939338 -28.5846119
v -1.09112287 -2.25760865 -28.5555763
v -1.03125691 -2.18487573 -28.5947208
v -0.970303357 -2.1566596 -28.538084
v -0.910369754 -2.07886457 -28.5665073
v -0.849139631 -2.04538989 -28.4968681
v -0.801695704 -1.96900356 -28.5286503
v -0.746923387 -1.93167961 -28.4593716
v -0.701468289 -1.85096729 -28.4847145
v -0.648990035 -1.80988383 -28.4049416
v -0.611854136 -1.73442268 -28.4240303
v -0.569398463 -1.69382846 -28.3513412
v -0.531690896 -1.60494888 -28.3685589
v -0.493778288 -1.55633414 -28.3013687
v -0.457797468 -1.52012134 -28.2097492
v -0.462379098 -1.46790504 -28.3139782
v -0.43038705 -1.42982864 -28.2289448
v -0.404539734 -1.33791661 -28.2406635
v -0.378724724 -1.2915839 -28.1716843
v -0.314950734 -1.04424095 -28.0728054
v -0.330834717 -1.13885605 -28.0828152
v -0.288978904 -0.877958596 -27.9992905
v -0.295764774 -0.967805743 -28.0021515
v -0.269796312 -0.715780735 -27.8614845
v -0.278516024 -0.76857096 -27.9403954
v -0.271379471 -0.621651471 -27.8193359
v -0.31065622 -0.379692167 -27.7497005
v -0.290976495 -0.460855782 -27.7634411
v -0.37239942 -0.212990806 -27.6815815
v -0.327617288 -0.315699339 -27.6926231
v -0.460181981 -0.0750154033 -27.561758
v -0.390265107 -0.172785059 -27.5664864
v -0.5705266 0.0333632603 -27.5067329
v -0.567237198 0.0266749766 -27.4155293
v -0.625008225 0.0740971342 -27.486557
v -0.694610775 0.119252019 -27.476799
v -0.761018574 0.15970318 -27.5249481
v -0.841436028 0.19211787 -27.4370689
v -0.935934305 0.230236143 -27.4379234
v -1.03178048 0.264174908 -27.4553699
v -1.12416291 0.290028989 -27.4549084
v -1.30893338 0.329862386 -27.4688797
v -1.39219213 0.344089627 -27.4914017
v -1.47588503 0.349003434 -27.4581585
v -1.56320059 0.357946932 -27.4899502
v -1.65288162 0.357904762 -27.4698372
v -1.74274755 0.358585119 -27.4913235
v -1.82578552 0.350572497 -27.4601421
v -1.93556786 0.339249939 -27.4608974
v -2.03705192 0.326637596 -27.4863396
v -2.12674356 0.312263191 -27.5110245
v -2.2026124 0.29517135 -27.5162678
v -2.2732327 0.269337177 -27.4712868
v -2.2720871 0.287785828 -27.5807323
v -2.34573507 0.253309369 -27.5090141
v -3.06894016 -0.0886209458 -27.7434864
v -3.00968909 -0.0343623534 -27.7483864
v -3.19287419 -0.220469639 -27.7430687
v -3.13650227 -0.142428383 -27.7930336
v -3.28154254 -0.304879516 -27.882225
v -3.23782873 -0.238545775 -27.8838787
v -3.36802506 -0.440807939 -27.9553013
v -3.32314777 -0.358624935 -27.9360733
v -3.33511472 -0.400605589 -27.8622532
v -2.28296018 1.02692223 -32.617691
v -2.27113938 1.02927327 -32.6193962
v -2.27269983 1.02743554 -32.6081848
v -3.40802598 -0.537373424 -27.9193134
v -3.43386722 -0.592386186 -27.9842377
v -3.40965247 -0.521379292 -28.01371
v -3.48458266 -0.754174054 -28.1058044
v -3.46102095 -0.652977824 -28.1224041
v -3.46105623 -0.669861197 -28.0146751
v -2.18375373 1.04140794 -32.6302414
v -2.12857437 1.04632974 -32.6361542
v -2.13312984 1.03959227 -32.5839729
v -3.50828481 -0.911970019 -28.1905441
v -3.49458623 -0.806672454 -28.2054958
v -3.50445318 -0.853792548 -28.1015224
v -3.50297666 -1.02930212 -28.339241
v -3.50211215 -0.943401098 -28.3561764
v -2.06363344 1.04578602 -32.6151352
v -2.0625031 1.03662658 -32.5316772
v -3.48474836 -1.17524171 -28.4110451
v -3.49430132 -1.07553124 -28.4109402
v -3.44997311 -1.3100071 -28.4847603
v -3.46499252 -1.22298443 -28.4991417
v -3.42756128 -1.35125899 -28.5489292
v -3.39674401 -1.43452954 -28.5767727
v -3.3551271 -1.52071285 -28.6183624
v -3.13425803 -1.85280025 -28.7290726
v -3.19071078 -1.82843971 -28.636776
v -3.08046365 -1.99733889 -28.6118813
v -3.01276088 -2.01657271 -28.7063885
v -2.85869074 -2.20591784 -28.640749
v -2.92984724 -2.11085153 -28.6915302
v -2.70535898 -2.21399856 -28.8173046
v -2.5576582 -2.26421928 -28.877306
v -2.62922096 -2.21516609 -28.8954659
v -2.31227636 -2.32697701 -28.9328995
v -2.12009907 -2.37177062 -28.9229317
v -2.21528125 -2.35105991 -28.9318142
v -1.94517899 -2.40593505 -28.880621
v -2.03343582 -2.3886714 -28.9071941
v -1.78371191 -2.4217782 -28.8323555
v -1.86038363 -2.41541815 -28.8577557
v -1.61392844 -2.43405771 -28.7474689
v -1.70246708 -2.42988157 -28.7934532
v -1.46504319 -2.38527107 -28.7443314
v -1.53110433 -2.43379164 -28.699995
v -1.32030571 -2.31700063 -28.7419758
v -1.38674605 -2.37539625 -28.6973267
v -1.17532158 -2.23173475 -28.7278233
v -1.23549652 -2.293998 -28.689003
v -1.04976976 -2.14463449 -28.7013836
v -1.10123158 -2.20760918 -28.6659012
v -0.97672236 -2.10719609 -28.643259
v -0.927010834 -2.04161429 -28.6700382
v -0.858936012 -2.00002623 -28.603981
v -0.815962791 -1.93024743 -28.6354027
v -0.753820777 -1.89161611 -28.552269
v -0.709075272 -1.81075299 -28.5810223
v -0.656891346 -1.77228761 -28.4984512
v -0.620687723 -1.69665194 -28.5222111
v -0.57303071 -1.64712584 -28.4477501
v -0.535683453 -1.55763209 -28.4668598
v -0.499796897 -1.51599705 -28.3943806
v -0.468454003 -1.42432964 -28.4119339
v -0.433517903 -1.37641239 -28.3256435
v -0.411668122 -1.28968275 -28.3462715
v -0.381844252 -1.24677706 -28.2474384
v -0.363568097 -1.15134466 -28.2628117
v -0.356381685 -1.20466673 -28.1587029
v -0.340474695 -1.10086155 -28.1798592
v -0.326710016 -0.987465084 -28.1952248
v -0.306781799 -0.933236539 -28.098032
v -0.30363071 -0.840360463 -28.1185627
v -0.292238832 -0.78767997 -28.0452595
v -0.29031378 -0.554658473 -27.9208241
v -0.281236708 -0.667663038 -27.9363766
v -0.315934151 -0.388542473 -27.8417721
v -0.297248095 -0.475998312 -27.8624744
v -0.361261398 -0.248208612 -27.786274
v -0.333504051 -0.319164157 -27.7915134
v -0.439173579 -0.103581302 -27.6712799
v -0.513067722 -0.0188256968 -27.4881573
v -0.528462768 -0.0017768871 -27.5781059
v -1.80076063 1.02210438 -32.5191154
v -1.86756516 1.0331434 -32.5700188
v -0.679755569 0.114896521 -27.5619125
v -0.60330987 0.0625684783 -27.58358
v -1.71694314 1.02014601 -32.6588593
v -1.71548283 1.01262093 -32.5477982
v -1.65062368 0.998773873 -32.4981422
v -0.868860662 0.211834446 -27.5350628
v -0.975830078 0.254759073 -27.5508595
v -1.59526265 0.997162938 -32.6603813
v -1.06480241 0.28355208 -27.5520363
v -1.16218948 0.310638517 -27.5633526
v -1.5000062 0.96701318 -32.4741859
v -1.56782198 0.984840274 -32.5315018
v -1.46388352 0.967198014 -32.6602707
v -1.33876765 0.345140249 -27.5665054
v -1.42665875 0.355703294 -27.5604858
v -1.60710239 0.367715389 -27.5629635
v -1.51657665 0.364084125 -27.566412
v -1.69506466 0.368405998 -27.5649986
v -1.77605224 0.365951657 -27.5664425
v -1.33706105 0.923452318 -32.455349
v -1.24967992 0.893300056 -32.4118271
v -1.3361485 0.917021394 -32.3523636
v -1.97485411 0.346642494 -27.5629787
v -1.87488246 0.357240319 -27.5549583
v -2.06317925 0.337189019 -27.5930328
v -2.16407084 0.319897532 -27.6101837
v -1.17879665 0.861562848 -32.3266258
v -0.83763957 1.60379064 -25.7150993
v -2.46231771 0.239740387 -27.6372108
v -2.3683753 0.264955848 -27.6085491
v -2.53601027 0.219102189 -27.6668606
v -2.61341929 0.190686658 -27.6828499
v -1.07612181 0.820178092 -32.3375473
v -2.69075727 0.16081208 -27.7063732
v -2.74521303 0.114051521 -27.6370087
v -2.76530838 0.126437873 -27.7229767
v -1.00441849 0.78387177 -32.3112831
v -0.959929645 0.75353545 -32.2528725
v -2.8164258 0.0806260332 -27.6654358
v -2.95148039 0.0036601827 -27.7186489
v -2.90173173 0.0575805232 -27.7747936
v -0.893741727 0.720313847 -32.2815018
v -0.843566775 0.68020606 -32.2258911
v -3.03414392 -0.0321538597 -27.8192978
v -3.19353175 -0.19575122 -27.8357277
v -3.15212059 -0.128709823 -27.882515
v -0.776865721 0.638597131 -32.2471008
v -0.727357864 0.587318718 -32.1858444
v -3.25196433 -0.231342524 -27.9565296
v -3.33799434 -0.354392588 -28.0231647
v -0.616671562 0.4794043 -32.1693268
v -0.65653342 0.536116064 -32.226284
v -3.43590188 -0.579604626 -28.070282
v -3.4114809 -0.493318379 -28.1108189
v -3.47808743 -0.714266121 -28.1838226
v -3.46343517 -0.635334015 -28.2173195
v -0.503160775 0.357193559 -32.2307549
v -3.49290895 -0.785294652 -28.3145199
v -3.50201249 -0.884247482 -28.2854195
v -3.49820948 -0.98458904 -28.4236717
v -3.49947357 -0.906765938 -28.4235458
v -0.478487402 0.287788361 -32.1845169
v -3.4791584 -1.12618053 -28.5076218
v -3.49026728 -1.02858829 -28.506073
v -3.46338534 -1.15622842 -28.606432
v -0.438236207 0.207890034 -32.22192
v -0.435955554 0.132426128 -32.1722832
v -3.41546965 -1.33460963 -28.637167
v -3.31670022 -1.59942174 -28.6351204
v -3.30934429 -1.57069921 -28.7057953
v -3.27889562 -1.64540899 -28.6851215
v -3.22947121 -1.69349229 -28.7529659
v -3.18702269 -1.77197206 -28.7357559
v -3.13582182 -1.79568636 -28.8220234
v -3.07949114 -1.92995954 -28.7201176
v -3.00882578 -1.95263326 -28.819622
v -2.8436482 -2.155406 -28.7438793
v -2.85470414 -2.10341859 -28.815382
v -2.71611857 -2.15578318 -28.9044113
v -2.4858253 -2.24730802 -28.9641609
v -2.56447124 -2.20661163 -28.97052
v -2.6417706 -2.15189958 -28.9918652
v -2.32553649 -2.26625299 -29.0312462
v -2.40630555 -2.28495932 -28.9535027
v -2.15065813 -2.32228255 -29.0018272
v -2.2387526 -2.29717422 -29.0166187
v -1.96579373 -2.35295272 -28.9742928
v -2.05532169 -2.34101152 -28.9882317
v -1.80004287 -2.37593031 -28.9185543
v -1.88418937 -2.36854839 -28.9440231
v -1.63506925 -2.3883729 -28.8418789
v -1.72298217 -2.3848114 -28.882494
v -1.4836129 -2.34077573 -28.8402462
v -1.54682875 -2.38975501 -28.7920609
v -1.33576775 -2.27376127 -28.837532
v -1.40348387 -2.33203864 -28.7931194
v -1.18780041 -2.18828821 -28.8245945
v -1.25018811 -2.25064039 -28.787365
v -1.05502892 -2.09624076 -28.79953
v -1.11422634 -2.16578031 -28.7633724
v -0.936085224 -1.99715018 -28.7705593
v -0.992205441 -2.0733459 -28.7345924
v -0.822946787 -1.88615215 -28.7341309
v -0.872769475 -1.966259 -28.6974163
v -0.721346796 -1.77236485 -28.6870728
v -0.767461777 -1.85400057 -28.6578751
v -0.667976558 -1.7320677 -28.6068668
v -0.626963735 -1.65343535 -28.6225338
v -0.580714703 -1.60754228 -28.5467548
v -0.543979585 -1.5193038 -28.5671368
v -0.506703198 -1.47280943 -28.4970245
v -0.474196583 -1.38488555 -28.502655
v -0.442580462 -1.33765543 -28.429163
v -0.417027265 -1.24412954 -28.439703
v -0.38907513 -1.19483006 -28.355135
v -0.371241093 -1.09883928 -28.3688679
v -0.349648803 -1.05058551 -28.2871284
v -0.336006701 -0.941351652 -28.292469
v -0.318281114 -0.889170527 -28.2027855
v -0.315440834 -0.798445404 -28.2180023
v -0.302279979 -0.744864345 -28.124382
v -0.305500448 -0.653863013 -28.1314087
v -0.292210758 -0.697794735 -28.038208
v -0.298178673 -0.60001725 -28.0368137
v -0.310577601 -0.498616248 -28.0325089
v -0.313599586 -0.436251521 -27.9445305
v -0.338223308 -0.344040006 -27.9489536
v -0.34958753 -0.292425752 -27.8755398
v -0.391865343 -0.195346773 -27.8768787
v -0.406741142 -0.159003362 -27.7800369
v -0.465462983 -0.0716243908 -27.7861671
v -0.494349569 -0.0357115045 -27.6426373
v -0.495794654 -0.0339998417 -27.7110538
v -0.653729916 0.104260482 -27.6854324
v -0.732101738 0.150560021 -27.6250916
v -0.418979913 0.056400042 -32.2291451
v -0.439033657 -0.0307145901 -32.1790657
v -0.815362036 0.196490318 -27.6532173
v -0.91252619 0.238488093 -27.6385956
v -1.01332164 0.276263356 -27.6468143
v -0.445978343 -0.107390366 -32.2407761
v -0.480360806 -0.186418146 -32.2026749
v -1.10456359 0.304547161 -27.6518002
v -1.19581664 0.327389151 -27.6507893
v -1.29272902 0.347256362 -27.6539536
v -1.2470566 0.329943269 -27.5717258
v -0.482524604 -0.229311079 -32.3283768
v -0.496735007 -0.25665012 -32.3179817
v -0.501778483 -0.249879345 -32.2538567
v -1.3803103 0.360198498 -27.6483612
v -1.4653374 0.370338827 -27.6528378
v -1.55203974 0.376077265 -27.6484032
v -1.64125228 0.379490584 -27.6515923
v -1.72899282 0.37861225 -27.6483173
v -1.81780016 0.37570852 -27.6546936
v -2.01108098 0.358405828 -27.6693268
v -1.91608596 0.366861999 -27.6497746
v -2.157938 0.340587795 -27.7099037
v -2.08504033 0.349808037 -27.686945
v -2.23512435 0.317782938 -27.6825771
v -2.31723809 0.295835733 -27.680027
v -2.39685893 0.276203454 -27.6977367
v -2.47351098 0.26007542 -27.7352142
v -2.55712676 0.234164402 -27.7551098
v -2.63689399 0.205155849 -27.7712326
v -2.71742034 0.173503801 -27.7929459
v -2.79281712 0.13975288 -27.8139267
v -2.8660779 0.104513042 -27.8410702
v -2.9264977 0.0683863088 -27.8561115
v -3.05313134 -0.016158795 -27.9063091
v -2.98998451 0.0268920511 -27.8760395
v -3.11624694 -0.064055793 -27.9419708
v -3.16947722 -0.11253532 -27.9700947
v -3.21895599 -0.16236423 -28.0028152
v -3.26533628 -0.215988711 -28.037323
v -3.29705334 -0.292198718 -27.9871635
v -3.37952161 -0.429085016 -28.0634365
v -3.35232019 -0.345365912 -28.1100063
v -3.44173741 -0.567843795 -28.1659336
v -3.42089891 -0.475551128 -28.2134819
v -3.48048329 -0.70804292 -28.2623749
v -3.46838665 -0.61650598 -28.3171978
v -3.4988234 -0.855089188 -28.3755245
v -3.49409866 -0.765405357 -28.4174786
v -3.49714518 -0.916860163 -28.518261
v -3.49852204 -0.836048424 -28.4751377
v -3.44252753 -1.26937187 -28.5816708
v -3.38230705 -1.40447915 -28.689003
v -3.40059543 -1.32173502 -28.7431889
v -3.34626555 -1.47694266 -28.7239227
v -3.29814553 -1.54117358 -28.7974167
v -3.26331139 -1.61819518 -28.7801437
v -3.21433282 -1.65864658 -28.8591099
v -3.18699479 -1.72714102 -28.8126068
v -3.14849138 -1.74069333 -28.8891296
v -3.01957893 -1.88160121 -28.9231091
v -3.08037806 -1.86872768 -28.8206844
v -2.93857908 -2.03288031 -28.8064098
v -2.86170077 -2.04052114 -28.9128742
v -2.72596836 -2.09655833 -28.9953022
v -2.49412036 -2.19441795 -29.049078
v -2.57808995 -2.14570546 -29.0636311
v -2.65778875 -2.09350657 -29.0768204
v -2.34577942 -2.21191478 -29.1139965
v -2.40953898 -2.23276615 -29.0414505
v -2.42298007 -2.17960072 -29.1242504
v -2.16643858 -2.26663756 -29.0933704
v -2.25848246 -2.24166965 -29.1041088
v -1.9781853 -2.30500603 -29.0574532
v -2.07209396 -2.29392791 -29.0673351
v -1.81497312 -2.32950616 -29.0036507
v -1.89993834 -2.31788921 -29.0341835
v -1.64513206 -2.33746219 -28.9383469
v -1.73394859 -2.33821511 -28.9692116
v -1.50172031 -2.29469442 -28.9362526
v -1.56333768 -2.34341836 -28.8865643
v -1.34647965 -2.2225678 -28.9407444
v -1.41742206 -2.28116941 -28.8979034
v -1.20128572 -2.14778233 -28.9155197
v -1.2722857 -2.21114326 -28.8848877
v -1.06941831 -2.05624151 -28.8956108
v -1.12731767 -2.12010694 -28.8662548
v -0.942118466 -1.94903398 -28.8710651
v -0.998628736 -2.02386212 -28.837326
v -0.832314014 -1.8490504 -28.825079
v -0.883807063 -1.92170167 -28.8038921
v -0.735105038 -1.73843861 -28.7885952
v -0.779141247 -1.81483495 -28.7608109
v -0.636948705 -1.60922742 -28.7377071
v -0.677105248 -1.6927247 -28.7079754
v -0.550748885 -1.47543573 -28.6723442
v -0.591976047 -1.57162344 -28.6527252
v -0.482691348 -1.33918142 -28.6174011
v -0.511734247 -1.43176973 -28.5891285
v -0.425167948 -1.19778931 -28.5496922
v -0.447351068 -1.28821456 -28.5293884
v -0.379984289 -1.0477457 -28.4796505
v -0.395835221 -1.1456157 -28.4570599
v -0.357014388 -0.994401753 -28.3880138
v -0.347046226 -0.892787457 -28.4024429
v -0.330742657 -0.850308716 -28.3113289
v -0.327858567 -0.745891869 -28.3220367
v -0.316766977 -0.694201827 -28.2345219
v -0.321516037 -0.598148584 -28.2362537
v -0.313603789 -0.552459955 -28.129179
v -0.331806719 -0.446349412 -28.1471615
v -0.332073182 -0.396897316 -28.0410519
v -0.361482143 -0.300258815 -28.0560913
v -0.372030228 -0.251999885 -27.964365
v -0.416518807 -0.158642098 -27.9702473
v -0.440113515 -0.111365952 -27.8732853
v -0.502348781 -0.0279366001 -27.8854027
v -0.537177742 0.0103214858 -27.789959
v -0.682064772 0.129415244 -27.7932873
v -0.73993212 0.16096063 -27.7190399
v -0.803421557 0.197844848 -27.7504654
v -0.87539494 0.231220007 -27.7394962
v -0.966543138 0.268279135 -27.7408123
v -1.05623984 0.298921198 -27.7407589
v -1.32900703 0.363461703 -27.743187
v -1.24112582 0.348259151 -27.7545414
v -1.59462512 0.388666213 -27.7294388
v -1.67551577 0.390832603 -27.7311325
v -1.76462364 0.39040634 -27.7357559
v -1.85870767 0.38671577 -27.7415771
v -2.0364995 0.371675789 -27.7612152
v -1.95248604 0.379969001 -27.750042
v -2.11586547 0.361185193 -27.7713261
v -2.19850659 0.345966369 -27.7740955
v -2.34980559 0.304641634 -27.7561779
v -2.28076386 0.326023668 -27.7688713
v -2.41884518 0.292969704 -27.7911472
v -2.49822402 0.274815977 -27.8207493
v -2.58514738 0.250745624 -27.8495312
v -2.67489958 0.216039732 -27.861166
v -2.83151293 0.148795038 -27.9038544
v -2.75305223 0.186439708 -27.8866634
v -2.89407182 0.117259748 -27.9250679
v -2.95488286 0.0757410005 -27.9294567
v -3.07273817 0.00605355902 -28.0007381
v -3.00578785 0.0507327504 -27.966774
v -3.1364522 -0.0458716191 -28.0304317
v -3.1891439 -0.096350953 -28.0561733
v -3.28641558 -0.207215711 -28.1244926
v -3.23907781 -0.144147754 -28.0985126
v -3.32869339 -0.26421091 -28.1679688
v -3.36724353 -0.332162917 -28.2013626
v -3.40031934 -0.396236002 -28.2433701
v -3.429919 -0.454379141 -28.3067093
v -3.45500517 -0.525788128 -28.3567333
v -3.47360659 -0.589834094 -28.4113407
v -3.48375177 -0.69216764 -28.3598251
v -3.49996996 -0.827121377 -28.5732193
v -3.48938274 -0.982669771 -28.6027737
v -3.48035216 -1.0706923 -28.5752831
v -3.43532562 -1.23744524 -28.6828823
v -3.45562291 -1.13379681 -28.7253551
v -3.36621118 -1.39215386 -28.7896862
v -3.38211346 -1.31746471 -28.8606377
v -3.28314161 -1.52204883 -28.8912945
v -3.3286171 -1.45804596 -28.8338814
v -3.25969911 -1.58223331 -28.8580341
v -3.23391986 -1.58058965 -28.9490509
v -3.08531189 -1.81072736 -28.9125957
v -3.03527927 -1.82042444 -29.0034924
v -2.73907661 -2.03298903 -29.0912609
v -2.50971246 -2.13615298 -29.1375504
v -2.58647156 -2.08780718 -29.1565704
v -2.66019487 -2.04176688 -29.1651077
v -2.35431743 -2.15642428 -29.2040863
v -2.18379235 -2.21701574 -29.1727905
v -2.2740581 -2.18686128 -29.1909142
v -2.00500202 -2.25849867 -29.1358414
v -2.09019589 -2.23865223 -29.1587753
v -1.83428931 -2.27645373 -29.0991611
v -1.92272151 -2.26696277 -29.1232357
v -1.66433644 -2.29253268 -29.02598
v -1.75236964 -2.28743958 -29.0635605
v -1.51474237 -2.24304581 -29.0365276
v -1.58236718 -2.29806972 -28.9783916
v -1.36215198 -2.18321157 -29.0254364
v -1.43441594 -2.24176049 -28.9822578
v -1.21941197 -2.10161471 -29.0204754
v -1.27615905 -2.1664474 -28.9696655
v -1.08018219 -2.00876212 -28.9981804
v -1.14083254 -2.07754016 -28.9623318
v -0.955483854 -1.91017997 -28.9677486
v -1.01720703 -1.98553133 -28.9394798
v -0.841593504 -1.805058 -28.9283714
v -0.894379437 -1.87738502 -28.9081573
v -0.739845693 -1.69415271 -28.8850899
v -0.785044432 -1.76995695 -28.8597641
v -0.640940547 -1.56130278 -28.8410034
v -0.686446607 -1.6511898 -28.8142414
v -0.558707893 -1.43147707 -28.7836361
v -0.594110548 -1.52001905 -28.7555885
v -0.485479087 -1.28503454 -28.720583
v -0.51694262 -1.38258374 -28.697113
v -0.429658562 -1.14526176 -28.6490955
v -0.451299965 -1.23639572 -28.6296005
v -0.386458933 -0.994394243 -28.5780487
v -0.402745605 -1.1004895 -28.5547104
v -0.357350767 -0.847153664 -28.5041618
v -0.364899069 -0.943749309 -28.4854202
v -0.340982765 -0.687457442 -28.4268494
v -0.341286719 -0.790908456 -28.4133568
v -0.336939603 -0.545732319 -28.3293076
v -0.329335541 -0.643780887 -28.3242435
v -0.351775497 -0.397206992 -28.2436371
v -0.331907451 -0.501615942 -28.2355881
v -0.353158891 -0.35610643 -28.1530838
v -0.38796249 -0.250764996 -28.1618748
v -0.399427086 -0.204860657 -28.0626831
v -0.445761442 -0.116875343 -28.0705376
v -0.46629104 -0.0784651339 -27.9781094
v -0.53363049 0.00639589084 -27.9924145
v -0.582831502 0.0557233132 -27.8953934
v -0.646180332 0.106932543 -27.856226
v -0.652759314 0.115152135 -27.9447136
v -0.707178593 0.150516391 -27.8770618
v -0.75716275 0.177172318 -27.8141003
v -0.831423342 0.217589349 -27.8276653
v -0.918815732 0.258045495 -27.8381348
v -1.00401938 0.288459957 -27.8136444
v -1.08659399 0.317775965 -27.838974
v -1.23440981 0.358546734 -27.8608189
v -1.17237377 0.339035571 -27.8157063
v -1.29761899 0.366794437 -27.8194981
v -1.38233256 0.382777154 -27.83601
v -1.5430032 0.398293585 -27.8206768
v -1.46690071 0.389220804 -27.8027496
v -1.50354064 0.383271039 -27.7302589
v -1.62930107 0.400127649 -27.8015614
v -1.70961237 0.405320168 -27.8265743
v -1.89475155 0.403077334 -27.8496723
v -1.80240107 0.400999874 -27.8095646
v -1.98603487 0.390475303 -27.8257732
v -2.06938148 0.386012882 -27.8553886
v -2.15762568 0.369482189 -27.8439159
v -2.23148894 0.361438423 -27.8711452
v -2.33487821 0.333812922 -27.8563862
v -2.61886621 0.264476538 -27.9365673
v -2.71258378 0.231000215 -27.9575844
v -2.86174798 0.160169184 -27.9826317
v -2.79165363 0.200198278 -27.9820824
v -3.09322166 0.0220539495 -28.07761
v -3.03048396 0.0695808455 -28.0564632
v -3.15342975 -0.0251518097 -28.111515
v -3.20748234 -0.0776917115 -28.1395111
v -3.25945139 -0.133177713 -28.1774845
v -3.30423212 -0.187055767 -28.2188931
v -3.34926534 -0.258003026 -28.2559299
v -3.38055205 -0.312944025 -28.2907944
v -3.41025472 -0.373491764 -28.3296013
v -3.43883443 -0.436211288 -28.3852406
v -3.4626646 -0.497495949 -28.4484596
v -3.48324299 -0.566286087 -28.5204964
v -3.48810863 -0.663957238 -28.4628887
v -3.49701715 -0.661022365 -28.5710735
v -3.5021975 -0.74091357 -28.611372
v -3.50285292 -0.812538505 -28.6753902
v -3.49726748 -0.890744567 -28.61376
v -3.47599196 -1.05088019 -28.6757011
v -3.4906013 -0.942061484 -28.7118969
v -3.42242432 -1.22501874 -28.8037376
v -3.44768262 -1.12030125 -28.8474979
v -3.34878588 -1.39420485 -28.8720016
v -3.34803939 -1.36409712 -28.9439964
v -3.31445289 -1.44401622 -28.9257641
v -3.27317715 -1.4966253 -28.9840393
v -3.23596334 -1.53636873 -29.0362015
v -3.169245 -1.66880405 -28.9704952
v -3.10419488 -1.74847782 -28.9850063
v -3.1227119 -1.67736912 -29.0801773
v -2.94984078 -1.8992902 -29.0219097
v -2.87133765 -1.97977614 -29.0053501
v -2.8747561 -1.91418076 -29.1193638
v -2.71541786 -1.99579477 -29.1857033
v -2.5111711 -2.08472443 -29.2251301
v -2.58829975 -2.03448868 -29.2479248
v -2.37791657 -2.09997272 -29.2869778
v -2.43876147 -2.12695432 -29.2041931
v -2.44912791 -2.07756591 -29.2817688
v -2.20280766 -2.15696216 -29.2680321
v -2.28304005 -2.13168597 -29.28022
v -2.02386975 -2.2010746 -29.2314777
v -2.1140976 -2.18175578 -29.2500954
v -1.85259104 -2.23288417 -29.1762619
v -1.93387187 -2.22174215 -29.2004814
v -1.68085611 -2.24584031 -29.1136322
v -1.77004409 -2.23770571 -29.1537857
v -1.53405917 -2.19736266 -29.1280651
v -1.60104668 -2.25114083 -29.07057
v -1.37643552 -2.13491607 -29.1228428
v -1.44672942 -2.19103932 -29.0811481
v -1.22922444 -2.05382991 -29.1165123
v -1.29648352 -2.11933255 -29.0747242
v -1.09327853 -1.9630574 -29.0997581
v -1.15600538 -2.03872252 -29.0523682
v -0.971474767 -1.86882722 -29.0727596
v -1.02427948 -1.94204247 -29.0303402
v -0.857480407 -1.76340604 -29.0416946
v -0.907078862 -1.84217227 -28.9992752
v -0.747930527 -1.65112424 -28.9888172
v -0.792206466 -1.72381449 -28.9645195
v -0.651737094 -1.52207172 -28.9513321
v -0.696248531 -1.61023808 -28.9212914
v -0.600691319 -1.47657216 -28.8606071
v -0.490736425 -1.24232018 -28.8170338
v -0.528249383 -1.34476602 -28.8128452
v -0.436209589 -1.09221184 -28.7603874
v -0.459232748 -1.18894351 -28.7440186
v -0.394439071 -0.940714598 -28.684742
v -0.410080343 -1.04202688 -28.6713467
v -0.367289156 -0.793564796 -28.6054459
v -0.374970317 -0.900574267 -28.5899639
v -0.353133619 -0.636331856 -28.517643
v -0.352683604 -0.739987791 -28.5142174
v -0.355555207 -0.490558743 -28.4382019
v -0.34354496 -0.59039861 -28.4194107
v -0.373488575 -0.347589165 -28.3437176
v -0.351424605 -0.447330385 -28.3379459
v -0.414182156 -0.20390746 -28.2557354
v -0.380165488 -0.294570088 -28.2500858
v -0.478901327 -0.0718077943 -28.1722374
v -0.429901719 -0.156627327 -28.1706371
v -0.560879409 0.0351280831 -28.0949726
v -0.497495323 -0.0402235948 -28.0840092
v -0.605515301 0.0780178532 -28.0142746
v -0.726566553 0.168001279 -27.9693832
v -0.775482178 0.193257436 -27.8988705
v -0.792909622 0.209592909 -27.9964256
v -0.875239253 0.25328818 -28.0135517
v -0.857092559 0.237056538 -27.9168644
v -0.929247618 0.272231072 -27.9502754
v -0.998907089 0.294714183 -27.8998775
v -0.998654127 0.304276139 -28.0033741
v -1.07565129 0.325129807 -27.9458427
v -1.15639985 0.34380573 -27.8996639
v -1.14885557 0.351779342 -27.9945374
v -1.2203815 0.364525586 -27.9431763
v -1.30577946 0.377115399 -27.895422
v -1.30092132 0.387178332 -27.9884396
v -1.37663186 0.395834327 -27.9477501
v -1.45605993 0.399364561 -27.8895779
v -1.44997084 0.413196921 -28.0004463
v -1.52942061 0.414143473 -27.9417343
v -1.61351526 0.411918998 -27.8856964
v -1.6109252 0.430351198 -28.0105133
v -1.69196856 0.424427032 -27.9481583
v -1.7973659 0.416271389 -27.89884
v -1.78940964 0.436385363 -28.0153065
v -1.87302351 0.425423533 -27.964756
v -1.97855556 0.409502119 -27.9190922
v -1.9592365 0.433388382 -28.0332527
v -2.05867195 0.41371426 -27.9806385
v -2.14602375 0.389912337 -27.9264584
v -2.12960863 0.415566385 -28.0311604
v -2.22323084 0.390520364 -27.9869156
v -2.29180312 0.366565794 -27.944849
v -2.37192369 0.352243751 -27.9632854
v -2.31590772 0.387476891 -28.0502434
v -2.45837522 0.338038325 -27.9973392
v -2.5231843 0.296836317 -27.9258671
v -2.55499005 0.32020092 -28.0393105
v -2.73528147 0.259660304 -28.0694237
v -2.65377307 0.280055642 -28.0270195
v -2.98947334 0.136554629 -28.1326027
v -2.92116046 0.177290931 -28.1171093
v -2.93542457 0.124992654 -28.015686
v -3.06479526 0.0845631957 -28.1527901
v -3.11783385 0.0339254998 -28.1522713
v -3.28123236 -0.115709148 -28.2711678
v -3.32894564 -0.18282412 -28.3067226
v -3.36574674 -0.240151003 -28.3455677
v -3.39423203 -0.303608447 -28.3622456
v -3.42231464 -0.349376768 -28.4204178
v -3.44882679 -0.404290527 -28.4797821
v -3.47114682 -0.465202034 -28.5375633
v -3.48603463 -0.509349823 -28.5919781
v -3.49705505 -0.577991605 -28.6240177
v -3.50493193 -0.656334817 -28.6635933
v -3.50824904 -0.720326841 -28.7093811
v -3.50823188 -0.773374021 -28.757431
v -3.5016582 -0.850843251 -28.7845268
v -3.48857522 -0.938519835 -28.8365898
v -3.47006488 -1.01995873 -28.8918495
v -3.44559789 -1.09815776 -28.9487095
v -3.37656856 -1.29012966 -28.9617996
v -3.34763789 -1.32385254 -29.0494976
v -3.3097415 -1.41279006 -29.0197296
v -3.26586795 -1.46238923 -29.0935097
v -3.1859622 -1.60292923 -29.0569553
v -3.1420126 -1.60823286 -29.1762829
v -2.96035671 -1.83246768 -29.1284542
v -3.00883508 -1.7496773 -29.1975231
v -3.05333471 -1.75300932 -29.094862
v -2.88559818 -1.85102069 -29.2211533
v -2.73692298 -1.94545221 -29.2510128
v -2.78547931 -1.96159244 -29.1604137
v -2.51170063 -2.02347612 -29.3302994
v -2.59503007 -1.98089993 -29.3357201
v -2.40927458 -2.04541707 -29.3613052
v -2.21663308 -2.10418391 -29.3515205
v -2.31338167 -2.07004499 -29.3700256
v -2.04248762 -2.14798665 -29.3181019
v -2.12913299 -2.12642145 -29.3390446
v -1.87273347 -2.18280339 -29.262949
v -1.95889878 -2.16633034 -29.2934399
v -1.70305443 -2.19414496 -29.2097797
v -1.78046107 -2.18717957 -29.24193
v -1.54480195 -2.14501119 -29.2241211
v -1.61353707 -2.20038033 -29.1643677
v -1.38997114 -2.08572769 -29.2193146
v -1.4624666 -2.14173388 -29.1780605
v -1.24532282 -2.00737333 -29.2159138
v -1.30865872 -2.07241273 -29.1689911
v -1.10990155 -1.9184916 -29.203043
v -1.17116165 -1.98880005 -29.1605148
v -0.982512593 -1.82584238 -29.1709671
v -1.03830659 -1.89763188 -29.1334591
v -0.864821553 -1.72391355 -29.1319332
v -0.913468003 -1.79539454 -29.0987206
v -0.758508503 -1.60970962 -29.0966473
v -0.801518202 -1.68284941 -29.0650864
v -0.657066703 -1.47818708 -29.0535374
v -0.703516304 -1.56823575 -29.0235443
v -0.567522168 -1.33774483 -28.9919147
v -0.606545329 -1.4303515 -28.9693565
v -0.564301908 -1.38622427 -28.88904
v -0.500308752 -1.19942665 -28.935709
v -0.528376043 -1.2896812 -28.9111938
v -0.441755086 -1.03978777 -28.8645363
v -0.467291743 -1.14974129 -28.8472443
v -0.403421938 -0.889148057 -28.7942772
v -0.417111874 -0.989219368 -28.7782059
v -0.377940029 -0.744057357 -28.7063713
v -0.384155691 -0.843868315 -28.6974869
v -0.366300911 -0.588168263 -28.6113548
v -0.36339733 -0.687811673 -28.6053066
v -0.373334378 -0.434714794 -28.5258179
v -0.358846486 -0.540035903 -28.5175095
v -0.397432774 -0.292565197 -28.4351482
v -0.370784044 -0.395222247 -28.4291458
v -0.443449169 -0.153513819 -28.3443108
v -0.405234784 -0.246521205 -28.3509693
v -0.508390188 -0.0342332423 -28.261076
v -0.457997352 -0.11355824 -28.2529716
v -0.59198153 0.0666904077 -28.1953773
v -0.53169179 0.000196509063 -28.1750164
v -0.701099992 0.158290714 -28.1354675
v -0.62823981 0.0997761637 -28.1131516
v -0.672527909 0.133675352 -28.038866
v -0.742281795 0.183222294 -28.0657654
v -0.826014638 0.233645454 -28.0864735
v -0.900898814 0.27156955 -28.0961323
v -0.940788448 0.284334511 -28.0359955
v -0.989489913 0.308954448 -28.0962181
v -1.0675143 0.332029402 -28.0434761
v -1.14521408 0.359860748 -28.082819
v -1.22056627 0.374994546 -28.0371399
v -1.28567851 0.395427108 -28.0871086
v -1.3657831 0.405987471 -28.045023
v -1.42818809 0.422770351 -28.099823
v -1.51955342 0.429026246 -28.0573483
v -1.59856689 0.444535404 -28.1157722
v -1.68881464 0.442788571 -28.0660725
v -1.86378932 0.445251942 -28.0732727
v -1.77138138 0.455845863 -28.1343193
v -1.94433022 0.452956438 -28.1329784
v -2.04110432 0.438151538 -28.0908966
v -2.11814308 0.442216575 -28.1500111
v -2.21368432 0.417744249 -28.0976238
v -2.38489008 0.391294628 -28.1245632
v -2.29083991 0.419481099 -28.1616592
v -2.4027493 0.367397666 -28.0497475
v -2.4521594 0.392647535 -28.1878853
v -2.46483278 0.362362385 -28.0903721
v -2.54682422 0.354431778 -28.143486
v -2.64265108 0.311219394 -28.1084175
v -2.61943078 0.353936076 -28.2162704
v -2.71191287 0.308708131 -28.180954
v -2.83959508 0.209504768 -28.0762367
v -2.79378867 0.263300359 -28.1547871
v -2.78724527 0.300361753 -28.2483006
v -2.87024784 0.237436906 -28.1907883
v -2.94996977 0.188859656 -28.1897736
v -3.02672625 0.15317519 -28.2338104
v -3.18538737 0.02866311 -28.2876854
v -3.22723436 -0.0566014573 -28.2287197
v -3.24683332 -0.0296297837 -28.3273449
v -3.30480576 -0.102498084 -28.3614483
v -3.34823489 -0.166596115 -28.3951378
v -3.39536357 -0.25549075 -28.4344044
v -3.46023607 -0.382605851 -28.5614414
v -3.43270254 -0.315398157 -28.508955
v -3.50734234 -0.571955085 -28.7120247
v -3.51301789 -0.645014167 -28.7533665
v -3.51215267 -0.773209393 -28.8478661
v -3.51452994 -0.703147888 -28.7931347
v -3.50295353 -0.852487504 -28.8957043
v -3.48804832 -0.932173729 -28.9466915
v -2.56747174 0.935901761 -32.5648537
v -2.52971554 0.953316689 -32.5736809
v -2.53299356 0.947471857 -32.5384827
v -3.46858931 -1.00731111 -28.9966831
v -3.44801784 -1.07034755 -29.0353031
v -3.4223814 -1.14886737 -29.0269356
v -3.38953853 -1.2325151 -29.0357113
v -3.40329385 -1.17783141 -29.107296
v -3.36768222 -1.25441742 -29.128315
v -3.30731535 -1.38546789 -29.1014729
v -3.28189754 -1.40140045 -29.1814175
v -3.07443166 -1.68838561 -29.1786804
v -3.02617311 -1.69516885 -29.2744083
v -2.94295526 -1.7965517 -29.2302971
v -2.89922929 -1.79814744 -29.3018646
v -2.81302619 -1.90251589 -29.2316742
v -2.7548461 -1.89548373 -29.320673
v -2.52966475 -1.96150172 -29.4235153
v -2.62370276 -1.92216599 -29.4130917
v -2.45025063 -1.986727 -29.4355774
v -2.22904611 -2.04753542 -29.4409199
v -2.28995419 -2.02226257 -29.459549
v -2.36388445 -2.01108813 -29.4438763
v -2.05707574 -2.09585404 -29.4022312
v -2.14170551 -2.07315779 -29.4239159
v -1.89323449 -2.12900758 -29.3540173
v -1.9767679 -2.11386585 -29.379734
v -1.71823263 -2.14865685 -29.2911606
v -1.79757178 -2.1401062 -29.3241158
v -1.56585932 -2.09958911 -29.3122311
v -1.63209939 -2.15236378 -29.254303
v -1.41409385 -2.03506422 -29.3247757
v -1.48282766 -2.09451175 -29.2725048
v -1.25973129 -1.95990133 -29.3136463
v -1.32468271 -2.02333307 -29.2691097
v -1.12340558 -1.87362444 -29.3012466
v -1.18718696 -1.94691718 -29.2540188
v -0.992074132 -1.77813017 -29.2749233
v -1.05283856 -1.85196912 -29.2385674
v -0.873792112 -1.67575455 -29.2423801
v -0.931933105 -1.75456774 -29.2104702
v -0.760479748 -1.55535889 -29.2078094
v -0.808919132 -1.6369642 -29.1708794
v -0.661634505 -1.43489337 -29.1532936
v -0.709251523 -1.52547872 -29.1236763
v -0.573827505 -1.29492545 -29.0980053
v -0.610969663 -1.38012958 -29.0818195
v -0.504042804 -1.14444149 -29.0466251
v -0.533351123 -1.24135709 -29.0197582
v -0.451375961 -0.998226821 -28.9778652
v -0.47280094 -1.09576058 -28.9602184
v -0.412542433 -0.837889731 -28.9025116
v -0.42563349 -0.941058934 -28.8880558
v -0.390020996 -0.690435231 -28.8155651
v -0.394964427 -0.789576411 -28.8114948
v -0.382151008 -0.532626033 -28.7167454
v -0.377054065 -0.638937414 -28.7144852
v -0.394270867 -0.375840038 -28.6223679
v -0.376634687 -0.477064759 -28.6153164
v -0.42314288 -0.238828152 -28.5284653
v -0.39359799 -0.341094702 -28.5357094
v -0.433547199 -0.19237949 -28.4416599
v -1.84961379 0.465084791 -28.1886559
v -1.76308942 0.471181244 -28.2354603
v -2.01618981 0.459481508 -28.1906071
v -1.92667627 0.473035395 -28.2433853
v -2.19534516 0.44514963 -28.209013
v -2.09761548 0.466815799 -28.2614937
v -2.37124658 0.421450794 -28.2305546
v -2.27171397 0.448228061 -28.270298
v -2.53261828 0.390370905 -28.25173
v -2.43906498 0.424641222 -28.295002
v -2.60859609 0.388772488 -28.3176537
v -2.70204449 0.346101373 -28.2806225
v -2.76813602 0.341805458 -28.3426304
v -2.85794044 0.289727807 -28.3101196
v -2.93863916 0.230394661 -28.2726574
v -3.01009846 0.211510077 -28.3389111
v -2.92942667 0.281722069 -28.3867912
v -3.11782193 0.0792467296 -28.2446594
v -3.08047104 0.148848712 -28.3196926
v -3.07564235 0.200093538 -28.4221573
v -3.1498313 0.110762805 -28.3730011
v -3.21309519 0.0415745787 -28.3746433
v -3.27613163 -0.0089372918 -28.4366245
v -3.37560272 -0.162732854 -28.4898796
v -3.41538048 -0.228375345 -28.5438194
v -3.44959188 -0.294361651 -28.6038857
v -3.47476363 -0.349859416 -28.6625633
v -3.49657393 -0.420680076 -28.7200489
v -3.49750948 -0.502012908 -28.6743336
v -3.50933266 -0.487441599 -28.7597961
v -3.51789522 -0.559557438 -28.8004856
v -3.5223856 -0.624659598 -28.8462124
v -2.46466327 0.978126466 -32.5871239
v -2.4036603 0.998161435 -32.598629
v -2.40153837 0.993025184 -32.5560951
v -2.46485019 0.978053868 -32.5870056
v -3.50447893 -0.852595985 -29.0031395
v -3.48868394 -0.923855543 -29.0523491
v -2.34510064 1.00912678 -32.5738602
v -2.29134631 1.013062 -32.5187759
v -3.43328309 -1.0982548 -29.1107502
v -3.46326232 -1.00967562 -29.1081409
v -2.23567581 1.03432715 -32.6238403
v -3.34717917 -1.26781774 -29.2263107
v -3.38699722 -1.19340611 -29.1951275
v -3.25743103 -1.40624225 -29.2788696
v -3.30186939 -1.34135723 -29.2574215
v -3.23359203 -1.46985185 -29.2044411
v -3.17897344 -1.53404653 -29.2371445
v -3.20612478 -1.47184503 -29.3022995
v -3.13636732 -1.57564378 -29.267622
v -3.15803003 -1.52713549 -29.3208714
v -3.09200382 -1.62829256 -29.2664032
v -3.05030274 -1.63506663 -29.3521652
v -2.96604395 -1.74797678 -29.2855873
v -2.92066503 -1.74553418 -29.3715591
v -2.82732415 -1.85044742 -29.3095417
v -2.77706361 -1.8442086 -29.3884296
v -2.56292653 -1.8982476 -29.5071621
v -2.64612603 -1.86881685 -29.4869881
v -2.39155388 -1.95803082 -29.5178013
v -2.47475648 -1.93299878 -29.5108681
v -2.23767662 -1.99664831 -29.5212307
v -2.31409717 -1.97766387 -29.522728
v -2.07520342 -2.03849483 -29.4930668
v -2.15766048 -2.01903796 -29.5082779
v -1.90326226 -2.0763309 -29.4409771
v -1.99152899 -2.05550456 -29.4742661
v -1.73576438 -2.09869576 -29.379118
v -1.81754315 -2.08815432 -29.4132328
v -1.58431494 -2.04947686 -29.4049339
v -1.653265 -2.10114741 -29.3486595
v -1.42590344 -1.98903012 -29.4111023
v -1.50209045 -2.04673505 -29.3651257
v -1.28357244 -1.91318941 -29.4181232
v -1.33691716 -1.9715302 -29.3687706
v -1.14451587 -1.83320904 -29.4004803
v -1.19997764 -1.89468372 -29.3604183
v -1.01316452 -1.7389431 -29.3819675
v -1.06554329 -1.80457902 -29.3431797
v -0.883080244 -1.63181198 -29.3460083
v -0.943695426 -1.71121085 -29.31353
v -0.769752204 -1.51524186 -29.3116074
v -0.82509011 -1.60157347 -29.2775803
v -0.664362013 -1.38234723 -29.2666321
v -0.71115309 -1.47199309 -29.2349701
v -0.58109647 -1.24920571 -29.2148075
v -0.615590096 -1.33820939 -29.1803627
v -0.508856893 -1.09345019 -29.1563835
v -0.538371503 -1.19327104 -29.1289463
v -0.456796378 -0.939156413 -29.0884476
v -0.477378905 -1.04243481 -29.0665836
v -0.422566354 -0.787586689 -29.0139313
v -0.43402046 -0.888145089 -29.0012474
v -0.40065369 -0.632786095 -28.9075108
v -0.403149217 -0.737779975 -28.9007072
v -0.390774935 -0.581095695 -28.8165398
v -0.4202241 -0.325335413 -28.7730007
v -0.397828668 -0.412952781 -28.726017
v -0.409917802 -0.336546898 -28.6933842
v -0.448078185 -0.203912109 -28.6760349
v -0.419619352 -0.276653439 -28.6267567
v -0.442353874 -0.201001942 -28.5933323
v -0.433530092 -0.259455562 -28.7238674
v -0.501362383 -0.072758168 -28.5870247
v -0.461368203 -0.145246729 -28.5375595
v -0.495429933 -0.0746902972 -28.5075741
v -0.473599494 -0.133684173 -28.6318035
v -0.575789511 0.0435975082 -28.4898205
v -0.524931848 -0.021769071 -28.4406719
v -0.567230999 0.0358316749 -28.4126053
v -0.538005829 -0.00918055233 -28.5376358
v -0.625008047 0.0989422649 -28.4376278
v -0.588855207 0.0622898526 -28.3433723
v -0.643483222 0.116431691 -28.3512039
v -0.694341898 0.160623282 -28.3954372
v -0.678900719 0.146119401 -28.3030052
v -0.744928956 0.195980951 -28.319418
v -0.821837246 0.245594889 -28.336544
v -0.768541753 0.21533756 -28.404192
v -0.928408325 0.291348159 -28.1934128
v -0.849922657 0.252152026 -28.1764545
v -1.14882648 0.370108038 -28.175108
v -1.0728097 0.342122525 -28.1314182
v -1.15953314 0.381703407 -28.2647915
v -1.21151638 0.390431046 -28.2052002
v -1.26116276 0.408807814 -28.2647057
v -1.27485883 0.402372807 -28.1718254
v -1.21451712 0.383015752 -28.1255836
v -1.40970814 0.432852447 -28.2083549
v -1.34697771 0.413095117 -28.1337433
v -1.43559515 0.447251976 -28.2964878
v -1.48929965 0.449254155 -28.2443619
v -1.51643193 0.46123758 -28.314003
v -1.57435191 0.457743764 -28.2307835
v -1.50444031 0.440034151 -28.1543274
v -1.58166397 0.4701792 -28.3227081
v -1.66872025 0.473484516 -28.2873344
v -2.42591166 0.455272555 -28.4005222
v -2.51704717 0.42707333 -28.3658428
v -2.590271 0.425220519 -28.4206638
v -2.67802835 0.388138562 -28.38344
v -2.75310159 0.385359079 -28.4519386
v -2.84383702 0.335141659 -28.4138432
v -3.00645638 0.266908556 -28.4622364
v -2.91960955 0.329247028 -28.4929657
v -3.14593816 0.172854841 -28.4889565
v -3.07909989 0.245345101 -28.525486
v -3.2188139 0.0853350237 -28.4667091
v -3.21977782 0.140925825 -28.5694427
v -3.27537584 0.0512972586 -28.5337372
v -3.33060336 -0.0863137171 -28.4606495
v -3.31427979 -0.0239868611 -28.5101929
v -3.32991004 0.00876772963 -28.5996723
v -3.35694122 -0.0786103383 -28.5473633
v -3.39654875 -0.135331228 -28.5931225
v -3.43379712 -0.199758664 -28.643486
v -3.46305323 -0.251610726 -28.7007866
v -3.4917829 -0.317527413 -28.7668915
v -3.51457477 -0.404895753 -28.8276501
v -3.52141333 -0.487435699 -28.8390007
v -3.52917552 -0.543299615 -28.8896141
v -3.53306317 -0.607540846 -28.9429321
v -3.51606107 -0.77438581 -28.9422226
v -3.52212811 -0.766507208 -29.0545158
v -3.53070402 -0.687853575 -28.9998322
v -3.48803473 -0.923051596 -29.1400185
v -2.21111012 1.02933764 -32.556057
v -2.14825702 1.0289408 -32.499012
v -3.41095901 -1.12385178 -29.264164
v -3.44246483 -1.05527425 -29.2117863
v -3.41580844 -1.13041341 -29.1757774
v -3.27859688 -1.34784198 -29.3571777
v -3.32459974 -1.28155065 -29.325346
v -3.17900825 -1.47483146 -29.3889675
v -3.22800183 -1.41552877 -29.3754482
v -0.389231384 -0.396817058 -26.6769848
v -3.10711122 -1.57811534 -29.3430977
v -3.07079244 -1.58099043 -29.4286213
v -2.93603635 -1.69386995 -29.4519424
v -2.9831531 -1.69499195 -29.363266
v -2.79699349 -1.78637075 -29.4727554
v -2.84771729 -1.79466975 -29.3876839
v -2.58727098 -1.84949064 -29.572546
v -2.66761971 -1.81163514 -29.5691547
v -2.41796017 -1.90458214 -29.5923481
v -2.5090456 -1.87590301 -29.5849743
v -2.26238203 -1.94456029 -29.5971088
v -2.34117627 -1.92538846 -29.5964012
v -2.09538984 -1.98452115 -29.5767021
v -2.18633628 -1.9638592 -29.5898933
v -1.93142307 -2.01851106 -29.5353565
v -2.01537585 -2.00164342 -29.5593891
v -1.74661362 -2.04285717 -29.4734058
v -1.83298647 -2.03563643 -29.5009327
v -1.59480941 -1.99621773 -29.4974899
v -1.66942644 -2.0517683 -29.4361687
v -1.44056249 -1.9401592 -29.5030499
v -1.51149631 -1.99616694 -29.4548988
v -1.29846787 -1.86863768 -29.5084629
v -1.35769928 -1.92771506 -29.4609261
v -1.15919387 -1.78087604 -29.5114155
v -1.21714091 -1.84621966 -29.4641628
v -1.02757013 -1.69413817 -29.4876957
v -1.08422303 -1.76404262 -29.4433861
v -0.894165158 -1.58222961 -29.4649811
v -0.955977499 -1.66387486 -29.4250927
v -0.781186342 -1.47317612 -29.4258347
v -0.832963526 -1.556988 -29.3832283
v -0.669531763 -1.33553398 -29.3784313
v -0.717824042 -1.42558467 -29.3480377
v -0.586192429 -1.19880795 -29.3327694
v -0.620656133 -1.28704226 -29.299963
v -0.515728295 -1.04671443 -29.2700691
v -0.544230819 -1.14833963 -29.2372303
v -0.463532865 -0.88700223 -29.1960831
v -0.483933419 -0.990257263 -29.1817341
v -0.441847056 -0.830980778 -29.1126614
v -0.418817312 -0.583543956 -29.0554428
v -0.414930403 -0.669899762 -29.0175152
v -0.409571052 -0.592072546 -28.978754
v -0.415982008 -0.518871188 -29.0079594
v -0.404353261 -0.539645076 -28.9164276
v -0.414891303 -0.458285481 -28.9490814
v -0.431588501 -0.312193513 -28.8595467
v -0.412947088 -0.381399989 -28.8198109
v -0.429491043 -0.380651176 -28.9832993
v -0.426622182 -0.440509021 -29.0398483
v -0.46466279 -0.181221619 -28.7739849
v -0.45250231 -0.248168483 -28.8988018
v -0.439575136 -0.310947508 -28.9408092
v -0.515127957 -0.058035057 -28.6750832
v -0.496995479 -0.111689582 -28.8121281
v -0.472964168 -0.176787853 -28.8551502
v -0.586828887 0.053960871 -28.5758438
v -0.554910123 0.00264803646 -28.7219105
v -0.549490213 0.00148274761 -28.6260242
v -0.596333027 0.0621072389 -28.6696129
v -0.684499204 0.154269233 -28.4944515
v -0.64295727 0.115795314 -28.6227131
v -0.735939801 0.196836442 -28.5431252
v -0.686216235 0.156757429 -28.5751839
v -0.891129613 0.284655303 -28.3590984
v -0.879944682 0.273487449 -28.2692604
v -0.970852792 0.317389309 -28.2961597
v -1.02501595 0.344799906 -28.367979
v -0.958096385 0.317892104 -28.3810558
v -1.11271799 0.37566635 -28.3605824
v -1.06499279 0.353106111 -28.28652
v -1.15492845 0.396631718 -28.4483471
v -1.19939947 0.401443928 -28.3537254
v -1.23832667 0.420185238 -28.4427738
v -1.29398823 0.426108032 -28.3595638
v -1.33059311 0.442825019 -28.4454727
v -1.38075924 0.445312351 -28.3679256
v -1.41078591 0.459988981 -28.4544258
v -1.34638608 0.429281235 -28.2807903
v -1.49672973 0.474816591 -28.4575081
v -1.54564619 0.473593563 -28.3864136
v -1.58024788 0.486633569 -28.4610043
v -1.75254571 0.485237956 -28.3352222
v -1.75393903 0.49859786 -28.4305553
v -1.81830335 0.493573159 -28.374485
v -1.8444711 0.504700899 -28.4439106
v -1.9084506 0.491516918 -28.3527985
v -1.83574033 0.481088132 -28.28969
v -1.93293691 0.508295357 -28.4560566
v -1.9865948 0.497152954 -28.3922119
v -2.016366 0.510441959 -28.4714775
v -2.07096028 0.492319167 -28.3832874
v -1.99721217 0.480333745 -28.2989388
v -2.2527976 0.47795403 -28.3885593
v -2.18017864 0.470913738 -28.3199482
v -2.23220658 0.497386068 -28.4662228
v -2.32815886 0.48337394 -28.4519749
v -2.90233183 0.37629059 -28.5926247
v -2.99069571 0.318501323 -28.5608234
v -3.07451797 0.300062835 -28.6381493
v -3.15130424 0.224651083 -28.6022243
v -3.22239518 0.197775021 -28.6782207
v -3.28249907 0.107823856 -28.6426582
v -3.38381839 -0.0589384995 -28.6510277
v -3.3510294 0.0520669371 -28.7151546
v -3.41945386 -0.12483184 -28.6788139
v -3.45016026 -0.159422889 -28.7430687
v -3.48302579 -0.222731739 -28.8042259
v -3.51043749 -0.286550015 -28.8708382
v -3.53330445 -0.451528937 -28.9217072
v -3.54447961 -0.591968715 -29.0404949
v -3.54183769 -0.522854388 -28.9825382
v -3.54086256 -0.670349419 -29.1045666
v -3.53174376 -0.741770744 -29.1584969
v -3.50891113 -0.841531396 -29.1284885
v -3.49854064 -0.885181546 -29.2124977
v -3.52132845 -0.80056721 -29.2228451
v -3.48816824 -0.918728054 -29.2904911
v -3.4745698 -0.964351833 -29.2050037
v -3.46334004 -0.990873694 -29.2784863
v -2.63776803 2.09912229 -25.9443111
v -2.73984385 1.82506073 -26.1176529
v -3.34915042 -1.21652412 -29.4102764
v -3.39672852 -1.13163829 -29.3847313
v -3.37024236 -1.20360672 -29.2969971
v -2.52115893 1.97483587 -26.1032333
v -3.30237961 -1.29080904 -29.4252529
v -2.4303267 1.98704576 -26.1246376
v -3.19171381 -1.43234587 -29.4631481
v -3.25342917 -1.35802305 -29.4432507
v -2.31430769 1.99918306 -26.1455956
v -3.12845278 -1.52772367 -29.4074936
v -3.14799142 -1.48354447 -29.4644566
v -2.22361159 2.00892472 -26.1560593
v -3.09754157 -1.52694809 -29.4933777
v -2.10655928 2.00802445 -26.1742897
v -2.95886755 -1.63321221 -29.5414772
v -3.00592899 -1.63568282 -29.4468269
v -2.00106454 2.01027369 -26.1826954
v -2.86433625 -1.74200726 -29.4672165
v -2.81444478 -1.72809589 -29.5629253
v -2.61334014 -1.79500055 -29.646656
v -2.69483924 -1.75710917 -29.6417408
v -1.90768754 1.99951339 -26.195612
v -2.4502306 -1.85012293 -29.6646843
v -2.53461981 -1.81885648 -29.6645126
v -2.2828958 -1.89609861 -29.6677303
v -2.36496949 -1.87211335 -29.672411
v -2.11538935 -1.93245816 -29.656065
v -2.20617843 -1.91122949 -29.6685505
v -1.9549154 -1.96393061 -29.6225109
v -2.03511643 -1.95076036 -29.6386471
v -1.7710855 -1.99047434 -29.5635796
v -1.86708295 -1.98294568 -29.589262
v -1.61752868 -1.94447756 -29.5914021
v -1.68782341 -1.99962866 -29.5273533
v -1.46229935 -1.88302147 -29.611948
v -1.53639686 -1.94482148 -29.553215
v -1.31045508 -1.81140292 -29.6168766
v -1.38134468 -1.87938809 -29.5611916
v -1.17921376 -1.73451316 -29.617382
v -1.23956895 -1.80333662 -29.5625744
v -1.0410248 -1.64753568 -29.5952682
v -1.09811687 -1.71722841 -29.5475044
v -0.90340519 -1.5382874 -29.5702171
v -0.968859076 -1.62063956 -29.5301991
v -0.785754681 -1.42968833 -29.5266399
v -0.837995827 -1.50942969 -29.4896259
v -0.675446451 -1.29353249 -29.4845448
v -0.725859046 -1.38378441 -29.4573135
v -0.58822608 -1.15077651 -29.4339581
v -0.626812696 -1.241732 -29.4137917
v -0.522742033 -1.00447857 -29.3774605
v -0.552343786 -1.10101569 -29.3615608
v -0.482777894 -0.858563304 -29.3549576
v -0.489880085 -0.937295794 -29.293499
v -0.469807088 -0.853383899 -29.2768669
v -0.451743186 -0.708610356 -29.284565
v -0.450546771 -0.782811403 -29.2183456
v -0.44244352 -0.706198871 -29.2157822
v -0.465641111 -0.783067644 -29.3243427
v -0.429212809 -0.575147033 -29.1425686
v -0.424681216 -0.638079643 -29.1027927
v -0.444571704 -0.642373562 -29.2617626
v -0.428195029 -0.497436672 -29.1044273
v -0.43739447 -0.506553471 -29.1925869
v -0.438946307 -0.573299587 -29.2249393
v -0.449316144 -0.304304451 -29.0279636
v -0.436075479 -0.423353344 -29.1101189
v -0.448022306 -0.371728092 -29.1539288
v -0.440403551 -0.442509979 -29.1723614
v -0.482623994 -0.169934973 -28.9424076
v -0.472540349 -0.234774351 -29.0814247
v -0.457735449 -0.307476252 -29.1257572
v -0.533447444 -0.045228783 -28.8528767
v -0.523050129 -0.0537902564 -28.7633286
v -0.51762557 -0.0956641361 -28.9939957
v -0.494017243 -0.161108136 -29.0427132
v -0.607296407 0.072024323 -28.760704
v -0.577152371 0.0225990731 -28.9004326
v -0.54510498 -0.0356042683 -28.9528389
v -0.697730839 0.167727694 -28.655344
v -0.649269998 0.121349536 -28.7071114
v -0.784647822 0.233345971 -28.5851936
v -0.788000822 0.231770232 -28.4883022
v -0.769200265 0.225406602 -28.6737862
v -0.708944619 0.178433552 -28.7387428
v -0.955558777 0.326157153 -28.5213337
v -0.868272662 0.282384574 -28.5293331
v -0.914756119 0.301546603 -28.4403477
v -0.846426785 0.275286734 -28.6396103
v -1.06971788 0.36725533 -28.4403858
v -1.03481948 0.36017248 -28.5214329
v -0.9950068 0.338274747 -28.4445
v -1.06938839 0.378998637 -28.5927563
v -1.11475444 0.389898211 -28.5254326
v -1.14620948 0.406450301 -28.5982628
v -1.22899628 0.431584954 -28.5980911
v -1.2781769 0.43767643 -28.5212955
v -1.31741881 0.455299616 -28.606636
v -1.39787829 0.473777264 -28.6143169
v -1.44779766 0.475142717 -28.5357437
v -1.49816084 0.493320554 -28.6252499
v -1.57717288 0.504418969 -28.6178913
v -1.62629259 0.500595093 -28.5333595
v -1.67691338 0.516220331 -28.615448
v -1.66548681 0.494777501 -28.4528866
v -1.71969783 0.508220673 -28.5210552
v -1.77908576 0.523415387 -28.599823
v -1.85756147 0.518755853 -28.5350628
v -1.97243547 0.538650453 -28.638155
v -2.04663992 0.528238475 -28.5739365
v -2.04294133 0.542679727 -28.6555538
v -2.08801341 0.508526087 -28.472683
v -2.12148118 0.537691236 -28.6316795
v -2.16640878 0.515915215 -28.5303745
v -2.20713663 0.53340435 -28.6263714
v -2.17070746 0.493099332 -28.4208755
v -2.42350507 0.481700808 -28.500248
v -2.41545272 0.511040509 -28.6105957
v -2.4797709 0.485976011 -28.5512009
v -2.51163387 0.500521958 -28.6245174
v -2.56913233 0.462231815 -28.5283089
v -2.49750185 0.459235728 -28.4652271
v -2.5995388 0.487830043 -28.6380348
v -2.6541059 0.453203827 -28.5658951
v -2.69014382 0.46511513 -28.6339226
v -2.7274065 0.426172256 -28.5470085
v -2.66131568 0.423605323 -28.4779587
v -2.79331827 0.43860662 -28.6467762
v -3.22013283 0.259724468 -28.7891445
v -3.29889989 0.1663519 -28.7730808
v -3.35080934 0.108926855 -28.7968273
v -3.38999844 0.0606761314 -28.8229637
v -3.41553688 -0.044660762 -28.7602558
v -3.44318128 -0.010355249 -28.878376
v -3.46406293 -0.114467114 -28.8339958
v -3.53045845 -0.249482378 -28.9778843
v -3.50231028 -0.18506299 -28.9069099
v -3.53215575 -0.356186658 -28.9397907
v -3.54841471 -0.41426599 -29.0158749
v -3.55759931 -0.497569859 -29.0900459
v -3.55783725 -0.5708341 -29.1447868
v -3.53965759 -0.726941586 -29.2455883
v -3.55334735 -0.649890482 -29.2196846
v -3.53412247 -0.764300168 -29.3128853
v -3.512079 -0.842451513 -29.30233
v -3.50027156 -0.882509291 -29.3781242
v -3.4717648 -0.962053001 -29.3595505
v -3.45283604 -1.00349605 -29.4301128
v -3.43757153 -1.04970694 -29.3374729
v -3.42472768 -1.06673288 -29.4254017
v -1.78946149 1.9812994 -26.208498
v -3.33401704 -1.21896768 -29.5105438
v -3.37190008 -1.1629678 -29.469965
v -3.21282697 -1.37633538 -29.5531235
v -3.27169633 -1.30575418 -29.5339985
v -2.88289642 2.16544151 -25.6460972
v -2.88148808 2.09971428 -25.7263947
v -3.02719975 -1.58364952 -29.5208492
v -2.98995948 -1.57312977 -29.6185665
v -2.6737597 2.20419741 -25.8257599
v -2.8880074 -1.68692493 -29.5433369
v -2.84242392 -1.6718657 -29.6374702
v -2.64110279 -1.74134552 -29.7181511
v -2.71541524 -1.70571828 -29.7157001
v -2.48223591 -1.79552925 -29.7367802
v -2.56585979 -1.76760018 -29.7301273
v -2.31113672 -1.84075606 -29.7456856
v -2.39096737 -1.82133603 -29.7426567
v -2.13926053 -1.87313771 -29.7449169
v -2.22626066 -1.85511088 -29.7516689
v -1.96645677 -1.91478431 -29.6999226
v -2.05592608 -1.89217067 -29.7286739
v -1.79302835 -1.93572044 -29.6551819
v -1.89099336 -1.92688632 -29.6799374
v -1.64044368 -1.89257979 -29.6837959
v -1.70994186 -1.94075751 -29.6287537
v -1.4801054 -1.83553123 -29.7008972
v -1.55000556 -1.89237785 -29.6457081
v -1.32901502 -1.76520669 -29.7115574
v -1.39498866 -1.82733727 -29.6584988
v -1.19565642 -1.69280291 -29.7101803
v -1.25497413 -1.7564975 -29.6594181
v -1.04862368 -1.59486902 -29.706295
v -1.11021638 -1.66714227 -29.6551914
v -1.13421655 -1.62198937 -29.7688046
v -0.908460319 -1.49352622 -29.6701984
v -0.9762218 -1.57311165 -29.6347733
v -0.985651672 -1.52649212 -29.7423992
v -0.789459348 -1.38170636 -29.6364193
v -0.839256704 -1.45690596 -29.5995026
v -0.850813985 -1.41629732 -29.7100143
v -0.682589769 -1.2528429 -29.5935898
v -0.727309704 -1.33661032 -29.559864
v -0.595594406 -1.10963655 -29.5460243
v -0.633375347 -1.20082402 -29.5217094
v -0.541395903 -0.960193515 -29.5521393
v -0.552460432 -1.04224026 -29.4677505
v -0.526380062 -0.966076195 -29.4601345
v -0.514502108 -0.893365324 -29.5045509
v -0.464542359 -0.714615881 -29.3759785
v -0.44906947 -0.57246244 -29.3106766
v -0.466058046 -0.644051552 -29.4314404
v -0.480110824 -0.737438142 -29.4700298
v -0.446362555 -0.453079879 -29.2383652
v -0.456859797 -0.50098455 -29.3646088
v -0.459385097 -0.576853693 -29.3972778
v -0.465474606 -0.307095379 -29.2076817
v -0.500814378 -0.161930308 -29.131485
v -0.488349229 -0.234851882 -29.2635784
v -0.475893438 -0.304990709 -29.3148136
v -0.551534891 -0.0339202695 -29.0393887
v -0.53543371 -0.0862994343 -29.1818371
v -0.510875344 -0.155122101 -29.2266827
v -0.626658261 0.0882575437 -28.9489994
v -0.618721783 0.0826700553 -28.8476734
v -0.594185412 0.0343181603 -29.0816822
v -0.561348736 -0.0274726395 -29.1383648
v -0.719890833 0.188956797 -28.8325367
v -0.662320912 0.133825094 -28.7927456
v -0.677411854 0.146688282 -28.9833202
v -0.633868515 0.0936064199 -29.0326195
v -0.781860232 0.240435988 -28.871151
v -0.725603878 0.194699198 -28.923811
v -0.909044027 0.313954651 -28.6973476
v -0.92757076 0.318541169 -28.6116314
v -0.841912508 0.276702255 -28.7304974
v -0.897300482 0.31216678 -28.7820759
v -0.837279856 0.277818114 -28.8238964
v -0.979570985 0.347512931 -28.6740227
v -1.03670931 0.370901853 -28.6552486
v -1.04209566 0.379112661 -28.7363224
v -1.00277591 0.352249771 -28.5939617
v -1.17719197 0.422785878 -28.6737194
v -1.09938979 0.395897925 -28.6664486
v -1.28971195 0.464197278 -28.7740631
v -1.34599221 0.470019937 -28.6896038
v -1.38842416 0.487761468 -28.7731476
v -1.43492103 0.489826739 -28.6991673
v -1.48382437 0.507708848 -28.7824173
v -1.53387725 0.507800877 -28.7049122
v -1.63437116 0.534358859 -28.8086052
v -1.63738751 0.524454176 -28.7215004
v -1.69779003 0.539948404 -28.7884636
v -1.72765243 0.531582057 -28.695858
v -1.82353795 0.539656281 -28.6937103
v -1.7787168 0.54782635 -28.7821388
v -1.87971711 0.532049775 -28.6172791
v -1.86265492 0.554532886 -28.7784309
v -1.91427362 0.547004223 -28.7051353
v -1.95435226 0.561263263 -28.7842903
v -2.04477358 0.564515173 -28.7817497
v -2.07581019 0.552734792 -28.711195
v -2.12121224 0.565237224 -28.7784805
v -2.19172907 0.562564313 -28.7670364
v -2.23266387 0.548853755 -28.7063255
v -2.25406003 0.564431965 -28.7845173
v -2.30068707 0.530142367 -28.6401024
v -2.33128715 0.562772095 -28.793581
v -2.37213898 0.541692972 -28.7159882
v -2.41424298 0.556645036 -28.7934704
v -2.49929786 0.547427058 -28.7924461
v -2.54876876 0.520917356 -28.7205868
v -2.58055282 0.538654268 -28.8020935
v -2.6331923 0.506300032 -28.723938
v -2.72878838 0.48201248 -28.7185459
v -2.67372704 0.523483217 -28.8086166
v -2.85168195 0.478976279 -28.8175564
v -2.75575638 0.504593194 -28.8097801
v -2.81031156 0.467322946 -28.7458706
v -2.89990973 0.429240495 -28.7293949
v -2.95182991 0.445284635 -28.8278866
v -2.98584032 0.402789503 -28.7591934
v -3.03128386 0.411225796 -28.8350773
v -3.06032538 0.355617881 -28.7425022
v -2.99436903 0.36272499 -28.6718693
v -3.13746929 0.357412457 -28.8545666
v -3.48245502 0.0146275004 -29.0159645
v -3.48921037 -0.0855662525 -28.9425011
v -3.52071357 -0.151702061 -28.9983978
v -3.55118871 -0.180632621 -29.0965652
v -3.57216072 -0.550469577 -29.2487717
v -3.57300448 -0.48032552 -29.1922913
v -3.57484007 -0.58698529 -29.3284321
v -3.55461454 -0.682356238 -29.3224964
v -3.55067611 -0.719461501 -29.4031086
v -3.52645373 -0.802414656 -29.3926945
v -3.5139842 -0.846282899 -29.4707851
v -3.48532343 -0.923022151 -29.4521255
v -3.46558022 -0.967429399 -29.5229111
v -3.43036747 -1.04480052 -29.5050259
v -3.40173864 -1.10391939 -29.4889679
v -3.40736032 -1.08128834 -29.5700397
v -3.37472701 -1.14438081 -29.542099
v -2.5896852 2.22362471 -25.8614616
v -3.23013306 -1.33009839 -29.6347122
v -3.29473424 -1.25015879 -29.6241226
v -2.50757861 2.23560715 -25.8921337
v -3.0997417 -1.45746708 -29.6662235
v -3.16526723 -1.39706206 -29.6530838
v -3.14050627 -1.45721543 -29.5575886
v -3.05930924 -1.52274275 -29.595993
v -3.0227356 -1.51289654 -29.6959991
v -2.90985227 -1.62886226 -29.6307144
v -2.86258507 -1.61694276 -29.7213688
v -2.66571283 -1.69665122 -29.7767239
v -2.723212 -1.66172588 -29.7888145
v -2.51560974 -1.73969436 -29.8097
v -2.59875298 -1.71314764 -29.7999077
v -2.33682203 -1.7837534 -29.8263206
v -2.42610836 -1.76307094 -29.8199806
v -2.15996766 -1.82154119 -29.8210907
v -2.24662948 -1.80055177 -29.8312702
v -1.99476409 -1.85742104 -29.7884312
v -2.07751799 -1.84001696 -29.8072128
v -1.81635809 -1.88051713 -29.7460003
v -1.90649557 -1.86957383 -29.7706299
v -1.65707982 -1.83666122 -29.7788982
v -1.72721696 -1.88613379 -29.7203121
v -1.50408638 -1.78331745 -29.7998409
v -1.56548059 -1.84124231 -29.7359085
v -1.34729207 -1.71566117 -29.8108444
v -1.41896212 -1.7787472 -29.7563477
v -1.20592964 -1.64074147 -29.8148804
v -1.27212203 -1.7100637 -29.7566528
v -1.28563559 -1.65645397 -29.8628864
v -1.14111221 -1.57555437 -29.8640976
v -1.00517833 -1.48554766 -29.8559628
v -1.06405568 -1.54858816 -29.8174782
v -0.916535497 -1.44159973 -29.7926159
v -0.854596376 -1.36063814 -29.8370934
v -0.688286602 -1.21110511 -29.7014236
v -0.733026743 -1.29833782 -29.6580467
v -0.501723647 -0.804473162 -29.5454788
v -0.491087198 -0.832358837 -29.441433
v -0.495114088 -0.709141195 -29.6038799
v -0.513858557 -0.795889139 -29.635397
v -0.46982044 -0.575481653 -29.4846458
v -0.487906575 -0.61928314 -29.6157665
v -0.478014261 -0.636312246 -29.529232
v -0.481072247 -0.558110952 -29.58148
v -0.468898296 -0.424131393 -29.4259472
v -0.458965302 -0.420585424 -29.3268471
v -0.475182593 -0.505923808 -29.529459
v -0.466397136 -0.500844598 -29.4501896
v -0.477163404 -0.435549766 -29.5143471
v -0.477838606 -0.344113231 -29.4119606
v -0.517807961 -0.156051263 -29.3185291
v -0.507988334 -0.219458506 -29.4424953
v -0.500540793 -0.219860241 -29.3565159
v -0.52796793 -0.145940915 -29.4020824
v -0.57115829 -0.0202332251 -29.2317886
v -0.554551184 -0.0721807331 -29.3616333
v -0.643136203 0.100975685 -29.1280155
v -0.613754928 0.0487777181 -29.2772121
v -0.580046773 -0.014745486 -29.3261204
v -0.73913008 0.207487226 -29.027626
v -0.697726309 0.164873973 -29.1701202
v -0.654375792 0.111131325 -29.219202
v -0.844913006 0.286287606 -28.9080734
v -0.797607422 0.25708586 -29.0577564
v -0.748866618 0.216697931 -29.1104908
v -0.943380237 0.339520901 -28.8237419
v -0.963383377 0.345206678 -28.7542229
v -0.910077572 0.327780098 -28.9393082
v -0.853607237 0.295377254 -28.9919891
v -1.02898133 0.385953426 -28.9087772
v -1.07528508 0.399561614 -28.8303452
v -1.1086998 0.419885248 -28.9255295
v -1.12207282 0.410651296 -28.7486744
v -1.19336104 0.450073212 -28.9308147
v -1.24479759 0.459385127 -28.8574829
v -1.27633893 0.476088226 -28.9420319
v -1.20703292 0.440323025 -28.7695236
v -1.36646962 0.500454187 -28.9525623
v -1.43260396 0.50610131 -28.8620529
v -1.46938467 0.523028791 -28.953968
v -1.54965675 0.537579358 -28.9519234
v -1.59493005 0.536018014 -28.8722591
v -1.63318372 0.550521314 -28.9490929
v -1.57080841 0.523402274 -28.7932224
v -1.66088605 0.544914067 -28.8678856
v -1.69796729 0.557140529 -28.9291458
v -1.76597893 0.56794107 -28.948246
v -1.81652606 0.561538815 -28.8576965
v -1.85995936 0.577830136 -28.9467201
v -1.95437801 0.586459935 -28.9493256
v -2.00344682 0.57576555 -28.8598156
v -2.04302621 0.589889407 -28.9339085
v -2.17466974 0.577638209 -28.8434296
v -2.08383679 0.578364551 -28.8555508
v -2.22469878 0.596014977 -28.9369335
v -2.27437401 0.579744637 -28.8600693
v -2.30618858 0.596544921 -28.9424973
v -2.3914392 0.595827103 -28.9516258
v -2.45100927 0.573035598 -28.8729401
v -2.47852039 0.5920012 -28.9578495
v -2.53410387 0.565257192 -28.8755665
v -2.56760097 0.586952507 -28.9703579
v -2.62604642 0.556577742 -28.8903389
v -2.66506767 0.571971357 -28.9646912
v -2.71145511 0.539207578 -28.8853893
v -2.89307666 0.498647273 -28.9111862
v -2.80512404 0.520378947 -28.8970318
v -3.14632678 0.400725484 -28.960083
v -3.18203759 0.414409637 -29.0381317
v -3.10911226 0.449363708 -29.0199032
v -3.21663666 0.304815263 -28.8690567
v -3.2165916 0.346224308 -28.9495945
v -3.34209442 0.314113289 -29.098896
v -3.25648737 0.374941826 -29.067112
v -3.29336238 0.300715208 -28.9904404
v -3.52060699 -0.0772125646 -29.0519981
v -3.5599649 -0.00827926677 -29.2285862
v -3.54927468 -0.0747863129 -29.1496601
v -3.58484483 -0.144842267 -29.2437172
v -3.61203289 -0.350129992 -29.3693295
v -3.58883405 -0.374179721 -29.2459373
v -3.59102058 -0.472543478 -29.3158054
v -3.59564233 -0.534045935 -29.4299583
v -3.57339191 -0.633735657 -29.4196205
v -3.56964803 -0.673837125 -29.5045319
v -3.54262233 -0.762395382 -29.4886627
v -3.52954984 -0.809185922 -29.5697041
v -3.49683309 -0.893222511 -29.5455666
v -3.47691512 -0.93768549 -29.6153793
v -3.44172597 -1.01210821 -29.5985203
v -3.41459727 -1.05607164 -29.6607704
v -3.3836832 -1.1152966 -29.6224651
v -3.37017035 -1.12122095 -29.7154884
v -3.34827352 -1.17082536 -29.6311646
v -3.3112824 -1.20380211 -29.7241859
v -3.19217229 -1.34041595 -29.7388515
v -3.1272428 -1.39892316 -29.7548695
v -1.06209874 0.172745124 -26.8337955
v -1.01680756 0.143406138 -26.7588177
v -2.94105601 -1.55863035 -29.7328148
v -2.98160911 -1.49940121 -29.7999649
v -2.87530732 -1.56786597 -29.8044949
v -2.64356065 -1.65590918 -29.8656216
v -2.73331618 -1.60430253 -29.8843136
v -1.94413424 2.24149346 -25.9957542
v -2.54765511 -1.68176758 -29.886404
v -2.36582732 -1.72912538 -29.9008808
v -2.46463275 -1.70641243 -29.8921146
v -2.19134593 -1.76594853 -29.8998299
v -2.27253175 -1.74697542 -29.9065685
v -2.01680207 -1.79958797 -29.8763866
v -2.10076308 -1.78550041 -29.8879032
v -1.8442955 -1.82486701 -29.8363304
v -1.93183982 -1.81195021 -29.8606567
v -1.67978179 -1.78695822 -29.8647194
v -1.74735475 -1.8331821 -29.8085632
v -1.52683926 -1.72750604 -29.9024944
v -1.59221601 -1.78753793 -29.8339233
v -1.37727571 -1.66686428 -29.9164734
v -1.44329607 -1.72987044 -29.8533478
v -1.45909095 -1.67658854 -29.95154
v -1.30477548 -1.60859716 -29.9638863
v -1.15942621 -1.53121269 -29.9695263
v -1.22460067 -1.59511292 -29.9168949
v -1.01785147 -1.44552672 -29.9574547
v -1.07975423 -1.51234591 -29.9098434
v -0.793651998 -1.33596468 -29.7448883
v -0.8784554 -1.32974041 -29.9563656
v -0.93708843 -1.40777326 -29.9021988
v -0.804800272 -1.27392256 -29.9094772
v -0.749258578 -1.22907209 -29.8569794
v -0.756402969 -1.18301082 -29.9812603
v -0.646360397 -1.05190194 -29.8804474
v -0.691161811 -1.08302104 -29.9892216
v -0.696496725 -1.13944232 -29.8846779
v -0.56403476 -0.910200775 -29.7600403
v -0.555298328 -0.845703304 -29.8181858
v -0.580200911 -0.916147828 -29.8357353
v -0.492607236 -0.545462668 -29.6805878
v -0.500493765 -0.642311871 -29.6989269
v -0.50563848 -0.591045856 -29.7711124
v -0.515627563 -0.679322064 -29.77981
v -0.485246241 -0.461033881 -29.6051559
v -0.498436183 -0.453150362 -29.7232132
v -0.501974583 -0.51342541 -29.7646694
v -0.500194788 -0.292080373 -29.5498352
v -0.484294176 -0.355873466 -29.4966831
v -0.494887412 -0.282396466 -29.4695473
v -0.498691559 -0.379364252 -29.6717968
v -0.490333438 -0.369804353 -29.5775833
v -0.506708264 -0.302109569 -29.6404419
v -0.533697426 -0.149920911 -29.4937725
v -0.521152318 -0.224626809 -29.6145439
v -0.591653883 -0.00267477171 -29.409626
v -0.564051569 -0.0803015977 -29.5468102
v -0.541313946 -0.147653028 -29.5826187
v -0.666193962 0.121640004 -29.3184147
v -0.634719372 0.0668102205 -29.4605522
v -0.598599315 -0.000354395976 -29.5030499
v -0.757552326 0.224903241 -29.2046356
v -0.721893251 0.187229723 -29.3566055
v -0.671547592 0.124132968 -29.4087849
v -0.864908516 0.306589544 -29.0863361
v -0.826690674 0.28400746 -29.2475204
v -0.774661601 0.240863904 -29.3034172
v -0.976809204 0.365448356 -28.9696522
v -0.961103678 0.352322519 -28.8854389
v -0.942731678 0.355704188 -29.1156425
v -0.875570536 0.317437321 -29.1825123
v -1.07731164 0.418939412 -29.0770912
v -1.13462043 0.435937554 -29.0052853
v -1.16536379 0.454469323 -29.0958176
v -1.24966705 0.483738482 -29.1127319
v -1.31668234 0.495364636 -29.0308399
v -1.34757555 0.512679398 -29.1277924
v -1.44129252 0.535141289 -29.1291981
v -1.5016793 0.538263917 -29.0393906
v -1.53469956 0.554265141 -29.1312466
v -1.59087956 0.554917276 -29.0464935
v -1.64150274 0.572520733 -29.130024
v -1.69686902 0.568162143 -29.0221825
v -1.74186122 0.587144792 -29.1282902
v -1.84028661 0.599885523 -29.1278477
v -1.89718366 0.594436646 -29.0401955
v -1.94552326 0.60976392 -29.1141033
v -1.99431169 0.602187455 -29.0323448
v -2.03298998 0.616631866 -29.1051941
v -2.18094325 0.611001074 -29.019558
v -2.09206963 0.607405782 -29.0225048
v -2.13587952 0.594563305 -28.937706
v -2.24698639 0.631819665 -29.1179943
v -2.32863975 0.613880634 -29.0248775
v -2.36246586 0.637237132 -29.1341457
v -2.61618304 0.604180992 -29.0532513
v -2.51595306 0.613918483 -29.0553837
v -2.7434237 0.611708641 -29.1404762
v -2.79736233 0.577572107 -29.0645103
v -2.8391633 0.593103528 -29.1407528
v -2.84317136 0.537562728 -28.9783936
v -2.75364709 0.558319449 -28.9748554
v -2.88842511 0.557483673 -29.0725479
v -2.9199388 0.578061402 -29.1565151
v -3.00092149 0.557731092 -29.1706848
v -3.05620217 0.50865519 -29.0997906
v -3.08672452 0.530182898 -29.1855965
v -3.02773643 0.482398063 -29.0042343
v -3.13342571 0.475986302 -29.1103458
v -3.17241645 0.49417457 -29.1993561
v -3.21148348 0.439203888 -29.1304836
v -3.28150797 0.406285048 -29.165411
v -3.35351467 0.379097432 -29.230051
v -3.28925967 0.447025985 -29.2570324
v -3.3634963 0.216648966 -28.9842987
v -3.41192913 0.231476694 -29.1053085
v -3.5101192 0.0698033571 -29.1470718
v -3.47615933 0.185810745 -29.1866016
v -3.44668198 0.137033269 -29.0580368
v -3.51398087 0.212547153 -29.3081169
v -3.53710341 0.113868169 -29.2621517
v -3.59799361 -0.0493974127 -29.3321457
v -3.61048079 -0.143941104 -29.3467865
v -3.60528469 -0.256346583 -29.3124237
v -3.62731791 -0.27006197 -29.4248638
v -3.63009691 -0.185975045 -29.4279861
v -3.63307142 -0.32787174 -29.4832439
v -3.61628008 -0.424699545 -29.4492283
v -3.6150322 -0.497888297 -29.5420437
v -3.59189248 -0.592550993 -29.5198517
v -3.58491445 -0.643009365 -29.6050739
v -3.55803394 -0.728882849 -29.5909977
v -3.54308414 -0.778404236 -29.6668491
v -3.51108384 -0.858982265 -29.6454353
v -3.48654246 -0.912217617 -29.7104378
v -3.44952631 -0.988271952 -29.6911507
v -3.4175992 -1.0381633 -29.7547779
v -3.33387208 -1.15339792 -29.8137035
v -1.84582531 2.23369241 -26.0014172
v -3.15121961 -1.3490957 -29.8333549
v -3.21779227 -1.2860235 -29.8278465
v -3.08438063 -1.39945209 -29.8525925
v -3.05632734 -1.45375085 -29.7727852
v -3.01172972 -1.44879234 -29.8669224
v -2.88546014 -1.51964116 -29.8903847
v -2.92500138 -1.52642 -29.8251591
v -2.66073823 -1.59065425 -29.9667721
v -2.74601746 -1.55451918 -29.9648571
v -2.57714748 -1.62375319 -29.9652939
v -2.40064883 -1.6658659 -29.9863091
v -2.48840976 -1.64859807 -29.9734993
v -2.21431851 -1.708673 -29.9820518
v -2.30803418 -1.68589115 -29.9896793
v -2.04360247 -1.73864019 -29.9671783
v -2.1279459 -1.72764707 -29.971756
v -1.86320949 -1.76580524 -29.9293823
v -1.94797885 -1.7527386 -29.9515705
v -1.70029175 -1.72985137 -29.9602489
v -1.77345693 -1.77304029 -29.9076805
v -1.54329038 -1.68002009 -29.9876366
v -1.61775386 -1.73618901 -29.925827
v -1.48256874 -1.62556076 -30.0502911
v -1.39527464 -1.61631215 -30.0158558
v -1.32536221 -1.56262767 -30.0630684
v -1.17997563 -1.49338567 -30.065361
v -1.24183667 -1.55104363 -30.0148182
v -1.03656888 -1.40687323 -30.0663242
v -1.09390616 -1.46803498 -30.0167961
v -0.902997494 -1.3027333 -30.0672722
v -0.957994044 -1.37526262 -30.0093117
v -0.794526219 -1.18022382 -30.0954456
v -0.830533922 -1.2523824 -30.0217762
v -0.641713202 -1.00081444 -29.9664764
v -0.70127517 -1.04872072 -30.1014175
v -0.739007294 -1.12257898 -30.0644283
v -0.578163743 -0.858086765 -29.9273968
v -0.610100627 -0.964278102 -29.8955822
v -0.616947949 -0.93015492 -29.9950886
v -0.631196856 -0.914506674 -30.0934124
v -0.657797933 -0.993075073 -30.0515213
v -0.549693048 -0.77068603 -29.8985176
v -0.531719089 -0.759915471 -29.7981472
v -0.567933321 -0.78297776 -29.9917278
v -0.596863568 -0.851498604 -30.0407372
v -0.529254675 -0.686989248 -29.8691406
v -0.545947552 -0.701699674 -29.967041
v -0.510698557 -0.529365003 -29.8372898
v -0.517324626 -0.60412842 -29.8555355
v -0.524177253 -0.539183021 -29.9484844
v -0.531063557 -0.633003652 -29.9370327
v -0.507651508 -0.379246354 -29.7618847
v -0.521667182 -0.309377879 -29.8179569
v -0.517477214 -0.376588285 -29.8595886
v -0.544782698 -0.157385796 -29.6698151
v -0.529471338 -0.222186729 -29.707468
v -0.553594649 -0.150065437 -29.7572441
v -0.536118984 -0.224974588 -29.7978916
v -0.599167943 -0.0112249088 -29.6030617
v -0.681573927 0.132486492 -29.5070972
v -0.644093931 0.0657258704 -29.6603031
v -0.605975389 -0.0102161625 -29.7104244
v -0.786217868 0.251739234 -29.4017029
v -0.736534178 0.19899416 -29.5555439
v -0.68506664 0.131869435 -29.6119576
v -0.89995259 0.337633312 -29.2841148
v -0.837444186 0.294538707 -29.3436317
v -1.01861262 0.397289366 -29.1454964
v -1.00178921 0.383023918 -29.0515099
v -0.972591162 0.38349694 -29.3190002
v -0.91755718 0.353261054 -29.3851643
v -1.19491696 0.472716242 -29.1899204
v -1.24644792 0.499407709 -29.3008671
v -1.29592597 0.50601691 -29.2073669
v -1.33313453 0.525280476 -29.3020782
v -1.38994324 0.531386673 -29.2111034
v -1.42619944 0.549105048 -29.3025208
v -1.48306298 0.553582489 -29.2220879
v -1.52080941 0.57113272 -29.3160439
v -1.58224201 0.572317719 -29.2178802
v -1.62149179 0.590019405 -29.3157463
v -1.70673466 0.605150223 -29.3240891
v -1.79268146 0.607706428 -29.2390327
v -1.78790879 0.61964941 -29.3422909
v -1.87318802 0.628288269 -29.3147678
v -1.90094638 0.619463265 -29.2203827
v -1.98414958 0.639292538 -29.2918758
v -2.12644982 0.62554276 -29.1168385
v -2.06419516 0.63482815 -29.2042789
v -2.19215131 0.666926026 -29.3307571
v -2.27753067 0.656663358 -29.2410946
v -2.27504992 0.676683307 -29.3492355
v -2.35408568 0.676191866 -29.323061
v -2.39255381 0.658435702 -29.2316532
v -2.50800538 0.655293763 -29.2213764
v -2.45497346 0.635753095 -29.1325855
v -2.55624247 0.633475542 -29.1426754
v -2.69058204 0.644232273 -29.2268658
v -2.65469646 0.625232279 -29.1446342
v -2.7292316 0.664207757 -29.314249
v -2.78010654 0.632124245 -29.2276917
v -2.82611394 0.648675144 -29.3084641
v -2.90003633 0.638628721 -29.3230667
v -2.9516108 0.600410998 -29.2462578
v -2.98387599 0.619793415 -29.3296852
v -3.03468585 0.578201532 -29.2572174
v -3.06210971 0.605049789 -29.3579483
v -3.12834215 0.553245604 -29.2884712
v -3.21222162 0.509845138 -29.285038
v -3.19810057 0.554616988 -29.3747883
v -3.46565866 0.266438812 -29.266283
v -3.413064 0.289054602 -29.1913242
v -3.41959858 0.345081747 -29.2909508
v -3.4859004 0.293852925 -29.3493137
v -3.44794583 0.372604162 -29.3934765
v -3.5362637 0.248941973 -29.4104843
v -3.50053525 0.331823766 -29.4418335
v -3.60722733 0.101174794 -29.4639339
v -3.62429786 0.144474447 -29.5652809
v -3.58008194 0.21213755 -29.4884529
v -3.58353281 0.0528004579 -29.3469563
v -3.65174603 -0.126641661 -29.5378246
v -3.62729001 -0.0875711665 -29.4309235
v -3.64594507 -0.23723653 -29.5192642
v -3.66371417 -0.199259669 -29.6202145
v -3.65322423 -0.294100821 -29.5989571
v -3.63590765 -0.394010961 -29.5639744
v -3.63184524 -0.46207267 -29.6432152
v -3.60959911 -0.554628789 -29.6246586
v -3.5996809 -0.61053735 -29.7119637
v -3.57140183 -0.699649334 -29.6914768
v -3.5547111 -0.749817014 -29.7644329
v -3.52260995 -0.830319881 -29.740202
v -3.49557996 -0.885313511 -29.8140392
v -3.45977139 -0.958689511 -29.7870102
v -3.4244864 -1.01094246 -29.8560925
v -3.38304806 -1.08240533 -29.8207264
v -3.34572601 -1.11586022 -29.9099007
v -3.39255834 -1.0502708 -29.9131947
v -3.17531562 -1.29689097 -29.9226513
v -3.2432332 -1.23515999 -29.9098892
v -3.04322386 -1.39621055 -29.9396744
v -3.10812831 -1.35157776 -29.9288864
v -2.94809747 -1.48435903 -29.8836288
v -2.97596788 -1.43519306 -29.9538231
v -2.89808035 -1.47708797 -29.9639091
v -2.83136511 -1.51397371 -29.9622974
v -2.7702589 -1.49816263 -30.052681
v -2.51302981 -1.5908823 -30.05756
v -2.6036377 -1.56545198 -30.0503483
v -2.42921042 -1.6091367 -30.0667362
v -2.23863316 -1.65027916 -30.0671482
v -2.33773375 -1.62812686 -30.0716915
v -2.06256461 -1.68767858 -30.0434628
v -2.15168571 -1.67393219 -30.0503082
v -1.88577867 -1.70842361 -30.0192871
v -1.97779918 -1.69919491 -30.0330219
v -1.72679079 -1.67358851 -30.0556316
v -1.79835021 -1.71941662 -29.9949131
v -1.56906629 -1.62935019 -30.0825577
v -1.63643789 -1.68012667 -30.0220661
v -1.65659869 -1.62558997 -30.1179638
v -1.50286543 -1.57560813 -30.1475277
v -1.35130084 -1.52107918 -30.1596508
v -1.41555774 -1.57268512 -30.1058331
v -1.20083535 -1.4523083 -30.1695042
v -1.26845777 -1.5111872 -30.1142807
v -1.11322904 -1.42952132 -30.1202488
v -1.05589271 -1.36972904 -30.1742573
v -0.928600073 -1.27637851 -30.1775761
v -0.981870413 -1.34032977 -30.1268616
v -0.811174512 -1.15456164 -30.1998653
v -0.853786826 -1.22827935 -30.1320763
v -0.717521489 -1.02906072 -30.204813
v -0.754121602 -1.10428822 -30.1544971
v -0.646734178 -0.896410286 -30.2044315
v -0.67211771 -0.977259994 -30.1456985
v -0.54253757 -0.61592114 -30.0396042
v -0.547270775 -0.56405139 -30.1228886
v -0.557505965 -0.631438315 -30.1339588
v -0.526721239 -0.367313474 -29.9475384
v -0.517801285 -0.442498744 -29.9011478
v -0.528110623 -0.445500284 -29.9998093
v -0.53729856 -0.51469034 -30.0707397
v -0.53844893 -0.246521086 -29.8856812
v -0.584403098 -0.0714388266 -29.7999249
v -0.570867062 -0.0915918648 -29.7118073
v -0.556714654 -0.188762784 -29.9538746
v -0.541861355 -0.269342273 -29.9792175
v -0.599300146 -0.0480907708 -29.8929195
v -0.55985105 -0.155535042 -29.8693562
v -0.691972971 0.1366418 -29.7116241
v -0.623459339 0.0130347498 -29.8243046
v -0.661862493 0.0816253722 -29.8521309
v -0.645728946 0.0475057624 -29.9235363
v -0.804996967 0.269970834 -29.5990086
v -0.789802611 0.255227387 -29.5040264
v -0.749267995 0.209553167 -29.7644711
v -0.695595682 0.137073517 -29.8136196
v -0.929901063 0.365793228 -29.4909153
v -0.855231106 0.31080097 -29.4480591
v -0.869071841 0.326641053 -29.6435909
v -0.804527402 0.269986272 -29.7049694
v -1.05159485 0.426903963 -29.3539104
v -1.04658306 0.417814642 -29.2536469
v -1.00764191 0.414505601 -29.5218468
v -0.944539547 0.37981531 -29.590023
v -1.13844967 0.460171938 -29.2914886
v -1.15007102 0.47895202 -29.471571
v -1.19678128 0.489577472 -29.3827801
v -1.23681629 0.512138367 -29.481739
v -1.37756109 0.545039177 -29.3835506
v -1.2797668 0.517709494 -29.3883648
v -1.41625202 0.564052284 -29.4761467
v -1.47114325 0.569015265 -29.3973083
v -1.51320171 0.587679803 -29.4881401
v -1.60094118 0.606193662 -29.495882
v -1.65392113 0.605537057 -29.4039402
v -1.69232118 0.622281194 -29.4934406
v -1.78242016 0.637341857 -29.4963741
v -1.83025098 0.634064317 -29.4093208
v -1.87229609 0.652423084 -29.506794
v -1.91877472 0.646796584 -29.4095287
v -1.96341801 0.665676594 -29.505661
v -2.02598882 0.660948277 -29.4088421
v -2.06384349 0.678961515 -29.5011444
v -2.12818933 0.673464417 -29.4107895
v -2.09998345 0.655332863 -29.3133087
v -2.22551394 0.685905457 -29.4255295
v -2.24883652 0.704227448 -29.5207806
v -2.16013885 0.693990111 -29.5197182
v -0.857693613 -0.700176895 -31.7111397
v -0.924953341 -0.759488583 -31.7271652
v -0.879559338 -0.731220245 -31.6195049
v -2.37051511 0.716028333 -29.5262794
v -2.41238737 0.697380304 -29.4169102
v -2.4724977 0.71626389 -29.4980488
v -2.45545244 0.676222861 -29.3105679
v -2.52421713 0.697130382 -29.4034615
v -2.56158209 0.720939636 -29.5104485
v -2.62929463 0.676094294 -29.3270912
v -2.54255486 0.673748374 -29.3027382
v -2.60526252 0.703048944 -29.433567
v -2.63863206 0.721196711 -29.5146847
v -2.69157314 0.694550335 -29.4156418
v -2.78910899 0.696186066 -29.4569912
v -2.84518647 0.66901052 -29.3883972
v -2.86928439 0.690149367 -29.4760017
v -2.925565 0.659785211 -29.4091721
v -2.9588716 0.680692613 -29.5026283
v -3.011832 0.641062081 -29.4179039
v -3.04185796 0.665459096 -29.520874
v -3.09412837 0.622774124 -29.4409294
v -3.12321281 0.643445671 -29.5327187
v -3.16878486 0.599557459 -29.4572754
v -3.12969232 0.589321375 -29.3846149
v -3.33169127 0.507509768 -29.4528084
v -3.40222645 0.459743619 -29.4707203
v -3.37111616 0.522072613 -29.5543442
v -3.47534871 0.399181187 -29.5006428
v -3.43803 0.472428113 -29.5686741
v -3.64375567 0.179282814 -29.6808224
v -3.60222197 0.249621019 -29.6084499
v -3.63575554 0.0482774824 -29.5306454
v -3.65914583 -0.0191127118 -29.6021347
v -3.67650199 0.00868634135 -29.7097282
v -3.65468049 0.0806015506 -29.6371155
v -3.68177605 -0.166682601 -29.7453957
v -3.67338586 -0.0968879163 -29.6665955
v -3.65387082 -0.35737282 -29.6794758
v -3.66785312 -0.329342753 -29.7943592
v -3.6693151 -0.264338434 -29.7090778
v -3.6490128 -0.4208754 -29.763731
v -3.62395382 -0.522890627 -29.7298737
v -3.63755989 -0.488806635 -29.8479843
v -3.61064482 -0.584946692 -29.8213348
v -3.58338666 -0.670144737 -29.7976913
v -3.56401873 -0.723577201 -29.8719177
v -3.53114176 -0.805269837 -29.8445415
v -3.50220013 -0.860208988 -29.9225311
v -3.46572328 -0.934083521 -29.8913708
v -3.42457962 -0.989722908 -29.9753246
v -3.36987615 -1.06345689 -30.0002384
v -3.20097446 -1.25075662 -29.9931793
v -3.25749779 -1.19710648 -29.9902496
v -3.07541418 -1.34279203 -30.0180378
v -3.13348389 -1.30454314 -30.0035439
v -2.69819665 2.45214915 -25.5514717
v -2.69901991 2.45153737 -25.5512009
v -2.69870114 2.45134449 -25.5518246
v -3.00059533 -1.38641334 -30.0327969
v -2.58823609 2.51980376 -25.5829468
v -2.63557172 2.49218273 -25.5699081
v -2.62199855 2.4727478 -25.6031322
v -2.79598236 -1.44791222 -30.1333389
v -2.84740901 -1.46559215 -30.0452442
v -2.68576407 -1.5348525 -30.0502472
v -2.62762475 -1.51151812 -30.1350956
v -2.56269073 2.532691 -25.5892944
v -2.5365901 2.49246097 -25.6466064
v -2.27513552 -1.57993245 -30.173811
v -2.36875701 -1.57168245 -30.1558323
v -2.08213973 -1.64031637 -30.1162853
v -2.15679908 -1.61412179 -30.1461792
v -1.91517711 -1.64670658 -30.1180439
v -2.00938201 -1.64115 -30.1233044
v -1.74886882 -1.61670864 -30.153574
v -1.82295871 -1.66488147 -30.0840206
v -1.67341232 -1.57237935 -30.2144661
v -1.51660872 -1.52748585 -30.2419777
v -1.59165907 -1.5775336 -30.1806583
v -1.43221676 -1.52604306 -30.201622
v -1.36551821 -1.47690272 -30.2555256
v -1.28864276 -1.46775818 -30.2168407
v -1.21613383 -1.40966105 -30.273632
v -1.08312333 -1.34064102 -30.2753239
v -1.13685715 -1.39365077 -30.2248344
v -0.951305866 -1.24912643 -30.2836647
v -1.00128829 -1.30849242 -30.2310867
v -0.769909561 -1.08141077 -30.2569542
v -0.87722677 -1.20476544 -30.2405357
v -0.683761775 -0.952332795 -30.248455
v -0.607402265 -0.825669944 -30.1456718
v -0.616481721 -0.799802065 -30.2429543
v -0.58435297 -0.72756511 -30.1812229
v -0.571552515 -0.628000379 -30.2401791
v -0.55522275 -0.571826398 -30.1799431
v -0.561541855 -0.530598581 -30.2683449
v -0.597467721 -0.699520767 -30.3090744
v -0.555668592 -0.24554646 -30.1026859
v -0.538649201 -0.34429279 -30.0534821
v -0.549833238 -0.323610961 -30.1589108
v -0.565815747 -0.177495301 -30.0440769
v -0.595276356 -0.0885385349 -30.0981236
v -0.574668586 -0.164824024 -30.1303291
v -0.582531035 -0.106656961 -29.9813919
v -0.618509889 -0.0170261879 -30.0101204
v -0.703861594 0.144125998 -29.9337025
v -0.810121417 0.276145905 -29.8222198
v -0.756601334 0.215385228 -29.9609547
v -0.730458379 0.179454491 -30.0331917
v -0.949353814 0.387932539 -29.6976089
v -0.879854918 0.34162727 -29.8686352
v -0.81885922 0.286009818 -29.9425468
v -1.09385645 0.460404932 -29.5487537
v -1.0752573 0.445173591 -29.4567986
v -1.04102123 0.447451144 -29.7535591
v -0.952637255 0.395273238 -29.8083267
v -1.24673641 0.531477213 -29.6601162
v -1.27903426 0.533989906 -29.5679417
v -1.31957531 0.553590655 -29.6419697
v -1.32225072 0.538630664 -29.4757423
v -1.37091959 0.56102711 -29.565321
v -1.39864767 0.577818453 -29.6590214
v -1.48577511 0.601284146 -29.6751499
v -1.54203451 0.603468835 -29.578886
v -1.5750376 0.620684028 -29.6744061
v -1.67277014 0.639002502 -29.6702271
v -1.72862291 0.639133394 -29.5862675
v -1.76277828 0.654669702 -29.6702232
v -1.82205153 0.654264033 -29.5850239
v -1.85444796 0.67022258 -29.6744518
v -1.94189155 0.685045481 -29.6808071
v -2.00554681 0.683279991 -29.5922451
v -2.03840208 0.702328086 -29.697073
v -2.0960474 0.697546542 -29.6006546
v -2.19099331 0.712816715 -29.6170063
v -2.13251948 0.716777921 -29.6980991
v -2.23522282 0.731171131 -29.6986732
v -2.28713918 0.725060105 -29.6214809
v -2.32008147 0.741177917 -29.6962662
v -2.36359143 0.733056128 -29.6233711
v -2.39984298 0.748316944 -29.6903591
v -2.58885169 0.740090907 -29.5973682
v -2.74995065 0.745075047 -29.6360416
v -2.80717015 0.720129609 -29.5554199
v -2.84401727 0.742664158 -29.659874
v -2.89661336 0.713152409 -29.5749226
v -2.92490792 0.736175239 -29.6781693
v -2.98783374 0.699387848 -29.5885544
v -3.00315619 0.720452309 -29.6749592
v -3.39457345 0.537495613 -29.6352749
v -3.34942198 0.592702627 -29.6994095
v -3.33472681 0.571277857 -29.6158924
v -3.57619381 0.342197776 -29.6647034
v -3.59644246 0.365726709 -29.7767143
v -3.53755713 0.431832016 -29.7215652
v -3.66328406 0.200386152 -29.7988434
v -3.62610054 0.271930188 -29.7289085
v -3.69248843 0.0305221304 -29.825716
v -3.67377543 0.0996204168 -29.7499771
v -3.69409418 -0.142766297 -29.849947
v -3.69002891 -0.0744056627 -29.7864285
v -3.67919922 -0.302874267 -29.9095039
v -3.68281317 -0.239806518 -29.8245697
v -3.64872956 -0.455643058 -29.9581451
v -3.66117048 -0.391230017 -29.8790779
v -3.59375715 -0.640908659 -29.906332
v -3.60254574 -0.612250507 -30.0109501
v -3.62323666 -0.548229873 -29.9343643
v -3.57294512 -0.694918811 -29.9775467
v -3.53819418 -0.780570209 -29.9508648
v -3.54844856 -0.746495306 -30.0538216
v -3.51418757 -0.822732925 -30.027319
v -3.4732511 -0.90474093 -29.9963284
v -3.44025683 -0.946551204 -30.0736752
v -3.39851737 -1.01028681 -30.0646915
v -2.43100977 2.50270653 -25.6936874
v -3.21711802 -1.21042252 -30.0759125
v -3.27800989 -1.1523689 -30.0745621
v -2.32729506 2.51487923 -25.7213287
v -3.15831041 -1.26201892 -30.0701599
v -3.11112213 -1.29587901 -30.0761662
v -2.95955896 -1.37385285 -30.1211128
v -3.04936004 -1.32211888 -30.1189671
v -2.21847796 2.51114631 -25.7505703
v -2.92185879 -1.42576563 -30.0475864
v -2.87545657 -1.41441941 -30.1272945
v -2.6567781 -1.45513248 -30.2283039
v -2.71587992 -1.48070693 -30.1329594
v -2.45956326 -1.55834186 -30.1409645
v -2.49782777 -1.50142181 -30.227972
v -2.54522491 -1.53558052 -30.1389523
v -2.06564426 -1.58957171 -30.2036362
v -2.16670299 -1.55331671 -30.249239
v -1.95392001 -1.5845561 -30.221941
v -1.76923645 -1.56376934 -30.2487679
v -1.83858287 -1.60540557 -30.1838741
v -1.8591789 -1.55141771 -30.2798824
v -1.69034493 -1.51945555 -30.3151455
v -1.53505242 -1.48515928 -30.3309383
v -1.61024034 -1.53022194 -30.2728539
v -1.3817507 -1.43292129 -30.3551159
v -1.45101333 -1.48303688 -30.2950821
v -1.23679292 -1.37654305 -30.3645306
v -1.2995019 -1.4267962 -30.3100491
v -1.02377689 -1.28101242 -30.3292751
v -1.15483737 -1.35889709 -30.3212433
v -0.896334589 -1.18077433 -30.3397598
v -0.832576215 -1.13494802 -30.3029594
v -0.788384974 -1.06484783 -30.3520393
v -0.733959436 -1.01107156 -30.3053818
v -0.697946429 -0.929772437 -30.3567524
v -0.656001329 -0.871560335 -30.2998447
v -0.632340252 -0.786227763 -30.3542309
v -0.578629971 -0.596708655 -30.3321571
v -0.570611238 -0.506825864 -30.3650875
v -0.595434964 -0.640308917 -30.3904095
v -0.559593201 -0.436678648 -30.3037167
v -0.561105669 -0.322968245 -30.2905407
v -0.568462074 -0.21804519 -30.210144
v -0.578418076 -0.210467309 -30.3384972
v -0.566339493 -0.366699994 -30.3748207
v -0.592819512 -0.112413809 -30.1939278
v -0.621529579 -0.0374471955 -30.2637596
v -0.594813108 -0.12490087 -30.2947979
v -0.621016264 -0.0294480752 -30.1813297
v -0.656402767 0.0465998277 -30.23139
v -0.713482261 0.152762905 -30.1042118
v -0.730151772 0.175909653 -30.1828747
v -0.685279071 0.104964644 -30.1573601
v -0.788232923 0.253030956 -30.0427933
v -0.819141686 0.288446516 -30.1254292
v -0.761184156 0.219648227 -30.1114807
v -0.962046504 0.407657474 -29.9307194
v -0.94434005 0.400161386 -30.0478401
v -0.888038814 0.357509762 -30.1498852
v -0.859881639 0.32826674 -30.0433216
v -1.12521565 0.495311528 -29.8201351
v -1.13152504 0.487656534 -29.6838169
v -1.04135752 0.46266377 -29.9909649
v -1.21535468 0.529793501 -29.7714672
v -1.33237207 0.568550289 -29.7572536
v -1.20524871 0.535469472 -29.8818893
v -1.28543437 0.562323332 -29.8497791
v -1.38463545 0.595318079 -29.8692036
v -1.43479812 0.597504258 -29.7587605
v -1.56456089 0.638180852 -29.854372
v -1.61430919 0.638114631 -29.7606678
v -1.65555942 0.655827284 -29.8472157
v -1.71529138 0.657513261 -29.765461
v -1.75093508 0.674618959 -29.8576145
v -1.84364486 0.689347982 -29.8467007
v -1.89292789 0.687698066 -29.765789
v -1.92340159 0.702406585 -29.843401
v -2.16170096 0.746425688 -29.8753166
v -2.07884908 0.738848686 -29.9214249
v -2.08377028 0.725118876 -29.8127766
v -2.17956734 0.735893846 -29.7823715
v -2.22554469 0.752633512 -29.8493881
v -2.27109194 0.74863112 -29.7801418
v -2.30753756 0.768104792 -29.8727531
v -2.35154653 0.758581221 -29.7789497
v -2.77139592 0.76801312 -29.7396641
v -2.7801013 0.790601671 -29.8429661
v -2.66124249 0.787034214 -29.8166065
v -2.98052144 0.75131464 -29.7738647
v -3.13471866 0.687148452 -29.6854897
v -3.06370258 0.719204664 -29.7234287
v -3.07498336 0.68441987 -29.6139259
v -3.14084649 0.710571587 -29.7732239
v -3.20323467 0.67260319 -29.7194157
v -3.2184751 0.694133103 -29.8121986
v -3.28022671 0.650216281 -29.7568588
v -3.49139524 0.510915875 -29.7820263
v -3.50653028 0.534355998 -29.8878689
v -3.43176603 0.584598362 -29.8413067
v -3.61212182 0.390826643 -29.8915005
v -3.55440092 0.458416075 -29.8335476
v -3.67492127 0.226755977 -29.9011593
v -3.64421916 0.295115173 -29.8459988
v -3.70387244 0.0546048433 -29.9324055
v -3.68724442 0.136390209 -29.8661499
v -3.70585132 -0.109152354 -29.9715767
v -3.70252514 -0.0441330969 -29.8978252
v -3.68704152 -0.28337121 -30.0263729
v -3.694103 -0.213199958 -29.9434071
v -3.65637302 -0.429512143 -30.0686359
v -3.67003036 -0.366735131 -29.9912739
v -3.6090157 -0.58705169 -30.1101513
v -3.63060284 -0.523586392 -30.042366
v -3.55268145 -0.723700523 -30.1572151
v -3.57816291 -0.672679007 -30.0825253
v -3.48148131 -0.87331444 -30.0987015
v -3.48737693 -0.845483601 -30.1977177
v -3.51838899 -0.799988747 -30.1259632
v -3.44846153 -0.915553629 -30.1672974
v -3.40534091 -0.982385695 -30.1503429
v -3.361696 -1.05008876 -30.1039295
v -3.23450375 -1.16859019 -30.1641369
v -3.30619907 -1.09872687 -30.1651592
v -1.71981037 2.47188759 -25.7891331
v -3.11433148 -1.26643384 -30.1541862
v -3.17676997 -1.22691751 -30.1326408
v -1.64343727 2.44359016 -25.7985249
v -2.91115832 -1.3629663 -30.2081604
v -2.82984805 -1.39798415 -30.2119904
v -2.74220967 -1.43215859 -30.2137222
v -2.77562332 -1.37833536 -30.3077831
v -1.52675319 2.40720177 -25.7985935
v -2.69643044 -1.41390502 -30.2890511
v -2.5637238 -1.45408285 -30.2876453
v -2.57907867 -1.4940418 -30.1986675
v -2.41424656 -1.53082883 -30.2109184
v -2.33483005 -1.52843952 -30.2461109
v -2.40955472 -1.49099481 -30.2882729
v -2.25959063 -1.52034509 -30.2856026
v -1.29613805 2.45235658 -25.6592312
v -2.01718116 -1.50103629 -30.3698883
v -2.09172583 -1.53064072 -30.3047752
v -2.01604486 -1.54511929 -30.2878895
v -1.87289727 -1.4957006 -30.3842678
v -1.94536531 -1.52427804 -30.3305283
v -1.71168733 -1.47396612 -30.4070415
v -1.77784765 -1.51184964 -30.3453751
v -1.55644178 -1.44177127 -30.4261513
v -1.62269413 -1.48409379 -30.3648052
v -1.31832314 -1.38838744 -30.4058189
v -1.4634546 -1.44104874 -30.3857784
v -1.17648649 -1.32468724 -30.4219418
v -1.09429109 -1.30381274 -30.3744202
v -1.04462934 -1.25142658 -30.4307117
v -0.965447009 -1.21889603 -30.3815765
v -0.917058229 -1.15886521 -30.436594
v -0.850472391 -1.11411226 -30.3983688
v -0.807300806 -1.04586947 -30.4529305
v -0.74692595 -0.985884011 -30.409544
v -0.71564883 -0.915014982 -30.4609852
v -0.670944393 -0.855270565 -30.4036312
v -0.646171391 -0.771703601 -30.4564781
v -0.61725682 -0.709760547 -30.4129581
v -0.60550034 -0.635569632 -30.4659748
v -0.586663485 -0.568884611 -30.4283962
v -0.580655515 -0.491843402 -30.4653187
v -0.569653571 -0.428798229 -30.4048481
v -0.574190676 -0.353669614 -30.4604874
v -0.573042214 -0.284657449 -30.3998032
v -0.585475206 -0.20775722 -30.440218
v -0.598429263 -0.132464588 -30.4018383
v -0.623072684 -0.0450071767 -30.3684731
v -0.648065925 0.0226951987 -30.3207302
v -0.638616502 -0.0112609556 -30.4738693
v -0.617212355 -0.0726051331 -30.4586487
v -0.699922562 0.126631826 -30.2503033
v -0.784856379 0.249487489 -30.2005215
v -0.75235945 0.206967711 -30.2711163
v -0.719570637 0.15700607 -30.3722191
v -0.843134642 0.315904826 -30.2241459
v -0.80520618 0.275086731 -30.2919979
v -0.969834149 0.425145894 -30.1641445
v -0.922569752 0.392275602 -30.2593536
v -1.11322725 0.507129192 -30.0529423
v -1.11545444 0.498737603 -29.9272919
v -1.04912019 0.482101351 -30.2121239
v -0.987343848 0.443742841 -30.2656174
v -1.28371918 0.570966125 -29.946291
v -1.19110382 0.549582899 -30.113596
v -1.11470783 0.515699804 -30.1544285
v -1.4852525 0.630557179 -29.9518089
v -1.48006427 0.617040575 -29.8381157
v -1.59334397 0.654691041 -29.9472427
v -1.54828107 0.654241502 -30.0307865
v -1.47569311 0.641436756 -30.0732059
v -1.73758245 0.69272846 -30.0315666
v -1.79451776 0.692727268 -29.9455357
v -1.83574736 0.711541831 -30.0411568
v -1.98979676 0.718771398 -29.8836975
v -1.90025711 0.710391343 -29.9396706
v -1.93505824 0.730422378 -30.0515976
v -2.00565839 0.735010564 -29.9890041
v -2.03559899 0.754409075 -30.0974522
v -2.22444344 0.764132619 -29.9287968
v -2.48918366 0.807780921 -29.9795723
v -2.56804991 0.799550056 -29.8988132
v -2.59638834 0.822804391 -30.0141468
v -2.72388434 0.809173226 -29.9236832
v -2.6504426 0.810808361 -29.9368649
v -2.68617105 0.826802492 -30.0140228
v -2.87111902 0.768297851 -29.7771511
v -2.86000443 0.794578552 -29.886694
v -3.00092936 0.774603546 -29.8840046
v -2.93120694 0.778148711 -29.8508949
v -3.08344698 0.766804755 -29.9249916
v -3.08959913 0.788842678 -30.026453
v -3.01000977 0.797919989 -29.9916039
v -3.37040997 0.647170186 -29.907999
v -3.38047552 0.668690622 -30.0087032
v -3.31083894 0.692395031 -29.9532604
v -3.51856256 0.558713615 -30.0022602
v -3.44935083 0.603283525 -29.9436245
v -3.62264252 0.417942971 -30.008585
v -3.57167149 0.480027765 -29.9518852
v -3.68424225 0.258056492 -30.0189781
v -3.6555934 0.322030306 -29.9571075
v -3.7136991 0.0776087567 -30.0543976
v -3.69976735 0.149665087 -29.9763317
v -3.71372175 -0.086692892 -30.0920525
v -3.71305537 -0.0151677337 -30.0212154
v -3.69337511 -0.258926541 -30.1391907
v -3.70209885 -0.190047547 -30.0566425
v -3.6619668 -0.404994011 -30.1734467
v -3.67732811 -0.339999348 -30.096859
v -3.61765432 -0.551383913 -30.217207
v -3.63810158 -0.49370414 -30.1460686
v -3.55764818 -0.698628545 -30.2516346
v -3.58723497 -0.637577295 -30.1894474
v -3.49721432 -0.810536206 -30.293211
v -3.52366185 -0.773867667 -30.2234573
v -3.40667963 -0.95757705 -30.255722
v -3.4326694 -0.90686655 -30.3239098
v -3.4588728 -0.879847944 -30.2652702
v -3.354105 -1.03537643 -30.2047691
v -3.35383439 -1.01084542 -30.3087902
v -3.2606945 -1.12287939 -30.2420197
v -3.25251818 -1.10737467 -30.3256493
v -3.30482936 -1.07344687 -30.2681713
v -1.09242809 2.24643111 -25.7422161
v -3.09092879 -1.243945 -30.2668438
v -3.1641798 -1.20959091 -30.2181778
v -3.01569605 -1.27585387 -30.2997627
v -3.04698133 -1.28825927 -30.2153625
v -2.97997069 -1.32412863 -30.2190514
v -2.85933256 -1.35407674 -30.2872257
v -2.92045021 -1.31627262 -30.3164463
v -2.02561712 -1.45563173 -30.4584846
v -2.09384847 -1.48335648 -30.394392
v -1.87246239 -1.45144272 -30.4717541
v -1.94982994 -1.47725523 -30.4203777
v -1.64017749 -1.43792045 -30.4621754
v -1.78889799 -1.46306479 -30.4415283
v -1.48629367 -1.39950061 -30.4839554
v -1.398399 -1.39292014 -30.4499989
v -1.33809054 -1.35313344 -30.498003
v -1.25877154 -1.34281111 -30.4590931
v -1.19786322 -1.29230034 -30.5194798
v -1.1180197 -1.27367234 -30.4754219
v -1.06420052 -1.22080445 -30.5333862
v -0.981671453 -1.18843734 -30.4847183
v -0.929882109 -1.12880325 -30.5376549
v -0.866636992 -1.09173441 -30.4929504
v -0.819223404 -1.02325559 -30.5426426
v -0.762768984 -0.967297435 -30.5078754
v -0.732538164 -0.903751373 -30.5528412
v -0.685887635 -0.840730309 -30.5034256
v -0.664036572 -0.765475869 -30.5619526
v -0.630534351 -0.701410711 -30.5071907
v -0.616360903 -0.621919096 -30.5617161
v -0.595507205 -0.554137528 -30.5156746
v -0.589717269 -0.477871627 -30.5587502
v -0.579490542 -0.422510296 -30.5050983
v -0.582307041 -0.342059463 -30.5527496
v -0.581608295 -0.272263438 -30.5002995
v -0.592873156 -0.199821234 -30.5425224
v -0.601971805 -0.136047184 -30.4890347
v -0.622665107 -0.0641395599 -30.5358353
v -0.668216944 0.0629505962 -30.3984146
v -0.670048952 0.0623265803 -30.5081444
v -0.698435068 0.119498678 -30.4649925
v -0.777591527 0.242368117 -30.4345608
v -0.768149257 0.228805885 -30.3473339
v -0.816553712 0.290053725 -30.3762951
v -0.741678894 0.191700563 -30.489996
v -0.787377715 0.257524461 -30.5307426
v -0.87677443 0.356431603 -30.4119892
v -0.864532769 0.340904862 -30.3265076
v -0.914684296 0.390099019 -30.3625717
v -1.11847794 0.52616179 -30.2610817
v -1.09435511 0.529250324 -30.4700623
v -1.03087914 0.484983861 -30.4254036
v -1.12767994 0.540545821 -30.3754902
v -1.27628994 0.593139768 -30.2056866
v -1.28871477 0.585236728 -30.0767078
v -1.21231711 0.575042427 -30.2917881
v -1.31300974 0.617785573 -30.3150578
v -1.58010638 0.67383498 -30.1410427
v -1.64443779 0.675191581 -30.03442
v -1.480124 0.655103326 -30.1872292
v -1.53214514 0.67731756 -30.2683849
v -1.41378129 0.645495713 -30.2660522
v -1.7859273 0.712458909 -30.1225433
v -1.69136345 0.694854259 -30.1238995
v -1.73429787 0.712520003 -30.2031116
v -1.6480124 0.699835956 -30.2391129
v -1.82510376 0.732231677 -30.2260895
v -2.13477063 0.767752707 -30.0618057
v -2.08593154 0.751974165 -30.0101719
v -1.95011485 0.743707657 -30.1358852
v -1.98876977 0.759598076 -30.2048893
v -1.91455841 0.745964289 -30.2058372
v -2.11943555 0.779149532 -30.1671944
v -2.2031908 0.786668539 -30.1098137
v -2.2109704 0.775764704 -30.0236988
v -2.27971101 0.793492019 -30.0666142
v -2.29936385 0.782769203 -29.975069
v -2.42523479 0.828839064 -30.1532879
v -2.34126544 0.825566411 -30.2148418
v -2.34887123 0.811301231 -30.1120205
v -2.41917562 0.812717259 -30.057476
v -2.34923315 0.799282551 -30.0335045
v -2.38814473 0.791542649 -29.9521923
v -2.64778328 0.840393722 -30.0941963
v -2.65128946 0.856802285 -30.1864796
v -2.58310747 0.84395504 -30.1386051
v -2.82825017 0.836578846 -30.0743294
v -2.81074309 0.856690288 -30.1766186
v -2.72814679 0.846496105 -30.1149578
v -2.85358381 0.815952182 -29.9820137
v -2.92659283 0.799359858 -29.9402485
v -2.92325902 0.824565828 -30.0551243
v -3.10048676 0.810223281 -30.1397705
v -3.02070165 0.816681862 -30.0879116
v -3.15713978 0.756379724 -29.966177
v -3.23542523 0.74094069 -30.0146332
v -3.25037789 0.759158492 -30.1214333
v -3.17030597 0.778329432 -30.0794449
v -3.39327502 0.688415825 -30.1233253
v -3.31821561 0.716393888 -30.0643291
v -3.52452803 0.582735717 -30.1133347
v -3.46389842 0.623308301 -30.057724
v -3.63012934 0.443273842 -30.1323013
v -3.57927108 0.503227949 -30.0558567
v -3.69535971 0.268114895 -30.1456032
v -3.66410613 0.350181609 -30.0799236
v -3.71973252 0.100403413 -30.1759109
v -3.70888472 0.172808424 -30.1028404
v -3.71891308 -0.060845241 -30.2146492
v -3.71969461 0.0121432133 -30.1356602
v -3.69799542 -0.23226364 -30.2480984
v -3.70867229 -0.15954861 -30.1733494
v -3.66442657 -0.385695338 -30.2885494
v -3.68096757 -0.322001874 -30.2109852
v -3.62111974 -0.527231932 -30.3231049
v -3.64300156 -0.467223495 -30.2568645
v -3.56115866 -0.673435628 -30.355732
v -3.59094977 -0.614431202 -30.2880611
v -3.4985106 -0.790359318 -30.3854141
v -3.53181458 -0.739876509 -30.3262005
v -3.42682862 -0.898303747 -30.4015675
v -3.46228075 -0.856286705 -30.3549576
v -3.34395504 -0.996932507 -30.4134083
v -3.39276433 -0.9527089 -30.3581257
v -3.24076056 -1.09372997 -30.4147282
v -3.29975224 -1.05190194 -30.3723812
v -3.21006536 -1.15725446 -30.2743034
v -3.14063406 -1.19642544 -30.3141041
v -3.12498236 -1.17659104 -30.414465
v -3.19273615 -1.14325583 -30.3700409
v -2.97781944 -1.26293051 -30.3920441
v -3.0102725 -1.22873902 -30.4501247
v -3.0621891 -1.22502244 -30.3773861
v -2.75199294 -1.34260643 -30.4153862
v -2.82066417 -1.30204928 -30.4630661
v -2.84039664 -1.32985461 -30.367733
v -2.69564414 -1.38043606 -30.3660603
v -2.67920971 -1.34836709 -30.4566975
v -2.61219358 -1.38287544 -30.4159069
v -2.54121208 -1.41674328 -30.3793354
v -2.53301358 -1.37854266 -30.4711742
v -2.46758342 -1.41144383 -30.4276199
v -2.39669275 -1.4447788 -30.3865585
v -2.39208198 -1.4036988 -30.4775238
v -2.32053423 -1.43480587 -30.4359188
v -2.24280834 -1.47310531 -30.3815498
v -2.25035405 -1.42735398 -30.4740181
v -2.17129064 -1.45791709 -30.4302483
v -2.10151911 -1.43545043 -30.4904404
v -1.95299959 -1.42833078 -30.5199738
v -1.80474997 -1.41916835 -30.5335732
v -1.71750355 -1.43073618 -30.4955273
v -1.65263319 -1.39175296 -30.5631657
v -1.57003832 -1.39872587 -30.5212841
v -1.49603987 -1.35863566 -30.5781631
v -1.4185555 -1.35739803 -30.5403366
v -1.35201478 -1.31748056 -30.589529
v -1.27705681 -1.31179452 -30.5460606
v -1.21225953 -1.26352131 -30.6028519
v -1.1408453 -1.24529505 -30.5712986
v -1.08294713 -1.19269764 -30.6296482
v -1.00501513 -1.1665684 -30.5789528
v -0.947398782 -1.10497797 -30.6330929
v -0.879065812 -1.06340027 -30.5941048
v -0.838612854 -1.00244272 -30.6486034
v -0.782487154 -0.957566857 -30.5964317
v -0.749033213 -0.885825634 -30.6579704
v -0.70322448 -0.828491628 -30.6080437
v -0.680964112 -0.759764373 -30.6593227
v -0.642866313 -0.687534153 -30.6063347
v -0.628105998 -0.61012882 -30.6611843
v -0.605696082 -0.54396528 -30.6087284
v -0.599149704 -0.470363557 -30.6510582
v -0.588356853 -0.410387784 -30.6013908
v -0.589777708 -0.326503873 -30.64147
v -0.588215053 -0.268467188 -30.5888138
v -0.598798096 -0.193132505 -30.6297131
v -0.607876718 -0.129332483 -30.583971
v -0.628986239 -0.0520693026 -30.6202297
v -0.646854937 0.00502202893 -30.5612068
v -0.678261697 0.0777540728 -30.6091213
v -0.706069469 0.132715583 -30.5518322
v -0.754871666 0.213417888 -30.5900688
v -0.833616972 0.312712014 -30.4745941
v -0.843776107 0.327922583 -30.5700436
v -0.886815727 0.370563716 -30.5075455
v -0.894062042 0.382764667 -30.6023293
v -0.997194946 0.466221124 -30.5034122
v -0.944352031 0.419600278 -30.4346142
v -1.00486827 0.477642208 -30.5823593
v -0.944141567 0.426379085 -30.5530205
v -1.11833775 0.549984038 -30.5467758
v -1.04877353 0.504874527 -30.5282211
v -1.23473525 0.5951702 -30.4000206
v -1.24889266 0.611438632 -30.5018005
v -1.17372847 0.574285865 -30.482235
v -1.40219975 0.654239833 -30.3777714
v -1.4037478 0.666394055 -30.4818439
v -1.32429707 0.634252489 -30.4332466
v -1.54076648 0.692127109 -30.3780575
v -1.54707325 0.705501914 -30.47719
v -1.46917713 0.679886818 -30.4319382
v -1.87923968 0.730430424 -30.1323147
v -2.05926824 0.771942139 -30.198494
v -2.19016099 0.797788978 -30.2070084
v -2.27227712 0.806128502 -30.1613865
v -2.41529894 0.842732012 -30.2521229
v -2.41379642 0.857217073 -30.349926
v -2.34278202 0.839219034 -30.3058681
v -2.50409293 0.845997989 -30.1979103
v -2.50469208 0.827323377 -30.084589
v -2.66105223 0.873066723 -30.2800312
v -2.58030486 0.861184776 -30.2430534
v -2.80699539 0.874620378 -30.2777233
v -2.73619151 0.867270827 -30.2309704
v -2.87943053 0.8444888 -30.1333523
v -2.94672465 0.843026757 -30.1626511
v -2.95278454 0.859776914 -30.2584133
v -2.87896609 0.860919893 -30.2216721
v -3.09901714 0.829499245 -30.2390404
v -3.02318621 0.837237597 -30.1942978
v -3.25655413 0.779591262 -30.2377319
v -3.17639756 0.798503816 -30.1868725
v -3.39808583 0.707482815 -30.2317295
v -3.32677221 0.738721311 -30.1875591
v -3.53282642 0.599377036 -30.2283745
v -3.46759748 0.645767093 -30.1660023
v -3.63259697 0.465982735 -30.248209
v -3.58581591 0.526618123 -30.1798115
v -3.69779658 0.295588374 -30.2806435
v -3.67140269 0.36790669 -30.2034092
v -3.72227716 0.122473225 -30.3067398
v -3.71337008 0.196710169 -30.2276573
v -3.72080994 -0.0378526635 -30.334341
v -3.72346663 0.0346505158 -30.2613907
v -3.69864058 -0.217045859 -30.3596516
v -3.71107578 -0.142844394 -30.2825108
v -3.66538262 -0.367024869 -30.3937702
v -3.68274736 -0.304110378 -30.3206787
v -3.61963201 -0.513175547 -30.4329052
v -3.64332986 -0.451772898 -30.3629036
v -3.5617702 -0.652583659 -30.4602814
v -3.5908649 -0.598611057 -30.3860245
v -3.49376535 -0.779197395 -30.4802437
v -3.52985311 -0.725551724 -30.4225559
v -3.42253447 -0.884204209 -30.4938221
v -3.45819712 -0.842840731 -30.44907
v -3.33554387 -0.982896209 -30.5124702
v -3.38409352 -0.941180944 -30.4561462
v -3.23269391 -1.07506669 -30.5141087
v -3.28845644 -1.03913045 -30.4679737
v -3.11474633 -1.15497196 -30.5143356
v -3.18127394 -1.12398601 -30.4720287
v -3.00430346 -1.20992601 -30.521759
v -3.06403422 -1.19586337 -30.4702282
v -2.89953637 -1.28906405 -30.4158459
v -2.95434332 -1.24811804 -30.4697838
v -2.73848534 -1.31116915 -30.5108261
v -2.80346084 -1.27621508 -30.5551243
v -2.66937113 -1.31208801 -30.5605373
v -2.60662174 -1.34681189 -30.5081825
v -2.5295701 -1.34262478 -30.5623589
v -2.45890903 -1.37731338 -30.5103168
v -2.38136792 -1.36816335 -30.5651054
v -2.31411028 -1.39529395 -30.5252953
v -2.24734378 -1.38354111 -30.5732269
v -2.17630625 -1.41261959 -30.5250111
v -2.09950495 -1.39011776 -30.5902748
v -2.02391219 -1.4128499 -30.5486774
v -1.95521295 -1.39070153 -30.6019573
v -1.88528442 -1.4045217 -30.5709419
v -1.81796312 -1.37892532 -30.6229095
v -1.7276299 -1.38712966 -30.5909767
v -1.66474831 -1.35293508 -30.653368
v -1.5772171 -1.35883045 -30.6118641
v -1.51297939 -1.32182181 -30.6707573
v -1.43522143 -1.32194197 -30.6310844
v -1.37841249 -1.28370643 -30.6878185
v -1.29800856 -1.27732098 -30.6452045
v -1.23756719 -1.23385906 -30.7005329
v -1.1511569 -1.21091485 -30.6689072
v -1.09221566 -1.16507959 -30.7129593
v -1.02405512 -1.14085448 -30.6757526
v -0.967178643 -1.08262932 -30.7293301
v -0.900835395 -1.04809213 -30.6836338
v -0.858362436 -0.987844646 -30.7387047
v -0.803535223 -0.942031562 -30.701725
v -0.77090168 -0.87945056 -30.7529068
v -0.721653879 -0.819368243 -30.7087479
v -0.693863571 -0.747124851 -30.7510662
v -0.658244193 -0.679807544 -30.7108746
v -0.641796529 -0.609556139 -30.7527657
v -0.616002381 -0.536195457 -30.7002602
v -0.609257042 -0.467210919 -30.745409
v -0.59686923 -0.396984011 -30.6988125
v -0.59737885 -0.323360562 -30.7374439
v -0.595087528 -0.259297431 -30.6804104
v -0.605661452 -0.183200911 -30.7355785
v -0.61560601 -0.11166963 -30.6780071
v -0.635326087 -0.0391150974 -30.7172241
v -0.654047072 0.0190597922 -30.6659527
v -0.686934352 0.0958227366 -30.7084694
v -0.715042472 0.149739966 -30.6533318
v -0.760024905 0.22393015 -30.6815472
v -0.799619257 0.276678622 -30.6237431
v -0.852527142 0.342640609 -30.6651077
v -0.956626892 0.442931771 -30.6399536
v -1.01228487 0.489819348 -30.669548
v -1.13118255 0.566106558 -30.6422234
v -1.06314671 0.520885766 -30.6081085
v -1.26597238 0.629762411 -30.6068478
v -1.18753064 0.590219915 -30.5762291
v -1.40840566 0.679124951 -30.5795517
v -1.33377016 0.648733735 -30.5353489
v -1.60546887 0.711903751 -30.4168034
v -1.48167014 0.694035113 -30.5233612
v -1.54843664 0.716348588 -30.5632725
v -1.68437183 0.732425928 -30.4465809
v -1.69244611 0.745599985 -30.5379276
v -1.61610687 0.725097597 -30.5051861
v -1.82463741 0.756904185 -30.4242744
v -1.83376765 0.7707268 -30.5184669
v -1.75430071 0.751172304 -30.4849091
v -1.97714782 0.782493711 -30.3999214
v -1.97851682 0.794564009 -30.4901924
v -1.90942156 0.776322186 -30.4518318
v -2.11844873 0.806975603 -30.3762054
v -2.12712145 0.821819007 -30.4737129
v -2.0526793 0.801737249 -30.4346447
v -2.26705122 0.832830012 -30.355072
v -2.27578259 0.848165274 -30.4526501
v -2.19541192 0.827063382 -30.4123325
v -2.49862647 0.864391208 -30.3188992
v -2.40274692 0.867882848 -30.4343872
v -2.34165549 0.851880968 -30.3944492
v -2.52703333 0.882522941 -30.4153976
v -2.46437097 0.872283518 -30.4011707
v -2.67002344 0.889783919 -30.3815479
v -2.58913279 0.878597319 -30.3469925
v -2.81990862 0.889548182 -30.3716087
v -2.73887825 0.882992148 -30.3245449
v -2.96634126 0.874735415 -30.3591843
v -2.8836484 0.877787411 -30.3218822
v -3.10621929 0.847386956 -30.3566532
v -3.02636576 0.855983436 -30.3031349
v -3.25839496 0.797807693 -30.3527985
v -3.17698383 0.816275537 -30.286047
v -3.40987372 0.718912721 -30.3478069
v -3.33144975 0.756424725 -30.2992268
v -3.53414917 0.618922889 -30.36026
v -3.46943855 0.668205321 -30.2936497
v -3.63700008 0.475609004 -30.3694592
v -3.58975959 0.544598937 -30.3029823
v -3.69778228 0.308682114 -30.389946
v -3.67118859 0.391997844 -30.3248062
v -3.72139263 0.136911407 -30.4116478
v -3.71463537 0.212777331 -30.3500004
v -3.71927524 -0.0260021985 -30.4470901
v -3.72376251 0.0447769687 -30.3701668
v -3.69822311 -0.198012769 -30.4646301
v -3.71168184 -0.122651003 -30.3950882
v -3.6639533 -0.350716174 -30.5047531
v -3.68304682 -0.284413725 -30.4333515
v -3.61823702 -0.495396405 -30.5410271
v -3.64308167 -0.433406681 -30.470726
v -3.5595057 -0.635788083 -30.5659828
v -3.59107304 -0.575306654 -30.5057583
v -3.49263096 -0.760018051 -30.5817451
v -3.52864528 -0.707649767 -30.5230122
v -3.41604114 -0.871223032 -30.5942802
v -3.45749235 -0.825757921 -30.5343151
v -3.32714868 -0.970125198 -30.6064072
v -3.37983012 -0.925215125 -30.5513935
v -3.22085309 -1.05989504 -30.614233
v -3.28142762 -1.02286267 -30.5636024
v -3.17010951 -1.10787439 -30.5631409
v -3.05587912 -1.17232418 -30.5676632
v -2.93370056 -1.22940111 -30.5576229
v -2.87717009 -1.26593292 -30.509922
v -2.72852302 -1.28424156 -30.5970039
v -2.79806638 -1.250875 -30.6408176
v -2.66367102 -1.28281569 -30.6505508
v -2.59954429 -1.31355214 -30.601759
v -2.52695203 -1.31208491 -30.6466789
v -2.45955396 -1.33881032 -30.6065521
v -2.38799548 -1.33504331 -30.6467743
v -2.31949568 -1.3577193 -30.6134415
v -2.24282026 -1.34752214 -30.6624908
v -2.17253423 -1.3731333 -30.6164513
v -2.10442638 -1.3574965 -30.6667595
v -2.03297591 -1.37466252 -30.6342525
v -1.97139645 -1.35323572 -30.6889362
v -1.89045966 -1.36757255 -30.6543293
v -1.82572877 -1.33774865 -30.7200718
v -1.74334347 -1.34885025 -30.6810169
v -1.6818552 -1.31642413 -30.7445679
v -1.60226727 -1.3214612 -30.7077255
v -1.52854478 -1.28794253 -30.7597198
v -1.45019436 -1.28624177 -30.7248497
v -1.39014685 -1.24941385 -30.7808895
v -1.30807185 -1.24238014 -30.7397556
v -1.25282168 -1.20246243 -30.7951775
v -1.17339945 -1.18806553 -30.7526093
v -1.11327708 -1.14067721 -30.8051319
v -1.0435605 -1.11731541 -30.7681828
v -0.980966687 -1.05933392 -30.817276
v -0.918619573 -1.02944243 -30.7720737
v -0.874804854 -0.977861226 -30.8070908
v -0.825270176 -0.933332443 -30.7896023
v -0.791137874 -0.869987249 -30.846983
v -0.73606056 -0.808085442 -30.7962933
v -0.708185434 -0.731787801 -30.856142
v -0.671670616 -0.673038661 -30.8013439
v -0.651680768 -0.59302038 -30.8507233
v -0.626640916 -0.530529737 -30.7917042
v -0.617886543 -0.459881634 -30.8333244
v -0.604803503 -0.393848509 -30.7857475
v -0.604752302 -0.325132638 -30.8324318
v -0.601365983 -0.256290823 -30.7750759
v -0.610865176 -0.173394457 -30.8207378
v -0.619878769 -0.107003711 -30.7711811
v -0.638433456 -0.0346749872 -30.8143482
v -0.661358893 0.0359465033 -30.7603569
v -0.689980984 0.10371349 -30.8006115
v -0.721442819 0.163308769 -30.7448387
v -0.765289605 0.236382186 -30.7845039
v -0.809823155 0.294318795 -30.716156
v -0.861109197 0.357570708 -30.7534351
v -0.909606218 0.404177547 -30.6982803
v -0.966088653 0.457801014 -30.7315712
v -1.02486897 0.506791234 -30.7591152
v -1.14413059 0.582273066 -30.7321682
v -1.07653821 0.538377821 -30.7075806
v -1.20304787 0.60713321 -30.6675301
v -1.27410924 0.643489301 -30.7005005
v -1.34108508 0.663249493 -30.6407814
v -1.41926813 0.69476378 -30.6818371
v -1.5554682 0.729961038 -30.6580906
v -1.48683512 0.707135379 -30.6200771
v -1.62463343 0.738340378 -30.5954552
v -1.70008016 0.760195673 -30.6387291
v -1.84518671 0.784945011 -30.6100807
v -1.7682488 0.765867591 -30.5778103
v -1.98417354 0.807998121 -30.5830116
v -1.91246903 0.789608896 -30.5491028
v -2.13360715 0.835564613 -30.5653305
v -2.06128716 0.816001058 -30.5287018
v -2.26957035 0.860239983 -30.5475922
v -2.20890832 0.843156397 -30.5098534
v -2.40752506 0.881454468 -30.5236282
v -2.33780456 0.865532935 -30.4947643
v -2.53526664 0.896232069 -30.5021076
v -2.46767378 0.882705033 -30.4688549
v -2.67742062 0.9061566 -30.4881821
v -2.60051656 0.894914746 -30.4473057
v -2.74118042 0.899297714 -30.4284401
v -2.82102346 0.904576778 -30.4719315
v -2.96411991 0.888522625 -30.449646
v -2.88914537 0.892074525 -30.4156914
v -3.10779476 0.861672699 -30.4606819
v -3.03438592 0.869338155 -30.3974419
v -3.26002598 0.812311828 -30.4694958
v -3.17957115 0.834287226 -30.4090633
v -3.40598035 0.735156536 -30.4635735
v -3.3397243 0.76871103 -30.4156761
v -3.53479075 0.629974067 -30.4875183
v -3.47645545 0.678240657 -30.4102497
v -3.63034654 0.495410353 -30.4931087
v -3.59150434 0.556371152 -30.4257412
v -3.69182372 0.328655899 -30.5190487
v -3.66979718 0.405145198 -30.4506168
v -3.71655679 0.157703549 -30.5363216
v -3.71193695 0.22862491 -30.4660587
v -3.71611834 -0.00892414339 -30.5482731
v -3.72127914 0.0653750375 -30.4849548
v -3.69578552 -0.175269231 -30.5831032
v -3.71029472 -0.0989194661 -30.5088692
v -3.66102123 -0.332730711 -30.6200409
v -3.6815815 -0.264648467 -30.544508
v -3.61486077 -0.482079118 -30.6416893
v -3.64054418 -0.417903572 -30.57938
v -3.56044912 -0.613200665 -30.6613064
v -3.58935428 -0.559716165 -30.5989132
v -3.49039721 -0.742398739 -30.6818466
v -3.52788115 -0.687481999 -30.6249199
v -3.41099262 -0.857438385 -30.6881237
v -3.45268989 -0.809950948 -30.6421204
v -3.32252145 -0.954646826 -30.6973991
v -3.37250495 -0.913393557 -30.6446381
v -3.27069163 -1.01125586 -30.6542339
v -3.15726066 -1.09287572 -30.6582336
v -3.10304809 -1.13487387 -30.6161842
v -3.04572773 -1.15472579 -30.6538906
v -2.99419641 -1.19071817 -30.6054688
v -2.91849208 -1.20811975 -30.6522427
v -2.86530232 -1.24160218 -30.6008015
v -2.72493649 -1.25766134 -30.6843815
v -2.78839922 -1.22869945 -30.7280254
v -2.65096617 -1.26047802 -30.7318554
v -2.58821249 -1.28644335 -30.6884613
v -2.51977086 -1.282197 -30.7401524
v -2.45196676 -1.30776203 -30.6955662
v -2.38692427 -1.30090761 -30.7429314
v -2.31851745 -1.32434738 -30.700922
v -2.24026966 -1.31512511 -30.7496014
v -2.17689538 -1.33506215 -30.7105751
v -2.11019135 -1.32402527 -30.7514172
v -2.04060102 -1.33887219 -30.7206745
v -1.97860789 -1.32097173 -30.7697849
v -1.90777397 -1.3318404 -30.7411079
v -1.84970939 -1.30719817 -30.7995358
v -1.76450074 -1.31152916 -30.7755985
v -1.6982348 -1.2835573 -30.8320942
v -1.6159848 -1.28735948 -30.7964325
v -1.54203427 -1.25514257 -30.8495579
v -1.46510601 -1.25402498 -30.8139648
v -1.40365887 -1.22061467 -30.8647118
v -1.33330142 -1.21592593 -30.8274918
v -1.27369463 -1.17815781 -30.8788471
v -1.19391751 -1.16174996 -30.8445072
v -1.13217247 -1.11243665 -30.9063263
v -1.05116951 -1.08823311 -30.8581524
v -0.990269661 -1.03257513 -30.9075642
v -0.923036456 -1.00008404 -30.8607559
v -0.864058018 -0.932214558 -30.9015083
v -0.810045123 -0.854094267 -30.9518032
v -0.757142901 -0.801119804 -30.8989983
v -0.72077626 -0.717461884 -30.9511509
v -0.680781603 -0.652896762 -30.8978291
v -0.660803676 -0.573937118 -30.9519939
v -0.636068225 -0.516644537 -30.8899155
v -0.624553323 -0.448618114 -30.9119911
v -0.613497496 -0.389840633 -30.8839207
v -0.610993326 -0.309043825 -30.9251289
v -0.607962549 -0.239682958 -30.8732967
v -0.615942597 -0.16231741 -30.9149075
v -0.625014663 -0.095107682 -30.8667316
v -0.641198993 -0.0284977071 -30.9089146
v -0.663615644 0.0417237543 -30.8486252
v -0.693850279 0.11549861 -30.8965569
v -0.725302577 0.173820913 -30.8341255
v -0.768870592 0.247313172 -30.8753586
v -0.817979157 0.310747951 -30.8165398
v -0.870595276 0.375003606 -30.8491249
v -0.915934741 0.416344672 -30.7820911
v -0.977862656 0.474705279 -30.8156738
v -1.03790271 0.525240839 -30.8534145
v -1.08831298 0.554025531 -30.7915287
v -1.15389204 0.597566247 -30.8258762
v -1.28946209 0.659765244 -30.7859898
v -1.21398211 0.622217357 -30.7587795
v -1.42664528 0.707937241 -30.7696705
v -1.34647799 0.675889969 -30.7323875
v -1.56981277 0.745644808 -30.7519283
v -1.4893322 0.719198167 -30.71138
v -1.71583462 0.775955796 -30.7327557
v -1.63455307 0.754336417 -30.7020092
v -1.85127962 0.798883677 -30.7048302
v -1.78446043 0.78101182 -30.6684265
v -1.99053013 0.821953714 -30.6767139
v -1.9184984 0.803282559 -30.6428032
v -2.1393218 0.849488437 -30.6584454
v -2.06228232 0.829245031 -30.6250744
v -2.28308129 0.875639141 -30.6398182
v -2.20866847 0.855881572 -30.6024303
v -2.41406369 0.894675732 -30.6103153
v -2.34749746 0.878915489 -30.577631
v -2.47132921 0.896280527 -30.5600719
v -2.54011893 0.910274863 -30.5979652
v -2.67663956 0.91904974 -30.5809574
v -2.60329962 0.908375144 -30.5385857
v -2.7515521 0.913626194 -30.5272903
v -2.82417464 0.916411042 -30.5600548
v -2.96241331 0.902266681 -30.5537529
v -2.89505196 0.903733015 -30.5014801
v -3.11406541 0.87079227 -30.5538101
v -3.03514028 0.883714259 -30.504425
v -3.25396848 0.824539483 -30.5719795
v -3.18312573 0.844786108 -30.5037231
v -3.39288568 0.751894593 -30.5783653
v -3.33132434 0.783534765 -30.5159054
v -3.52504587 0.643372476 -30.5889664
v -3.47303391 0.690411508 -30.5232372
v -3.62183452 0.507522106 -30.6062679
v -3.58533335 0.569714546 -30.538187
v -3.68429327 0.339710385 -30.6223125
v -3.66270971 0.419144809 -30.5671654
v -3.70821214 0.174618363 -30.6561031
v -3.70375133 0.25496605 -30.5823689
v -3.70882273 0.00461021066 -30.6735077
v -3.71569276 0.082901746 -30.6002064
v -3.69208288 -0.151194915 -30.6905575
v -3.70547318 -0.0786413997 -30.6314621
v -3.6579392 -0.314023405 -30.7202263
v -3.67827177 -0.247529045 -30.6484776
v -3.61212468 -0.463325679 -30.7456055
v -3.63920808 -0.396437526 -30.6788654
v -3.5558908 -0.598449528 -30.7666817
v -3.58662105 -0.54184562 -30.7053223
v -3.48759961 -0.726579964 -30.7738609
v -3.52468324 -0.673735261 -30.715414
v -3.40718126 -0.839673281 -30.7934074
v -3.44819665 -0.794092715 -30.7456913
v -3.36547256 -0.899829507 -30.7441902
v -3.26164198 -0.996730268 -30.7557926
v -3.20906806 -1.04815555 -30.7032604
v -3.14861894 -1.07594132 -30.7572098
v -3.09772491 -1.11703479 -30.7018814
v -3.03039861 -1.13936913 -30.7472916
v -2.98169732 -1.17314053 -30.6926384
v -2.91423488 -1.18781924 -30.7358932
v -2.85600281 -1.2211076 -30.6826973
v -2.72318578 -1.23215199 -30.7764664
v -2.78446031 -1.20633221 -30.8198605
v -2.64988518 -1.23563468 -30.8224392
v -2.58607912 -1.25956213 -30.7777786
v -2.51843166 -1.25779033 -30.8228645
v -2.44942117 -1.27809536 -30.7876244
v -2.37082767 -1.27467906 -30.8311634
v -2.30251861 -1.29495394 -30.7905312
v -2.23663473 -1.2861377 -30.8358231
v -2.17583752 -1.30564928 -30.7911186
v -2.1153605 -1.2974056 -30.8246555
v -2.05312252 -1.30781841 -30.8016396
v -1.98466778 -1.29232919 -30.8474808
v -1.92261243 -1.30505729 -30.8109798
v -1.88532043 -1.27605438 -30.8883171
v -1.78621769 -1.28087008 -30.859827
v -1.71667063 -1.2527281 -30.9211292
v -1.62561989 -1.25540996 -30.8835163
v -1.54858613 -1.22211373 -30.9424076
v -1.47319233 -1.22483897 -30.8955231
v -1.40141928 -1.19127393 -30.9432755
v -1.35112083 -1.19452405 -30.898201
v -1.30854297 -1.15519524 -30.9732208
v -1.21628129 -1.13746798 -30.9348145
v -1.15276134 -1.08846164 -31.0000401
v -1.07456195 -1.06640589 -30.9543934
v -1.01050472 -1.01104653 -31.005209
v -0.937928855 -0.974199653 -30.9646988
v -0.875244617 -0.902418733 -31.0132236
v -0.823753357 -0.832090974 -31.0564175
v -0.773542762 -0.786927283 -30.9999828
v -0.740281105 -0.710841298 -31.0595474
v -0.694972217 -0.640209615 -31.0078697
v -0.668406606 -0.551673591 -31.0546894
v -0.64051044 -0.489303112 -30.978529
v -0.622483432 -0.388834268 -30.9846611
v -0.616328716 -0.303908855 -31.0077724
v -0.613346636 -0.236092553 -30.9730587
v -0.62028116 -0.153768405 -31.0259495
v -0.629054606 -0.08413288 -30.9634819
v -0.646847844 -0.00769662252 -31.0059071
v -0.668680787 0.0577013567 -30.9458923
v -0.697865844 0.130588308 -30.9965839
v -0.730415106 0.189342603 -30.9377613
v -0.776295722 0.267246306 -30.9830818
v -0.817357779 0.317796081 -30.918808
v -0.875866234 0.389764398 -30.9507599
v -0.928664207 0.436831355 -30.8815098
v -0.986086488 0.490555316 -30.9114628
v -1.04706287 0.541002631 -30.9407463
v -1.17296135 0.618084788 -30.9133873
v -1.10247946 0.572106719 -30.8785
v -1.29828846 0.675525904 -30.8857307
v -1.22851443 0.640538752 -30.8580685
v -1.43465328 0.721863627 -30.8584213
v -1.36358833 0.693472207 -30.8253803
v -1.58030605 0.76218456 -30.8556366
v -1.49566627 0.733008027 -30.8050652
v -1.72523534 0.790324628 -30.8231468
v -1.64833605 0.769032538 -30.7888794
v -1.86990201 0.815052032 -30.7956009
v -1.79372382 0.796354771 -30.7678223
v -2.00225353 0.837265015 -30.7702923
v -1.92972744 0.818399966 -30.7373867
v -2.14979362 0.86347419 -30.743784
v -2.06932855 0.842220426 -30.709034
v -2.2889142 0.88794744 -30.7207642
v -2.21617174 0.869942605 -30.6931858
v -2.35489964 0.892335176 -30.6649532
v -2.41529465 0.905195057 -30.6856575
v -2.54201722 0.921753645 -30.6820583
v -2.47699618 0.908597946 -30.6434593
v -2.67846036 0.930861294 -30.6724033
v -2.60963821 0.921717525 -30.6326752
v -2.81981349 0.928750157 -30.661171
v -2.75028324 0.925955176 -30.6214924
v -2.89379954 0.916942418 -30.6067429
v -2.95777583 0.91334033 -30.6499786
v -3.09796762 0.88429153 -30.6571007
v -3.02719474 0.895864308 -30.5982895
v -3.17319107 0.858084917 -30.6107693
v -3.24339819 0.835090518 -30.674593
v -3.38482237 0.759685636 -30.6925755
v -3.32366967 0.794529915 -30.6228523
v -3.51197672 0.653757632 -30.7015858
v -3.45630717 0.707409739 -30.63834
v -3.61283898 0.510350347 -30.71945
v -3.57159901 0.584376037 -30.6656075
v -3.67236471 0.349296689 -30.7382736
v -3.65192747 0.43181619 -30.6727104
v -3.69876432 0.176523075 -30.7612591
v -3.69441438 0.262741745 -30.6973896
v -3.70021701 0.0202839114 -30.7805424
v -3.70658922 0.0968255922 -30.7197628
v -3.68345857 -0.139293775 -30.8100033
v -3.69926381 -0.0598427318 -30.7350464
v -3.6528151 -0.292952985 -30.8328476
v -3.67439294 -0.222171322 -30.7602558
v -3.60989738 -0.438805997 -30.8512058
v -3.63418007 -0.381325632 -30.7868061
v -3.55144143 -0.582424343 -30.869009
v -3.58280849 -0.526385725 -30.8032284
v -3.52146029 -0.655217946 -30.8218555
v -3.44350791 -0.780889094 -30.8377666
v -3.35220909 -0.892420828 -30.8494205
v -3.30830121 -0.947660267 -30.7951775
v -3.25678039 -0.982058764 -30.8473148
v -3.20056248 -1.03304493 -30.8025455
v -3.13981557 -1.06110096 -30.8548985
v -3.08460927 -1.1012733 -30.8042049
v -3.02282286 -1.12316191 -30.8373356
v -2.96466923 -1.15872896 -30.7810783
v -2.89992762 -1.1728642 -30.81991
v -2.84195328 -1.20291495 -30.7688313
v -2.72101092 -1.20986617 -30.8686371
v -2.79173398 -1.18357229 -30.9146805
v -2.63983035 -1.21537971 -30.9140911
v -2.58244801 -1.23587835 -30.8679962
v -2.51153684 -1.23517013 -30.91292
v -2.44297123 -1.25487483 -30.8705387
v -2.37415719 -1.24916518 -30.9201908
v -2.30374074 -1.26615953 -30.88274
v -2.23018885 -1.26260924 -30.9142323
v -2.16425276 -1.28086102 -30.8671761
v -2.08652139 -1.27491832 -30.8952789
v -2.16313815 -1.25437856 -30.9551277
v -1.9848696 -1.26003253 -30.9440784
v -1.79991984 -1.24781597 -30.9569359
v -1.72369444 -1.21965384 -31.0219936
v -1.63496709 -1.22149932 -30.9828968
v -1.56492198 -1.19221199 -31.0383511
v -1.48238122 -1.1939615 -30.9872799
v -1.40942144 -1.15979564 -31.039875
v -1.32245505 -1.11948121 -31.0911427
v -1.23334682 -1.10634696 -31.0420055
v -1.16665685 -1.06242967 -31.0944195
v -1.08889449 -1.04105771 -31.0486908
v -1.03604519 -0.990739226 -31.1101208
v -0.891675234 -0.878593802 -31.1248608
v -0.952714682 -0.950686634 -31.0634613
v -0.830836296 -0.808845818 -31.1450329
v -0.782613516 -0.763953865 -31.097168
v -0.756272972 -0.708210647 -31.1394882
v -0.708952844 -0.620296896 -31.1377296
v -0.674351811 -0.520857275 -31.1750736
v -0.640651703 -0.436601788 -31.0879822
v -0.62444675 -0.326393127 -31.1055279
v -0.61775583 -0.231640428 -31.0682411
v -0.622569025 -0.149011806 -31.1217003
v -0.631632209 -0.0746634379 -31.0613842
v -0.649822891 0.00870833173 -31.1010437
v -0.670352221 0.0682903007 -31.0441093
v -0.698919117 0.143746778 -31.1020241
v -0.736133993 0.208246693 -31.0354443
v -0.780091166 0.283003092 -31.0757103
v -0.823056519 0.334825575 -31.019207
v -0.886047661 0.411479086 -31.0492954
v -0.937421083 0.454861552 -30.9816132
v -0.998212039 0.508936465 -30.9900608
v -1.04317319 0.549376905 -31.0386257
v -1.18116009 0.6362378 -31.0238781
v -1.10729265 0.586211741 -30.9762096
v -1.31095088 0.690594435 -30.9621544
v -1.23769724 0.655645251 -30.9461269
v -1.43959653 0.736729443 -30.9570713
v -1.36339831 0.705558598 -30.920433
v -1.58675349 0.776617885 -30.9469624
v -1.50600839 0.750408769 -30.9128437
v -1.7419163 0.807968438 -30.9225311
v -1.6642518 0.785874367 -30.8845425
v -1.87162626 0.82804507 -30.8841572
v -1.80832839 0.81103915 -30.8518429
v -2.01052713 0.851448953 -30.8583813
v -1.94503295 0.834927082 -30.8335648
v -2.15363526 0.876979053 -30.8343754
v -2.08233023 0.857439339 -30.7988701
v -2.29443216 0.901610434 -30.8130798
v -2.22298813 0.882884264 -30.7766857
v -2.5348084 0.931655884 -30.7661381
v -2.46562862 0.917230546 -30.7196712
v -2.61273694 0.933613062 -30.7249355
v -2.68312979 0.942460477 -30.7722416
v -2.75269175 0.936349809 -30.7107048
v -2.82219577 0.937576771 -30.749445
v -2.95253062 0.922379017 -30.7469845
v -2.89032865 0.92664808 -30.6961613
v -3.0932014 0.89134109 -30.7552929
v -3.01865172 0.906900644 -30.7048016
v -3.23759127 0.839681447 -30.7779312
v -3.16380453 0.867762506 -30.7216835
v -3.31008649 0.804142535 -30.7411804
v -3.37257552 0.764498651 -30.8015614
v -3.49338317 0.662518501 -30.8140144
v -3.44200301 0.715523839 -30.7583179
v -3.59614182 0.51608032 -30.8370495
v -3.55852151 0.590821981 -30.7688923
v -3.65596604 0.355196416 -30.8598423
v -3.63845778 0.437165082 -30.7887516
v -3.68414378 0.187372386 -30.8777752
v -3.68074989 0.273483157 -30.8110161
v -3.68777323 0.031290222 -30.8971806
v -3.6961298 0.098746784 -30.82444
v -3.67429519 -0.12780185 -30.9120178
v -3.68880081 -0.0534257069 -30.8502483
v -3.64634323 -0.275764525 -30.9330196
v -3.66726017 -0.205720678 -30.8678627
v -3.63085485 -0.358869791 -30.884491
v -3.57862592 -0.506993771 -30.9107952
v -3.51381803 -0.64586854 -30.920702
v -3.47857451 -0.717871368 -30.8784103
v -3.43624687 -0.769029677 -30.9401684
v -3.40189672 -0.825961769 -30.8901825
v -3.34844828 -0.877670169 -30.9430294
v -3.30553555 -0.92996037 -30.8965397
v -3.24523044 -0.971878111 -30.9492779
v -3.19446802 -1.0181725 -30.8999004
v -3.12909031 -1.04994631 -30.9480095
v -3.0764811 -1.08796895 -30.8914051
v -3.0084517 -1.11180115 -30.9270668
v -2.9489398 -1.14553833 -30.8697281
v -2.88173509 -1.1624155 -30.8966274
v -2.84032726 -1.18580592 -30.8434982
v -2.70784545 -1.19202685 -30.9655914
v -2.6286633 -1.19740748 -31.0109596
v -2.56654453 -1.21774268 -30.9558144
v -2.49909353 -1.21814716 -30.9948254
v -2.44272208 -1.23296654 -30.9567795
v -2.36884809 -1.22905266 -31.0043659
v -2.29912257 -1.24434257 -30.9638023
v -2.23592877 -1.23870456 -31.0016289
v -2.07132268 -1.24203312 -31.0063972
v -1.98923349 -1.22429991 -31.0683594
v -1.88900292 -1.23614383 -31.0115337
v -1.80120659 -1.21289003 -31.0694485
v -1.88993323 -1.20628119 -31.1192493
v -1.72993076 -1.1897608 -31.1249866
v -1.652264 -1.19314182 -31.078537
v -1.57604897 -1.1605438 -31.147831
v -1.48305571 -1.16024005 -31.0896072
v -1.41235673 -1.12640584 -31.1465912
v -1.33820999 -1.09102261 -31.1972637
v -1.25368583 -1.07945108 -31.1461487
v -1.17926168 -1.03246999 -31.2044449
v -1.10629594 -1.02129543 -31.1340504
v -0.976984024 -0.935057521 -31.1614513
v -1.6690408 0.905805171 -31.5444546
v -1.56524825 0.871440291 -31.4846096
v -1.64864528 0.878708661 -31.431118
v -0.712355435 -0.585350931 -31.2562447
v -0.63923943 -0.0701132566 -25.9618492
v -0.642701209 -0.394916654 -31.2090721
v -0.62106967 -0.226594195 -31.1626492
v -0.627582788 -0.302401125 -31.2074547
v -0.622732639 -0.155696124 -31.2241879
v -0.633099794 -0.0595614947 -31.1828117
v -0.654914796 0.0390689783 -31.1896038
v -0.672035694 0.0818190947 -31.1264153
v -0.686511934 0.132601485 -31.2101212
v -0.735530078 0.221163601 -31.1447048
v -0.778788686 0.298852772 -31.1943741
v -0.833656967 0.3611224 -31.1236153
v -0.893227041 0.43557924 -31.1700115
v -0.957508564 0.485875458 -31.088419
v -0.961422563 0.507920563 -31.2115726
v -1.04579699 0.567123711 -31.1534843
v -1.18647528 0.653725326 -31.1285381
v -1.12011349 0.608248472 -31.0853825
v -1.36146688 0.716278851 -31.0050602
v -1.43868089 0.750778258 -31.0572968
v -1.59569728 0.796971381 -31.0682392
v -1.51308024 0.767115235 -31.015913
v -1.77883244 0.828910172 -31.0123463
v -1.67650163 0.804280102 -30.9921474
v -1.87013376 0.841285944 -30.975687
v -1.81334341 0.822664261 -30.9253902
v -1.95234597 0.849344671 -30.923111
v -2.03285646 0.871819317 -30.9670258
v -2.15932679 0.893396199 -30.9415054
v -2.08887506 0.870094299 -30.8784027
v -2.37955546 0.907927036 -30.748745
v -2.2994988 0.91384989 -30.8966885
v -2.24678421 0.913406074 -30.9640446
v -2.23338223 0.898433685 -30.8740959
v -2.52845764 0.941517711 -30.854763
v -2.45697618 0.927002013 -30.8046112
v -2.67682767 0.951353908 -30.8632317
v -2.60819054 0.944318593 -30.8206139
v -2.8436594 0.944001734 -30.8555584
v -2.75221395 0.946251869 -30.8100243
v -2.93084621 0.931168437 -30.8322678
v -2.88652778 0.93417412 -30.7799854
v -3.06972003 0.900687516 -30.8563938
v -3.00874949 0.91461879 -30.7995987
v -3.2161212 0.846403122 -30.8932343
v -3.15290785 0.87371099 -30.8188934
v -3.3514924 0.76965332 -30.9086895
v -3.29362512 0.810001791 -30.8476505
v -3.4777801 0.658286452 -30.9364243
v -3.42078638 0.723814547 -30.8607349
v -3.56978559 0.525437236 -30.9610538
v -3.54277682 0.590385854 -30.8857899
v -3.63346601 0.365971535 -30.977705
v -3.62138557 0.438772976 -30.9034481
v -3.66415524 0.205767736 -30.9969101
v -3.66202164 0.283323199 -30.9319401
v -3.67289591 0.0384684242 -31.0093212
v -3.68044567 0.114340797 -30.9451237
v -3.67669034 -0.0396544412 -30.9624653
v -3.65673709 -0.195905387 -30.9782467
v -3.62109995 -0.347623736 -31.0004253
v -3.60303283 -0.425680518 -30.9540768
v -3.57315898 -0.490004212 -31.0131264
v -3.54431129 -0.57172215 -30.968235
v -3.5083096 -0.629080415 -31.0296268
v -3.47276497 -0.703582168 -30.9820499
v -3.43127942 -0.755215347 -31.0360813
v -3.39304543 -0.816685259 -30.9883938
v -3.34308529 -0.862568617 -31.0503483
v -3.2963357 -0.919068754 -30.9989166
v -3.23283029 -0.963673711 -31.0508118
v -3.17793608 -1.01174486 -30.9974442
v -3.12115216 -1.03908622 -31.0396423
v -3.06421947 -1.07826769 -30.9787216
v -2.99212766 -1.10133791 -31.027544
v -2.93620968 -1.13220942 -30.9640732
v -2.85767937 -1.1526382 -30.9870701
v -2.60688853 -1.18390667 -31.1112442
v -2.68879652 -1.17760146 -31.0680351
v -2.55411005 -1.20147836 -31.0460472
v -2.49449706 -1.20399094 -31.0704441
v -2.43603706 -1.21397567 -31.0478325
v -2.36923718 -1.21081626 -31.0926647
v -2.30297756 -1.22439528 -31.0468693
v -2.23468661 -1.21793425 -31.0926228
v -2.16445255 -1.23005807 -31.0478477
v -2.07830095 -1.21647632 -31.1081581
v -2.00073981 -1.19984305 -31.174221
v -1.71816242 -1.16542053 -31.2133389
v -1.80297482 -1.18566012 -31.1719875
v -1.66215467 -1.17187726 -31.1571293
v -1.63748384 -1.147331 -31.2373219
v -1.4914937 -1.13175094 -31.1908417
v -1.56373012 -1.13231683 -31.2439651
v -1.41464829 -1.09824049 -31.2463646
v -1.33270335 -1.06369591 -31.2882767
v -1.26969767 -1.05780816 -31.2353134
v -1.07670605 -0.97744292 -31.2221432
v -0.677009583 -0.48739773 -31.2955532
v -0.832549036 0.378635287 -31.2371902
v -1.27169418 0.685139954 -31.0480957
v -1.42917049 0.761786997 -31.1486664
v -1.35656929 0.731128335 -31.1195068
v -1.61170387 0.818045557 -31.1735134
v -1.51156163 0.78195107 -31.1158772
v -1.7732203 0.845789492 -31.125761
v -1.69379461 0.822939098 -31.0878735
v -2.02397561 0.887054741 -31.0792236
v -1.94526947 0.862279475 -31.0183353
v -2.35279632 0.931714654 -30.9649372
v -2.36576629 0.92008239 -30.8577518
v -2.66383576 0.95844841 -30.9505596
v -2.60215306 0.952947021 -30.9085026
v -2.81826758 0.951946437 -30.967392
v -2.7456305 0.953938305 -30.9038906
v -2.90800786 0.938619018 -30.9341583
v -3.0471642 0.906170607 -30.9639339
v -2.98980212 0.921769023 -30.8999557
v -3.19377041 0.84921813 -30.9946022
v -3.12992096 0.880106211 -30.9277649
v -3.33026147 0.767630339 -31.0232162
v -3.27926493 0.809706867 -30.9517555
v -3.45356584 0.657240987 -31.0453644
v -3.40733814 0.718474507 -30.9705658
v -3.5460372 0.519892871 -31.0783615
v -3.52102232 0.589947462 -30.9976349
v -3.60988116 0.369931877 -31.0867958
v -3.59693646 0.445220262 -31.0182571
v -3.64135861 0.286930889 -31.0445061
v -3.64353132 0.211918384 -31.1046124
v -3.66157889 0.124306001 -31.0620613
v -3.66167331 -0.0230940785 -31.0761719
v -3.66208696 -0.117553204 -31.0227203
v -3.64456463 -0.189326838 -31.0833359
v -3.63598537 -0.267664403 -31.0375443
v -3.61120033 -0.337924063 -31.102459
v -3.59402037 -0.414938778 -31.0597115
v -3.56300497 -0.481978118 -31.1182003
v -3.53692365 -0.557180762 -31.0779819
v -3.50022674 -0.61810869 -31.1309853
v -3.46910667 -0.686399043 -31.0807343
v -3.42448306 -0.743041575 -31.1361427
v -3.38267469 -0.808379948 -31.0922546
v -3.32964659 -0.85813868 -31.1506519
v -3.28319597 -0.912919044 -31.1004066
v -3.22636986 -0.953961253 -31.1408653
v -3.17633748 -0.997492015 -31.0915623
v -3.11160469 -1.02930808 -31.1413651
v -3.05131674 -1.06823981 -31.0812378
v -2.9851563 -1.09005022 -31.1251411
v -2.91695857 -1.12389553 -31.0548382
v -2.83568001 -1.14200509 -31.0934353
v -2.7717309 -1.16880035 -31.0196686
v -2.66346121 -1.16710365 -31.1756001
v -2.53231907 -1.18966353 -31.134306
v -2.4399538 -1.19764602 -31.1390648
v -2.50181484 -1.18163097 -31.2204189
v -2.36797643 -1.1978507 -31.1703434
v -2.30739498 -1.20705903 -31.1335545
v -2.24721456 -1.20156288 -31.1785698
v -2.16626906 -1.20781219 -31.1505718
v -2.09493303 -1.19469428 -31.2193394
v -1.89678991 -1.17727339 -31.252409
v -1.50167739 -1.10717857 -31.2934685
v -0.864655972 -0.814827561 -31.2354374
v -0.924617767 -0.85030371 -31.2984066
v -0.92682445 -0.879971087 -31.2120647
v -0.7516433 -0.636985898 -31.3256378
v -0.80659771 -0.724885404 -31.3050003
v -0.755022287 -0.674282432 -31.2291698
v -0.623887777 -0.23873055 -31.2712002
v -0.64074415 -0.00122269487 -31.2605572
v -0.658885717 0.0757602751 -31.2843285
v -0.731645882 0.236044452 -31.2607517
v -0.774212301 0.316159308 -31.3042336
v -1.04311824 0.587301493 -31.2803116
v -1.12062848 0.624210417 -31.1904945
v -1.26981556 0.703842223 -31.1791897
v -1.19672644 0.675635934 -31.2299538
v -1.36929095 0.755277395 -31.2360954
v -1.48725712 0.795981646 -31.2405682
v -1.86177158 0.854737043 -31.0730419
v -1.70426929 0.839635491 -31.1750221
v -2.10307813 0.896101832 -31.0364819
v -1.93643892 0.878031135 -31.1294289
v -2.51860213 0.951741219 -30.9580917
v -2.44369936 0.9379794 -30.9085941
v -2.43960118 0.949032724 -31.0104179
v -2.69755244 0.965037346 -31.1025047
v -2.65180802 0.963684916 -31.0312443
v -2.7320869 0.959997058 -31.0007343
v -2.87948155 0.944099724 -31.0311909
v -3.02509952 0.907569945 -31.065649
v -2.96676517 0.926524818 -31.0058918
v -3.16520882 0.848589301 -31.1064663
v -3.10819149 0.881730855 -31.0318489
v -3.3033433 0.764472902 -31.1279907
v -3.25000644 0.810762405 -31.0663738
v -3.42267895 0.65283376 -31.1606922
v -3.38599086 0.710050344 -31.0896053
v -3.51441193 0.524807811 -31.1786537
v -3.48721313 0.591978669 -31.1204128
v -3.58314133 0.36844331 -31.195303
v -3.56607366 0.450274169 -31.1368065
v -3.61673665 0.292596161 -31.1535244
v -3.64227796 0.136706129 -31.1605206
v -3.65533161 0.0470138006 -31.1194324
v -3.64442062 -0.017054867 -31.1837616
v -3.64735985 -0.103255183 -31.137495
v -3.63157153 -0.172885612 -31.1914158
v -3.62536883 -0.254013747 -31.1411648
v -3.59853601 -0.332966596 -31.2067566
v -3.58134246 -0.409122169 -31.1726665
v -3.55292726 -0.468317837 -31.2315025
v -3.52795386 -0.545225322 -31.1849995
v -3.49173307 -0.606330097 -31.2347317
v -3.45968127 -0.67659086 -31.186554
v -3.41720343 -0.728992462 -31.2472706
v -3.37441039 -0.798438966 -31.1926498
v -3.32551289 -0.845524669 -31.2441845
v -3.27398801 -0.904610157 -31.1989155
v -3.21362805 -0.947517931 -31.2488117
v -3.16214728 -0.991185904 -31.1980896
v -3.10205078 -1.02278316 -31.2321243
v -3.04581475 -1.05743527 -31.1809139
v -2.96584344 -1.08616054 -31.2195129
v -2.90777898 -1.11266613 -31.1605701
v -2.82056355 -1.1327796 -31.2003231
v -2.7526691 -1.1561799 -31.132267
v -2.58761144 -1.17497885 -31.199007
v -2.64476943 -1.16015089 -31.2736492
v -2.56184936 -1.16794682 -31.3072281
v -2.3663547 -1.17915738 -31.3419285
v -2.40602946 -1.18598652 -31.2447681
v -2.30686927 -1.19026101 -31.2461491
v -2.19393539 -1.19056904 -31.256134
v -2.10368395 -1.17973983 -31.3282795
v -2.00729012 -1.17900252 -31.2934914
v -2.0158174 -1.16704273 -31.4043961
v -1.84985495 -1.15721047 -31.3424454
v -1.92589271 -1.16315603 -31.3611412
v -1.85019481 -1.14703166 -31.4268341
v -1.79192948 -1.16056561 -31.2805138
v -1.77323127 -1.14167595 -31.377634
v -1.59476066 -1.11793554 -31.3340034
v -1.68332481 -1.11888587 -31.4335003
v -1.7091558 -1.14183915 -31.3168125
v -1.4125421 -1.07114077 -31.3525925
v -1.3223151 -1.03781891 -31.378643
v -1.0557127 -0.933726728 -31.326786
v -1.13888383 -0.979308784 -31.3218346
v -0.995560765 -0.915348232 -31.2620697
v -0.851048529 -0.742739737 -31.4201431
v -0.872268915 -0.790249825 -31.3353481
v -0.671953321 -0.447774619 -31.4032269
v -0.713505745 -0.555789649 -31.3599205
v -0.6255337 -0.258452952 -31.3599091
v -0.639599264 -0.342441022 -31.4284859
v -0.633958042 -0.320083112 -31.3036976
v -0.822004497 0.391002119 -31.3410664
v -1.10020959 0.647121549 -31.364666
v -1.13541412 0.648028553 -31.2734261
v -2.83140373 0.263204634 -24.7961636
v -2.82252955 0.248273611 -24.7917633
v -1.18280137 0.686750233 -31.3247681
v -1.26983416 0.722853482 -31.2853966
v -1.85329282 0.870471179 -31.1792927
v -1.76423848 0.861527979 -31.2289429
v -2.01393747 0.901081264 -31.1808605
v -1.93137169 0.893891156 -31.2308064
v -2.1816237 0.912430406 -31.0445366
v -2.27666402 0.930769145 -31.0547314
v -2.21710062 0.92984277 -31.1245213
v -2.37414932 0.947927058 -31.0757961
v -2.5201664 0.96079272 -31.0547943
v -2.5927968 0.960040748 -30.9946995
v -2.4530704 0.958964586 -31.0970135
v -2.60633826 0.966620982 -31.0897102
v -2.8532908 0.945470691 -31.1415672
v -2.79200411 0.956620157 -31.0681534
v -3.00189805 0.904331923 -31.1717281
v -2.94025159 0.928073704 -31.1120796
v -3.13387752 0.844058156 -31.2128334
v -3.07970786 0.880580604 -31.1399651
v -3.27111268 0.759817183 -31.2281113
v -3.2186079 0.807171643 -31.1760063
v -3.39094472 0.644706309 -31.2646351
v -3.35174274 0.708016217 -31.1955643
v -3.48856735 0.508200586 -31.2849483
v -3.4564631 0.589910448 -31.218544
v -3.55166531 0.364194363 -31.305994
v -3.53987288 0.445284933 -31.2342949
v -3.62098169 0.21019505 -31.2116604
v -3.5906024 0.290063292 -31.2591496
v -3.61780238 0.136702269 -31.2744465
v -3.63598323 0.060219653 -31.2219677
v -3.62479377 -0.0132659776 -31.2899647
v -3.63201094 -0.0895345807 -31.2392387
v -3.61528182 -0.165309414 -31.2990265
v -3.61029553 -0.245903194 -31.2563133
v -3.58487678 -0.324126393 -31.3153877
v -3.57075286 -0.399914145 -31.2700157
v -3.54101849 -0.46296078 -31.3288345
v -3.51763487 -0.538344443 -31.2804756
v -3.48322821 -0.595002413 -31.3333702
v -3.45438886 -0.659395516 -31.2916851
v -3.40930796 -0.717392325 -31.3506069
v -3.36832356 -0.786613524 -31.2900085
v -3.31762338 -0.836976349 -31.3400879
v -3.2685256 -0.894752085 -31.2908554
v -3.20531464 -0.940456152 -31.3459778
v -3.1496799 -0.986939847 -31.2926197
v -3.08768415 -1.01882339 -31.3377953
v -3.02645445 -1.05533957 -31.2782021
v -2.9561975 -1.08066916 -31.314806
v -2.88937449 -1.10806549 -31.258709
v -2.80952311 -1.12619615 -31.3042774
v -2.73213696 -1.14780188 -31.2462349
v -2.62694001 -1.15525424 -31.4025116
v -2.46697927 -1.17491567 -31.3262825
v -2.52784181 -1.16645527 -31.3985863
v -2.43186569 -1.17236471 -31.4270649
v -2.27219296 -1.18025267 -31.3553848
v -2.18155241 -1.17904317 -31.3620052
v -2.1288383 -1.17168915 -31.4567909
v -1.93126011 -1.15403044 -31.4751263
v -2.86916566 -0.446373791 -25.093914
v -1.36040497 -1.03327227 -31.4629154
v -1.24073505 -1.02231491 -31.3244495
v -1.19029701 -0.979346871 -31.4118671
v -1.26513243 -1.003613 -31.4414253
v -1.11094046 -0.938858271 -31.4204426
v -0.99184674 -0.886922896 -31.3467236
v -1.02453566 -0.888610065 -31.4188919
v -0.790130794 -0.678581417 -31.3831615
v -0.798705816 -0.668890357 -31.4622116
v -0.756924212 -0.616782427 -31.4273205
v -0.714382827 -0.533741236 -31.4721184
v -0.651577115 -0.39795661 -31.3224659
v -0.61932826 -0.155379862 -31.3508835
v -0.762376964 0.335258484 -31.402914
v -0.878508747 0.474565625 -31.397007
v -0.893896222 0.456621945 -31.2808304
v -0.951652408 0.527023971 -31.3413429
v -1.01090634 0.59390986 -31.3987923
v -1.33671653 0.763581932 -31.3405476
v -1.42309439 0.793806434 -31.3326378
v -1.5767957 0.831365645 -31.2940998
v -1.67093825 0.847719252 -31.2614594
v -1.50547326 0.82116729 -31.3388939
v -1.73216212 0.879070699 -31.3539982
v -1.64203823 0.857762873 -31.3446465
v -1.85014153 0.890028954 -31.2938881
v -2.08308911 0.922068834 -31.2341537
v -2.1199162 0.913430929 -31.1316814
v -2.18656445 0.937790036 -31.2222004
v -2.29080796 0.947884738 -31.1769333
v -2.41778779 0.962802351 -31.1806297
v -2.51725435 0.968684793 -31.1739502
v -2.77080917 0.957651436 -31.1683025
v -2.69737458 0.964706421 -31.2061901
v -2.91615272 0.925737619 -31.2061405
v -2.96881199 0.89869386 -31.2784748
v -3.10924196 0.83017385 -31.3166199
v -3.05614281 0.872743845 -31.2423611
v -3.23174644 0.747905135 -31.3429165
v -3.18556571 0.798538625 -31.2819328
v -3.35795093 0.633264482 -31.3612976
v -3.31227279 0.702004731 -31.3031883
v -3.42144632 0.578976512 -31.3282852
v -3.44836617 0.504185498 -31.3910694
v -3.55900884 0.285962731 -31.3700275
v -3.50292301 0.441221476 -31.3472652
v -3.59239507 0.211565897 -31.3237171
v -3.59110618 0.13908799 -31.3805027
v -3.61127162 0.0644511953 -31.3366508
v -3.60386515 -0.00881702267 -31.389534
v -3.61368847 -0.0813102275 -31.3421364
v -3.59650636 -0.156072125 -31.4086819
v -3.59577918 -0.235821292 -31.3578777
v -3.57153344 -0.310226679 -31.4190979
v -3.56011701 -0.386611819 -31.3686104
v -3.52728677 -0.454742789 -31.4391594
v -3.50720477 -0.527404666 -31.384491
v -3.47236156 -0.586508393 -31.4346371
v -3.44218826 -0.652231932 -31.4012356
v -3.39984083 -0.708350658 -31.4519539
v -3.35770416 -0.779903352 -31.3913517
v -3.30268288 -0.83529073 -31.4437752
v -3.26159954 -0.885040998 -31.3949871
v -3.19332528 -0.936828077 -31.447155
v -3.14536262 -0.978358388 -31.3899803
v -3.08172417 -1.01317465 -31.4317455
v -3.01919198 -1.04945648 -31.3783531
v -2.944947 -1.07747078 -31.4178429
v -2.87259388 -1.10523844 -31.3611813
v -2.79833102 -1.12312734 -31.4034576
v -2.72472286 -1.14199281 -31.3443279
v -2.56997395 -1.1608274 -31.4755917
v -2.63434553 -1.15244079 -31.5116119
v -2.49911499 -1.1673907 -31.4940777
v -2.32665133 -1.17523479 -31.4592857
v -2.41440153 -1.17261112 -31.5231113
v -2.22442079 -1.17523944 -31.4496536
v -2.26503372 -1.17507136 -31.5249519
v -2.19039297 -1.17324793 -31.5428429
v -1.58655238 -1.09822965 -31.4397793
v -1.61019611 -1.09325063 -31.5340157
v -1.4481951 -1.06216919 -31.4488907
v -1.51898468 -1.0748831 -31.4931602
v -1.509583 -1.08671963 -31.3991814
v -1.43561625 -1.04670513 -31.5339603
v -1.52473426 -1.06481671 -31.609005
v -0.933109105 -0.824307919 -31.4078655
v -2.09185839 1.04794872 -32.6395264
v -1.92135346 1.03222251 -32.5144844
v -1.85988104 1.02576709 -32.4901657
v -1.81055963 1.01727462 -32.4418678
v -1.73217678 1.00942063 -32.4646759
v -1.66880023 0.995931029 -32.4059029
v -0.626558721 -0.0773574263 -31.2943382
v -0.63598758 0.0114769125 -31.343689
v -0.617998421 -0.0557902902 -31.4007874
v -1.58298385 0.982354105 -32.4332275
v -1.51319695 0.964221776 -32.3730507
v -1.41962314 0.943830252 -32.4094353
v -1.26555502 0.890540957 -32.2961731
v -1.20654428 0.864910781 -32.2418404
v -1.12878001 0.834485471 -32.2506409
v -1.03988016 0.791641235 -32.2291985
v -1.1100173 0.818186641 -32.1740532
v -0.976379871 0.749737024 -32.161438
v -0.908271015 0.715206504 -32.193119
v -0.867057502 0.678995132 -32.1338425
v -1.94724333 0.917203665 -31.3480415
v -2.14775562 0.94442153 -31.3185291
v -2.05280757 0.932506502 -31.3362045
v -2.25138927 0.955406845 -31.2944431
v -2.3496964 0.964978993 -31.2900314
v -2.65538573 0.96551019 -31.2801514
v -2.62357378 0.969485223 -31.1940269
v -2.56635094 0.970949769 -31.2765923
v -2.82927227 0.94331646 -31.2346478
v -2.7464242 0.955751956 -31.2619438
v -2.88392425 0.919831395 -31.3084011
v -2.92954659 0.889406502 -31.3822918
v -3.06979418 0.81958282 -31.4133301
v -3.02313542 0.862179935 -31.3457642
v -3.19966722 0.727817655 -31.4467182
v -3.15626955 0.780757368 -31.3862915
v -3.30945301 0.62975204 -31.4611721
v -3.27529073 0.68593508 -31.4100494
v -3.40546131 0.499215513 -31.4934368
v -3.38218307 0.569135785 -31.429369
v -3.51437187 0.368395478 -31.4086456
v -3.52347136 0.290222228 -31.4708538
v -3.46446967 0.432939202 -31.4541588
v -3.5647347 0.210479796 -31.4201794
v -3.55865836 0.149092481 -31.4886074
v -3.58425713 0.0717748255 -31.443922
v -3.57776666 -0.00343901059 -31.4997578
v -3.59101701 -0.0803772062 -31.4530373
v -3.5773344 -0.149538115 -31.5076275
v -3.57935524 -0.222786605 -31.4617767
v -3.55499625 -0.300401062 -31.5262547
v -3.54595089 -0.377388358 -31.4739494
v -3.51603889 -0.445716679 -31.528862
v -3.4973228 -0.515166283 -31.4829445
v -3.46222329 -0.574429631 -31.5381546
v -3.42907739 -0.650519133 -31.4937477
v -3.38214064 -0.713652372 -31.5433865
v -3.34655523 -0.771627307 -31.5046635
v -3.29134846 -0.8299191 -31.5474644
v -3.24597979 -0.885338664 -31.4918327
v -3.17929363 -0.936122358 -31.5441532
v -3.13162994 -0.977023304 -31.4896145
v -3.06381345 -1.0147512 -31.5347195
v -3.00365829 -1.0494585 -31.4773178
v -2.93312931 -1.07683933 -31.5184288
v -2.87124395 -1.10046339 -31.4647198
v -2.7899394 -1.12210333 -31.5033779
v -2.71613717 -1.13941216 -31.4517956
v -2.56787467 -1.16113436 -31.5592842
v -2.62826967 -1.15326142 -31.6134052
v -2.48575974 -1.16901851 -31.5882263
v -2.39573455 -1.1743784 -31.6232662
v -2.32727337 -1.1753453 -31.5624332
v -2.24676704 -1.17529058 -31.601717
v -2.17275715 -1.17269588 -31.6267452
v -1.94066584 -1.15166545 -31.5835114
v -2.02868843 -1.16293609 -31.5110283
v -1.83593607 -1.13731849 -31.5440559
v -1.28522062 -0.997785866 -31.5169506
v -1.18295765 -0.954621196 -31.5148392
v -0.795029581 0.633812666 -32.1597137
v -0.753441274 0.588334382 -32.1013565
v -0.761236608 -0.603241026 -31.5363655
v -0.706194103 -0.512931049 -31.5808144
v -0.668322265 -0.435518026 -31.5111332
v -0.63189739 -0.34932372 -31.5533962
v -0.6790272 0.20528695 -31.4279766
v -0.688128829 0.168710992 -31.3256855
v -0.727272093 0.263487786 -31.3682766
v -0.930403888 0.547636926 -31.4530773
v -0.85974437 0.500935376 -31.5011139
v -0.80742985 0.419178724 -31.4495201
v -1.0714817 0.661318839 -31.4685078
v -0.983484209 0.614469171 -31.5157719
v -1.16258085 0.708025753 -31.4415283
v -1.25685751 0.742560506 -31.3938808
v -1.35671246 0.797519505 -31.4413948
v -1.56739724 0.849578559 -31.3876743
v -1.47717595 0.836940348 -31.4381847
v -1.83179998 0.911979735 -31.4239178
v -1.73257518 0.902175307 -31.4629879
v -2.00618315 0.939686239 -31.4298553
v -1.93059874 0.931344986 -31.4451122
v -2.10154438 0.950643599 -31.4195652
v -2.20209742 0.960339069 -31.4107285
v -2.30742884 0.967203677 -31.3934059
v -2.40387917 0.970541358 -31.3824387
v -2.60915184 0.962985456 -31.3715172
v -2.51757169 0.968859196 -31.3828945
v -2.79111266 0.937677264 -31.3420372
v -2.7101686 0.951830864 -31.3525238
v -2.89456391 0.877987862 -31.4744434
v -2.84203196 0.910393834 -31.4143181
v -3.03144717 0.804758132 -31.5155144
v -2.98187995 0.848096848 -31.4547691
v -3.15743399 0.717145383 -31.5438194
v -3.11363125 0.76950407 -31.4834576
v -3.27479625 0.60744971 -31.5711842
v -3.23877692 0.669682205 -31.5086193
v -3.36505365 0.490188569 -31.5974693
v -3.33756852 0.558710754 -31.5369587
v -3.47928143 0.360086441 -31.5100899
v -3.48899913 0.29212296 -31.5651722
v -3.42441034 0.428069353 -31.5554733
v -3.52576303 0.223097041 -31.5307808
v -3.52553868 0.151834249 -31.5966568
v -3.55522251 0.08009395 -31.5471249
v -3.5522809 0.00209384412 -31.5996227
v -3.56770277 -0.0775196403 -31.5574226
v -3.55493927 -0.13770023 -31.6150055
v -3.55762315 -0.226827145 -31.5726662
v -3.53677392 -0.288043112 -31.6361275
v -3.5299201 -0.367690146 -31.5825996
v -3.49896955 -0.436703712 -31.6464539
v -3.48092699 -0.511884451 -31.5930786
v -3.44487667 -0.574381232 -31.6445293
v -3.41772795 -0.64334929 -31.5917301
v -3.37578058 -0.697740734 -31.6473541
v -3.33229756 -0.77008456 -31.6022739
v -3.28042865 -0.823836803 -31.6485233
v -3.2361083 -0.878341734 -31.60145
v -3.17632341 -0.92506367 -31.6490307
v -3.12272406 -0.973023891 -31.5886669
v -3.05343914 -1.0121305 -31.6378365
v -2.99297786 -1.04817367 -31.5798683
v -2.92224622 -1.07633269 -31.6220016
v -2.85513973 -1.10236394 -31.5620346
v -2.77997375 -1.12283039 -31.5996132
v -2.700387 -1.14111519 -31.5608978
v -2.55273342 -1.16298985 -31.6638813
v -2.6264236 -1.15240812 -31.7101746
v -2.46038842 -1.17102826 -31.7061176
v -2.36519384 -1.17529428 -31.719923
v -2.30734539 -1.17613554 -31.6551456
v -2.23053646 -1.17494237 -31.6918602
v -2.10988283 -1.16885269 -31.5686779
v -2.07961226 -1.16602027 -31.664093
v -2.03023219 -1.16187596 -31.60392
v -1.98001516 -1.1546061 -31.6978016
v -2.06278038 -1.16338718 -31.7489967
v -1.86819446 -1.13859427 -31.6679344
v -1.62451518 -1.08726072 -31.6650257
v -1.51745069 -1.05378044 -31.7233734
v -0.836555123 -0.70154053 -31.5256081
v -0.67717272 0.529943764 -32.1350365
v -0.639203191 0.473045379 -32.0757446
v -0.555118024 0.41756016 -32.1994362
v -0.605354965 -0.130638674 -31.4529705
v -0.58674866 -0.155834079 -31.5488071
v -0.61366111 -0.224801034 -31.4573021
v -0.503747821 0.286673874 -32.0945892
v -0.528455079 0.356011331 -32.1424599
v -0.460631043 0.134120896 -32.0749969
v -0.462410957 0.209975302 -32.1337624
v -0.443426788 0.0488860831 -32.1213112
v -0.458285391 -0.0364434347 -32.0879135
v -0.463655293 -0.113695852 -32.149971
v -0.499207258 -0.195627213 -32.1030922
v -0.53433603 -0.318843126 -32.2939224
v -0.536954463 -0.322858989 -32.2923546
v -0.579794407 -0.383690655 -32.2514496
v -0.53485924 -0.319736838 -32.2935791
v -0.544723809 -0.318740785 -32.2048645
v -0.588544846 -0.397451401 -32.2630043
v -0.624599695 -0.445849121 -32.2437592
v -0.628472447 -0.447029442 -32.2093353
v -0.645256877 -0.470690817 -32.2337189
v -1.97429323 0.948291898 -31.5210266
v -1.88712096 0.937165141 -31.5210266
v -2.14049029 0.964446306 -31.5265999
v -2.05270624 0.954202056 -31.4975872
v -2.25707865 0.969021201 -31.509037
v -2.45731044 0.966401637 -31.4858837
v -2.35963011 0.969697058 -31.4913673
v -2.66181135 0.94544071 -31.4551716
v -2.56084371 0.957772553 -31.4772148
v -2.75903082 0.928160608 -31.4362125
v -2.86737967 0.863884091 -31.5732193
v -2.81146383 0.898031771 -31.5109024
v -3.0014019 0.792013228 -31.6082554
v -2.94574332 0.837221861 -31.5471573
v -3.07829714 0.75820744 -31.5744858
v -3.12031674 0.704640031 -31.6478462
v -3.23411226 0.602675915 -31.6672306
v -3.20019889 0.656263888 -31.6126213
v -3.29973984 0.550196052 -31.6343822
v -3.32696176 0.49034363 -31.6873627
v -3.4383719 0.362394512 -31.6137142
v -3.45145273 0.287873447 -31.6790638
v -3.38358498 0.426881075 -31.6585045
v -3.49296999 0.220418349 -31.6343422
v -3.49241161 0.158143476 -31.7023544
v -3.52461624 0.0830228105 -31.6560478
v -3.52392364 0.00941906683 -31.7079849
v -3.54112482 -0.0691184551 -31.6703129
v -3.5316062 -0.143315837 -31.7211094
v -3.53708291 -0.211517081 -31.6818066
v -3.51655674 -0.286991864 -31.7403259
v -3.51283765 -0.359605104 -31.687294
v -3.48446035 -0.422263294 -31.750618
v -3.46637917 -0.503113806 -31.6981945
v -3.43013525 -0.565500975 -31.7528439
v -3.40569353 -0.634222567 -31.6943531
v -3.36041284 -0.693572938 -31.7516327
v -3.32072306 -0.762468934 -31.7057209
v -3.26954818 -0.816378295 -31.7485065
v -3.22413278 -0.874292433 -31.6979008
v -3.16565251 -0.919348776 -31.7492466
v -3.11151838 -0.968449354 -31.6983967
v -3.04606795 -1.0063374 -31.7402897
v -2.9853971 -1.04453635 -31.6837711
v -2.91526628 -1.07324946 -31.7203884
v -2.84496617 -1.10206604 -31.6628361
v -2.77311587 -1.12150276 -31.7060146
v -2.70413637 -1.13914084 -31.6619129
v -2.53835154 -1.16349494 -31.7532101
v -2.61421037 -1.15190351 -31.8025646
v -2.47329688 -1.16866302 -31.8049355
v -2.40486288 -1.17331672 -31.7813263
v -2.33809495 -1.17488682 -31.808382
v -2.28632855 -1.1757431 -31.7447472
v -2.20681095 -1.17345726 -31.7727737
v -2.14968824 -1.17099154 -31.7102757
v -1.17735922 -0.930033386 -31.658989
v -1.25021052 -0.956954241 -31.7227936
v -1.26829159 -0.978555441 -31.6030846
v -0.905514956 -0.772029161 -31.5207977
v -0.812085688 -0.658474028 -31.6335106
v -0.746770144 -0.573973954 -31.6626339
v -0.656630576 -0.42109552 -31.6167526
v -0.606227934 -0.3170214 -31.677002
v -0.592661381 -0.0506632477 -31.5072803
v -0.615047038 0.0338334553 -31.4586067
v -0.582035661 0.0417401902 -31.5715618
v -0.622517109 0.141860202 -31.5176182
v -0.652268767 0.102080666 -31.384943
v -0.708268166 0.287894428 -31.4651775
v -0.656404674 0.243458822 -31.5385113
v -0.748539686 0.371692389 -31.5019875
v -0.694047272 0.320174098 -31.5530167
v -0.78663975 0.44906345 -31.5628967
v -0.912231386 0.57118392 -31.5581303
v -1.23877716 0.767347574 -31.5151501
v -1.12876332 0.719420493 -31.5473423
v -1.48148227 0.864292741 -31.5548439
v -1.40586913 0.833505511 -31.5179653
v -1.78001487 0.925598025 -31.5471134
v -2.0395751 0.961899757 -31.5829716
v -1.94393468 0.955857754 -31.6097584
v -2.32115698 0.970247388 -31.5947609
v -2.2201848 0.971945405 -31.6103592
v -2.51194811 0.955570519 -31.5731678
v -2.41917992 0.964897931 -31.5813808
v -2.6137042 0.939072073 -31.5705891
v -2.71764183 0.918742478 -31.5455399
v -2.84165621 0.85241586 -31.6733856
v -2.78085518 0.887029529 -31.6154461
v -2.96859813 0.782053471 -31.7101917
v -2.92185783 0.823818505 -31.6406574
v -3.08918333 0.696741223 -31.7387447
v -3.04506564 0.747751951 -31.6706905
v -3.19882298 0.597619295 -31.7622395
v -3.16078663 0.651682019 -31.7081566
v -3.29554439 0.484160513 -31.77981
v -3.26221657 0.546806633 -31.7288055
v -3.40500283 0.359858096 -31.7090626
v -3.41827416 0.292860031 -31.7720432
v -3.34827566 0.424408555 -31.7555275
v -3.4591763 0.222661823 -31.7390347
v -3.46259761 0.162968263 -31.7993526
v -3.49825907 0.085751608 -31.7501831
v -3.49822617 0.00906438008 -31.809433
v -3.51783323 -0.0626588091 -31.7666855
v -3.50839686 -0.135689095 -31.8243484
v -3.51566243 -0.212248906 -31.7835178
v -3.49717021 -0.281233311 -31.8393688
v -3.49380541 -0.354306787 -31.7926216
v -3.46457815 -0.422404319 -31.8538017
v -3.44910693 -0.499018878 -31.8014698
v -3.41463375 -0.555720747 -31.8600063
v -3.38964272 -0.6281991 -31.8027325
v -3.34843755 -0.684029698 -31.8493748
v -3.31397223 -0.749072611 -31.7987862
v -3.25658083 -0.807662427 -31.8580666
v -3.2099793 -0.869700432 -31.8015652
v -3.15202403 -0.915120184 -31.8473511
v -3.10069156 -0.963884115 -31.7931576
v -3.03759503 -0.999400258 -31.8445091
v -2.97271585 -1.04213214 -31.7837162
v -2.90129352 -1.07144749 -31.8205013
v -2.84286427 -1.09720135 -31.7688141
v -2.76422501 -1.11908746 -31.8096943
v -2.69667816 -1.13780844 -31.7620449
v -2.54103398 -1.16051662 -31.853302
v -2.60842061 -1.15084755 -31.8514175
v -2.46718287 -1.16775644 -31.8565102
v -2.53696775 -1.16100001 -31.8534508
v -2.40329885 -1.17176306 -31.860054
v -2.39762378 -1.1722157 -31.8565273
v -2.3272438 -1.17392027 -31.86516
v -2.3866148 -1.17241061 -31.8611145
v -2.30192304 -1.17386699 -31.8671246
v -2.26622653 -1.17442644 -31.832283
v -2.18937945 -1.17140365 -31.8592358
v -2.12553596 -1.16813314 -31.8092537
v -2.05161595 -1.16075599 -31.8389187
v -1.9967761 -1.15506923 -31.7912617
v -1.90988982 -1.14239025 -31.7879181
v -1.97436702 -1.15052569 -31.8661404
v -1.80759001 -1.12390459 -31.7795849
v -1.69697738 -1.09942532 -31.7771473
v -1.74669588 -1.11497021 -31.6802006
v -1.59014988 -1.0706588 -31.7925243
v -1.49318743 -1.03905296 -31.834137
v -1.43522143 -1.0337311 -31.6557693
v -1.34765744 -1.00020933 -31.6867142
v -1.35050297 -1.01406729 -31.5719852
v -1.17436421 -0.916579962 -31.7684994
v -1.01863408 -0.838129401 -31.656332
v -1.10238135 -0.88366282 -31.7120438
v -1.09612334 -0.895193517 -31.5977058
v -0.610521793 -0.273611099 -31.5402145
v -1.39274204 0.85170424 -31.6279793
v -1.34089875 0.815793514 -31.5403328
v -1.28601205 0.810824215 -31.6168118
v -1.62473071 0.916244864 -31.6591225
v -1.57016349 0.892519295 -31.585413
v -1.50509059 0.891692817 -31.672493
v -1.73695052 0.933430851 -31.6421108
v -1.84629834 0.946222484 -31.6225891
v -2.00992942 0.970826685 -31.7032967
v -2.12636733 0.972082555 -31.648056
v -2.47432566 0.955258191 -31.6573982
v -2.38280034 0.96550858 -31.6716938
v -2.54894328 0.943972528 -31.644249
v -2.60330224 0.928454757 -31.6862736
v -2.68839669 0.911716878 -31.6415596
v -2.66898918 0.904108644 -31.7426682
v -2.75335455 0.880015016 -31.711895
v -2.80981231 0.84596318 -31.7810726
v -2.93952012 0.773473084 -31.8157749
v -2.89268613 0.814536631 -31.7425766
v -3.05577135 0.68851155 -31.8503647
v -3.01417732 0.737735271 -31.7746372
v -3.16680741 0.592058599 -31.8610802
v -3.12748528 0.64604187 -31.8038979
v -3.31619191 0.420235455 -31.85495
v -3.22785282 0.541239083 -31.8311005
v -3.3718648 0.355354279 -31.8118706
v -3.3843503 0.290240973 -31.8836517
v -3.42753458 0.223179176 -31.8424225
v -3.43413424 0.163748145 -31.898737
v -3.46813869 0.0899714679 -31.8576775
v -3.47255921 0.0158125125 -31.9060364
v -3.49235201 -0.0623230487 -31.8729839
v -3.48518872 -0.123033687 -31.9234943
v -3.49415946 -0.208199531 -31.8839149
v -3.47544432 -0.277789831 -31.9438152
v -3.47398376 -0.351343364 -31.8940983
v -3.4476614 -0.412024528 -31.9517632
v -3.43405652 -0.485381842 -31.9052391
v -3.3988924 -0.551595092 -31.9492893
v -3.3733325 -0.621683896 -31.9069195
v -3.33005238 -0.680553555 -31.9544754
v -3.29615879 -0.74589473 -31.9043446
v -3.24596286 -0.805656314 -31.9199467
v -3.26772928 -0.775939286 -31.9283886
v -3.20359206 -0.854934692 -31.9064274
v -3.19757819 -0.863114059 -31.8991203
v -3.14730763 -0.911404014 -31.8915291
v -3.1925354 -0.867079377 -31.9031429
v -3.10262036 -0.948788047 -31.8822365
v -3.03187108 -0.999550879 -31.8703918
v -3.07110238 -0.972365022 -31.8766327
v -2.99908042 -1.0186727 -31.8664017
v -2.89771724 -1.06962419 -31.8568439
v -2.94326949 -1.04801726 -31.8607006
v -2.85457468 -1.08650029 -31.854414
v -2.75892854 -1.11799133 -31.8510418
v -2.80659723 -1.10311854 -31.8524418
v -2.70035672 -1.13284039 -31.8504848
v -2.68020129 -1.13724446 -31.8505344
v -2.18666577 -1.17088163 -31.8769932
v -2.20559645 -1.17166626 -31.8752708
v -2.13858914 -1.16759002 -31.8818054
v -2.04687762 -1.15916872 -31.891716
v -2.10582161 -1.16508794 -31.8851738
v -2.0135746 -1.15490341 -31.8957272
v -1.84550345 -1.12922955 -31.8524609
v -1.90085518 -1.1382854 -31.8947811
v -1.7583307 -1.10986423 -31.8854809
v -1.42618096 -1.02188993 -31.7596264
v -1.32613087 -0.981524885 -31.8031292
v -1.24382997 -0.944767237 -31.8267002
v -1.02604234 -0.827919185 -31.7981415
v -0.645823359 -0.411254048 -31.7033787
v -0.658753753 0.302397996 -31.621666
v -0.842510402 0.52597028 -31.6098557
v -0.961453855 0.63045907 -31.6218987
v -1.04114807 0.675959229 -31.5844746
v -0.898721576 0.586892307 -31.6423302
v -1.18779325 0.769536555 -31.6278172
v -1.32637823 0.843372047 -31.7089729
v -1.39896405 0.873444498 -31.7449875
v -1.90895641 0.963419974 -31.7083321
v -1.94905436 0.974362969 -31.7873344
v -2.19854093 0.975976229 -31.7152958
v -2.29561949 0.97194922 -31.6967297
v -2.11185694 0.978691757 -31.762455
v -2.44115496 0.956371486 -31.7385006
v -2.52504611 0.942416191 -31.7241821
v -2.41250873 0.958030641 -31.8442345
v -2.36054325 0.966367006 -31.7690086
v -2.64389682 0.901265144 -31.8445339
v -2.58249307 0.924378693 -31.7875118
v -2.72479558 0.876828074 -31.8070431
v -2.78309011 0.841899872 -31.8864422
v -2.91732812 0.767086029 -31.9119663
v -2.86660743 0.807264566 -31.8471394
v -3.03083634 0.684066832 -31.9418774
v -2.98630548 0.729415596 -31.8826809
v -3.13361692 0.58689189 -31.9779053
v -3.09789848 0.641526043 -31.8995724
v -3.25942183 0.47813642 -31.8959465
v -3.28446698 0.420259595 -31.9535484
v -3.19633532 0.538091242 -31.9306793
v -3.33974552 0.352038801 -31.9179192
v -3.35390043 0.296150386 -31.9761486
v -3.39478564 0.230946645 -31.9435196
v -3.40577221 0.168963999 -31.995409
v -3.44166875 0.0892016739 -31.9584637
v -3.44517422 0.0226942915 -32.0094299
v -3.46892619 -0.0560827479 -31.96731
v -3.46067762 -0.122134104 -32.0282974
v -3.47193384 -0.192142919 -31.9859047
v -3.45441866 -0.260476559 -32.0474129
v -3.45517516 -0.335754544 -31.9974632
v -3.43000126 -0.406502962 -32.0416756
v -3.43239141 -0.391125023 -32.0467262
v -3.42068362 -0.446250856 -32.028862
v -3.41587687 -0.479928434 -32.0036469
v -3.39116144 -0.546480179 -31.9970131
v -3.40936446 -0.490882456 -32.0145378
v -3.37610412 -0.584017456 -31.9853916
v -3.32982254 -0.680359781 -31.9561539
v -3.3313911 -0.677232921 -31.957098
v -3.32895255 -0.6818223 -31.9557228
v -1.89934254 -1.13761604 -31.9103851
v -1.91549766 -1.14030707 -31.9082279
v -1.86321294 -1.1306802 -31.9155197
v -1.7667191 -1.11041009 -31.9298325
v -1.81710756 -1.12144482 -31.922205
v -1.72148025 -1.09926736 -31.9370995
v -1.68725359 -1.09062994 -31.9426689
v -1.65437508 -1.08422446 -31.8814812
v -1.55859053 -1.05602133 -31.9010925
v -1.16416359 -0.903736174 -31.8580856
v -1.10665357 -0.876889169 -31.8052158
v -0.714271367 0.386024833 -31.62183
v -0.776570737 0.481044143 -31.6702652
v -1.58398962 0.924742281 -31.7764893
v -1.47625315 0.903016925 -31.799057
v -1.69154525 0.944066226 -31.7756348
v -1.80721366 0.954036772 -31.7236214
v -1.87009382 0.970413625 -31.8119965
v -2.02095485 0.981140673 -31.8261337
v -2.17460585 0.980888069 -31.8221245
v -2.26654601 0.975383043 -31.80336
v -2.09926772 0.983602107 -31.8470783
v -2.32976818 0.970023513 -31.874052
v -2.30122399 0.975492716 -31.9794731
v -2.23736882 0.979899108 -31.8921776
v -2.49952769 0.942247987 -31.8182335
v -2.39033628 0.961037457 -31.9487076
v -2.62263107 0.900196731 -31.9498825
v -2.55808449 0.924389243 -31.8834476
v -2.75980473 0.841932893 -31.9766083
v -2.70394778 0.872845471 -31.9123173
v -2.88421178 0.770325065 -32.0141029
v -2.8370285 0.807923079 -31.9392052
v -3.00169826 0.684794724 -32.0430565
v -2.96035719 0.726413071 -31.9819756
v -3.11032772 0.585365355 -32.0669518
v -3.07247972 0.635228813 -32.0054855
v -3.22828937 0.479044527 -31.9924641
v -3.25603533 0.421065778 -32.0491867
v -3.17080808 0.534298122 -32.0263939
v -3.30814815 0.355171472 -32.0184555
v -3.32539654 0.297283322 -32.0772667
v -3.36762309 0.23522228 -32.0346947
v -3.37912226 0.170185506 -32.0954208
v -3.41669774 0.0931127593 -32.0509109
v -3.41909361 0.0241385475 -32.1135025
v -3.44214702 -0.0419417173 -32.0700111
v -3.43562078 -0.109461024 -32.1305618
v -3.44879127 -0.190700352 -32.0870705
v -3.44466496 -0.257626623 -32.0912247
v -3.44328094 -0.211032867 -32.1071892
v -3.44261122 -0.298837781 -32.0773544
v -1.53429186 -1.04541492 -31.9698067
v -1.60238349 -1.06662667 -31.9573574
v -1.51170635 -1.03800321 -31.9740639
v -1.48205507 -1.03063798 -31.9220257
v -1.42310238 -1.00678301 -31.991497
v -1.43051887 -1.00941145 -31.9900322
v -1.40805495 -1.00753796 -31.8756313
v -1.30693889 -0.9672544 -31.8944492
v -1.0828073 -0.856557369 -31.8889236
v -1.00476146 -0.805113852 -31.9163837
v -0.858470142 -0.69512701 -31.7997169
v -0.79580909 -0.632683516 -31.745224
v -0.807865679 -0.64274919 -31.8543949
v -0.758181155 -0.587279558 -31.8300476
v -0.726734042 -0.546189964 -31.7545605
v -0.704119563 -0.519224763 -31.8642979
v -0.568169296 -0.225980952 -31.7291718
v -0.582107067 -0.287956417 -31.7791328
v -0.538447976 -0.0571618862 -31.7250328
v -0.540763795 -0.141561329 -31.7665215
v -0.560673773 -0.140618443 -31.6646709
v -0.709760964 0.429327309 -31.7335205
v -0.659296393 0.349402845 -31.7077274
v -0.841475785 0.560578883 -31.7180862
v -0.930480957 0.635996103 -31.728117
v -1.02170253 0.689792454 -31.6890888
v -1.00205469 0.697582841 -31.7796078
v -1.1487509 0.782274783 -31.7911491
v -0.501818299 -0.0560674444 -31.8912487
v -0.505859911 -0.137083918 -31.9487572
v -0.524871707 -0.150033817 -31.8615189
v -1.40394437 0.891278923 -31.8611946
v -1.32102346 0.85593313 -31.7996674
v -0.765019894 -0.596387923 -31.9302769
v -0.707256377 -0.529828191 -31.9867344
v -1.78815007 0.963908195 -31.8324699
v -1.77473724 0.971612513 -31.9250813
v -1.71360564 0.958859384 -31.8769302
v -1.93465352 0.980820358 -31.8721294
v -1.85514915 0.977170706 -31.8972054
v -1.98764563 0.987435102 -31.9251156
v -2.14376593 0.986371279 -31.9154339
v -2.10399938 0.992812991 -32.0062943
v -2.06075048 0.98848325 -31.9242649
v -2.23771071 0.985673904 -32.050148
v -2.2001245 0.986331582 -31.9836731
v -2.47124267 0.944947362 -31.9161053
v -2.37338042 0.965054989 -32.0433502
v -2.60736156 0.900588632 -32.0451927
v -2.54027033 0.92522645 -31.9767246
v -2.73550439 0.844703555 -32.0759544
v -2.68228531 0.873148441 -32.0133972
v -2.80997992 0.808674216 -32.0504532
v -2.86071801 0.772295833 -32.1129341
v -2.97761989 0.686543941 -32.1411285
v -2.92890191 0.732367992 -32.0756607
v -3.08059692 0.592555285 -32.1620636
v -3.04105783 0.641052365 -32.1025009
v -3.20090842 0.477382332 -32.0962372
v -3.22813797 0.421045721 -32.157753
v -3.14032173 0.539642453 -32.1247482
v -3.27775288 0.362293512 -32.1150894
v -3.29766989 0.302724242 -32.1751556
v -3.33945155 0.236799851 -32.1403694
v -3.35282421 0.172282979 -32.1981468
v -3.39857459 0.0298348125 -32.1926117
v -3.39177132 0.0487968549 -32.1995888
v -3.3879025 0.0987215638 -32.1594162
v -3.41660762 -0.0328996107 -32.1698723
v -3.43272996 -0.109283425 -32.1426353
v -3.41689563 -0.0342216603 -32.1693993
v -3.43414283 -0.120264672 -32.1387863
v -1.35098255 -0.980973482 -31.9616623
v -1.2195791 -0.92665112 -31.9208431
v -1.20205235 -0.913033545 -32.0153389
v -1.27721357 -0.949184895 -31.9850883
v -0.86106354 -0.693107963 -31.9120655
v -0.604427636 -0.365048975 -31.8959312
v -0.616212964 -0.369584203 -31.8005543
v -0.574150026 -0.294747621 -31.8626175
v -0.553117692 -0.222408906 -31.8172779
v -0.521996081 -0.0779110566 -31.8084908
v -0.533788979 0.11516092 -31.786171
v -0.54264617 0.189432383 -31.8238926
v -0.55093509 0.0540853366 -31.6878891
v -0.578884959 0.248649403 -31.7819843
v -0.611567616 0.312972665 -31.7849712
v -0.61030072 0.265996158 -31.7086163
v -0.567206442 0.274359167 -31.8609772
v -0.654977024 0.392952412 -31.8146667
v -0.68587935 0.457660913 -31.881834
v -0.710868001 0.458875567 -31.8065262
v -0.747164845 0.511782646 -31.8475933
v -0.877045751 0.610251963 -31.7876415
v -1.23271072 0.808890224 -31.723381
v -1.07499886 0.752931774 -31.8413467
v -1.52233768 0.925048232 -31.8870087
v -1.44839895 0.914399683 -31.9541721
v -1.63557923 0.946460783 -31.8762512
v -1.68577456 0.962138534 -31.9493828
v -1.59440863 0.948834181 -31.9714661
v -1.75785148 0.978518486 -32.0231743
v -1.83910942 0.984824598 -31.9995785
v -1.91686821 0.987012744 -31.9593506
v -1.90504837 0.99505949 -32.0696297
v -2.00463057 0.994075775 -32.0127525
v -2.21905971 0.991666079 -32.1320114
v -2.16062546 0.993659914 -32.0723572
v -2.45105338 0.948158562 -32.0143204
v -2.29629588 0.979548395 -32.0876389
v -2.36019206 0.970693111 -32.1491051
v -2.58722496 0.905693173 -32.1352692
v -2.52671742 0.926878512 -32.0732269
v -2.71879363 0.847795367 -32.1682549
v -2.66436768 0.87529099 -32.1086845
v -2.78658986 0.813321531 -32.1425247
v -2.8434782 0.775160789 -32.204155
v -2.95770335 0.690844476 -32.2285118
v -2.90726662 0.734797239 -32.1730537
v -3.06002927 0.59408468 -32.2653122
v -3.02044392 0.642630637 -32.1930199
v -3.17536497 0.481309116 -32.1901283
v -3.20484018 0.42549184 -32.2488289
v -3.11602473 0.542921066 -32.2225227
v -3.24982381 0.368725657 -32.2141838
v -3.27144098 0.308847666 -32.276104
v -3.34133697 0.173260033 -32.2458267
v -3.31852603 0.21701628 -32.2624702
v -3.31302881 0.242524952 -32.2385597
v -3.35956454 0.131250888 -32.2301254
v -1.34414387 -0.976045132 -32.0080261
v -1.30947673 -0.961254835 -32.0157204
v -1.19605732 -0.908950865 -32.0422363
v -1.22041035 -0.92068851 -32.0363693
v -1.13772988 -0.883349955 -31.9541206
v -0.99431175 -0.793319404 -32.024086
v -1.06986606 -0.843373299 -31.9823246
v -0.668267608 -0.474394679 -31.9389973
v -0.647027135 -0.435500205 -31.8734112
v -0.622392178 -0.406863034 -31.9626102
v -0.509978831 0.121847734 -31.878149
v -0.604042232 0.341596901 -31.8642883
v -0.810752094 0.563650787 -31.8210297
v -0.764293015 0.502274275 -31.7659969
v -0.929346263 0.660616398 -31.8337917
v -0.86028254 0.619927526 -31.878027
v -0.98795718 0.709826708 -31.8843231
v -0.919899166 0.673877537 -31.9258862
v -1.14648962 0.796855569 -31.8870277
v -1.22257805 0.824143648 -31.8417912
v -1.36863196 0.893546402 -31.9702549
v -1.3040452 0.864581883 -31.9052563
v -1.4203943 0.9160586 -32.0421104
v -1.57551873 0.954528332 -32.0702629
v -1.50530231 0.933098614 -32.0002365
v -1.73076153 0.983409762 -32.1190262
v -1.66667807 0.968294799 -32.0470619
v -1.87227273 1.00000751 -32.1560097
v -1.81714082 0.990139008 -32.0860634
v -1.97239339 1.0036869 -32.1500435
v -2.07471156 0.999394357 -32.0974045
v -2.06308341 1.00691211 -32.1979904
v -2.1426549 1.00007474 -32.158165
v -2.1970396 0.999847174 -32.2237129
v -2.43522263 0.952593505 -32.1062889
v -2.34454751 0.978705645 -32.2476311
v -2.27853656 0.986572027 -32.1816101
v -2.50276661 0.935006917 -32.1766701
v -2.64219904 0.883000076 -32.2119255
v -2.77031875 0.81809622 -32.2333145
v -2.89042616 0.739168882 -32.2640495
v -3.0036211 0.64432025 -32.2941093
v -3.09725285 0.545503616 -32.3200493
v -3.18487811 0.428072572 -32.3445778
v -3.18108153 0.432681829 -32.3464355
v -3.15461898 0.48246637 -32.289299
v -3.22840595 0.370586962 -32.3097458
v -3.22620606 0.370523959 -32.3218155
v -3.19970894 0.40738678 -32.3363953
v -3.30392647 0.245451123 -32.2732735
v -1.13506651 -0.876734793 -32.057888
v -1.12437022 -0.871548593 -32.0477943
v -0.987122416 -0.786425173 -32.0999908
v -1.05256844 -0.82891655 -32.0804977
v -0.937734962 -0.755015731 -31.958744
v -0.877779543 -0.705525041 -32.0011749
v -0.865244389 -0.694245577 -32.0770111
v -0.93153286 -0.747710228 -32.0487862
v -0.934887409 -0.757728517 -31.8575687
v -0.757945418 -0.590988517 -32.0375443
v -0.820432544 -0.654084146 -31.9948711
v -0.569168866 -0.316697448 -31.9871864
v -0.480756372 -0.0512521267 -31.9890842
v -0.521526515 0.216315135 -31.9294128
v -0.627897263 0.398549199 -31.9136105
v -0.790335476 0.571121395 -31.9135056
v -1.05988193 0.760969996 -31.9364662
v -1.21497214 0.836219788 -31.9510059
v -1.28407288 0.87037015 -32.0116615
v -1.48916757 0.939050198 -32.1024628
v -1.34062684 0.895555973 -32.070282
v -1.640504 0.972637475 -32.1465569
v -1.7888186 0.995179534 -32.1823387
v -1.918818 1.00819683 -32.227253
v -2.12559104 1.00862992 -32.2584877
v -1.99224627 1.01229763 -32.2563133
v -2.26144028 0.995613813 -32.2792358
v -2.42022347 0.959420502 -32.2085915
v -2.41163707 0.967244148 -32.3133087
v -2.48819208 0.942787886 -32.2732887
v -2.56916904 0.913282454 -32.2376099
v -2.62902188 0.889911413 -32.2986526
v -2.69717526 0.857004046 -32.2676849
v -2.75294447 0.826808929 -32.3295212
v -2.82496381 0.782889307 -32.2925606
v -2.87439871 0.746471047 -32.3607941
v -2.94124413 0.695661724 -32.3274193
v -2.9847796 0.653378308 -32.3862495
v -3.08732724 0.546206057 -32.3922806
v -3.0697577 0.564144015 -32.3997345
v -3.0403707 0.601824284 -32.3568344
v -3.13365674 0.492394596 -32.3704033
v -3.23099375 0.363017321 -32.3188896
v -1.05466664 -0.830166757 -32.0799141
v -1.12301052 -0.870338798 -32.0609894
v -0.97438401 -0.777190983 -32.1041107
v -0.859665751 -0.689796567 -32.1426697
v -0.904664874 -0.725581884 -32.1270332
v -0.742112935 -0.578124642 -32.1430931
v -0.808092356 -0.643371403 -32.1114655
v -0.697136879 -0.523130059 -32.076107
v -0.653003693 -0.460997045 -32.0260887
v -0.487064183 -0.129581869 -32.0428276
v -0.565931141 0.324900091 -31.9541473
v -0.727250397 0.521074831 -31.9408665
v -0.846815169 0.630724251 -31.9680824
v -0.979976892 0.721824288 -31.9744968
v -1.04995418 0.77112478 -32.0357857
v -0.908157647 0.688637495 -32.0399628
v -1.12725902 0.803671122 -31.9947109
v -1.19673669 0.840867162 -32.0462646
v -1.11864519 0.811969936 -32.088295
v -1.26889825 0.874942958 -32.1050491
v -1.39386046 0.917899132 -32.1405716
v -1.45851493 0.940036952 -32.2044945
v -1.32377541 0.89805907 -32.1539803
v -1.5463779 0.957611263 -32.1758308
v -1.61539614 0.976136148 -32.248024
v -1.69816494 0.986690998 -32.2142601
v -1.76363122 1.00013387 -32.2817078
v -1.84543967 1.00554633 -32.2500458
v -1.92009354 1.01473641 -32.3087997
v -2.05765414 1.01411331 -32.2874565
v -2.10070896 1.01704037 -32.3429756
v -2.1849339 1.00758231 -32.3083649
v -2.24064875 1.0068742 -32.3795662
v -2.32869601 0.988647044 -32.3429718
v -2.3945353 0.978830159 -32.4058533
v -2.47287893 0.95353514 -32.3724289
v -2.5471437 0.925419807 -32.339077
v -2.60984468 0.902927697 -32.4012909
v -2.6785996 0.86810106 -32.3640213
v -2.74015689 0.836383462 -32.4246101
v -2.80294585 0.796203613 -32.3875313
v -2.86057353 0.756152153 -32.4518127
v -2.97744584 0.657690346 -32.4386673
v -2.9511168 0.680580556 -32.4484825
v -2.92815828 0.702286363 -32.4150162
v -3.00922585 0.626300633 -32.4255409
v -0.840059876 -0.672308087 -32.1501274
v -0.734121501 -0.572207689 -32.192337
v -0.770778239 -0.608169436 -32.1772804
v -0.602989852 -0.389777035 -32.0581627
v -0.646369219 -0.460895807 -32.1141243
v -0.559929729 -0.324321121 -32.102932
v -0.532067299 -0.261790007 -32.0705605
v -0.517430723 -0.208807111 -32.0178108
v -0.463917166 0.0416943952 -32.0323067
v -0.48862502 0.0359206609 -31.9273148
v -0.485064298 0.130880311 -31.9782734
v -0.487986147 0.204382539 -32.033844
v -0.52193135 0.278123438 -32.0178375
v -0.551243007 0.350028008 -32.0533295
v -0.604432106 0.409770072 -32.0166283
v -0.66118443 0.462854594 -31.9748077
v -0.70411247 0.528176546 -32.0397034
v -0.775586128 0.582487524 -32.0039902
v -0.824385703 0.634035528 -32.0589256
v -0.979948342 0.738783658 -32.0756721
v -1.04701877 0.781731606 -32.1223793
v -0.92799449 0.715950489 -32.124279
v -1.1870687 0.849610865 -32.1611366
v -1.26765633 0.88289398 -32.1941147
v -1.35349798 0.913795948 -32.2337341
v -1.43179977 0.940863967 -32.3102341
v -1.52392161 0.959796786 -32.2694778
v -1.59266794 0.978357852 -32.339859
v -1.68185782 0.991873741 -32.3169861
v -1.750368 1.00574565 -32.3790855
v -1.83729529 1.01247811 -32.347477
v -1.90644968 1.02325833 -32.4204788
v -2.00101757 1.02169919 -32.3690186
v -2.08052468 1.02630103 -32.4343987
v -2.16059971 1.0189538 -32.4106216
v -2.23051548 1.01699734 -32.4685974
v -2.30604243 1.00095129 -32.4314194
v -2.36355376 0.995409131 -32.4950409
v -2.45706344 0.968599558 -32.4856949
v -2.5342586 0.936940968 -32.4363594
v -2.60573888 0.912125945 -32.4972878
v -2.66966295 0.877431452 -32.4567184
v -2.72913051 0.84796387 -32.5116005
v -2.85698938 0.759881735 -32.4827042
v -2.81414557 0.791024625 -32.4965935
v -2.79814792 0.801713705 -32.476944
v -2.88285351 0.738344312 -32.4733849
v -0.703434408 -0.538246751 -32.2062531
v -0.681550503 -0.511351705 -32.1744652
v -0.675140202 -0.507360041 -32.2189407
v -0.591610909 -0.38735339 -32.1588287
v -0.516920447 -0.254937351 -32.1594505
v -0.580381572 0.415222913 -32.1094284
v -1.98787987 1.03144407 -32.4788475
v -2.59805346 0.922206461 -32.5578423
v -2.72748041 0.850090086 -32.5233574
v -2.69003677 0.872057021 -32.5337105
v -2.65522981 0.892066956 -32.5431938
v -2.73660994 0.843879282 -32.5205421
v -0.578115344 -0.383815497 -32.2684441
v -2.19764805 1.04003334 -32.6287041
v -2.33833241 1.01554525 -32.6095619
v -2.46484661 0.978067338 -32.5870895
v -2.37900734 1.00471151 -32.6027527
v -2.46492887 0.978034854 -32.5870705
v -1.86724329 1.04048884 -32.6542358
v -2.05695891 1.04903877 -32.6425743
v -0.418734521 -0.0959577858 -32.3786697
v -1.31679964 0.927455664 -32.6580429
v -1.547405 0.986953199 -32.6605797
v -1.70255268 1.0177443 -32.6591454
v -0.373538047 0.072813496 -32.4395866
v -0.377946019 0.23275733 -32.4936905
v -1.15561235 0.875279188 -32.6526642
v -0.433386207 0.375384837 -32.5379791
v -0.703137636 0.652633786 -32.6116333
v -0.83923316 0.735907197 -32.6295242
v -0.933990657 0.784023941 -32.6386223
v -2.00895238 0.914276421 -31.267952
v -2.84008193 -0.520516217 -25.0472794
v -2.79374886 0.806433558 -32.5034065
v -2.66273379 0.888248086 -32.541317
v -2.92132831 0.707668066 -32.4599876
v -0.799492598 -0.636631191 -32.16539
v -3.03111148 0.605759144 -32.4168701
v -0.922065139 -0.739607036 -32.1209221
v -3.1272583 0.499521703 -32.3733215
v -1.0528959 -0.82913065 -32.0804024
v -3.27609801 0.292830735 -32.2915382
v -3.2657373 0.310847402 -32.2984657
v -1.26896727 -0.943713903 -32.0248032
v -3.37207794 0.102837443 -32.2194939
v -1.69385159 0.638869464 -26.6057739
v -1.62586689 0.615448952 -26.5631561
v -1.41383421 -1.00314224 -31.9934483
v -3.44228911 -0.188555211 -32.1149178
v -3.41665125 -0.0330567472 -32.1698151
v -1.62839592 -1.07426023 -31.9527607
v -2.7616148 -1.83999407 -25.4418869
v -3.41300607 -0.479155928 -32.0182495
v -3.44036174 -0.33504203 -32.0652046
v -1.83500564 -1.12531865 -31.9195118
v -1.97107601 -1.14924955 -31.9009151
v -3.19693112 -0.862676382 -31.9043026
v -3.29144573 -0.743010044 -31.9377766
v -3.36406183 -0.612481534 -31.9766273
v -2.1155684 -1.16601551 -31.8841095
v -2.25796485 -1.17348897 -31.8706284
v -2.39730716 -1.17212141 -31.8603916
v -2.69010806 -1.13535142 -31.8504181
v -2.83077264 -1.09553313 -31.8531666
v -2.96883965 -1.03598702 -31.8628311
v -3.08952737 -0.959523082 -31.8795872
v -2.5387969 -1.16081858 -31.8533707
v -0.798495412 -0.752847373 -31.1899166
v -2.19140935 0.812337279 -30.3109856
v -2.04107976 0.786579609 -30.3367672
v -1.89763331 0.762338221 -30.3600597
v -1.7514478 0.738767564 -30.3905449
v -2.26962328 0.819978654 -30.261095
v -2.10481095 0.790242255 -30.2708302
v -2.03112483 0.774962664 -30.2623405
v -1.95725536 0.765395343 -30.2965431
v -1.88567626 0.750486314 -30.2839222
v -1.82621408 0.744858325 -30.3263626
v -1.74281943 0.724251926 -30.286335
v -1.67149973 0.717437327 -30.3460178
v -1.59944046 0.700442314 -30.3325577
v -1.47360778 0.671269059 -30.3465061
v -2.76809096 0.825889468 -30.0080471
v -2.14557457 0.757016063 -29.9703693
v -1.37706447 0.621531963 -30.1447887
v -1.34457457 0.620175302 -30.2323475
v -1.3856113 0.610875785 -30.0182381
v -1.17656898 0.551032066 -30.2072754
v -1.04839694 0.488432616 -30.3103352
v -0.977473974 0.440841854 -30.3414688
v -2.17251492 -1.50068057 -30.3455238
v -2.33268166 -1.47959316 -30.3401871
v -2.48311949 -1.45229137 -30.3330975
v -2.62980294 -1.41669178 -30.3283482
v -1.08927834 2.34668446 -25.6391525
v -3.15141296 0.73201263 -29.8631802
v -3.22644114 0.717296302 -29.9065266
v -3.07142901 0.744047225 -29.82267
v -2.79723668 0.808190286 -29.9278088
v -2.47285986 0.787878335 -29.8751221
v -2.54130721 0.777108252 -29.7879868
v -2.44516873 0.767759323 -29.7760086
v -2.38985395 0.775508463 -29.853857
v -1.70002317 0.675636292 -29.9455967
v -1.2057457 0.546494722 -30.0052261
v -1.0312078 0.463490069 -30.1022263
v -0.67511642 0.0799906775 -30.3132725
v -1.53095806 2.33866429 -25.8603497
v -1.61475587 2.36852932 -25.8565521
v -1.70289361 2.328022 -25.908289
v -3.32305813 -1.10568523 -30.0660172
v -3.10345316 -0.192565158 -27.2233143
v -3.35661793 0.62157613 -29.7972965
v -3.29804897 0.672343433 -29.8580856
v -3.26991034 0.617562771 -29.6421375
v -2.69465423 0.760603905 -29.693409
v -2.60438704 0.762233496 -29.7006664
v -2.67143583 0.741466522 -29.6062222
v -2.49989557 0.752821922 -29.6744423
v -1.97686207 0.70353514 -29.7815189
v -1.80763185 0.673869491 -29.7685947
v -1.52708507 0.619373143 -29.7571735
v -1.03919899 0.454122365 -29.8759956
v -0.891952574 0.354699314 -29.9622993
v -0.678135455 0.0981920809 -30.0404415
v -0.63647294 0.0129370382 -30.1157074
v -0.549050689 -0.411843598 -30.2029209
v -0.539900184 -0.417447537 -30.1087685
v -2.17603207 2.43350768 -25.8209763
v -2.29200816 2.44135213 -25.7923088
v -2.39848018 2.43816042 -25.7628326
v -3.31333494 -1.1361984 -29.9903259
v -2.49645996 2.43275499 -25.7247181
v -3.46644902 0.491193116 -29.6729641
v -3.42116284 0.557007611 -29.7390442
v -3.17774272 0.651719153 -29.6205711
v -3.21688199 0.610879421 -29.5488262
v -2.72654295 0.721577883 -29.5329857
v -2.50922179 0.734039903 -29.578167
v -2.44226575 0.735090494 -29.6010265
v -1.90561676 0.668138683 -29.5917301
v -1.63670444 0.621920168 -29.577364
v -1.45216036 0.582571447 -29.5722408
v -1.18767369 0.502197325 -29.5741291
v -1.03114915 0.434635043 -29.6387691
v -0.871600747 0.331574947 -29.7540855
v -0.758179069 0.21845527 -29.8746033
v -0.547702253 -0.491036773 -30.1711826
v -2.59621024 2.41195154 -25.6833916
v -2.74906039 2.31079316 -25.6527023
v -2.83870149 2.25611925 -25.6018696
v -3.30010033 -1.17324054 -29.9067364
v -2.85120463 2.32174969 -25.4953346
v -2.86963582 2.30258918 -25.4873962
v -2.86733246 2.29559708 -25.5024166
v -3.53910708 0.324803114 -29.5278664
v -3.51039124 0.414540172 -29.6129303
v -3.2520988 0.560362756 -29.4609737
v -3.27119207 0.507599056 -29.3606739
v -3.29884148 0.566783845 -29.5460434
v -2.77714968 0.676367581 -29.3790646
v -2.31738734 0.692273736 -29.418396
v -1.74812412 0.621686697 -29.4097157
v -1.56194496 0.587910175 -29.3968315
v -1.1223228 0.461383641 -29.3919296
v -0.989028394 0.39827159 -29.4201088
v -0.86547941 0.321376681 -29.5495663
v -0.746765554 0.208696947 -29.6525478
v -0.652459443 0.0723807067 -29.7574406
v -0.528785527 -0.312164158 -29.9029255
v -0.561312497 -0.70085758 -30.0721474
v -2.81870365 -1.56362331 -29.8780918
v -1.28716314 2.10264945 -25.9849911
v -3.27809715 -1.22145057 -29.8211555
v -3.61776519 0.0032778366 -29.4319859
v -3.56397057 0.157560199 -29.3797073
v -3.36442685 0.431499779 -29.3455944
v -2.86962986 0.6165663 -29.2331448
v -2.59662724 0.652551889 -29.2271366
v -2.1737709 0.647090971 -29.2236862
v -1.98725295 0.6246472 -29.1873341
v -1.78893197 -1.12638593 -31.6084728
v -1.72008193 -1.11572981 -31.5539627
v -1.68312645 0.589897513 -29.2244186
v -3.63960743 -0.0307768229 -29.5041847
v -1.11085606 0.440064251 -29.1740952
v -0.955106378 0.367665619 -29.2089901
v -0.727867663 0.191389918 -29.4616203
v -0.636943102 0.0621755905 -29.5595913
v -0.569172263 -0.0825971514 -29.6345863
v -0.51539582 -0.300318897 -29.7325325
v -0.507859111 -0.442715257 -29.8073521
v -1.71863973 2.16977739 -26.0448704
v -1.66962826 2.23978496 -25.9782162
v -2.79917669 -1.61880791 -29.7927818
v -1.81596541 2.17604733 -26.0481339
v -3.2542069 -1.27346468 -29.732172
v -1.91112101 2.18432808 -26.0434208
v -3.23458171 0.460621834 -29.206974
v -2.97043896 0.535727084 -29.0835629
v -2.93616271 0.513416708 -28.9918823
v -2.70303702 0.593634963 -29.0584564
v -2.41528821 0.615483403 -29.0406113
v -2.25883293 0.610724628 -29.009613
v -1.79876125 0.582094312 -29.0289516
v -1.40470922 0.517986238 -29.0398312
v -1.21667385 0.465625852 -29.0240402
v -1.05409729 0.402507246 -28.9872475
v -0.925278127 0.341403335 -29.0336742
v -0.814046383 0.271927923 -29.1472511
v -0.712600231 0.179121956 -29.2615681
v -0.624465168 0.058709085 -29.3614807
v -0.559359193 -0.0751561895 -29.448885
v -0.514818907 -0.220147699 -29.5258102
v -0.513561368 -0.735227227 -29.7066116
v -0.535678029 -0.844172359 -29.7046204
v -0.560461879 -0.956353009 -29.6608067
v -0.600324869 -0.999091268 -29.781517
v -0.600430787 -1.05964744 -29.6649475
v -0.64907831 -1.11075068 -29.7687435
v -0.704207838 -1.19152832 -29.7976208
v -0.789315879 -1.2969234 -29.8186436
v -0.742622614 -1.26185751 -29.7653351
v -0.812295914 -0.646510661 -31.9239941
v -2.34513545 -2.80438495 -28.0544758
v -2.44342995 -2.76725483 -28.0770798
v -2.44336891 -2.81416297 -27.9903755
v -2.78488755 -1.66456163 -29.7208691
v -3.56837726 -0.395288795 -29.1319275
v -3.5790143 -0.275474906 -29.1870289
v -3.52604961 -0.0147459395 -29.118145
v -3.41716981 0.0936300009 -28.9325466
v -3.28420639 0.254392087 -28.8929386
v -3.0774138 0.428721428 -28.9332428
v -2.98187304 0.467002749 -28.916256
v -2.35561776 0.579186976 -28.871767
v -1.90774906 0.570191801 -28.8634892
v -1.7348454 0.554135025 -28.8676891
v -1.51923573 0.523952782 -28.8749161
v -1.33415473 0.483397454 -28.8573589
v -1.16053069 0.431896061 -28.8448505
v -1.000175 0.367459148 -28.8283939
v -0.89864862 0.317005664 -28.8590488
v -0.787418246 0.246975034 -28.9629288
v -0.689213812 0.157688811 -29.0712109
v -0.600848913 0.0365022831 -29.1808186
v -0.541995883 -0.085627012 -29.2692261
v -0.491081923 -0.270016968 -29.3964806
v -0.525009096 -0.874855578 -29.5947742
v -0.568737149 -1.02598989 -29.5781384
v -0.639649928 -1.15831554 -29.6330986
v -2.76990819 -1.71730995 -29.6371822
v -2.4721446 2.17498755 -25.9575253
v -0.755256414 0.00339425192 -25.1783218
v -2.5634923 2.16512227 -25.926445
v -2.72231936 2.12474132 -25.8638706
v -3.55261803 -0.314829797 -29.053566
v -3.35142159 0.152206674 -28.8620567
v -3.14751673 0.287035763 -28.7225075
v -2.46329975 0.530031681 -28.7086792
v -2.29828954 0.550012529 -28.7278481
v -2.16161323 0.549830854 -28.6993027
v -2.00070167 0.551551819 -28.7120819
v -1.25499201 0.446732283 -28.6855564
v -0.776093662 0.233503312 -28.7758274
v -0.671480358 0.141972139 -28.8917198
v -0.586187363 0.0291656125 -28.9923325
v -0.526884973 -0.0914294273 -29.0953846
v -0.480748385 -0.233420551 -29.1714687
v -0.455324501 -0.377197564 -29.2362747
v -0.447345406 -0.501294494 -29.279335
v -0.455479801 -0.642629147 -29.3485603
v -0.475224584 -0.783390939 -29.3906822
v -0.503326297 -0.914479971 -29.4068317
v -2.75126219 2.17585683 -25.7905331
v -2.80660772 2.11001253 -25.8034134
v -2.74358273 -1.77133584 -29.5649204
v -2.82276106 0.38430354 -28.5234261
v -2.34712219 0.504036069 -28.5479641
v -2.26884151 0.510245383 -28.5395947
v -1.95537138 0.523240328 -28.5460472
v -1.78909731 0.511045277 -28.505497
v -1.53317893 0.489092648 -28.5376892
v -1.36258805 0.457593441 -28.525528
v -1.1965754 0.41495052 -28.5152168
v -0.735328317 0.197920293 -28.6037693
v -0.563766897 0.00934425276 -28.8086662
v -0.505017579 -0.10797777 -28.898241
v -0.46339187 -0.238243237 -28.9885845
v -0.440946847 -0.370086819 -29.0798988
v -0.434362173 -0.642020881 -29.1800423
v -0.432184696 -0.719198406 -29.1304264
v -2.71903801 -1.82975554 -29.4836159
v -2.34301162 0.452519357 -28.3341656
v -1.69366276 0.48699823 -28.3742619
v -1.62092805 0.481326252 -28.3795338
v -1.46480572 0.461018652 -28.3773174
v -0.836893559 0.259173959 -28.4299984
v -0.735005915 0.19386071 -28.4634647
v -0.632562399 0.105900615 -28.5391121
v -0.486502856 -0.120833695 -28.7263851
v -0.44532004 -0.247326702 -28.81464
v -0.420732826 -0.385025978 -28.9037323
v -0.40149197 -0.46803695 -28.8347549
v -2.69864249 -1.88165176 -29.4107895
v -3.52304673 -0.69318074 -28.9023628
v -1.6712364 0.458061844 -28.1748009
v -1.33285308 0.418867946 -28.2096043
v -1.09311092 0.355928808 -28.2084694
v -1.01671851 0.328479111 -28.2031746
v -0.800663114 0.228454992 -28.244072
v -0.722440362 0.176915452 -28.2276459
v -0.769607663 0.205027133 -28.1552124
v -0.619498134 0.0935887396 -28.2738476
v -0.657612681 0.126555189 -28.2067089
v -0.539636374 0.00386444828 -28.3436737
v -0.565790653 0.0381215587 -28.2663002
v -0.469276249 -0.114454649 -28.4364243
v -0.49099651 -0.0665227398 -28.3454685
v -2.68214917 -1.93864 -29.3254414
v -3.3247261 -1.33015525 -29.1649551
v -3.48218536 -0.434799105 -28.6293774
v -2.66673088 -1.99099755 -29.2481575
v -3.20983887 -1.53271484 -29.1366806
v -3.41455746 -1.20049536 -28.9308662
v -3.17024589 -0.00576516753 -28.1873035
v -3.47223186 -1.03518748 -28.7845669
v -2.43488169 0.314313322 -27.8878632
v -2.81884551 -1.98132706 -29.0793266
v -2.80454063 -2.03761673 -28.9988384
v -3.49725556 -0.749744177 -28.5116882
v -1.42851579 0.376454651 -27.7349968
v -1.13605094 0.322068334 -27.7424545
v -2.94416761 -1.96903658 -28.9067307
v -3.44792056 -0.547502398 -28.2650337
v -3.38862109 -0.409288824 -28.1583099
v -3.31048083 -0.279033661 -28.0703011
v -0.606834769 0.073743239 -27.7918663
v -0.555295527 0.0255906228 -27.6741543
v -2.78965259 -2.0996685 -28.9105473
v -3.20478868 -0.178886279 -27.9210987
v -3.09586239 -0.0797406062 -27.8501377
v -2.96593094 0.0167387351 -27.7956009
v -2.84116101 0.089250423 -27.7481461
v -2.78565574 -2.15500069 -28.8212242
v -3.37007189 -1.46142864 -28.6503448
v -2.66711378 0.150274605 -27.6215076
v -2.51694918 0.204299346 -27.569397
v -1.22037911 0.313779414 -27.4695511
v -0.283243954 -0.534829438 -27.8264751
v -2.77804327 -2.21140099 -28.7361393
v -3.2975266 -1.65853381 -28.6074715
v -2.18454337 0.286688715 -27.4185658
v -0.273289055 -0.865227699 -27.8895206
v -0.557234108 -0.207711086 -26.0720539
v -2.77780366 -2.26647234 -28.6454105
v -0.481204808 -0.0565235838 -27.3001556
v -2.76113796 -2.35783863 -28.5160065
v -2.96627426 -2.26148915 -28.4045124
v -3.35891342 -1.82320142 -28.2430363
v -3.37390709 -0.473587483 -27.6500053
v -0.224171907 -0.941860139 -27.514925
v -0.297865927 -1.28665984 -27.7426567
v -2.66608763 0.0613705441 -27.1053524
v -2.97288752 -2.30709505 -28.3283386
v -3.03208947 -2.30308294 -28.2510471
v -0.768239558 -2.19090724 -28.0242691
v -1.88129234 -2.73242974 -28.2566891
v -1.78795755 -2.72149706 -28.256403
v -2.39971805 -2.6468358 -28.3204422
v -2.77167988 -2.57914352 -28.1506233
v -3.02699137 -2.36938787 -28.1665249
v -3.07630086 -0.148549438 -27.3799706
v -0.211020455 -0.902811885 -27.4189281
v -0.375478297 -1.63705766 -27.6841068
v -0.716549575 -2.15671039 -27.9553204
v -1.94591653 -2.7706573 -28.1877804
v -2.63165402 -2.63716722 -28.1798992
v -2.15121007 0.286445171 -27.1098061
v -1.81831813 -2.84304309 -28.0117073
v -1.98844671 -2.81803942 -28.0939808
v -2.0559485 -2.76628137 -28.1982746
v -2.11144662 -2.8203485 -28.0852928
v -2.16465378 -2.77853703 -28.1600266
v -3.17989612 -2.33028936 -28.0040512
v -1.41844809 0.311356276 -27.0596333
v -0.949603438 0.174357712 -27.0540504
v -1.66809714 -2.84895444 -27.9345245
v -1.76301134 -2.86705208 -27.9401588
v -1.84341049 -2.88030839 -27.938818
v -3.19214559 -2.38941836 -27.9168491
v -2.95371556 -0.0648480281 -27.3079605
v -2.79914212 0.0277359784 -27.2840977
v -1.0796504 -2.62921667 -27.7754879
v -2.10614467 -2.91006041 -27.9015923
v -2.04615951 -2.86993647 -27.9880962
v -2.36435866 -2.85277581 -27.9539585
v -2.34011769 -2.89440823 -27.880249
v -2.52959824 -2.76339817 -28.0335522
v -2.72627831 -2.7425611 -27.9250069
v -2.8780601 -2.72138548 -27.8157749
v -2.80999541 -2.72797608 -27.8742695
v -3.13909268 -2.51538181 -27.8250275
v -3.11101246 -0.184109554 -27.3130836
v -3.03762174 -0.130023271 -27.27981
v -2.52393317 -2.86366653 -27.8495808
v -1.27641606 -2.78275061 -27.7217426
v -2.14115214 -2.94985437 -27.8093033
v -2.74256396 -2.77651143 -27.850563
v -2.9015162 -2.75320768 -27.7283669
v -3.52085257 -2.09464145 -27.6991882
v -2.66739964 0.0837533846 -27.2102909
v -1.5139364 -2.91587543 -27.6535931
v -2.16487622 -2.98643446 -27.7152691
v -2.59200406 -2.8616221 -27.8071613
v -3.05776477 -2.69409752 -27.6346951
v -3.71863246 -1.78799653 -27.4957752
v -3.49299622 -0.602684379 -27.3061409
v -2.75925636 0.0392319858 -27.2195988
v -0.345608771 -0.318967372 -26.9968109
v -1.7684437 -2.99667954 -27.6154251
v -1.94659758 -3.03232408 -27.5742378
v -2.21166658 -3.01635385 -27.6220341
v -2.31028533 -3.00796103 -27.6140213
v -2.92075205 -2.77124953 -27.6665592
v -3.68307734 -1.92502773 -27.4810104
v -3.36957502 -0.442441523 -27.3219547
v -0.414887458 -2.00106645 -27.2797794
v -1.0534749 -2.74287176 -27.4172993
v -2.52260447 -2.992064 -27.5266113
v -3.75461102 -1.19641888 -27.3543587
v -0.180702612 -1.22103477 -27.0635853
v -0.34228611 -1.86722171 -27.2041206
v -2.0266397 -3.08245826 -27.3936882
v -2.3003161 -3.05690122 -27.4494686
v -3.74541998 -1.12802994 -27.2739353
v -0.642044961 -2.37933302 -27.2626991
v -1.2558068 -2.9055984 -27.2496567
v -2.3006773 -3.07695794 -27.3568611
v -2.21241117 -3.09306431 -27.3146248
v -2.8218224 -2.93883634 -27.3014774
v -3.67752814 -2.00091767 -27.4041538
v -3.77351522 -1.28347862 -27.3280258
v -0.344810188 -1.90399337 -27.1235619
v -1.11688519 -2.84373236 -27.093935
v -3.7832129 -1.32162774 -27.2753735
v -3.67591619 -0.926521182 -27.2591858
v -3.47705531 -0.589514434 -27.2132111
v -0.175453588 -1.20160079 -26.9552746
v -0.801233232 -2.5981009 -27.0352116
v -0.965732157 -2.74275422 -26.9923878
v -2.47091174 -3.07565379 -27.135704
v -3.78090286 -1.75025654 -27.1386967
v -3.79324913 -1.57958412 -27.279747
v -3.75213599 -1.15553308 -27.189991
v -0.183632314 -1.30306911 -26.993082
v -2.48510408 -3.07513785 -27.0174751
v -3.00428605 -2.86548924 -26.9665604
v -3.63595819 -0.844404161 -27.2214851
v -2.71464324 -3.00319815 -26.9427586
v -3.70660734 -2.02146935 -27.0326996
v -3.76327062 -1.82820427 -27.056694
v -0.176624209 -1.19715679 -26.8553467
v -0.179660589 -1.27290237 -26.9050922
v -2.40956235 -3.04090786 -26.6552238
v -2.45233274 -3.07692575 -26.9111805
v -3.61607933 -2.20433378 -26.9176559
v -3.73415279 -1.92466605 -26.9908962
v -3.66487718 -2.11199379 -26.9654846
v -3.77519727 -1.66643333 -26.9833698
v -3.70856595 -1.12791026 -26.9841805
v -1.03931427 2.17932034 -25.7719402
v -2.73168349 0.0386353955 -27.1490059
v -1.15405667 2.38183665 -25.6461411
v -1.15667725 2.38315368 -25.646389
v -0.233027473 -1.60837162 -26.8668175
v -0.9370628 -2.68138838 -26.6568604
v -2.42205215 -3.0741353 -26.8320312
v -2.670012 -2.99176764 -26.7460232
v -3.55035973 -2.30468011 -26.8513775
v -3.49683428 -2.38850284 -26.849514
v -3.71003485 -1.2354207 -26.8923626
v -1.09225416 -2.76979542 -26.5797501
v -2.42587519 -3.05855393 -26.7448463
v -3.45282674 -2.43702459 -26.8044052
v -3.60047817 -2.1959939 -26.8095837
v -3.6412189 -2.13409328 -26.8694
v -1.06073153 2.11518168 -25.8484421
v -1.75931704 2.22018933 -26.0067673
v -1.93138623 -2.86495137 -27.9905949
v -0.586425483 -2.27189851 -26.532238
v -0.530946016 -2.17816472 -26.5063057
v -0.649608791 -2.36597776 -26.5599155
v -0.809118688 -2.54459071 -26.5743008
v -0.945190728 -2.66269827 -26.572731
v -0.868560493 -2.60400319 -26.5883617
v -2.48138094 -3.00315475 -26.5801792
v -2.95713472 2.06551218 -25.6473293
v -3.01847339 1.97840011 -25.6411171
v -2.95692945 2.13627052 -25.5492725
v -2.90496635 2.20854831 -25.5526218
v -3.02135587 2.03651452 -25.5473862
v -3.11309838 1.90713608 -25.4797554
v -3.10815263 1.96964216 -25.3557472
v -3.13316107 1.9184922 -25.3364162
v -3.12655067 1.91781795 -25.3902168
v -1.69121313 1.96056199 -26.2171021
v -2.44066596 -2.98142648 -26.4929466
v -2.9649601 1.80528951 -25.9342213
v -3.70981383 -1.81320262 -26.7727928
v -0.798069715 0.0763590187 -26.9504547
v -0.211828008 -1.31419444 -26.5893383
v -0.487606525 -2.08169389 -26.461874
v -0.646812201 -2.31453156 -26.4569435
v -0.783233583 -2.46821308 -26.4535732
v -0.915193141 -2.60892701 -26.4949055
v -2.39022541 -2.95298195 -26.4010429
v -3.25747728 -0.412171781 -26.9911156
v -0.453156322 -1.97534502 -26.4012337
v -2.34684253 -2.91673827 -26.3114223
v -3.0576055 -2.65146065 -26.3938541
v -3.60939503 -1.94206512 -26.5622177
v -3.13319564 -0.281983048 -27.0249805
v -0.507708311 -2.05753064 -26.3764191
v -0.553012729 -2.08333302 -26.3126984
v -0.545876622 -2.13696957 -26.3988724
v -0.677176833 -2.2583468 -26.3068352
v -2.31515145 -2.87793326 -26.2328835
v -3.61873889 -1.52710354 -26.5449982
v -0.290608883 -1.5399183 -26.4157295
v -2.29565549 -2.83621097 -26.1611996
v -2.946872 -0.150152162 -26.9965
v -1.89598417 -2.72816634 -25.9969826
v -0.553446531 -0.465893954 -30.2352333
v -0.245649666 -1.26708007 -26.4246483
v -3.49582195 -1.71642494 -26.2803764
v -3.52403593 -1.54917312 -26.3545113
v -3.51992559 -1.44827497 -26.3816833
v -3.53257561 -1.35847294 -26.4475002
v -1.39503741 -2.44931984 -25.8448563
v -1.43961585 0.317041367 -27.0212383
v -0.270809531 -1.2537787 -26.3384457
v -0.298604786 -1.25529134 -26.2613678
v -0.251791239 -1.04455316 -26.3894062
v -1.10157061 -2.17875123 -25.7776642
v -3.39921689 -1.07492638 -26.4164028
v -3.34134769 -1.73347557 -26.0206585
v -3.35682392 -1.17109466 -26.2618465
v -3.35273528 -1.08483672 -26.3290596
v -0.968161345 -1.96250641 -25.7173843
v -3.30773997 -1.67419386 -25.9628716
v -3.30821776 -1.02039444 -26.3117046
v -3.26685762 1.54106057 -25.1976757
v -3.27193809 1.51528549 -25.1885128
v -1.21953177 0.247704357 -26.9184246
v -1.12747777 0.209465086 -26.9009247
v -1.02528119 -1.92385268 -25.6459179
v -3.25534558 -1.7057358 -25.8865376
v -3.25230217 -0.983935714 -26.246542
v -3.22949767 -0.896722436 -26.3040352
v -3.16924405 -0.824962437 -26.2782021
v -0.548426807 -1.47687507 -25.8819218
v -0.685153604 -1.60722673 -25.7720451
v -1.01056612 -1.832183 -25.5957241
v -3.1940856 -1.74129117 -25.8095379
v -3.18966246 -0.91139555 -26.2043381
v -1.03229284 0.169674054 -26.9086571
v -0.419715524 -1.17450392 -25.9759521
v -0.989181161 -1.75109434 -25.5605392
v -3.16575241 -1.65808475 -25.747591
v -1.64366055 -1.96970856 -25.3693638
v -0.519682288 -0.282911658 -26.0260277
v -1.61972082 -0.464534372 -24.6415215
v -1.7251848 -0.492461741 -24.6239147
v -1.88563824 -0.508604288 -24.6060963
v -1.32123935 -0.298820317 -24.7208538
v -0.934979856 0.454346001 -25.0068855
v -2.63880157 2.16627812 -25.8837452
v -1.00476372 0.949914217 -25.170208
v -3.23214793 0.933739066 -24.9936199
v -1.01611853 1.11997724 -25.2272224
v -1.01779509 1.05071044 -25.203516
v -3.25411844 0.994141698 -25.0124931
v -2.26378369 1.26161933 -26.6610584
v -2.16172838 1.26305163 -26.6720066
v -2.08962297 1.11975968 -26.704073
v -0.970307052 1.34370673 -25.3068943
v -3.25824547 1.19846344 -25.8813839
v -2.07753968 1.32049751 -26.6542778
v -2.12021065 1.3978914 -26.6154289
v -3.31027293 1.33051789 -25.2362099
v -3.25393105 1.27496612 -25.8603878
v -1.3388896 1.56344473 -26.4266014
v -3.28385067 1.44823408 -25.1647739
v -1.61664879 1.67409956 -26.4309616
v -1.66147363 1.74926424 -26.3822803
v -1.16011643 1.53007543 -26.3486042
v -3.23983645 1.64720893 -25.2358818
v -3.24853778 1.61423135 -25.2239895
v -3.13912058 1.78049457 -25.6150856
v -3.09712243 1.70267951 -25.8301296
v -2.71220374 1.76060128 -26.1861324
v -1.98421407 1.80902004 -26.3455143
v -1.80903435 1.81228089 -26.3457527
v -1.60716653 1.80932093 -26.3278637
v -1.4927721 1.80083632 -26.3114872
v -1.46355498 1.87324512 -26.2456818
v -3.18050528 1.81361651 -25.297081
v -2.68133831 2.02634096 -25.9820347
v -1.28583169 1.95604908 -26.1154881
v -0.738422394 1.88531184 -25.509058
v -0.738341212 1.89319408 -25.5117474
v -0.759981453 1.78956676 -25.4748116
v -0.754577339 1.81375909 -25.4834614
v -2.95394802 2.20551825 -25.4478798
v -3.01065755 2.12882233 -25.4174175
v -0.798659027 2.12336636 -25.5854607
v -0.819253623 2.14667988 -25.591814
v -0.782476246 2.09349704 -25.5765362
v -0.737730682 1.96164644 -25.5350933
v -0.74666816 1.99890292 -25.5470886
v -0.755146265 2.03918767 -25.5601501
v -2.8029027 2.36727977 -25.5145416
v -2.72707653 -2.32921886 -28.6006012
v -0.95743531 2.26754594 -25.6223412
v -0.946689308 2.26058674 -25.6207981
v -2.92651534 -0.45968926 -25.3098316
v -2.95177269 -0.56671536 -25.4685669
v -2.94245148 -0.555694342 -25.3552666
v -0.930483162 0.0905974135 -26.7308235
v -0.584821284 -0.227136835 -31.6285801
v -1.88792765 1.04180348 -32.6530952
v -3.00823522 -0.592513382 -26.2940292
v -3.0562439 -0.670007706 -26.2679806
v -2.93326139 -0.487464964 -25.5377731
v -2.93084574 -0.455626398 -25.4344921
v -1.08036029 -0.904370725 -31.4970112
v -2.45862556 0.970795453 -31.2810154
v -2.88623166 -0.547205508 -25.1400089
v -2.97864652 -0.679532349 -25.5275345
v -2.88040686 2.29060102 -25.4824886
v -0.860865831 1.57407248 -25.393713
v -0.870023727 1.55579937 -25.3867893
v -3.29429841 1.3513211 -25.1309834
v -3.29590249 1.32090712 -25.1205082
v -2.75531077 -0.429723889 -24.9159393
v -0.960060418 0.25421989 -24.9368401
v -2.79840446 0.206313252 -24.7793331
v -1.04471004 0.032164 -24.8547535
v -2.46400237 -0.253873706 -24.6483784
v -2.39355493 -0.318353713 -24.6318417
v -1.18576038 -0.16895543 -24.7754631
v -2.2522831 -0.413614511 -24.6102676
v -3.1618135 1.85941207 -25.314106
v -2.67864347 -0.445726871 -24.8411827
v -2.78883982 -0.532228947 -24.9752388
v -0.587413192 -0.348715454 -25.5351543
v -2.92238951 -0.548956394 -25.2471008
v -2.95090842 -0.567518353 -25.5890369
v -2.94879889 -0.576193511 -25.6993675
v -2.97148395 -0.644028187 -25.761137
v -0.434690058 -0.396799266 -26.3220825
v -3.00337887 -0.72155416 -25.812151
v -3.00784993 -0.717003703 -25.9082623
v -3.05054379 -0.791435421 -25.9609184
v -2.96519995 -0.523480892 -26.3241119
v -3.03420281 -0.710003018 -26.1070786
v -3.06215477 -0.781143725 -26.0493145
v -3.0937326 -0.860809565 -26.0022049
v -3.10538769 -0.84482038 -26.0802803
v -3.13913131 -0.827968895 -26.2064075
v -3.1385138 -0.871573269 -26.1355438
v -0.581908524 -0.774621844 -30.0887318
v -1.76943314 -1.13104343 -31.4666653
v -0.562400699 -0.0545195825 -31.6226768
v -1.00055552 -0.846265197 -31.5296211
v -0.945296109 -0.790874779 -31.6064911
v -0.690200567 -0.489232063 -31.6907063
v -0.672678232 -0.467204809 -31.780056
v -0.514473855 0.0222205818 -31.8193378
v -0.539203882 -0.221891209 -31.9066143
v -2.64819384 -0.030840911 -24.7101479
v -2.69978714 0.0449687764 -24.7319889
f 1 2 3
f 4 5 6
f 7 8 9
f 10 11 12
f 13 14 15
f 16 17 18
f 19 20 21
f 22 23 24
f 25 26 27
f 27 28 25
f 29 30 31
f 32 27 33
f 34 35 36
f 37 38 35
f 39 40 41
f 42 43 44
f 45 46 47
f 46 48 49
f 50 13 49
f 51 52 53
f 54 55 52
f 56 57 58
f 58 55 56
f 59 60 61
f 61 60 58
f 62 63 64
f 64 60 62
f 65 66 64
f 67 68 69
f 69 70 71
f 32 72 71
f 73 74 75
f 76 77 78
f 39 79 76
f 80 81 82
f 83 80 39
f 84 85 86
f 87 88 83
f 89 90 91
f 92 93 90
f 94 95 93
f 96 97 95
f 97 98 99
f 100 101 102
f 103 104 101
f 105 106 104
f 107 108 106
f 109 108 110
f 111 112 113
f 111 113 114
f 112 115 113
f 116 117 118
f 119 120 121
f 121 122 119
f 123 121 124
f 67 125 124
f 69 126 125
f 127 128 126
f 129 130 128
f 73 131 130
f 132 133 131
f 134 135 136
f 137 135 138
f 84 139 137
f 84 86 140
f 141 142 143
f 144 145 86
f 143 146 147
f 144 148 149
f 147 150 151
f 152 153 148
f 151 154 155
f 156 157 152
f 155 158 159
f 159 160 161
f 162 163 164
f 161 165 166
f 167 168 163
f 166 169 170
f 171 172 167
f 173 174 175
f 176 177 178
f 176 174 173
f 179 180 181
f 179 182 183
f 184 185 179
f 186 187 184
f 188 186 189
f 190 191 192
f 193 194 191
f 195 196 194
f 197 198 199
f 200 201 122
f 122 197 200
f 198 202 203
f 123 198 122
f 202 198 123
f 204 205 206
f 207 208 209
f 210 207 204
f 211 208 212
f 213 214 212
f 215 216 214
f 217 218 216
f 219 220 218
f 134 221 222
f 223 224 225
f 226 223 141
f 227 228 229
f 229 230 231
f 231 232 233
f 151 234 147
f 233 235 236
f 155 237 151
f 236 238 239
f 159 240 155
f 239 241 242
f 161 243 159
f 242 244 245
f 166 246 161
f 245 247 248
f 249 250 251
f 250 252 253
f 254 252 255
f 256 257 258
f 259 260 257
f 261 262 260
f 263 264 262
f 265 266 264
f 267 268 269
f 270 199 271
f 199 270 197
f 271 203 272
f 271 199 203
f 273 274 275
f 273 276 209
f 275 277 278
f 279 277 211
f 278 280 281
f 282 280 279
f 281 283 284
f 285 286 283
f 287 288 286
f 289 290 291
f 292 293 289
f 294 295 296
f 227 295 297
f 229 298 227
f 299 300 301
f 231 300 229
f 301 302 303
f 233 302 231
f 303 304 305
f 236 304 233
f 305 306 307
f 239 306 236
f 307 308 309
f 242 308 239
f 245 310 242
f 309 310 311
f 248 312 245
f 311 312 313
f 314 315 316
f 317 314 251
f 318 317 253
f 319 318 320
f 321 319 322
f 323 321 258
f 324 323 257
f 325 324 260
f 262 326 325
f 327 326 264
f 264 266 327
f 328 329 330
f 331 332 333
f 334 271 335
f 271 334 270
f 335 272 336
f 272 335 271
f 337 273 338
f 276 273 337
f 339 275 340
f 275 339 273
f 341 281 342
f 281 341 278
f 343 344 345
f 345 346 347
f 347 348 349
f 346 348 347
f 349 350 351
f 352 353 350
f 351 354 355
f 353 294 354
f 296 356 294
f 355 356 357
f 358 359 357
f 301 360 299
f 360 361 359
f 303 362 301
f 363 364 365
f 305 364 303
f 365 366 367
f 307 366 305
f 309 368 307
f 367 368 369
f 311 370 309
f 369 370 371
f 372 373 313
f 374 372 375
f 376 374 377
f 378 376 379
f 380 378 381
f 382 380 383
f 384 385 386
f 387 384 388
f 387 388 389
f 390 391 392
f 390 389 393
f 394 393 395
f 396 397 398
f 399 400 401
f 402 403 399
f 404 333 405
f 405 333 406
f 404 331 333
f 406 407 408
f 407 333 269
f 409 335 410
f 334 335 409
f 410 336 411
f 336 410 335
f 412 338 413
f 338 412 337
f 414 340 415
f 414 339 340
f 416 341 417
f 416 340 341
f 418 342 419
f 342 418 341
f 420 345 421
f 345 420 343
f 421 347 422
f 345 347 421
f 422 349 423
f 349 422 347
f 424 425 426
f 351 424 349
f 425 427 428
f 355 425 351
f 427 429 430
f 427 425 355
f 429 431 432
f 429 427 357
f 431 429 359
f 433 434 435
f 434 433 367
f 434 436 437
f 436 434 369
f 438 439 436
f 438 371 440
f 438 441 439
f 442 443 441
f 440 444 442
f 445 446 447
f 445 448 449
f 449 450 451
f 452 450 453
f 454 453 455
f 456 455 457
f 458 459 460
f 458 461 392
f 391 462 458
f 463 391 390
f 464 463 398
f 397 465 464
f 397 401 466
f 400 467 466
f 468 469 470
f 470 469 400
f 471 472 473
f 474 406 475
f 472 476 474
f 472 474 473
f 475 408 477
f 478 410 479
f 477 408 478
f 479 480 481
f 480 413 482
f 479 411 480
f 483 415 484
f 483 482 413
f 485 484 415
f 486 419 487
f 488 485 417
f 489 420 490
f 420 489 419
f 491 422 492
f 422 491 421
f 492 423 493
f 423 492 422
f 493 426 494
f 426 493 423
f 426 428 495
f 494 426 495
f 496 430 497
f 430 496 428
f 497 432 498
f 432 497 430
f 499 500 501
f 502 499 503
f 504 505 506
f 504 501 500
f 505 435 506
f 507 508 435
f 507 437 509
f 439 510 509
f 510 439 441
f 443 511 512
f 446 513 511
f 446 445 514
f 514 515 513
f 515 514 516
f 516 517 515
f 518 517 516
f 518 519 517
f 520 518 521
f 522 456 523
f 523 524 522
f 525 523 460
f 459 526 525
f 527 391 528
f 528 529 527
f 530 528 464
f 465 531 530
f 532 465 466
f 467 533 532
f 469 534 467
f 468 535 469
f 536 537 538
f 539 540 473
f 473 541 539
f 542 475 543
f 477 543 475
f 544 545 477
f 481 546 544
f 481 544 479
f 547 482 548
f 549 484 550
f 549 548 482
f 488 487 551
f 552 551 487
f 552 490 553
f 554 553 490
f 553 554 555
f 556 554 491
f 494 557 493
f 557 494 558
f 495 496 559
f 497 559 496
f 559 497 560
f 498 560 497
f 560 498 561
f 503 561 498
f 503 562 561
f 563 506 564
f 506 563 504
f 508 564 506
f 564 508 565
f 565 508 507
f 566 509 510
f 509 566 567
f 568 510 512
f 510 568 566
f 569 512 511
f 512 569 568
f 570 511 513
f 511 570 569
f 571 513 572
f 513 571 570
f 519 518 520
f 517 519 573
f 520 521 522
f 524 523 525
f 524 574 575
f 526 576 577
f 529 528 530
f 529 578 579
f 531 465 532
f 531 580 581
f 582 583 534
f 582 534 469
f 533 534 584
f 585 586 587
f 585 587 588
f 541 589 587
f 543 541 542
f 545 590 591
f 545 544 592
f 546 593 592
f 594 595 593
f 596 594 547
f 597 596 548
f 598 549 550
f 598 599 597
f 550 600 601
f 602 552 553
f 551 602 603
f 555 604 605
f 556 606 607
f 556 492 608
f 558 609 557
f 609 558 610
f 560 611 559
f 612 611 560
f 561 612 560
f 612 561 613
f 561 562 613
f 614 566 568
f 615 568 569
f 568 615 614
f 616 569 570
f 569 616 615
f 570 571 616
f 572 515 573
f 617 519 618
f 573 617 619
f 575 522 524
f 574 620 621
f 576 526 622
f 623 624 625
f 622 527 579
f 578 529 581
f 580 531 626
f 627 628 578
f 580 629 630
f 584 631 632
f 584 633 533
f 634 635 631
f 636 637 638
f 588 639 640
f 589 541 591
f 590 641 642
f 641 590 592
f 592 593 641
f 595 594 596
f 596 597 595
f 599 598 601
f 601 643 599
f 643 600 644
f 644 603 643
f 645 602 605
f 605 604 645
f 604 555 607
f 607 646 604
f 646 607 606
f 606 647 646
f 647 606 609
f 609 610 647
f 610 558 648
f 648 649 610
f 611 649 648
f 611 650 649
f 650 611 612
f 612 651 650
f 652 653 654
f 625 620 574
f 576 655 656
f 623 576 656
f 655 657 658
f 657 655 622
f 657 578 628
f 627 580 630
f 629 633 659
f 633 629 626
f 660 632 661
f 632 660 584
f 662 663 664
f 664 632 662
f 662 632 635
f 635 632 631
f 665 666 667
f 668 669 640
f 639 670 671
f 639 588 672
f 672 673 674
f 673 672 642
f 642 675 673
f 675 642 641
f 641 676 675
f 676 641 593
f 593 677 676
f 677 593 595
f 595 678 677
f 678 595 597
f 597 679 678
f 599 679 597
f 599 680 679
f 680 599 643
f 643 681 680
f 681 643 603
f 682 683 681
f 683 682 645
f 645 684 683
f 684 645 604
f 604 685 684
f 685 604 646
f 646 686 685
f 647 686 646
f 647 687 686
f 687 647 610
f 610 688 687
f 688 610 649
f 649 650 688
f 651 612 613
f 613 689 651
f 690 613 691
f 691 692 690
f 692 691 693
f 693 694 692
f 694 563 564
f 695 564 565
f 696 565 567
f 565 696 695
f 697 567 566
f 567 697 696
f 697 566 614
f 614 698 697
f 699 614 615
f 614 699 698
f 700 701 702
f 701 700 703
f 702 704 705
f 656 658 706
f 655 658 656
f 706 628 707
f 658 657 628
f 707 630 708
f 630 707 627
f 708 659 709
f 708 629 659
f 661 710 660
f 661 664 711
f 712 713 711
f 712 711 714
f 714 711 664
f 715 716 671
f 670 717 718
f 670 639 674
f 673 719 720
f 673 675 719
f 675 721 719
f 676 721 675
f 676 722 721
f 722 676 677
f 677 723 722
f 723 677 678
f 678 724 723
f 724 678 679
f 679 725 724
f 725 679 680
f 680 726 725
f 726 680 681
f 681 727 726
f 727 681 683
f 683 728 727
f 728 683 684
f 684 729 728
f 729 684 685
f 685 730 729
f 730 685 686
f 686 731 730
f 731 686 687
f 687 732 731
f 732 687 688
f 688 733 732
f 734 698 699
f 698 734 735
f 736 737 738
f 737 736 699
f 738 700 739
f 700 738 737
f 739 702 740
f 702 739 700
f 702 705 741
f 741 740 702
f 741 742 743
f 742 741 705
f 743 624 744
f 743 742 624
f 745 656 746
f 746 706 747
f 706 746 656
f 747 707 748
f 707 747 706
f 710 709 659
f 749 711 750
f 711 749 661
f 751 752 753
f 753 750 751
f 751 750 713
f 713 750 711
f 754 755 753
f 752 754 753
f 756 757 758
f 759 760 718
f 717 761 762
f 763 717 764
f 764 765 763
f 765 764 720
f 720 766 765
f 766 720 719
f 719 767 766
f 721 767 719
f 721 768 767
f 768 721 722
f 722 769 768
f 722 723 769
f 723 770 769
f 770 723 724
f 724 771 770
f 725 771 724
f 725 772 771
f 772 725 726
f 726 773 772
f 773 726 727
f 727 774 773
f 774 727 728
f 728 775 774
f 775 728 729
f 729 730 775
f 733 688 650
f 650 776 733
f 689 613 690
f 690 777 689
f 778 690 692
f 692 779 778
f 779 692 694
f 780 695 696
f 695 780 781
f 697 698 782
f 740 741 783
f 783 743 784
f 743 783 741
f 784 744 785
f 744 784 743
f 746 786 745
f 746 747 787
f 787 748 788
f 748 787 747
f 788 789 790
f 789 788 748
f 791 710 792
f 710 791 709
f 792 749 793
f 749 792 710
f 793 750 794
f 749 750 793
f 794 753 795
f 753 794 750
f 796 797 795
f 796 795 755
f 755 795 753
f 798 799 758
f 758 800 798
f 801 802 800
f 757 803 762
f 762 758 757
f 761 804 801
f 805 761 763
f 763 806 805
f 806 763 765
f 765 807 806
f 807 765 766
f 766 808 807
f 808 766 767
f 767 809 808
f 809 767 768
f 768 810 809
f 810 768 769
f 769 770 810
f 811 770 771
f 771 812 811
f 812 771 772
f 772 813 812
f 813 772 773
f 773 814 813
f 814 773 774
f 774 815 814
f 815 774 775
f 775 816 815
f 775 730 816
f 730 817 816
f 818 731 732
f 732 819 818
f 776 650 651
f 651 689 776
f 820 734 736
f 821 820 736
f 738 739 822
f 822 740 823
f 739 740 822
f 823 783 824
f 783 823 740
f 824 784 825
f 784 824 783
f 785 825 784
f 786 746 826
f 826 787 827
f 787 826 746
f 827 788 828
f 787 788 827
f 828 790 829
f 828 788 790
f 829 792 830
f 792 829 790
f 830 793 831
f 793 830 792
f 831 794 832
f 831 793 794
f 832 795 833
f 795 832 794
f 834 835 836
f 836 833 834
f 834 833 797
f 797 833 795
f 837 838 836
f 835 837 836
f 839 840 841
f 800 842 841
f 802 843 842
f 800 758 801
f 804 844 802
f 845 804 805
f 805 846 845
f 846 805 806
f 806 847 846
f 848 807 808
f 808 849 848
f 850 809 810
f 810 851 850
f 810 770 851
f 770 811 851
f 852 814 815
f 815 853 852
f 817 730 731
f 731 818 817
f 777 690 778
f 778 854 777
f 854 778 779
f 779 855 854
f 855 779 781
f 856 781 780
f 781 856 855
f 857 858 782
f 780 857 856
f 859 782 735
f 782 859 857
f 735 820 860
f 822 861 738
f 862 823 863
f 823 862 822
f 863 824 864
f 824 863 823
f 825 864 824
f 825 785 865
f 866 827 867
f 826 827 866
f 867 828 868
f 828 867 827
f 868 828 829
f 829 830 869
f 869 831 870
f 831 869 830
f 870 832 871
f 832 870 831
f 871 833 872
f 833 871 832
f 872 836 873
f 872 833 836
f 874 875 876
f 876 873 874
f 874 873 838
f 838 873 836
f 877 878 879
f 880 881 882
f 880 882 883
f 883 882 884
f 885 843 844
f 886 844 845
f 845 887 886
f 887 845 846
f 846 847 887
f 847 806 807
f 807 848 847
f 849 808 809
f 809 850 849
f 888 850 851
f 851 889 888
f 889 851 811
f 811 890 889
f 890 811 812
f 812 891 890
f 891 812 813
f 813 892 891
f 853 815 816
f 816 893 853
f 817 893 816
f 817 894 893
f 819 732 733
f 733 895 819
f 895 733 776
f 776 896 895
f 897 860 820
f 897 861 898
f 821 897 820
f 862 863 899
f 863 864 899
f 864 825 900
f 900 865 901
f 865 900 825
f 902 866 903
f 866 902 904
f 903 867 905
f 867 903 866
f 868 905 867
f 868 829 906
f 906 869 907
f 869 906 829
f 870 907 869
f 870 871 908
f 908 872 909
f 908 871 872
f 909 873 910
f 873 909 872
f 910 876 911
f 876 910 873
f 912 877 879
f 912 879 913
f 913 879 914
f 884 915 883
f 915 884 916
f 917 918 919
f 920 921 885
f 920 885 886
f 886 922 920
f 922 886 887
f 887 923 922
f 923 887 847
f 847 924 923
f 924 847 848
f 848 925 924
f 925 848 849
f 849 926 925
f 926 849 850
f 850 888 926
f 890 927 889
f 892 813 814
f 814 928 892
f 928 814 852
f 852 929 928
f 894 817 818
f 818 930 894
f 896 776 689
f 689 931 896
f 931 689 777
f 777 932 931
f 932 777 854
f 854 933 932
f 933 854 855
f 934 855 856
f 855 934 933
f 935 856 857
f 856 935 934
f 936 860 897
f 936 897 937
f 898 937 897
f 899 938 862
f 899 864 939
f 939 900 940
f 900 939 864
f 901 940 900
f 902 903 667
f 905 868 941
f 941 906 942
f 906 941 868
f 942 907 943
f 906 907 942
f 907 870 944
f 944 943 907
f 944 908 945
f 908 944 870
f 945 909 946
f 908 909 945
f 946 910 947
f 946 909 910
f 947 911 948
f 911 947 910
f 949 950 951
f 951 948 949
f 949 948 952
f 952 948 911
f 950 953 951
f 954 913 914
f 954 914 955
f 955 914 956
f 916 957 915
f 957 916 958
f 959 884 960
f 916 959 961
f 962 921 920
f 920 963 962
f 963 920 922
f 922 964 963
f 964 922 923
f 923 965 964
f 965 923 924
f 924 966 965
f 966 924 925
f 925 967 966
f 926 967 925
f 926 968 967
f 926 888 968
f 888 969 968
f 969 888 889
f 889 927 969
f 892 970 891
f 892 928 970
f 929 852 853
f 853 893 929
f 930 818 819
f 819 971 930
f 971 819 895
f 895 972 971
f 973 974 42
f 975 937 898
f 976 975 898
f 938 899 977
f 977 939 978
f 939 977 899
f 979 978 939
f 667 980 902
f 665 941 981
f 941 665 905
f 981 942 982
f 942 981 941
f 982 943 983
f 943 982 942
f 983 944 984
f 944 983 943
f 984 945 985
f 945 984 944
f 985 946 986
f 946 985 945
f 986 947 987
f 947 986 946
f 987 948 988
f 948 987 947
f 988 951 989
f 951 988 948
f 990 991 992
f 993 990 992
f 994 995 996
f 997 998 999
f 956 1000 955
f 1000 956 1001
f 958 1002 957
f 961 958 916
f 1003 1004 962
f 962 1005 1003
f 1005 962 963
f 963 1006 1005
f 1006 963 964
f 964 1007 1006
f 1008 964 965
f 965 1009 1008
f 1009 965 966
f 966 1010 1009
f 1010 966 967
f 967 968 1010
f 969 927 1011
f 927 1012 1011
f 891 970 1013
f 894 1014 893
f 1015 1016 45
f 45 42 1015
f 1017 895 896
f 896 1018 1017
f 1018 896 931
f 931 1019 1018
f 1019 931 932
f 1020 932 933
f 932 1020 1019
f 1021 933 934
f 933 1021 1020
f 1022 934 935
f 934 1022 1021
f 1023 859 936
f 1024 937 975
f 975 1025 1024
f 1026 975 976
f 976 1027 1026
f 1027 977 1028
f 1027 938 977
f 978 1028 977
f 978 979 1029
f 980 667 1030
f 666 1030 667
f 981 1031 665
f 981 982 1032
f 1032 983 1033
f 983 1032 982
f 1033 984 1034
f 984 1033 983
f 1034 985 1035
f 985 1034 984
f 1035 986 1036
f 986 1035 985
f 1036 987 1037
f 987 1036 986
f 1037 988 1038
f 988 1037 987
f 1038 989 1039
f 989 1038 988
f 1040 993 992
f 992 1039 1040
f 1040 1039 1041
f 1041 1039 989
f 1042 1043 1044
f 1045 994 996
f 1045 996 1046
f 1046 996 1047
f 1001 1048 1000
f 1048 1001 1049
f 1050 1004 1003
f 1051 1005 1006
f 1006 1052 1051
f 1008 1053 1054
f 1053 1008 1009
f 1009 1055 1053
f 1055 1009 1010
f 1010 1056 1055
f 1056 1010 968
f 968 1057 1056
f 1057 968 969
f 969 1011 1057
f 1058 1011 1012
f 1013 1059 1060
f 970 1059 1013
f 970 1061 1059
f 928 1061 970
f 929 1062 1063
f 1062 929 893
f 893 1014 1062
f 1064 894 930
f 1065 1066 48
f 48 45 1065
f 1067 1068 50
f 50 48 1067
f 1069 1023 1024
f 1070 1026 1027
f 1028 1070 1027
f 1028 978 1071
f 1072 1073 1074
f 1075 1030 1076
f 1030 1075 1073
f 1031 981 1077
f 1077 1032 1078
f 1032 1077 981
f 1078 1033 1079
f 1033 1078 1032
f 1079 1034 1080
f 1034 1079 1033
f 1080 1035 1081
f 1035 1080 1034
f 1081 1036 1082
f 1036 1081 1035
f 1082 1037 1083
f 1037 1082 1036
f 1083 1038 1084
f 1083 1037 1038
f 1085 1039 1086
f 1039 1085 1038
f 1086 992 1087
f 992 1086 1039
f 1088 1089 1090
f 1090 1087 1088
f 1091 1092 1093
f 1093 1094 1091
f 1095 1096 1097
f 1098 1099 1100
f 1101 1042 1044
f 1101 1044 1102
f 1102 1044 1103
f 1047 1104 1046
f 1104 1047 1105
f 1106 1047 1107
f 699 616 737
f 1049 1108 1048
f 1108 1049 1109
f 1110 1049 1002
f 1110 1111 1109
f 1112 1113 1114
f 1113 1115 1116
f 1050 1115 1112
f 1115 1117 1118
f 1119 1117 1120
f 1120 1121 1119
f 1051 1122 1121
f 1054 1123 1052
f 1124 1054 1053
f 1053 1125 1124
f 1125 1053 1055
f 1055 1126 1125
f 1126 1055 1056
f 1056 1127 1126
f 1127 1056 1057
f 1057 1058 1127
f 1058 1057 1011
f 1012 1128 1058
f 1128 1012 1060
f 1060 1129 1128
f 1130 1059 1061
f 1061 1131 1130
f 1132 1063 1062
f 1062 1133 1132
f 1014 1133 1062
f 1014 1064 1133
f 1134 972 1017
f 1017 1135 1134
f 1135 1017 1018
f 1018 1136 1135
f 1136 1018 1019
f 1137 1019 1020
f 1136 1019 1137
f 1138 1020 1021
f 1020 1138 1137
f 1139 1021 1022
f 1021 1139 1138
f 1022 1140 1139
f 1140 1023 1069
f 1141 1026 1070
f 1026 1142 1143
f 1144 1070 1028
f 1070 1144 1141
f 1071 1144 1028
f 1074 1145 1072
f 1075 1076 1146
f 1076 1031 1147
f 1147 1146 1076
f 1147 1077 1148
f 1077 1147 1031
f 1148 1078 1149
f 1078 1148 1077
f 1149 1079 1150
f 1079 1149 1078
f 1150 1080 1151
f 1080 1150 1079
f 1152 1081 1153
f 1081 1152 1080
f 1153 1082 1154
f 1082 1153 1081
f 1154 1083 1155
f 1083 1154 1082
f 1084 1085 1156
f 1155 1083 1084
f 1157 1086 1158
f 1086 1157 1085
f 1090 1094 1159
f 1093 1159 1094
f 1160 1161 1162
f 1162 1163 1160
f 1164 1160 1163
f 1165 1166 1167
f 1166 1168 1167
f 1169 1170 1171
f 1172 1173 1174
f 1170 1095 1097
f 1170 1097 1171
f 1175 1176 1177
f 1177 1097 1175
f 1176 1098 1100
f 1176 1100 1177
f 1102 1178 1100
f 1103 1178 1102
f 1178 1103 1179
f 1105 1180 1104
f 1180 1105 1181
f 1182 1105 1106
f 1181 1182 1183
f 1109 1184 1108
f 1184 1109 1185
f 1186 1111 1110
f 1187 1111 1186
f 1119 1188 1117
f 1121 1189 1119
f 1190 1191 1123
f 1124 1192 1190
f 1124 1193 1192
f 1125 1193 1124
f 1125 1194 1193
f 1194 1125 1126
f 1126 1195 1194
f 1127 1195 1126
f 1127 1196 1195
f 1058 1196 1127
f 1058 1128 1196
f 1129 1060 1059
f 1130 1197 1129
f 1129 1059 1130
f 1130 1131 1197
f 1063 1131 1061
f 1063 1132 1131
f 1198 1132 1133
f 1133 1199 1198
f 1199 1133 1064
f 1200 1201 1199
f 1202 1200 1203
f 1204 1139 1140
f 1205 1140 1069
f 1205 1204 1140
f 1205 1069 1206
f 1207 1141 1144
f 1141 1207 1208
f 1209 1144 1071
f 1144 1209 1207
f 1145 1210 1029
f 1074 1075 1211
f 1146 1211 1075
f 1146 1147 1212
f 1212 1148 1213
f 1148 1212 1147
f 1213 1149 1214
f 1149 1213 1148
f 1214 1150 1215
f 1150 1214 1149
f 1215 1151 1216
f 1151 1215 1150
f 1217 1153 1218
f 1153 1217 1152
f 1218 1154 1219
f 1153 1154 1218
f 1219 1155 1220
f 1155 1219 1154
f 1157 1158 1221
f 1090 1221 1158
f 1222 1159 1223
f 1224 1162 1225
f 1224 1226 1227
f 1162 1167 1228
f 1229 1230 1231
f 1231 1232 1229
f 1167 1232 1228
f 1233 1234 1235
f 1235 1236 1233
f 1230 1237 1236
f 1230 1236 1231
f 1238 1174 1239
f 1234 1240 1238
f 1234 1238 1235
f 1241 1171 1242
f 1174 1241 1239
f 1243 1177 1244
f 1243 1242 1171
f 1245 1244 1177
f 1245 1178 1246
f 1179 1246 1178
f 1180 1247 1179
f 1181 1247 1180
f 1248 1247 1181
f 1185 1249 1184
f 1249 1185 1250
f 1187 1251 1111
f 1251 1187 1252
f 1253 1116 1254
f 1189 1255 1119
f 1255 1189 1256
f 1123 1257 1258
f 1192 1259 1191
f 1192 1193 1260
f 1261 1193 1194
f 1193 1261 1260
f 1262 1194 1195
f 1194 1262 1261
f 1263 1195 1196
f 1195 1263 1262
f 1196 1264 1263
f 1264 1196 1128
f 1129 1265 1128
f 1129 1197 1265
f 1266 1197 1131
f 1131 1267 1266
f 1267 1131 1132
f 1132 1198 1268
f 1269 1198 1199
f 1199 1201 1269
f 1270 1271 1272
f 1135 1273 1270
f 1135 1274 1273
f 1274 1135 1136
f 1275 1136 1137
f 1136 1275 1274
f 1276 1137 1138
f 1137 1276 1275
f 1277 1204 1205
f 1278 1205 1206
f 1205 1278 1277
f 1206 1142 1279
f 1280 1211 1281
f 1211 1280 1145
f 1281 1146 1282
f 1146 1281 1211
f 1282 1212 1283
f 1146 1212 1282
f 1283 1213 1284
f 1213 1283 1212
f 1284 1214 1285
f 1214 1284 1213
f 1285 1215 1286
f 1215 1285 1214
f 1216 1217 1287
f 1217 1216 1151
f 1288 1218 1289
f 1218 1288 1217
f 1290 1221 1291
f 1221 1290 1157
f 1292 1223 1293
f 1293 1226 1294
f 1295 1225 1296
f 1295 1294 1226
f 1225 1297 1296
f 1298 1231 1299
f 1298 1297 1228
f 1300 1235 1301
f 1231 1300 1299
f 1302 1239 1303
f 1302 1301 1235
f 1304 1242 1305
f 1239 1304 1303
f 1306 1305 1242
f 1306 1244 1307
f 1308 1307 1244
f 1308 1246 1309
f 1310 1309 1246
f 1247 1311 1310
f 1248 1311 1247
f 1312 1248 1183
f 1249 1312 1183
f 1312 1249 1313
f 1252 1314 1251
f 1314 1252 1315
f 1254 1316 1253
f 1316 1254 1317
f 1318 1254 1118
f 1319 1317 1318
f 1320 1318 1188
f 1256 1321 1255
f 1322 1321 1256
f 1323 1257 1191
f 1260 1324 1325
f 1260 1261 1324
f 1326 1261 1262
f 1261 1326 1324
f 1262 1327 1326
f 1327 1262 1263
f 1263 1328 1327
f 1328 1263 1264
f 1264 1329 1328
f 1329 1264 1265
f 1265 1330 1329
f 1330 1265 1197
f 1197 1266 1330
f 1331 1266 1267
f 1268 1332 1331
f 1198 1332 1268
f 1198 1269 1332
f 1202 1333 1334
f 1335 1336 1337
f 1337 50 1335
f 1204 1277 1338
f 1339 1279 1208
f 1208 1207 1339
f 1210 1340 1209
f 1340 1341 1209
f 1342 1281 1343
f 1281 1342 1280
f 1343 1282 1344
f 1282 1343 1281
f 1344 1283 1345
f 1283 1344 1282
f 1345 1284 1346
f 1284 1345 1283
f 1346 1285 1347
f 1285 1346 1284
f 1347 1286 1348
f 1286 1347 1285
f 1348 1287 1349
f 1287 1348 1286
f 1350 1289 1351
f 1289 1350 1288
f 1352 1353 1354
f 1291 1292 1355
f 1291 1353 1290
f 1356 1293 1357
f 1357 1294 1358
f 1359 1296 1360
f 1359 1358 1294
f 1361 1297 1362
f 1361 1360 1296
f 1363 1299 1364
f 1363 1362 1297
f 1365 1301 1366
f 1365 1364 1299
f 1367 1303 1368
f 1367 1366 1301
f 1369 1305 1370
f 1369 1368 1303
f 1371 1370 1305
f 1372 1371 1307
f 1373 1372 1307
f 1373 1309 1374
f 1375 1374 1309
f 1375 1311 1376
f 1377 1376 1311
f 1377 1312 1378
f 1313 1378 1312
f 1313 1379 1380
f 1379 1313 1250
f 1379 1314 1381
f 1315 1381 1314
f 1381 1315 1382
f 1317 1383 1316
f 1317 1384 1383
f 1322 1385 1321
f 1385 1322 1386
f 1257 1387 1388
f 1387 1257 1323
f 1325 1389 1390
f 1324 1389 1325
f 1324 1391 1389
f 1391 1324 1326
f 1326 1392 1391
f 1392 1326 1327
f 1327 1393 1392
f 1393 1327 1328
f 1328 1394 1393
f 1394 1328 1329
f 1329 1395 1394
f 1395 1329 1330
f 1330 1396 1395
f 1396 1330 1266
f 1266 1331 1396
f 1397 1332 1269
f 1398 1273 1274
f 1399 1274 1275
f 1274 1399 1398
f 1275 1400 1399
f 1401 1402 1338
f 1403 1338 1277
f 1404 1338 1403
f 1405 1339 1207
f 1342 1406 1340
f 1342 1343 1407
f 1407 1344 1408
f 1344 1407 1343
f 1408 1345 1409
f 1345 1408 1344
f 1409 1346 1410
f 1346 1409 1345
f 1410 1347 1411
f 1347 1410 1346
f 1411 1348 1412
f 1348 1411 1347
f 1413 1354 1414
f 1354 1413 1352
f 1354 1355 1415
f 1416 1356 1417
f 1416 1415 1355
f 1417 1418 1419
f 1418 1357 1420
f 1421 1360 1422
f 1421 1420 1358
f 1423 1362 1424
f 1423 1422 1360
f 1425 1364 1426
f 1425 1424 1362
f 1427 1366 1428
f 1427 1426 1364
f 1429 1368 1430
f 1429 1428 1366
f 1431 1370 1432
f 1368 1431 1430
f 1433 1432 1370
f 1433 1372 1434
f 1435 1434 1372
f 1436 1435 1374
f 1437 1436 1374
f 1437 1376 1438
f 1439 1438 1376
f 1440 1439 1378
f 1380 1440 1378
f 1381 1441 1442
f 1382 1441 1381
f 1382 1383 1443
f 1384 1443 1383
f 1443 1384 1444
f 1445 1384 1319
f 1446 1447 1385
f 1446 1385 1386
f 1448 1449 1386
f 1448 1387 1450
f 1451 1387 1452
f 1390 1453 1454
f 1389 1453 1390
f 1389 1455 1453
f 1455 1389 1391
f 1391 1456 1455
f 1456 1391 1392
f 1392 1457 1456
f 1457 1392 1393
f 1393 1458 1457
f 1458 1393 1394
f 1394 1459 1458
f 1395 1459 1394
f 1395 1460 1459
f 1461 1395 1396
f 1396 1462 1461
f 1396 1331 1462
f 1331 1463 1462
f 1463 1331 1332
f 1332 1464 1463
f 1465 1334 1333
f 1272 1271 1465
f 1271 1270 1273
f 1273 1466 1271
f 1467 1399 1400
f 1468 1276 1469
f 1276 1468 1400
f 1470 1405 1471
f 1405 1470 1339
f 1472 1471 1405
f 1406 1342 1473
f 1473 1407 1474
f 1407 1473 1342
f 1408 1474 1407
f 1410 1475 1409
f 1410 1411 1476
f 1476 1412 1477
f 1412 1476 1411
f 1478 1479 1480
f 1480 1481 1478
f 1479 1414 1482
f 1479 1478 1413
f 1483 1482 1414
f 1484 1417 1419
f 1484 1483 1415
f 1485 1486 1419
f 1487 1488 1489
f 1418 1487 1485
f 1488 1422 1490
f 1420 1488 1487
f 1491 1424 1492
f 1491 1490 1422
f 1493 1426 1494
f 1493 1492 1424
f 1495 1428 1496
f 1494 1426 1495
f 1497 1430 1498
f 1428 1497 1496
f 1499 1432 1500
f 1498 1430 1499
f 1501 1500 1432
f 1502 1501 1434
f 1503 1502 1434
f 1503 1436 1504
f 1505 1504 1436
f 1506 1505 1438
f 1507 1506 1438
f 1507 1440 1508
f 1509 1508 1440
f 1509 1442 1510
f 1511 1510 1442
f 1441 1512 1511
f 1513 1512 1441
f 1513 1443 1514
f 1444 1514 1443
f 1514 1444 1515
f 1444 1516 1515
f 1447 1517 1445
f 1517 1447 1518
f 1446 1519 1518
f 1519 1446 1386
f 1454 1520 1521
f 1520 1454 1453
f 1453 1522 1520
f 1453 1455 1522
f 1455 1523 1522
f 1523 1455 1456
f 1456 1524 1523
f 1524 1456 1457
f 1457 1525 1524
f 1525 1457 1458
f 1458 1459 1525
f 1526 1459 1460
f 1461 1527 1528
f 1527 1461 1462
f 1529 1530 1463
f 1531 1532 1334
f 1334 1533 1531
f 1534 1271 1466
f 1535 1398 1399
f 1398 1535 1536
f 1537 1538 1539
f 1540 1470 1541
f 1542 1537 1539
f 1471 1543 1470
f 1471 1472 1544
f 1406 1473 1545
f 1545 1546 1406
f 1474 1547 1473
f 1474 1408 1548
f 1475 1410 1549
f 1549 1476 1550
f 1476 1549 1410
f 1551 1480 1552
f 1551 1553 1481
f 1554 1482 1555
f 1554 1552 1480
f 1556 1555 1482
f 1557 1419 1486
f 1557 1556 1483
f 1558 1559 1486
f 1560 1489 1561
f 1485 1560 1558
f 1489 1490 1562
f 1563 1492 1564
f 1563 1562 1490
f 1565 1566 1564
f 1565 1493 1494
f 1567 1568 1569
f 1567 1495 1496
f 1570 1571 1572
f 1498 1570 1497
f 1573 1574 1575
f 1500 1573 1499
f 1576 1577 1500
f 1576 1502 1578
f 1579 1578 1502
f 1579 1504 1580
f 1581 1580 1504
f 1581 1506 1582
f 1583 1582 1506
f 1584 1583 1508
f 1585 1584 1508
f 1585 1510 1586
f 1587 1586 1510
f 1587 1512 1588
f 1589 1588 1512
f 1590 1591 1592
f 1515 1593 1514
f 1517 1594 1515
f 1518 1594 1517
f 1519 1595 1518
f 1449 1596 1519
f 1597 1598 1521
f 1521 1520 1597
f 1599 1522 1523
f 1523 1600 1599
f 1524 1600 1523
f 1524 1601 1600
f 1602 1524 1525
f 1525 1526 1602
f 1526 1525 1459
f 1460 1528 1526
f 928 1063 1061
f 1465 1603 1604
f 1603 1465 1271
f 1271 1534 1603
f 1605 1468 1401
f 1467 1606 1607
f 1401 1404 1608
f 1541 1542 1539
f 1543 1471 1544
f 1544 1546 1609
f 1546 1544 1472
f 1545 1609 1546
f 1547 1474 1610
f 1611 1610 1474
f 1548 1475 1612
f 1612 1549 1613
f 1612 1475 1549
f 1613 1550 1614
f 1549 1550 1613
f 1615 1616 1617
f 1551 1618 1553
f 1619 1552 1620
f 1619 1618 1551
f 1621 1555 1622
f 1621 1620 1552
f 1555 1623 1622
f 1624 1486 1559
f 1624 1623 1556
f 1625 1626 1559
f 1627 1561 1628
f 1558 1627 1625
f 1629 1630 1628
f 1629 1489 1562
f 1631 1632 1633
f 1631 1563 1564
f 1566 1634 1635
f 1566 1565 1569
f 1568 1636 1637
f 1567 1572 1568
f 1571 1638 1639
f 1571 1570 1575
f 1574 1640 1641
f 1574 1573 1577
f 1642 1643 1644
f 1642 1576 1578
f 1645 1646 1647
f 1645 1579 1580
f 1648 1649 1650
f 1648 1581 1582
f 1651 1652 1653
f 1651 1583 1584
f 1654 1655 1584
f 1654 1586 1656
f 1657 1656 1586
f 1588 1658 1657
f 1659 1658 1588
f 1593 1660 1659
f 1593 1659 1514
f 1594 1661 1515
f 1662 1663 1594
f 1664 1595 1519
f 1665 1666 1667
f 1598 1668 1665
f 1668 1598 1597
f 1520 1669 1670
f 1669 1520 1522
f 1522 1599 1669
f 1602 1671 1672
f 1671 1602 1526
f 1528 1673 1674
f 1673 1528 1527
f 1529 1675 1676
f 1675 1529 919
f 1677 1678 917
f 1531 1533 1677
f 1679 1603 1534
f 1680 1536 1535
f 1536 1681 1534
f 1680 1535 1607
f 1682 1608 1404
f 1683 1682 1684
f 11 1544 1685
f 1544 11 1543
f 1609 1685 1544
f 1545 1547 1686
f 1610 1686 1547
f 1687 1612 1688
f 1612 1687 1548
f 1688 1613 1689
f 1613 1688 1612
f 1690 1617 1691
f 1617 1690 1615
f 1692 1619 1693
f 1692 1691 1617
f 1619 1620 1693
f 1694 1622 1695
f 1694 1696 1620
f 1697 1623 1698
f 1697 1695 1622
f 1699 1559 1626
f 1699 1698 1623
f 1700 1701 1702
f 1703 1704 1700
f 1703 1627 1628
f 1630 1705 1706
f 1630 1629 1633
f 1632 1707 1708
f 1632 1631 1635
f 1634 1709 1710
f 1566 1637 1634
f 1636 1711 1712
f 1636 1568 1639
f 1638 1713 1714
f 1638 1571 1641
f 1640 1715 1716
f 1640 1574 1644
f 1643 1717 1718
f 1643 1642 1647
f 1646 1719 1720
f 1646 1645 1650
f 1649 1721 1722
f 1648 1653 1649
f 1652 1723 1724
f 1652 1651 1655
f 1725 1726 1727
f 1725 1654 1656
f 1728 1729 1730
f 1728 1657 1658
f 1660 1731 1732
f 1660 1593 1733
f 1661 1734 1735
f 1662 1736 1663
f 1595 1594 1518
f 1596 1737 1664
f 1738 1596 1667
f 1739 1668 1597
f 1670 1740 1741
f 1740 1670 1669
f 1669 1742 1740
f 1742 1669 1599
f 1743 1744 1742
f 1745 1743 1600
f 1746 1677 1533
f 1604 1747 1746
f 1747 1604 1603
f 1603 1679 1747
f 1606 1605 1608
f 1682 1748 1608
f 1537 1542 1749
f 1685 1609 1750
f 1750 1686 1751
f 1686 1750 1609
f 1752 1610 1753
f 1610 1752 1686
f 1753 1687 1754
f 1611 1753 1610
f 1754 1688 1755
f 1688 1754 1687
f 1755 1689 1756
f 1689 1755 1688
f 1757 1691 1758
f 1691 1757 1690
f 1759 1693 1760
f 1758 1691 1759
f 1761 1760 1696
f 1762 1695 1763
f 1761 1696 1762
f 1764 1698 1765
f 1764 1763 1695
f 1766 1626 1702
f 1698 1766 1765
f 1767 1768 1701
f 1704 1769 1770
f 1704 1703 1706
f 1705 1771 1772
f 1705 1630 1708
f 1707 1773 1774
f 1707 1632 1710
f 1709 1775 1776
f 1709 1634 1712
f 1711 1777 1778
f 1711 1636 1714
f 1713 1779 1780
f 1638 1716 1713
f 1715 1781 1782
f 1715 1640 1718
f 1717 1783 1784
f 1717 1643 1720
f 1719 1785 1786
f 1719 1646 1722
f 1721 1787 1788
f 1721 1649 1724
f 1723 1789 1790
f 1723 1652 1727
f 1726 1791 1792
f 1726 1725 1730
f 1729 1793 1794
f 1729 1728 1732
f 1731 1795 1796
f 1731 1660 1733
f 1733 1797 1731
f 1733 1593 1735
f 1734 1797 1735
f 1734 1661 1663
f 1736 1798 1799
f 1736 1662 1800
f 1801 1800 1664
f 1737 1802 1801
f 1666 1803 1738
f 1804 1666 1665
f 1668 1805 1804
f 1739 1805 1668
f 1806 1807 1808
f 1806 1741 1740
f 1740 1809 1806
f 1810 1745 1672
f 1672 1811 1810
f 1811 1672 1671
f 1675 1812 1813
f 1814 1815 51
f 51 1337 1814
f 1607 1816 1680
f 1683 1684 1817
f 1054 1190 1123
f 1818 1819 54
f 54 51 1818
f 1749 1817 1684
f 11 1685 12
f 1820 1750 1821
f 1750 1820 1685
f 1821 1751 1822
f 1821 1750 1751
f 1823 1753 1824
f 1753 1823 1752
f 1824 1754 1825
f 1754 1824 1753
f 1825 1755 1826
f 1755 1825 1754
f 1826 1756 1827
f 1756 1826 1755
f 1828 1829 1830
f 1829 1828 1831
f 1832 1757 1833
f 1834 898 861
f 1757 1758 1835
f 1758 1760 1836
f 1837 1836 1761
f 1838 1763 1839
f 1761 1838 1837
f 1840 1765 1841
f 1840 1839 1763
f 1842 1766 1702
f 1842 1843 1841
f 1767 1701 1770
f 1767 1844 1845
f 1769 1846 1847
f 1769 1704 1772
f 1771 1848 1849
f 1771 1705 1774
f 1773 1850 1851
f 1773 1707 1776
f 1775 1852 1853
f 1775 1709 1778
f 1777 1854 1855
f 1780 1777 1711
f 1779 1856 1857
f 1779 1713 1782
f 1781 1858 1859
f 1781 1715 1784
f 1783 1860 1861
f 1783 1717 1786
f 1785 1862 1863
f 1785 1719 1788
f 1787 1864 1865
f 1787 1721 1790
f 1789 1866 1867
f 1789 1723 1792
f 1791 1868 1869
f 1791 1726 1794
f 1793 1870 1871
f 1793 1729 1796
f 1872 1795 1731
f 1797 1873 1874
f 1797 1733 1735
f 1875 1734 1799
f 1798 1876 1877
f 1878 1798 1736
f 1878 1879 1880
f 1802 1878 1801
f 1881 1737 1738
f 1803 1882 1881
f 1804 1883 1803
f 1805 1884 1883
f 1809 1740 1742
f 1742 1744 1885
f 1744 1743 1745
f 1745 1886 1744
f 1887 1530 1676
f 1888 1889 54
f 1746 1890 1891
f 1748 1892 1606
f 1749 1893 1894
f 1895 1896 1893
f 12 1897 1898
f 1821 1897 1820
f 1751 1823 1822
f 1899 1824 1900
f 1824 1899 1823
f 1900 1825 1901
f 1825 1900 1824
f 1901 1826 1902
f 1826 1901 1825
f 1903 1830 1904
f 1830 1903 1828
f 1833 1905 1906
f 1905 1835 1907
f 1905 1833 1757
f 1908 1836 1909
f 1908 1907 1835
f 1837 1909 1836
f 1910 1839 1911
f 1910 1912 1837
f 1913 1840 1841
f 1913 1914 1911
f 1843 1842 1768
f 1915 1843 1916
f 1844 1767 1847
f 1844 1917 1918
f 1846 1919 1920
f 1846 1769 1849
f 1848 1921 1922
f 1848 1771 1851
f 1850 1923 1924
f 1853 1850 1773
f 1852 1925 1926
f 1852 1775 1855
f 1854 1927 1928
f 1857 1854 1777
f 1856 1929 1930
f 1856 1779 1859
f 1858 1931 1932
f 1858 1781 1861
f 1860 1933 1934
f 1860 1783 1863
f 1862 1935 1936
f 1862 1785 1865
f 1864 1937 1938
f 1867 1864 1787
f 1866 1939 1940
f 1866 1789 1869
f 1868 1941 1942
f 1868 1791 1871
f 1870 1943 1944
f 1870 1793 1795
f 1872 1945 1946
f 1872 1731 1874
f 1873 1947 1948
f 1873 1797 1875
f 1873 1875 1949
f 1876 1950 1951
f 1880 1876 1798
f 1879 1952 1953
f 1954 1879 1802
f 1809 1955 1956
f 1885 1957 1955
f 1958 1885 1744
f 1744 1886 1958
f 1810 1959 1886
f 1960 1961 1962
f 1963 1817 1894
f 1964 1965 1966
f 1964 1896 1965
f 1897 12 1820
f 1897 1821 1967
f 1822 1899 1968
f 1822 1967 1821
f 1899 1900 1969
f 1969 1968 1899
f 1970 1901 1971
f 1901 1970 1900
f 1971 1902 1972
f 1902 1971 1901
f 1906 1905 1973
f 1906 1974 1904
f 1973 1907 1975
f 1976 1909 1977
f 1976 1975 1907
f 1912 1977 1909
f 1978 1910 1911
f 1979 1980 1978
f 1914 1913 1915
f 1914 1981 1982
f 1916 1843 1845
f 1983 1916 1984
f 1917 1844 1920
f 1917 1985 1986
f 1919 1846 1922
f 1919 1987 1988
f 1921 1989 1990
f 1921 1848 1924
f 1923 1991 1992
f 1923 1850 1926
f 1925 1993 1994
f 1925 1852 1928
f 1927 1995 1996
f 1927 1854 1930
f 1929 1997 1998
f 1929 1856 1932
f 1931 1999 2000
f 1931 1858 1934
f 1933 2001 2002
f 1860 1936 1933
f 1935 2003 2004
f 1935 1862 1938
f 1937 2005 2006
f 1940 1937 1864
f 1939 2007 2008
f 1939 1866 1942
f 1941 2009 2010
f 1941 1868 1944
f 1943 2011 2012
f 1943 1870 1946
f 1945 2013 2014
f 1945 1872 1948
f 1947 2015 2016
f 1947 1873 1949
f 2017 2018 2019
f 1953 1950 1876
f 2020 2021 1884
f 2022 2023 2020
f 1957 2024 1955
f 2025 1957 1958
f 2026 1810 1811
f 2027 2028 2026
f 2029 1678 2030
f 1892 2031 2032
f 2033 2034 1748
f 1898 1897 2035
f 1967 2035 1897
f 1968 2036 1967
f 1969 2037 1968
f 1970 1971 2038
f 2038 2039 1970
f 2040 2041 2042
f 2041 2040 2043
f 2044 2045 2046
f 2044 2047 1974
f 2045 1975 2048
f 2045 2044 1973
f 2049 1977 2050
f 2049 2048 1975
f 2051 1980 2052
f 2051 2050 1977
f 1979 1978 1982
f 1979 2053 2052
f 1981 1914 1983
f 1981 2054 2055
f 1984 1916 1918
f 2056 2057 1984
f 1985 1917 1988
f 1985 2058 2059
f 1987 1919 1990
f 1987 2060 2061
f 1989 2062 2063
f 1989 1921 1992
f 1991 2064 2065
f 1994 1991 1923
f 1993 2066 2067
f 1993 1925 1996
f 1995 2068 2069
f 1995 1927 1998
f 1997 2070 2071
f 2000 1997 1929
f 1999 2072 2073
f 1999 1931 2002
f 2001 2074 2075
f 2001 1933 2004
f 2003 2076 2077
f 2003 1935 2006
f 2005 2078 2079
f 2005 1937 2008
f 2007 2080 2081
f 2007 1939 2010
f 2009 2082 2083
f 2009 1941 2012
f 2011 2084 2085
f 2011 1943 2014
f 2013 2086 2087
f 2013 1945 2016
f 2015 2088 2089
f 2019 2015 1947
f 2019 1949 2017
f 1950 2090 2017
f 1952 2091 2092
f 2093 1952 1954
f 2094 2093 2095
f 2096 1882 1883
f 2021 2097 2096
f 2023 2022 2098
f 1956 2099 2100
f 2025 1958 1886
f 1959 2101 2025
f 2102 2027 2103
f 2104 2105 2106
f 2030 1678 2107
f 2108 2109 2032
f 2034 2031 1892
f 2110 2034 2111
f 2112 2113 2114
f 2115 2116 1963
f 1964 1966 2117
f 1964 2117 2115
f 2035 2118 1898
f 2040 2119 2120
f 2119 2047 2121
f 2047 2042 1974
f 2044 2046 2122
f 2046 2048 2123
f 2124 2125 2126
f 2127 2050 2128
f 2048 2127 2123
f 2129 2052 2130
f 2129 2128 2050
f 2053 1979 2055
f 2130 2053 2131
f 2054 1981 2057
f 2132 2133 2054
f 2056 1984 1986
f 2056 2134 2135
f 2058 1985 2061
f 2058 2136 2137
f 2060 1987 2063
f 2060 2138 2139
f 2062 2140 2141
f 2062 1989 2065
f 2064 2142 2143
f 2067 2064 1991
f 2066 2144 2145
f 2066 1993 2069
f 2068 2146 2147
f 2068 1995 2071
f 2070 2148 2149
f 2073 2070 1997
f 2072 2150 2151
f 2072 1999 2075
f 2074 2152 2153
f 2074 2001 2077
f 2076 2154 2155
f 2079 2076 2003
f 2078 2156 2157
f 2005 2081 2078
f 2080 2158 2159
f 2007 2083 2080
f 2082 2160 2161
f 2009 2085 2082
f 2084 2162 2163
f 2084 2011 2087
f 2086 2164 2165
f 2086 2013 2089
f 2088 2166 2167
f 2090 1950 2092
f 2092 2091 2168
f 2091 1952 2169
f 2093 2170 2169
f 2171 2093 2094
f 2096 2097 2172
f 2097 2021 2173
f 2020 2023 2173
f 2174 1959 2026
f 2026 2028 2174
f 2028 2027 2102
f 1679 2175 1747
f 2176 1963 2177
f 2116 2115 2178
f 2035 2179 2180
f 2181 2182 2183
f 2121 2184 2185
f 2186 2122 2184
f 2187 2123 2188
f 2122 2187 2189
f 2190 2128 2191
f 2123 2190 2188
f 2192 2130 2193
f 2191 2128 2192
f 2131 2053 2133
f 2131 2194 2193
f 2132 2054 2135
f 2132 2195 2196
f 2134 2056 2059
f 2134 2197 2198
f 2136 2058 2139
f 2137 2136 2199
f 2138 2060 2141
f 2139 2138 2200
f 2141 2140 2201
f 2140 2062 2143
f 2143 2142 2202
f 2145 2142 2064
f 2145 2144 2203
f 2144 2066 2147
f 2146 2204 2205
f 2146 2068 2149
f 2148 2206 2207
f 2148 2070 2151
f 2150 2208 2209
f 2150 2072 2153
f 2152 2210 2211
f 2152 2074 2155
f 2154 2212 2213
f 2154 2076 2157
f 2156 2214 2215
f 2156 2078 2159
f 2216 2217 2218
f 2161 2158 2080
f 2160 2219 2220
f 2160 2082 2163
f 2162 2221 2222
f 2162 2084 2165
f 2164 2223 2224
f 2164 2086 2167
f 2225 2226 2166
f 2225 2018 2227
f 2169 2170 2228
f 2171 2170 2093
f 2171 2229 2230
f 2231 2100 2099
f 2232 2024 1957
f 1268 1267 1132
f 2101 1959 2174
f 1890 1746 1747
f 1747 2175 1890
f 2233 1681 2234
f 2235 1681 1816
f 2031 2034 2236
f 2117 2178 2115
f 2117 2237 2238
f 2237 1966 2118
f 2118 2180 2239
f 2240 2120 2241
f 2185 2184 2242
f 2185 2243 2244
f 2189 2242 2184
f 2245 2188 2246
f 2189 2245 2247
f 2248 2191 2249
f 2248 2246 2188
f 2250 2192 2193
f 2249 2251 2252
f 2194 2131 2196
f 2194 2253 2254
f 2195 2132 2198
f 2195 2255 2256
f 2197 2134 2137
f 2198 2197 2257
f 2258 2259 2200
f 2258 2260 2261
f 2262 2263 2264
f 2263 2265 2258
f 2264 2266 2262
f 2202 2267 2266
f 2268 2267 2203
f 2203 2269 2268
f 2270 2269 2205
f 2205 2204 2270
f 2204 2146 2207
f 2207 2206 2271
f 2148 2209 2206
f 2209 2208 2272
f 2208 2150 2211
f 2211 2210 2273
f 2210 2152 2213
f 2213 2212 2274
f 2154 2215 2212
f 2215 2214 2275
f 2218 2214 2156
f 2219 2276 2277
f 2219 2160 2222
f 2221 2276 2222
f 2221 2162 2224
f 2166 2278 2223
f 2226 2279 2280
f 2226 2225 2227
f 2091 2281 2168
f 2282 2283 2229
f 2284 2229 2172
f 2284 2172 2097
f 2173 2285 2286
f 2285 2173 2023
f 2098 2287 2288
f 2030 1891 2289
f 2290 2291 2292
f 2293 2180 2290
f 2294 2295 2296
f 2297 2241 2298
f 2243 2299 2300
f 2299 2242 2301
f 2247 2301 2242
f 2302 2246 2303
f 2302 2304 2247
f 2305 2249 2252
f 2305 2303 2246
f 2306 2251 2307
f 2253 2194 2256
f 2254 2253 2307
f 2255 2195 2257
f 2255 2308 2256
f 2261 2309 2199
f 2310 2260 2311
f 2312 2260 2310
f 2313 2265 2262
f 2265 2313 2314
f 2262 2315 2313
f 2266 2316 2317
f 2318 2316 2268
f 2268 2319 2318
f 2270 2320 2319
f 2270 2321 2320
f 2322 2323 2272
f 2272 2324 2322
f 2325 2326 2273
f 2327 2328 2274
f 2274 2329 2327
f 2275 2214 2330
f 2331 2332 2277
f 2222 2276 2219
f 2333 2221 2334
f 2278 2166 2280
f 2335 2279 2226
f 2281 2091 2228
f 2336 2337 2230
f 2338 2339 2285
f 2340 2341 2231
f 2342 2340 2024
f 2343 2344 2232
f 2343 2232 2025
f 2109 2235 1816
f 2111 2345 2110
f 2346 2345 2111
f 2116 2347 2177
f 2238 2178 2117
f 2348 2291 2290
f 2292 2349 2293
f 2350 2351 2291
f 2295 2294 2112
f 2352 2353 2354
f 2355 2298 2356
f 2300 2357 2358
f 2298 2300 2356
f 2357 2301 2359
f 2357 2300 2299
f 2360 2304 2361
f 2359 2301 2360
f 2362 2303 2363
f 2362 2361 2304
f 2364 2363 2365
f 2366 2367 2306
f 2368 2369 2308
f 2366 2369 2370
f 2371 2372 2373
f 2368 2371 2374
f 2375 2376 2260
f 2373 2377 2371
f 2378 2310 2314
f 2312 2379 2380
f 2314 2381 2378
f 2382 2315 2317
f 2317 2383 2382
f 2384 2383 2318
f 2318 2385 2384
f 2386 2385 2320
f 2320 2387 2386
f 2388 2387 2389
f 2389 2390 2388
f 2391 2392 2322
f 2322 2393 2391
f 2394 2324 2325
f 2325 2395 2394
f 2395 2325 2327
f 2327 2396 2395
f 2397 2329 2330
f 2398 2399 2332
f 2400 2331 2276
f 2401 2402 2403
f 2404 2278 2280
f 2337 2336 2405
f 2347 2116 2406
f 2406 1960 2407
f 2238 2408 2409
f 2350 2295 2114
f 2114 2351 2350
f 2410 2411 2356
f 2412 2413 2358
f 2414 2359 2415
f 2416 2417 2361
f 2418 2363 2364
f 2419 2420 2367
f 2421 2370 2374
f 2370 2422 2419
f 2423 2374 2371
f 2374 2423 2421
f 2380 2377 2312
f 2424 2379 2378
f 2380 2425 2426
f 2427 2381 2428
f 2378 2429 2424
f 2428 2430 2427
f 2431 2428 2382
f 2382 2432 2431
f 2433 2432 2384
f 2384 2434 2433
f 2435 2434 2386
f 2386 2436 2435
f 2436 2388 2437
f 2388 2438 2437
f 2439 2390 2391
f 2391 2440 2439
f 2394 2441 2393
f 2394 2442 2441
f 2443 2396 2397
f 2444 2445 2399
f 2400 2446 2447
f 2448 2449 2401
f 2450 2279 2335
f 2451 2452 2335
f 2405 2453 2454
f 2336 2455 2405
f 2456 2457 2283
f 2175 2458 1890
f 2459 2460 2349
f 2292 2351 2461
f 2461 2349 2292
f 2112 2352 2113
f 2462 2463 2352
f 2464 2465 2417
f 2466 2467 2468
f 652 2420 2419
f 2467 2469 2468
f 2470 2422 2421
f 2419 2471 652
f 2421 2423 2472
f 2421 2473 2470
f 2426 2474 2380
f 2472 2475 2476
f 2477 2425 2424
f 2478 2426 2479
f 2480 2429 2427
f 2424 2481 2477
f 2427 2482 2480
f 2431 2483 2430
f 2431 2484 2483
f 2433 2485 2484
f 2433 2486 2485
f 2487 2486 2435
f 2435 2488 2487
f 2489 2488 2437
f 2437 2490 2489
f 2439 2491 2438
f 2439 2492 2491
f 2493 2440 2441
f 2441 2494 2493
f 2494 2442 2495
f 2496 2495 2443
f 2444 2497 2445
f 2446 2498 2499
f 2500 2501 2502
f 2503 2504 2448
f 2505 2506 2507
f 2508 2509 2453
f 2510 2511 2512
f 2345 2513 2514
f 2346 2515 2345
f 2114 2113 2516
f 2516 2517 2114
f 2518 2519 2113
f 2520 2521 2463
f 2522 2523 2524
f 2525 2413 2526
f 2527 2414 2528
f 2529 2468 2530
f 654 2469 652
f 2468 2531 2530
f 2532 2471 2470
f 653 2533 654
f 2534 2473 2476
f 2470 2534 2532
f 2478 2475 2426
f 2476 2535 2536
f 2537 2479 2477
f 2538 2539 2478
f 2540 2481 2480
f 2537 2477 2541
f 2480 2542 2540
f 2543 2482 2483
f 2544 2545 2543
f 2485 2546 2544
f 2485 2547 2546
f 2548 2549 2487
f 2550 2551 2548
f 2552 2550 2489
f 2489 2553 2552
f 2554 2490 2491
f 2491 2555 2554
f 2555 2492 2556
f 2493 2556 2492
f 2496 2557 2494
f 2496 2558 2557
f 2558 2496 2559
f 2559 2560 2561
f 2562 2563 2497
f 2564 2565 2498
f 2566 2567 2500
f 2568 2569 2503
f 2570 2571 2450
f 2572 2573 2452
f 2574 2575 2576
f 2577 2578 2339
f 2236 2110 2514
f 1960 1962 2579
f 2349 2580 2459
f 2581 2459 2580
f 2461 2517 2582
f 2580 2461 2582
f 2516 2583 2517
f 2584 2585 2523
f 2586 2587 2525
f 2588 2589 2527
f 2590 2591 2465
f 2592 2530 2593
f 2531 2594 2530
f 2533 2595 2596
f 2597 2534 2536
f 2598 2599 2600
f 2539 2535 2478
f 2536 2601 2597
f 2602 2538 2537
f 2539 2603 2604
f 2605 2541 2540
f 2537 2606 2602
f 2540 2607 2605
f 2543 2608 2542
f 2545 2609 2608
f 2610 2545 2546
f 2546 2611 2610
f 2612 2547 2548
f 2551 2613 2612
f 2614 2551 2552
f 2552 2615 2614
f 2616 2553 2554
f 2554 2617 2616
f 2618 2556 2557
f 2557 2558 2619
f 2620 2561 2621
f 2622 2562 2623
f 2624 2625 2564
f 2626 2627 2566
f 2568 2628 2629
f 2630 2631 2506
f 2632 2633 2457
f 2634 2635 2636
f 2637 2638 2639
f 2236 2640 2641
f 2640 2236 2514
f 2582 2642 2580
f 2643 2519 2644
f 2645 2646 2521
f 2647 2648 2585
f 2649 2650 2651
f 2652 2653 2587
f 2654 2589 2588
f 2655 2656 2591
f 2657 2592 2658
f 2659 2596 2660
f 2661 2595 2600
f 2595 2662 2596
f 2663 2599 2597
f 2600 2664 2661
f 2604 2601 2539
f 2597 2665 2663
f 2666 2603 2602
f 2604 2667 2668
f 256 2669 2670
f 2602 2671 2666
f 2605 2672 2673
f 2608 2674 2607
f 2609 2675 2674
f 2609 2610 2676
f 2610 2677 2676
f 2678 2611 2612
f 2613 2679 2678
f 2614 2680 2613
f 2614 2681 2680
f 2682 2615 2616
f 2616 2683 2682
f 2684 2617 2685
f 2686 2687 2619
f 2620 2688 2689
f 2690 2691 2623
f 2624 2692 2693
f 2694 2695 2626
f 2696 2697 2628
f 2570 2698 2699
f 2700 2701 2572
f 2702 2703 2407
f 2704 2705 2706
f 2707 2708 2583
f 2647 2709 2710
f 2711 2712 2650
f 2589 2713 2653
f 2714 2715 2656
f 2716 2717 2658
f 2659 2718 2719
f 2720 2721 2662
f 2722 2664 2663
f 2720 2661 2723
f 2668 2665 2604
f 2722 2663 2724
f 2725 2667 2666
f 2726 2727 2668
f 2728 2671 2673
f 2666 2729 2725
f 2673 2730 2728
f 2731 2672 2674
f 2675 2732 2731
f 2733 2675 2676
f 2676 2734 2733
f 2735 2677 2678
f 2679 2736 2735
f 2737 2679 2680
f 2680 2738 2737
f 2739 2681 2682
f 2682 2683 2740
f 2741 2742 2743
f 2744 2687 2686
f 2745 2746 2688
f 2690 2747 2748
f 2692 2749 2750
f 2751 2752 2694
f 2753 2754 2755
f 2756 2757 2758
f 2759 2760 2341
f 2581 2761 2706
f 2762 2763 2642
f 2764 2765 2643
f 2766 2767 2646
f 2768 2648 2769
f 2770 2771 2710
f 2772 2773 2774
f 2715 2775 2776
f 2777 2778 2717
f 2718 2779 2780
f 2781 2721 2782
f 2783 2784 2723
f 2727 2724 2668
f 2126 2726 2725
f 2727 2785 2786
f 2787 2729 2728
f 2126 2729 2124
f 2728 2788 2787
f 2789 2730 2731
f 2731 2790 2789
f 2791 2732 2733
f 2733 2792 2791
f 2793 2734 2735
f 2735 2794 2793
f 2737 2795 2736
f 2737 2738 2796
f 2797 2798 2740
f 2799 2800 2743
f 2801 2802 2744
f 2745 2803 2804
f 2805 2806 2747
f 2807 2808 2749
f 2809 2810 2751
f 2696 2811 2812
f 2813 2814 2698
f 2815 2816 2700
f 2817 2818 2633
f 2819 2820 2575
f 2759 2342 2821
f 2822 2823 2824
f 2175 2233 2825
f 2515 2513 2345
f 2826 2579 2827
f 2704 2706 2828
f 2829 2830 2773
f 2831 2832 2776
f 2833 2778 2834
f 2779 2835 2836
f 2837 2782 2838
f 2786 2839 2840
f 2786 2785 2841
f 2842 2843 2787
f 2844 2845 2842
f 2844 2788 2789
f 2789 2846 2847
f 2848 2790 2791
f 2791 2792 2849
f 2850 2794 2851
f 2852 2796 2853
f 2854 2855 2800
f 2856 2857 2801
f 2858 2859 2803
f 2805 2860 2861
f 2862 2863 2807
f 2864 2865 2809
f 3 2866 2753
f 2867 2816 2815
f 2868 2869 2578
f 2870 2030 2289
f 2871 2235 2872
f 2873 2874 2761
f 2762 2875 2763
f 2876 2877 2878
f 2879 2880 2765
f 2881 2882 2767
f 2883 2768 2884
f 2885 2886 2887
f 2888 2889 2890
f 2830 2891 2892
f 2830 2829 2893
f 2894 2895 2832
f 2896 2897 2833
f 2898 2899 2835
f 2900 2901 2838
f 2902 2903 2904
f 2905 2839 2906
f 2907 2841 2908
f 2125 2843 2909
f 2842 2845 2910
f 2911 2846 2912
f 2913 2914 2849
f 2915 2916 2850
f 2917 2918 2852
f 2919 2920 2921
f 2854 2922 2855
f 2923 2924 2856
f 2925 2926 2858
f 2927 2928 2860
f 2929 2930 2862
f 2931 2932 2811
f 2933 1 2813
f 2934 2935 2936
f 2757 2937 2938
f 2939 2344 2940
f 2941 2942 2702
f 2943 2944 2889
f 2945 2946 2893
f 2947 2948 2895
f 2949 2897 2950
f 2898 2951 2952
f 2900 2953 2954
f 2955 2904 2956
f 2957 2958 2906
f 2959 2960 2908
f 2961 2909 2962
f 2910 2963 2964
f 2911 2965 2966
f 2967 2968 2914
f 2969 2916 2970
f 2971 2972 2918
f 2973 2974 2920
f 2975 2976 2922
f 2977 2978 2923
f 2979 2980 2925
f 2981 2982 2927
f 2983 2929 2984
f 2985 2986 3
f 2987 2988 2989
f 2990 2991 2992
f 2993 2994 2874
f 2875 2995 2996
f 2876 2997 2877
f 2998 2999 2882
f 3000 3001 2883
f 3002 3003 2886
f 3004 3005 3006
f 3007 3008 2946
f 3009 3010 2948
f 3011 3012 2949
f 2951 3013 3014
f 3015 2953 3016
f 3017 2956 3018
f 2957 3019 3020
f 3021 3022 2959
f 3023 2962 3024
f 3025 2964 3026
f 3027 3028 2966
f 3029 3030 2968
f 3031 3032 2969
f 3033 2972 3034
f 3035 3036 2974
f 3037 3038 2975
f 3039 3040 2977
f 3041 3042 2979
f 3043 3044 2981
f 3045 2933 3046
f 3047 3048 3049
f 3050 3051 2820
f 2640 3052 2641
f 3053 3054 2827
f 3055 3056 2828
f 3057 3058 2944
f 3059 3060 3010
f 3061 3062 3012
f 3013 3063 3014
f 3064 3065 3016
f 3018 3066 3067
f 3068 3021 3069
f 3070 3024 3071
f 3072 3026 3073
f 3074 3075 3028
f 3076 3077 3030
f 3078 3079 3032
f 3080 3081 3033
f 3082 3083 3036
f 3037 3084 3085
f 3039 3086 3087
f 3088 3089 3041
f 3090 3091 3043
f 3092 3093 2984
f 3094 2864 3095
f 3096 3097 2985
f 3098 3099 2935
f 3100 3101 2938
f 2995 3102 3103
f 2997 3104 3105
f 3106 3107 3108
f 3109 3110 3001
f 3111 3112 3003
f 3113 3114 3004
f 3115 3116 3008
f 3061 3117 3062
f 3118 3013 3065
f 3119 3066 3120
f 3121 3122 3123
f 3124 3069 3125
f 3126 3071 3127
f 3128 3073 3129
f 3075 3130 638
f 3131 3077 3132
f 3079 3133 3134
f 3135 3136 3081
f 3137 3138 3083
f 3139 3140 3084
f 3141 3142 3086
f 3143 3088 3144
f 3145 3146 3046
f 3147 3148 2869
f 3149 2760 3150
f 3151 3152 3058
f 3153 3060 3154
f 3117 3155 3156
f 3118 3157 3158
f 3159 3064 3160
f 3161 3120 3162
f 2024 2340 2231
f 2025 2101 2343
f 3125 3163 3164
f 185 2669 255
f 3165 3127 3166
f 3167 3168 3169
f 3170 3129 3171
f 3172 636 638
f 3173 3174 173
f 3175 3176 3131
f 172 168 167
f 3177 3178 3134
f 168 164 163
f 3179 3180 3136
f 162 164 3181
f 3182 3183 3138
f 3184 3185 3139
f 3141 3186 3187
f 3188 3189 3190
f 3191 3192 3096
f 1592 3193 3194
f 2513 3195 3196
f 3197 3198 2994
f 3102 3199 3200
f 3104 3201 3202
f 3107 3203 3204
f 3205 3206 3207
f 3208 3209 3112
f 3210 3211 3114
f 3212 3213 3116
f 3214 3157 3215
f 3216 3215 3160
f 3217 3218 3162
f 3219 3220 3221
f 3222 3223 3224
f 3225 3221 102
f 3164 3163 3226
f 3227 3228 3166
f 3229 3171 3230
f 3231 162 3232
f 636 3233 3234
f 99 3221 3231
f 3235 3236 3176
f 3237 3238 3178
f 3239 3240 3180
f 3232 3241 3242
f 3183 3243 3244
f 3245 3246 3184
f 3247 3248 3186
f 3249 3250 3144
f 3251 3252 3253
f 3254 3255 3145
f 3256 3257 1591
f 3258 3259 3101
f 3260 3261 3262
f 3263 3051 3264
f 3265 2990 3266
f 3267 3268 2942
f 3269 3270 3056
f 3271 3272 3152
f 3273 3274 3213
f 3275 3276 3214
f 3214 3216 3277
f 3278 3279 3217
f 3280 3224 3281
f 3226 3282 3283
f 3284 3227 3285
f 3286 3287 3234
f 3288 3289 3236
f 3290 3291 3238
f 3292 3293 3294
f 3295 3296 3240
f 3297 3298 3299
f 3300 3301 3244
f 3302 3303 3297
f 3245 3304 3246
f 3305 3306 3247
f 3307 3308 3249
f 3309 3310 3189
f 3311 3312 3313
f 3314 3191 3315
f 3316 3261 3260
f 3317 2821 3318
f 3319 3320 3201
f 3203 3321 3322
f 3206 3323 3324
f 3325 3326 3209
f 3327 3328 3329
f 3330 3331 3332
f 3333 3334 3275
f 3275 3277 3335
f 3336 3337 3338
f 3339 3279 3340
f 3341 3338 52
f 3342 3281 3343
f 3283 3282 3344
f 3345 3285 3346
f 3337 3347 3348
f 7 9 3349
f 3338 3348 53
f 3350 3351 3287
f 3352 3353 3289
f 3354 3355 3291
f 15 3347 3356
f 3357 3358 3296
f 14 3348 15
f 3359 3301 3360
f 3361 3362 3304
f 3363 3308 3307
f 3364 3365 3312
f 3366 3367 3251
f 3368 3369 3254
f 3370 3368 3254
f 3257 3371 3372
f 3373 3374 3375
f 2640 3376 3052
f 3377 3378 3054
f 3379 3380 3272
f 3381 3382 3383
f 3384 3385 3330
f 3386 3387 3333
f 3333 3335 3388
f 3389 3340 3390
f 3391 3343 3392
f 3393 3344 3394
f 3346 3395 3396
f 3349 3397 3398
f 3399 3400 3351
f 3353 3401 3402
f 3403 3404 3355
f 3405 3406 3358
f 3407 3408 3359
f 3409 3410 3362
f 3411 3412 3413
f 3414 3363 3415
f 3416 3417 3418
f 3419 3420 3309
f 3367 3421 3364
f 3314 3422 3366
f 3369 3423 3315
f 3199 3424 3425
f 3323 3426 3427
f 3428 3429 3430
f 3431 3432 3386
f 3386 3388 3433
f 3434 3390 3435
f 3436 3437 3392
f 3438 3395 3439
f 3398 3440 3441
f 3442 3443 3400
f 3402 3444 3445
f 3446 3447 3406
f 3408 3448 3449
f 3409 3450 3451
f 3452 3453 3411
f 3454 3455 3414
f 3415 3456 3414
f 3420 3457 3416
f 3458 3459 3419
f 3460 3461 3462
f 3463 3372 3464
f 3465 3316 3466
f 3467 3263 3468
f 3469 2939 3470
f 3471 2822 3472
f 3473 3474 3475
f 3476 3477 3478
f 3479 3480 3381
f 3481 3482 3384
f 3483 3484 3431
f 3431 3433 3485
f 3486 3435 3487
f 3488 3436 3489
f 3490 3394 3491
f 3492 3439 3493
f 3494 3495 3496
f 3497 3498 3445
f 3499 3500 3501
f 3502 3503 3446
f 3504 3505 3448
f 3451 3506 3448
f 3453 3507 3450
f 3455 3508 3452
f 3509 3510 3511
f 3512 3513 3514
f 3515 3516 3517
f 3518 3519 3520
f 3521 3265 3266
f 3522 3523 3524
f 3525 3526 3195
f 3527 3528 3529
f 3530 3531 3429
f 3532 3533 3534
f 3535 3536 3537
f 3538 3482 3481
f 3539 3540 3483
f 3483 3485 3541
f 3542 3487 3543
f 3544 3489 3545
f 3546 3547 3491
f 3493 3548 3549
f 3550 3496 3551
f 3552 3553 3554
f 3555 3556 3497
f 3500 3557 3497
f 3503 3558 3499
f 3505 3559 3502
f 3560 3561 3562
f 3563 3564 3565
f 3566 3567 3568
f 3569 3570 3571
f 3572 3511 3573
f 3574 3460 3575
f 3576 3518 3577
f 3578 3579 3580
f 3581 3582 2825
f 3583 3584 3585
f 3586 3587 3588
f 3589 3590 3473
f 3591 3592 3593
f 3594 3595 3479
f 3596 3538 3597
f 3598 3599 3539
f 3596 3597 3599
f 3539 3541 3600
f 3601 3543 3602
f 3603 3545 3604
f 3605 3546 3606
f 3549 3607 3608
f 3609 3551 3610
f 3611 3612 3613
f 3614 3615 3616
f 3617 3618 3619
f 3620 3562 3621
f 3622 3623 3624
f 3625 3567 3626
f 3627 3571 3628
f 3629 3514 3630
f 3576 3631 3632
f 3633 3634 3635
f 3636 3465 3637
f 3638 3639 2870
f 3640 3641 2872
f 3642 3643 3644
f 3645 3646 3535
f 3647 3648 3594
f 3649 3650 3596
f 3596 3598 3649
f 3598 3600 3651
f 3652 3602 3653
f 3654 3604 3655
f 3656 3606 3657
f 3658 3608 3659
f 3658 3659 3660
f 3661 3662 3609
f 20 3663 3664
f 3665 3614 3666
f 3667 3617 3668
f 3669 3621 3670
f 3671 3672 3673
f 3674 3624 3675
f 3676 3677 3626
f 3678 3628 3679
f 3680 3573 3681
f 3682 3575 3683
f 3684 3577 3685
f 3686 3687 3688
f 3689 3467 3690
f 3691 3692 3693
f 3694 3695 3696
f 3697 3698 3699
f 3700 3701 3589
f 3702 3703 3591
f 3704 3705 3647
f 3706 3707 3649
f 3649 3598 3708
f 3651 3709 3710
f 3711 3653 3712
f 3713 3655 3714
f 3715 3716 3717
f 3718 3715 3717
f 3719 3720 3658
f 3721 3722 3662
f 21 3664 3723
f 3724 3725 3726
f 3727 3728 3666
f 3668 3729 3730
f 3731 3670 3732
f 3733 3671 3734
f 3735 3675 3736
f 3737 3676 3738
f 3739 3679 3740
f 3683 3741 3742
f 3631 3743 3744
f 3052 2108 2641
f 3745 3746 3747
f 3748 3749 3642
f 3750 3751 3645
f 3752 3703 3702
f 3753 3754 3704
f 3755 3756 3706
f 3704 3756 3753
f 3706 3708 3757
f 3758 3759 3710
f 3760 3714 3761
f 3762 3763 3764
f 3765 3766 3715
f 3767 3768 3722
f 3769 3723 3770
f 3728 3727 3771
f 3772 3729 3773
f 3732 3774 3775
f 3776 3734 3777
f 3778 3736 3779
f 3780 3738 3781
f 3782 3740 3783
f 3784 3681 3785
f 3786 3787 3788
f 3789 3685 3790
f 3791 3635 3792
f 3793 3636 3794
f 3580 3795 3796
f 3797 3521 3798
f 3799 3800 3801
f 3802 3803 3587
f 3804 3805 3806
f 3807 3808 3752
f 3809 3810 3753
f 3753 3811 3809
f 3755 3757 3812
f 3813 3758 3814
f 3815 3816 3817
f 3818 3761 3819
f 3820 3821 3822
f 3823 3822 3766
f 3824 3825 3826
f 3827 3828 3770
f 3829 3830 3831
f 3832 3771 3833
f 3772 3833 3771
f 3834 3774 3835
f 3836 3777 3837
f 3838 3779 3839
f 3781 3840 3841
f 3842 3783 3843
f 3844 3785 3845
f 3846 3847 3741
f 3848 3788 3849
f 3850 3743 3851
f 3852 3853 3854
f 3855 3689 3856
f 3857 3858 3859
f 3860 3861 3862
f 3863 3864 3865
f 3866 3867 3695
f 3868 3869 3870
f 3871 3872 3748
f 3873 3874 3750
f 3875 3876 3877
f 3878 3879 3807
f 3809 3811 3880
f 3881 3812 3882
f 3883 3817 3884
f 3822 3885 3886
f 3887 3888 3825
f 3889 3890 3891
f 3892 3893 3827
f 3894 3831 3895
f 3896 3833 3897
f 3898 3899 3900
f 3834 3900 3899
f 3901 3837 3902
f 3903 3839 3904
f 3840 3905 3906
f 3843 3907 3908
f 3909 3845 3910
f 3911 3846 3912
f 3913 3790 3914
f 3915 3792 3852
f 2458 3916 3917
f 3918 3919 3376
f 3920 3921 3692
f 3922 3923 3804
f 3924 3925 3878
f 3926 3927 3809
f 3809 3880 3926
f 3928 3881 3929
f 3930 3931 3932
f 3933 3884 3934
f 3935 3936 3937
f 3938 3939 3888
f 3940 3941 3890
f 3942 3892 3943
f 3944 3895 3945
f 3946 3897 3947
f 3948 3900 3949
f 3950 3951 3952
f 3901 3952 3951
f 3953 3954 3904
f 3955 3905 3956
f 3957 3907 3958
f 3959 3910 3960
f 3961 3912 3962
f 3963 3849 3964
f 3965 3851 3966
f 3967 3968 3969
f 3970 3971 3526
f 3972 3973 3974
f 3975 3976 3977
f 3978 3979 3980
f 3981 3982 3746
f 3983 3984 3985
f 3985 3984 3986
f 3987 3988 3989
f 3989 3984 3987
f 3990 3991 3871
f 3992 3993 3873
f 3994 3995 3875
f 3996 3925 3924
f 3927 3997 3924
f 3926 3998 3999
f 4000 4001 3929
f 4002 4003 3934
f 4004 3936 4002
f 4005 4006 4007
f 4008 4009 4010
f 3947 4011 4012
f 3949 4013 4014
f 4015 3952 4016
f 4017 4018 4019
f 3954 4019 4018
f 3955 3956 4020
f 4021 3958 4022
f 4023 4024 3960
f 4025 3964 4026
f 4027 4028 3966
f 4029 3914 4030
f 4031 3852 4032
f 4033 3854 4034
f 4035 4036 4037
f 4038 3796 4039
f 4040 3797 4041
f 4042 4043 4044
f 4045 4046 2637
f 4047 4048 3803
f 4049 4050 3868
f 4051 4052 3922
f 4053 4054 3992
f 4055 4056 3994
f 4057 4058 3996
f 3996 3997 4059
f 4060 3999 4061
f 4062 4000 4063
f 4064 4065 4066
f 4067 4068 4002
f 4003 4068 4064
f 4069 4067 4002
f 4005 4070 4006
f 4071 4072 4073
f 4074 4011 4075
f 4076 4013 4077
f 4078 4016 4079
f 4080 4019 4081
f 4082 4081 4019
f 4083 4020 4084
f 4085 4022 4086
f 4087 4088 3962
f 4025 4026 4089
f 4090 4027 4091
f 4030 4092 4093
f 4094 3801 4095
f 3471 4096 4097
f 4098 3974 4099
f 3977 4100 4101
f 3976 4102 3977
f 4103 3980 4104
f 3979 4105 3980
f 3983 4106 3984
f 4107 3989 4108
f 3988 4109 3989
f 4110 4111 4112
f 4110 4112 4113
f 4114 4115 4116
f 4117 4118 3863
f 4119 4120 4121
f 4122 4123 3990
f 4124 4125 4053
f 4126 4127 4055
f 4128 4129 4057
f 4059 4130 4057
f 4131 4132 4061
f 4133 4063 4134
f 4135 4136 4065
f 4137 4138 4067
f 4135 4064 4138
f 4139 4137 4067
f 4140 4141 4142
f 4143 4144 4145
f 4146 4147 4148
f 4149 4150 4151
f 4152 4153 4075
f 4154 4077 4155
f 4078 4079 4156
f 4157 4081 4158
f 4159 4160 4161
f 4083 4161 4160
f 4162 4086 4163
f 4164 4023 4165
f 4166 4034 4167
f 4168 3373 4169
f 3857 4170 3858
f 3860 4171 3861
f 4172 4173 3982
f 4174 4175 4049
f 4176 4177 4051
f 4178 4179 4124
f 4180 4181 4126
f 4182 4183 4128
f 4180 4126 4183
f 4128 4130 4184
f 4131 4185 4186
f 4187 4136 4188
f 4189 4190 4138
f 4006 4189 4137
f 4191 4192 4141
f 4193 4194 4192
f 4195 4191 4141
f 4196 4144 4197
f 4198 4199 4200
f 4201 4202 4203
f 4204 4153 4205
f 4206 4207 4154
f 4208 4209 4210
f 4211 4212 4157
f 4213 4214 4215
f 4216 4215 4161
f 4217 4163 4218
f 4219 4165 4220
f 4221 4222 4223
f 4224 4089 4225
f 4226 4227 4228
f 4229 4230 4231
f 4232 4233 4234
f 4235 4166 4167
f 4236 4035 4237
f 4238 4239 4240
f 4040 4241 4242
f 4243 4244 4245
f 4246 3522 4247
f 4248 4249 4250
f 4251 3639 3638
f 4252 4253 4254
f 4255 4256 4257
f 4257 4258 4255
f 4259 4260 4098
f 4259 4098 4257
f 4261 4099 4262
f 4101 4099 3974
f 4263 4100 4264
f 4103 4100 3977
f 4265 4104 4266
f 3986 4104 3980
f 4267 4268 4269
f 4107 4267 3986
f 4270 4271 4112
f 4111 4272 4112
f 4273 4121 4274
f 4120 4275 4121
f 4276 4277 4278
f 4278 4279 4276
f 4280 4281 4
f 4282 4283 4122
f 4284 4179 4178
f 4285 4286 4180
f 4180 4287 4285
f 4182 4184 4288
f 4289 4185 4290
f 4291 4292 4293
f 4291 4188 4294
f 4295 4296 4190
f 4193 4297 4194
f 4189 4297 4295
f 4298 4299 4191
f 4300 4193 4299
f 4301 4302 4196
f 4298 4191 4302
f 4303 4304 4199
f 4196 4304 4301
f 116 4305 4306
f 4199 4305 4303
f 4307 4308 4309
f 4306 4308 116
f 4309 4310 4307
f 4203 4204 4311
f 4312 4204 4205
f 4205 4313 4312
f 4314 4313 4206
f 4206 4208 4314
f 4210 4315 4208
f 4210 4212 4315
f 4316 4212 4211
f 4211 4213 4316
f 4317 4213 4215
f 4215 4318 4317
f 4319 4318 4320
f 4320 4321 4319
f 4218 4322 4323
f 4220 4221 4324
f 4223 4224 4325
f 4225 4226 4326
f 4228 4229 4327
f 4328 4241 4329
f 4330 4094 4331
f 4332 4042 4333
f 4046 4334 4335
f 3916 4336 3638
f 3582 4337 4338
f 3641 4339 3581
f 4340 4341 3640
f 3919 4342 4343
f 3971 4344 3918
f 4170 4345 3970
f 4346 4347 4348
f 4349 4350 4174
f 4351 4352 4176
f 4353 4354 4282
f 4355 4284 4356
f 4357 4356 4285
f 4285 4358 4357
f 4359 4290 4360
f 4361 4292 4362
f 4363 4364 4296
f 4300 4365 4193
f 4297 4365 4366
f 4300 4367 4368
f 4298 4369 4370
f 4301 4371 4372
f 4303 4373 4374
f 117 4375 118
f 4376 4310 4311
f 4307 4377 4378
f 4379 4380 4312
f 4311 4380 4376
f 4312 4381 4379
f 4381 4314 4382
f 4314 4383 4382
f 4384 4383 4315
f 4315 4385 4384
f 4386 4385 4316
f 4316 4387 4386
f 4388 4387 4317
f 4317 4389 4388
f 4390 4389 4319
f 4319 4321 4391
f 4392 4393 4322
f 4394 4395 4396
f 4397 4398 4399
f 4400 4401 4402
f 4403 4404 4405
f 4406 4407 4408
f 4409 4410 4411
f 4412 4413 4414
f 4237 4415 4236
f 4329 4330 4416
f 4417 4418 4419
f 4420 4421 4422
f 4423 4424 4425
f 4425 4426 4423
f 4427 4428 4429
f 4429 4430 4427
f 4250 4431 4432
f 4433 4434 4171
f 4431 4254 4435
f 4436 4437 4114
f 4253 4438 4258
f 4253 4258 4254
f 4439 4440 4117
f 4257 4441 4442
f 4173 4443 4444
f 4445 4446 4346
f 4447 4448 4280
f 4449 4450 4349
f 4261 4451 4257
f 4452 4453 4351
f 4454 4262 4455
f 4456 4457 4353
f 4263 4262 4099
f 4458 4459 4355
f 4460 4264 4461
f 4462 4463 4357
f 4265 4264 4100
f 4464 4465 4358
f 4466 4266 4467
f 4468 4469 4470
f 4269 4266 4104
f 4470 4360 4471
f 4472 4362 4473
f 4474 4475 4476
f 4477 4478 4364
f 4363 4479 4477
f 4480 4368 4481
f 4370 4482 4483
f 4372 4484 4485
f 4374 4486 4487
f 4488 4375 4378
f 4489 118 4490
f 4491 4377 4376
f 4378 4492 4488
f 4493 4494 4379
f 4376 4494 4491
f 4379 4495 4493
f 4496 4495 4382
f 4382 4497 4496
f 4497 4384 4498
f 4384 4499 4498
f 4500 4499 4386
f 4386 4501 4500
f 4502 4501 4388
f 4388 4503 4502
f 4504 4503 4390
f 4390 4505 4504
f 4506 4505 4507
f 4507 4393 4508
f 4395 4509 4510
f 4511 4512 4398
f 4401 4513 4514
f 4515 4516 4404
f 4517 4518 4406
f 4406 4519 4517
f 4520 4519 4409
f 4521 4268 4522
f 4523 4524 4413
f 4108 4268 4267
f 4525 4526 4415
f 4527 4108 4528
f 4529 4530 4240
f 4271 4108 4113
f 4531 4328 4329
f 4528 4270 4532
f 4273 4270 4112
f 4533 4274 4534
f 4279 4274 4121
f 4535 4536 4537
f 4538 4278 4539
f 4540 4541 4542
f 4277 4543 4278
f 4544 4545 4546
f 4546 4547 4544
f 4337 4548 4549
f 4550 4339 4551
f 4341 4552 4553
f 4342 4554 4555
f 4556 4557 4344
f 4433 4558 4434
f 4559 4560 4561
f 4562 4563 4437
f 4564 4565 4440
f 4446 4566 4567
f 4448 4568 4445
f 4569 4447 4450
f 4449 4453 4570
f 4457 4571 4452
f 4459 4572 4456
f 4463 4573 4458
f 4465 4574 4462
f 4469 4575 4464
f 4576 4468 4471
f 4577 4473 4578
f 4579 4476 4580
f 4581 4582 4478
f 4480 4583 4584
f 4485 4585 4586
f 4587 4487 4588
f 4589 4490 4488
f 4489 4590 4591
f 4592 4492 4491
f 4488 4593 4589
f 4594 4595 4493
f 4491 4595 4592
f 4596 4597 4496
f 4597 4594 4493
f 4496 4598 4596
f 4599 4598 4498
f 4498 4600 4599
f 4601 4600 4500
f 4500 4602 4601
f 4502 4603 4602
f 4502 4604 4603
f 4605 4604 4504
f 4504 4606 4605
f 4607 4606 4506
f 4506 4608 4607
f 4609 4608 4610
f 4610 4611 4609
f 4611 4509 4612
f 4509 4512 4613
f 4614 4615 4514
f 4616 4617 4516
f 4618 4619 4518
f 4517 4620 4618
f 4621 4622 4523
f 4523 4623 4621
f 4623 4525 4624
f 4625 4626 4529
f 4627 4628 4531
f 4629 4416 4630
f 4631 4632 4633
f 4634 4541 4635
f 4636 4637 4638
f 4639 4640 4641
f 4642 4643 4644
f 4645 4646 4647
f 4648 4649 4650
f 4651 4549 4652
f 4653 4654 4557
f 4655 4656 4657
f 4559 4658 4560
f 4659 4660 4661
f 4662 4663 4664
f 4665 4666 4667
f 4668 4669 4670
f 4671 4672 4673
f 4674 4675 4676
f 4677 4678 4576
f 4679 4578 4680
f 4681 4580 4682
f 4683 4582 4684
f 4584 4685 4480
f 4686 4583 4687
f 4584 4686 4688
f 4689 4690 4586
f 4687 4691 4692
f 4693 4585 4587
f 4586 4694 4689
f 4695 4588 4591
f 4587 4696 4693
f 4697 4590 4589
f 4591 4698 4695
f 4699 4593 4592
f 4589 4700 4697
f 4701 4702 4594
f 4592 4702 4699
f 4703 4704 4596
f 4594 4704 4701
f 4705 4706 4599
f 4596 4706 4703
f 4599 4707 4705
f 4601 4708 4707
f 4601 4709 4708
f 4603 4710 4709
f 4603 4711 4710
f 4605 4712 4711
f 4605 4713 4712
f 4714 4713 4607
f 4607 4715 4714
f 4609 4716 4715
f 4609 4717 4716
f 4612 4718 4717
f 4612 4719 4718
f 4719 4720 4721
f 4720 4722 4721
f 4723 4722 4614
f 4614 4617 4724
f 4725 4726 4619
f 4727 4728 4620
f 4729 4730 4622
f 4621 4731 4729
f 4732 4733 4625
f 4734 4735 4627
f 4736 4737 4629
f 4629 4632 4736
f 4738 4739 4740
f 4741 4635 4742
f 4743 4638 4744
f 4745 4640 4746
f 4747 4647 4748
f 4749 4650 4750
f 4751 4652 4752
f 4753 4550 4754
f 4755 4552 4756
f 4757 4758 4759
f 4760 4759 4758
f 4761 4762 4563
f 4763 4764 4564
f 4660 4765 4766
f 4767 4768 4769
f 4770 4771 4772
f 4773 4774 4775
f 4776 4777 4778
f 4779 4780 4781
f 4782 4783 4784
f 4785 4786 4662
f 4787 4419 4788
f 4789 4790 4666
f 4791 4792 4669
f 4793 4672 4794
f 4674 4795 4675
f 4796 4797 4680
f 4798 4682 4799
f 4684 4800 4801
f 4688 4802 4685
f 4688 4803 4804
f 4805 4691 4689
f 4806 4694 4693
f 4689 4807 4805
f 4808 4696 4695
f 4693 4809 4806
f 4810 4698 4697
f 4808 4695 4811
f 4812 4700 4699
f 4697 4813 4810
f 4814 4815 4701
f 4815 4812 4699
f 4816 4817 4703
f 4701 4817 4814
f 4818 4819 4705
f 4819 4816 4703
f 4820 4821 4708
f 4705 4821 4818
f 4708 4822 4820
f 4823 4822 4710
f 4710 4824 4823
f 4825 4824 4712
f 4712 4826 4825
f 4827 4826 4714
f 4714 4828 4827
f 4829 4828 4716
f 4716 4830 4829
f 4831 4830 4718
f 4718 4832 4831
f 4833 4832 4721
f 4721 4834 4833
f 4835 4834 4723
f 4723 4836 4835
f 4837 4836 4838
f 4838 4839 4837
f 4839 4725 4840
f 4725 4841 4840
f 4842 4841 4727
f 4727 4730 4843
f 4731 4844 4845
f 4846 4847 4733
f 4848 4849 4735
f 4850 4734 4737
f 4851 4852 4736
f 4422 4853 4854
f 4740 4855 4856
f 4421 4857 4426
f 4421 4426 4422
f 4858 4425 4859
f 4860 4744 4861
f 4424 4862 4430
f 4424 4430 4425
f 4863 4746 4864
f 4429 4865 4866
f 4428 4867 4250
f 4428 4250 4429
f 4868 4748 4869
f 4750 4870 4871
f 4872 4752 4873
f 4874 4875 4876
f 4877 4878 4754
f 4442 4435 4254
f 4879 4756 4880
f 4875 4441 4881
f 4882 205 209
f 4451 4441 4257
f 4883 4884 4654
f 4885 4655 4886
f 4454 4887 4451
f 4888 4889 4890
f 4891 4455 4892
f 4893 4890 4889
f 4460 4455 4262
f 4658 4894 4895
f 4896 4461 4897
f 4761 4898 4762
f 4466 4461 4264
f 4899 4900 4764
f 4901 4467 4902
f 4765 4903 4766
f 4521 4467 4266
f 4904 4768 4767
f 4522 4905 4906
f 4907 4908 4775
f 4527 4522 4268
f 4909 4910 4777
f 4527 4528 4911
f 4912 4783 4913
f 4914 4915 4786
f 4911 4532 4916
f 4917 4918 4790
f 4533 4532 4270
f 4919 4917 4792
f 4920 4534 4921
f 4794 4922 4793
f 4538 4534 4274
f 4923 4924 4795
f 4925 4677 4926
f 4927 4796 4928
f 4929 4799 4930
f 4801 4931 4932
f 4804 4933 4802
f 4934 4803 4692
f 4804 4935 4936
f 4937 4938 4805
f 4939 4807 4806
f 4805 4940 4937
f 4941 4809 4808
f 4806 4942 4939
f 4943 4811 4810
f 4808 4944 4941
f 4945 4813 4812
f 4810 4946 4943
f 4947 4948 4814
f 4812 4948 4945
f 4949 4950 4816
f 4814 4950 4947
f 4951 4952 4818
f 4816 4952 4949
f 4953 4954 4820
f 4818 4954 4951
f 4955 4956 4823
f 4820 4956 4953
f 4957 4958 4825
f 4823 4958 4955
f 4959 4960 4827
f 4825 4960 4957
f 4827 4961 4959
f 4829 4962 4961
f 4829 4963 4962
f 4964 4963 4831
f 4831 4965 4964
f 4966 4965 4833
f 4833 4967 4966
f 4835 4968 4967
f 4835 4969 4968
f 4970 4969 4837
f 4837 4971 4970
f 4972 4971 4840
f 4840 4973 4972
f 4974 4973 4842
f 4842 4975 4974
f 4976 4975 4977
f 4977 4978 4976
f 4844 4979 4978
f 4844 4980 4979
f 4980 4846 4981
f 4846 4982 4981
f 4983 4982 4848
f 4848 4984 4983
f 4985 4984 4850
f 4850 4986 4987
f 4547 4539 4278
f 4988 4855 4989
f 4990 4539 4991
f 4989 4742 4992
f 4993 4861 4994
f 4995 4546 4996
f 4997 4864 4998
f 4999 4998 5000
f 5001 5002 5003
f 5003 4546 5001
f 5004 4869 5005
f 5006 4870 5007
f 5008 4873 5009
f 4877 5010 5011
f 4880 5012 5013
f 5014 4759 5015
f 5016 4883 5017
f 5018 4886 5019
f 5020 4890 5021
f 5022 4895 5023
f 4898 5024 5025
f 5026 4900 5027
f 5028 4903 5029
f 5030 5029 4903
f 5031 5032 4904
f 5033 5034 4908
f 4910 5035 5036
f 5037 5038 4912
f 5039 5040 4915
f 5041 4919 4792
f 5042 5043 4922
f 5044 4924 5045
f 5046 4926 5047
f 5048 4928 5049
f 4930 5050 5051
f 5052 4932 5053
f 4936 5054 4933
f 5055 4935 4934
f 4936 5056 5057
f 5058 5059 4937
f 5059 5060 5055
f 5061 4940 4939
f 4937 5062 5058
f 5063 4942 4941
f 4939 5064 5061
f 5065 4944 4943
f 4941 5066 5063
f 5067 4946 4945
f 4943 5068 5065
f 5069 5070 4947
f 4945 5070 5067
f 5071 5072 4949
f 5072 5069 4947
f 5073 5074 4951
f 4949 5074 5071
f 5075 5076 4953
f 4951 5076 5073
f 5077 5078 4955
f 4953 5078 5075
f 5079 5080 4957
f 4955 5080 5077
f 5081 5082 4959
f 4957 5082 5079
f 5083 5084 4962
f 5081 4959 5084
f 5085 5086 4964
f 4962 5086 5083
f 5087 5088 4966
f 5085 4964 5088
f 5089 5090 4968
f 4966 5090 5087
f 5091 5092 4970
f 4968 5092 5089
f 4970 5093 5091
f 5094 5093 4972
f 4972 5095 5094
f 5096 5095 4974
f 4974 5097 5096
f 5098 5097 4976
f 4976 5099 5098
f 5100 5099 4979
f 4979 5101 5100
f 5102 5101 4981
f 4981 5103 5102
f 5104 5103 4983
f 4983 5105 5104
f 5106 5105 4985
f 4985 5107 5106
f 5108 4988 5109
f 5110 4992 5111
f 5112 4994 5113
f 5114 5115 4999
f 5004 5114 4999
f 5116 5007 5117
f 5118 5009 5119
f 5120 5121 5010
f 5122 5012 5123
f 5015 5124 5125
f 5126 5017 5127
f 5128 5019 5129
f 5021 5130 5131
f 5132 5023 5133
f 5134 5135 5024
f 5136 5027 5137
f 5029 5138 5139
f 5140 5032 5141
f 5142 5034 5143
f 5144 5036 5145
f 5146 5145 5036
f 5039 5147 5040
f 5148 4918 5149
f 5150 5151 4919
f 5152 5153 5043
f 5154 5155 5045
f 5156 5047 5157
f 5158 5050 5159
f 5057 5160 5054
f 5161 5056 5055
f 5057 5162 5163
f 5164 5060 5058
f 5165 5062 5061
f 5058 5166 5164
f 5167 5064 5063
f 5165 5061 5168
f 5169 5066 5065
f 5063 5170 5167
f 5171 5068 5067
f 5065 5172 5169
f 5173 5174 5069
f 5171 5067 5174
f 5175 5176 5071
f 5173 5069 5176
f 5177 5178 5073
f 5071 5178 5175
f 5179 5180 5075
f 5073 5180 5177
f 5181 5182 5077
f 5075 5182 5179
f 5183 5184 5079
f 5077 5184 5181
f 5185 5186 5081
f 5186 5183 5079
f 5187 5188 5083
f 5081 5188 5185
f 5189 5190 5085
f 5083 5190 5187
f 5191 5192 5087
f 5085 5192 5189
f 5193 5194 5089
f 5087 5194 5191
f 5195 5196 5091
f 5089 5196 5193
f 5197 5198 5094
f 5091 5198 5195
f 5199 5200 5096
f 5200 5197 5094
f 5201 5202 5098
f 5096 5202 5199
f 5203 5204 5100
f 5098 5204 5201
f 5100 5205 5203
f 5206 5205 5102
f 5102 5207 5206
f 5207 5104 5208
f 5104 5209 5208
f 5210 5209 5106
f 5106 5211 5210
f 5212 5213 5211
f 5214 5108 5215
f 5216 5111 5217
f 5218 5113 5219
f 5220 5221 5115
f 5222 5114 5223
f 5224 5225 5226
f 5227 5117 5228
f 5119 5229 5230
f 5231 5120 5232
f 5233 5123 5234
f 5126 5235 5124
f 5236 5129 5237
f 5130 5238 5239
f 5240 5241 5134
f 5242 5137 5243
f 5244 5138 5245
f 5246 5141 5247
f 5248 5143 5249
f 5250 5145 5251
f 5251 5252 5253
f 5254 5147 5255
f 5147 5256 5255
f 5148 5257 5258
f 5259 5260 5151
f 5153 5261 5262
f 5263 5154 5264
f 5264 5157 5265
f 5266 5267 5268
f 5269 5270 5271
f 5163 5272 5160
f 5273 5274 5162
f 5275 5276 5164
f 5276 5277 5273
f 5278 5166 5165
f 5275 5164 5279
f 5280 5168 5167
f 5281 5278 5165
f 5282 5170 5169
f 5280 5167 5283
f 5284 5172 5171
f 5169 5285 5282
f 5286 5287 5173
f 5171 5287 5284
f 5288 5289 5175
f 5173 5289 5286
f 5290 5291 5177
f 5175 5291 5288
f 5292 5293 5179
f 5293 5290 5177
f 5294 5295 5181
f 5295 5292 5179
f 5296 5297 5183
f 5181 5297 5294
f 5298 5299 5185
f 5183 5299 5296
f 5300 5301 5187
f 5185 5301 5298
f 5187 5302 5300
f 5303 5304 5191
f 5305 5306 5193
f 5306 5303 5191
f 5307 5308 5195
f 5193 5308 5305
f 5309 5310 5197
f 5195 5310 5307
f 5311 5312 5199
f 5312 5309 5197
f 5313 5314 5201
f 5199 5314 5311
f 5315 5316 5203
f 5201 5316 5313
f 5317 5318 5206
f 5203 5318 5315
f 5319 5320 5208
f 5206 5320 5317
f 5321 5322 5210
f 5322 5319 5208
f 5210 5323 5321
f 5324 5325 5326
f 5216 5325 5215
f 5327 5328 5329
f 5218 5330 5217
f 5331 5330 5332
f 5221 5333 5219
f 5334 5333 5335
f 5222 5336 5220
f 5337 5336 5338
f 5225 5339 5223
f 5340 5339 5341
f 5227 5342 5224
f 5343 5342 5344
f 5230 5345 5228
f 5346 5345 5347
f 5231 5348 5229
f 5349 5348 5350
f 5233 5351 5232
f 5352 5351 5353
f 5235 5354 5234
f 5355 5356 5354
f 5357 5358 5359
f 5237 5360 5361
f 5362 5363 5364
f 5365 5240 5366
f 5242 5366 5240
f 5367 5245 5368
f 5369 5247 5370
f 5371 5249 5372
f 5373 5251 5374
f 5375 5253 5376
f 5377 5255 5378
f 5379 5258 5380
f 5381 5260 5382
f 5383 5262 5384
f 5385 5264 5386
f 5387 5268 5388
f 5389 5390 5391
f 5389 5271 5392
f 5272 5393 5394
f 5395 5396 5274
f 5397 5277 5275
f 5398 5279 5278
f 5275 5399 5397
f 5400 5281 5280
f 5278 5401 5398
f 5402 5283 5282
f 5280 5403 5400
f 5404 5285 5284
f 5282 5405 5402
f 5406 5407 5286
f 5284 5407 5404
f 5408 5409 5288
f 5409 5406 5286
f 5410 5411 5290
f 5288 5411 5408
f 5412 5413 5292
f 5290 5413 5410
f 5414 5415 5294
f 5292 5415 5412
f 5416 5417 5296
f 5294 5417 5414
f 5418 5419 5298
f 5296 5419 5416
f 5420 5421 5300
f 5298 5421 5418
f 5422 5423 5424
f 5300 5423 5420
f 5425 5426 5303
f 5424 5426 5422
f 5427 5428 5305
f 5303 5428 5425
f 5429 5430 5307
f 5305 5430 5427
f 5431 5432 5309
f 5307 5432 5429
f 5433 5434 5311
f 5431 5309 5434
f 5435 5436 5313
f 5311 5436 5433
f 5437 5438 5315
f 5313 5438 5435
f 5439 5440 5317
f 5437 5315 5440
f 5441 5442 5319
f 5317 5442 5439
f 5443 5444 5321
f 5441 5319 5444
f 5445 5446 5447
f 5321 5446 5443
f 5447 5448 5445
f 5449 5448 5326
f 5450 5327 5451
f 5452 5331 5453
f 5454 5334 5455
f 5456 5337 5457
f 5458 5340 5459
f 5460 5343 5461
f 5346 5462 5463
f 5464 5349 5465
f 5466 5352 5467
f 5468 5469 5356
f 5357 5470 5355
f 5471 5472 5473
f 5361 5474 5359
f 5475 5474 5476
f 5477 5478 5360
f 5479 5478 5480
f 5481 5362 5482
f 5483 5484 5485
f 5486 5368 5487
f 5488 5369 5370
f 5489 5490 5372
f 5373 5489 5372
f 5491 5376 5492
f 5378 5493 5494
f 5495 5380 5496
f 5497 5498 5499
f 5500 5382 5501
f 5502 5503 5504
f 5503 5384 5505
f 5506 5386 5507
f 5508 5390 5509
f 5510 5392 5511
f 5512 5393 5513
f 5514 5515 5396
f 5395 5516 5514
f 5517 5399 5398
f 5399 5518 5519
f 5520 5401 5400
f 5398 5521 5517
f 5522 5403 5402
f 5400 5523 5520
f 5524 5405 5404
f 5402 5525 5522
f 5526 5527 5406
f 5404 5527 5524
f 5528 5529 5408
f 5526 5406 5529
f 5530 5531 5410
f 5408 5531 5528
f 5532 5533 5412
f 5410 5533 5530
f 5534 5535 5414
f 5412 5535 5532
f 5536 5537 5416
f 5414 5537 5534
f 5538 5539 5418
f 5416 5539 5536
f 5540 5541 5420
f 5418 5541 5538
f 5542 5543 5422
f 5420 5543 5540
f 5544 5545 5425
f 5422 5545 5542
f 5546 5547 5427
f 5425 5547 5544
f 5548 5549 5429
f 5427 5549 5546
f 5550 5551 5431
f 5429 5551 5548
f 5552 5553 5433
f 5550 5431 5553
f 5554 5555 5435
f 5552 5433 5555
f 5556 5557 5437
f 5435 5557 5554
f 5437 5558 5556
f 5559 5560 5463
f 5561 5562 5464
f 5563 5564 5466
f 5565 5566 5469
f 5471 5567 5568
f 5569 5475 5570
f 5571 5479 5572
f 5481 5573 5480
f 5573 5574 5575
f 5576 5577 5482
f 5578 5577 5579
f 5580 5485 5581
f 5582 5488 5583
f 5584 5489 5585
f 5586 5587 5588
f 5589 5492 5590
f 5494 5590 5492
f 5591 5592 5593
f 5593 5594 5591
f 5595 5496 5596
f 5597 4772 5598
f 5501 5599 5600
f 4771 5601 4772
f 5602 5603 5505
f 5604 5605 5507
f 5606 5607 5608
f 5607 5609 5610
f 5611 5509 5612
f 5613 5511 5614
f 5615 5513 5616
f 5617 5618 5515
f 5619 5516 5519
f 5514 5620 5617
f 5621 5518 5517
f 5519 5622 5619
f 5623 5521 5520
f 5624 5621 5517
f 5625 5523 5522
f 5520 5626 5623
f 5627 5525 5524
f 5625 5522 5628
f 5629 5630 5526
f 5524 5630 5627
f 5631 5632 5528
f 5526 5632 5629
f 5633 5634 5530
f 5528 5634 5631
f 5635 5636 5532
f 5530 5636 5633
f 5637 5638 5534
f 5532 5638 5635
f 5639 5640 5536
f 5534 5640 5637
f 5641 5642 5538
f 5639 5536 5642
f 5643 5644 5540
f 5538 5644 5641
f 5645 5646 5542
f 5540 5646 5643
f 5647 5648 5544
f 5542 5648 5645
f 5649 5650 5546
f 5544 5650 5647
f 5651 5652 5548
f 5546 5652 5649
f 5653 5654 5550
f 5548 5654 5651
f 5550 5655 5653
f 5656 5657 5658
f 5659 5660 5661
f 5658 5662 5656
f 5663 5664 5665
f 5661 5666 5659
f 5667 5668 5669
f 5665 5670 5663
f 5671 5672 5673
f 5669 5671 5667
f 5674 5675 5676
f 5676 5677 5678
f 5450 5679 5680
f 5452 5679 5450
f 5454 5681 5682
f 5683 5684 5685
f 5456 5686 5687
f 5458 5688 5689
f 5690 5691 5692
f 5460 5693 5694
f 5695 5693 5696
f 5697 5568 5698
f 5699 5569 5700
f 5701 5571 5702
f 5575 5703 5704
f 5705 5706 5578
f 5580 5707 5579
f 5708 5707 5709
f 5710 5711 5581
f 5712 5711 5713
f 5714 5583 5715
f 5716 5585 5717
f 5718 5588 5719
f 5720 5590 5721
f 5722 5723 5724
f 5600 5725 5596
f 5726 4781 5727
f 5728 5729 5730
f 5731 5732 5605
f 5733 5734 5608
f 2231 5735 2100
f 5736 5612 5737
f 2229 2283 2230
f 5738 5739 5614
f 5740 5741 5616
f 5742 5743 5618
f 5744 5620 5619
f 5742 5617 5745
f 5746 5622 5621
f 5619 5747 5744
f 5748 5624 5623
f 5621 5749 5746
f 5750 5626 5625
f 5623 5751 5748
f 5752 5628 5627
f 5625 5753 5750
f 5754 5755 5629
f 5627 5755 5752
f 5756 5757 5631
f 5629 5757 5754
f 5758 5759 5633
f 5756 5631 5759
f 5760 5761 5635
f 5633 5761 5758
f 5762 5763 5637
f 5635 5763 5760
f 5764 5765 5639
f 5637 5765 5762
f 5766 5767 5641
f 5639 5767 5764
f 5768 5769 5643
f 5641 5769 5766
f 5770 5771 5645
f 5643 5771 5768
f 5772 5773 5647
f 5773 5770 5645
f 5774 5775 5649
f 5647 5775 5772
f 5776 5774 5649
f 5777 5778 5779
f 5780 5781 5782
f 5779 5780 5777
f 5783 5784 5656
f 5782 5785 5786
f 5787 5662 5659
f 5783 5788 5789
f 5790 5666 5663
f 5787 5791 5792
f 5793 5670 5667
f 5794 5795 5796
f 5797 5671 5674
f 5793 5798 5796
f 5797 5799 5800
f 5801 5677 5802
f 5803 5801 5802
f 5804 5805 5803
f 5683 5806 5807
f 5808 5809 5810
f 5811 5809 5685
f 5812 5813 5814
f 5690 5813 5815
f 5816 5817 5818
f 5695 5817 5692
f 5560 5819 5696
f 5820 5821 5822
f 5562 5823 5824
f 5825 5826 5827
f 5564 5828 5829
f 736 734 699
f 5566 5830 5831
f 5832 5830 5833
f 5834 5704 5835
f 5836 5706 5837
f 5838 5708 5839
f 5840 5841 5712
f 5842 5715 5843
f 5844 5717 5845
f 5718 5719 5846
f 5847 5848 5721
f 5849 5723 5850
f 5851 5852 5853
f 5854 5852 5855
f 5855 5729 5856
f 171 5857 3174
f 170 175 5858
f 5859 5860 5861
f 165 5862 169
f 5863 5859 5732
f 160 5864 165
f 5865 5866 5734
f 158 5867 160
f 5733 5868 5869
f 154 5870 158
f 5868 5737 5871
f 150 5872 154
f 5873 5874 5738
f 146 5875 150
f 5876 5740 5877
f 5878 5879 5743
f 142 5880 146
f 5881 5745 5744
f 5742 5882 5878
f 5883 5747 5746
f 5744 5884 5881
f 5885 5749 5748
f 5883 5746 5886
f 5887 5751 5750
f 5885 5748 5888
f 5889 5753 5752
f 5750 5890 5887
f 5891 5892 5754
f 5752 5892 5889
f 5893 5894 5756
f 5754 5894 5891
f 5895 5896 5758
f 5893 5756 5896
f 5897 5898 5760
f 5895 5758 5898
f 5899 5900 5762
f 5760 5900 5897
f 5901 5902 5764
f 5762 5902 5899
f 5903 5904 5766
f 5764 5904 5901
f 5905 5906 5768
f 5766 5906 5903
f 5907 5908 5770
f 5768 5908 5905
f 5909 5910 5772
f 5907 5770 5910
f 5911 5912 5913
f 5772 5912 5909
f 5914 5915 5916
f 5913 5917 5911
f 5918 5919 5777
f 5916 5920 5914
f 5921 5780 5786
f 5918 5922 5923
f 5924 5785 5789
f 5925 5926 5927
f 5928 5788 5792
f 5924 5929 5930
f 5931 5791 5932
f 5928 5933 5934
f 5935 5794 5796
f 5931 5936 5937
f 5938 5798 5800
f 5939 5935 5796
f 5940 5799 5941
f 5938 5942 5943
f 5944 5945 5946
f 5940 5947 5942
f 5948 5949 5950
f 5951 5952 5953
f 5808 5952 5948
f 5954 5955 5956
f 5812 5955 5810
f 5957 5958 5959
f 5816 5958 5814
f 5960 5961 5962
f 5963 5961 5818
f 5962 5964 5965
f 5820 5964 5963
f 5825 5966 5822
f 5967 5968 5969
f 5970 5968 5827
f 5971 5972 5973
f 5832 5972 5974
f 5697 5975 5833
f 5976 5977 5978
f 5699 5979 5980
f 5981 5982 5983
f 5701 5984 5985
f 5983 5984 5986
f 5987 5838 5988
f 5989 5841 5990
f 5842 5991 5840
f 5992 5991 5993
f 5845 5994 5995
f 5996 5846 5997
f 5998 5847 5999
f 5850 6000 6001
f 6002 6000 5853
f 5853 6003 6002
f 6004 6003 5854
f 5854 6005 6004
f 6006 6005 6007
f 6007 5860 6008
f 141 6009 142
f 5859 6010 6011
f 5866 6012 6013
f 109 6014 6015
f 6016 5873 6017
f 108 6018 106
f 6019 5877 6020
f 6021 6022 5879
f 6023 5882 5881
f 6024 6021 5878
f 6025 5884 5883
f 5881 6026 6023
f 6027 5886 5885
f 5883 6028 6025
f 6029 5888 5887
f 5885 6030 6027
f 6031 5890 5889
f 5887 6032 6029
f 6033 6034 5891
f 5889 6034 6031
f 6035 6036 5893
f 5891 6036 6033
f 6037 6038 5895
f 6038 6035 5893
f 6039 6040 5897
f 5895 6040 6037
f 6041 6042 5899
f 6039 6042 6043
f 6044 6045 5901
f 6045 6046 6041
f 6047 6048 5903
f 6048 6049 6044
f 6050 6051 5905
f 5903 6051 6047
f 6052 6053 5907
f 5905 6053 6050
f 6054 6055 6056
f 5907 6055 6052
f 6056 6057 6054
f 6058 5917 5914
f 6059 5920 5923
f 6058 6060 6061
f 6062 5922 5927
f 6059 6063 6064
f 6065 5926 5930
f 6066 5929 5934
f 6065 6067 6068
f 6069 5933 5937
f 6066 6070 6071
f 6072 5936 6073
f 6069 6074 6075
f 6076 6077 5943
f 6072 6078 6079
f 6076 6080 6081
f 6082 5947 6083
f 6084 6085 6086
f 6087 6088 6089
f 5951 6088 6090
f 6091 6092 5953
f 5954 6091 5953
f 6093 6094 6095
f 5957 6094 5956
f 6096 6097 6095
f 5960 6098 5959
f 6099 6100 6101
f 6102 6103 6104
f 6105 6103 5965
f 6106 6107 6108
f 5967 6107 6105
f 6109 6110 6111
f 5971 6110 5969
f 6112 6113 6114
f 6115 6113 5973
f 6116 6117 6118
f 5976 6117 6115
f 6119 6120 6121
f 5981 6120 5978
f 6122 6123 6124
f 6125 6126 6127
f 5834 6128 5986
f 6129 6130 6131
f 5836 6132 6133
f 6132 6134 6131
f 6135 5992 6136
f 6137 5994 6138
f 5999 6139 6140
f 6001 6141 6139
f 6001 6142 6141
f 6002 6143 6142
f 6002 6144 6143
f 6145 6144 6004
f 6004 6146 6145
f 6147 6146 6006
f 6006 6148 6147
f 6149 6150 6148
f 6149 6011 6151
f 106 6152 104
f 6153 6154 6013
f 104 6155 101
f 6156 6157 6158
f 6158 6159 6156
f 101 3225 102
f 6159 6017 6160
f 6161 6020 6162
f 6163 6164 6022
f 97 99 3231
f 6165 6024 6023
f 6163 6021 6166
f 6167 6026 6025
f 6023 6168 6165
f 6169 6028 6027
f 6025 6170 6167
f 6171 6030 6029
f 6169 6027 6172
f 6173 6032 6031
f 6171 6029 6174
f 6175 6176 6033
f 6173 6031 6176
f 6177 6178 6035
f 6033 6178 6175
f 6179 6180 6037
f 6035 6180 6177
f 6181 6182 6039
f 6182 6183 6179
f 6043 6042 6041
f 6043 6184 6181
f 6046 6045 6044
f 6046 6185 6186
f 6049 6048 6047
f 6187 6049 6188
f 6189 6190 6050
f 6191 6057 6192
f 6191 6193 6194
f 6195 6060 6064
f 6196 6197 6198
f 6199 6063 6200
f 6201 6202 6203
f 6204 6200 6068
f 6204 6199 6200
f 6205 6067 6071
f 6206 6207 6208
f 6209 6070 6075
f 6205 6210 6208
f 6211 6074 6079
f 6209 6212 6213
f 6214 6078 6081
f 6211 6215 6216
f 6217 6080 6086
f 6214 6218 6219
f 6220 6085 6221
f 6217 6222 6223
f 6224 6225 6226
f 6227 6225 6089
f 6228 6229 6230
f 6093 6229 6231
f 6232 6233 6234
f 6097 6233 6095
f 6235 6236 6237
f 6099 6236 6238
f 6237 6239 6240
f 6241 6242 6243
f 6106 6242 6104
f 6244 6245 6246
f 6109 6245 6108
f 6247 6248 6111
f 6249 6250 6251
f 6116 6250 6114
f 6252 6253 6254
f 6119 6253 6118
f 6254 6255 6256
f 6257 6258 6256
f 6126 6259 6124
f 6260 6261 6125
f 6129 6260 6125
f 6262 6263 6264
f 6265 6266 6134
f 6267 6268 6269
f 6137 6270 6136
f 6271 6272 6273
f 6274 6275 6276
f 1030 666 1076
f 6277 6276 6141
f 6141 6278 6277
f 6279 6278 6143
f 6143 6280 6279
f 6281 6280 6145
f 6145 6282 6281
f 6283 6282 6147
f 6147 6284 6283
f 6150 6285 6284
f 6150 6286 6285
f 6287 6286 6288
f 6288 6154 6289
f 6290 6157 6291
f 6292 6293 1673
f 95 3242 93
f 6160 6294 6295
f 6294 6162 6296
f 6297 6298 6164
f 93 6299 90
f 6300 6166 6165
f 6301 6168 6167
f 6165 6302 6300
f 6303 6170 6169
f 6167 6304 6301
f 6305 6172 6171
f 6169 6306 6303
f 6307 6174 6173
f 6305 6171 6308
f 6309 6310 6175
f 6310 6307 6173
f 6311 6312 6177
f 6175 6312 6309
f 6313 6314 6179
f 6311 6314 6315
f 6183 6182 6181
f 6316 6313 6183
f 6184 6043 6186
f 6184 6317 6318
f 6185 6046 6187
f 6185 6319 6320
f 6188 6049 6321
f 6188 6322 6323
f 6324 6325 6326
f 6327 6328 6329
f 6330 6331 6332
f 6333 6196 6198
f 6334 6335 6336
f 6337 6201 6203
f 6333 6338 6339
f 6340 6341 6342
f 6343 6344 6345
f 6346 6206 6208
f 6340 6347 6345
f 6348 6210 6213
f 6346 6349 6350
f 6351 6212 6216
f 6348 6352 6353
f 6354 6215 6219
f 6351 6355 6356
f 6357 6218 6223
f 6354 6358 6359
f 6360 6222 6361
f 6357 6362 6363
f 6224 6360 6361
f 6364 6365 6366
f 6228 6365 6226
f 6367 6368 6369
f 6232 6368 6230
f 6370 6371 6372
f 6235 6371 6234
f 6372 6373 6374
f 6374 6375 6376
f 6241 6375 6240
f 6377 6378 6379
f 6244 6378 6243
f 6379 6380 6381
f 6382 6383 6384
f 6249 6382 6384
f 6385 6386 6387
f 6252 6386 6251
f 6388 6389 6256
f 6258 6388 6256
f 6390 6391 6392
f 6393 6391 6394
f 6392 6395 6396
f 6397 6398 6399
f 6264 6398 6400
f 6399 6401 6402
f 6268 6403 6263
f 6404 6405 6406
f 6407 6408 6267
f 6409 6410 6411
f 6412 6410 6413
f 6271 6273 6414
f 6273 6415 6414
f 6416 6417 6418
f 6419 6417 6274
f 6274 6420 6419
f 6421 6420 6277
f 6277 6422 6421
f 6279 6423 6422
f 6279 6424 6423
f 6425 6424 6281
f 6281 6426 6425
f 6427 6426 6283
f 6283 6428 6427
f 6285 6429 6428
f 6285 6287 6429
f 6287 6289 6430
f 90 6431 91
f 6432 6433 6290
f 6434 6435 6436
f 6435 6295 6436
f 6296 6437 6438
f 6439 6440 6298
f 6441 6297 6300
f 6441 6439 6297
f 6442 6302 6301
f 6300 6443 6441
f 6444 6304 6303
f 6301 6445 6442
f 6446 6306 6305
f 6303 6447 6444
f 6448 6308 6307
f 6305 6449 6446
f 6450 6451 6309
f 6307 6451 6448
f 6452 6453 6311
f 6309 6453 6450
f 6315 6314 6313
f 6315 6454 6452
f 6316 6183 6318
f 6455 6316 6456
f 6317 6184 6320
f 6317 6457 6458
f 6319 6185 6323
f 6319 6459 6460
f 6322 6188 6324
f 6322 6461 6462
f 6326 6325 6329
f 6326 6463 6464
f 6328 6327 6465
f 6328 6466 6467
f 6468 6469 6332
f 6470 6471 6472
f 6473 6331 6474
f 6468 6475 6476
f 6477 6474 6336
f 6473 6478 6475
f 6479 6335 6339
f 6480 6481 6482
f 6483 6338 6343
f 6483 6484 6485
f 6486 6347 6350
f 6487 6488 6489
f 6490 6349 6353
f 6491 6352 6356
f 6490 6492 6493
f 6494 6355 6359
f 6491 6495 6496
f 6497 6358 6363
f 6498 6494 6359
f 6499 6362 6500
f 6497 6501 6502
f 6364 6499 6500
f 6367 6503 6366
f 6504 6505 6506
f 6507 6505 6369
f 6508 6509 6510
f 6510 6511 6512
f 6513 6514 6515
f 6377 6514 6376
f 6516 6517 6518
f 6519 6520 6381
f 6521 6522 6523
f 6523 6522 6524
f 6525 6522 6387
f 6526 6525 6527
f 6528 6526 6527
f 6390 6529 6530
f 6531 6532 6533
f 6534 6535 6536
f 6397 6535 6396
f 6536 6537 6538
f 6402 6539 6399
f 6539 6540 6541
f 6542 6543 6410
f 6544 6545 6546
f 6547 6548 6545
f 6549 6550 6551
f 6552 6271 6414
f 6553 6554 6418
f 6555 6556 6553
f 6555 6419 6557
f 6419 6558 6557
f 6559 6558 6421
f 6421 6560 6559
f 6561 6560 6423
f 6423 6562 6561
f 6562 6425 6563
f 6425 6564 6563
f 6565 6564 6427
f 6427 6566 6565
f 6429 6567 6566
f 6429 6568 6567
f 6569 6570 6568
f 88 81 80
f 6571 6572 6433
f 6573 6574 6434
f 6436 6575 6576
f 6575 6437 6577
f 6578 6440 6579
f 6580 6581 6441
f 6582 6443 6442
f 6583 6445 6444
f 6582 6442 6584
f 6585 6447 6446
f 6586 6583 6444
f 6587 6449 6448
f 6588 6585 6446
f 6589 6590 6450
f 6448 6590 6587
f 6591 6592 6452
f 6592 6593 6589
f 6454 6315 6455
f 6454 6594 6591
f 6456 6316 6458
f 6595 6596 6456
f 6457 6317 6460
f 6457 6597 6598
f 6459 6319 6462
f 6599 6459 6600
f 6461 6322 6464
f 6461 6601 6602
f 6463 6326 6467
f 6463 6603 6604
f 6466 6328 6472
f 6466 6605 6606
f 6471 6470 6476
f 6471 6607 6608
f 6609 6478 6482
f 6609 6610 6611
f 6612 6613 6485
f 6481 6614 6615
f 6616 6484 6489
f 6617 6488 6618
f 6616 6619 6620
f 6617 6618 6493
f 6617 6621 6622
f 6623 6492 6496
f 6624 6625 6626
f 6627 6495 6628
f 6623 6629 6630
f 6631 6632 6502
f 6627 6633 6634
f 6635 6501 6636
f 6631 6637 6638
f 6639 6635 6636
f 6640 6641 6642
f 6504 6641 6639
f 6643 6644 6506
f 6508 6643 6506
f 6645 6646 6647
f 6648 6649 6650
f 6513 6649 6512
f 6651 6652 6653
f 6516 6652 6515
f 6653 6654 6655
f 6656 6657 6655
f 6521 6658 6659
f 6660 6661 6662
f 6663 6664 6665
f 6666 6667 6668
f 6669 6667 6524
f 6668 6670 6671
f 6672 6670 6673
f 6674 6675 6671
f 6531 6676 6672
f 6677 6678 6679
f 6534 6678 6533
f 6679 6680 6681
f 6538 6682 6536
f 6683 6684 6685
f 6541 6686 6687
f 6688 6689 6690
f 6691 6692 6689
f 6550 6693 6694
f 6550 6549 6695
f 6696 6697 6698
f 6556 6699 6700
f 6556 6555 6557
f 6701 6702 6703
f 6704 6701 6559
f 6705 6706 6704
f 6707 6705 6561
f 6561 6708 6707
f 6709 6708 6563
f 6563 6710 6709
f 6711 6710 6565
f 6565 6712 6711
f 6567 6713 6712
f 6567 6570 6713
f 6570 6569 6714
f 6572 6715 6716
f 6717 6718 6574
f 6719 6720 6721
f 6573 6576 6722
f 6723 6724 6725
f 6726 6727 6579
f 6728 6581 6729
f 6730 6731 66
f 66 6731 64
f 6732 6733 6584
f 6734 6586 6585
f 6583 6735 6732
f 6736 6588 6587
f 6734 6585 6737
f 6738 6739 6589
f 6739 6736 6587
f 6593 6592 6591
f 6593 6740 6738
f 6594 6454 6596
f 6594 6741 6742
f 6595 6456 6598
f 6743 6595 6744
f 6597 6457 6599
f 6745 6597 6746
f 6600 6459 6602
f 6747 6748 6600
f 6601 6461 6604
f 6601 6749 6750
f 6603 6606 6751
f 6603 6752 6604
f 6605 6608 6753
f 6606 6605 6751
f 6607 6754 6755
f 6607 6753 6608
f 6754 6756 6755
f 6757 6758 6759
f 6757 6760 6756
f 5213 5447 5323
f 6761 6762 6620
f 6762 6761 6763
f 6764 6765 6766
f 6767 6768 6765
f 6769 6625 6630
f 6770 6629 6634
f 6769 6771 6772
f 6773 6633 6638
f 6770 6774 6775
f 6776 6637 6777
f 6773 6778 6779
f 6640 6776 6777
f 6780 6781 6782
f 6783 6781 6642
f 6782 6784 6785
f 6786 6787 6788
f 6648 6787 6647
f 6789 6790 6791
f 6651 6790 6650
f 6791 6792 6793
f 6794 6795 6796
f 6657 6795 6655
f 6797 6798 6799
f 6661 6798 6662
f 6800 6799 6798
f 6666 6801 6661
f 6802 6803 6804
f 6675 6805 6671
f 6806 6807 6808
f 6681 6809 6679
f 6810 6811 6812
f 6813 6814 6815
f 6816 6817 6818
f 6693 6819 6820
f 6693 6550 6698
f 6697 6821 6822
f 6696 6700 6697
f 6699 6823 6824
f 6699 6556 6703
f 6702 6825 6826
f 6702 6701 6704
f 6706 6827 6828
f 6706 6705 6707
f 6829 6830 6831
f 6829 6709 6832
f 6833 6834 6832
f 6835 6833 6711
f 6711 6836 6835
f 6713 6837 6836
f 6713 6838 6837
f 60 64 6839
f 6840 6841 6716
f 60 6842 58
f 6843 6718 6844
f 6722 6845 6846
f 55 58 6847
f 6848 6727 6849
f 55 3341 52
f 6729 6850 6851
f 6852 6853 6854
f 52 3338 53
f 6855 6856 6735
f 6857 6737 6736
f 3529 3319 3322
f 6858 6859 6738
f 6859 6860 6857
f 6740 6593 6742
f 6858 6740 6861
f 6741 6594 6743
f 6741 6862 6863
f 6744 6595 6745
f 6864 6865 6744
f 6746 6597 6748
f 6746 6866 6867
f 6747 6750 6868
f 6747 6869 6748
f 6749 6752 6870
f 6749 6868 6750
f 6871 6751 6872
f 6871 6870 6752
f 6873 6753 6874
f 6872 6751 6873
f 6875 6755 6876
f 6875 6874 6753
f 6760 6876 6755
f 6877 6759 6878
f 6877 6879 6760
f 6880 6878 6759
f 6881 6882 6883
f 6881 6884 6880
f 6885 6886 6887
f 6886 6888 6889
f 6890 6891 6892
f 6893 6894 6895
f 6896 6774 6779
f 6897 6898 6899
f 6900 6778 6901
f 6896 6902 6897
f 6903 6780 6904
f 6905 6903 6906
f 6904 6907 6906
f 6786 6908 6785
f 6909 6910 6911
f 6789 6910 6788
f 6911 6912 6913
f 6914 6915 6916
f 6794 6915 6793
f 6917 6918 6919
f 6800 6920 6799
f 6921 6922 6923
f 6804 6924 6802
f 6925 6926 6927
f 6808 6925 6806
f 6812 6928 6810
f 6929 6930 6931
f 6932 6933 6934
f 6935 6934 6933
f 6936 6937 6938
f 6817 6939 6940
f 6817 6816 6820
f 6819 6941 6942
f 6693 6822 6819
f 6821 6943 6944
f 6821 6697 6824
f 6823 6945 6946
f 6823 6699 6826
f 6825 6947 6948
f 6825 6702 6828
f 6827 6949 6950
f 6827 6706 6831
f 6830 6951 6952
f 6830 6829 6832
f 6834 6953 6954
f 6834 6833 6835
f 6955 6956 6957
f 6958 6955 6837
f 6837 6959 6958
f 6838 6960 6959
f 6961 6962 6841
f 13 6963 49
f 6964 6965 6843
f 46 49 6966
f 6845 6849 6967
f 6968 6969 6970
f 46 6971 47
f 6969 6850 6972
f 6973 6974 6853
f 47 43 42
f 6975 6976 6977
f 40 43 41
f 6732 6856 6978
f 38 6979 44
f 38 44 35
f 6980 6981 6982
f 6860 6859 6858
f 6860 6983 6984
f 6861 6740 6863
f 6861 6985 6986
f 6862 6741 6865
f 6862 6987 6988
f 6864 6867 6989
f 6864 6990 6865
f 6866 6869 6991
f 6866 6989 6867
f 6992 6868 6993
f 6869 6992 6991
f 6994 6870 6995
f 6993 6868 6994
f 6996 6872 6997
f 6995 6870 6996
f 6998 6874 6999
f 6998 6997 6872
f 7000 6876 7001
f 7000 6999 6874
f 7002 6879 7003
f 7001 6876 7002
f 7004 6878 7005
f 7004 7003 6879
f 7006 6884 7007
f 7006 7005 6878
f 7008 6883 7009
f 7008 7007 6884
f 7010 7009 6883
f 7011 6886 7012
f 7011 7013 7014
f 7015 6889 6892
f 7016 6891 6895
f 7015 7017 7018
f 6898 6894 6899
f 7016 7019 7020
f 7021 6898 6897
f 6898 7021 7022
f 7023 6902 7024
f 7021 7025 7026
f 7027 6905 6906
f 7023 7028 7029
f 7030 6907 7031
f 7032 6909 6911
f 7030 7033 7034
f 7035 7036 7037
f 6914 7036 6913
f 7038 7039 6916
f 7040 7041 7042
f 6923 7043 6921
f 7044 7045 7046
f 7047 7048 6927
f 7048 7047 7049
f 7050 7051 6926
f 7052 7053 6928
f 7054 7055 7056
f 7057 7058 7059
f 6937 7060 7061
f 6937 6936 6940
f 6939 7062 7063
f 6939 6817 6942
f 6941 7064 7065
f 6941 6819 6944
f 6943 7066 7067
f 6943 6821 6946
f 6945 7068 7069
f 6945 6823 6948
f 6947 7070 7071
f 6947 6825 6950
f 6949 7072 7073
f 6952 6949 6827
f 6951 7074 7075
f 6951 6830 6954
f 6953 7076 7077
f 6953 6834 6957
f 6956 7078 7079
f 6956 6955 6958
f 7080 7081 7082
f 7083 7084 7080
f 7085 7086 7087
f 1829 1832 1833
f 7088 31 34
f 7089 7090 6964
f 7091 7092 7093
f 7094 7095 6967
f 6980 6982 6984
f 6980 7096 7097
f 6983 6860 6986
f 6983 7098 7099
f 6985 6988 7100
f 6985 7101 6986
f 6987 6990 7102
f 6987 7100 6988
f 7103 6989 7104
f 7103 7102 6990
f 7105 6991 7106
f 7104 6989 7105
f 7107 6993 7108
f 6991 7107 7106
f 7109 6995 7110
f 7109 7108 6993
f 7111 6997 7112
f 7111 7110 6995
f 7113 6999 7114
f 7113 7112 6997
f 7115 7001 7116
f 7115 7114 6999
f 7117 7003 7118
f 7117 7116 7001
f 7119 7005 7120
f 7119 7118 7003
f 7121 7007 7122
f 7005 7121 7120
f 7123 7009 7124
f 7123 7122 7007
f 7125 7014 7126
f 7125 7124 7009
f 7013 7127 7128
f 7014 7013 7126
f 7129 7128 7127
f 7130 7131 7132
f 7133 7130 7134
f 7135 7136 7137
f 7138 7025 7029
f 7139 7140 7141
f 7142 7028 7143
f 7138 7144 7141
f 7142 7145 7144
f 7146 7033 7147
f 7148 7149 7150
f 7151 7035 7037
f 7152 7153 7154
f 7153 7151 7155
f 7156 7042 7157
f 7158 7159 7160
f 7156 7161 7042
f 7162 7156 7163
f 7164 7163 7165
f 7166 7167 7168
f 7169 7170 7171
f 7172 7173 7174
f 7175 7176 7177
f 7178 7051 7179
f 7180 7179 7056
f 7055 7181 7182
f 7055 7054 7183
f 7184 7185 7186
f 7058 7187 7188
f 7058 7057 7061
f 7060 7189 7190
f 7060 6937 7063
f 7062 7191 7192
f 7062 6939 7065
f 7064 7193 7194
f 7064 6941 7067
f 7066 7195 7196
f 7066 6943 7069
f 7068 7197 7198
f 7068 6945 7071
f 7070 7199 7200
f 6947 7073 7070
f 7072 7201 7202
f 7072 6949 7075
f 7074 7203 7204
f 7074 6951 7077
f 7076 7205 7206
f 7076 6953 7079
f 7078 7207 7208
f 7078 6956 7082
f 7081 7209 7210
f 7084 7211 7212
f 7084 7083 7087
f 7086 7213 7214
f 7086 7085 7215
f 7216 7217 7218
f 7219 7220 7221
f 7222 7223 7224
f 7225 7226 7222
f 7227 7226 7225
f 7227 7228 7229
f 7230 7229 7228
f 7230 7231 7232
f 7233 7232 7231
f 7234 7235 7233
f 7236 7097 7237
f 7234 7236 7235
f 7096 7099 7238
f 7096 7237 7097
f 7098 7101 7239
f 7098 7238 7099
f 7240 7100 7241
f 7240 7239 7101
f 7242 7102 7243
f 7242 7241 7100
f 7244 7104 7245
f 7244 7243 7102
f 7246 7106 7247
f 7246 7245 7104
f 7248 7108 7249
f 7248 7247 7106
f 7250 7110 7251
f 7108 7250 7249
f 7252 7112 7253
f 7252 7251 7110
f 7254 7114 7255
f 7254 7253 7112
f 7256 7116 7257
f 7114 7256 7255
f 7258 7118 7259
f 7258 7257 7116
f 7260 7120 7261
f 7260 7259 7118
f 7262 7122 7263
f 7262 7261 7120
f 7264 7124 7265
f 7264 7263 7122
f 7266 7126 7267
f 7266 7265 7124
f 7268 7128 7269
f 7268 7267 7126
f 7270 7133 7271
f 7270 7269 7128
f 7134 7272 7273
f 7134 7271 7133
f 7274 7275 7273
f 7276 7277 7140
f 7276 7278 7279
f 7139 7280 7281
f 7282 7283 7284
f 7285 7286 7287
f 7149 7146 7154
f 7288 7289 7290
f 7155 7291 7160
f 7159 7042 7292
f 7161 7162 7293
f 7294 7164 7168
f 7295 7296 7297
f 7295 7166 7298
f 7298 7299 7174
f 7173 7300 7301
f 7172 7177 7173
f 7176 7302 7303
f 7176 7175 7304
f 7305 7306 7307
f 7181 7308 7309
f 7181 7055 7186
f 7185 7310 7311
f 7185 7184 7188
f 7187 7312 7313
f 7187 7058 7190
f 7189 7314 7315
f 7060 7192 7189
f 7191 7316 7317
f 7191 7062 7194
f 7193 7318 7319
f 7196 7193 7064
f 7195 7320 7321
f 7195 7066 7198
f 7197 7322 7323
f 7197 7068 7200
f 7199 7324 7325
f 7199 7070 7202
f 7201 7326 7327
f 7201 7072 7204
f 7203 7328 7329
f 7203 7074 7206
f 7205 7330 7331
f 7205 7076 7208
f 7207 7332 7333
f 7207 7078 7210
f 7209 7334 7335
f 7209 7081 7212
f 7211 7336 7337
f 7214 7211 7084
f 7213 7338 7339
f 7218 7213 7086
f 7217 7340 7341
f 7217 7216 7221
f 7220 7342 7343
f 7221 7091 7219
f 7344 7345 7219
f 7344 7224 7223
f 7346 7347 7223
f 7346 7226 7348
f 7349 7348 7226
f 7349 7229 7350
f 7351 7350 7229
f 7351 7232 7352
f 7353 7352 7232
f 7353 7235 7354
f 7355 7354 7235
f 7355 7237 7356
f 7357 7238 7358
f 7357 7356 7237
f 7359 7239 7360
f 7358 7238 7359
f 7361 7241 7362
f 7361 7360 7239
f 7363 7243 7364
f 7363 7362 7241
f 7365 7245 7366
f 7365 7364 7243
f 7367 7247 7368
f 7367 7366 7245
f 7369 7249 7370
f 7369 7368 7247
f 7371 7251 7372
f 7371 7370 7249
f 7373 7253 7374
f 7373 7372 7251
f 7375 7255 7376
f 7375 7374 7253
f 7377 7257 7378
f 7377 7376 7255
f 7379 7259 7380
f 7378 7257 7379
f 7381 7261 7382
f 7259 7381 7380
f 7383 7263 7384
f 7261 7383 7382
f 7385 7265 7386
f 7385 7384 7263
f 7387 7267 7388
f 7387 7386 7265
f 7389 7269 7390
f 7267 7389 7388
f 7391 7271 7392
f 7391 7390 7269
f 7393 7273 7394
f 7392 7271 7393
f 7275 7279 7395
f 7275 7394 7273
f 7278 7276 7281
f 7278 7396 7395
f 7280 7139 7284
f 7280 7397 7398
f 7283 7282 7287
f 7283 7399 7400
f 7286 7285 7290
f 7286 7401 7402
f 7289 7288 7403
f 7404 7289 7405
f 7406 7407 7408
f 7409 7410 7411
f 7412 7413 7414
f 7415 7416 7417
f 7418 7419 7420
f 7296 7295 7421
f 7296 7422 7423
f 7421 7424 7425
f 7301 7421 7298
f 7300 7426 7427
f 7173 7303 7300
f 7302 7428 7429
f 7302 7176 7307
f 7306 7430 7431
f 7306 7305 7309
f 7308 7432 7433
f 7308 7181 7311
f 7310 7434 7435
f 7310 7185 7313
f 7312 7436 7437
f 7312 7187 7315
f 7314 7438 7439
f 7314 7189 7317
f 7316 7440 7441
f 7316 7191 7319
f 7318 7442 7443
f 7318 7193 7321
f 7320 7444 7445
f 7323 7320 7195
f 7322 7446 7447
f 7322 7197 7325
f 7324 7448 7449
f 7324 7199 7327
f 7326 7450 7451
f 7329 7326 7201
f 7328 7452 7453
f 7328 7203 7331
f 7330 7454 7455
f 7333 7330 7205
f 7332 7456 7457
f 7332 7207 7335
f 7334 7458 7459
f 7337 7334 7209
f 7336 7460 7461
f 7336 7211 7339
f 7338 7462 7463
f 7338 7213 7341
f 7340 7464 7341
f 7340 7343 7465
f 7342 7465 7343
f 7342 7345 7466
f 7467 7466 7345
f 7467 7223 7347
f 7468 7469 7347
f 7468 7348 7470
f 7471 7470 7348
f 7471 7350 7472
f 7473 7472 7350
f 7473 7352 7474
f 7475 7474 7352
f 7475 7354 7476
f 7477 7476 7354
f 7477 7356 7478
f 7479 7478 7356
f 7479 7358 7480
f 7481 7480 7358
f 7482 7481 7360
f 7483 7362 7484
f 7360 7483 7482
f 7485 7364 7486
f 7485 7484 7362
f 7487 7366 7488
f 7487 7486 7364
f 7489 7368 7490
f 7489 7488 7366
f 7491 7370 7492
f 7491 7490 7368
f 7493 7372 7494
f 7493 7492 7370
f 7495 7374 7496
f 7495 7494 7372
f 7497 7376 7498
f 7374 7497 7496
f 7499 7378 7500
f 7499 7498 7376
f 7501 7380 7502
f 7501 7500 7378
f 7503 7382 7504
f 7503 7502 7380
f 7505 7384 7506
f 7505 7504 7382
f 7507 7386 7508
f 7507 7506 7384
f 7509 7388 7510
f 7509 7508 7386
f 7511 7390 7512
f 7511 7510 7388
f 7513 7392 7514
f 7513 7512 7390
f 7515 7394 7516
f 7515 7514 7392
f 7517 7395 7518
f 7517 7516 7394
f 7396 7278 7398
f 7396 7519 7518
f 7397 7280 7400
f 7397 7520 7521
f 7399 7283 7402
f 7522 7399 7523
f 7401 7286 7404
f 7524 7401 7525
f 7405 7289 7408
f 7405 7526 7527
f 7407 7406 7411
f 7528 7407 7529
f 7410 7409 7414
f 7410 7530 7531
f 7413 7412 7417
f 7413 7532 7533
f 7416 7415 7420
f 7416 7534 7535
f 7419 7418 7423
f 7419 7536 7537
f 7422 7296 7425
f 7422 7538 7539
f 7424 7421 7427
f 7424 7540 7541
f 7426 7300 7429
f 7426 7542 7543
f 7428 7302 7431
f 7544 7428 7545
f 7430 7546 7547
f 7430 7306 7433
f 7432 7548 7549
f 7435 7432 7308
f 7434 7550 7551
f 7310 7437 7434
f 7436 7552 7553
f 7436 7312 7439
f 7438 7554 7555
f 7441 7438 7314
f 7440 7556 7557
f 7440 7316 7443
f 7442 7558 7559
f 7445 7442 7318
f 7444 7560 7561
f 7444 7320 7447
f 7446 7562 7563
f 7446 7322 7449
f 7448 7564 7565
f 7448 7324 7451
f 7450 7566 7567
f 7450 7326 7453
f 7452 7568 7569
f 7452 7328 7455
f 7454 7570 7571
f 7454 7330 7457
f 7456 7572 7573
f 7459 7456 7332
f 7458 7574 7575
f 7458 7334 7461
f 7460 7576 7577
f 7463 7460 7336
f 7462 7578 7463
f 7462 7464 7579
f 7580 7579 7464
f 7465 7581 7580
f 7582 7581 7465
f 7582 7466 7583
f 7584 7583 7466
f 7347 7469 7584
f 7585 7586 7469
f 7585 7470 7587
f 7588 7587 7470
f 7588 7472 7589
f 7590 7589 7472
f 7590 7474 7591
f 7592 7591 7474
f 7592 7476 7593
f 7594 7593 7476
f 7594 7478 7595
f 7596 7595 7478
f 7596 7480 7597
f 7598 7597 7480
f 7482 7599 7598
f 7600 7599 7482
f 7601 7600 7484
f 7602 7601 7484
f 7602 7486 7603
f 7604 7488 7605
f 7604 7603 7486
f 7606 7490 7607
f 7606 7605 7488
f 7608 7492 7609
f 7608 7607 7490
f 7610 7494 7611
f 7610 7609 7492
f 7612 7496 7613
f 7612 7611 7494
f 7613 7498 7614
f 7615 7500 7616
f 7615 7614 7498
f 7617 7502 7618
f 7617 7616 7500
f 7619 7504 7620
f 7619 7618 7502
f 7621 7506 7622
f 7504 7621 7620
f 7623 7508 7624
f 7623 7622 7506
f 7625 7510 7626
f 7508 7625 7624
f 7627 7512 7628
f 7510 7627 7626
f 7629 7514 7630
f 7629 7628 7512
f 7631 7516 7632
f 7631 7630 7514
f 7633 7518 7634
f 7633 7632 7516
f 7519 7396 7521
f 7519 7635 7634
f 7520 7397 7522
f 7636 7520 7637
f 7523 7399 7524
f 7523 7638 7639
f 7525 7401 7527
f 7525 7640 7641
f 7526 7405 7528
f 7642 7643 7526
f 7529 7407 7531
f 7529 7644 7645
f 7530 7410 7533
f 7530 7646 7647
f 7532 7413 7535
f 7532 7648 7649
f 7534 7416 7537
f 7534 7650 7651
f 7536 7419 7539
f 7536 7652 7653
f 7538 7422 7541
f 7538 7654 7655
f 7540 7424 7543
f 7656 7540 7657
f 7542 7426 7544
f 7542 7658 7659
f 7545 7428 7547
f 7660 7545 7661
f 7546 7430 7549
f 7546 7662 7663
f 7548 7432 7551
f 7548 7664 7665
f 7550 7666 7667
f 7550 7434 7553
f 7552 7668 7669
f 7552 7436 7555
f 7554 7670 7671
f 7554 7438 7557
f 7556 7672 7673
f 7440 7559 7556
f 7558 7674 7675
f 7558 7442 7561
f 7560 7676 7677
f 7563 7560 7444
f 7562 7678 7679
f 7565 7562 7446
f 7564 7680 7681
f 7564 7448 7567
f 7566 7682 7683
f 7566 7450 7569
f 7568 7684 7685
f 7568 7452 7571
f 7570 7686 7687
f 7570 7454 7573
f 7572 7688 7689
f 7572 7456 7575
f 7574 7690 7691
f 7574 7458 7577
f 7576 7692 7577
f 7576 7578 7693
f 7694 7693 7578
f 7694 7579 7695
f 7696 7695 7579
f 7696 7581 7697
f 7698 7697 7581
f 7698 7583 7699
f 7700 7699 7583
f 7469 7586 7700
f 7701 7702 7586
f 7701 7587 7703
f 7704 7703 7587
f 7704 7589 7705
f 7706 7705 7589
f 7706 7591 7707
f 7708 7707 7591
f 7593 7709 7708
f 7710 7709 7593
f 7710 7595 7711
f 7712 7711 7595
f 7712 7597 7713
f 7714 7713 7597
f 7599 7715 7714
f 7716 7715 7599
f 7716 7601 7717
f 7718 7717 7601
f 7718 7603 7719
f 7720 7719 7603
f 7720 7605 7721
f 7722 7721 7605
f 7722 7607 7723
f 7724 7723 7607
f 7724 7609 7725
f 7726 7611 7727
f 7609 7726 7725
f 7728 7613 7729
f 7727 7611 7728
f 7729 7614 7730
f 7731 7616 7732
f 7731 7730 7614
f 7733 7618 7734
f 7733 7732 7616
f 7735 7620 7736
f 7735 7734 7618
f 7736 7622 7737
f 7738 7624 7739
f 7738 7737 7622
f 7740 7626 7741
f 7740 7739 7624
f 7742 7628 7743
f 7742 7741 7626
f 7744 7630 7745
f 7744 7743 7628
f 7746 7632 7747
f 7745 7630 7746
f 7748 7634 7749
f 7748 7747 7632
f 7635 7519 7636
f 7635 7750 7749
f 7637 7520 7639
f 7637 7751 7752
f 7638 7523 7641
f 7638 7753 7754
f 7640 7525 7643
f 7640 7755 7756
f 7642 7526 7645
f 7642 7757 7758
f 7644 7529 7647
f 7644 7759 7760
f 7646 7530 7649
f 7646 7761 7762
f 7648 7532 7651
f 7648 7763 7764
f 7650 7534 7653
f 7650 7765 7766
f 7652 7536 7655
f 7652 7767 7768
f 7654 7538 7656
f 7769 7654 7770
f 7657 7540 7659
f 7657 7771 7772
f 7658 7542 7660
f 7658 7773 7774
f 7661 7545 7663
f 7775 7776 7661
f 7662 7546 7665
f 7777 7662 7778
f 7664 7548 7667
f 7664 7779 7780
f 7666 7550 7669
f 7781 7666 7782
f 7668 7552 7671
f 7668 7783 7784
f 7670 7785 7786
f 7554 7673 7670
f 7672 7787 7788
f 7672 7556 7675
f 7674 7789 7790
f 7677 7674 7558
f 7676 7791 7792
f 7676 7560 7679
f 7678 7793 7794
f 7681 7678 7562
f 7680 7795 7796
f 7680 7564 7683
f 7682 7797 7798
f 7682 7566 7685
f 7684 7799 7800
f 7684 7568 7687
f 7686 7801 7802
f 7689 7686 7570
f 7688 7803 7689
f 7688 7691 7804
f 7690 7804 7691
f 7690 7692 7805
f 7806 7805 7692
f 7806 7693 7807
f 7808 7807 7693
f 7808 7695 7809
f 7810 7809 7695
f 7810 7697 7811
f 7812 7811 7697
f 7812 7699 7813
f 7814 7813 7699
f 7814 7586 7702
f 7815 7816 7702
f 7815 7703 7817
f 7818 7817 7703
f 7818 7705 7819
f 7820 7819 7705
f 7820 7707 7821
f 7822 7821 7707
f 7822 7709 7823
f 7824 7823 7709
f 7824 7825 7826
f 7825 7824 7711
f 7825 7713 7827
f 7715 7827 7713
f 7828 7717 7829
f 7830 7829 7717
f 7830 7719 7831
f 7832 7831 7719
f 7832 7721 7833
f 7723 7834 7833
f 7835 7834 7723
f 7835 7725 7836
f 7837 7836 7725
f 7837 7727 7838
f 1155 1084 1156
f 7839 7840 7729
f 7839 7730 7841
f 7842 7732 7843
f 7842 7841 7730
f 7844 7734 7845
f 7843 7732 7844
f 7846 7736 7847
f 7845 7734 7846
f 7847 7737 7848
f 7848 7739 7849
f 7850 7741 7851
f 7850 7849 7739
f 7852 7743 7853
f 7852 7851 7741
f 7854 7745 7855
f 7854 7853 7743
f 7856 7747 7857
f 7856 7855 7745
f 7858 7749 7859
f 7747 7858 7857
f 7750 7635 7752
f 7750 7860 7859
f 7751 7637 7754
f 7751 7861 7862
f 7753 7638 7756
f 7753 7863 7864
f 7755 7640 7758
f 7755 7865 7866
f 7757 7642 7760
f 7867 7868 7757
f 7759 7644 7762
f 7759 7869 7870
f 7761 7646 7764
f 7871 7872 7761
f 7763 7648 7766
f 7763 7873 7874
f 7765 7650 7768
f 7765 7875 7876
f 7767 7652 7769
f 7767 7877 7878
f 7770 7654 7772
f 7771 7657 7774
f 7771 7879 7880
f 7773 7658 7776
f 7881 7773 7882
f 7775 7661 7777
f 7883 7775 7884
f 7778 7662 7780
f 7778 7885 7886
f 7779 7664 7781
f 7779 7887 7888
f 7782 7666 7784
f 7889 7890 7782
f 7783 7668 7786
f 7891 7783 7892
f 7785 7670 7788
f 7785 7893 7894
f 7787 7895 7896
f 7787 7672 7790
f 7789 7897 7898
f 7789 7674 7792
f 7791 7899 7900
f 7791 7676 7794
f 7793 7901 7902
f 7793 7678 7796
f 7795 7903 7904
f 7798 7795 7680
f 7797 7905 7906
f 7797 7682 7800
f 7799 7907 7800
f 7799 7802 7908
f 7801 7908 7802
f 7801 7803 7909
f 7910 7909 7803
f 7910 7804 7911
f 7912 7911 7804
f 7912 7805 7913
f 7914 7913 7805
f 7914 7807 7915
f 7916 7915 7807
f 7916 7809 7917
f 7918 7917 7809
f 7918 7811 7919
f 7920 7919 7811
f 7920 7813 7921
f 7922 7921 7813
f 7922 7702 7816
f 7923 7817 7924
f 7925 7924 7817
f 7925 7819 7926
f 7927 7926 7819
f 7928 7927 7821
f 7929 7928 7821
f 7929 7823 7930
f 7826 7930 7823
f 7931 7827 7932
f 7933 7932 7827
f 7933 7934 7935
f 7934 7933 7828
f 7934 7829 7936
f 7937 7936 7829
f 7937 7831 7938
f 7939 7938 7831
f 7833 7940 7939
f 7940 7834 7941
f 7942 7941 7834
f 7942 7836 7943
f 7944 7943 7836
f 7727 7840 7838
f 7945 7838 7840
f 7946 7947 7948
f 7845 7949 7844
f 7950 1323 1259
f 7847 7951 7846
f 7847 7848 7952
f 7952 7953 7847
f 7849 7954 7952
f 7955 7851 7956
f 7955 7954 7849
f 7957 7853 7958
f 7957 7956 7851
f 7959 7855 7960
f 7961 7857 7962
f 7960 7855 7961
f 7963 7858 7859
f 7963 7964 7962
f 7860 7750 7862
f 7860 7965 7963
f 7861 7751 7864
f 7861 7966 7967
f 7863 7753 7866
f 7865 7755 7868
f 7968 7865 7969
f 7867 7757 7870
f 7867 7970 7971
f 7869 7759 7872
f 7869 7972 7973
f 7871 7761 7874
f 7871 7974 7975
f 7873 7763 7876
f 7976 7873 7977
f 7875 7765 7878
f 7875 7978 7979
f 7877 7767 7980
f 7981 7982 7983
f 7980 7770 7880
f 7879 7771 7881
f 7879 7984 7985
f 7882 7773 7883
f 7882 7986 7987
f 7884 7775 7886
f 7884 7988 7989
f 7885 7778 7888
f 7885 7990 7991
f 7887 7779 7890
f 7887 7992 7993
f 7889 7782 7891
f 7889 7994 7995
f 7892 7783 7894
f 7892 7996 7997
f 7893 7785 7896
f 7893 7998 7999
f 7895 7787 7898
f 7895 8000 8001
f 7897 7789 7900
f 7897 8002 8003
f 7899 8004 8005
f 7899 7791 7902
f 7901 8006 8007
f 7901 7793 7904
f 7903 8008 7904
f 8009 7903 7906
f 7905 8009 7906
f 7905 7907 8010
f 8011 8010 7907
f 8011 7908 8012
f 8013 8012 7908
f 8013 7909 8014
f 8015 8014 7909
f 7911 8016 8015
f 8017 8016 7911
f 8017 7913 8018
f 8019 8018 7913
f 8019 7915 8020
f 8021 8020 7915
f 8021 7917 8022
f 8023 8022 7917
f 8023 7919 8024
f 8025 8024 7919
f 8025 7921 8026
f 7816 8026 7921
f 8027 8028 7924
f 8029 7926 8030
f 8031 8030 7926
f 8031 7928 8032
f 8033 8032 7928
f 8033 7930 8034
f 8035 8034 7930
f 8035 7931 8036
f 8036 7932 8037
f 8038 8039 7936
f 8040 7938 8041
f 8042 8043 7938
f 8042 7940 8044
f 8045 8044 7941
f 8046 7941 7942
f 7943 7944 8047
f 7945 8047 7838
f 7951 8048 7845
f 8049 7961 7962
f 7965 7860 7967
f 7966 7861 8050
f 8050 7863 7968
f 7969 7865 7971
f 7969 8051 8052
f 7970 7867 7973
f 7970 8053 8054
f 7972 7869 7975
f 8055 8056 7972
f 7974 7871 7976
f 7977 7873 7979
f 7977 8057 8058
f 7978 7875 7983
f 7982 7981 8059
f 8060 7980 7985
f 7984 7879 7987
f 7986 7882 7989
f 7986 8061 8062
f 7988 7884 7991
f 7988 8063 8064
f 7990 7885 7993
f 7990 8065 7988
f 7992 7887 7995
f 7992 8066 8067
f 7994 7889 7997
f 7994 8068 8069
f 7996 7892 7999
f 7996 8070 8071
f 7998 7893 8001
f 7998 8072 8073
f 8000 7895 8003
f 8000 8074 8075
f 8002 7897 8005
f 8002 8076 8077
f 8004 7899 8007
f 8078 8004 8079
f 8006 8080 8007
f 8006 8008 8081
f 8082 8081 8008
f 8083 8082 8009
f 8084 8083 8009
f 8084 8010 8085
f 8086 8085 8010
f 8012 8087 8086
f 8088 8087 8012
f 8088 8014 8089
f 8090 8089 8014
f 8090 8016 8091
f 8092 8091 8016
f 8092 8018 8093
f 8094 8093 8018
f 8095 8094 8020
f 8096 8095 8020
f 8096 8022 8097
f 8098 8097 8022
f 8098 8024 8099
f 8100 8099 8024
f 8101 8100 8026
f 8102 8101 8026
f 8102 7923 8028
f 8027 8103 8028
f 8027 8029 8104
f 8104 8105 8106
f 8105 8104 8030
f 8105 8032 8107
f 8108 8107 8032
f 8108 8034 8109
f 8110 8109 8034
f 8110 8036 8111
f 8037 8111 8036
f 8037 7935 8112
f 8113 8043 8042
f 8114 8115 8116
f 8117 8118 8119
f 7949 8117 8119
f 7953 7952 8120
f 8121 7956 8122
f 7958 7959 8123
f 7958 8122 7956
f 8123 7960 8124
f 8125 7965 8126
f 8127 8050 8052
f 7966 8127 8128
f 8051 7969 8054
f 8052 8051 8129
f 8053 7970 8056
f 8053 8130 8054
f 8055 7972 8131
f 8056 8055 8132
f 8131 7974 8058
f 8057 7977 8133
f 8058 8057 8134
f 8135 8136 7984
f 8136 8135 8137
f 8061 7986 8064
f 8138 8139 8140
f 8065 7990 8067
f 8065 8141 8063
f 8066 7992 8069
f 8066 8142 8143
f 8068 7994 8071
f 8068 8144 8145
f 8070 7996 8073
f 8070 8146 8147
f 8072 7998 8075
f 8072 8148 8149
f 8074 8000 8077
f 8074 8150 8151
f 8076 8002 8078
f 8076 8152 8153
f 8079 8154 8078
f 8079 8080 8155
f 8156 8155 8080
f 8156 8081 8157
f 8158 8157 8081
f 8158 8083 8159
f 8160 8159 8083
f 8160 8085 8161
f 8162 8161 8085
f 8162 8087 8163
f 8164 8163 8087
f 8089 8165 8164
f 8166 8165 8089
f 8166 8091 8167
f 8168 8167 8091
f 8168 8093 8169
f 8170 8169 8093
f 8170 8095 8171
f 8172 8171 8095
f 8172 8097 8173
f 8174 8173 8097
f 8174 8099 8175
f 8176 8175 8099
f 8101 8177 8176
f 8178 8177 8101
f 8178 8028 8103
f 8179 8180 8103
f 8179 8106 8181
f 8106 8179 8104
f 8182 8183 8184
f 8184 8183 8107
f 8184 8109 8185
f 8185 8109 8110
f 8185 8111 8186
f 8187 8111 8037
f 8186 8187 8188
f 8189 8190 8112
f 8190 8189 8191
f 8189 8192 8193
f 8194 8195 8196
f 8113 8044 8197
f 8045 8197 8044
f 8045 8198 8197
f 8199 8200 8047
f 8201 8199 8047
f 8202 8203 8118
f 1026 1141 1142
f 8204 8205 8048
f 8206 8207 8208
f 8049 8209 8124
f 8210 8125 8211
f 8212 8213 876
f 8211 8214 8210
f 8215 8127 8129
f 8214 8128 8215
f 8216 8131 8134
f 8055 8216 8217
f 8134 8218 8219
f 8133 7978 8220
f 8221 8222 8220
f 8223 8059 8137
f 8224 8135 8225
f 8137 8224 8226
f 8225 8061 8139
f 8227 8225 8139
f 8141 8065 8143
f 8141 8228 8229
f 8142 8066 8145
f 8142 8230 8231
f 8144 8068 8147
f 8144 8232 8233
f 8146 8070 8149
f 8234 8235 8146
f 8148 8072 8151
f 8148 8236 8237
f 8150 8074 8153
f 8150 8238 8239
f 8152 8076 8154
f 8152 8240 8241
f 8242 8243 8154
f 8242 8155 8244
f 8245 8244 8155
f 8246 8245 8157
f 8247 8246 8157
f 8248 8247 8159
f 8249 8248 8159
f 8249 8161 8250
f 8251 8250 8161
f 8251 8163 8252
f 8253 8252 8163
f 8253 8165 8254
f 8255 8254 8165
f 8255 8167 8256
f 8257 8256 8167
f 8257 8169 8258
f 8259 8258 8169
f 8259 8171 8260
f 8261 8260 8171
f 8261 8173 8262
f 8263 8262 8173
f 8175 8264 8263
f 8265 8264 8175
f 8265 8177 8266
f 8267 8266 8177
f 8267 8103 8180
f 8181 8268 8180
f 8269 8270 8181
f 8269 8182 8271
f 8182 8269 8183
f 8272 8182 8184
f 8186 8273 8185
f 8273 8186 8274
f 8191 8275 8190
f 1289 1219 8276
f 8198 8277 8197
f 8278 8279 8280
f 8199 8281 8200
f 3854 3793 3967
f 8282 8283 8199
f 8202 8284 8285
f 8286 8205 8287
f 8288 8204 8048
f 8289 8206 8120
f 8124 8209 8290
f 8291 8292 8293
f 8125 8210 8294
f 8295 8215 8129
f 8296 8129 8130
f 8296 8295 8129
f 8297 8053 8298
f 8130 8297 8299
f 8300 8298 8217
f 8298 8300 8301
f 8216 8302 8217
f 8303 8218 8304
f 8305 8304 8222
f 8303 8304 8305
f 8222 8306 8305
f 8307 8223 8226
f 8307 8306 8223
f 8308 8224 8227
f 8226 8308 8307
f 8138 8309 8310
f 8228 8141 8231
f 8229 8228 8309
f 8230 8142 8233
f 8311 8230 8312
f 8232 8144 8235
f 8232 8313 8314
f 8234 8146 8237
f 8234 8315 8316
f 8236 8148 8239
f 8236 8317 8318
f 8238 8150 8241
f 8319 8238 8320
f 8240 8243 8321
f 8240 8322 8241
f 8323 8321 8243
f 8324 8323 8244
f 8325 8324 8244
f 8325 8246 8326
f 8327 8326 8246
f 8327 8248 8328
f 8329 8328 8248
f 8329 8250 8330
f 8331 8330 8250
f 8252 8332 8331
f 8333 8332 8252
f 8333 8254 8334
f 8335 8334 8254
f 8335 8256 8336
f 8337 8336 8256
f 8338 8337 8258
f 8339 8338 8258
f 8339 8260 8340
f 8341 8340 8260
f 8342 8341 8262
f 8343 8342 8262
f 8343 8264 8344
f 8345 8344 8264
f 8345 8266 8346
f 8347 8346 8266
f 8347 8180 8268
f 8348 8349 8268
f 8348 8270 8350
f 8271 8350 8270
f 8351 8352 8271
f 8351 8353 8354
f 8353 8351 8272
f 8354 8353 8355
f 8356 8357 8195
f 8358 8359 8360
f 8359 8361 8362
f 8363 8283 8282
f 8202 8363 8203
f 4780 8364 4787
f 4780 4787 4781
f 4854 8365 4419
f 8366 4853 8367
f 4858 4853 4422
f 8368 4859 8369
f 4866 4859 4425
f 8370 8371 8372
f 8373 4865 8374
f 4432 4865 4429
f 4874 8375 4432
f 4875 4874 4435
f 8376 4881 8377
f 4887 4881 4441
f 8378 8379 8380
f 4892 8381 8379
f 4896 4892 4455
f 8382 4897 8383
f 8384 8302 8219
f 8385 8303 8305
f 8303 8385 8386
f 8387 8305 8306
f 8305 8387 8385
f 8388 8306 8307
f 8306 8388 8387
f 8389 8390 8310
f 8390 8391 8308
f 8392 8228 8311
f 8309 8392 8393
f 8312 8230 8314
f 8394 8312 8395
f 8313 8232 8316
f 8396 8397 8313
f 8315 8234 8318
f 8398 8399 8315
f 8317 8236 8319
f 8400 8401 8317
f 8320 8238 8322
f 8320 8402 8403
f 8404 8321 8405
f 8404 8406 8322
f 8407 8405 8321
f 8407 8324 8408
f 8409 8408 8324
f 8410 8409 8326
f 8411 8410 8326
f 8411 8328 8412
f 8413 8412 8328
f 8413 8330 8414
f 8415 8414 8330
f 8415 8332 8416
f 8417 8416 8332
f 8417 8334 8418
f 8419 8418 8334
f 8420 8419 8336
f 8421 8420 8336
f 8421 8338 8422
f 8423 8422 8338
f 8423 8340 8424
f 8425 8424 8340
f 8425 8342 8426
f 8427 8426 8342
f 8427 8344 8428
f 8429 8428 8344
f 8429 8346 8430
f 8431 8430 8346
f 8431 8268 8349
f 8432 8433 8349
f 8432 8350 8434
f 8434 8352 8435
f 8436 8435 8352
f 8436 8354 8437
f 8355 8437 8354
f 8437 8355 8438
f 8439 8440 8275
f 8441 8275 8191
f 8442 8280 8443
f 4901 4897 4461
f 8444 4902 8445
f 8286 8285 8284
f 8287 8446 8286
f 8446 8287 8447
f 8207 8448 8204
f 8448 8207 8449
f 8450 8451 8452
f 8453 8293 8294
f 8291 8454 8455
f 8456 8294 8210
f 8294 8457 8453
f 8458 8210 8214
f 8210 8458 8456
f 8459 8215 8295
f 8214 8459 8458
f 8295 8296 8460
f 8461 8297 8301
f 8462 8299 8461
f 7948 8301 8300
f 8301 7948 8461
f 8463 8302 8384
f 8300 8463 8464
f 8384 8465 8466
f 8467 8386 8385
f 8386 8467 8465
f 8468 8385 8387
f 8385 8468 8467
f 8469 8387 8388
f 8387 8469 8468
f 8388 8470 8469
f 8391 8471 8472
f 8473 8392 8394
f 8393 8473 8474
f 8395 8312 8397
f 8395 8475 8476
f 8396 8313 8399
f 8396 8477 8478
f 8398 8315 8401
f 8398 8479 8480
f 8400 8317 8403
f 8400 8481 8482
f 8402 8320 8406
f 8402 8483 8484
f 8485 8405 8486
f 8485 8487 8406
f 8488 8486 8405
f 8488 8408 8489
f 8490 8489 8408
f 8491 8490 8410
f 8492 8491 8410
f 8493 8492 8412
f 8494 8493 8412
f 8494 8414 8495
f 8496 8495 8414
f 8416 8497 8496
f 8498 8497 8416
f 8498 8418 8499
f 8500 8499 8418
f 8500 8420 8501
f 8502 8501 8420
f 8422 8503 8502
f 8504 8503 8422
f 8505 8504 8424
f 8506 8505 8424
f 8506 8426 8507
f 8508 8507 8426
f 8508 8428 8509
f 8510 8509 8428
f 8510 8430 8511
f 8512 8511 8430
f 8349 8433 8512
f 8513 8514 8433
f 8513 8434 8515
f 8515 8435 8516
f 8517 8516 8435
f 8517 8437 8518
f 8438 8518 8437
f 8519 8520 8438
f 8521 8520 8519
f 8520 8522 8523
f 8439 8522 8521
f 8439 8441 8524
f 8525 8362 8526
f 8285 8527 8202
f 8446 8527 8285
f 4906 4902 4467
f 8528 4905 8529
f 8530 4905 4522
f 8531 8532 8533
f 4916 8534 8535
f 4920 4916 4532
f 8536 8537 4921
f 4990 4921 4534
f 4539 4995 4991
f 8538 4991 8539
f 8540 4996 8541
f 5002 8542 5003
f 8543 8544 8545
f 8545 8544 8546
f 8547 8548 8549
f 8547 8549 8544
f 8548 8550 8549
f 7947 8462 8461
f 7948 8300 8464
f 8461 7948 7947
f 8551 8466 8465
f 8552 8466 8551
f 8553 8467 8468
f 8467 8553 8554
f 8555 8468 8469
f 8556 8470 8472
f 8470 8556 8557
f 8558 8471 8474
f 8471 8558 8559
f 8560 8473 8476
f 8474 8560 8558
f 8475 8395 8478
f 8475 8561 8562
f 8477 8396 8480
f 8563 8564 8477
f 8479 8398 8482
f 8565 8479 8566
f 8481 8400 8484
f 8481 8567 8568
f 8483 8402 8487
f 8569 8483 8570
f 8571 8486 8572
f 8571 8573 8487
f 8574 8489 8575
f 8574 8572 8486
f 8576 8575 8489
f 8576 8491 8577
f 8578 8577 8491
f 8579 8578 8493
f 8580 8579 8493
f 8580 8495 8581
f 8582 8581 8495
f 8582 8497 8583
f 8584 8583 8497
f 8584 8499 8585
f 8586 8585 8499
f 8587 8586 8501
f 8588 8587 8501
f 8588 8503 8589
f 8590 8589 8503
f 8591 8590 8505
f 8592 8591 8505
f 8592 8507 8593
f 8594 8593 8507
f 8594 8509 8595
f 8596 8595 8509
f 8596 8511 8597
f 8598 8597 8511
f 8433 8514 8598
f 8599 8600 8514
f 8599 8515 8601
f 8602 8601 8515
f 8603 8602 8516
f 8604 8603 8516
f 8604 8518 8605
f 8606 8605 8518
f 8606 8520 8523
f 1822 1823 1899
f 8607 8608 8609
f 8610 8527 6665
f 8611 6665 8527
f 8446 8447 8612
f 8449 8613 8448
f 8613 8449 8614
f 8615 8616 8617
f 8618 8619 8450
f 8616 8618 8617
f 8450 8620 8621
f 8622 8290 8455
f 8620 8622 8623
f 8454 8291 8453
f 8455 8454 8624
f 8457 8294 8456
f 8453 8457 8625
f 8458 8626 8627
f 8628 8462 7947
f 8462 8628 8629
f 8630 8463 8552
f 8631 8551 8554
f 8551 8631 8632
f 8554 8553 8631
f 8633 8555 8557
f 8555 8634 8553
f 8635 8556 8559
f 8556 8635 8636
f 8559 8637 8635
f 8638 8560 8562
f 8561 8475 8564
f 8561 8639 8640
f 8563 8477 8565
f 8641 8642 8563
f 8566 8479 8568
f 8566 8643 8644
f 8567 8481 8569
f 8567 8645 8646
f 8570 8483 8573
f 8647 8648 8570
f 8649 8572 8650
f 8649 8651 8573
f 8652 8575 8653
f 8652 8650 8572
f 8654 8653 8575
f 8654 8577 8655
f 8656 8655 8577
f 8579 8657 8656
f 8658 8657 8579
f 8659 8658 8581
f 8660 8659 8581
f 8660 8583 8661
f 8662 8661 8583
f 8585 8663 8662
f 8664 8663 8585
f 8664 8587 8665
f 8666 8665 8587
f 8666 8589 8667
f 8668 8667 8589
f 8668 8591 8669
f 8670 8669 8591
f 8670 8593 8671
f 8672 8671 8593
f 8672 8595 8673
f 8674 8673 8595
f 8674 8597 8675
f 8676 8675 8597
f 8676 8514 8600
f 8677 8678 8600
f 8679 8680 8601
f 8681 8679 8601
f 8601 8682 8681
f 8683 8684 8682
f 8683 8682 8603
f 8685 8683 8603
f 8603 8686 8685
f 8686 8605 8687
f 8688 8687 8605
f 8688 8523 8689
f 8690 8689 8523
f 8690 8691 8692
f 8691 8690 8522
f 8693 8691 8524
f 8694 8693 8695
f 8526 8696 8525
f 8696 8526 8697
f 8698 8526 8362
f 8609 8699 8700
f 8609 8608 8699
f 8608 8607 8701
f 8702 8703 8704
f 8533 8532 8705
f 8618 537 536
f 8706 8707 8629
f 8708 8707 8706
f 8706 8629 8628
f 8709 8710 7946
f 8710 8709 8711
f 8712 7946 8630
f 7946 8712 8709
f 8630 8713 8712
f 8714 8632 8631
f 8634 8555 8633
f 8715 8553 8634
f 8633 8557 8636
f 8636 8716 8717
f 8718 8637 8719
f 8720 8638 8640
f 8720 8721 8719
f 8639 8561 8642
f 8722 8639 8723
f 8641 8563 8644
f 8724 8725 8641
f 8643 8566 8646
f 8726 8727 8643
f 8645 8567 8648
f 8728 8729 8645
f 8647 8651 8730
f 8648 8647 8731
f 8732 8650 8733
f 8732 8730 8651
f 8734 8653 8735
f 8734 8733 8650
f 8736 8655 8737
f 8736 8735 8653
f 8738 8737 8655
f 8738 8657 8739
f 8740 8739 8657
f 8740 8659 8741
f 8742 8741 8659
f 8742 8661 8743
f 8744 8743 8661
f 8745 8744 8663
f 8746 8745 8663
f 8746 8665 8747
f 8748 8747 8665
f 8749 8750 8748
f 8749 8748 8667
f 8751 8749 8667
f 8667 8752 8751
f 8753 8754 8752
f 8752 8669 8753
f 8755 8753 8669
f 8756 8757 8671
f 8758 8756 8671
f 8759 8760 8673
f 8761 8759 8673
f 8762 8763 8675
f 8764 8762 8675
f 8678 8765 8600
f 8766 8767 8687
f 8768 8766 8687
f 8769 8770 8689
f 8771 8769 8689
f 8689 8692 8771
f 8772 8773 8691
f 8772 8693 8774
f 8694 8774 8693
f 8775 8697 8526
f 8608 8776 8699
f 8776 8608 8777
f 8703 8702 8778
f 8614 8779 8613
f 8621 8623 8780
f 8781 8454 8625
f 8782 8457 8783
f 8625 8782 8784
f 8785 8626 8708
f 8786 8708 8706
f 8706 8787 8786
f 8713 8630 8552
f 8788 8632 8714
f 8788 8714 8789
f 8714 8631 8715
f 8790 8634 8791
f 8715 8790 8792
f 8791 8633 8717
f 8793 8716 8794
f 8793 8795 8796
f 8794 8718 8719
f 8721 8720 8722
f 8721 8797 8798
f 8723 8639 8725
f 8799 8723 8800
f 8724 8641 8727
f 8724 8801 8802
f 8726 8643 8729
f 8726 8803 8804
f 8728 8645 8731
f 8728 8805 8806
f 8807 8730 8808
f 8807 8809 8731
f 8810 8733 8811
f 8810 8808 8730
f 8812 8735 8813
f 8812 8811 8733
f 8814 8737 8815
f 8814 8813 8735
f 8816 8815 8737
f 8816 8739 8817
f 8818 8817 8739
f 8819 8818 8741
f 8820 8819 8741
f 8821 8822 8820
f 8821 8820 8743
f 8823 8821 8743
f 8743 8824 8823
f 8825 8826 8824
f 8825 8824 8745
f 8827 8825 8745
f 8828 8829 8747
f 8830 8828 8747
f 8831 8832 8773
f 8833 8831 8773
f 8834 8835 8774
f 8836 8834 8774
f 8837 8836 8774
f 8774 8838 8837
f 8838 8696 8839
f 8697 8839 8696
f 8701 8777 8608
f 8777 8701 8840
f 8778 8841 8703
f 8623 8842 8780
f 8624 8781 8843
f 8787 8706 8711
f 8844 8711 8709
f 8711 8844 8845
f 8846 8709 8712
f 8709 8846 8844
f 8847 8713 8788
f 8712 8847 8846
f 8788 8789 8848
f 8849 8714 8792
f 8850 8790 8851
f 8792 8850 8852
f 8851 8791 8796
f 8853 8854 8855
f 8795 8793 8856
f 8857 8853 8795
f 8856 8794 8798
f 8797 8721 8799
f 8797 8858 8859
f 8800 8723 8802
f 8860 8861 8800
f 8801 8724 8804
f 8801 8862 8863
f 8803 8726 8806
f 8803 8864 8865
f 8805 8728 8809
f 8805 8866 8867
f 8868 8808 8869
f 8868 8870 8809
f 8871 8811 8872
f 8871 8869 8808
f 8873 8813 8874
f 8873 8872 8811
f 8875 8815 8876
f 8875 8874 8813
f 8877 8876 8815
f 8877 8817 8878
f 8879 8878 8817
f 8880 8881 8879
f 8880 8879 8819
f 8882 8880 8819
f 8883 8884 8839
f 8885 8883 8839
f 8839 8886 8885
f 8887 8888 8886
f 8887 8886 8889
f 8889 8776 8890
f 8777 8890 8776
f 8778 8891 8841
f 8891 8778 8892
f 8893 8894 8895
f 8896 8897 8898
f 8899 8900 8614
f 8901 8902 8903
f 8904 8842 8843
f 8842 8904 8905
f 8906 8784 8907
f 8907 8782 8908
f 8909 8908 16
f 16 18 8910
f 8911 8912 8913
f 8914 8787 8845
f 8787 8914 8915
f 8916 8898 8917
f 8918 8847 8848
f 8918 8919 8920
f 8848 8921 8922
f 8921 8849 8923
f 8924 8850 8855
f 8924 8925 8926
f 8855 8851 8853
f 8854 8927 8928
f 8857 8795 8929
f 8857 8930 8854
f 8929 8856 8859
f 8858 8797 8861
f 8858 8931 8932
f 8860 8800 8863
f 8860 8933 8934
f 8862 8801 8865
f 8935 8862 8936
f 8864 8803 8867
f 8864 8937 8938
f 8866 8805 8870
f 8866 8939 8940
f 8941 8869 8942
f 8943 8870 8941
f 8944 8872 8945
f 8944 8942 8869
f 8946 8874 8947
f 8946 8945 8872
f 8948 8949 8950
f 8948 8950 8876
f 8950 8947 8874
f 8951 8948 8876
f 8952 8953 8878
f 8954 8952 8878
f 8955 8889 8890
f 8956 8957 8958
f 8840 8956 8777
f 8895 8959 8893
f 8960 8961 8962
f 8698 8775 8526
f 8900 8899 8963
f 8964 8902 8901
f 8965 538 8966
f 8965 8967 538
f 538 8968 8966
f 8969 8970 8905
f 8971 8968 8969
f 8905 8904 8972
f 8973 8974 8975
f 8906 8907 8976
f 8910 18 8977
f 16 8910 8978
f 8977 8786 8915
f 8979 8980 8914
f 8981 8982 8983
f 8920 8846 8918
f 8984 8982 8919
f 8985 8986 8987
f 8923 8849 8926
f 8925 8924 8928
f 8925 8988 8926
f 8927 8989 8990
f 8930 8857 8991
f 8992 8930 8993
f 8991 8929 8932
f 8931 8858 8934
f 8931 8994 8995
f 8933 8860 8935
f 8933 8996 8997
f 8936 8862 8938
f 8998 8936 8999
f 8937 8864 8940
f 8937 9000 9001
f 8939 8866 8943
f 8939 9002 9003
f 9004 8942 9005
f 8943 9004 9006
f 9007 8945 9008
f 9005 8942 9007
f 9009 9010 9011
f 9009 9011 8947
f 9011 9008 8945
f 9012 9009 8947
f 9013 8955 9014
f 9014 8955 8958
f 9015 9016 8957
f 9017 8840 8891
f 8892 9018 9019
f 8898 8916 8896
f 8898 9020 8917
f 9020 9021 9022
f 8630 8464 8463
f 8966 9023 8965
f 9024 8969 8972
f 8551 8632 8552
f 9025 8906 8976
f 9025 8975 9026
f 9027 9028 8976
f 9029 8909 8978
f 9027 9029 9030
f 9031 8910 9032
f 8914 9033 9034
f 8914 8845 8979
f 8980 9035 9033
f 8983 9036 9037
f 8984 8919 8985
f 8984 9038 9039
f 8987 8986 8988
f 8987 9040 9041
f 8988 8923 8926
f 8987 8988 9042
f 9043 8925 8990
f 9043 9044 9042
f 8989 8927 8992
f 9045 8989 9046
f 8993 8930 9047
f 8993 9048 9049
f 9047 8995 9050
f 8994 8997 9051
f 8994 9050 8995
f 8996 8998 9052
f 8997 8996 9051
f 8999 9001 9053
f 8999 9052 8998
f 9000 9003 9054
f 9000 9053 9001
f 9002 9006 9055
f 9054 9003 9002
f 9056 9057 9058
f 9056 9058 9005
f 9058 9055 9006
f 9059 9007 9008
f 9060 9061 9059
f 9010 9062 9011
f 9015 8957 9063
f 9063 8957 9064
f 9064 9017 9019
f 9065 9066 9018
f 9018 8892 9067
f 9068 9069 9070
f 9067 9071 8959
f 8916 9072 9073
f 8895 8896 8916
f 8962 9074 8960
f 8964 8913 8902
f 8912 8911 9075
f 9023 8966 9076
f 9024 8972 9077
f 8974 9026 8975
f 8972 8973 9077
f 9025 9078 8975
f 9027 9030 9028
f 9029 8978 9079
f 9031 9032 9080
f 9031 9079 8978
f 9080 9034 9081
f 9033 9081 9034
f 9035 9037 9082
f 9033 9035 9083
f 9036 9039 9084
f 9036 9082 9037
f 9038 9041 9085
f 9038 9084 9039
f 9040 9085 9041
f 9042 9086 9040
f 9044 9045 9087
f 9044 9088 9042
f 9046 9049 9089
f 9046 9087 9045
f 9048 9090 9091
f 9048 9089 9049
f 9090 9050 9092
f 9093 9051 9094
f 9093 9092 9050
f 9095 9052 9096
f 9095 9094 9051
f 9097 9053 9098
f 9097 9096 9052
f 9099 9054 9100
f 9099 9098 9053
f 9101 9102 9103
f 9101 9103 9055
f 9100 9054 9103
f 9057 9104 9058
f 9105 9060 9059
f 9106 9107 9064
f 9065 9018 9108
f 9108 9018 9070
f 9109 9110 9069
f 9069 9068 9073
f 9072 9111 9112
f 1832 1690 1757
f 8917 9113 9072
f 9022 9114 9020
f 8912 9075 9115
f 8557 8469 8470
f 9076 8971 9116
f 9024 9077 9116
f 8973 8975 9117
f 9078 9028 9118
f 9117 8975 9078
f 9030 9118 9028
f 9119 9079 9120
f 9119 9121 9030
f 9122 9123 9124
f 9122 9120 9079
f 9123 9081 9125
f 9123 9122 9080
f 9083 9125 9081
f 9126 9082 9127
f 9126 9128 9083
f 9129 9084 9130
f 9129 9127 9082
f 9131 9085 9132
f 9131 9130 9084
f 9133 9086 9134
f 9132 9085 9133
f 9086 9088 9134
f 9135 9087 9136
f 9137 9089 9138
f 9137 9136 9087
f 9139 9091 9140
f 9139 9138 9089
f 9091 9092 9141
f 9142 9094 9143
f 9142 9141 9092
f 9144 9096 9145
f 9144 9143 9094
f 9146 9098 9147
f 9096 9146 9145
f 9148 9149 9150
f 9148 9150 9100
f 9150 9147 9098
f 9151 9148 9100
f 9109 9069 9152
f 9152 9069 9112
f 9153 9154 9111
f 9113 8917 9114
f 9155 9156 9114
f 9155 9074 9157
f 9158 9157 9074
f 9159 8912 9115
f 9160 9075 9161
f 9162 9163 8536
f 9076 9162 9023
f 9164 9116 9165
f 9076 9116 9164
f 9116 9077 9166
f 9167 9117 9168
f 9167 9166 9077
f 9169 9118 9170
f 9169 9168 9117
f 9121 9170 9118
f 9171 9120 9172
f 9171 9173 9121
f 9124 9172 9120
f 9174 9125 9175
f 9174 8380 9124
f 9128 9175 9125
f 9176 9127 9177
f 9178 9130 9179
f 9177 9127 9178
f 9180 9132 9181
f 9180 9179 9130
f 9182 9134 9183
f 9182 9181 9132
f 9183 9134 9184
f 9184 9136 9185
f 9186 9138 9187
f 9186 9185 9136
f 9188 9140 9189
f 9138 9188 9187
f 9140 9141 9190
f 9191 9143 9192
f 9191 9190 9141
f 9193 9145 9194
f 9143 9193 9192
f 9195 9196 9197
f 9195 9197 9147
f 9197 9194 9145
f 9198 9195 9147
f 9153 9111 9199
f 9199 9111 9200
f 9201 9199 9200
f 9200 9113 9156
f 9202 8544 8549
f 9202 9155 9157
f 9203 8546 9157
f 8541 9203 9158
f 9115 8540 8541
f 8539 8540 9115
f 8539 9160 8538
f 8536 9163 8537
f 8538 9160 8536
f 8534 9165 8535
f 8534 8537 9163
f 9204 8535 9165
f 8529 9168 8528
f 8529 9204 9166
f 8445 9170 8444
f 8528 9168 8445
f 8383 9173 8382
f 8383 8444 9170
f 8381 9172 8379
f 8381 8382 9173
f 8379 9172 8380
f 8377 9175 8376
f 8377 8378 9174
f 4876 9177 8375
f 8376 9175 9176
f 8374 9179 8373
f 8374 8375 9177
f 8369 9181 8368
f 8369 8373 9179
f 8367 9183 8366
f 8367 8368 9181
f 9184 9205 9183
f 8365 8366 9183
f 9205 9185 4788
f 5727 9187 5726
f 4788 9185 5727
f 5598 9189 5597
f 5598 5726 9187
f 5593 9190 5594
f 9189 5593 5597
f 9206 5497 5499
f 9206 5499 9192
f 5499 5594 9190
f 9207 9208 9194
f 9209 9206 9192
f 9210 9207 9194
f 9201 9200 8550
f 8550 9200 8549
f 9211 8547 8544
f 8544 9202 8546
f 8542 8545 8546
f 8546 5003 8542
f 5003 4996 4546
f 4996 5003 9203
f 4996 8540 4995
f 4991 4995 8540
f 4990 4991 8538
f 4921 8537 4920
f 8538 4921 4990
f 4916 8535 4911
f 4920 8537 4916
f 8535 9204 8530
f 4905 8528 4906
f 4905 8530 9204
f 4902 8444 4901
f 4902 4906 8528
f 4897 8382 4896
f 4897 4901 8444
f 4892 8379 4891
f 4896 8382 4892
f 4887 4891 8379
f 4881 8376 4875
f 4881 4887 8378
f 4875 8376 4876
f 8375 4874 4876
f 4865 8373 4866
f 4865 4432 8375
f 4859 8368 4858
f 4859 4866 8373
f 4853 8366 4854
f 4853 4858 8368
f 8365 4854 8366
f 4788 4419 9205
f 9212 4779 4781
f 9212 4781 5726
f 4781 4787 4788
f 9213 4770 4772
f 9213 4772 5597
f 5601 9212 5726
f 5726 4772 5601
f 9214 5591 5594
f 9215 9213 5597
f 9216 9214 5594
f 8543 9211 8544
f 4545 5001 4546
f 4546 4995 4547
f 4539 4547 4995
f 4539 4990 4538
f 4534 4920 4533
f 4534 4538 4990
f 4532 4911 4528
f 4532 4533 4920
f 4911 8530 4527
f 4522 4906 4521
f 4527 8530 4522
f 4467 4901 4466
f 4467 4521 4906
f 4461 4896 4460
f 4461 4466 4901
f 4455 4891 4454
f 4455 4460 4896
f 4887 4441 4451
f 4887 4454 4891
f 4441 4875 4442
f 4435 4874 4431
f 4435 4442 4875
f 4432 4431 4874
f 4429 4866 4430
f 4250 4432 4429
f 4425 4858 4426
f 4425 4430 4866
f 9217 4420 4422
f 9217 4422 4854
f 4426 4858 4422
f 9218 4417 4419
f 9218 4419 4787
f 8364 9218 4787
f 9219 4544 4547
f 4278 4538 4279
f 4543 9219 4547
f 4547 4278 4543
f 4274 4533 4273
f 4274 4279 4538
f 4270 4528 4271
f 4270 4273 4533
f 4108 4271 4528
f 4268 4521 4269
f 4268 4108 4527
f 4266 4466 4265
f 4266 4269 4521
f 4264 4460 4263
f 4264 4265 4466
f 4262 4454 4261
f 4262 4263 4460
f 4454 4451 4261
f 4257 4442 4258
f 9220 4252 4254
f 9220 4254 4431
f 4254 4258 4442
f 4249 9220 4431
f 4431 4250 4249
f 9221 4427 4430
f 4867 4248 4250
f 9222 4423 4426
f 4862 9221 4430
f 4857 9222 4426
f 9223 4276 4279
f 9224 4119 4121
f 9224 4121 4273
f 4275 9223 4279
f 4279 4121 4275
f 4112 4271 4113
f 4272 9224 4273
f 4272 4273 4112
f 4113 4108 3989
f 4267 4269 3986
f 4107 4108 4267
f 4104 4265 4103
f 4104 3986 4269
f 4100 4263 4101
f 4100 4103 4265
f 4099 4261 4098
f 4099 4101 4263
f 4256 4259 4257
f 4257 4098 4261
f 9225 4255 4258
f 4438 9225 4258
f 9226 4110 4113
f 3989 4107 3984
f 4109 9226 4113
f 4113 3989 4109
f 3986 3984 4107
f 9227 3978 3980
f 9227 3980 4103
f 4105 3985 3986
f 3986 3980 4105
f 9228 3975 3977
f 9228 3977 4101
f 9227 4103 4102
f 4102 4103 3977
f 9229 3972 3974
f 9229 3974 4098
f 3973 9228 4101
f 4101 3974 3973
f 4260 9229 4098
f 4106 3987 3984
f 296 298 299
f 222 221 220
f 1279 1278 1206
f 1145 1074 1211
f 8219 9230 8384
f 901 902 980
f 7877 7981 7983
f 705 620 742
f 8276 1220 9231
f 8122 8451 8619
f 9196 9232 9197
f 9208 9233 9193
f 9193 9194 9208
f 9192 5499 9191
f 5498 9216 5594
f 5498 5594 5499
f 9140 9190 9189
f 5592 9215 5597
f 5592 5597 5593
f 9189 5598 9188
f 5726 5598 4772
f 5727 9186 9187
f 4788 5727 4781
f 9184 9185 9205
f 8365 9205 4419
f 9183 9205 8365
f 9183 8367 9182
f 8368 8367 4853
f 9181 8369 9180
f 8373 8369 4859
f 9179 8374 9178
f 8375 8374 4865
f 9177 4876 9176
f 9176 9175 9128
f 8376 9176 4876
f 9175 8377 9174
f 8378 8377 4881
f 8379 8378 4887
f 9172 8381 9171
f 8382 8381 4892
f 9173 8383 9121
f 8444 8383 4897
f 8445 9169 9170
f 8528 8445 4902
f 9168 8529 9167
f 9204 8529 4905
f 9166 9165 9116
f 8535 8530 4911
f 9165 8534 9164
f 8537 8534 4916
f 9162 9076 9163
f 8538 8536 4921
f 8540 8539 4991
f 9160 8539 9075
f 8541 4996 9203
f 9115 8541 9159
f 8546 9203 5003
f 8546 9202 9157
f 9156 9202 8549
f 8549 9200 9156
f 9149 9234 9150
f 9147 9197 9146
f 9232 9210 9194
f 9232 9194 9197
f 9144 9145 9193
f 9233 9209 9192
f 9233 9192 9193
f 9143 9191 9142
f 9190 9191 5499
f 9091 9141 9140
f 9189 9190 5593
f 9139 9140 9188
f 9187 9188 5598
f 9138 9186 9137
f 9185 9186 5727
f 9136 9184 9135
f 9184 9088 9135
f 9134 9182 9133
f 9181 9182 8367
f 9132 9180 9131
f 9179 9180 8369
f 9178 9129 9130
f 9177 9178 8374
f 9127 9176 9126
f 9125 9174 9123
f 8380 9174 8378
f 9172 9124 8380
f 9120 9171 9119
f 9173 9171 8381
f 9170 9121 8383
f 9118 9169 9078
f 9168 9169 8445
f 9117 9167 8973
f 9166 9167 8529
f 9165 9166 9204
f 8539 9115 9075
f 9158 9159 8541
f 9157 9158 9203
f 9156 9155 9202
f 9074 9155 9022
f 9156 9113 9114
f 9072 9113 9111
f 9200 9111 9113
f 9154 9235 9112
f 9154 9112 9111
f 9235 9152 9112
f 9102 9236 9103
f 9100 9150 9099
f 9234 9198 9147
f 9234 9147 9150
f 9097 9098 9146
f 9145 9146 9197
f 9096 9144 9095
f 9143 9144 9193
f 9094 9142 9093
f 9141 9142 9191
f 9092 9091 9090
f 9091 9139 9048
f 9138 9139 9188
f 9089 9137 9046
f 9136 9137 9186
f 9087 9135 9044
f 9134 9088 9184
f 9133 9040 9086
f 9132 9133 9182
f 9085 9131 9038
f 9130 9131 9180
f 9084 9129 9036
f 9127 9129 9178
f 9082 9126 9035
f 9128 9126 9176
f 9125 9083 9128
f 9081 9123 9080
f 9124 9123 9174
f 9080 9122 9031
f 9120 9122 9124
f 9079 9119 9029
f 9121 9119 9171
f 9118 9030 9121
f 9078 9025 9028
f 9117 9078 9169
f 9077 8973 9167
f 9114 9022 9155
f 9074 9022 8960
f 9020 9114 8917
f 8916 8917 9072
f 9073 9072 9112
f 9112 9069 9073
f 9110 9237 9070
f 9110 9070 9069
f 9237 9108 9070
f 9238 9101 9055
f 9103 9002 9055
f 9236 9151 9100
f 9236 9100 9103
f 9054 9099 9000
f 9098 9099 9150
f 9053 9097 8999
f 9096 9097 9146
f 9052 9095 8996
f 9094 9095 9144
f 9051 9093 8994
f 9092 9093 9142
f 9047 9050 9090
f 9090 9048 8993
f 9089 9048 9139
f 9049 9046 8989
f 9087 9046 9137
f 9045 9044 9043
f 9088 9044 9135
f 9086 9042 9088
f 9085 9040 9133
f 9041 9038 8984
f 9084 9038 9131
f 9039 9036 8983
f 9082 9036 9129
f 8980 9037 9035
f 9083 9035 9126
f 9081 9033 9083
f 9034 9080 9032
f 9079 9031 9122
f 9030 9029 9119
f 9073 9068 8959
f 9067 9068 9070
f 9070 9018 9067
f 9066 9239 9019
f 9066 9019 9018
f 9106 9064 9239
f 9239 9064 9019
f 9107 9063 9064
f 9240 9241 9008
f 9056 9005 9061
f 9061 9005 9059
f 9105 9059 9241
f 9241 9059 9008
f 9005 9058 9004
f 9104 9238 9055
f 9104 9055 9058
f 9002 8939 9006
f 9054 9002 9103
f 9003 9000 8937
f 9053 9000 9099
f 9001 8999 8936
f 9052 8999 9097
f 8933 8998 8996
f 9051 8996 9095
f 8997 8994 8931
f 9050 8994 9093
f 8991 8995 9047
f 8992 8993 9049
f 9090 8993 9047
f 9045 8990 8989
f 9049 8989 8992
f 8925 9043 8988
f 9045 9043 8990
f 9042 8988 9043
f 8985 8987 9041
f 9040 8987 9042
f 8982 8984 9039
f 9041 8984 8985
f 9039 8983 8982
f 8914 8980 9033
f 8915 8914 9034
f 9034 9032 8915
f 9067 8959 9068
f 8959 9071 8893
f 9067 8892 9071
f 8891 8892 9019
f 9019 9017 8891
f 8956 9017 8957
f 9064 8957 9017
f 9016 9242 8958
f 9016 8958 8957
f 9242 9014 8958
f 8949 9243 8950
f 8947 9011 8946
f 9062 9240 9008
f 9062 9008 9011
f 9007 8944 8945
f 9005 9007 9059
f 8941 8942 9004
f 9006 9004 9058
f 8940 8939 9003
f 9006 8939 8943
f 8938 8937 9001
f 9003 8937 8940
f 8998 8935 8936
f 9001 8936 8938
f 8934 8933 8997
f 8998 8933 8935
f 8932 8931 8995
f 8997 8931 8934
f 8995 8991 8932
f 8992 8854 8930
f 9047 8930 8991
f 8928 8927 8990
f 8992 8927 8854
f 930 9244 9245
f 8990 8925 8928
f 8921 8923 8986
f 1200 9245 9244
f 8985 8922 8986
f 8988 8986 8923
f 8919 8982 8920
f 8985 8919 8922
f 8979 8981 8983
f 8956 8840 9017
f 8891 8840 8841
f 8890 8956 8958
f 8958 8955 8890
f 9013 9246 8955
f 8881 9247 8879
f 8953 9248 8877
f 8877 8878 8953
f 8876 8950 8875
f 9243 9012 8947
f 9243 8947 8950
f 8874 8946 8873
f 8945 8946 9011
f 8872 8944 8871
f 8942 8944 9007
f 8941 8868 8869
f 8943 8941 9004
f 8867 8866 8940
f 8943 8866 8870
f 8865 8864 8938
f 8940 8864 8867
f 8935 8863 8862
f 8938 8862 8865
f 8861 8860 8934
f 8935 8860 8863
f 8859 8858 8932
f 8934 8858 8861
f 8932 8929 8859
f 8853 8857 8854
f 8991 8857 8929
f 8855 8854 8928
f 8852 8924 8926
f 8928 8924 8855
f 8921 8789 8849
f 8926 8849 8852
f 8890 8777 8956
f 940 979 939
f 8887 8889 9246
f 9246 8889 8955
f 8888 8885 8886
f 8889 8886 8697
f 8884 9249 8838
f 8838 8839 8884
f 9250 2373 2372
f 8826 9251 8824
f 8822 9252 8820
f 9247 8954 8878
f 9247 8878 8879
f 8819 8879 8818
f 9248 8951 8876
f 9248 8876 8877
f 8817 8877 8816
f 8815 8875 8814
f 8874 8875 8950
f 8813 8873 8812
f 8872 8873 8946
f 8811 8871 8810
f 8869 8871 8944
f 8808 8868 8807
f 8870 8868 8941
f 8806 8805 8867
f 8870 8805 8809
f 8804 8803 8865
f 8867 8803 8806
f 8802 8801 8863
f 8865 8801 8804
f 8800 8861 8799
f 8863 8800 8802
f 8798 8797 8859
f 8861 8797 8799
f 8859 8856 8798
f 8795 8853 8796
f 8929 8795 8856
f 8853 8851 8796
f 8839 8697 8886
f 8889 8697 8775
f 9249 8837 8838
f 8696 8838 8694
f 8835 9253 8772
f 8772 8774 8835
f 8832 9254 8692
f 8692 8773 8832
f 8754 9255 8752
f 8750 9256 8748
f 8829 9257 8746
f 8746 8747 8829
f 9251 8823 8824
f 8745 8824 8744
f 9252 8882 8819
f 9252 8819 8820
f 8743 8820 8742
f 8879 8817 8818
f 8741 8818 8740
f 8815 8816 8877
f 8739 8816 8738
f 8737 8814 8736
f 8813 8814 8875
f 8735 8812 8734
f 8811 8812 8873
f 8733 8810 8732
f 8808 8810 8871
f 8730 8807 8647
f 8809 8807 8868
f 8729 8728 8806
f 8809 8728 8731
f 8727 8726 8804
f 8806 8726 8729
f 8725 8724 8802
f 8804 8724 8727
f 8799 8722 8723
f 8802 8723 8725
f 8719 8721 8798
f 8799 8721 8722
f 8798 8794 8719
f 8717 8793 8796
f 8856 8793 8794
f 8694 8838 8774
f 8696 8694 8525
f 9253 8833 8773
f 9253 8773 8772
f 8693 8772 8691
f 9254 8771 8692
f 8770 9258 8688
f 8688 8689 8770
f 8767 9259 8686
f 8686 8687 8767
f 8684 9260 8682
f 8765 9261 8676
f 8676 8600 8765
f 8763 9262 8674
f 8674 8675 8763
f 8760 9263 8672
f 8672 8673 8760
f 8757 9264 8670
f 8670 8671 8757
f 9255 8751 8752
f 8669 8752 8668
f 9256 8830 8747
f 9256 8747 8748
f 8667 8748 8666
f 9257 8827 8745
f 9257 8745 8746
f 8665 8746 8664
f 8824 8743 8744
f 8663 8744 8662
f 8741 8742 8820
f 8661 8742 8660
f 8739 8740 8818
f 8659 8740 8658
f 8737 8738 8816
f 8657 8738 8656
f 8655 8736 8654
f 8735 8736 8814
f 8653 8734 8652
f 8733 8734 8812
f 8650 8732 8649
f 8730 8732 8810
f 8570 8651 8647
f 8731 8647 8807
f 8645 8729 8646
f 8731 8645 8648
f 8643 8727 8644
f 8729 8643 8646
f 8641 8725 8642
f 8727 8641 8644
f 8722 8640 8639
f 8725 8639 8642
f 8722 8720 8640
f 8635 8718 8716
f 8719 8637 8720
f 8691 8773 8692
f 8524 8691 8522
f 8689 8690 8692
f 8522 8690 8523
f 9258 8768 8687
f 9258 8687 8688
f 8523 8688 8606
f 9259 8685 8686
f 8605 8686 8604
f 9260 8681 8682
f 8603 8682 8602
f 8680 9265 8599
f 8599 8601 8680
f 9261 8764 8675
f 9261 8675 8676
f 8514 8676 8598
f 9262 8761 8673
f 9262 8673 8674
f 8597 8674 8596
f 9263 8758 8671
f 9263 8671 8672
f 8595 8672 8594
f 9264 8755 8669
f 9264 8669 8670
f 8593 8670 8592
f 8667 8668 8752
f 8591 8668 8590
f 8665 8666 8748
f 8589 8666 8588
f 8663 8664 8746
f 8587 8664 8586
f 8662 8744 8661
f 8585 8662 8584
f 8659 8660 8742
f 8583 8660 8582
f 8740 8657 8658
f 8581 8658 8580
f 8656 8738 8655
f 8579 8656 8578
f 8653 8654 8736
f 8577 8654 8576
f 8575 8652 8574
f 8650 8652 8734
f 8572 8649 8571
f 8651 8649 8732
f 8570 8648 8569
f 8651 8570 8573
f 8568 8567 8646
f 8648 8567 8569
f 8565 8566 8644
f 8646 8566 8568
f 8563 8642 8564
f 8644 8563 8565
f 8562 8561 8640
f 8642 8561 8564
f 8558 8638 8637
f 8640 8638 8562
f 8522 8520 8521
f 8605 8606 8688
f 8520 8606 8438
f 8603 8604 8686
f 8518 8604 8517
f 8682 8601 8602
f 8516 8602 8515
f 9265 8677 8600
f 9265 8600 8599
f 8515 8599 8513
f 8598 8676 8597
f 8433 8598 8512
f 8595 8596 8674
f 8511 8596 8510
f 8593 8594 8672
f 8509 8594 8508
f 8591 8592 8670
f 8507 8592 8506
f 8668 8589 8590
f 8505 8590 8504
f 8587 8588 8666
f 8503 8588 8502
f 8664 8585 8586
f 8501 8586 8500
f 8583 8584 8662
f 8499 8584 8498
f 8581 8582 8660
f 8497 8582 8496
f 8579 8580 8658
f 8495 8580 8494
f 8656 8577 8578
f 8493 8578 8492
f 8575 8576 8654
f 8491 8576 8490
f 8489 8574 8488
f 8572 8574 8652
f 8486 8571 8485
f 8573 8571 8649
f 8569 8484 8483
f 8573 8483 8487
f 8482 8481 8568
f 8569 8481 8484
f 8565 8480 8479
f 8568 8479 8482
f 8477 8564 8478
f 8565 8477 8480
f 8476 8475 8562
f 8564 8475 8478
f 8438 8606 8518
f 8519 8438 8355
f 8516 8517 8604
f 8437 8517 8436
f 8435 8515 8434
f 8514 8513 8599
f 8434 8513 8432
f 8512 8598 8511
f 8349 8512 8431
f 8509 8510 8596
f 8430 8510 8429
f 8507 8508 8594
f 8428 8508 8427
f 8505 8506 8592
f 8426 8506 8425
f 8590 8503 8504
f 8424 8504 8423
f 8502 8588 8501
f 8422 8502 8421
f 8499 8500 8586
f 8420 8500 8419
f 8497 8498 8584
f 8418 8498 8417
f 8496 8582 8495
f 8416 8496 8415
f 8493 8494 8580
f 8414 8494 8413
f 8578 8491 8492
f 8412 8492 8411
f 8576 8489 8490
f 8410 8490 8409
f 8486 8488 8574
f 8408 8488 8407
f 8405 8485 8404
f 8487 8485 8571
f 8403 8402 8484
f 8487 8402 8406
f 8401 8400 8482
f 8484 8400 8403
f 8399 8398 8480
f 8482 8398 8401
f 8397 8396 8478
f 8480 8396 8399
f 8394 8395 8476
f 8478 8395 8397
f 8435 8436 8517
f 8354 8436 8351
f 8352 8350 8271
f 8433 8432 8513
f 8350 8432 8348
f 8430 8431 8512
f 8268 8431 8347
f 8428 8429 8510
f 8346 8429 8345
f 8426 8427 8508
f 8344 8427 8343
f 8424 8425 8506
f 8342 8425 8341
f 8422 8423 8504
f 8340 8423 8339
f 8420 8421 8502
f 8338 8421 8337
f 8500 8418 8419
f 8336 8419 8335
f 8416 8417 8498
f 8334 8417 8333
f 8414 8415 8496
f 8332 8415 8331
f 8412 8413 8494
f 8330 8413 8329
f 8410 8411 8492
f 8328 8411 8327
f 8490 8408 8409
f 8326 8409 8325
f 8405 8407 8488
f 8324 8407 8323
f 8321 8404 8240
f 8406 8404 8485
f 8319 8320 8403
f 8406 8320 8322
f 8317 8401 8318
f 8403 8317 8319
f 8315 8399 8316
f 8401 8315 8318
f 8313 8397 8314
f 8399 8313 8316
f 8394 8311 8312
f 8397 8312 8314
f 8352 8351 8436
f 8272 8351 8182
f 8350 8352 8434
f 8349 8348 8432
f 8270 8268 8181
f 8346 8347 8431
f 8180 8347 8267
f 8344 8345 8429
f 8266 8345 8265
f 8342 8343 8427
f 8264 8343 8263
f 8425 8340 8341
f 8262 8341 8261
f 8338 8339 8423
f 8260 8339 8259
f 8421 8336 8337
f 8258 8337 8257
f 8334 8335 8419
f 8256 8335 8255
f 8332 8333 8417
f 8254 8333 8253
f 8331 8415 8330
f 8252 8331 8251
f 8328 8329 8413
f 8250 8329 8249
f 8326 8327 8411
f 8248 8327 8247
f 8324 8325 8409
f 8246 8325 8245
f 8407 8321 8323
f 8244 8323 8242
f 8243 8240 8152
f 8322 8240 8404
f 8319 8239 8238
f 8322 8238 8241
f 8237 8236 8318
f 8319 8236 8239
f 8235 8234 8316
f 8318 8234 8237
f 8233 8232 8314
f 8316 8232 8235
f 8311 8231 8230
f 8314 8230 8233
f 8271 8182 8351
f 8270 8269 8271
f 8183 8269 8106
f 8268 8270 8348
f 8266 8267 8347
f 8103 8267 8178
f 8264 8265 8345
f 8177 8265 8176
f 8263 8343 8262
f 8175 8263 8174
f 8260 8261 8341
f 8173 8261 8172
f 8258 8259 8339
f 8171 8259 8170
f 8256 8257 8337
f 8169 8257 8168
f 8254 8255 8335
f 8167 8255 8166
f 8252 8253 8333
f 8165 8253 8164
f 8250 8251 8331
f 8163 8251 8162
f 8248 8249 8329
f 8161 8249 8160
f 8327 8246 8247
f 8159 8247 8158
f 8325 8244 8245
f 8157 8245 8156
f 8243 8242 8323
f 8155 8242 8079
f 8153 8152 8241
f 8243 8152 8154
f 8151 8150 8239
f 8241 8150 8153
f 8149 8148 8237
f 8239 8148 8151
f 8146 8235 8147
f 8237 8146 8149
f 8145 8144 8233
f 8235 8144 8147
f 8143 8142 8231
f 8233 8142 8145
f 8063 8141 8229
f 8231 8141 8143
f 8109 8184 8108
f 8107 8183 8105
f 8181 8106 8269
f 8180 8179 8181
f 8104 8179 8027
f 8177 8178 8267
f 8028 8178 8102
f 8176 8265 8175
f 8101 8176 8100
f 8173 8174 8263
f 8099 8174 8098
f 8171 8172 8261
f 8097 8172 8096
f 8169 8170 8259
f 8095 8170 8094
f 8167 8168 8257
f 8093 8168 8092
f 8165 8166 8255
f 8091 8166 8090
f 8164 8253 8163
f 8089 8164 8088
f 8161 8162 8251
f 8087 8162 8086
f 8159 8160 8249
f 8085 8160 8084
f 8157 8158 8247
f 8083 8158 8082
f 8155 8156 8245
f 8081 8156 8006
f 8154 8079 8242
f 8080 8079 8004
f 8077 8076 8153
f 8154 8076 8078
f 8075 8074 8151
f 8153 8074 8077
f 8073 8072 8149
f 8151 8072 8075
f 8071 8070 8147
f 8149 8070 8073
f 8069 8068 8145
f 8147 8068 8071
f 8067 8066 8143
f 8145 8066 8069
f 7988 8065 8063
f 8143 8065 8067
f 8064 8140 8061
f 8062 8061 8225
f 8229 8140 8063
f 7960 8049 8124
f 8123 8452 8451
f 7935 8037 7932
f 8110 8111 8185
f 8036 8110 8035
f 8107 8108 8184
f 8034 8108 8033
f 8106 8105 8183
f 8032 8105 8031
f 8030 8104 8029
f 8103 8027 8179
f 8029 8027 7924
f 8101 8102 8178
f 7923 8102 7816
f 8176 8099 8100
f 8026 8100 8025
f 8097 8098 8174
f 8024 8098 8023
f 8095 8096 8172
f 8022 8096 8021
f 8170 8093 8094
f 8020 8094 8019
f 8091 8092 8168
f 8018 8092 8017
f 8089 8090 8166
f 8016 8090 8015
f 8087 8088 8164
f 8014 8088 8013
f 8086 8162 8085
f 8012 8086 8011
f 8083 8084 8160
f 8010 8084 7905
f 8158 8081 8082
f 8009 8082 7903
f 8080 8006 8156
f 8008 8006 7901
f 8078 8005 8004
f 8080 8004 8007
f 8003 8002 8077
f 8078 8002 8005
f 8001 8000 8075
f 8077 8000 8003
f 7999 7998 8073
f 8075 7998 8001
f 7997 7996 8071
f 8073 7996 7999
f 7995 7994 8069
f 8071 7994 7997
f 7993 7992 8067
f 8069 7992 7995
f 7991 7990 7988
f 8067 7990 7993
f 7989 7988 8064
f 7987 7986 8062
f 8064 7986 7989
f 7985 7984 8136
f 8062 7984 7987
f 8136 8060 7985
f 3514 3513 3515
f 8059 7981 8060
f 7982 7978 7983
f 7976 7977 8058
f 7978 7977 7979
f 7975 7974 7972
f 8058 7974 7976
f 7972 8056 7973
f 8131 7972 7974
f 7971 7970 8054
f 8056 7970 7973
f 7968 7969 8052
f 8054 7969 7971
f 8050 8127 7966
f 8052 8050 7968
f 7967 7966 8126
f 7963 7965 7964
f 8126 7965 7967
f 8292 7962 7964
f 8125 7964 7965
f 8292 8049 7962
f 7960 8123 7959
f 7959 7958 7853
f 7956 8121 7955
f 7955 8121 8370
f 7940 8042 7939
f 8040 8041 8038
f 7938 8040 7937
f 8192 8039 8038
f 7936 8039 7934
f 7932 8036 7931
f 8034 8035 8110
f 7931 8035 7826
f 8032 8033 8108
f 7930 8033 7929
f 8030 8031 8105
f 7928 8031 7927
f 7926 8029 7925
f 7924 8028 7923
f 8026 7816 8102
f 8024 8025 8100
f 7921 8025 7920
f 8022 8023 8098
f 7919 8023 7918
f 8020 8021 8096
f 7917 8021 7916
f 8018 8019 8094
f 7915 8019 7914
f 8016 8017 8092
f 7913 8017 7912
f 8015 8090 8014
f 7911 8015 7910
f 8012 8013 8088
f 7909 8013 7801
f 8010 8011 8086
f 7908 8011 7799
f 8009 7905 8084
f 7907 7905 7797
f 8082 8008 7903
f 7906 7903 7795
f 8008 7901 7904
f 7902 7901 8007
f 8007 7899 7902
f 7900 7899 8005
f 7898 7897 8003
f 8005 7897 7900
f 7896 7895 8001
f 8003 7895 7898
f 7894 7893 7999
f 8001 7893 7896
f 7891 7892 7997
f 7999 7892 7894
f 7890 7889 7995
f 7997 7889 7891
f 7888 7887 7993
f 7995 7887 7890
f 7886 7885 7991
f 7993 7885 7888
f 7883 7884 7989
f 7991 7884 7886
f 7881 7882 7987
f 7989 7882 7883
f 7880 7879 7985
f 7987 7879 7881
f 7985 7980 7880
f 7878 7877 7983
f 8060 7877 7980
f 7876 7875 7979
f 7983 7875 7878
f 7976 7874 7873
f 7979 7873 7876
f 7872 7871 7975
f 7976 7871 7874
f 7870 7869 7973
f 7975 7869 7872
f 7868 7867 7971
f 7973 7867 7870
f 7968 7866 7865
f 7971 7865 7868
f 7864 7863 8050
f 7968 7863 7866
f 7862 7861 7967
f 8050 7861 7864
f 7859 7860 7963
f 7967 7860 7862
f 7857 7963 7962
f 7961 7856 7857
f 7960 7961 8049
f 7959 7854 7855
f 7853 7957 7852
f 7956 7957 7958
f 7851 7955 7850
f 7954 7955 8370
f 7848 7849 7952
f 7838 7944 7837
f 7836 7942 7835
f 7940 7941 8044
f 7939 8042 7938
f 7833 7939 7832
f 7936 7937 8040
f 7831 7937 7830
f 7935 7934 8039
f 7829 7934 7828
f 7932 7933 7935
f 7828 7933 7715
f 7827 7931 7825
f 7930 7826 8035
f 7928 7929 8033
f 7823 7929 7822
f 8031 7926 7927
f 7821 7927 7820
f 7924 7925 8029
f 7819 7925 7818
f 7817 7923 7815
f 7921 7922 7816
f 7702 7922 7814
f 7919 7920 8025
f 7813 7920 7812
f 7917 7918 8023
f 7811 7918 7810
f 7915 7916 8021
f 7809 7916 7808
f 7913 7914 8019
f 7807 7914 7806
f 7911 7912 8017
f 7805 7912 7690
f 7909 7910 8015
f 7804 7910 7688
f 7908 7801 8013
f 7803 7801 7686
f 7907 7799 8011
f 7802 7799 7684
f 7907 7797 7800
f 7798 7797 7906
f 7798 7906 7795
f 7796 7795 7904
f 7904 7793 7796
f 7794 7793 7902
f 7902 7791 7794
f 7792 7791 7900
f 7900 7789 7792
f 7790 7789 7898
f 7898 7787 7790
f 7788 7787 7896
f 7786 7785 7894
f 7896 7785 7788
f 7891 7784 7783
f 7894 7783 7786
f 7782 7890 7781
f 7891 7782 7784
f 7780 7779 7888
f 7890 7779 7781
f 7777 7778 7886
f 7888 7778 7780
f 7883 7776 7775
f 7886 7775 7777
f 7881 7774 7773
f 7883 7773 7776
f 7772 7771 7880
f 7881 7771 7774
f 7769 7770 7980
f 7880 7770 7772
f 7768 7767 7878
f 7980 7767 7769
f 7766 7765 7876
f 7878 7765 7768
f 7764 7763 7874
f 7876 7763 7766
f 7761 7872 7762
f 7874 7761 7764
f 7760 7759 7870
f 7872 7759 7762
f 7757 7868 7758
f 7870 7757 7760
f 7756 7755 7866
f 7868 7755 7758
f 7754 7753 7864
f 7866 7753 7756
f 7752 7751 7862
f 7864 7751 7754
f 7749 7750 7859
f 7862 7750 7752
f 7748 7749 7858
f 7857 7858 7963
f 7747 7856 7746
f 7855 7856 7961
f 7745 7854 7744
f 7853 7854 7959
f 7743 7852 7742
f 7851 7852 7957
f 7741 7850 7740
f 7849 7850 7955
f 7848 7738 7739
f 7847 7736 7737
f 7846 7735 7736
f 7844 7733 7734
f 7843 7844 8119
f 7732 7842 7731
f 7841 7842 9266
f 7840 7839 7945
f 7730 7839 7729
f 7729 7840 7728
f 7836 7837 7944
f 7727 7837 7726
f 7834 7835 7942
f 7725 7835 7724
f 7834 7940 7833
f 7723 7721 7722
f 7831 7832 7939
f 7721 7832 7720
f 7829 7830 7937
f 7719 7830 7718
f 7717 7828 7716
f 7827 7715 7933
f 7826 7825 7931
f 7713 7825 7712
f 7823 7824 7826
f 7711 7824 7710
f 7821 7822 7929
f 7709 7822 7708
f 7819 7820 7927
f 7707 7820 7706
f 7817 7818 7925
f 7705 7818 7704
f 7816 7815 7923
f 7703 7815 7701
f 7813 7814 7922
f 7586 7814 7700
f 7811 7812 7920
f 7699 7812 7698
f 7809 7810 7918
f 7697 7810 7696
f 7807 7808 7916
f 7695 7808 7694
f 7805 7806 7914
f 7693 7806 7576
f 7804 7690 7912
f 7692 7690 7574
f 7803 7688 7910
f 7691 7688 7572
f 7689 7803 7686
f 7687 7686 7802
f 7802 7684 7687
f 7685 7684 7800
f 7800 7682 7685
f 7683 7682 7798
f 7798 7680 7683
f 7681 7680 7796
f 7681 7796 7678
f 7679 7678 7794
f 7794 7676 7679
f 7677 7676 7792
f 7677 7792 7674
f 7675 7674 7790
f 7790 7672 7675
f 7673 7672 7788
f 7670 7673 7788
f 7671 7670 7786
f 7669 7668 7784
f 7786 7668 7671
f 7781 7667 7666
f 7784 7666 7669
f 7665 7664 7780
f 7781 7664 7667
f 7777 7663 7662
f 7780 7662 7665
f 7661 7776 7660
f 7777 7661 7663
f 7659 7658 7774
f 7776 7658 7660
f 7656 7657 7772
f 7774 7657 7659
f 7769 7655 7654
f 7772 7654 7656
f 7653 7652 7768
f 7769 7652 7655
f 7651 7650 7766
f 7768 7650 7653
f 7649 7648 7764
f 7766 7648 7651
f 7647 7646 7762
f 7764 7646 7649
f 7645 7644 7760
f 7762 7644 7647
f 7643 7642 7758
f 7760 7642 7645
f 7641 7640 7756
f 7758 7640 7643
f 7639 7638 7754
f 7756 7638 7641
f 7636 7637 7752
f 7754 7637 7639
f 7634 7635 7749
f 7752 7635 7636
f 7634 7748 7633
f 7747 7748 7858
f 7746 7631 7632
f 7745 7746 7856
f 7630 7744 7629
f 7743 7744 7854
f 7628 7742 7627
f 7741 7742 7852
f 7626 7740 7625
f 7739 7740 7850
f 7624 7738 7623
f 7737 7738 7848
f 7622 7736 7621
f 7620 7735 7619
f 7734 7735 7846
f 7618 7733 7617
f 7732 7733 7844
f 7616 7731 7615
f 7730 7731 7842
f 7614 7729 7613
f 7728 7612 7613
f 7727 7728 7840
f 7610 7611 7726
f 7725 7726 7837
f 7723 7724 7835
f 7609 7724 7608
f 7721 7723 7833
f 7607 7722 7606
f 7719 7720 7832
f 7605 7720 7604
f 7717 7718 7830
f 7603 7718 7602
f 7715 7716 7828
f 7601 7716 7600
f 7714 7715 7713
f 7599 7714 7598
f 7711 7712 7825
f 7597 7712 7596
f 7709 7710 7824
f 7595 7710 7594
f 7708 7822 7707
f 7593 7708 7592
f 7705 7706 7820
f 7591 7706 7590
f 7703 7704 7818
f 7589 7704 7588
f 7702 7701 7815
f 7587 7701 7585
f 7700 7814 7699
f 7469 7700 7584
f 7697 7698 7812
f 7583 7698 7582
f 7695 7696 7810
f 7581 7696 7580
f 7693 7694 7808
f 7579 7694 7462
f 7692 7576 7806
f 7578 7576 7460
f 7692 7574 7577
f 7575 7574 7691
f 7691 7572 7575
f 7573 7572 7689
f 7689 7570 7573
f 7571 7570 7687
f 7687 7568 7571
f 7569 7568 7685
f 7685 7566 7569
f 7567 7566 7683
f 7683 7564 7567
f 7565 7564 7681
f 7565 7681 7562
f 7563 7562 7679
f 7563 7679 7560
f 7561 7560 7677
f 7677 7558 7561
f 7559 7558 7675
f 7556 7559 7675
f 7557 7556 7673
f 7673 7554 7557
f 7555 7554 7671
f 7671 7552 7555
f 7553 7552 7669
f 7669 7550 7553
f 7551 7550 7667
f 7549 7548 7665
f 7667 7548 7551
f 7547 7546 7663
f 7665 7546 7549
f 7660 7544 7545
f 7663 7545 7547
f 7543 7542 7659
f 7660 7542 7544
f 7656 7541 7540
f 7659 7540 7543
f 7539 7538 7655
f 7656 7538 7541
f 7537 7536 7653
f 7655 7536 7539
f 7535 7534 7651
f 7653 7534 7537
f 7533 7532 7649
f 7651 7532 7535
f 7531 7530 7647
f 7649 7530 7533
f 7528 7529 7645
f 7647 7529 7531
f 7526 7643 7527
f 7645 7526 7528
f 7524 7525 7641
f 7643 7525 7527
f 7522 7523 7639
f 7641 7523 7524
f 7636 7521 7520
f 7639 7520 7522
f 7518 7519 7634
f 7636 7519 7521
f 7518 7633 7517
f 7632 7633 7748
f 7516 7631 7515
f 7630 7631 7746
f 7514 7629 7513
f 7628 7629 7744
f 7511 7512 7627
f 7626 7627 7742
f 7509 7510 7625
f 7624 7625 7740
f 7508 7623 7507
f 7622 7623 7738
f 7505 7506 7621
f 7620 7621 7736
f 7504 7619 7503
f 7618 7619 7735
f 7502 7617 7501
f 7616 7617 7733
f 7500 7615 7499
f 7614 7615 7731
f 7498 7613 7497
f 7496 7612 7495
f 7611 7612 7728
f 7494 7610 7493
f 7609 7610 7726
f 7492 7608 7491
f 7607 7608 7724
f 7490 7606 7489
f 7605 7606 7722
f 7488 7604 7487
f 7603 7604 7720
f 7601 7602 7718
f 7486 7602 7485
f 7716 7599 7600
f 7484 7600 7483
f 7598 7714 7597
f 7482 7598 7481
f 7595 7596 7712
f 7480 7596 7479
f 7593 7594 7710
f 7478 7594 7477
f 7591 7592 7708
f 7476 7592 7475
f 7589 7590 7706
f 7474 7590 7473
f 7587 7588 7704
f 7472 7588 7471
f 7586 7585 7701
f 7470 7585 7468
f 7584 7700 7583
f 7347 7584 7467
f 7581 7582 7698
f 7466 7582 7342
f 7580 7696 7579
f 7465 7580 7340
f 7578 7462 7694
f 7464 7462 7338
f 7463 7578 7460
f 7461 7460 7577
f 7577 7458 7461
f 7459 7458 7575
f 7459 7575 7456
f 7457 7456 7573
f 7573 7454 7457
f 7455 7454 7571
f 7571 7452 7455
f 7453 7452 7569
f 7569 7450 7453
f 7451 7450 7567
f 7567 7448 7451
f 7449 7448 7565
f 7565 7446 7449
f 7447 7446 7563
f 7563 7444 7447
f 7445 7444 7561
f 7445 7561 7442
f 7443 7442 7559
f 7559 7440 7443
f 7441 7440 7557
f 7441 7557 7438
f 7439 7438 7555
f 7555 7436 7439
f 7437 7436 7553
f 7434 7437 7553
f 7435 7434 7551
f 7435 7551 7432
f 7433 7432 7549
f 7549 7430 7433
f 7431 7430 7547
f 7544 7429 7428
f 7547 7428 7431
f 7427 7426 7543
f 7544 7426 7429
f 7425 7424 7541
f 7543 7424 7427
f 7423 7422 7539
f 7541 7422 7425
f 7420 7419 7537
f 7539 7419 7423
f 7417 7416 7535
f 7537 7416 7420
f 7414 7413 7533
f 7535 7413 7417
f 7411 7410 7531
f 7533 7410 7414
f 7528 7408 7407
f 7531 7407 7411
f 7404 7405 7527
f 7528 7405 7408
f 7524 7402 7401
f 7527 7401 7404
f 7522 7400 7399
f 7524 7399 7402
f 7398 7397 7521
f 7522 7397 7400
f 7395 7396 7518
f 7521 7396 7398
f 7395 7517 7275
f 7516 7517 7633
f 7394 7515 7393
f 7514 7515 7631
f 7392 7513 7391
f 7512 7513 7629
f 7390 7511 7389
f 7510 7511 7627
f 7388 7509 7387
f 7508 7509 7625
f 7386 7507 7385
f 7506 7507 7623
f 7384 7505 7383
f 7504 7505 7621
f 7382 7503 7381
f 7502 7503 7619
f 7380 7501 7379
f 7500 7501 7617
f 7378 7499 7377
f 7498 7499 7615
f 7375 7376 7497
f 7496 7497 7613
f 7374 7495 7373
f 7494 7495 7612
f 7372 7493 7371
f 7492 7493 7610
f 7370 7491 7369
f 7490 7491 7608
f 7368 7489 7367
f 7488 7489 7606
f 7366 7487 7365
f 7486 7487 7604
f 7364 7485 7363
f 7484 7485 7602
f 7361 7362 7483
f 7482 7483 7600
f 7598 7480 7481
f 7360 7481 7359
f 7478 7479 7596
f 7358 7479 7357
f 7476 7477 7594
f 7356 7477 7355
f 7474 7475 7592
f 7354 7475 7353
f 7472 7473 7590
f 7352 7473 7351
f 7470 7471 7588
f 7350 7471 7349
f 7469 7468 7585
f 7348 7468 7346
f 7466 7467 7584
f 7223 7467 7344
f 7465 7342 7582
f 7345 7342 7220
f 7464 7340 7580
f 7343 7340 7217
f 7464 7338 7341
f 7339 7338 7463
f 7463 7336 7339
f 7337 7336 7461
f 7337 7461 7334
f 7335 7334 7459
f 7459 7332 7335
f 7333 7332 7457
f 7333 7457 7330
f 7331 7330 7455
f 7455 7328 7331
f 7329 7328 7453
f 7329 7453 7326
f 7327 7326 7451
f 7451 7324 7327
f 7325 7324 7449
f 7449 7322 7325
f 7323 7322 7447
f 7323 7447 7320
f 7321 7320 7445
f 7445 7318 7321
f 7319 7318 7443
f 7443 7316 7319
f 7317 7316 7441
f 7441 7314 7317
f 7315 7314 7439
f 7439 7312 7315
f 7313 7312 7437
f 7437 7310 7313
f 7311 7310 7435
f 7435 7308 7311
f 7309 7308 7433
f 7433 7306 7309
f 7307 7306 7431
f 7431 7302 7307
f 7303 7302 7429
f 7300 7303 7429
f 7301 7300 7427
f 7301 7427 7421
f 7297 7296 7423
f 7425 7296 7421
f 9267 7418 7420
f 7423 7418 7297
f 9268 7415 7417
f 7420 7415 9267
f 9269 7412 7414
f 7417 7412 9268
f 9270 7409 7411
f 7414 7409 9269
f 7403 7406 7408
f 7411 7406 9270
f 7404 7290 7289
f 7408 7289 7403
f 7287 7286 7402
f 7404 7286 7290
f 7284 7283 7400
f 7402 7283 7287
f 7281 7280 7398
f 7400 7280 7284
f 7279 7278 7395
f 7398 7278 7281
f 7279 7275 7274
f 7394 7275 7517
f 7393 7134 7273
f 7392 7393 7515
f 7271 7391 7270
f 7390 7391 7513
f 7268 7269 7389
f 7388 7389 7511
f 7267 7387 7266
f 7386 7387 7509
f 7265 7385 7264
f 7384 7385 7507
f 7262 7263 7383
f 7382 7383 7505
f 7260 7261 7381
f 7380 7381 7503
f 7379 7258 7259
f 7378 7379 7501
f 7257 7377 7256
f 7376 7377 7499
f 7255 7375 7254
f 7374 7375 7497
f 7253 7373 7252
f 7372 7373 7495
f 7251 7371 7250
f 7370 7371 7493
f 7249 7369 7248
f 7368 7369 7491
f 7247 7367 7246
f 7366 7367 7489
f 7245 7365 7244
f 7364 7365 7487
f 7243 7363 7242
f 7362 7363 7485
f 7241 7361 7240
f 7360 7361 7483
f 7359 7098 7239
f 7358 7359 7481
f 7238 7357 7096
f 7356 7357 7479
f 7354 7355 7477
f 7237 7355 7236
f 7352 7353 7475
f 7235 7353 7233
f 7350 7351 7473
f 7232 7351 7230
f 7348 7349 7471
f 7229 7349 7227
f 7347 7346 7468
f 7226 7346 7222
f 7345 7344 7467
f 7345 7220 7219
f 7221 7220 7343
f 7343 7217 7221
f 7218 7217 7341
f 7218 7341 7213
f 7214 7213 7339
f 7214 7339 7211
f 7212 7211 7337
f 7337 7209 7212
f 7210 7209 7335
f 7335 7207 7210
f 7208 7207 7333
f 7333 7205 7208
f 7206 7205 7331
f 7331 7203 7206
f 7204 7203 7329
f 7329 7201 7204
f 7202 7201 7327
f 7327 7199 7202
f 7200 7199 7325
f 7325 7197 7200
f 7198 7197 7323
f 7323 7195 7198
f 7196 7195 7321
f 7196 7321 7193
f 7194 7193 7319
f 7319 7191 7194
f 7192 7191 7317
f 7189 7192 7317
f 7190 7189 7315
f 7315 7187 7190
f 7188 7187 7313
f 7313 7185 7188
f 7186 7185 7311
f 7311 7181 7186
f 7182 7181 7309
f 7309 7305 7182
f 7304 7305 7307
f 7307 7176 7304
f 7298 7166 7299
f 7166 7295 7167
f 7167 7294 7168
f 7294 9271 7293
f 7292 9272 9273
f 7293 7162 7294
f 7160 9274 9275
f 9273 7159 7292
f 7155 9276 9277
f 9275 7155 7160
f 7154 9278 9279
f 7149 7288 9280
f 9279 7149 7154
f 7150 7285 7145
f 7140 7139 7281
f 7277 7276 7279
f 7281 7276 7140
f 7272 7274 7273
f 7279 7274 7277
f 7272 7134 7130
f 7271 7134 7393
f 7133 7270 7129
f 7269 7270 7391
f 7128 7268 7013
f 7267 7268 7389
f 7126 7266 7125
f 7265 7266 7387
f 7124 7264 7123
f 7263 7264 7385
f 7122 7262 7121
f 7261 7262 7383
f 7120 7260 7119
f 7259 7260 7381
f 7118 7258 7117
f 7257 7258 7379
f 7115 7116 7256
f 7255 7256 7377
f 7114 7254 7113
f 7253 7254 7375
f 7112 7252 7111
f 7251 7252 7373
f 7109 7110 7250
f 7249 7250 7371
f 7108 7248 7107
f 7247 7248 7369
f 7106 7246 7105
f 7245 7246 7367
f 7104 7244 7103
f 7243 7244 7365
f 7102 7242 6987
f 7241 7242 7363
f 7100 7240 6985
f 7239 7240 7361
f 7101 7098 6983
f 7238 7098 7359
f 7099 7096 6980
f 7237 7096 7357
f 7235 7236 7355
f 7233 7353 7232
f 7229 7230 7351
f 7226 7227 7349
f 7222 7346 7223
f 7224 7095 7094
f 7091 7095 7219
f 7089 7091 7221
f 7216 7090 7089
f 7215 7216 7218
f 7218 7086 7215
f 7087 7086 7214
f 7214 7084 7087
f 7080 7084 7212
f 7080 7212 7081
f 7082 7081 7210
f 7210 7078 7082
f 7079 7078 7208
f 7208 7076 7079
f 7077 7076 7206
f 7206 7074 7077
f 7075 7074 7204
f 7204 7072 7075
f 7073 7072 7202
f 7070 7073 7202
f 7071 7070 7200
f 7200 7068 7071
f 7069 7068 7198
f 7198 7066 7069
f 7067 7066 7196
f 7196 7064 7067
f 7065 7064 7194
f 7194 7062 7065
f 7063 7062 7192
f 7192 7060 7063
f 7061 7060 7190
f 7190 7058 7061
f 7059 7058 7188
f 7059 7188 7184
f 7180 7178 7179
f 7177 7049 9281
f 7049 7046 7048
f 7044 7046 7299
f 7299 7169 7044
f 7168 7164 7170
f 7163 7164 7162
f 7164 7294 7162
f 7161 7156 7162
f 7156 7157 9282
f 7040 7042 7158
f 7042 7159 7158
f 7292 7042 7161
f 7151 7037 7291
f 7151 7291 7155
f 7158 7291 7040
f 7160 7291 7158
f 7291 7037 7040
f 7147 7152 7146
f 7152 7154 7146
f 7151 7152 7035
f 7153 7152 7151
f 7152 7147 7035
f 7146 7149 7148
f 7146 7034 7033
f 7143 9283 7142
f 9283 9284 7142
f 7034 9283 9285
f 9283 7143 9285
f 7029 9286 7138
f 9286 7144 7138
f 7142 9286 7028
f 7144 9286 7142
f 9286 7029 7028
f 7138 9287 7025
f 7141 9287 7138
f 9287 7026 7025
f 7022 9288 7137
f 9287 9288 7026
f 7136 7135 7132
f 7137 7136 7022
f 7132 7131 7020
f 7018 7129 7127
f 7128 7129 7270
f 7011 7127 7013
f 7126 7013 7268
f 7014 7125 7010
f 7124 7125 7266
f 7009 7123 7008
f 7122 7123 7264
f 7006 7007 7121
f 7120 7121 7262
f 7005 7119 7004
f 7118 7119 7260
f 7003 7117 7002
f 7116 7117 7258
f 7001 7115 7000
f 7114 7115 7256
f 6999 7113 6998
f 7112 7113 7254
f 6997 7111 6996
f 7110 7111 7252
f 6995 7109 6994
f 7108 7109 7250
f 6992 6993 7107
f 7106 7107 7248
f 7105 6866 6991
f 7104 7105 7246
f 6989 7103 6864
f 7102 7103 7244
f 6990 6987 6862
f 7100 6987 7242
f 6988 6985 6861
f 7101 6985 7240
f 6984 6983 7099
f 7101 6983 6986
f 6981 6980 7097
f 7099 6980 6984
f 6978 9289 7234
f 7097 9289 6981
f 9290 7231 6977
f 7234 9290 6978
f 6973 9291 7228
f 7231 9291 6977
f 6972 9292 7225
f 7228 9292 6973
f 7094 6970 7224
f 7225 6970 6972
f 7095 7093 6967
f 7094 6967 6968
f 7093 7095 7091
f 7092 6964 6846
f 7092 6846 7093
f 30 9293 34
f 30 34 31
f 6964 7092 7089
f 7090 6961 6965
f 7090 6965 6964
f 6961 7090 7215
f 7085 6962 6961
f 6962 7085 7087
f 6962 7083 6960
f 6959 7083 7080
f 6958 7080 7082
f 7082 6956 6958
f 6957 6956 7079
f 7079 6953 6957
f 6954 6953 7077
f 7077 6951 6954
f 6952 6951 7075
f 6952 7075 6949
f 6950 6949 7073
f 7073 6947 6950
f 6948 6947 7071
f 7071 6945 6948
f 6946 6945 7069
f 7069 6943 6946
f 6944 6943 7067
f 7067 6941 6944
f 6942 6941 7065
f 7065 6939 6942
f 6940 6939 7063
f 7063 6937 6940
f 6938 6937 7061
f 7061 7057 6938
f 9294 6934 9295
f 9296 9294 7054
f 7054 7052 9296
f 9297 7051 7178
f 7178 9281 9297
f 7051 9297 6926
f 7047 6926 9297
f 7047 9297 9281
f 7047 6927 6926
f 7045 6927 7048
f 7045 7044 9298
f 7045 9298 9299
f 9300 9299 9298
f 7171 9298 7044
f 6923 9301 7171
f 7165 7171 7170
f 7165 7163 7043
f 7165 7043 6923
f 6917 6921 7043
f 9282 7043 7163
f 9282 7157 6918
f 9282 6918 6917
f 7041 6918 7157
f 7038 7041 7039
f 6918 7041 7038
f 7041 7040 7039
f 7037 7039 7040
f 6914 7039 7036
f 6916 7039 6914
f 7039 7037 7036
f 7035 9302 7036
f 7147 9302 7035
f 9302 6913 7036
f 6911 9302 7032
f 6913 9302 6911
f 9302 7147 7032
f 7030 7032 7033
f 6909 7032 7030
f 7032 7147 7033
f 7030 7031 6909
f 7143 7027 9285
f 7027 6907 9285
f 7030 9285 6907
f 7034 9285 7030
f 7027 6906 6907
f 7023 9303 7028
f 7024 9303 7023
f 9303 7143 7028
f 7027 9303 6905
f 7143 9303 7027
f 9303 7024 6905
f 7021 9304 7025
f 6897 9304 7021
f 9304 7029 7025
f 7023 9304 6902
f 7029 9304 7023
f 9304 6897 6902
f 7021 7026 7022
f 6894 7019 7016
f 7019 7022 7136
f 7022 7019 6898
f 7019 6894 6898
f 6891 7017 7015
f 7017 7020 7131
f 7020 7017 7016
f 7017 6891 7016
f 7012 6889 9305
f 7018 9305 7015
f 9305 6889 7015
f 7010 7011 7014
f 6887 7010 6883
f 7009 7010 7125
f 7007 7008 7123
f 6884 7006 6880
f 7005 7006 7121
f 6878 7004 6877
f 7003 7004 7119
f 7002 6760 6879
f 7001 7002 7117
f 6876 7000 6875
f 6999 7000 7115
f 6874 6998 6873
f 6997 6998 7113
f 6996 6871 6872
f 6995 6996 7111
f 6994 6749 6870
f 6993 6994 7109
f 6747 6868 6992
f 6991 6992 7107
f 6869 6866 6746
f 6989 6866 7105
f 6867 6864 6744
f 6990 6864 7103
f 6863 6862 6988
f 6990 6862 6865
f 6858 6861 6986
f 6988 6861 6863
f 6857 6860 6984
f 6986 6860 6858
f 6982 6981 6855
f 39 41 83
f 6982 6855 6857
f 6856 6981 9289
f 6856 9289 6978
f 6979 973 42
f 6979 42 44
f 6981 6856 6855
f 6976 6978 9290
f 6976 9290 6977
f 83 9306 87
f 9291 6853 6977
f 6973 6853 9291
f 45 47 42
f 6977 6853 6975
f 6850 6973 9292
f 6850 9292 6972
f 87 9307 9308
f 6973 6850 6974
f 6969 6972 6970
f 6968 6970 7094
f 45 48 46
f 6849 6968 6967
f 6845 6967 7093
f 9308 3356 89
f 6968 6849 6726
f 7093 6846 6845
f 50 49 48
f 6844 6846 6964
f 6965 6840 6843
f 6964 6843 6844
f 89 3347 92
f 6840 6965 6961
f 6962 9309 6841
f 6961 6841 6840
f 50 1337 13
f 1210 1280 1340
f 92 3337 94
f 9309 6962 6960
f 6960 7083 6959
f 3585 9310 3270
f 6959 7080 6958
f 6835 6955 6957
f 6957 6834 6835
f 6832 6834 6954
f 6954 6830 6832
f 6831 6830 6952
f 6952 6827 6831
f 6828 6827 6950
f 6950 6825 6828
f 6826 6825 6948
f 6948 6823 6826
f 6824 6823 6946
f 6946 6821 6824
f 6822 6821 6944
f 6819 6822 6944
f 6820 6819 6942
f 6942 6817 6820
f 6818 6817 6940
f 6940 6936 6818
f 6935 9311 9312
f 6814 6935 9313
f 9296 6932 9294
f 6932 9296 6930
f 6932 6930 6929
f 6812 6931 6930
f 7050 6810 6928
f 7050 6926 6925
f 7050 6925 6808
f 6806 6925 9314
f 6925 6927 9314
f 9314 6927 9315
f 9314 9315 9316
f 6805 9316 9315
f 9299 9300 9317
f 9300 9301 6924
f 9300 6924 6804
f 6922 6802 6924
f 6922 6924 6923
f 6922 6921 6920
f 6922 6920 6800
f 6920 6919 6799
f 6917 6919 6920
f 6796 6919 9318
f 6799 6919 6796
f 6919 7038 9318
f 7038 6919 6918
f 6916 9318 7038
f 6794 9318 6915
f 6796 9318 6794
f 9318 6916 6915
f 6914 9319 6915
f 6913 9319 6914
f 9319 6793 6915
f 6791 9319 6912
f 6793 9319 6791
f 9319 6913 6912
f 6789 6912 6910
f 6791 6912 6789
f 6912 6911 6910
f 6909 9320 6910
f 7031 9320 6909
f 9320 6788 6910
f 6786 9320 6908
f 6788 9320 6786
f 9320 7031 6908
f 6904 6908 6907
f 6785 6908 6904
f 6908 7031 6907
f 6782 6904 6780
f 6785 6904 6782
f 6904 6906 6903
f 6905 6900 6903
f 7024 6900 6905
f 6900 6901 6903
f 6903 6901 6780
f 6896 9321 6902
f 6779 9321 6896
f 9321 7024 6902
f 6900 9321 6778
f 7024 9321 6900
f 9321 6779 6778
f 6775 9322 6899
f 9322 6897 6899
f 6896 9322 6774
f 6897 9322 6896
f 9322 6775 6774
f 6893 6899 6894
f 6899 6893 6775
f 6893 6771 6775
f 6890 6895 6891
f 6895 6890 6772
f 6890 9323 6772
f 6888 6765 9324
f 6889 9324 6892
f 6892 9324 9323
f 9324 6768 9323
f 6887 6882 6885
f 6882 6761 6766
f 6763 9325 9326
f 6878 6880 7006
f 6879 6877 7004
f 6876 6760 7002
f 6755 6875 6607
f 6874 6875 7000
f 6873 6605 6753
f 6872 6873 6998
f 6751 6871 6603
f 6870 6871 6996
f 6752 6749 6601
f 6868 6749 6994
f 6750 6747 6600
f 6869 6747 6992
f 6745 6746 6867
f 6869 6746 6748
f 6744 6865 6743
f 6867 6744 6745
f 6742 6741 6863
f 6865 6741 6743
f 6858 6738 6740
f 6863 6740 6742
f 6736 6859 6857
f 6855 6734 6737
f 6855 6737 6857
f 51 53 1337
f 6732 6978 6976
f 6856 6732 6735
f 6855 6735 6734
f 6733 6976 6975
f 94 3336 96
f 6976 6733 6732
f 6975 6853 6852
f 6853 6974 6854
f 54 52 51
f 6975 6852 6733
f 6974 6850 6729
f 6850 6969 6851
f 96 9327 98
f 6974 6729 6854
f 6726 6969 6968
f 1889 56 55
f 55 54 1889
f 6969 6726 6851
f 6727 6726 6849
f 6848 6849 6845
f 98 9328 100
f 6722 6846 6717
f 6848 6845 6722
f 57 61 58
f 6717 6846 6844
f 6715 6718 6843
f 6718 6717 6844
f 100 9329 103
f 6715 6843 6840
f 6841 9330 6716
f 6840 6716 6715
f 59 62 60
f 9330 6841 9309
f 103 9331 105
f 9330 9309 6714
f 6714 9309 6960
f 6714 6960 6838
f 6838 6959 6837
f 6836 6837 6955
f 6836 6955 6835
f 6709 6833 6832
f 6707 6829 6831
f 6831 6706 6707
f 6704 6706 6828
f 6828 6702 6704
f 6703 6702 6826
f 6826 6699 6703
f 6700 6699 6824
f 6697 6700 6824
f 6698 6697 6822
f 6822 6693 6698
f 6694 6693 6820
f 6820 6816 6694
f 6813 9332 9333
f 6814 6813 9333
f 6692 6813 6690
f 6815 6814 9313
f 9313 6933 9334
f 9313 9334 9335
f 6685 9335 9334
f 6931 9334 6929
f 6931 6683 6685
f 6811 6683 6931
f 6811 6931 6812
f 6811 6810 6809
f 6811 6809 6681
f 6807 6679 6809
f 6807 6809 6808
f 6677 6807 9336
f 6679 6807 6677
f 6807 6806 9336
f 6675 9316 6805
f 6677 9336 6676
f 9336 9316 6675
f 9337 6671 6805
f 9337 6805 9317
f 6668 9337 9338
f 6671 9337 6668
f 9337 9317 9338
f 6666 6668 9338
f 6803 9338 6804
f 6666 6803 6801
f 9338 6803 6666
f 6803 6802 6801
f 6801 6798 6661
f 6800 6798 6801
f 6796 6797 6799
f 6797 6662 6798
f 6657 6797 6795
f 6662 6797 6657
f 6797 6796 6795
f 6794 9339 6795
f 6793 9339 6794
f 9339 6655 6795
f 6653 9339 6792
f 6655 9339 6653
f 9339 6793 6792
f 6651 6792 6790
f 6653 6792 6651
f 6792 6791 6790
f 6789 9340 6790
f 6788 9340 6789
f 9340 6650 6790
f 6648 9340 6787
f 6650 9340 6648
f 9340 6788 6787
f 6786 9341 6787
f 6785 9341 6786
f 9341 6647 6787
f 6645 9341 6784
f 6647 9341 6645
f 9341 6785 6784
f 6783 6784 6781
f 6645 6784 6783
f 6784 6782 6781
f 6780 9342 6781
f 6901 9342 6780
f 9342 6642 6781
f 6640 9342 6776
f 6642 9342 6640
f 9342 6901 6776
f 6773 9343 6778
f 6638 9343 6773
f 9343 6901 6778
f 6776 9343 6637
f 6901 9343 6776
f 9343 6638 6637
f 6770 9344 6774
f 6634 9344 6770
f 9344 6779 6774
f 6773 9344 6633
f 6779 9344 6773
f 9344 6634 6633
f 6630 9345 6769
f 9345 6775 6771
f 6770 9345 6629
f 6775 9345 6770
f 9345 6630 6629
f 6769 6772 9323
f 9323 6768 6626
f 6768 6621 6626
f 6765 6764 6767
f 6764 6619 6767
f 6766 6761 6764
f 6761 6620 6764
f 9326 9346 6615
f 6763 9326 6762
f 9326 6614 6762
f 9346 6610 6615
f 6758 6610 9346
f 6755 6756 6760
f 6754 6607 6471
f 6753 6607 6875
f 6466 6608 6605
f 6751 6605 6873
f 6606 6603 6463
f 6752 6603 6871
f 6602 6601 6750
f 6752 6601 6604
f 6600 6748 6599
f 6750 6600 6602
f 6745 6598 6597
f 6748 6597 6599
f 6743 6596 6595
f 6745 6595 6598
f 6591 6594 6742
f 6743 6594 6596
f 6589 6593 6738
f 6742 6593 6591
f 6738 6859 6739
f 6859 6736 6739
f 6737 6585 6588
f 6737 6588 6736
f 6735 6583 6586
f 6735 6586 6734
f 63 65 64
f 6733 6582 6584
f 6732 6584 6583
f 6582 6733 6852
f 6580 6852 6854
f 105 9347 107
f 6852 6580 6582
f 6581 6854 6729
f 6728 6729 6851
f 6854 6581 6580
f 6726 6579 6851
f 107 3299 9348
f 6851 6579 6728
f 6577 6727 6848
f 6727 6577 6578
f 6576 6848 6722
f 6573 6722 6717
f 9348 3298 9349
f 6848 6576 6577
f 6718 6571 6574
f 6717 6574 6573
f 6571 6718 6715
f 6572 6716 9350
f 6571 6715 6572
f 9351 9352 9353
f 9350 6716 9330
f 9350 9330 6569
f 6569 9330 6714
f 6570 6714 6713
f 6714 6838 6713
f 6712 6713 6836
f 6712 6836 6711
f 6710 6711 6833
f 6710 6833 6709
f 6708 6709 6829
f 6708 6829 6707
f 6559 6705 6704
f 6557 6701 6703
f 6703 6556 6557
f 6695 6696 6698
f 6698 6550 6695
f 6551 6550 6694
f 6694 9354 6551
f 6691 9354 9355
f 6692 6691 9355
f 6548 6691 6546
f 6690 6689 6692
f 6688 9356 9357
f 9356 6688 9358
f 9356 9358 9335
f 9356 9335 6686
f 9356 6686 6541
f 6684 6687 6686
f 6684 6686 6685
f 6684 6683 6682
f 6684 6682 6538
f 6680 6536 6682
f 6680 6682 6681
f 6534 6680 6678
f 6536 6680 6534
f 6680 6679 6678
f 6677 9359 6678
f 9359 6533 6678
f 6531 9359 6676
f 6533 9359 6531
f 9359 6677 6676
f 6674 6676 6675
f 6672 6676 6674
f 6676 9336 6675
f 6672 6674 6670
f 6674 6671 6670
f 6667 6670 6668
f 6669 6670 6667
f 6673 6670 6669
f 6666 9360 6667
f 6661 9360 6666
f 9360 6524 6667
f 6524 9360 6523
f 6660 9360 6661
f 6523 9360 6660
f 6521 6660 6658
f 6523 6660 6521
f 6660 6662 6658
f 6656 6658 6657
f 6659 6658 6656
f 6658 6662 6657
f 6518 6656 6654
f 6659 6656 6518
f 6656 6655 6654
f 6516 6654 6652
f 6518 6654 6516
f 6654 6653 6652
f 6651 9361 6652
f 6650 9361 6651
f 9361 6515 6652
f 6513 9361 6649
f 6515 9361 6513
f 9361 6650 6649
f 6648 9362 6649
f 6647 9362 6648
f 9362 6512 6649
f 6510 9362 6646
f 6512 9362 6510
f 9362 6647 6646
f 6508 6646 6643
f 6510 6646 6508
f 6646 6645 6643
f 6643 6783 6644
f 6645 6783 6643
f 6783 6642 6644
f 6504 6644 6641
f 6506 6644 6504
f 6644 6642 6641
f 6640 9363 6641
f 6777 9363 6640
f 9363 6639 6641
f 6639 9363 6635
f 9363 6777 6635
f 6631 9364 6637
f 6502 9364 6631
f 9364 6777 6637
f 6635 9364 6501
f 6777 9364 6635
f 9364 6502 6501
f 6627 9365 6633
f 6628 9365 6627
f 9365 6638 6633
f 6631 9365 6632
f 6638 9365 6631
f 9365 6628 6632
f 6623 9366 6629
f 6496 9366 6623
f 9366 6634 6629
f 6627 9366 6495
f 6634 9366 6627
f 9366 6496 6495
f 6493 9367 6624
f 9367 6630 6625
f 6623 9367 6492
f 6630 9367 6623
f 9367 6493 6492
f 6624 6626 6621
f 6621 6617 6624
f 6617 6493 6624
f 6489 6622 6616
f 6622 6767 6619
f 6767 6622 6621
f 6622 6488 6617
f 6612 6485 9368
f 6612 9368 6620
f 6620 9368 6616
f 9368 6484 6616
f 6613 6614 6481
f 6762 6614 6612
f 6614 6613 6612
f 6609 6615 6610
f 6615 6609 6481
f 6611 9369 6609
f 9369 6478 6609
f 6472 6471 6608
f 6467 6466 6606
f 6608 6466 6472
f 6464 6463 6604
f 6606 6463 6467
f 6462 6461 6602
f 6604 6461 6464
f 6599 6460 6459
f 6602 6459 6462
f 6458 6457 6598
f 6599 6457 6460
f 6456 6596 6455
f 6598 6456 6458
f 6452 6454 6591
f 6596 6454 6455
f 6450 6592 6589
f 6590 6589 6739
f 6590 6739 6587
f 6588 6446 6449
f 6588 6449 6587
f 6586 6444 6447
f 6586 6447 6585
f 6584 6442 6445
f 6584 6445 6583
f 6580 6441 6443
f 6580 6443 6582
f 6439 6581 6728
f 6581 6439 6441
f 6440 6728 6579
f 6578 6579 6727
f 6728 6440 6439
f 6437 6578 6577
f 6578 6437 9370
f 6575 6577 6576
f 6436 6576 6573
f 9371 77 79
f 6574 6432 6434
f 6573 6434 6436
f 82 79 80
f 6432 6574 6571
f 6572 9372 6433
f 6571 6433 6432
f 9372 6572 9350
f 9350 6430 9372
f 6430 9350 6569
f 6430 6569 6568
f 6568 6570 6567
f 6566 6567 6712
f 6566 6712 6565
f 6564 6565 6710
f 6564 6710 6563
f 6562 6563 6708
f 6562 6708 6561
f 6560 6561 6705
f 6560 6705 6559
f 6558 6559 6701
f 6558 6701 6557
f 6418 6555 6553
f 6414 6554 9373
f 9373 6552 6414
f 9374 6412 6413
f 6546 6545 6548
f 6544 6405 6543
f 9375 6406 6405
f 9357 6406 9375
f 6406 9357 6540
f 6541 6687 6539
f 6540 6539 6402
f 6537 6399 6539
f 6537 6539 6538
f 6397 6537 6535
f 6399 6537 6397
f 6537 6536 6535
f 6534 9376 6535
f 6533 9376 6534
f 9376 6396 6535
f 6392 9376 6532
f 6396 9376 6392
f 9376 6533 6532
f 6531 6529 6532
f 6672 6529 6531
f 6390 6392 6532
f 6532 6529 6390
f 6672 9377 6529
f 6673 9377 6672
f 9377 6530 6529
f 6528 9377 6526
f 6530 9377 6528
f 9377 6673 6526
f 6526 6669 6525
f 6673 6669 6526
f 6669 6524 6525
f 6527 6525 6387
f 6525 6524 6522
f 8611 6663 6665
f 6387 6522 6385
f 6521 9378 6522
f 6659 9378 6521
f 9378 6385 6522
f 6519 9378 6520
f 6385 9378 6519
f 9378 6659 6520
f 9379 6520 6518
f 6381 6520 9379
f 6520 6659 6518
f 6379 9379 6517
f 6381 9379 6379
f 9379 6518 6517
f 9380 9381 8695
f 6514 6517 6516
f 8695 8524 9380
f 6377 6517 6514
f 6379 6517 6377
f 6516 6515 6514
f 6513 9382 6514
f 6512 9382 6513
f 9382 6376 6514
f 6374 9382 6511
f 6376 9382 6374
f 9382 6512 6511
f 1071 1029 1210
f 1029 1071 978
f 6372 6511 6509
f 6374 6511 6372
f 6511 6510 6509
f 6508 6507 6509
f 6506 6507 6508
f 6370 6372 6509
f 6370 6507 6369
f 6509 6507 6370
f 6507 6506 6505
f 6504 6503 6505
f 6639 6503 6504
f 6367 6369 6505
f 9373 9383 6695
f 6505 6503 6367
f 6639 9384 6503
f 6636 9384 6639
f 9384 6366 6503
f 6364 9384 6499
f 6366 9384 6364
f 9384 6636 6499
f 6497 9385 6501
f 6363 9385 6497
f 9385 6636 6501
f 6499 9385 6362
f 6636 9385 6499
f 9385 6363 6362
f 6498 6632 6494
f 6502 6632 6498
f 6632 6628 6494
f 6497 6498 6358
f 6502 6498 6497
f 6498 6359 6358
f 6491 9386 6495
f 6356 9386 6491
f 9386 6628 6495
f 6494 9386 6355
f 6628 9386 6494
f 9386 6356 6355
f 6490 9387 6492
f 6353 9387 6490
f 9387 6496 6492
f 6491 9387 6352
f 6496 9387 6491
f 9387 6353 6352
f 6350 9388 6486
f 9388 6493 6618
f 6490 9388 6349
f 6493 9388 6490
f 9388 6350 6349
f 6486 6618 6488
f 6488 6487 6486
f 6487 6347 6486
f 6343 9389 6483
f 9389 6489 6484
f 6489 9389 6487
f 9389 6345 6487
f 6339 9390 6479
f 9390 6485 6613
f 6483 9390 6338
f 6485 9390 6483
f 9390 6339 6338
f 6479 6480 6335
f 6481 6480 6479
f 6480 6336 6335
f 6474 6477 6473
f 6477 6482 6478
f 6480 6477 6336
f 6482 6477 6480
f 1340 1406 1341
f 6475 6468 6473
f 6468 6331 6473
f 6327 6469 6465
f 6470 6469 6468
f 6324 6326 6464
f 6328 6326 6329
f 6323 6322 6462
f 6464 6322 6324
f 6320 6319 6460
f 6462 6319 6323
f 6318 6317 6458
f 6460 6317 6320
f 6455 6313 6316
f 6458 6316 6318
f 6311 6315 6452
f 6455 6315 6313
f 6453 6452 6592
f 6453 6592 6450
f 6451 6450 6590
f 6451 6590 6448
f 6449 6305 6308
f 6449 6308 6448
f 6447 6303 6306
f 6447 6306 6446
f 6445 6301 6304
f 6445 6304 6444
f 6443 6300 6302
f 6443 6302 6442
f 86 9391 144
f 9370 6440 6578
f 6440 9370 6298
f 6439 6298 6297
f 9370 6437 6296
f 6437 6575 6438
f 9308 9392 87
f 9370 6296 9393
f 6295 6575 6436
f 144 9394 148
f 6575 6295 6438
f 6291 6435 6434
f 6293 6292 2103
f 89 91 9308
f 6291 6434 6432
f 6433 9395 6290
f 6432 6290 6291
f 148 9396 152
f 9395 6433 9372
f 92 90 89
f 9372 6289 9395
f 6289 9372 6430
f 6287 6430 6568
f 6287 6568 6429
f 6428 6429 6566
f 6428 6566 6427
f 6426 6427 6564
f 6426 6564 6425
f 6424 6425 6562
f 6424 6562 6423
f 6422 6423 6560
f 6422 6560 6421
f 6420 6421 6558
f 6420 6558 6419
f 6417 6419 6555
f 6417 6555 6418
f 6415 6273 6416
f 6415 6418 6554
f 6415 6554 6414
f 6413 6271 6552
f 6552 9374 6413
f 6412 6542 6410
f 1408 1409 1475
f 6410 6543 6408
f 6411 6408 6407
f 6267 6543 6405
f 6268 6404 6403
f 6267 6404 6268
f 6404 9397 6403
f 6401 6263 6403
f 6401 6403 6402
f 6264 6401 6398
f 6263 6401 6264
f 6401 6399 6398
f 6397 9398 6398
f 6396 9398 6397
f 9398 6400 6398
f 9399 9398 6395
f 6400 9398 9399
f 9398 6396 6395
f 6393 6395 6391
f 9399 6395 6393
f 6395 6392 6391
f 6390 9400 6391
f 6530 9400 6390
f 9400 6394 6391
f 6258 9400 6388
f 6394 9400 6258
f 9400 6530 6388
f 6388 6528 6389
f 6530 6528 6388
f 6528 6527 6389
f 6254 6389 9401
f 6256 6389 6254
f 6389 6527 9401
f 6387 9401 6527
f 6252 9401 6386
f 6254 9401 6252
f 9401 6387 6386
f 6385 9402 6386
f 9402 6251 6386
f 6249 9402 6382
f 6251 9402 6249
f 9402 6385 6382
f 6382 6519 6383
f 6385 6519 6382
f 6519 6381 6383
f 6246 6383 6380
f 6384 6383 6246
f 6383 6381 6380
f 6244 6380 6378
f 6246 6380 6244
f 6380 6379 6378
f 6377 9403 6378
f 6376 9403 6377
f 9403 6243 6378
f 6241 9403 6375
f 6243 9403 6241
f 9403 6376 6375
f 6237 6375 6373
f 6240 6375 6237
f 6375 6374 6373
f 6235 6373 6371
f 6237 6373 6235
f 6373 6372 6371
f 6370 9404 6371
f 6369 9404 6370
f 9404 6234 6371
f 6232 9404 6368
f 6234 9404 6232
f 9404 6369 6368
f 6367 9405 6368
f 6366 9405 6367
f 9405 6230 6368
f 6228 9405 6365
f 6230 9405 6228
f 9405 6366 6365
f 6364 9406 6365
f 6500 9406 6364
f 9406 6226 6365
f 6224 9406 6360
f 6226 9406 6224
f 9406 6500 6360
f 6357 9407 6362
f 6223 9407 6357
f 9407 6500 6362
f 6360 9407 6222
f 6500 9407 6360
f 9407 6223 6222
f 6354 9408 6358
f 6219 9408 6354
f 9408 6363 6358
f 6357 9408 6218
f 6363 9408 6357
f 9408 6219 6218
f 6351 9409 6355
f 6216 9409 6351
f 9409 6359 6355
f 6354 9409 6215
f 6359 9409 6354
f 9409 6216 6215
f 6348 9410 6352
f 6213 9410 6348
f 9410 6356 6352
f 6351 9410 6212
f 6356 9410 6351
f 9410 6213 6212
f 789 709 791
f 6346 9411 6349
f 6208 9411 6346
f 9411 6353 6349
f 6348 9411 6210
f 6353 9411 6348
f 9411 6208 6210
f 6342 9412 6340
f 9412 6350 6347
f 6346 9412 6206
f 6350 9412 6346
f 9412 6342 6206
f 6340 6344 6341
f 6345 6344 6340
f 6344 6203 6341
f 6333 6337 6338
f 6198 6337 6333
f 6337 6343 6338
f 6344 6337 6203
f 6343 6337 6344
f 6337 6198 6201
f 6334 6333 6335
f 6196 6333 6334
f 6333 6339 6335
f 6334 6193 6196
f 6194 9413 9414
f 9413 6336 6474
f 6334 9413 6193
f 6336 9413 6334
f 9413 6194 6193
f 9415 9414 6330
f 9414 6474 6331
f 6474 9414 9413
f 6330 9416 9415
f 6332 9416 6330
f 9416 9417 9415
f 6189 9418 9419
f 9416 9418 9417
f 9420 6321 9421
f 9419 9421 6189
f 6187 6188 6323
f 9420 6188 6321
f 6186 6185 6320
f 6323 6185 6187
f 6181 6184 6318
f 6320 6184 6186
f 6183 6313 6179
f 6318 6183 6181
f 6311 6177 6314
f 6312 6311 6453
f 8959 9422 9073
f 6312 6453 6309
f 6309 6451 6310
f 6451 6307 6310
f 6308 6171 6174
f 6308 6174 6307
f 6306 6169 6172
f 6306 6172 6305
f 6304 6167 6170
f 6304 6170 6303
f 6302 6165 6168
f 6302 6168 6301
f 6297 6163 6166
f 6297 6166 6300
f 9423 9424 9425
f 152 3241 156
f 9393 6298 9370
f 6298 9393 6164
f 6297 6164 6163
f 6162 9393 6296
f 6294 6296 6438
f 94 93 92
f 9393 6162 9426
f 6294 6438 6295
f 6160 6295 6435
f 6435 6156 6160
f 96 95 94
f 6156 6435 6291
f 6153 6157 6290
f 6157 6156 6291
f 162 3220 163
f 6153 6290 9395
f 96 98 97
f 9395 6154 6153
f 6154 9395 6289
f 6288 6289 6287
f 6286 6150 6151
f 6286 6151 6288
f 6286 6287 6285
f 6284 6285 6428
f 6284 6428 6283
f 6282 6283 6426
f 6282 6426 6281
f 6280 6281 6424
f 6280 6424 6279
f 6278 6279 6422
f 6278 6422 6277
f 6276 6277 6420
f 6276 6420 6274
f 6275 9427 6140
f 3441 3440 3494
f 6275 6274 6416
f 9428 6416 6273
f 9427 6275 9428
f 9428 6273 6138
f 6409 9429 6271
f 6272 6138 6273
f 6138 6270 6137
f 6270 6135 6136
f 6135 6411 9430
f 6407 9430 6411
f 656 745 623
f 6407 6269 9431
f 6268 6263 6266
f 6269 6266 9431
f 9431 6266 6265
f 6266 6262 6134
f 9432 6264 6400
f 6134 6262 9432
f 6131 9432 9433
f 6134 9432 6131
f 9399 9433 6400
f 9433 9432 6400
f 6129 9433 6260
f 6131 9433 6129
f 9433 9399 6260
f 6260 6393 6261
f 9399 6393 6260
f 6393 6394 6261
f 6126 6261 6259
f 6125 6261 6126
f 6261 6394 6259
f 6257 6259 6258
f 6124 6259 6257
f 6259 6394 6258
f 6121 6257 6255
f 6124 6257 6121
f 6257 6256 6255
f 9383 6696 6695
f 6696 9383 6553
f 6119 6255 6253
f 6121 6255 6119
f 6255 6254 6253
f 6252 9434 6253
f 6251 9434 6252
f 9434 6118 6253
f 6116 9434 6250
f 6118 9434 6116
f 9434 6251 6250
f 6249 6247 6250
f 6384 6247 6249
f 6247 6114 6250
f 6112 6247 6111
f 6114 6247 6112
f 6247 6384 6248
f 6246 6248 6384
f 6109 6248 6245
f 6111 6248 6109
f 6248 6246 6245
f 6244 9435 6245
f 6243 9435 6244
f 9435 6108 6245
f 6106 9435 6242
f 6108 9435 6106
f 9435 6243 6242
f 6241 9436 6242
f 6240 9436 6241
f 9436 6104 6242
f 6101 9436 6239
f 6104 9436 6101
f 9436 6240 6239
f 1143 1142 1206
f 6099 6239 6236
f 6101 6239 6099
f 6239 6237 6236
f 6235 9437 6236
f 6234 9437 6235
f 9437 6238 6236
f 6097 9437 6233
f 6238 9437 6097
f 9437 6234 6233
f 6232 9438 6233
f 6230 9438 6232
f 9438 6095 6233
f 6093 9438 6229
f 6095 9438 6093
f 9438 6230 6229
f 6228 9439 6229
f 6226 9439 6228
f 9439 6231 6229
f 6227 9439 6225
f 6231 9439 6227
f 9439 6226 6225
f 6224 9440 6225
f 6361 9440 6224
f 9440 6089 6225
f 6221 9440 6220
f 6089 9440 6221
f 9440 6361 6220
f 6217 9441 6222
f 6086 9441 6217
f 9441 6361 6222
f 6220 9441 6085
f 6361 9441 6220
f 9441 6086 6085
f 6214 9442 6218
f 6081 9442 6214
f 9442 6223 6218
f 6217 9442 6080
f 6223 9442 6217
f 9442 6081 6080
f 6211 9443 6215
f 6079 9443 6211
f 9443 6219 6215
f 6214 9443 6078
f 6219 9443 6214
f 9443 6079 6078
f 6209 9444 6212
f 8959 8895 9422
f 6075 9444 6209
f 9444 6216 6212
f 6211 9444 6074
f 6216 9444 6211
f 9444 6075 6074
f 6205 9445 6210
f 6071 9445 6205
f 9445 6213 6210
f 6209 9445 6070
f 6213 9445 6209
f 9445 6071 6070
f 6206 9446 6207
f 6342 9446 6206
f 9446 6068 6207
f 6205 6207 6067
f 6208 6207 6205
f 6207 6068 6067
f 6204 6341 6199
f 6342 6341 6204
f 6341 6203 6199
f 9446 6204 6068
f 6342 6204 9446
f 6201 6195 6202
f 6198 6195 6201
f 6195 6064 6202
f 6199 6202 6063
f 6203 6202 6199
f 6202 6064 6063
f 6196 6193 6197
f 6193 6061 6197
f 6195 6197 6060
f 6198 6197 6195
f 6197 6061 6060
f 6061 6193 6191
f 6191 6192 6061
f 9447 6194 9414
f 9447 9414 9415
f 6191 9447 6057
f 6194 9447 6191
f 9447 6054 6057
f 9417 9448 9415
f 9448 6052 6055
f 9448 6055 6054
f 6050 9449 6189
f 6047 6190 6321
f 6187 6044 6049
f 6321 6049 6047
f 6041 6046 6186
f 6187 6046 6044
f 6039 6043 6181
f 6186 6043 6041
f 6037 6182 6179
f 6180 6179 6314
f 6180 6314 6177
f 6178 6177 6312
f 6178 6312 6175
f 6310 6176 6175
f 6173 6176 6310
f 6174 6029 6032
f 6174 6032 6173
f 6172 6027 6030
f 6172 6030 6171
f 6170 6025 6028
f 6170 6028 6169
f 6168 6023 6026
f 6168 6026 6167
f 6166 6021 6024
f 6166 6024 6165
f 163 3219 167
f 9426 6164 9393
f 6164 9426 6022
f 6163 6022 6021
f 6020 9426 6162
f 6161 6162 6294
f 100 102 98
f 9426 6020 9450
f 6017 6294 6160
f 167 9451 171
f 6294 6017 6161
f 6159 6160 6156
f 103 101 100
f 9452 1004 1112
f 6157 6012 6158
f 171 9453 5857
f 6012 6157 6153
f 6154 6010 6013
f 6153 6013 6012
f 105 104 103
f 6010 6154 6288
f 5857 9454 177
f 6151 6011 6010
f 6010 6288 6151
f 6149 6151 6150
f 6008 6148 6006
f 6149 6148 6008
f 6148 6150 6284
f 6148 6284 6147
f 6146 6147 6282
f 6146 6282 6145
f 6144 6145 6280
f 6144 6280 6143
f 6142 6143 6278
f 6142 6278 6141
f 6001 6139 5999
f 6139 6141 6276
f 6139 6276 6140
f 6140 9427 5998
f 6140 5998 5999
f 5998 9427 5997
f 9428 6138 9455
f 9427 9455 5997
f 9455 6138 5994
f 6136 5995 6137
f 5995 5994 6137
f 5995 6136 5993
f 9430 5992 6135
f 5992 5993 6136
f 5992 9430 5990
f 9456 5990 9430
f 9456 9431 5988
f 5987 5988 9431
f 9457 6132 5836
f 6132 6130 6133
f 6125 6128 6129
f 6128 6133 6130
f 6133 6128 5834
f 6128 6127 5986
f 6126 6124 6123
f 6127 6123 5986
f 5986 6123 5983
f 6121 6122 6124
f 6122 5983 6123
f 5981 6122 6120
f 5983 6122 5981
f 6122 6121 6120
f 6119 9458 6120
f 6118 9458 6119
f 9458 5978 6120
f 5976 9458 6117
f 5978 9458 5976
f 9458 6118 6117
f 6116 9459 6117
f 6114 9459 6116
f 9459 6115 6117
f 6115 9459 6113
f 9459 6114 6113
f 6112 9460 6113
f 6111 9460 6112
f 9460 5973 6113
f 5971 9460 6110
f 5973 9460 5971
f 9460 6111 6110
f 6109 9461 6110
f 6108 9461 6109
f 9461 5969 6110
f 5967 9461 6107
f 5969 9461 5967
f 9461 6108 6107
f 6106 6103 6107
f 6104 6103 6106
f 6103 6105 6107
f 865 786 904
f 6101 6102 6104
f 6102 5965 6103
f 5962 6102 6100
f 5965 6102 5962
f 6102 6101 6100
f 6238 6100 6099
f 5960 5962 6100
f 5960 6100 6098
f 6100 6238 6098
f 6096 6098 6097
f 5959 6098 6096
f 6098 6238 6097
f 5957 6096 6094
f 5959 6096 5957
f 6096 6095 6094
f 6093 9462 6094
f 6231 9462 6093
f 9462 5956 6094
f 5954 9462 6091
f 5956 9462 5954
f 9462 6231 6091
f 6091 6227 6092
f 6231 6227 6091
f 6227 6089 6092
f 5951 6092 6088
f 5953 6092 5951
f 6092 6089 6088
f 6221 6087 6089
f 6087 6090 6088
f 6083 6087 6082
f 6090 6087 6083
f 6087 6221 6082
f 6084 6082 6085
f 5947 6082 6084
f 6082 6221 6085
f 6084 5942 5947
f 6076 9463 6080
f 5943 9463 6076
f 9463 6086 6080
f 6084 9463 5942
f 6086 9463 6084
f 9463 5943 5942
f 6072 9464 6078
f 6073 9464 6072
f 9464 6081 6078
f 6076 9464 6077
f 6081 9464 6076
f 9464 6073 6077
f 6069 9465 6074
f 5937 9465 6069
f 9465 6079 6074
f 6072 9465 5936
f 6079 9465 6072
f 9465 5937 5936
f 6066 9466 6070
f 5934 9466 6066
f 9466 6075 6070
f 6069 9466 5933
f 6075 9466 6069
f 9466 5934 5933
f 6065 9467 6067
f 5930 9467 6065
f 9467 6071 6067
f 6066 9467 5929
f 6071 9467 6066
f 9467 5930 5929
f 6062 9468 6200
f 5927 9468 6062
f 9468 6068 6200
f 6065 9468 5926
f 6068 9468 6065
f 9468 5927 5926
f 6059 9469 6063
f 5923 9469 6059
f 9469 6200 6063
f 6062 9469 5922
f 6200 9469 6062
f 9469 5923 5922
f 6058 9470 6060
f 5914 9470 6058
f 9470 6064 6060
f 6059 9470 5920
f 6064 9470 6059
f 9470 5914 5920
f 9471 6061 6192
f 6058 9471 5917
f 6061 9471 6058
f 9471 5911 5917
f 9472 6192 6057
f 9472 6057 6056
f 9472 5909 5912
f 9472 5912 5911
f 6055 5907 5910
f 6055 5910 5909
f 6053 6052 9449
f 6053 9449 6050
f 6051 6050 6190
f 6051 6190 6047
f 5901 6048 6044
f 5899 6045 6041
f 6039 5897 6042
f 6040 6039 6182
f 6040 6182 6037
f 6037 6180 6038
f 6180 6035 6038
f 6036 6035 6178
f 6036 6178 6033
f 6034 6033 6176
f 6034 6176 6031
f 6032 5887 5890
f 6032 5890 6031
f 6030 5885 5888
f 6030 5888 6029
f 6028 5883 5886
f 6028 5886 6027
f 6026 5881 5884
f 6026 5884 6025
f 6024 5878 5882
f 6024 5882 6023
f 107 106 105
f 9450 6022 9426
f 6022 9450 5879
f 6021 5879 5878
f 5877 9450 6020
f 6019 6020 6161
f 9473 109 9474
f 9450 5877 9475
f 5873 6161 6017
f 6016 6017 6159
f 6161 5873 6019
f 1004 9452 961
f 6158 5871 6159
f 6159 5871 6016
f 6158 5865 5869
f 6158 5869 5871
f 5865 6158 6012
f 5866 6013 5863
f 5865 6012 5866
f 5863 6013 6010
f 5863 6010 5859
f 5859 6011 5860
f 149 6009 145
f 6149 5860 6011
f 5860 6149 6008
f 6007 6008 6006
f 6005 5854 5856
f 6005 5856 6007
f 6005 6006 6146
f 6005 6146 6004
f 6003 6004 6144
f 6003 6144 6002
f 6000 5850 5853
f 6000 6002 6142
f 6000 6142 6001
f 5999 5849 6001
f 5849 5850 6001
f 5849 5999 5847
f 5997 5848 5998
f 5848 5847 5998
f 5848 5997 5846
f 5994 5996 9455
f 5996 5997 9455
f 5996 5994 5845
f 5844 5995 5993
f 5845 5995 5844
f 5844 5993 5843
f 5990 5991 5992
f 5991 5843 5993
f 5843 5991 5842
f 162 3181 156
f 5988 5841 5989
f 5841 5840 5991
f 5841 5988 5839
f 9457 5838 5987
f 5838 5839 5988
f 5838 9457 5837
f 5836 5837 9457
f 5836 6133 5835
f 5834 5835 6133
f 9476 5984 5701
f 5984 5982 5985
f 5978 5979 5981
f 5979 5985 5982
f 5985 5979 5699
f 5979 5977 5980
f 9477 5975 5976
f 5975 5980 5977
f 5980 5975 5697
f 5975 9477 5833
f 6115 5973 9478
f 9477 9478 5833
f 5832 9478 5972
f 5833 9478 5832
f 9478 5973 5972
f 5971 5968 5972
f 5969 5968 5971
f 5970 5974 5972
f 5972 5968 5970
f 5967 9479 5968
f 6105 9479 5967
f 9479 5827 5968
f 5825 9479 5966
f 5827 9479 5825
f 9479 6105 5966
f 5965 9480 5966
f 5965 5966 6105
f 9480 5822 5966
f 5820 9480 5964
f 5822 9480 5820
f 9480 5965 5964
f 5962 5961 5964
f 5961 5963 5964
f 5960 9481 5961
f 5959 9481 5960
f 9481 5818 5961
f 5816 9481 5958
f 5818 9481 5816
f 9481 5959 5958
f 5957 9482 5958
f 5956 9482 5957
f 9482 5814 5958
f 5812 9482 5955
f 5814 9482 5812
f 9482 5956 5955
f 5954 9483 5955
f 5953 9483 5954
f 9483 5810 5955
f 5808 9483 5952
f 5810 9483 5808
f 9483 5953 5952
f 5951 5949 5952
f 6090 5949 5951
f 5949 5948 5952
f 5944 6090 6083
f 5950 5949 5944
f 5949 6090 5944
f 5950 5944 5946
f 5940 5945 5947
f 5941 5945 5940
f 5945 6083 5947
f 6083 5945 5944
f 5938 9484 5942
f 5800 9484 5938
f 5940 9484 5799
f 5942 9484 5940
f 9484 5800 5799
f 5939 6077 5935
f 5943 6077 5939
f 6077 6073 5935
f 5938 5939 5798
f 5943 5939 5938
f 5939 5796 5798
f 5931 9485 5936
f 5932 9485 5931
f 9485 6073 5936
f 5935 9485 5794
f 6073 9485 5935
f 9485 5932 5794
f 5928 9486 5933
f 5792 9486 5928
f 9486 5937 5933
f 5931 9486 5791
f 5937 9486 5931
f 9486 5792 5791
f 5924 9487 5929
f 5789 9487 5924
f 9487 5934 5929
f 5928 9487 5788
f 5934 9487 5928
f 9487 5789 5788
f 5925 9488 5926
f 5786 9488 5925
f 9488 5930 5926
f 5924 9488 5785
f 5930 9488 5924
f 9488 5786 5785
f 5918 5921 5922
f 5777 5921 5918
f 5921 5927 5922
f 5925 5921 5786
f 5927 5921 5925
f 5921 5777 5780
f 9489 5923 5920
f 9489 5920 5916
f 5918 9489 5919
f 5923 9489 5918
f 9489 9490 5919
f 5915 5914 5917
f 5915 5917 5913
f 5915 5774 5776
f 5915 5776 9490
f 5912 5772 5775
f 5912 5775 5774
f 5908 5907 6053
f 5908 6053 5905
f 5906 5905 6051
f 5906 6051 5903
f 5904 5903 6048
f 5904 6048 5901
f 5902 5901 6045
f 5902 6045 5899
f 5900 5899 6042
f 5900 6042 5897
f 6040 5898 5897
f 5895 5898 6040
f 6038 5896 5895
f 5893 5896 6038
f 5894 5893 6036
f 5894 6036 5891
f 5892 5891 6034
f 5892 6034 5889
f 5890 5750 5753
f 5890 5753 5889
f 5888 5748 5751
f 5888 5751 5887
f 5886 5746 5749
f 5886 5749 5885
f 5884 5744 5747
f 5884 5747 5883
f 5882 5742 5745
f 5882 5745 5881
f 149 153 5880
f 9475 5879 9450
f 5879 9475 5743
f 5878 5743 5742
f 5740 9475 5877
f 5876 5877 6019
f 157 5875 153
f 9475 5740 9491
f 5873 5738 6019
f 6016 5874 5873
f 3181 5872 157
f 6019 5738 5876
f 5737 6016 5871
f 164 5870 3181
f 6016 5737 5874
f 5868 5871 5869
f 5733 5869 5865
f 164 168 5867
f 5866 5731 5734
f 5865 5734 5733
f 172 5864 168
f 5731 5866 5863
f 5859 5861 5732
f 5863 5732 5731
f 3174 5862 172
f 5860 5728 5861
f 5728 5860 6007
f 5728 6007 5729
f 5729 6007 5856
f 5855 5856 5854
f 5852 5851 5725
f 5852 5725 5855
f 5852 5854 6003
f 5852 6003 5853
f 5850 5851 5853
f 5851 5850 5723
f 5847 5724 5849
f 5724 5723 5849
f 5724 5847 5721
f 5848 5846 5720
f 5848 5720 5721
f 5720 5846 5719
f 5845 5718 5996
f 5718 5846 5996
f 5718 5845 5717
f 5843 5716 5844
f 5716 5717 5844
f 5716 5843 5715
f 5840 5714 5842
f 5714 5715 5842
f 5714 5840 5713
f 5841 5839 5712
f 5840 5712 5713
f 5712 5839 5709
f 5837 5708 5838
f 5708 5709 5839
f 5708 5837 5705
f 5835 5706 5836
f 5706 5705 5837
f 5706 5835 5703
f 9476 5704 5834
f 5704 5703 5835
f 5704 9476 5702
f 5701 5702 9476
f 5701 5985 5700
f 5985 5699 5700
f 5699 5980 5698
f 5697 5698 5980
f 5974 5830 5832
f 9492 5830 5566
f 5830 5974 5831
f 5970 5827 5828
f 5974 5828 5831
f 5831 5828 5564
f 5828 5826 5829
f 5822 5823 5825
f 5823 5829 5826
f 5829 5823 5562
f 5823 5821 5824
f 9493 5819 5820
f 5819 5824 5821
f 5824 5819 5560
f 5819 9493 5696
f 5963 5818 9494
f 9493 9494 5696
f 5695 9494 5817
f 5696 9494 5695
f 9494 5818 5817
f 5816 9495 5817
f 5814 9495 5816
f 9495 5692 5817
f 5690 9495 5813
f 5692 9495 5690
f 9495 5814 5813
f 5812 5811 5813
f 5810 5811 5812
f 5811 5815 5813
f 5815 5811 5685
f 5811 5810 5809
f 5806 5809 5808
f 5683 5809 5806
f 5685 5809 5683
f 5808 5948 5806
f 5948 5804 5806
f 5950 5804 5948
f 5804 5807 5806
f 5807 5804 5803
f 5804 5950 5805
f 5946 5805 5950
f 5803 5805 5801
f 5805 5946 5801
f 9496 5941 5678
f 5946 5945 9496
f 5945 5941 9496
f 5801 9496 5677
f 5946 9496 5801
f 9496 5678 5677
f 5797 9497 5799
f 5674 9497 5797
f 9497 5941 5799
f 5678 9497 5674
f 5941 9497 5678
f 5793 9498 5798
f 5667 9498 5793
f 9498 5800 5798
f 5797 9498 5671
f 5800 9498 5797
f 9498 5667 5671
f 5794 5790 5795
f 5932 5790 5794
f 5790 5663 5795
f 5793 5795 5670
f 5796 5795 5793
f 5795 5663 5670
f 5787 9499 5791
f 5659 9499 5787
f 9499 5932 5791
f 5790 9499 5666
f 5932 9499 5790
f 9499 5659 5666
f 5783 9500 5788
f 5656 9500 5783
f 9500 5792 5788
f 5787 9500 5662
f 5792 9500 5787
f 9500 5656 5662
f 9501 5789 5785
f 9501 5785 5782
f 5783 9501 5784
f 5789 9501 5783
f 9501 9502 5784
f 5782 5786 5780
f 5781 5780 5779
f 5781 5653 5655
f 5781 5655 9502
f 5778 5777 5919
f 5778 5919 9490
f 5778 5651 5654
f 5778 5654 5653
f 5772 5910 5773
f 5910 5770 5773
f 5771 5770 5908
f 5771 5908 5768
f 5769 5768 5906
f 5769 5906 5766
f 5767 5766 5904
f 5767 5904 5764
f 5765 5764 5902
f 5765 5902 5762
f 5763 5762 5900
f 5763 5900 5760
f 5761 5760 5898
f 5761 5898 5758
f 5896 5759 5758
f 5756 5759 5896
f 5757 5756 5894
f 5757 5894 5754
f 5755 5754 5892
f 5755 5892 5752
f 5753 5625 5628
f 5753 5628 5752
f 5751 5623 5626
f 5751 5626 5750
f 5749 5621 5624
f 5749 5624 5748
f 5747 5619 5622
f 5747 5622 5746
f 5745 5617 5620
f 5745 5620 5744
f 176 183 3167
f 9475 9491 5743
f 5743 9491 5618
f 5742 5618 5617
f 5740 5616 9491
f 5876 5741 5740
f 9491 5616 9503
f 5738 5614 5876
f 5874 5739 5738
f 2634 2338 2288
f 5876 5614 5741
f 5612 5874 5737
f 5736 5737 5868
f 5874 5612 5739
f 5610 5868 5733
f 5868 5610 5736
f 5734 5604 5608
f 5733 5608 5610
f 5604 5734 5731
f 5732 5602 5605
f 5731 5605 5604
f 5602 5732 5861
f 5603 5728 5730
f 5602 5861 5603
f 5603 5861 5728
f 5729 5600 5599
f 5729 5599 5730
f 5600 5729 5855
f 5725 5600 5855
f 5725 5851 5596
f 5851 5723 5595
f 5851 5595 5596
f 5595 5723 5722
f 9504 5724 5721
f 5722 5724 9504
f 9504 5721 5590
f 5719 5589 5720
f 5589 5590 5720
f 5589 5719 5588
f 5717 5586 5718
f 5586 5588 5718
f 5586 5717 5585
f 5715 5584 5716
f 5584 5585 5716
f 5584 5715 5583
f 5713 5582 5714
f 5582 5583 5714
f 5582 5713 5710
f 5709 5711 5712
f 5711 5710 5713
f 5711 5709 5581
f 5705 5707 5708
f 5707 5581 5709
f 5581 5707 5580
f 5707 5705 5579
f 5706 5703 5578
f 5705 5578 5579
f 5578 5703 5574
f 5575 5704 5702
f 5574 5703 5575
f 5575 5702 5572
f 5700 5571 5701
f 5571 5572 5702
f 5571 5700 5570
f 5698 5569 5699
f 5569 5570 5700
f 5569 5698 5567
f 9492 5568 5697
f 5568 5567 5698
f 5568 9492 5565
f 5566 5565 9492
f 5566 5831 5563
f 5564 5563 5831
f 5564 5829 5561
f 5562 5561 5829
f 5562 5824 5559
f 5560 5559 5824
f 5692 5693 5695
f 9505 5693 5460
f 5693 5691 5694
f 5815 5688 5690
f 5688 5694 5691
f 5694 5688 5458
f 5688 9506 5689
f 5685 9506 5815
f 5686 5689 9506
f 5689 5686 5456
f 5686 5684 5687
f 9507 5681 5683
f 5681 5687 5684
f 5687 5681 5454
f 5681 9507 5682
f 5803 9508 5807
f 9508 5682 9507
f 5682 9508 5452
f 9508 5679 5452
f 5802 5679 5803
f 9509 5802 5677
f 9509 5677 5676
f 9509 9510 9511
f 9509 9511 5680
f 5676 5678 5674
f 5675 5674 5673
f 5675 9512 9513
f 5675 9513 9510
f 5673 5674 5671
f 5672 5671 5669
f 5672 9514 9515
f 5672 9515 9512
f 5668 5667 5670
f 5668 5670 5665
f 5668 9516 9517
f 5668 9517 9514
f 5664 5663 5666
f 5664 5666 5661
f 5664 5556 5558
f 5664 5558 9516
f 5660 5659 5662
f 5660 5662 5658
f 5660 5554 5557
f 5660 5557 5556
f 5657 5656 5784
f 5657 5784 9502
f 5657 5552 5555
f 5657 5555 5554
f 5652 5651 5776
f 5652 5776 5649
f 5650 5649 5775
f 5650 5775 5647
f 5648 5647 5773
f 5648 5773 5645
f 5646 5645 5771
f 5646 5771 5643
f 5644 5643 5769
f 5644 5769 5641
f 5767 5642 5641
f 5639 5642 5767
f 5640 5639 5765
f 5640 5765 5637
f 5638 5637 5763
f 5638 5763 5635
f 5636 5635 5761
f 5636 5761 5633
f 5634 5633 5759
f 5634 5759 5631
f 5632 5631 5757
f 5632 5757 5629
f 5630 5629 5755
f 5630 5755 5627
f 5628 5522 5525
f 5628 5525 5627
f 5626 5520 5523
f 5626 5523 5625
f 5624 5517 5521
f 5624 5521 5623
f 5622 5519 5518
f 5622 5518 5621
f 5620 5514 5516
f 5620 5516 5619
f 9503 5618 9491
f 5618 9503 5515
f 5617 5515 5514
f 5513 9503 5616
f 5615 5616 5741
f 9503 5513 9518
f 5511 5741 5614
f 5613 5614 5739
f 5741 5511 5615
f 5509 5739 5612
f 5611 5612 5736
f 5739 5509 5613
f 5609 5736 5610
f 5736 5609 5611
f 5607 5610 5608
f 5606 5608 5604
f 5605 9519 5507
f 5604 5507 5606
f 9519 5605 5602
f 5603 5504 5505
f 5602 5505 9519
f 5504 5603 5730
f 5730 5599 5504
f 5596 5500 5600
f 5500 5501 5600
f 5500 5596 5496
f 5722 5495 5595
f 5495 5496 5595
f 5495 5722 5493
f 9504 5493 5722
f 5493 9504 5494
f 9504 5590 5494
f 5588 5491 5589
f 5491 5492 5589
f 5491 5588 5587
f 5585 9520 5586
f 9520 5587 5586
f 9520 5585 5489
f 5583 5490 5584
f 5490 5489 5584
f 5490 5583 5488
f 5710 5487 5582
f 5487 5488 5582
f 5486 5710 5581
f 5487 5710 5486
f 5486 5581 5485
f 5579 5483 5580
f 5483 5485 5580
f 5483 5579 5576
f 5574 5577 5578
f 5577 5576 5579
f 5577 5574 5482
f 5573 5575 5572
f 5482 5574 5573
f 5482 5573 5481
f 5573 5572 5480
f 5570 5479 5571
f 5479 5480 5572
f 5479 5570 5476
f 5567 5475 5569
f 5475 5476 5570
f 5475 5567 5473
f 5471 5568 5565
f 5473 5567 5471
f 5471 5565 5468
f 5566 5563 5469
f 5565 5469 5468
f 5469 5563 5467
f 5564 5561 5466
f 5563 5466 5467
f 5466 5561 5465
f 5562 5559 5464
f 5561 5464 5465
f 5464 5559 5462
f 5560 9505 5463
f 5559 5463 5462
f 5463 9505 5461
f 5460 5461 9505
f 5460 5694 5459
f 5458 5459 5694
f 5458 5689 5457
f 5456 5457 5689
f 5456 5687 5455
f 5454 5455 5687
f 5454 5682 5453
f 5452 5453 5682
f 5655 5553 5552
f 5550 5553 5655
f 5551 5550 5654
f 5551 5654 5548
f 5549 5548 5652
f 5549 5652 5546
f 5547 5546 5650
f 5547 5650 5544
f 5545 5544 5648
f 5545 5648 5542
f 5543 5542 5646
f 5543 5646 5540
f 5541 5540 5644
f 5541 5644 5538
f 5539 5538 5642
f 5539 5642 5536
f 5537 5536 5640
f 5537 5640 5534
f 5535 5534 5638
f 5535 5638 5532
f 5533 5532 5636
f 5533 5636 5530
f 5531 5530 5634
f 5531 5634 5528
f 5632 5529 5528
f 5526 5529 5632
f 5527 5526 5630
f 5527 5630 5524
f 5525 5402 5405
f 5525 5405 5524
f 5523 5400 5403
f 5523 5403 5522
f 5521 5398 5401
f 5521 5401 5520
f 5519 5397 5399
f 5518 5399 5517
f 5516 5395 5397
f 5516 5397 5519
f 9518 5515 9503
f 5515 9518 5396
f 5514 5396 5395
f 5393 9518 5513
f 5512 5513 5615
f 9518 5393 9521
f 5392 5615 5511
f 5510 5511 5613
f 5615 5392 5512
f 5390 5613 5509
f 5508 5509 5611
f 5613 5390 5510
f 5388 5611 5609
f 5388 5609 5607
f 5611 5388 5508
f 9522 5607 5606
f 5607 9522 5388
f 5386 5606 5507
f 5506 5507 9519
f 5606 5386 9522
f 5384 9519 5505
f 5503 5505 5504
f 9519 5384 5506
f 9523 5503 5502
f 5502 5501 5382
f 5496 5381 5500
f 5381 5382 5500
f 5381 5496 5380
f 5493 5379 5495
f 5379 5380 5495
f 5379 5493 5378
f 5377 5494 5492
f 5378 5494 5377
f 5377 5492 5376
f 5587 5375 5491
f 5375 5376 5491
f 5375 5587 5374
f 9520 5374 5587
f 5374 9520 5373
f 9520 5489 5373
f 5490 5488 5371
f 5490 5371 5372
f 5371 5488 5370
f 5487 5369 5488
f 5369 5487 5368
f 5485 5367 5486
f 5367 5368 5486
f 5367 5485 5484
f 5576 9524 5483
f 9524 5484 5483
f 9524 5576 5366
f 5482 5365 5576
f 5365 5366 5576
f 5365 5482 5362
f 5480 5363 5481
f 5363 5362 5481
f 5363 5480 5477
f 5476 5478 5479
f 5478 5477 5480
f 5478 5476 5360
f 5473 5474 5475
f 5474 5360 5476
f 5360 5474 5361
f 5474 5473 5359
f 5468 5472 5471
f 5472 5359 5473
f 5359 5472 5357
f 5472 5470 5357
f 5469 5467 5356
f 5470 5356 5355
f 5356 5467 5353
f 5465 5352 5466
f 5352 5353 5467
f 5352 5465 5350
f 5462 5349 5464
f 5349 5350 5465
f 5349 5462 5347
f 5346 5463 5461
f 5347 5462 5346
f 5346 5461 5344
f 5459 5343 5460
f 5343 5344 5461
f 5343 5459 5341
f 5457 5340 5458
f 5340 5341 5459
f 5340 5457 5338
f 5455 5337 5456
f 5337 5338 5457
f 5337 5455 5335
f 5453 5334 5454
f 5334 5335 5455
f 5334 5453 5332
f 5451 5331 5452
f 5331 5332 5453
f 5331 5451 5329
f 5449 5327 5450
f 5327 5329 5451
f 5327 5449 5326
f 5448 5449 9511
f 5448 9511 5445
f 5446 5445 9513
f 5446 9513 5443
f 9515 5444 5443
f 5441 5444 9515
f 5442 5441 9517
f 5442 9517 5439
f 5558 5440 5439
f 5437 5440 5558
f 5438 5437 5557
f 5438 5557 5435
f 5436 5435 5555
f 5436 5555 5433
f 5553 5434 5433
f 5431 5434 5553
f 5432 5431 5551
f 5432 5551 5429
f 5430 5429 5549
f 5430 5549 5427
f 5428 5427 5547
f 5428 5547 5425
f 5426 5425 5545
f 5426 5545 5422
f 5423 5422 5543
f 5423 5543 5420
f 5421 5420 5541
f 5421 5541 5418
f 5419 5418 5539
f 5419 5539 5416
f 5417 5416 5537
f 5417 5537 5414
f 5415 5414 5535
f 5415 5535 5412
f 5413 5412 5533
f 5413 5533 5410
f 5411 5410 5531
f 5411 5531 5408
f 5408 5529 5409
f 5529 5406 5409
f 5407 5406 5527
f 5407 5527 5404
f 5405 5282 5285
f 5405 5285 5404
f 5403 5280 5283
f 5403 5283 5402
f 5401 5278 5281
f 5401 5281 5400
f 5399 5275 5279
f 5399 5279 5398
f 9521 5396 9518
f 5396 9521 5274
f 5395 5274 5273
f 9521 5393 5272
f 5393 5512 5394
f 9521 5272 5163
f 5271 5512 5392
f 5389 5392 5510
f 5512 5271 5394
f 5510 5390 5389
f 5390 5508 5391
f 5268 5508 5388
f 5508 5268 5391
f 5387 5388 9522
f 9522 5265 5387
f 5265 9522 5386
f 5385 5386 5506
f 5386 5264 5265
f 5385 5506 5384
f 5383 5384 5503
f 5384 5262 5385
f 5502 5382 9523
f 5503 9523 5383
f 9523 5382 5260
f 5380 9525 5381
f 9525 5260 5381
f 9525 5380 5258
f 5378 5255 5379
f 5255 5258 5379
f 5376 5254 5377
f 5254 5255 5377
f 5254 5376 5253
f 5374 5251 5375
f 5251 5253 5375
f 5372 5250 5373
f 5250 5251 5373
f 5250 5372 5249
f 5370 5248 5371
f 5248 5249 5371
f 5248 5370 5247
f 5368 5246 5369
f 5246 5247 5369
f 5246 5368 5245
f 5484 5244 5367
f 5244 5245 5367
f 5244 5484 5243
f 5484 9524 5243
f 5243 9524 5242
f 9524 5366 5242
f 5362 5241 5365
f 5241 5240 5365
f 5241 5362 5364
f 5363 5477 5364
f 5364 5477 5238
f 5360 5239 5477
f 5239 5238 5477
f 5239 5360 5237
f 5236 5361 5359
f 5237 5361 5236
f 5236 5359 5358
f 5355 9526 5357
f 9526 5358 5357
f 9526 5355 5235
f 5356 5353 5354
f 5355 5354 5235
f 5354 5353 5234
f 5350 5351 5352
f 5351 5234 5353
f 5234 5351 5233
f 5351 5350 5232
f 5347 5348 5349
f 5348 5232 5350
f 5232 5348 5231
f 5348 5347 5229
f 5344 5345 5346
f 5345 5229 5347
f 5229 5345 5230
f 5345 5344 5228
f 5341 5342 5343
f 5342 5228 5344
f 5228 5342 5227
f 5342 5341 5224
f 5338 5339 5340
f 5339 5224 5341
f 5224 5339 5225
f 5339 5338 5223
f 5335 5336 5337
f 5336 5223 5338
f 5223 5336 5222
f 5336 5335 5220
f 5332 5333 5334
f 5333 5220 5335
f 5220 5333 5221
f 5333 5332 5219
f 5329 5330 5331
f 5330 5219 5332
f 5219 5330 5218
f 5330 5329 5217
f 5326 5328 5327
f 5328 5217 5329
f 5217 5328 5216
f 5328 5326 5325
f 5213 5214 5324
f 5214 5325 5324
f 5324 5326 5448
f 5324 5448 5447
f 5323 5447 5446
f 5323 5446 5321
f 5321 5444 5322
f 5444 5319 5322
f 5320 5319 5442
f 5320 5442 5317
f 5318 5317 5440
f 5318 5440 5315
f 5316 5315 5438
f 5316 5438 5313
f 5314 5313 5436
f 5314 5436 5311
f 5311 5434 5312
f 5434 5309 5312
f 5310 5309 5432
f 5310 5432 5307
f 5308 5307 5430
f 5308 5430 5305
f 5305 5428 5306
f 5428 5303 5306
f 5426 5304 5303
f 5424 5304 5426
f 5302 5424 5423
f 5302 5423 5300
f 5301 5300 5421
f 5301 5421 5298
f 5299 5298 5419
f 5299 5419 5296
f 5297 5296 5417
f 5297 5417 5294
f 5294 5415 5295
f 5415 5292 5295
f 5292 5413 5293
f 5413 5290 5293
f 5291 5290 5411
f 5291 5411 5288
f 5289 5288 5409
f 5289 5409 5286
f 5287 5286 5407
f 5287 5407 5284
f 5285 5169 5172
f 5285 5172 5284
f 5283 5167 5170
f 5283 5170 5282
f 5281 5165 5168
f 5281 5168 5280
f 5279 5164 5166
f 5279 5166 5278
f 5273 5161 5276
f 5277 5276 5275
f 5163 5274 9521
f 5274 5163 5162
f 5273 5162 5161
f 5160 5272 5394
f 5163 5160 5057
f 9527 5394 5271
f 5269 5271 5389
f 9527 9528 5160
f 5159 5389 5391
f 5389 5159 5269
f 5267 5391 5268
f 5266 5268 5387
f 5391 5267 5159
f 5157 5387 5265
f 5387 5157 5266
f 5263 5264 5385
f 5263 5385 5262
f 5153 5262 5383
f 5262 5261 5263
f 5153 9523 5259
f 9523 5260 5259
f 9523 5153 5383
f 5257 5151 9525
f 5257 9525 5258
f 9525 5151 5260
f 5256 5258 5255
f 5256 5148 5258
f 5253 9529 5254
f 9529 5147 5254
f 9529 5253 5252
f 5252 5251 5145
f 5249 5144 5250
f 5144 5145 5250
f 5144 5249 5143
f 5247 5142 5248
f 5142 5143 5248
f 5142 5247 5141
f 5245 5140 5246
f 5140 5141 5246
f 5140 5245 5138
f 5243 5139 5244
f 5139 5138 5244
f 5139 5243 5137
f 5240 5136 5242
f 5136 5137 5242
f 5136 5240 5134
f 5241 5364 5135
f 5241 5135 5134
f 5135 5364 5133
f 5364 5238 5132
f 5364 5132 5133
f 5132 5238 5130
f 5131 5239 5237
f 5130 5239 5131
f 5131 5237 5129
f 5358 5128 5236
f 5128 5129 5236
f 5128 5358 5127
f 9526 5127 5358
f 5127 9526 5126
f 9526 5235 5126
f 5234 5125 5235
f 5125 5124 5235
f 5125 5234 5123
f 5232 5122 5233
f 5122 5123 5233
f 5122 5232 5120
f 5229 5121 5231
f 5121 5120 5231
f 5121 5229 5119
f 5118 5230 5228
f 5119 5230 5118
f 5118 5228 5117
f 5224 5116 5227
f 5116 5117 5227
f 5116 5224 5226
f 5225 5223 9530
f 5225 9530 5226
f 9530 5223 5114
f 5220 5115 5222
f 5115 5114 5222
f 5115 5221 9531
f 5221 5219 9531
f 9531 5219 5113
f 5217 5112 5218
f 5112 5113 5218
f 5112 5217 5111
f 5215 5110 5216
f 5110 5111 5216
f 5110 5215 5109
f 5212 5108 5214
f 5108 5109 5215
f 5214 5213 5212
f 5211 5213 5323
f 5211 5323 5210
f 5209 5210 5322
f 5209 5322 5208
f 5207 5208 5320
f 5207 5320 5206
f 5205 5206 5318
f 5205 5318 5203
f 5204 5203 5316
f 5204 5316 5201
f 5202 5201 5314
f 5202 5314 5199
f 5199 5312 5200
f 5312 5197 5200
f 5198 5197 5310
f 5198 5310 5195
f 5196 5195 5308
f 5196 5308 5193
f 5194 5193 5306
f 5194 5306 5191
f 5192 5191 5304
f 5192 5304 5189
f 5190 5189 5302
f 5190 5302 5187
f 5188 5187 5301
f 5188 5301 5185
f 5185 5299 5186
f 5299 5183 5186
f 5184 5183 5297
f 5184 5297 5181
f 5182 5181 5295
f 5182 5295 5179
f 5180 5179 5293
f 5180 5293 5177
f 5178 5177 5291
f 5178 5291 5175
f 5289 5176 5175
f 5173 5176 5289
f 5287 5174 5173
f 5171 5174 5287
f 5172 5065 5068
f 5172 5068 5171
f 5170 5063 5066
f 5170 5066 5169
f 5168 5061 5064
f 5168 5064 5167
f 5166 5058 5062
f 5166 5062 5165
f 5276 5060 5164
f 5162 5057 5056
f 5162 5056 5161
f 5160 9528 5054
f 5057 5054 4936
f 5160 5394 9527
f 5270 5053 9528
f 5050 5269 5159
f 5269 5050 9532
f 5158 5159 5267
f 5049 5267 5266
f 5267 5049 5158
f 5047 5266 5157
f 5156 5157 5154
f 5266 5047 5049
f 5154 5157 5264
f 5263 5155 5154
f 5154 5045 5156
f 5155 5261 5152
f 5261 5153 5152
f 5261 5155 5263
f 5043 5259 5150
f 5259 5151 5150
f 5259 5043 5153
f 5257 5149 4919
f 5148 5149 5257
f 5257 4919 5151
f 5148 5256 5039
f 5256 5147 5039
f 5039 4918 5148
f 5040 9529 5038
f 9529 5252 5038
f 9529 5040 5147
f 5038 5252 5146
f 5252 5145 5146
f 5143 9533 5144
f 9533 5036 5144
f 9533 5143 5034
f 5141 9534 5142
f 9534 5034 5142
f 9534 5141 5032
f 5138 9535 5140
f 9535 5032 5140
f 9535 5138 5029
f 5028 5139 5137
f 5029 5139 5028
f 5028 5137 5027
f 5134 5026 5136
f 5026 5027 5136
f 5026 5134 5024
f 5135 5133 5025
f 5135 5025 5024
f 5025 5133 5023
f 5130 5022 5132
f 5022 5023 5132
f 5022 5130 5021
f 5020 5131 5129
f 5021 5131 5020
f 5020 5129 5019
f 5127 5018 5128
f 5018 5019 5128
f 5018 5127 5017
f 5124 5016 5126
f 5016 5017 5126
f 5016 5124 5015
f 5014 5125 5123
f 5015 5125 5014
f 5014 5123 5012
f 5120 5013 5122
f 5013 5012 5122
f 5013 5120 5010
f 5121 5119 5011
f 5121 5011 5010
f 5011 5119 5009
f 5117 5008 5118
f 5008 5009 5118
f 5008 5117 5007
f 5226 5006 5116
f 5006 5007 5116
f 5006 5226 5005
f 9530 5005 5226
f 5005 9530 5004
f 9530 5114 5004
f 5115 9531 4998
f 5115 4998 4999
f 5113 4997 9531
f 4997 4998 9531
f 4997 5113 4994
f 5111 4993 5112
f 4993 4994 5112
f 4993 5111 4992
f 4989 4992 5109
f 9536 4988 5108
f 4988 4989 5109
f 5107 4985 4987
f 5107 4987 9537
f 5107 9536 5211
f 5107 5211 5106
f 5105 5106 5209
f 5105 5209 5104
f 5103 5104 5207
f 5103 5207 5102
f 5101 5102 5205
f 5101 5205 5100
f 5099 5100 5204
f 5099 5204 5098
f 5097 5098 5202
f 5097 5202 5096
f 5095 5096 5200
f 5095 5200 5094
f 5093 5094 5198
f 5093 5198 5091
f 5092 5091 5196
f 5092 5196 5089
f 5090 5089 5194
f 5090 5194 5087
f 5192 5088 5087
f 5085 5088 5192
f 5086 5085 5190
f 5086 5190 5083
f 5188 5084 5083
f 5081 5084 5188
f 5082 5081 5186
f 5082 5186 5079
f 5080 5079 5184
f 5080 5184 5077
f 5078 5077 5182
f 5078 5182 5075
f 5076 5075 5180
f 5076 5180 5073
f 5074 5073 5178
f 5074 5178 5071
f 5071 5176 5072
f 5176 5069 5072
f 5070 5069 5174
f 5070 5174 5067
f 5068 4943 4946
f 5068 4946 5067
f 5066 4941 4944
f 5066 4944 5065
f 5064 4939 4942
f 5064 4942 5063
f 5062 4937 4940
f 5062 4940 5061
f 5055 4934 5059
f 5060 5059 5058
f 5056 4936 4935
f 5056 4935 5055
f 9538 5054 9528
f 5054 9538 4933
f 4936 4933 4804
f 9538 9528 5053
f 5052 5053 9532
f 5053 4932 9538
f 9532 5050 4930
f 5050 5158 5051
f 9532 4930 5052
f 4928 5158 5049
f 5158 4928 5051
f 5048 5049 5047
f 5046 5047 5156
f 5047 4926 5048
f 5046 5156 5045
f 5044 5045 5155
f 5045 4924 5046
f 5044 5152 5042
f 5152 5043 5042
f 5152 5044 5155
f 4922 5150 5041
f 5150 4919 5041
f 5150 4922 5043
f 5149 4918 4917
f 5149 4917 4919
f 4918 5039 4914
f 5039 4915 4914
f 5040 5038 5037
f 5037 4915 5040
f 5035 4912 5146
f 5035 5146 5036
f 5146 4912 5038
f 4910 9533 5033
f 9533 5034 5033
f 9533 4910 5036
f 4908 9534 5031
f 9534 5032 5031
f 9534 4908 5034
f 4904 9535 5030
f 9535 5029 5030
f 9535 4904 5032
f 5027 9539 5028
f 9539 4903 5028
f 9539 5027 4900
f 5024 9540 5026
f 9540 4900 5026
f 9540 5024 4898
f 9541 5025 5023
f 4898 5025 9541
f 9541 5023 4895
f 5021 9542 5022
f 9542 4895 5022
f 9542 5021 4890
f 5019 4888 5020
f 4888 4890 5020
f 4888 5019 4886
f 5017 4885 5018
f 4885 4886 5018
f 4885 5017 4883
f 5015 4884 5016
f 4884 4883 5016
f 4884 5015 4759
f 5012 4880 5014
f 4880 4759 5014
f 4879 5013 5010
f 4880 5013 4879
f 4879 5010 4877
f 4878 5011 5009
f 4877 5011 4878
f 4878 5009 4873
f 5007 4872 5008
f 4872 4873 5008
f 4872 5007 4870
f 5005 4871 5006
f 4871 4870 5006
f 4871 5005 4869
f 4999 4868 5004
f 4868 4869 5004
f 4868 4999 5000
f 4998 4864 5000
f 4994 4863 4997
f 4863 4864 4997
f 4863 4994 4861
f 4992 4860 4993
f 4860 4861 4993
f 4860 4992 4742
f 9537 4856 4988
f 4856 4855 4988
f 4856 9537 4852
f 4986 4852 9537
f 4986 9537 4987
f 4850 4987 4985
f 4984 4848 4734
f 4984 4734 4850
f 4984 4985 5105
f 4984 5105 4983
f 4982 4846 4849
f 4982 4849 4848
f 4982 4983 5103
f 4982 5103 4981
f 4844 4847 4980
f 4847 4846 4980
f 4980 4981 5101
f 4980 5101 4979
f 4845 4978 4977
f 4844 4978 4845
f 4978 4979 5099
f 4978 5099 4976
f 4975 4842 4843
f 4975 4843 4977
f 4975 4976 5097
f 4975 5097 4974
f 4973 4974 5095
f 4973 5095 4972
f 4971 4972 5093
f 4971 5093 4970
f 4969 4970 5092
f 4969 5092 4968
f 4967 4968 5090
f 4967 5090 4966
f 4965 4966 5088
f 4965 5088 4964
f 4963 4964 5086
f 4963 5086 4962
f 4961 4962 5084
f 4961 5084 4959
f 4960 4959 5082
f 4960 5082 4957
f 4958 4957 5080
f 4958 5080 4955
f 4956 4955 5078
f 4956 5078 4953
f 4954 4953 5076
f 4954 5076 4951
f 4952 4951 5074
f 4952 5074 4949
f 4950 4949 5072
f 4950 5072 4947
f 4948 4947 5070
f 4948 5070 4945
f 4946 4810 4813
f 4946 4813 4945
f 4944 4808 4811
f 4944 4811 4943
f 4942 4806 4809
f 4942 4809 4941
f 4940 4805 4807
f 4940 4807 4939
f 5059 4934 4938
f 5059 4938 4937
f 4935 4804 4803
f 4935 4803 4934
f 4933 9538 9543
f 4933 9543 4802
f 4804 4802 4688
f 9543 9538 4932
f 4801 4932 5052
f 4932 4931 9543
f 4799 5052 4930
f 4929 4930 5051
f 5052 4799 4801
f 4796 5051 4928
f 4927 4928 5048
f 5051 4796 4929
f 4927 5048 4926
f 4925 4926 5046
f 4926 4677 4927
f 4925 4924 4923
f 4924 5044 4795
f 4924 4925 5046
f 5044 5042 9544
f 5042 4922 4794
f 9544 4795 5044
f 4793 5041 4791
f 5041 4792 4791
f 5041 4793 4922
f 4792 4917 4789
f 4917 4790 4789
f 4790 4914 4785
f 4914 4786 4785
f 4914 4790 4918
f 5037 4913 4786
f 4912 4913 5037
f 5037 4786 4915
f 4783 5035 4909
f 5035 4910 4909
f 5035 4783 4912
f 4777 5033 4907
f 5033 4908 4907
f 5033 4777 4910
f 5031 4767 4775
f 4904 4767 5031
f 5031 4775 4908
f 4768 5030 4765
f 5030 4903 4765
f 5030 4768 4904
f 4766 9539 4899
f 9539 4900 4899
f 9539 4766 4903
f 4764 9540 4761
f 9540 4898 4761
f 9540 4764 4900
f 4894 4762 9541
f 4894 9541 4895
f 9541 4762 4898
f 4658 9542 4893
f 9542 4890 4893
f 9542 4658 4895
f 4886 9545 4888
f 9545 4889 4888
f 9545 4886 4655
f 4883 9546 4885
f 9546 4655 4885
f 9546 4883 4654
f 4884 4759 4760
f 4884 4760 4654
f 209 276 4882
f 4757 4759 4880
f 4757 4880 4756
f 4877 4755 4879
f 4755 4756 4879
f 4755 4877 4754
f 4878 4873 4753
f 4878 4753 4754
f 4753 4873 4752
f 4870 4751 4872
f 4751 4752 4872
f 4751 4870 4750
f 4749 4871 4869
f 4750 4871 4749
f 4749 4869 4748
f 5000 4747 4868
f 4747 4748 4868
f 4747 5000 9547
f 4864 9547 5000
f 9547 4864 4746
f 4861 4745 4863
f 4745 4746 4863
f 4745 4861 4744
f 4742 4743 4860
f 4743 4744 4860
f 4855 4742 4989
f 4741 4742 4855
f 4741 4855 4740
f 4738 4856 4852
f 4740 4856 4738
f 4738 4852 4851
f 4852 4986 4736
f 4736 4986 4850
f 4850 4737 4736
f 4849 4732 4735
f 4848 4735 4734
f 4732 4849 4846
f 4847 9548 4733
f 4846 4733 4732
f 9548 4847 4844
f 4731 4845 4729
f 9548 4844 4731
f 4845 4730 4729
f 4730 4977 4843
f 4727 4843 4842
f 4841 4725 4728
f 4841 4728 4727
f 4841 4842 4973
f 4841 4973 4840
f 4838 4726 4839
f 4726 4725 4839
f 4839 4840 4971
f 4839 4971 4837
f 4836 4723 4724
f 4836 4724 4838
f 4836 4837 4969
f 4836 4969 4835
f 4834 4835 4967
f 4834 4967 4833
f 4832 4833 4965
f 4832 4965 4831
f 4830 4831 4963
f 4830 4963 4829
f 4828 4829 4961
f 4828 4961 4827
f 4826 4827 4960
f 4826 4960 4825
f 4824 4825 4958
f 4824 4958 4823
f 4822 4823 4956
f 4822 4956 4820
f 4821 4820 4954
f 4821 4954 4818
f 4818 4952 4819
f 4952 4816 4819
f 4817 4816 4950
f 4817 4950 4814
f 4814 4948 4815
f 4948 4812 4815
f 4813 4697 4700
f 4813 4700 4812
f 4811 4695 4698
f 4811 4698 4810
f 4809 4693 4696
f 4809 4696 4808
f 4807 4689 4694
f 4807 4694 4806
f 4938 4692 4691
f 4938 4691 4805
f 4803 4688 4686
f 4803 4686 4692
f 9549 4802 9543
f 4802 9549 4685
f 4688 4685 4584
f 9549 9543 4931
f 4800 4931 4801
f 4931 4800 9549
f 4682 4801 4799
f 4798 4799 4929
f 4801 4682 4684
f 4796 4680 4929
f 4927 4797 4796
f 4929 4680 4798
f 9550 4677 4925
f 4927 4677 4797
f 9550 4923 4674
f 4923 4795 4674
f 4923 9550 4925
f 4794 4671 4675
f 4672 4671 4794
f 4794 4675 4795
f 4672 4791 4668
f 4791 4669 4668
f 4791 4672 4793
f 4669 4789 4665
f 4789 4666 4665
f 4789 4669 4792
f 4666 4785 4664
f 4785 4662 4664
f 4785 4666 4790
f 4662 4913 4782
f 4913 4783 4782
f 4913 4662 4786
f 4783 4909 4776
f 4909 4777 4776
f 4776 4784 4783
f 4774 4778 4907
f 4774 4907 4775
f 4907 4778 4777
f 4767 4773 4775
f 4659 4769 4765
f 4659 4765 4660
f 4765 4769 4768
f 4660 4899 4763
f 4899 4764 4763
f 4899 4660 4766
f 4761 4564 4764
f 4894 4563 4762
f 4756 9551 4757
f 9551 4758 4757
f 9551 4756 4552
f 4754 4551 4755
f 4551 4552 4755
f 4551 4754 4550
f 4753 4752 4652
f 4650 4651 4751
f 4651 4652 4751
f 4751 4750 4650
f 4647 4648 4749
f 4648 4650 4749
f 4749 4748 4647
f 4643 4645 4747
f 4645 4647 4747
f 4747 9547 4643
f 4746 4644 9547
f 4644 4643 9547
f 4644 4746 4640
f 4744 4641 4745
f 4641 4640 4745
f 4641 4744 4638
f 4635 4636 4743
f 4636 4638 4743
f 4743 4742 4635
f 4740 4634 4741
f 4634 4635 4741
f 4634 4740 4739
f 4851 4739 4738
f 4739 4851 4631
f 4851 4632 4631
f 4632 4851 4736
f 4737 4627 4416
f 4737 4416 4629
f 4627 4737 4734
f 4735 4625 4628
f 4735 4628 4627
f 4625 4735 4732
f 4733 4624 4626
f 4733 4626 4625
f 4624 4733 9548
f 9548 4731 4624
f 4730 9552 4622
f 4729 4622 4621
f 9552 4730 4727
f 4728 4618 4620
f 4727 4620 9552
f 4618 4728 4725
f 4726 4616 4619
f 4725 4619 4618
f 4616 4726 4838
f 4838 4617 4616
f 4617 4838 4724
f 4614 4724 4723
f 4722 4720 4615
f 4722 4615 4614
f 4722 4723 4834
f 4722 4834 4721
f 4612 4613 4719
f 4613 4720 4719
f 4719 4721 4832
f 4719 4832 4718
f 4717 4718 4830
f 4717 4830 4716
f 4715 4716 4828
f 4715 4828 4714
f 4713 4714 4826
f 4713 4826 4712
f 4711 4712 4824
f 4711 4824 4710
f 4709 4710 4822
f 4709 4822 4708
f 4707 4708 4821
f 4707 4821 4705
f 4706 4705 4819
f 4706 4819 4703
f 4704 4703 4817
f 4704 4817 4701
f 4702 4701 4815
f 4702 4815 4699
f 4700 4589 4593
f 4700 4593 4699
f 4698 4591 4590
f 4698 4590 4697
f 4696 4587 4588
f 4696 4588 4695
f 4694 4586 4585
f 4694 4585 4693
f 4691 4687 4690
f 4691 4690 4689
f 4686 4584 4583
f 4686 4687 4692
f 9553 1451 1452
f 4582 4800 4684
f 9549 4800 9554
f 4580 4684 4682
f 4681 4682 4798
f 4684 4580 4683
f 4578 4798 4680
f 4679 4680 4797
f 4798 4578 4681
f 4677 4576 4797
f 9550 4678 4677
f 4797 4576 4679
f 4678 4674 4575
f 4674 4676 4575
f 4674 4678 9550
f 4676 4671 4574
f 4671 4673 4574
f 4671 4676 4675
f 4673 4668 4573
f 4668 4670 4573
f 4668 4673 4672
f 4670 4665 4572
f 4665 4667 4572
f 4665 4670 4669
f 4664 4571 4667
f 4663 4571 4664
f 4664 4667 4666
f 4663 4782 4570
f 4782 4784 4570
f 4782 4663 4662
f 4784 4776 4569
f 4776 4778 4569
f 4774 4568 4778
f 4773 4568 4774
f 4773 4767 4566
f 4767 4769 4566
f 4763 4661 4660
f 4564 4761 4562
f 4761 4563 4562
f 4563 4894 4559
f 4894 4658 4559
f 4560 4893 4433
f 4893 4889 4433
f 4893 4560 4658
f 9545 4657 4558
f 4655 4657 9545
f 9545 4558 4889
f 4656 9546 4653
f 9546 4654 4653
f 9546 4656 4655
f 4557 4760 4554
f 4760 4758 4554
f 4760 4557 4654
f 4652 4548 4753
f 4548 4550 4753
f 4548 4652 4549
f 4651 4650 4649
f 4648 4647 4646
f 4645 4643 4642
f 4335 4644 4640
f 4642 4644 4335
f 4335 4640 4639
f 4168 4641 4638
f 4639 4641 4168
f 4168 4638 4637
f 4636 4635 4541
f 4739 4535 4634
f 4542 4541 4634
f 4631 4536 4739
f 4536 4535 4739
f 4536 4631 9555
f 4632 4629 4633
f 4631 4633 9555
f 4633 4629 4630
f 4416 4531 4329
f 4416 4330 4630
f 4531 4416 4627
f 4628 4529 4328
f 4628 4328 4531
f 4529 4628 4625
f 4626 4525 4530
f 4626 4530 4529
f 4525 4626 4624
f 4523 4526 4623
f 4526 4525 4623
f 4623 4624 4731
f 4623 4731 4621
f 4622 4520 4524
f 4622 4524 4523
f 4520 4622 9552
f 4520 9552 4620
f 4619 4515 4518
f 4618 4518 4517
f 4515 4619 4616
f 4617 4513 4516
f 4616 4516 4515
f 4513 4617 4614
f 4615 4511 4514
f 4614 4514 4513
f 4511 4615 4720
f 4511 4720 4512
f 4512 4720 4613
f 4509 4613 4612
f 4610 4510 4611
f 4510 4509 4611
f 4611 4612 4717
f 4611 4717 4609
f 4608 4506 4508
f 4608 4508 4610
f 4608 4609 4715
f 4608 4715 4607
f 4606 4607 4713
f 4606 4713 4605
f 4604 4605 4711
f 4604 4711 4603
f 4602 4603 4709
f 4602 4709 4601
f 4600 4601 4707
f 4600 4707 4599
f 4598 4599 4706
f 4598 4706 4596
f 4596 4704 4597
f 4704 4594 4597
f 4595 4594 4702
f 4595 4702 4592
f 4593 4488 4492
f 4593 4492 4592
f 4590 4489 4490
f 4590 4490 4589
f 4588 4487 4486
f 4588 4486 4489
f 4585 4485 4484
f 4585 4484 4487
f 4583 4480 4481
f 4583 4481 4483
f 9556 4479 4368
f 4582 4683 4478
f 4581 4478 4477
f 4476 4683 4580
f 4579 4580 4681
f 4473 4681 4578
f 4577 4578 4679
f 4681 4473 4579
f 4576 4471 4679
f 4678 4468 4576
f 4679 4471 4577
f 4468 4575 4469
f 4575 4676 4464
f 4575 4468 4678
f 4464 4574 4465
f 4574 4673 4462
f 4574 4464 4676
f 4462 4573 4463
f 4573 4670 4458
f 4573 4462 4673
f 4458 4572 4459
f 4572 4667 4456
f 4572 4458 4670
f 4456 4571 4457
f 4571 4663 4452
f 4571 4456 4667
f 4453 4452 4570
f 4449 4570 4784
f 4570 4452 4663
f 4569 4450 4449
f 4778 4447 4569
f 4569 4449 4784
f 4447 4568 4448
f 4568 4773 4445
f 4568 4447 4778
f 4445 4566 4446
f 4566 4769 4567
f 4566 4445 4773
f 4567 4659 4443
f 4659 4661 4443
f 4659 4567 4769
f 4763 4440 4661
f 4564 4440 4763
f 4562 4565 4564
f 4559 4437 4563
f 4433 4561 4560
f 4434 4657 4170
f 4657 4434 4558
f 4345 4653 4556
f 4653 4557 4556
f 4653 4345 4656
f 4344 4554 4342
f 4554 4758 4555
f 4554 4344 4557
f 4555 9551 4341
f 9551 4552 4341
f 9551 4555 4758
f 4339 4553 4551
f 4551 4553 4552
f 4550 4548 4337
f 4649 4336 4651
f 4336 4549 4651
f 4646 4251 4648
f 4251 4649 4648
f 4642 24 4645
f 24 4646 4645
f 4541 4246 4636
f 4246 4637 4636
f 4246 4541 4540
f 4634 4535 4542
f 4542 4535 4537
f 4536 9555 4244
f 4536 4244 4537
f 4332 4633 4630
f 9555 4633 4332
f 4240 4328 4529
f 4530 4415 4238
f 4530 4238 4240
f 4415 4530 4525
f 4526 4413 4236
f 4526 4236 4415
f 4413 4526 4523
f 4524 4409 4414
f 4524 4414 4413
f 4409 4524 4520
f 4519 4406 4410
f 4519 4410 4409
f 4519 4520 4620
f 4519 4620 4517
f 4518 4403 4407
f 4518 4407 4406
f 4403 4518 4515
f 4516 4400 4404
f 4515 4404 4403
f 4400 4516 4513
f 4401 4514 4397
f 4400 4513 4401
f 4397 4514 4511
f 4512 4394 4398
f 4511 4398 4397
f 4394 4512 4509
f 4395 4510 4392
f 4394 4509 4395
f 4392 4510 4610
f 4610 4393 4392
f 4393 4610 4508
f 4507 4508 4506
f 4505 4390 4391
f 4505 4391 4507
f 4505 4506 4606
f 4505 4606 4504
f 4503 4504 4604
f 4503 4604 4502
f 4501 4502 4602
f 4501 4602 4500
f 4499 4500 4600
f 4499 4600 4498
f 4497 4498 4598
f 4497 4598 4496
f 4495 4496 4597
f 4495 4597 4493
f 4494 4493 4595
f 4494 4595 4491
f 4492 4378 4377
f 4492 4377 4491
f 4490 118 4375
f 4490 4375 4488
f 4486 4374 4373
f 4486 4373 118
f 4484 4372 4371
f 4484 4371 4374
f 4482 4370 4369
f 4482 4369 4372
f 4481 4368 4367
f 4481 4367 4370
f 4479 4363 4365
f 4479 4365 4300
f 9557 4478 4683
f 4478 9557 4364
f 4477 4364 4363
f 9557 4683 4476
f 4474 4476 4579
f 4476 4475 9557
f 4362 4579 4473
f 4472 4473 4577
f 4579 4362 4474
f 4360 4577 4471
f 4470 4471 4468
f 4577 4360 4472
f 4358 4469 4464
f 4469 4288 9558
f 4469 9558 4470
f 4465 4462 4357
f 4465 4357 4358
f 4458 4355 4463
f 4463 4355 4356
f 4463 4356 4357
f 4353 4459 4456
f 4459 4353 4284
f 4459 4284 4355
f 4351 4457 4452
f 4457 4351 4354
f 4457 4354 4353
f 4349 4453 4449
f 4453 4349 4352
f 4453 4352 4351
f 4280 4450 4447
f 4450 4280 4350
f 4450 4350 4349
f 4346 4448 4445
f 4448 4346 4281
f 4448 4281 4280
f 9559 4446 4567
f 4446 9559 4347
f 4446 4347 4346
f 9559 4443 4173
f 4443 4661 4444
f 4443 9559 4567
f 4444 4440 4439
f 4440 4565 4117
f 4440 4444 4661
f 4565 4562 4436
f 4562 4437 4436
f 4436 4117 4565
f 4115 4114 4437
f 4433 4171 4561
f 4555 4343 4342
f 4341 4343 4555
f 4337 4549 4338
f 4336 4338 4549
f 4336 4649 3638
f 3638 4649 4251
f 4251 4646 23
f 23 4646 24
f 24 4642 4334
f 4335 4334 4642
f 4335 4639 4046
f 4168 4169 4639
f 4168 4637 4247
f 4246 4247 4637
f 4097 4542 4537
f 4540 4542 4097
f 4097 4537 4243
f 4244 4243 4537
f 4244 9555 4333
f 4332 4333 9555
f 4332 4630 4331
f 4330 4331 4630
f 4237 4238 4415
f 4412 4236 4413
f 9560 4414 4411
f 4412 4414 9560
f 4411 4414 4409
f 4410 4408 4235
f 4410 4235 4411
f 4408 4410 4406
f 4407 9561 4232
f 4407 4232 4408
f 9561 4407 4403
f 4400 4327 4405
f 4403 4405 9561
f 4405 4404 4400
f 4397 4326 4402
f 4400 4402 4327
f 4402 4401 4397
f 4394 4325 4399
f 4397 4399 4326
f 4399 4398 4394
f 4392 4324 4396
f 4394 4396 4325
f 4396 4395 4392
f 4393 4323 4322
f 4392 4322 4324
f 4323 4393 4507
f 4507 4321 4323
f 4321 4507 4391
f 4319 4391 4390
f 4389 4390 4503
f 4389 4503 4388
f 4387 4388 4501
f 4387 4501 4386
f 4385 4386 4499
f 4385 4499 4384
f 4383 4384 4497
f 4383 4497 4382
f 4381 4382 4495
f 4381 4495 4379
f 4380 4379 4494
f 4380 4494 4376
f 4377 4307 4310
f 4377 4310 4376
f 4375 117 4307
f 4373 4303 4305
f 4373 4305 116
f 4371 4301 4304
f 4371 4304 4303
f 4369 4298 4302
f 4369 4302 4301
f 4367 4300 4299
f 4367 4299 4298
f 9562 2515 2703
f 4365 4297 4193
f 9563 4364 9557
f 4364 9563 4296
f 4363 4296 4366
f 9563 9557 4475
f 4294 4475 4474
f 4475 4294 9564
f 4292 4474 4362
f 4361 4362 4472
f 4474 4292 4294
f 4290 4472 4360
f 4359 4360 4470
f 4472 4290 4361
f 9558 4359 4470
f 4358 4288 4469
f 4287 4358 4285
f 4358 4287 4288
f 4286 4356 4284
f 4356 4286 4285
f 4282 4284 4353
f 4284 4282 4179
f 4284 4178 4286
f 4176 4354 4351
f 4349 4174 4352
f 4348 4281 4346
f 4047 4173 4444
f 4444 4439 4047
f 4561 3860 4115
f 3857 4171 4434
f 4561 4171 3860
f 4170 3857 4434
f 4345 4556 3971
f 4556 4344 3971
f 3971 3970 4345
f 4344 4342 3919
f 3919 3918 4344
f 4343 4341 4340
f 4553 4339 3641
f 3581 4337 3582
f 4338 4336 3916
f 4046 4639 3375
f 4246 4540 3522
f 4097 4096 4540
f 4331 4042 4332
f 4042 4331 4095
f 4241 4094 4330
f 4094 4095 4331
f 4330 4329 4241
f 4240 4242 4328
f 4242 4241 4328
f 4167 9560 4411
f 4411 4235 4167
f 4234 4235 4408
f 4408 4232 4234
f 4231 4232 9561
f 9561 4229 4231
f 4229 9561 4405
f 4229 4405 4327
f 4327 4226 4228
f 4226 4327 4402
f 4226 4402 4326
f 4326 4224 4225
f 4224 4326 4399
f 4224 4399 4325
f 4221 4223 4325
f 4221 4325 4396
f 4221 4396 4324
f 4324 4322 4220
f 4323 4321 4218
f 4318 4215 9565
f 4318 9565 4320
f 4318 4319 4389
f 4318 4389 4317
f 4213 4317 4387
f 4213 4387 4316
f 4212 4316 4385
f 4212 4385 4315
f 4208 4315 4383
f 4208 4383 4314
f 4313 4205 4207
f 4313 4207 4206
f 4313 4314 4381
f 4313 4381 4312
f 4204 4312 4380
f 4204 4380 4311
f 4310 4309 4201
f 4308 4306 9566
f 4308 9566 9567
f 4305 4199 4198
f 4305 4198 4306
f 4304 4196 4199
f 9556 4581 4477
f 4302 4191 9568
f 4302 9568 4196
f 4299 4193 4192
f 4299 4192 4191
f 4297 4189 9569
f 4297 9569 4194
f 9570 4296 9564
f 4296 9570 4190
f 4295 4190 4189
f 4188 9564 4294
f 9564 4188 9570
f 4294 4292 4291
f 4292 4361 4293
f 4185 4361 4290
f 4289 4290 4359
f 4361 4185 4293
f 4289 4359 9558
f 4184 9558 4288
f 9558 4184 4289
f 4288 4287 4182
f 4286 4178 4181
f 4286 4181 4180
f 4282 4122 4179
f 4354 4176 4283
f 4354 4283 4282
f 4352 4174 4177
f 4352 4177 4176
f 4280 4 4350
f 4350 4 4175
f 4350 4175 4174
f 4172 4347 9559
f 4347 3921 4348
f 9559 4173 4172
f 3863 4439 4117
f 4118 4436 4114
f 4118 3864 3863
f 4114 4116 9571
f 3052 3919 4343
f 4340 3052 4343
f 3641 3581 2871
f 3582 4338 2458
f 2825 2871 3581
f 3916 2458 4338
f 23 3639 4251
f 4045 4334 4046
f 4168 4247 3373
f 4096 3522 4540
f 3522 3524 4247
f 8708 8626 8707
f 4097 4243 3471
f 4244 4333 4245
f 4243 4245 3469
f 4245 4333 4044
f 4042 4044 4333
f 4094 4241 4041
f 4040 4242 4239
f 4041 4241 4040
f 4242 4240 4239
f 4237 4038 4238
f 4038 4239 4238
f 4412 4035 4236
f 4035 4412 9572
f 9560 9572 4412
f 4234 4166 4235
f 4166 4234 4033
f 4231 4233 4232
f 4233 4032 4234
f 4233 4231 4092
f 4228 4230 4229
f 4230 4092 4231
f 4230 4228 4091
f 4225 4227 4226
f 4227 4091 4228
f 4227 4225 9573
f 4223 4089 4224
f 4089 9573 4225
f 4089 4223 4087
f 4220 4222 4221
f 4222 4087 4223
f 4222 4220 4165
f 4163 4164 4219
f 4164 4165 4219
f 4219 4218 4163
f 9574 4162 4217
f 4162 4163 4217
f 4217 4320 9574
f 4320 9565 9574
f 9574 9565 4216
f 9565 4215 4216
f 4211 4214 4213
f 4214 4161 4215
f 4214 4211 4158
f 4212 4210 4157
f 4211 4157 4158
f 4157 4210 4156
f 4206 4209 4208
f 4209 4156 4210
f 4209 4206 4155
f 4207 4152 4154
f 4206 4154 4155
f 4207 4205 4152
f 4203 4153 4204
f 4153 4152 4205
f 4153 4203 4151
f 9567 4202 4201
f 4202 4151 4203
f 4202 9567 4148
f 9566 4148 9567
f 9566 4306 9575
f 4199 4197 4200
f 4196 4197 4199
f 9556 4477 4479
f 4144 9568 4195
f 9568 4191 4195
f 9568 4144 4196
f 4192 4194 9576
f 4192 9576 4141
f 4070 9569 4006
f 9569 4189 4006
f 9569 4070 4194
f 9570 4135 4190
f 4190 4135 4138
f 4189 4138 4137
f 4136 9570 4188
f 4187 4188 4291
f 9570 4136 4135
f 4134 4291 4293
f 4291 4134 4187
f 4293 4185 4131
f 4185 4289 4186
f 4293 4131 4134
f 4130 4289 4184
f 4128 4184 4182
f 7946 7948 8464
f 4289 4130 4186
f 4287 4183 4182
f 4180 4183 4287
f 4183 4126 4129
f 4183 4129 4128
f 4124 4181 4178
f 4181 4124 4127
f 4181 4127 4126
f 4179 4122 4125
f 4179 4125 4124
f 4051 4123 4176
f 4174 4049 4177
f 5 4281 4348
f 4281 5 4
f 3982 4173 4047
f 4047 3802 3982
f 4047 3803 3802
f 4116 4115 3860
f 3861 4171 3857
f 3858 4170 3970
f 9577 4340 3640
f 4553 3641 3640
f 3524 3373 4247
f 4042 4095 4043
f 4040 4239 4039
f 4039 4239 4038
f 4038 4237 4037
f 4037 4237 4035
f 4167 3969 9560
f 3969 9572 9560
f 3969 4167 4034
f 4032 4033 4234
f 4033 4034 4166
f 4091 4093 4230
f 4093 4092 4230
f 9573 4090 4227
f 4090 4091 4227
f 4089 4087 4025
f 4089 4026 9573
f 4088 4222 4165
f 4087 4222 4088
f 4088 4165 4023
f 4164 4163 4086
f 9574 4085 4162
f 4085 4086 4162
f 4085 9574 4084
f 4084 9574 4216
f 4084 4216 4083
f 4216 4161 4083
f 4158 4159 4214
f 4159 4161 4214
f 4159 4158 4081
f 4156 4080 4157
f 4080 4081 4157
f 4080 4156 4079
f 4155 4078 4209
f 4078 4156 4209
f 4078 4155 4077
f 4152 4076 4154
f 4076 4077 4154
f 4076 4152 4075
f 4153 4151 4074
f 4153 4074 4075
f 4074 4151 4150
f 4147 4149 4202
f 4149 4151 4202
f 4149 4147 9578
f 4146 4148 9575
f 9579 9580 9581
f 9580 9582 9581
f 9580 9579 9575
f 4197 4144 4143
f 4197 4143 4200
f 4195 4141 4140
f 4142 9576 4070
f 9576 4194 4070
f 9576 4142 4141
f 4006 4137 4139
f 4138 4064 4068
f 4138 4068 4067
f 9583 4136 4187
f 4136 9583 4065
f 4135 4065 4064
f 4063 4187 4134
f 4187 4063 9583
f 4131 4133 4134
f 4186 4132 4131
f 4131 4061 4133
f 4186 4130 4059
f 4130 4128 4057
f 4186 4059 4132
f 4055 4129 4126
f 4129 4055 4058
f 4129 4058 4057
f 4053 4127 4124
f 4127 4053 4056
f 4127 4056 4055
f 3990 4125 4122
f 7947 8710 8628
f 4125 3990 4054
f 4125 4054 4053
f 4123 4051 3991
f 4123 3991 3990
f 4177 4049 4052
f 4177 4052 4051
f 4175 6 4050
f 4175 4050 4049
f 3921 4347 4172
f 4172 3981 3921
f 4172 3982 3981
f 4118 9571 3864
f 9584 3639 23
f 23 22 9584
f 2637 4046 3375
f 3374 3373 9585
f 3471 4243 3469
f 4245 4044 3469
f 4041 3801 4094
f 3801 4041 3798
f 3798 4041 3797
f 4035 9572 4036
f 3969 3968 9572
f 4031 4233 4092
f 4032 4233 4031
f 4031 4092 4030
f 4029 4093 4027
f 4030 4093 4029
f 4093 4091 4027
f 9573 4028 4090
f 4028 4027 4090
f 4028 9573 4026
f 4025 4087 3962
f 4088 3961 3962
f 4086 4024 4164
f 4024 4023 4164
f 4024 4086 4022
f 4084 4021 4085
f 4021 4022 4085
f 4021 4084 4020
f 2408 2239 2460
f 2409 2408 2460
f 4160 4159 4082
f 4159 4081 4082
f 4079 4017 4080
f 4017 4019 4080
f 4017 4079 4016
f 4077 4015 4078
f 4015 4016 4078
f 4015 4077 4013
f 4075 4014 4076
f 4014 4013 4076
f 4014 4075 4011
f 4150 4012 4074
f 4012 4011 4074
f 4012 4150 9586
f 9578 9587 4149
f 9587 9578 9588
f 9581 4072 4071
f 4143 9423 4072
f 4140 9424 4145
f 4070 4005 4142
f 4007 4139 4069
f 4139 4067 4069
f 4139 4007 4006
f 4064 4066 4003
f 4068 4003 4002
f 9589 4065 9583
f 4065 9589 4066
f 4000 9583 4063
f 4062 4063 4133
f 9583 4000 9589
f 4062 4133 4061
f 4060 4061 4132
f 4061 3999 4062
f 3997 4132 4059
f 3996 4059 4057
f 4132 3997 4060
f 4055 3994 4058
f 4058 3994 3925
f 4058 3925 3996
f 4053 3992 4056
f 4056 3992 3995
f 4056 3995 3994
f 3922 3991 4051
f 3868 4052 4049
f 5 3920 3867
f 4348 3920 5
f 4348 3921 3920
f 4048 3865 3803
f 9590 4116 3860
f 9591 3861 3857
f 3860 3862 9590
f 3857 3859 9591
f 2289 3916 3638
f 3638 2870 2289
f 3375 3374 2637
f 4043 4095 3800
f 3800 4095 3801
f 4039 3797 4040
f 4037 3796 4038
f 3796 4037 3856
f 3968 4036 9572
f 4036 3856 4037
f 3969 4034 3967
f 4032 3852 4033
f 3852 3854 4033
f 43 40 44
f 4030 3915 4031
f 3915 3852 4031
f 3915 4030 3914
f 4029 4027 3966
f 4028 3964 3965
f 4028 3965 3966
f 4028 4026 3964
f 3962 3963 4025
f 3963 3964 4025
f 4023 3961 4088
f 3961 4023 3960
f 4024 4022 3959
f 4024 3959 3960
f 3959 4022 3958
f 4020 3957 4021
f 3957 3958 4021
f 3957 4020 3956
f 4160 3955 4083
f 3955 4020 4083
f 3955 4160 3953
f 4082 3953 4160
f 3953 4082 3954
f 4082 4019 3954
f 4016 9592 4017
f 9592 4018 4017
f 9592 4016 3952
f 4013 3950 4015
f 3950 3952 4015
f 3950 4013 3949
f 3948 4014 4011
f 3949 4014 3948
f 3948 4011 3947
f 3946 4012 9586
f 3947 4012 3946
f 3946 9586 3945
f 9588 3944 9587
f 3944 9588 3943
f 9593 4071 3941
f 4071 9593 9594
f 9595 9596 4073
f 9597 4009 4008
f 9597 4008 9425
f 4005 4007 9598
f 4005 9598 4009
f 9599 9600 4069
f 3936 4069 4002
f 4069 9600 4007
f 9601 4003 4066
f 4003 9601 3934
f 4002 3934 4004
f 3932 4066 9589
f 4066 3932 9601
f 4000 3929 9589
f 4062 4001 4000
f 9589 3929 3932
f 4001 4062 3999
f 3926 3999 4060
f 3999 3998 4001
f 4060 3997 3927
f 3997 3996 3924
f 4060 3927 3926
f 3925 3994 3875
f 3873 3995 3992
f 3995 3873 3876
f 3995 3876 3875
f 3871 4054 3990
f 3991 3922 3872
f 3991 3872 3871
f 4052 3868 3923
f 4052 3923 3922
f 6 3869 4050
f 6 3866 3869
f 4050 3869 3868
f 6 3867 3866
f 3745 3921 3981
f 3982 3802 3746
f 3981 3746 3745
f 3865 4048 3863
f 9602 3864 9571
f 3864 3584 3865
f 9571 9603 9602
f 3971 3918 3526
f 2108 4340 9577
f 3523 3522 4096
f 3471 3472 4096
f 3801 3798 3799
f 3855 3794 3689
f 3967 4034 3854
f 3794 3968 3967
f 3913 4029 3966
f 3914 4029 3913
f 3913 3966 3851
f 3965 3964 3849
f 4008 9604 3939
f 3963 3962 3912
f 3960 3911 3961
f 3911 3912 3961
f 3911 3960 3910
f 3958 3909 3959
f 3909 3910 3959
f 3909 3958 3907
f 3956 3908 3957
f 3908 3907 3957
f 3908 3956 3905
f 3953 3906 3955
f 3906 3905 3955
f 3906 3953 3904
f 3954 4018 3903
f 3954 3903 3904
f 3903 4018 3902
f 9592 3902 4018
f 3902 9592 3901
f 9592 3952 3901
f 3949 9605 3950
f 9605 3951 3950
f 9605 3949 3900
f 3947 3898 3948
f 3898 3900 3948
f 3898 3947 3897
f 3945 3896 3946
f 3896 3897 3946
f 3896 3945 3895
f 3943 3894 3944
f 3894 3895 3944
f 3894 3943 3892
f 9593 3893 3942
f 3893 3892 3942
f 3893 9593 9606
f 9606 3941 3940
f 3941 9606 9593
f 9596 3939 3938
f 9600 9598 4007
f 9598 9607 4010
f 9608 3936 3935
f 3936 4004 3937
f 3884 4004 3934
f 3933 3934 9601
f 4004 3884 3937
f 3931 9601 3932
f 9601 3931 3933
f 3881 3932 3929
f 3928 3929 4001
f 3932 3881 3930
f 3928 4001 3998
f 3880 3998 3926
f 3998 3880 3928
f 3924 3878 3927
f 3927 3878 9609
f 3927 9609 3809
f 3925 3875 3879
f 3925 3879 3878
f 4054 3871 3993
f 4054 3993 3992
f 3804 3872 3922
f 3691 3867 3920
f 3921 3745 3692
f 3920 3692 3691
f 3970 9610 3858
f 3970 3526 9610
f 3919 3052 3376
f 3916 2289 3917
f 3797 3795 3521
f 3796 3795 4039
f 3796 3856 3580
f 3853 3793 3854
f 3914 3791 3915
f 3791 3792 3915
f 3791 3914 3790
f 3849 3850 3965
f 3850 3851 3965
f 3912 3848 3963
f 3848 3849 3963
f 3848 3912 3846
f 3845 3847 3911
f 3847 3846 3911
f 3911 3910 3845
f 3907 3844 3909
f 3844 3845 3909
f 3844 3907 3843
f 3842 3908 3905
f 3843 3908 3842
f 3842 3905 3840
f 3841 3906 3904
f 3840 3906 3841
f 3841 3904 3839
f 3902 3838 3903
f 3838 3839 3903
f 3838 3902 3837
f 3951 3836 3901
f 3836 3837 3901
f 3836 3951 3835
f 9605 3835 3951
f 3835 9605 3834
f 9605 3900 3834
f 3897 9611 3898
f 9611 3899 3898
f 9611 3897 3833
f 3895 3832 3896
f 3832 3833 3896
f 3832 3895 3831
f 3827 3829 3894
f 3829 3831 3894
f 3894 3892 3827
f 3893 9606 3828
f 3893 3828 3827
f 3828 9606 9612
f 9612 3940 3889
f 3940 3890 3889
f 3940 9612 9606
f 3891 3938 3887
f 3938 3888 3887
f 3938 3891 3890
f 3885 3825 9613
f 3885 9613 3886
f 9613 3825 3888
f 9607 9600 3820
f 9607 3820 3886
f 9614 3935 3937
f 3935 3819 3763
f 3817 3937 3884
f 3883 3884 3933
f 3937 3817 9614
f 3883 3933 3931
f 3814 3931 3930
f 3931 3814 3883
f 3881 3882 3930
f 3928 3812 3881
f 3930 3882 3814
f 3928 3880 3812
f 3807 9609 3878
f 9609 3807 3810
f 9609 3810 3809
f 3875 3877 3879
f 3879 3877 3808
f 3879 3808 3807
f 3750 3876 3873
f 3876 3750 9615
f 3876 9615 3877
f 3748 3874 3871
f 3872 3804 3749
f 3872 3749 3748
f 3870 3923 3868
f 3923 3870 3805
f 3923 3805 3804
f 3698 3869 3866
f 3866 3694 3698
f 3869 3698 3870
f 3867 3691 3695
f 3866 3695 3694
f 3745 3693 3692
f 3745 3747 9616
f 3864 9602 3584
f 3862 3861 9591
f 9591 3268 3862
f 3858 9610 3859
f 9591 9617 3268
f 4043 3800 3317
f 9618 3800 3799
f 3794 3855 3968
f 3792 3853 3852
f 3789 3913 3851
f 3790 3913 3789
f 3789 3851 3743
f 3850 3849 3788
f 3846 3786 3848
f 3786 3788 3848
f 3786 3846 3741
f 3847 3845 3785
f 3843 3784 3844
f 3784 3785 3844
f 3784 3843 3783
f 3840 3782 3842
f 3782 3783 3842
f 3782 3840 3781
f 3780 3841 3839
f 3781 3841 3780
f 3780 3839 3779
f 3837 3778 3838
f 3778 3779 3838
f 3778 3837 3777
f 3835 3776 3836
f 3776 3777 3836
f 3776 3835 3774
f 3899 3775 3834
f 3775 3774 3834
f 3775 3899 3773
f 3899 9611 3773
f 3773 9611 3772
f 9611 3833 3772
f 3831 9619 3832
f 9619 3771 3832
f 9619 3831 3830
f 3770 9620 3829
f 9620 3830 3829
f 3828 9612 3769
f 3828 3769 3770
f 3769 9612 9621
f 9621 3889 9622
f 3889 9621 9612
f 3768 3887 3824
f 3887 3825 3824
f 3887 3768 3891
f 3826 3885 3823
f 3885 3822 3823
f 3885 3826 3825
f 3821 9623 3763
f 9608 3821 3820
f 3821 3766 3822
f 3761 3763 3819
f 3818 3819 9614
f 3763 3761 3764
f 3816 9614 3817
f 3815 3817 3883
f 9614 3816 3818
f 3758 3883 3814
f 3883 3758 3815
f 3813 3814 3882
f 3757 3882 3812
f 3882 3757 3813
f 3812 3811 3755
f 3807 3752 3810
f 3810 3752 3754
f 3810 3754 3753
f 9624 3808 3877
f 3808 9624 3703
f 3808 3703 3752
f 3874 3748 3751
f 3874 3751 3750
f 3806 3749 3804
f 3697 3805 3870
f 3870 3698 3697
f 3691 3527 3695
f 9622 3891 3768
f 3691 3693 3527
f 3802 9625 3746
f 3802 3587 9625
f 9310 3584 9602
f 3378 9603 9590
f 9602 9603 9310
f 9590 3862 3378
f 8451 7958 8123
f 1007 964 1008
f 3471 3470 2822
f 3799 3798 3266
f 3795 3797 4039
f 3521 3266 3798
f 3580 3856 3690
f 3689 3690 3856
f 3689 3794 3637
f 3793 3794 3967
f 3636 3637 3794
f 3853 3792 3686
f 3790 3633 3791
f 3633 3635 3791
f 3633 3790 3685
f 3788 3744 3850
f 3744 3743 3850
f 3744 3788 3787
f 3741 9626 3786
f 9626 3787 3786
f 3785 3742 3847
f 3742 3741 3847
f 3742 3785 3681
f 3784 3783 3740
f 3781 3739 3782
f 3739 3740 3782
f 3739 3781 3738
f 3779 3737 3780
f 3737 3738 3780
f 3737 3779 3736
f 3777 9627 3778
f 9627 3736 3778
f 9627 3777 3734
f 3774 3733 3776
f 3733 3734 3776
f 3733 3774 3732
f 3731 3775 3773
f 3732 3775 3731
f 3731 3773 3729
f 3727 3730 3772
f 3730 3729 3772
f 3830 3728 9619
f 3728 3771 9619
f 3728 3830 3724
f 9620 3770 3723
f 21 3723 3769
f 19 9622 3767
f 9622 3768 3767
f 9622 19 9621
f 3824 3826 3720
f 3720 9628 3824
f 3826 3823 3765
f 3823 3766 3765
f 3765 3720 3826
f 3766 3821 3762
f 3821 3763 3762
f 3762 3715 3766
f 3714 3764 3761
f 3760 3761 3818
f 3764 3714 3657
f 3712 3818 3816
f 3712 3816 3815
f 3818 3712 3760
f 3758 3710 3815
f 3813 3759 3758
f 3815 3711 3712
f 3708 3813 3757
f 3706 3757 3755
f 3813 3708 3759
f 3756 3755 3811
f 3756 3811 3753
f 3756 3704 3707
f 3756 3707 3706
f 3702 3754 3752
f 3754 3702 3705
f 3754 3705 3704
f 3645 9615 3750
f 9615 3645 3701
f 3642 3751 3748
f 3805 3697 9629
f 3805 9629 3806
f 3693 3745 9616
f 3746 9625 3747
f 3865 3584 3583
f 2760 2990 2992
f 3195 3526 3918
f 3918 3196 3195
f 3521 3795 3579
f 3580 3579 3795
f 3636 3688 9630
f 3853 3688 3793
f 3743 3684 3789
f 3684 3685 3789
f 3684 3743 3631
f 9631 3744 3787
f 3631 3744 9631
f 9631 3787 3630
f 9626 3741 3683
f 3682 3742 3681
f 3683 3742 3682
f 3740 3680 3784
f 3680 3681 3784
f 3680 3740 3679
f 3738 3678 3739
f 3678 3679 3739
f 3678 3738 3676
f 3736 3677 3737
f 3677 3676 3737
f 3677 3736 3675
f 3671 3674 9627
f 3674 3675 3735
f 9627 3734 3671
f 3732 3672 3733
f 3672 3671 3733
f 3672 3732 3670
f 3729 3669 3731
f 3669 3670 3731
f 3669 3729 3668
f 3668 3730 3667
f 3667 3730 3666
f 3728 3665 3666
f 3725 3664 9632
f 3725 9632 3726
f 3725 3723 3664
f 9633 20 19
f 20 3664 21
f 9633 3767 3721
f 3767 3722 3721
f 3767 9633 19
f 9628 3720 3719
f 9628 3719 3722
f 3720 3765 3718
f 3765 3715 3718
f 3718 3658 3720
f 3716 3764 3657
f 3655 3657 3714
f 3713 3714 3760
f 3657 3655 3656
f 3653 3760 3712
f 3760 3653 3713
f 3711 3815 3710
f 3651 3710 3759
f 3710 3709 3711
f 3651 3759 3708
f 3649 3708 3706
f 3708 3598 3651
f 3647 3707 3704
f 3707 3647 3650
f 3707 3650 3649
f 3702 3591 3705
f 3705 3591 3648
f 3705 3648 3647
f 3751 3642 3646
f 3751 3646 3645
f 3749 3806 3643
f 3749 3643 3642
f 9634 9629 3697
f 3698 3694 3699
f 3697 3699 9634
f 3695 3527 3696
f 3586 3747 9625
f 9625 3587 3586
f 3469 4044 2939
f 3317 3800 9618
f 3580 3690 3578
f 3637 3467 3689
f 3467 3637 3466
f 3465 3466 3637
f 3686 3688 3853
f 3633 3685 3463
f 3683 3629 9626
f 3629 3683 3575
f 3682 3681 3573
f 3679 9635 3680
f 9635 3573 3680
f 9635 3679 3628
f 3676 3627 3678
f 3627 3628 3678
f 3627 3676 3626
f 3677 3675 3625
f 3677 3625 3626
f 3625 3675 3624
f 3673 3622 3674
f 3622 3624 3674
f 3674 3671 3673
f 3672 3670 9636
f 3672 9636 3673
f 9636 3670 3621
f 3668 3620 3669
f 3620 3621 3669
f 3620 3668 3617
f 3614 3618 3667
f 3618 3617 3667
f 1896 10 1965
f 3613 3615 3665
f 3615 3614 3665
f 3665 3726 3613
f 3611 9632 3663
f 3613 3726 3611
f 9632 3664 3663
f 9637 9638 20
f 9638 3663 20
f 9637 3721 3661
f 3721 3662 3661
f 3721 9637 9633
f 3719 3660 3662
f 3658 3660 3719
f 3660 3609 3662
f 9639 3608 3717
f 3606 3717 3716
f 3606 3716 3657
f 3717 3606 9639
f 3604 3656 3655
f 3654 3655 3713
f 3656 3604 3605
f 3602 3713 3653
f 3652 3653 3711
f 3713 3602 3654
f 3652 3711 3709
f 3600 3709 3651
f 3709 3600 3652
f 3594 3650 3647
f 3650 3594 3538
f 3650 3538 3596
f 3648 3593 3595
f 3648 3595 3594
f 3703 9640 3591
f 3535 3701 3645
f 3701 3535 3590
f 3701 3590 3589
f 3644 3646 3642
f 3806 9641 3643
f 3806 9629 9641
f 3585 3584 9310
f 3267 3862 3268
f 9610 9617 3859
f 3641 2871 2872
f 3639 9584 2870
f 3799 3266 3149
f 3521 3579 3265
f 9630 3465 3636
f 3687 3634 3464
f 3577 3463 3685
f 3634 3687 3635
f 3631 3576 3684
f 3576 3577 3684
f 3576 3632 3517
f 3632 9631 9642
f 3517 3632 3515
f 3515 9642 3514
f 3573 3574 3682
f 3574 3575 3682
f 3628 3572 9635
f 3572 3573 9635
f 3572 3628 3571
f 3626 3569 3627
f 3569 3571 3627
f 3569 3626 3567
f 3624 3568 3625
f 3568 3567 3625
f 3568 3624 3623
f 3565 9643 3622
f 9643 3623 3622
f 3622 3673 3565
f 9636 3562 3563
f 9636 3621 3562
f 3619 3560 3620
f 3560 3562 3620
f 3620 3617 3619
f 3618 3616 3559
f 3618 3559 3619
f 3618 3614 3616
f 3615 3612 3558
f 3615 3558 3616
f 3615 3613 3612
f 3557 3612 3611
f 3557 3611 3555
f 9638 3555 3663
f 9638 9637 3552
f 3661 3609 3610
f 3661 3552 9637
f 3550 3551 3659
f 3607 3659 3608
f 3549 3608 9639
f 3546 9639 3606
f 3605 3606 3656
f 9639 3546 3549
f 3545 3605 3604
f 3603 3604 3654
f 3605 3545 3547
f 3543 3654 3602
f 3601 3602 3652
f 3654 3543 3603
f 3541 3652 3600
f 3539 3600 3598
f 3652 3541 3601
f 3596 3599 3598
f 3599 3597 3540
f 3599 3540 3539
f 3479 3538 3594
f 3538 3479 3482
f 3538 3481 3597
f 3591 3593 3648
f 3595 3476 3480
f 3595 3480 3479
f 3473 3592 3589
f 9644 3643 9641
f 3643 9644 3532
f 3643 3532 3644
f 9641 3531 9644
f 9645 3699 3694
f 9646 3528 9616
f 3424 3747 3586
f 3587 3583 3588
f 3377 9603 3378
f 2175 3582 2458
f 3578 3690 3468
f 3467 3468 3690
f 3467 3466 3263
f 3465 9630 9647
f 3517 3518 3576
f 3518 3520 3577
f 3512 3514 3629
f 3574 3573 3511
f 3571 3509 3572
f 3509 3511 3572
f 3509 3571 3570
f 3567 9648 3569
f 9648 3570 3569
f 9648 3567 3566
f 9649 3568 3623
f 3566 3568 9649
f 3564 3508 9643
f 3508 3623 9643
f 9643 3565 3564
f 3561 3507 3563
f 3507 3564 3563
f 3563 3562 3561
f 3504 3506 3560
f 3506 3561 3560
f 3560 3619 3504
f 3559 3504 3619
f 3504 3559 3505
f 3559 3616 3502
f 3558 3502 3616
f 3502 3558 3503
f 3558 3612 3499
f 3557 3499 3612
f 3499 3557 3500
f 3557 3555 3497
f 3556 3554 3498
f 3556 3498 3497
f 3554 3556 3552
f 3553 3610 9650
f 3553 9650 3443
f 3553 3443 3554
f 3496 3610 3551
f 3550 3659 3607
f 3610 3496 9650
f 3548 3607 3549
f 3607 3548 3550
f 3546 3493 3549
f 3605 3547 3546
f 3546 3491 3493
f 3489 3547 3545
f 3544 3545 3603
f 3547 3489 3490
f 3487 3603 3543
f 3542 3543 3601
f 3603 3487 3544
f 3485 3601 3541
f 3483 3541 3539
f 3601 3485 3542
f 3481 3540 3597
f 3540 3481 3484
f 3540 3484 3483
f 3592 3473 3477
f 3592 3477 3476
f 3537 3590 3535
f 3590 9651 3474
f 3590 3474 3473
f 3534 9652 3644
f 3532 3530 3533
f 3532 3534 3644
f 3531 9653 3429
f 3699 9645 3426
f 3528 3319 3529
f 9310 9603 3377
f 9610 3526 3525
f 3472 3523 4096
f 3317 3150 2821
f 3464 9654 3687
f 3516 3519 3517
f 3518 3517 3519
f 3513 3423 3515
f 3423 3516 3515
f 3511 3461 3574
f 3461 3460 3574
f 3461 3511 3510
f 3570 3459 3509
f 3459 3510 3509
f 3566 3457 9648
f 3457 3570 9648
f 3456 9649 3454
f 3566 9649 3456
f 9649 3623 3454
f 3508 3454 3623
f 3454 3508 3455
f 3508 3564 3452
f 3507 3452 3564
f 3452 3507 3453
f 3507 3561 3450
f 3561 3506 3450
f 3450 3506 3451
f 3506 3504 3448
f 3505 3446 3449
f 3505 3449 3448
f 3446 3505 3502
f 3503 3501 3447
f 3503 3447 3446
f 3501 3503 3499
f 3500 3444 3404
f 3500 3404 3501
f 3444 3500 3497
f 3498 3442 3445
f 3497 3445 3444
f 3442 3498 3554
f 9650 9655 3443
f 3554 3443 3442
f 3495 9650 3496
f 3494 3496 3550
f 3494 3550 3548
f 3439 3548 3493
f 3548 3441 3494
f 3492 3493 3491
f 3490 3491 3547
f 3491 3394 3492
f 3436 3490 3489
f 3488 3489 3544
f 3490 3436 9656
f 3435 3544 3487
f 3486 3487 3542
f 3544 3435 3488
f 3433 3542 3485
f 3431 3485 3483
f 3542 3433 3486
f 3384 3484 3481
f 3484 3384 3432
f 3484 3432 3431
f 3482 3479 3381
f 3482 3381 3385
f 3482 3385 3384
f 3478 3480 3476
f 3475 3477 3473
f 1286 1216 1287
f 3536 3379 9651
f 3530 3326 3533
f 3430 3429 9653
f 3530 3429 3326
f 9645 3427 3426
f 9653 3426 3430
f 9657 3427 9645
f 3319 9646 3320
f 3529 9657 3527
f 3424 3586 3425
f 3424 3320 9646
f 3588 3583 3198
f 3588 3425 3586
f 3585 3198 3583
f 974 1015 42
f 1016 1065 45
f 3470 3471 3469
f 2822 3470 2823
f 2939 2940 3470
f 3578 3468 3148
f 3263 3264 3468
f 3263 3466 3260
f 9647 3316 3465
f 3316 3260 3466
f 1066 1067 48
f 9654 3464 3371
f 3372 3371 3464
f 3462 3422 3512
f 3422 3513 3512
f 3461 3421 3462
f 3510 3459 3458
f 3459 3570 3419
f 3457 3419 3570
f 3419 3457 3420
f 3457 3566 3416
f 3456 3416 3566
f 3416 3456 3417
f 3456 3454 3414
f 3455 3411 3363
f 3455 3363 3414
f 3411 3455 3452
f 3453 3409 3412
f 3453 3412 3411
f 3409 3453 3450
f 3410 3451 3407
f 3409 3451 3410
f 3407 3451 3448
f 3408 3449 3405
f 3407 3448 3408
f 3405 3449 3446
f 3447 3403 3406
f 3446 3406 3405
f 1068 1335 50
f 3403 3447 3501
f 3501 3404 3403
f 3401 3404 3444
f 3402 3445 3399
f 3401 3444 3402
f 3399 3445 3442
f 3443 9655 3400
f 3442 3400 3399
f 9655 9650 3495
f 3440 3495 3494
f 1336 1814 1337
f 3495 3440 9655
f 9658 3441 3439
f 3438 3439 3492
f 3439 3395 9658
f 9656 3394 3490
f 3492 3394 3438
f 3436 3392 9656
f 3488 3437 3436
f 9656 3392 3393
f 3390 3488 3435
f 3434 3435 3486
f 1815 1818 51
f 3488 3390 3437
f 3388 3486 3433
f 3386 3433 3431
f 3486 3388 3434
f 3432 3384 3387
f 3432 3387 3386
f 3480 3478 3382
f 3480 3382 3381
f 3477 3475 9659
f 3477 9659 3478
f 3474 9651 9660
f 3474 9660 3475
f 3326 3429 3428
f 3430 3426 3323
f 3427 9657 3321
f 1819 1888 54
f 3320 3424 3199
f 3265 3579 3147
f 3578 3147 3579
f 3316 9647 9661
f 9654 9662 9647
f 3519 3516 3368
f 3423 3368 3516
f 3368 3423 3369
f 3423 3513 3315
f 3422 3315 3513
f 3315 3422 3314
f 3422 3462 3366
f 3366 3462 3421
f 3366 3421 3367
f 3309 3458 3419
f 3418 3420 3416
f 3415 3417 3456
f 3363 3305 3308
f 3363 3307 3415
f 636 9663 637
f 3305 3363 3411
f 3412 3361 3413
f 3411 3413 3305
f 3361 3412 3409
f 3410 3360 3362
f 3409 3362 3361
f 3360 3410 3407
f 3408 3357 3359
f 3407 3359 3360
f 3357 3408 3405
f 3406 3354 3358
f 3405 3358 3357
f 3354 3406 3403
f 3404 3352 3355
f 3403 3355 3354
f 3352 3404 3401
f 3353 3402 3350
f 3352 3401 3353
f 3350 3402 3399
f 3400 9664 3351
f 3399 3351 3350
f 9664 3400 9655
f 3397 9655 3440
f 3349 3398 9658
f 9655 3397 9664
f 9658 3395 3346
f 3395 3438 3396
f 9658 3346 3349
f 3344 3438 3394
f 3393 3394 9656
f 3438 3344 3396
f 3343 3393 3392
f 3391 3392 3437
f 3393 3343 3283
f 3340 3437 3390
f 3389 3390 3434
f 3437 3340 3391
f 3335 3434 3388
f 3333 3388 3386
f 3434 3335 3389
f 3330 3387 3384
f 3387 3330 3334
f 3387 3334 3333
f 3383 3385 3381
f 3385 3383 3331
f 3385 3331 3330
f 3382 9665 3383
f 3475 9666 9659
f 3478 9659 9667
f 3328 9660 9651
f 3475 9660 9666
f 9651 3379 3328
f 3379 3272 9668
f 9668 3328 3379
f 3380 3533 3325
f 3533 3326 3325
f 3325 3272 3380
f 3428 3430 9669
f 3323 3427 3324
f 3323 9669 3430
f 3529 3322 3321
f 3321 3324 3427
f 3529 3321 9657
f 78 36 76
f 9670 7088 78
f 3270 3377 3056
f 3267 3054 3378
f 9617 9610 9671
f 3859 9617 9591
f 3525 3195 2513
f 3196 3376 2640
f 3376 3196 3918
f 9672 9673 35
f 9672 35 34
f 3524 9585 3373
f 6971 43 47
f 9306 41 6971
f 9306 83 41
f 46 6966 6971
f 6971 9307 9306
f 9306 9307 87
f 6963 15 3356
f 3264 3148 3468
f 6963 13 15
f 6963 6966 49
f 3259 3371 3256
f 3257 3372 9674
f 3256 3371 3257
f 3356 9307 6966
f 3356 9308 9307
f 9674 3519 3370
f 3519 3368 3370
f 3251 3314 3366
f 3367 3312 3252
f 3367 3252 3251
f 3312 3367 3364
f 3458 3309 3365
f 3458 3365 3364
f 3420 3418 3310
f 3420 3310 3309
f 3417 3307 9675
f 3417 9675 3418
f 3307 3417 3415
f 3306 3413 3245
f 3305 3413 3306
f 3245 3413 3361
f 3362 3300 3304
f 3361 3304 3245
f 3300 3362 3360
f 3295 3301 3359
f 3301 3300 3360
f 3295 3359 3357
f 3358 3290 3296
f 3357 3296 3295
f 3356 3347 89
f 3290 3358 3354
f 3355 3288 3291
f 3354 3291 3290
f 3288 3355 3352
f 3353 3286 3289
f 3352 3289 3288
f 3286 3353 3350
f 3351 9676 3287
f 3350 3287 3286
f 9676 3351 9664
f 9 3397 3349
f 3337 92 3347
f 3285 3349 3346
f 3345 3346 3396
f 3349 3285 9677
f 3282 3396 3344
f 3283 3344 3393
f 3396 3282 3345
f 3281 3283 3343
f 3342 3343 3391
f 3283 3281 3226
f 3279 3391 3340
f 3339 3340 3389
f 3336 94 3337
f 3391 3279 3342
f 3277 3389 3335
f 3275 3335 3333
f 3389 3277 3339
f 3332 3334 3330
f 3334 3332 3276
f 3334 3276 3275
f 3383 9678 3331
f 3331 9678 9679
f 3331 9679 3332
f 3383 9665 9678
f 9667 9659 3274
f 9659 9666 3274
f 9666 9660 3327
f 9660 3328 3327
f 9668 3329 3328
f 3209 3428 9680
f 3428 3209 3326
f 9669 3323 3206
f 55 6847 3341
f 3324 3321 3203
f 3341 9327 3336
f 3319 3201 3322
f 3336 9327 96
f 3425 3588 3197
f 3588 3198 3197
f 3585 3270 3269
f 6842 6847 58
f 9328 98 9327
f 60 6839 6842
f 9328 9327 6847
f 6842 9329 9328
f 9328 9329 100
f 6731 6839 64
f 9331 9329 6839
f 9331 103 9329
f 6730 6723 6725
f 6730 6725 6731
f 9347 9331 6731
f 9347 105 9331
f 6721 3297 3299
f 6720 3302 3297
f 3297 6721 6720
f 3150 3317 9618
f 6719 6721 6724
f 6724 6721 6725
f 3149 2990 2760
f 2991 2990 3265
f 6725 3299 9347
f 9347 3299 107
f 3148 3264 3050
f 3050 3264 3051
f 9661 3261 3316
f 3298 9353 9349
f 3261 9661 3258
f 9661 3259 3258
f 1592 3257 9674
f 9674 3370 1592
f 3369 3191 3255
f 3369 3255 3254
f 3191 3369 3315
f 3251 3192 3314
f 3192 3191 3314
f 3311 3252 3312
f 3189 3365 3309
f 3249 9675 3307
f 3308 3247 9681
f 3308 9681 3249
f 3247 3308 3305
f 3306 3245 3248
f 3306 3248 3247
f 3304 3243 3246
f 3243 3304 3300
f 3301 3239 3244
f 3300 3244 3243
f 3299 3298 9348
f 3239 3301 3295
f 3296 3237 3240
f 3295 3240 3239
f 3237 3296 3290
f 3291 3235 3238
f 3290 3238 3237
f 3235 3291 3288
f 3289 3233 3236
f 3288 3236 3235
f 3233 3289 3286
f 3287 9682 3234
f 3286 3234 3233
f 9682 3287 9676
f 9682 9676 9
f 3227 9677 3285
f 3284 3285 3345
f 9677 3227 3230
f 3345 3282 3284
f 3224 3226 3281
f 3280 3281 3342
f 3226 3224 3164
f 3342 3279 3278
f 3279 3339 3217
f 3342 3278 3280
f 3216 3339 3277
f 3214 3277 3275
f 3339 3216 3217
f 3332 9683 3276
f 3276 9683 3157
f 3276 3157 3214
f 3332 9679 9683
f 9665 9684 9678
f 9685 9684 9665
f 9667 3274 3273
f 3274 9666 3213
f 3327 3329 3210
f 3327 3213 9666
f 3329 9668 3271
f 9668 3272 3271
f 3325 3152 3272
f 3206 3324 3207
f 3206 3110 9669
f 3203 3322 3204
f 3203 3207 3324
f 3201 3320 3202
f 3201 3204 3322
f 3199 3425 3200
f 3199 3202 3320
f 3197 3200 3425
f 3198 3269 2994
f 132 9371 138
f 138 82 137
f 74 9686 78
f 137 81 84
f 79 77 76
f 9610 9562 9671
f 80 79 39
f 85 9391 86
f 3525 9562 9610
f 9392 88 87
f 88 80 83
f 2108 3052 4340
f 9687 9391 9392
f 9391 9394 144
f 91 9392 9308
f 6431 9394 9687
f 2870 9584 2029
f 6299 6431 90
f 9396 9394 6431
f 9396 148 9394
f 2821 3150 2759
f 2760 2759 3150
f 3242 6299 93
f 3147 2991 3265
f 3241 9396 6299
f 3260 3051 3263
f 3241 152 9396
f 3261 3258 3048
f 97 3231 3232
f 3256 3098 3101
f 9594 3942 9688
f 3101 3259 3256
f 3257 1592 1591
f 3256 1591 3098
f 95 97 3232
f 3193 3370 3254
f 3253 3192 3251
f 3252 9689 9690
f 3252 9690 3253
f 3313 3365 3189
f 3311 3313 9691
f 3310 9692 3190
f 3310 3190 3189
f 3249 3144 9693
f 9675 9693 9694
f 9693 9675 3249
f 9681 3186 3250
f 9681 3250 3249
f 3186 9681 3247
f 3248 3184 3187
f 3248 3187 3186
f 3184 3248 3245
f 3246 3182 3185
f 3246 3185 3184
f 3182 3246 3243
f 3183 3244 3179
f 3182 3243 3183
f 3232 156 3241
f 3179 3244 3239
f 3240 3177 3180
f 3239 3180 3179
f 3177 3240 3237
f 3238 3175 3178
f 3237 3178 3177
f 3175 3238 3235
f 3236 3172 3176
f 3235 3176 3175
f 3172 3236 3233
f 3172 3233 636
f 3231 3220 162
f 9663 9682 8
f 3171 8 3230
f 8 3171 9695
f 3227 3166 3230
f 3284 3228 3227
f 3230 3166 3229
f 3163 3284 3282
f 3163 3282 3226
f 3284 3163 3228
f 3223 3164 3224
f 3222 3224 3280
f 3219 163 3220
f 3278 3162 3280
f 3217 3162 3278
f 3280 3162 3222
f 3216 3218 3217
f 3214 3215 3216
f 3216 3160 3218
f 9679 3155 9683
f 9678 3155 9679
f 9684 9685 3153
f 3153 3273 3212
f 3273 3213 3212
f 3273 3153 9685
f 3211 3210 3329
f 6155 3225 101
f 9680 3112 3209
f 3110 3206 3205
f 9451 3219 3225
f 3207 3203 3107
f 9451 167 3219
f 3204 3201 3104
f 3202 3199 3102
f 6152 6155 104
f 9453 9451 6155
f 3269 3198 3585
f 3377 3054 3053
f 9453 171 9451
f 6018 9473 9454
f 6018 108 9473
f 9454 9474 178
f 9562 3525 2515
f 6018 6152 106
f 6015 180 9474
f 109 6015 9474
f 108 109 9473
f 108 107 9348
f 9696 181 6015
f 6014 9696 6015
f 9348 110 108
f 110 9348 9349
f 9696 9697 181
f 9698 9699 3294
f 9700 189 9697
f 113 9701 189
f 9702 9703 9704
f 2939 3318 2344
f 223 9705 141
f 142 146 143
f 145 140 86
f 146 150 147
f 144 149 145
f 150 154 151
f 3148 3050 2869
f 153 149 148
f 154 158 155
f 3100 3048 3258
f 3258 3101 3100
f 157 153 152
f 158 160 159
f 160 165 161
f 3181 157 156
f 3194 3193 3145
f 3255 3096 3146
f 3255 3146 3145
f 3096 3255 3191
f 3192 3253 3097
f 3192 3097 3096
f 3095 9690 9689
f 3188 9691 3189
f 3141 3143 3250
f 3143 3144 3250
f 3141 3250 3186
f 3142 3187 3139
f 3141 3187 3142
f 3139 3187 3184
f 3185 3137 3140
f 3185 3140 3139
f 3137 3185 3182
f 3183 3135 3138
f 3182 3138 3137
f 165 169 166
f 3135 3183 3179
f 3180 3133 3136
f 3179 3136 3135
f 169 175 170
f 3133 3180 3177
f 3178 3132 3134
f 3177 3134 3133
f 175 174 5858
f 3132 3178 3175
f 3176 3130 3131
f 3175 3131 3132
f 171 3174 172
f 3130 3176 3172
f 637 9706 638
f 3172 638 3130
f 174 3169 5858
f 9706 637 9695
f 3170 3171 3229
f 182 9707 3168
f 9695 3129 9706
f 3127 3229 3166
f 3165 3166 3228
f 3229 3127 3170
f 3228 3163 3125
f 2287 5735 2634
f 3228 3125 3165
f 3123 3223 3222
f 2101 2174 2824
f 3164 3223 3124
f 3120 3222 3162
f 3161 3162 3218
f 3222 3120 3123
f 3161 3218 3160
f 3159 3160 3215
f 3160 3064 3161
f 3159 3157 3118
f 3157 9683 3158
f 3157 3159 3215
f 3158 3155 3117
f 3155 9678 3156
f 3155 3158 9683
f 9684 3154 3156
f 3153 3154 9684
f 9684 3156 9678
f 3060 3212 3115
f 3212 3116 3115
f 3212 3060 3153
f 9708 3114 3113
f 3210 3114 9708
f 3114 3211 3151
f 3271 3152 3151
f 3058 3208 3111
f 3208 3112 3111
f 3208 3058 3152
f 3205 3207 2999
f 3107 3204 3108
f 3107 2999 3207
f 3104 3202 3105
f 3104 3108 3204
f 3102 3200 3103
f 3102 3105 3202
f 3197 3103 3200
f 3053 3056 3377
f 3267 2942 2941
f 2942 9671 2702
f 3523 3472 9709
f 2822 2824 3472
f 3470 2940 2823
f 2990 3149 3266
f 3047 3051 3262
f 3262 3048 3047
f 9710 3101 3098
f 9710 3098 2935
f 2988 1591 1590
f 1590 3194 2988
f 3046 3194 3145
f 9711 3097 3253
f 9712 9691 3092
f 3095 9689 9712
f 3190 3090 9713
f 3190 9713 3092
f 9714 3088 3091
f 9714 3091 3090
f 3088 9714 3144
f 3086 3089 3143
f 3089 3088 3143
f 3086 3143 3141
f 3142 3084 3087
f 3142 3087 3086
f 3084 3142 3139
f 3140 3082 3085
f 3140 3085 3084
f 3082 3140 3137
f 3138 3080 3083
f 3137 3083 3082
f 3080 3138 3135
f 3136 3078 3081
f 3135 3081 3080
f 3078 3136 3133
f 3079 3134 3076
f 3078 3133 3079
f 3076 3134 3132
f 3074 3077 3131
f 3077 3076 3132
f 3074 3131 3130
f 3075 638 9715
f 3074 3130 3075
f 9715 638 9706
f 3073 9706 3129
f 3128 3129 3170
f 9706 3073 9715
f 3071 3170 3127
f 3126 3127 3165
f 3170 3071 3128
f 3069 3165 3125
f 3124 3125 3164
f 3165 3069 3126
f 3122 3124 3223
f 3122 3223 3123
f 3124 3122 3068
f 3121 3123 3120
f 3119 3120 3161
f 3120 3066 3121
f 3065 3064 3159
f 3161 3064 3119
f 3158 3063 3118
f 3063 3117 3061
f 3117 3156 3062
f 3117 3063 3158
f 3062 3154 3059
f 3154 3060 3059
f 3154 3062 3156
f 3113 3008 3116
f 3003 9680 3109
f 9680 3110 3109
f 9680 3003 3112
f 3205 3001 3110
f 2999 3107 3106
f 3108 3104 2997
f 3105 3102 2995
f 3103 3197 9716
f 3197 2994 9716
f 3054 3267 2827
f 2636 2991 2868
f 3049 3048 3100
f 3101 9710 2938
f 3100 2938 2937
f 3099 2987 2935
f 3146 2985 3045
f 3146 3045 3046
f 2985 3146 3096
f 3097 9711 9717
f 3097 9717 2985
f 2984 9712 3092
f 9713 3043 3093
f 9713 3093 3092
f 3043 9713 3090
f 3091 3041 3044
f 3091 3044 3043
f 3041 3091 3088
f 3089 3039 3042
f 3089 3042 3041
f 3039 3089 3086
f 3040 3087 3037
f 3039 3087 3040
f 3037 3087 3084
f 3038 3085 3035
f 3037 3085 3038
f 3035 3085 3082
f 3083 3034 3036
f 3082 3036 3035
f 3034 3083 3080
f 3081 3031 3033
f 3080 3033 3034
f 3031 3081 3078
f 3079 3029 3032
f 3078 3032 3031
f 3029 3079 3076
f 3077 3027 3030
f 3076 3030 3029
f 3027 3077 3074
f 3075 9718 3028
f 3074 3028 3027
f 9718 3075 9715
f 3026 9715 3073
f 3072 3073 3128
f 9715 3026 9718
f 3024 3128 3071
f 3070 3071 3126
f 3128 3024 3072
f 3021 3126 3069
f 3068 3069 3124
f 3126 3021 3070
f 3020 3068 3122
f 3068 3020 3022
f 3121 3066 3018
f 3066 3119 3067
f 3121 3018 9719
f 3064 3016 3119
f 3118 3065 3159
f 3119 3016 3067
f 3118 3063 3013
f 3061 3014 3063
f 3059 3012 3062
f 3010 3115 9720
f 3115 3008 9720
f 3115 3010 3060
f 3004 3114 3057
f 3151 3058 3057
f 2944 3111 3002
f 3111 3003 3002
f 3111 2944 3058
f 2880 3106 3108
f 2997 3105 2877
f 2997 2880 3108
f 2995 3103 2996
f 2995 2877 3105
f 9716 2996 3103
f 2994 9721 2874
f 3269 3056 9721
f 3053 2828 3056
f 2941 2827 3267
f 2513 2515 3525
f 3196 2640 2514
f 9585 3524 2105
f 2105 3524 3523
f 2760 2992 2635
f 2992 2636 2635
f 2819 2869 3050
f 3051 3047 2820
f 3050 2820 2819
f 3100 2937 3049
f 2934 2938 9710
f 2934 9710 2935
f 3046 2933 2989
f 2931 9717 9722
f 9723 9724 2864
f 9712 2984 3094
f 3094 9725 2864
f 3093 2981 2983
f 3093 2983 2984
f 2981 3093 3043
f 3044 2979 2982
f 3044 2982 2981
f 2979 3044 3041
f 3042 2977 2980
f 3042 2980 2979
f 2977 3042 3039
f 3040 2975 2978
f 3040 2978 2977
f 2975 3040 3037
f 3038 2973 2976
f 3038 2976 2975
f 2973 3038 3035
f 3036 2971 2974
f 3035 2974 2973
f 2971 3036 3034
f 2970 2972 3033
f 2972 2971 3034
f 2970 3033 3031
f 3032 2967 2969
f 3031 2969 2970
f 2967 3032 3029
f 3030 2965 2968
f 3029 2968 2967
f 2965 3030 3027
f 3028 9726 2966
f 3027 2966 2965
f 9726 3028 9718
f 3025 3026 3072
f 2962 3072 3024
f 3023 3024 3070
f 3072 2962 3025
f 3021 2959 3070
f 3068 3022 3021
f 3070 2959 3023
f 3019 3022 3020
f 2957 3020 9719
f 3022 3019 2960
f 2956 9719 3018
f 3017 3018 3067
f 9719 2956 2957
f 2953 3067 3016
f 3015 3016 3065
f 3067 2953 3017
f 3015 3013 2951
f 3013 3015 3065
f 3014 3061 3011
f 3061 3012 3011
f 2949 3059 3009
f 3059 3010 3009
f 3059 2949 3012
f 2948 9720 3007
f 9720 3008 3007
f 9720 2948 3010
f 3006 2946 3008
f 3005 2943 9727
f 3057 2944 2943
f 3057 3005 3004
f 2886 3109 3000
f 3109 3001 3000
f 3109 2886 3003
f 2883 3205 2998
f 3205 2999 2998
f 3205 2883 3001
f 3106 2882 2999
f 2877 2995 2875
f 2996 9716 2993
f 9716 2994 2993
f 3055 2874 9721
f 9562 2703 2702
f 9562 2702 9671
f 2987 3099 2988
f 9728 2989 2933
f 2987 2989 9728
f 2 3045 3
f 2933 3045 2
f 3 3045 2985
f 9717 2931 2866
f 2986 2866 3
f 2929 9725 2984
f 2927 2930 2983
f 2930 2929 2983
f 2927 2983 2981
f 2982 2925 2928
f 2982 2928 2927
f 2925 2982 2979
f 2980 2923 2926
f 2980 2926 2925
f 2923 2980 2977
f 2978 2922 2924
f 2978 2924 2923
f 2922 2978 2975
f 2976 2919 2855
f 2976 2855 2922
f 2919 2976 2973
f 2974 2917 2920
f 2973 2920 2919
f 2917 2974 2971
f 2972 2915 2918
f 2971 2918 2917
f 2915 2972 2970
f 2913 2916 2969
f 2916 2915 2970
f 2913 2969 2967
f 2968 2912 2914
f 2967 2914 2913
f 2912 2968 2965
f 2911 2966 9729
f 2912 2965 2911
f 9729 2966 9726
f 2963 9726 2964
f 2910 2964 3025
f 9726 2963 9729
f 2909 3025 2962
f 2961 2962 3023
f 3025 2909 2910
f 2959 2908 3023
f 3022 2960 2959
f 3023 2908 2961
f 3019 2906 2960
f 2957 2906 3019
f 2960 2906 2907
f 2904 2957 2956
f 2955 2956 3017
f 2957 2904 2958
f 3017 2953 2900
f 2953 3015 2954
f 3017 2900 2955
f 2954 2951 2898
f 2951 3014 2952
f 2951 2954 3015
f 3011 2950 2952
f 2949 2950 3011
f 3011 2952 3014
f 2897 3009 2947
f 3009 2948 2947
f 3009 2897 2949
f 2895 3007 2945
f 3007 2946 2945
f 3007 2895 2948
f 2893 3006 2891
f 3006 3005 2891
f 3006 2893 2946
f 9727 2891 3005
f 3002 2885 2889
f 2886 2885 3002
f 3002 2889 2944
f 3106 2879 2882
f 2880 2879 3106
f 2876 2880 2997
f 2875 2996 2763
f 2875 2878 2877
f 2993 2763 2996
f 2874 3055 2761
f 2828 3053 9730
f 3053 2827 9730
f 2827 2941 2826
f 3917 2289 1891
f 2637 3374 2638
f 9585 2104 3374
f 2821 2344 3318
f 2578 2869 2819
f 2817 2820 3047
f 3047 2818 2817
f 2757 2938 2934
f 2935 2867 2936
f 2813 9728 2933
f 2811 2866 2931
f 9725 2862 2865
f 9725 2865 2864
f 2862 9725 2929
f 2930 2860 2863
f 2930 2863 2862
f 2860 2930 2927
f 2928 2858 2861
f 2928 2861 2860
f 2858 2928 2925
f 2926 2856 2859
f 2926 2859 2858
f 2856 2926 2923
f 2924 2854 2857
f 2924 2857 2856
f 2854 2924 2922
f 2921 2855 2919
f 2920 2853 2921
f 2853 2920 2917
f 2918 2851 2852
f 2917 2852 2853
f 2851 2918 2915
f 2916 9731 2850
f 2915 2850 2851
f 9731 2916 2913
f 2914 2848 2849
f 2913 2849 9731
f 2848 2914 2912
f 2847 2846 2911
f 2846 2848 2912
f 2847 2911 9729
f 2845 9729 2963
f 2845 2963 2910
f 9729 2845 2847
f 2843 2910 2909
f 2125 2909 2961
f 2910 2843 2842
f 2841 2961 2908
f 2907 2908 2960
f 2961 2841 2125
f 2905 2906 2958
f 2903 2958 2904
f 2902 2904 2955
f 2958 2903 2905
f 2900 2838 2955
f 2954 2901 2900
f 2955 2838 2902
f 2898 2835 2901
f 2952 2899 2898
f 2898 2901 2954
f 2899 2950 2896
f 2950 2897 2896
f 2950 2899 2952
f 2833 2947 2894
f 2947 2895 2894
f 2947 2833 2897
f 2829 2832 2945
f 2829 2945 2893
f 2945 2832 2895
f 9325 9732 9346
f 2891 2830 2893
f 2892 9727 2888
f 9727 2889 2888
f 9727 2892 2891
f 2885 2890 2889
f 3000 2884 2887
f 2883 2884 3000
f 3000 2887 2886
f 2768 2998 2881
f 2998 2882 2881
f 2998 2768 2883
f 2879 2767 2882
f 2876 2765 2880
f 2878 2875 2708
f 2763 2993 2873
f 2993 2874 2873
f 2706 2761 3055
f 2234 2235 2871
f 2341 2760 2635
f 2937 2757 2756
f 9733 2757 2934
f 2934 2936 9733
f 2815 2936 2867
f 9728 2813 2816
f 9728 2816 2867
f 2814 1 2755
f 2813 1 2814
f 2753 1 3
f 2866 2696 2753
f 2696 2754 2753
f 9723 2809 2932
f 2809 9723 2864
f 2865 2807 2810
f 2865 2810 2809
f 2807 2865 2862
f 2863 2805 2808
f 2863 2808 2807
f 2805 2863 2860
f 2806 2861 2803
f 2805 2861 2806
f 2803 2861 2858
f 2859 2801 2804
f 2859 2804 2803
f 2801 2859 2856
f 2857 2799 2802
f 2857 2802 2801
f 2799 2857 2854
f 2855 2797 2800
f 2854 2800 2799
f 2797 2855 2921
f 2853 2796 2798
f 2921 2798 2797
f 2798 2921 2853
f 2795 2796 2852
f 2795 2852 2851
f 2793 2794 2850
f 2794 2795 2851
f 2793 2850 9731
f 9731 2792 2793
f 2792 9731 2849
f 2791 2849 2848
f 2790 2848 2846
f 2790 2846 2789
f 2788 2844 2842
f 2788 2842 2787
f 2843 2125 2124
f 2843 2124 2787
f 2785 2125 2841
f 2786 2841 2907
f 2125 2785 2126
f 2840 2839 2905
f 2905 2783 2840
f 2786 2840 2727
f 2783 2905 2903
f 2784 2903 2902
f 2903 2784 2783
f 2782 2902 2838
f 2837 2838 2901
f 2902 2782 2784
f 2837 2835 2779
f 2835 2899 2836
f 2835 2837 2901
f 2896 2834 2836
f 2833 2834 2896
f 2896 2836 2899
f 2778 2894 2831
f 2894 2832 2831
f 2894 2778 2833
f 2776 2829 9734
f 2829 2773 9734
f 2829 2776 2832
f 2773 2830 9735
f 2830 2892 9735
f 2892 2888 9736
f 2888 9737 9736
f 2890 2885 2770
f 2885 2887 2770
f 2767 2879 2764
f 2879 2765 2764
f 2765 2876 2878
f 2762 2708 2875
f 2873 2642 2763
f 2706 3055 2828
f 2579 2704 9730
f 2579 9730 2827
f 9730 2704 2828
f 2941 2702 2826
f 2513 3196 2514
f 2030 2870 2029
f 2824 9709 3472
f 2820 2817 2575
f 2818 2756 2633
f 9733 2936 2815
f 2698 2816 2813
f 2812 2932 2751
f 2811 2932 2812
f 2751 2932 2809
f 2810 2749 2752
f 2810 2752 2751
f 2749 2810 2807
f 2808 2747 2750
f 2808 2750 2749
f 2747 2808 2805
f 2806 2745 2748
f 2806 2748 2747
f 2745 2806 2803
f 2746 2804 2744
f 2745 2804 2746
f 2744 2804 2801
f 2802 2742 2687
f 2802 2687 2744
f 2742 2802 2799
f 2178 2238 1961
f 2800 9738 2743
f 2799 2743 2742
f 9738 2800 2797
f 2798 2739 2740
f 2797 2740 9738
f 2739 2798 2796
f 2796 2738 2739
f 2737 2796 2795
f 2736 2795 2794
f 2736 2794 2735
f 2734 2793 2792
f 2734 2792 2733
f 2732 2791 2790
f 2732 2790 2731
f 2730 2789 2788
f 2730 2788 2728
f 2126 2725 2729
f 2124 2729 2787
f 2785 2727 2726
f 2785 2726 2126
f 2840 2783 2724
f 2840 2724 2727
f 2784 2720 2723
f 2783 2723 2722
f 2721 2784 2782
f 2781 2782 2837
f 2784 2721 2720
f 2781 2779 2718
f 2779 2836 2780
f 2779 2781 2837
f 2780 2834 2777
f 2834 2778 2777
f 2834 2780 2836
f 2775 2717 2831
f 2775 2831 2776
f 2831 2717 2778
f 2715 9734 2772
f 9734 2773 2772
f 9734 2715 2776
f 2774 9735 2713
f 9735 9736 2713
f 9735 2774 2773
f 9736 9735 2892
f 2712 2710 2709
f 2770 2710 2712
f 2770 2712 2890
f 2768 2769 2884
f 2648 2881 2766
f 2881 2767 2766
f 2881 2648 2768
f 2764 2646 2767
f 2878 2643 2765
f 2873 2761 2581
f 3917 1890 2458
f 2029 9584 9739
f 2510 2512 9584
f 2510 4045 2511
f 2639 4045 2637
f 2342 2759 2340
f 2759 2341 2340
f 2632 2575 2817
f 2633 2632 2817
f 2757 9733 2758
f 9740 2700 9741
f 8461 8299 8297
f 2701 2816 2698
f 2700 2816 2701
f 2699 2814 2630
f 2698 2814 2699
f 2812 2694 2697
f 2812 2697 2696
f 2694 2812 2751
f 2752 2692 2695
f 2752 2695 2694
f 2692 2752 2749
f 2693 2750 2690
f 2692 2750 2693
f 2690 2750 2747
f 2691 2748 2688
f 2690 2748 2691
f 2688 2748 2745
f 2746 2686 2689
f 2746 2689 2688
f 2686 2746 2744
f 2741 2687 2742
f 2741 2743 2684
f 2684 2743 9738
f 2684 9738 2683
f 2683 9738 2740
f 2682 2740 2739
f 2681 2739 2738
f 2681 2738 2680
f 2679 2737 2736
f 2679 2735 2678
f 2677 2735 2734
f 2677 2734 2676
f 2675 2733 2732
f 2675 2731 2674
f 2672 2731 2730
f 2672 2730 2673
f 2729 2666 2671
f 2729 2671 2728
f 2726 2668 2667
f 2726 2667 2725
f 2724 2663 2665
f 2724 2665 2668
f 2723 2661 2664
f 2723 2664 2722
f 2721 2781 2660
f 2721 2660 2662
f 2720 2662 2661
f 2660 2718 2659
f 2718 2780 2719
f 2718 2660 2781
f 2719 2777 2716
f 2777 2717 2716
f 2777 2719 2780
f 2658 2775 2714
f 2775 2715 2714
f 2775 2658 2717
f 2656 2772 2654
f 2772 2774 2654
f 2772 2656 2715
f 2774 2713 2589
f 2589 2654 2774
f 2653 9736 2711
f 9736 9737 2711
f 9736 2653 2713
f 382 383 385
f 385 457 382
f 2709 2650 2712
f 2769 2647 2710
f 2646 2764 2644
f 2764 2643 2644
f 2643 2878 2707
f 2878 2708 2707
f 2762 2583 2708
f 2581 2642 2873
f 2704 1962 2705
f 2579 1962 2704
f 2407 2826 2702
f 2105 2104 9585
f 2574 2578 2819
f 2819 2575 2574
f 9742 2633 2756
f 2756 2758 9742
f 9740 2758 9733
f 2572 9741 2700
f 2570 2701 2698
f 2568 2754 2628
f 2630 2754 2631
f 2628 2754 2696
f 2697 2626 2629
f 2697 2629 2628
f 2626 2697 2694
f 2695 2624 2627
f 2695 2627 2626
f 2624 2695 2692
f 2625 2693 2623
f 2624 2693 2625
f 2623 2693 2690
f 2691 2620 2622
f 2691 2622 2623
f 2620 2691 2688
f 9743 2689 2686
f 2687 2618 2619
f 2686 2619 9743
f 2618 2687 2741
f 2741 2685 2618
f 2685 2741 2684
f 2617 2684 2683
f 2617 2683 2616
f 2615 2682 2681
f 2615 2681 2614
f 2613 2680 2679
f 2613 2678 2612
f 2611 2678 2677
f 2611 2677 2610
f 2609 2676 2675
f 2609 2674 2608
f 2607 2674 2672
f 2607 2672 2605
f 2671 2602 2606
f 187 2670 2669
f 2667 2604 2603
f 2667 2603 2666
f 2665 2597 2601
f 2665 2601 2604
f 2664 2600 2599
f 2664 2599 2663
f 1084 1038 1085
f 2662 2595 2661
f 2659 2719 2593
f 2593 2594 2659
f 2594 2596 2659
f 2592 2593 2716
f 2592 2716 2658
f 2716 2593 2719
f 2657 2714 2655
f 2714 2656 2655
f 2714 2657 2658
f 2654 2588 2591
f 2654 2591 2656
f 2589 2653 2652
f 2587 2711 2649
f 2711 2650 2649
f 2711 2587 2653
f 2651 2709 9744
f 2709 2647 9744
f 2709 2651 2650
f 2647 2585 9744
f 2585 2766 2645
f 2766 2646 2645
f 2766 2585 2648
f 2644 2521 2646
f 2707 2519 2643
f 2583 2762 2582
f 2762 2642 2582
f 2581 2580 2642
f 2579 2826 1960
f 2407 2703 2347
f 2104 2638 3374
f 2823 2940 2343
f 2343 2940 2344
f 5735 2341 2635
f 2634 2636 2577
f 5735 2635 2634
f 2456 2575 2632
f 2633 9742 2457
f 2632 2457 2456
f 2701 2570 2573
f 2701 2573 2572
f 2699 2506 2571
f 2699 2571 2570
f 2506 2699 2630
f 2568 2631 2754
f 2569 2629 2566
f 2568 2629 2569
f 2566 2629 2626
f 2627 2564 2567
f 2627 2567 2566
f 2564 2627 2624
f 2625 2562 2565
f 2625 2565 2564
f 2562 2625 2623
f 2621 2563 2622
f 2563 2562 2622
f 2621 2622 2620
f 9688 9588 9578
f 2558 9743 2619
f 2557 2619 2618
f 2556 2618 2685
f 2556 2685 2555
f 2555 2685 2617
f 2555 2617 2554
f 2553 2616 2615
f 2553 2615 2552
f 2551 2614 2613
f 2551 2612 2548
f 2547 2612 2611
f 2547 2611 2546
f 2545 2610 2609
f 2545 2608 2543
f 2542 2608 2607
f 2542 2607 2540
f 2606 2537 2541
f 2606 2541 2605
f 2603 2539 2538
f 2603 2538 2602
f 2601 2536 2535
f 2601 2535 2539
f 2599 2598 2534
f 2599 2534 2597
f 2596 654 2533
f 654 2594 2531
f 2594 2593 2530
f 2594 654 2596
f 2657 9745 2529
f 2657 2529 2592
f 2529 2530 2592
f 9745 2655 2590
f 2655 2591 2590
f 2655 9745 2657
f 2588 2465 2591
f 2527 2652 2586
f 2652 2587 2586
f 2652 2527 2589
f 2525 2649 9746
f 2649 2651 9746
f 2649 2525 2587
f 2651 9744 9747
f 9747 9746 2651
f 9747 9744 2584
f 9744 2585 2584
f 2523 2645 2520
f 2645 2521 2520
f 2645 2523 2585
f 2521 2644 2518
f 2644 2519 2518
f 2519 2707 2516
f 2707 2583 2516
f 2582 2517 2583
f 2581 2706 2459
f 2705 2459 2706
f 1960 2826 2407
f 3582 2175 2825
f 1678 2029 9739
f 6271 9429 6272
f 2105 9709 2102
f 2028 2102 9709
f 2344 2342 2232
f 2338 2634 2577
f 2578 2574 2339
f 2577 2339 2338
f 2575 2456 2576
f 2509 2572 2452
f 2508 9741 2509
f 2509 9741 2572
f 2450 2573 2570
f 2631 2503 2507
f 2631 2507 2506
f 2503 2631 2568
f 2569 2500 2504
f 2569 2504 2503
f 2500 2569 2566
f 2567 2498 2501
f 2567 2501 2500
f 2498 2567 2564
f 2565 2497 2499
f 2565 2499 2498
f 2497 2565 2562
f 2563 9748 2497
f 9748 2563 2621
f 2621 2560 9748
f 2560 2621 2561
f 2559 2561 2558
f 2494 2557 2556
f 2494 2556 2493
f 2492 2555 2491
f 2490 2554 2553
f 2490 2553 2489
f 2550 2552 2551
f 2550 2548 2487
f 2549 2548 2547
f 2549 2547 2485
f 2544 2546 2545
f 2544 2543 2483
f 2482 2543 2542
f 2482 2542 2480
f 2541 2477 2481
f 2541 2481 2540
f 2538 2478 2479
f 2538 2479 2537
f 2535 2476 2475
f 2535 2475 2478
f 2534 2470 2473
f 2534 2476 2536
f 2533 653 2532
f 653 2471 2532
f 2531 2468 2469
f 2531 2469 654
f 2466 9745 9749
f 9745 2466 2529
f 2466 2468 2529
f 2590 2464 9749
f 2465 2464 2590
f 2590 9749 9745
f 2588 2528 2465
f 2527 2528 2588
f 2586 2526 2414
f 2525 2526 2586
f 2586 2414 2527
f 9746 2413 2525
f 9747 9750 2411
f 9751 9752 266
f 9747 2411 9746
f 9750 2584 2522
f 2584 2523 2522
f 2584 9750 9747
f 2524 2520 2462
f 2520 2463 2462
f 2520 2524 2523
f 2463 2518 2113
f 2518 2463 2521
f 2516 2113 2519
f 2580 2349 2461
f 2349 2460 2293
f 2705 2460 2459
f 1961 2409 1962
f 2347 2406 2407
f 2109 2108 9577
f 4115 4559 4561
f 3917 1891 1890
f 9739 9584 2512
f 2639 2511 4045
f 2511 2639 9753
f 9754 2639 2638
f 2282 2576 2456
f 2456 2283 2282
f 2453 2455 2508
f 2509 2452 2454
f 2509 2454 2453
f 2573 2450 2335
f 2573 2335 2452
f 2571 2404 2279
f 2571 2279 2450
f 2505 2571 2506
f 2505 2507 2448
f 2448 2507 2503
f 2504 2502 2449
f 2504 2449 2448
f 2502 2504 2500
f 2501 2446 2502
f 2446 2501 2498
f 2447 2499 2444
f 2446 2499 2447
f 2444 2499 2497
f 9755 9748 2560
f 2443 2560 2559
f 2443 2559 2496
f 2495 2496 2494
f 2442 2494 2441
f 2440 2493 2492
f 2440 2492 2439
f 2438 2491 2490
f 2438 2490 2437
f 2488 2489 2550
f 2488 2550 2487
f 2486 2487 2549
f 2486 2549 2485
f 2484 2485 2544
f 2484 2544 2483
f 2430 2483 2482
f 2430 2482 2427
f 2481 2424 2429
f 2481 2429 2480
f 2479 2426 2425
f 2479 2425 2477
f 2475 2472 2474
f 2475 2474 2426
f 2473 2421 2472
f 2473 2472 2476
f 2471 2419 2422
f 2471 2422 2470
f 2469 2467 2420
f 2469 2420 652
f 2418 9756 9749
f 9749 9756 2466
f 9756 2467 2466
f 2418 2464 2416
f 2464 2417 2416
f 2464 2418 9749
f 2417 2528 2415
f 2528 2414 2415
f 2528 2417 2465
f 2412 2414 2526
f 2412 2526 2413
f 2413 9746 2410
f 9746 2411 2410
f 9757 2411 9750
f 2522 9758 9757
f 2524 9758 2522
f 2522 9757 9750
f 9758 2462 9759
f 2462 2352 2354
f 2462 9758 2524
f 2113 2352 2463
f 2114 2517 2351
f 2461 2351 2517
f 2347 2515 2346
f 2110 2345 2514
f 2108 2031 2641
f 2031 2236 2641
f 9739 2512 1812
f 1813 2512 2511
f 9709 2824 2028
f 2231 2341 5735
f 5735 2287 2100
f 2288 2338 2285
f 2286 2339 2574
f 2286 2574 2576
f 2457 2336 2283
f 2405 2455 2453
f 2451 2454 2452
f 2404 2571 2505
f 2505 2401 9760
f 2505 9760 2404
f 2401 2505 2448
f 2449 9761 2402
f 2449 2402 2401
f 9761 2449 2502
f 2502 2400 9761
f 2400 2502 2446
f 2331 2447 2398
f 2400 2447 2331
f 2398 2447 2444
f 2445 9762 2399
f 2444 2399 2398
f 9762 2445 9755
f 9762 9755 2397
f 2396 2443 2495
f 2396 2495 2395
f 2395 2495 2442
f 2395 2442 2394
f 2393 2441 2440
f 2393 2440 2391
f 2390 2439 2438
f 2390 2438 2388
f 2436 2437 2488
f 2436 2488 2435
f 2434 2435 2486
f 2434 2486 2433
f 2432 2433 2484
f 2432 2484 2431
f 2428 2431 2430
f 2429 2378 2381
f 2429 2381 2427
f 2425 2380 2379
f 2425 2379 2424
f 2474 2472 2377
f 2474 2377 2380
f 2419 2366 2370
f 2422 2370 2421
f 2419 2367 2366
f 9756 2364 9763
f 2418 2364 9756
f 9756 9763 2467
f 2416 2363 2418
f 2415 2360 2361
f 2415 2361 2417
f 2359 2412 2357
f 2412 2359 2414
f 2358 2410 2300
f 2410 2358 2413
f 9757 2355 2356
f 9757 2356 2411
f 9758 9764 9757
f 2354 9759 2462
f 2112 2114 2295
f 1545 1473 1547
f 2293 2460 2239
f 1961 2238 2409
f 2110 2236 2034
f 2032 2031 2108
f 9620 3724 3830
f 2638 2104 9765
f 9765 2104 2106
f 2284 2576 2282
f 2282 2229 2284
f 2281 2454 2451
f 2405 2454 2281
f 2335 9766 2451
f 2280 2279 2404
f 9760 2403 2278
f 9760 2278 2404
f 2403 9760 2401
f 2402 2333 2334
f 2402 2334 2403
f 2333 9761 2276
f 2276 9761 2400
f 2375 2260 2312
f 2375 2373 2376
f 2399 9767 2332
f 2398 2332 2331
f 9767 2399 9762
f 9762 2330 9767
f 2330 9762 2397
f 2329 2397 2396
f 2329 2396 2327
f 2324 2394 2393
f 2324 2393 2322
f 2392 2391 2390
f 2392 2390 2389
f 2387 2388 2436
f 2387 2436 2386
f 3230 8 7
f 2385 2386 2434
f 2385 2434 2384
f 2383 2384 2432
f 2383 2432 2382
f 2315 2382 2428
f 2315 2428 2313
f 2381 2314 2313
f 2381 2313 2428
f 2379 2312 2310
f 2379 2310 2378
f 2377 2373 2375
f 2377 2375 2312
f 2368 2308 2372
f 2368 2372 2371
f 2366 2307 2369
f 2370 2369 2368
f 2306 2367 9768
f 9768 2252 2306
f 2366 2306 2307
f 2252 2365 2305
f 2365 2252 9768
f 2303 2362 2302
f 2360 2247 2304
f 2359 2360 2415
f 2301 2357 2299
f 2358 2357 2412
f 2356 2300 2410
f 2354 2182 9759
f 2112 2353 2352
f 2292 2291 2351
f 1287 1350 1349
f 2101 2823 2343
f 2287 2634 2288
f 2285 2339 2286
f 2284 2286 2576
f 2230 2283 2336
f 2337 2228 2170
f 2337 2170 2230
f 2228 2337 2405
f 2405 2281 2228
f 2168 2281 2451
f 2451 9766 2168
f 2223 2278 2403
f 2403 2334 2223
f 9761 2333 2402
f 2221 2333 2276
f 2277 2276 2331
f 2332 2216 2277
f 2217 2332 9767
f 9767 2214 2217
f 2214 9767 2330
f 2275 2330 2329
f 2275 2329 2274
f 2328 2327 2325
f 2328 2325 2273
f 2326 2325 2324
f 2326 2324 2272
f 2323 2322 2392
f 2323 2392 9769
f 2321 2389 2387
f 2321 2387 2320
f 2319 2320 2385
f 2319 2385 2318
f 2316 2318 2383
f 2316 2383 2317
f 2266 2317 2315
f 2266 2315 2262
f 1450 9770 1667
f 2310 2311 2314
f 2376 2309 2261
f 9250 2372 2255
f 2372 2308 2255
f 9250 2255 2257
f 2253 2308 2369
f 2253 2369 2307
f 2308 2253 2256
f 2252 2251 2306
f 2307 2251 2254
f 2249 2305 2248
f 2303 2305 2365
f 2246 2302 2245
f 2304 2302 2362
f 2301 2247 2360
f 2299 2185 2242
f 2824 2174 2028
f 2101 2824 2823
f 2098 2288 2023
f 2173 2286 2284
f 9766 2226 2227
f 2166 2226 2280
f 2224 2223 2334
f 2334 2221 2224
f 2220 2219 2277
f 2277 2216 2220
f 2216 2332 2217
f 2218 2217 2214
f 2212 2215 2275
f 2212 2275 2274
f 2274 2210 2213
f 2210 2274 2328
f 2210 2328 2273
f 2273 2208 2211
f 2208 2273 2326
f 2208 2326 2272
f 2206 2209 2272
f 2206 2272 2323
f 2206 2323 9769
f 2271 2204 2207
f 2204 9769 2321
f 2204 2321 2270
f 2269 2270 2319
f 2269 2319 2268
f 2267 2268 2316
f 2267 2316 2266
f 2202 2264 2201
f 1885 1809 1742
f 2258 2200 2263
f 2265 2263 2262
f 2261 2199 2259
f 2261 2259 2258
f 2197 2199 2309
f 2197 2309 2257
f 2199 2197 2137
f 2196 2195 2256
f 2257 2195 2198
f 2193 2194 2254
f 2256 2194 2196
f 2249 2191 2250
f 2254 2250 2193
f 2191 2248 2190
f 2246 2248 2305
f 2187 2188 2245
f 2247 2245 2302
f 2242 2189 2247
f 2184 2121 2186
f 2243 2185 2299
f 9765 9754 2638
f 2103 2106 2102
f 2228 2091 2169
f 2166 2088 2225
f 2167 2166 2223
f 2223 2164 2167
f 2165 2164 2224
f 2224 2162 2165
f 2163 2162 2222
f 2222 2160 2163
f 2161 2160 2220
f 2161 2220 2158
f 2159 2158 2218
f 2218 2156 2159
f 2157 2156 2215
f 2215 2154 2157
f 2155 2154 2213
f 2213 2152 2155
f 2153 2152 2211
f 2211 2150 2153
f 2151 2150 2209
f 2209 2148 2151
f 2149 2148 2207
f 2207 2146 2149
f 2147 2146 2205
f 2205 2144 2147
f 2144 2205 2269
f 2144 2269 2203
f 2145 2203 2142
f 2142 2203 2267
f 2142 2267 2202
f 2202 2140 2143
f 2140 2202 2201
f 2138 2201 2263
f 2138 2263 2200
f 2201 2138 2141
f 2136 2200 2259
f 2136 2259 2199
f 2200 2136 2139
f 2135 2134 2198
f 2137 2134 2059
f 2133 2132 2196
f 2198 2132 2135
f 2130 2131 2193
f 2196 2131 2133
f 2192 2129 2130
f 2191 2192 2250
f 2127 2128 2190
f 2188 2190 2248
f 2046 2123 2187
f 2189 2187 2245
f 2184 2122 2189
f 1813 1812 2512
f 2168 2090 2092
f 2018 2090 2227
f 2015 2018 2225
f 2225 2088 2015
f 2089 2088 2167
f 2167 2086 2089
f 2087 2086 2165
f 2165 2084 2087
f 2085 2084 2163
f 2082 2085 2163
f 2083 2082 2161
f 2080 2083 2161
f 2081 2080 2159
f 2078 2081 2159
f 2079 2078 2157
f 2079 2157 2076
f 2077 2076 2155
f 2155 2074 2077
f 2075 2074 2153
f 2153 2072 2075
f 2073 2072 2151
f 2073 2151 2070
f 2071 2070 2149
f 2149 2068 2071
f 2069 2068 2147
f 2147 2066 2069
f 2067 2066 2145
f 2067 2145 2064
f 2065 2064 2143
f 2143 2062 2065
f 2063 2062 2141
f 2931 9722 9723
f 2061 2060 2139
f 2141 2060 2063
f 2059 2058 2137
f 2139 2058 2061
f 2057 2056 2135
f 2059 2056 1986
f 2054 2133 2055
f 2135 2054 2057
f 2130 2052 2053
f 2133 2053 2055
f 2052 2129 2051
f 2128 2129 2192
f 2049 2050 2127
f 2123 2127 2190
f 2048 2046 2045
f 2122 2046 2187
f 2122 2186 2044
f 1953 2092 1950
f 2017 2090 2018
f 2019 2018 2015
f 2016 2015 2089
f 2089 2013 2016
f 2014 2013 2087
f 2087 2011 2014
f 2012 2011 2085
f 2085 2009 2012
f 2010 2009 2083
f 2083 2007 2010
f 2008 2007 2081
f 2081 2005 2008
f 2006 2005 2079
f 2079 2003 2006
f 2004 2003 2077
f 2077 2001 2004
f 2002 2001 2075
f 2075 1999 2002
f 2000 1999 2073
f 2000 2073 1997
f 1998 1997 2071
f 2071 1995 1998
f 1996 1995 2069
f 2069 1993 1996
f 1994 1993 2067
f 1994 2067 1991
f 1992 1991 2065
f 2065 1989 1992
f 1990 1989 2063
f 1988 1987 2061
f 2063 1987 1990
f 1986 1985 2059
f 2061 1985 1988
f 1984 2057 1983
f 1986 1984 1918
f 1982 1981 2055
f 2057 1981 1983
f 1980 1979 2052
f 2055 1979 1982
f 1980 2051 1912
f 2050 2051 2129
f 1977 2049 1976
f 2048 2049 2127
f 1975 2045 1973
f 1973 2044 1906
f 2047 2044 2186
f 1951 1950 2017
f 2017 1949 1951
f 2019 1947 1949
f 1948 1947 2016
f 2016 1945 1948
f 1946 1945 2014
f 2014 1943 1946
f 1944 1943 2012
f 2012 1941 1944
f 1942 1941 2010
f 2010 1939 1942
f 1940 1939 2008
f 1940 2008 1937
f 9727 2943 2889
f 1938 1937 2006
f 2006 1935 1938
f 1936 1935 2004
f 1933 1936 2004
f 1934 1933 2002
f 2002 1931 1934
f 1932 1931 2000
f 2000 1929 1932
f 1930 1929 1998
f 1998 1927 1930
f 1928 1927 1996
f 1996 1925 1928
f 1926 1925 1994
f 1994 1923 1926
f 1924 1923 1992
f 1992 1921 1924
f 1922 1921 1990
f 1920 1919 1988
f 1990 1919 1922
f 1918 1917 1986
f 1988 1917 1920
f 1983 1915 1916
f 1918 1916 1845
f 1911 1914 1982
f 1983 1914 1915
f 1978 1980 1912
f 1982 1978 1911
f 1977 1912 2051
f 1909 1976 1908
f 1975 1976 2049
f 1907 1973 1905
f 1974 1906 2044
f 1880 1953 1876
f 1877 1876 1951
f 1877 1949 1875
f 1949 1877 1951
f 1874 1873 1948
f 1948 1872 1874
f 1795 1872 1946
f 1946 1870 1795
f 1871 1870 1944
f 1944 1868 1871
f 1869 1868 1942
f 1942 1866 1869
f 1867 1866 1940
f 1867 1940 1864
f 1865 1864 1938
f 1938 1862 1865
f 1863 1862 1936
f 1936 1860 1863
f 1861 1860 1934
f 1934 1858 1861
f 1859 1858 1932
f 1932 1856 1859
f 1857 1856 1930
f 1857 1930 1854
f 1855 1854 1928
f 1928 1852 1855
f 1853 1852 1926
f 1853 1926 1850
f 1851 1850 1924
f 1924 1848 1851
f 1849 1848 1922
f 1922 1846 1849
f 1847 1846 1920
f 1845 1844 1918
f 1920 1844 1847
f 1915 1841 1843
f 1845 1843 1768
f 1839 1913 1911
f 1915 1913 1841
f 1839 1910 1838
f 1912 1910 1978
f 1909 1837 1912
f 1836 1908 1758
f 1907 1908 1976
f 1835 1905 1757
f 1878 1880 1798
f 1799 1798 1877
f 1877 1875 1799
f 1875 1797 1734
f 1795 1793 1796
f 1794 1793 1871
f 1871 1791 1794
f 1792 1791 1869
f 1869 1789 1792
f 1790 1789 1867
f 1867 1787 1790
f 1788 1787 1865
f 1865 1785 1788
f 1786 1785 1863
f 1863 1783 1786
f 1784 1783 1861
f 1861 1781 1784
f 1782 1781 1859
f 1859 1779 1782
f 1780 1779 1857
f 1780 1857 1777
f 1778 1777 1855
f 1855 1775 1778
f 1776 1775 1853
f 1853 1773 1776
f 1774 1773 1851
f 1851 1771 1774
f 1772 1771 1849
f 1849 1769 1772
f 1770 1769 1847
f 1768 1767 1845
f 1847 1767 1770
f 1765 1842 1841
f 1768 1842 1702
f 1765 1840 1764
f 1839 1840 1913
f 1762 1763 1838
f 1837 1838 1910
f 1760 1758 1759
f 1835 1758 1908
f 1878 1736 1800
f 1663 1736 1799
f 1799 1734 1663
f 1874 1731 1797
f 1732 1731 1796
f 1796 1729 1732
f 1730 1729 1794
f 1794 1726 1730
f 1727 1726 1792
f 1792 1723 1727
f 1724 1723 1790
f 1790 1721 1724
f 1722 1721 1788
f 1788 1719 1722
f 1720 1719 1786
f 1786 1717 1720
f 1718 1717 1784
f 1784 1715 1718
f 1716 1715 1782
f 1713 1716 1782
f 1714 1713 1780
f 1780 1711 1714
f 1712 1711 1778
f 1778 1709 1712
f 1710 1709 1776
f 1776 1707 1710
f 1708 1707 1774
f 1774 1705 1708
f 1706 1705 1772
f 1772 1704 1706
f 1700 1704 1701
f 1701 1768 1702
f 1770 1701 1704
f 1699 1626 1766
f 1765 1766 1842
f 1698 1764 1697
f 1763 1764 1840
f 1762 1694 1695
f 1761 1762 1838
f 1696 1693 1620
f 1760 1761 1836
f 1759 1692 1693
f 1595 1800 1662
f 1658 1660 1732
f 1732 1728 1658
f 1656 1728 1730
f 1730 1725 1656
f 1655 1725 1727
f 1727 1652 1655
f 1653 1652 1724
f 1649 1653 1724
f 1650 1649 1722
f 1722 1646 1650
f 1647 1646 1720
f 1720 1643 1647
f 1644 1643 1718
f 1718 1640 1644
f 1641 1640 1716
f 1716 1638 1641
f 1639 1638 1714
f 1714 1636 1639
f 1637 1636 1712
f 1634 1637 1712
f 1635 1634 1710
f 1710 1632 1635
f 1633 1632 1708
f 1708 1630 1633
f 1628 1630 1706
f 1706 1703 1628
f 1625 1703 1700
f 1626 1700 1702
f 1559 1699 1624
f 1698 1699 1766
f 1695 1697 1764
f 1622 1694 1621
f 1696 1694 1762
f 1693 1696 1760
f 1619 1692 1618
f 1691 1692 1759
f 1595 1662 1594
f 1594 1663 1661
f 1593 1661 1735
f 1659 1660 1658
f 1514 1659 1589
f 1657 1728 1656
f 1588 1657 1587
f 1655 1654 1725
f 1586 1654 1585
f 1655 1651 1584
f 1582 1651 1653
f 1653 1648 1582
f 1580 1648 1650
f 1650 1645 1580
f 1578 1645 1647
f 1647 1642 1578
f 1577 1642 1644
f 1644 1574 1577
f 1575 1574 1641
f 1641 1571 1575
f 1572 1571 1639
f 1568 1572 1639
f 1569 1568 1637
f 1637 1566 1569
f 1564 1566 1635
f 1635 1631 1564
f 1562 1631 1633
f 1633 1629 1562
f 1561 1629 1628
f 1560 1561 1627
f 1625 1627 1703
f 1626 1625 1700
f 1486 1624 1557
f 1623 1624 1699
f 1622 1623 1697
f 1555 1621 1554
f 1620 1621 1694
f 1552 1619 1551
f 1515 1661 1593
f 1517 1515 1516
f 1588 1589 1659
f 1514 1589 1513
f 1586 1587 1657
f 1512 1587 1511
f 1584 1585 1654
f 1510 1585 1509
f 1651 1582 1583
f 1508 1583 1507
f 1580 1581 1648
f 1741 1806 1808
f 1506 1581 1505
f 1578 1579 1645
f 1504 1579 1503
f 1577 1576 1642
f 1502 1576 1501
f 1500 1577 1573
f 1498 1573 1575
f 1498 1575 1570
f 1496 1570 1572
f 1572 1567 1496
f 1494 1567 1569
f 1569 1565 1494
f 1492 1565 1564
f 1492 1563 1491
f 1562 1563 1631
f 1490 1489 1488
f 1561 1489 1629
f 1487 1489 1560
f 1558 1560 1627
f 1559 1558 1625
f 1419 1557 1484
f 1556 1557 1624
f 1555 1556 1623
f 1482 1554 1479
f 1552 1554 1621
f 1480 1551 1481
f 1592 3194 1590
f 1516 1444 1384
f 1512 1513 1589
f 1443 1513 1382
f 1511 1587 1510
f 1441 1511 1442
f 1508 1509 1585
f 1442 1509 1380
f 1506 1507 1583
f 1440 1507 1439
f 1581 1504 1505
f 1438 1505 1437
f 1502 1503 1579
f 1436 1503 1435
f 1576 1500 1501
f 1434 1501 1433
f 1499 1431 1432
f 1498 1499 1573
f 1429 1430 1497
f 1496 1497 1570
f 1495 1427 1428
f 1494 1495 1567
f 1426 1493 1425
f 1492 1493 1565
f 1424 1491 1423
f 1490 1491 1563
f 1421 1422 1488
f 1485 1487 1560
f 1486 1485 1558
f 1417 1484 1416
f 1483 1484 1557
f 1415 1414 1354
f 1482 1483 1556
f 1414 1479 1413
f 1480 1479 1554
f 1441 1382 1513
f 1383 1382 1315
f 1381 1442 1379
f 1509 1440 1380
f 1507 1438 1439
f 1378 1439 1377
f 1436 1437 1505
f 1376 1437 1375
f 1503 1434 1435
f 1374 1435 1373
f 1432 1433 1501
f 1372 1433 1371
f 1369 1370 1431
f 1430 1431 1499
f 1368 1429 1367
f 1428 1429 1497
f 1366 1427 1365
f 1426 1427 1495
f 1364 1425 1363
f 1424 1425 1493
f 1362 1423 1361
f 1422 1423 1491
f 1360 1421 1359
f 1420 1421 1488
f 1420 1357 1358
f 1418 1420 1487
f 1356 1357 1417
f 1419 1418 1485
f 1356 1355 1292
f 1415 1416 1484
f 1354 1353 1355
f 1414 1415 1483
f 1380 1379 1442
f 1314 1379 1250
f 1378 1313 1380
f 1250 1313 1249
f 1376 1377 1439
f 1312 1377 1248
f 1374 1375 1437
f 1311 1375 1310
f 1372 1373 1435
f 1309 1373 1308
f 1433 1370 1371
f 1307 1371 1306
f 1305 1369 1304
f 1368 1369 1431
f 1303 1367 1302
f 1366 1367 1429
f 2871 2825 2234
f 1301 1365 1300
f 1364 1365 1427
f 1299 1363 1298
f 1362 1363 1425
f 1360 1361 1423
f 1296 1359 1295
f 1358 1359 1421
f 1294 1357 1293
f 1292 1293 1356
f 1417 1357 1418
f 1377 1311 1248
f 1183 1248 1181
f 1310 1375 1309
f 1247 1310 1179
f 1307 1308 1373
f 1246 1308 1245
f 1305 1306 1371
f 1244 1306 1243
f 1241 1242 1304
f 1303 1304 1369
f 1239 1302 1238
f 1301 1302 1367
f 1236 1235 1300
f 1299 1300 1365
f 1231 1298 1232
f 1297 1298 1363
f 1162 1228 1225
f 1296 1297 1361
f 1225 1295 1224
f 1294 1295 1359
f 1223 1292 1222
f 1179 1310 1246
f 1180 1179 1103
f 1244 1245 1308
f 1178 1245 1100
f 1177 1243 1097
f 1242 1243 1306
f 1169 1171 9771
f 9771 1171 1241
f 1239 1241 1304
f 9772 1172 1174
f 9772 1174 1238
f 1235 1238 1302
f 9773 1233 1236
f 1231 1236 1300
f 1228 1232 1298
f 1161 1165 1167
f 1161 1167 1162
f 1225 1228 1297
f 1162 1224 1163
f 1226 1224 1295
f 1100 1245 1177
f 1099 9774 1102
f 1099 1102 1100
f 1171 1097 1243
f 1096 1175 1097
f 1173 9771 1241
f 1241 1174 1173
f 1240 9772 1238
f 1237 9773 1236
f 1168 1229 1232
f 1232 1167 1168
f 800 802 842
f 881 839 841
f 881 841 882
f 9775 798 800
f 9775 800 841
f 801 758 762
f 840 9775 841
f 799 756 758
f 252 9707 255
f 803 759 718
f 718 762 803
f 764 670 674
f 671 670 718
f 760 715 671
f 671 718 760
f 9776 9453 6152
f 674 639 672
f 640 639 671
f 716 668 640
f 640 671 716
f 642 589 591
f 587 589 588
f 672 588 589
f 585 588 9777
f 9777 588 640
f 669 9777 640
f 637 9663 9695
f 6135 6270 9429
f 9778 634 631
f 631 584 534
f 633 584 660
f 633 626 533
f 581 580 578
f 579 578 657
f 657 622 579
f 577 576 625
f 655 576 622
f 575 574 621
f 625 574 577
f 621 618 575
f 606 556 608
f 554 556 555
f 555 556 607
f 553 555 605
f 543 545 591
f 543 591 541
f 539 541 9779
f 9779 541 587
f 586 9780 587
f 583 9781 534
f 533 467 534
f 9781 9778 631
f 9781 631 534
f 532 533 626
f 530 531 581
f 626 531 532
f 527 529 579
f 581 529 530
f 462 622 459
f 622 462 527
f 525 526 577
f 622 526 459
f 551 552 602
f 490 552 489
f 487 488 486
f 488 551 644
f 550 485 600
f 488 600 485
f 484 549 483
f 598 550 601
f 547 548 596
f 482 547 480
f 546 481 594
f 544 546 592
f 479 544 478
f 477 545 543
f 473 542 541
f 475 542 474
f 9780 9779 587
f 540 471 473
f 535 582 469
f 400 469 467
f 466 467 532
f 513 446 514
f 443 446 511
f 441 443 512
f 512 510 441
f 437 439 509
f 437 507 435
f 435 505 433
f 506 435 508
f 505 504 9782
f 501 504 563
f 9783 500 499
f 503 499 9784
f 419 486 418
f 417 486 488
f 417 485 416
f 484 485 550
f 415 483 414
f 482 483 549
f 480 412 413
f 481 480 547
f 411 479 410
f 478 409 410
f 477 478 544
f 408 475 406
f 9785 405 406
f 9785 406 474
f 473 474 542
f 2931 9723 2932
f 463 528 391
f 392 391 458
f 461 458 460
f 460 9786 461
f 457 9786 456
f 523 456 9786
f 455 456 521
f 521 454 455
f 453 454 452
f 518 452 454
f 450 452 451
f 451 452 516
f 444 447 442
f 442 447 443
f 440 442 438
f 371 438 436
f 441 438 442
f 436 439 437
f 371 436 369
f 435 434 437
f 369 434 367
f 367 433 365
f 365 9782 363
f 500 9782 504
f 363 9787 9788
f 502 9787 499
f 361 431 359
f 432 431 502
f 359 429 357
f 430 429 432
f 357 427 355
f 428 427 430
f 401 396 9789
f 395 396 398
f 398 394 395
f 393 394 390
f 463 390 394
f 387 392 461
f 461 384 387
f 384 386 388
f 457 385 9790
f 385 383 386
f 380 381 383
f 380 455 453
f 453 378 380
f 378 379 381
f 378 453 450
f 450 376 378
f 376 377 379
f 376 450 449
f 449 374 376
f 374 375 377
f 374 449 448
f 372 313 375
f 440 373 372
f 373 311 313
f 373 440 371
f 370 311 373
f 370 373 371
f 368 309 370
f 368 370 369
f 366 307 368
f 366 368 367
f 364 305 366
f 364 366 365
f 301 362 360
f 362 361 360
f 299 360 358
f 360 359 358
f 356 296 358
f 356 358 357
f 354 294 356
f 354 356 355
f 350 353 354
f 350 354 351
f 9791 352 348
f 348 352 350
f 348 350 349
f 9792 330 9752
f 9752 330 266
f 327 330 9789
f 395 326 327
f 326 262 264
f 326 395 393
f 326 393 325
f 262 325 260
f 325 393 389
f 389 324 325
f 324 257 260
f 324 389 388
f 388 323 324
f 323 258 257
f 323 388 386
f 386 321 323
f 321 322 258
f 321 386 383
f 383 319 321
f 319 320 322
f 319 383 381
f 381 318 319
f 318 253 320
f 318 381 379
f 379 317 318
f 317 251 253
f 317 379 377
f 377 314 317
f 314 316 251
f 314 377 375
f 375 315 314
f 315 248 316
f 315 375 313
f 312 248 315
f 312 315 313
f 310 245 312
f 310 312 311
f 308 242 310
f 308 310 309
f 306 239 308
f 306 308 307
f 304 236 306
f 304 306 305
f 302 233 304
f 302 304 303
f 300 231 302
f 300 302 301
f 298 229 300
f 298 300 299
f 295 294 9793
f 295 9793 9794
f 9793 353 293
f 9793 293 292
f 353 9793 294
f 352 293 353
f 293 352 290
f 293 290 289
f 9791 290 352
f 290 9791 288
f 290 288 291
f 344 288 9791
f 288 344 286
f 287 286 285
f 284 286 9795
f 286 284 283
f 285 283 282
f 280 282 283
f 283 281 280
f 277 279 280
f 280 278 277
f 275 274 277
f 9796 9797 265
f 196 9796 265
f 196 265 194
f 2869 2868 3147
f 2202 2266 2264
f 263 191 194
f 191 263 261
f 263 262 261
f 261 192 191
f 192 261 259
f 261 260 259
f 9798 259 256
f 259 257 256
f 256 2670 9798
f 2669 256 9799
f 9799 255 2669
f 255 9799 254
f 254 322 320
f 320 252 254
f 252 3168 9707
f 3168 252 250
f 252 320 253
f 250 3169 3168
f 3169 250 249
f 250 253 251
f 249 5858 3169
f 5858 249 9800
f 9800 170 5858
f 9800 316 248
f 247 170 9800
f 247 9800 248
f 246 243 161
f 244 166 247
f 244 247 245
f 243 240 159
f 243 246 241
f 241 244 242
f 240 237 155
f 238 241 239
f 237 234 151
f 237 240 235
f 235 238 236
f 234 9801 147
f 232 235 233
f 9801 229 228
f 9801 234 230
f 9802 143 228
f 9794 9803 226
f 9803 223 226
f 226 141 9802
f 297 9802 227
f 9803 292 9804
f 224 9804 9805
f 9805 221 134
f 289 9804 292
f 289 291 221
f 221 287 220
f 134 222 219
f 285 220 287
f 220 285 218
f 219 218 217
f 285 282 218
f 218 282 216
f 217 216 215
f 279 216 282
f 216 279 214
f 215 214 213
f 279 211 214
f 214 211 212
f 213 212 210
f 212 207 210
f 212 208 207
f 204 207 205
f 207 209 205
f 203 202 4882
f 195 194 9806
f 9806 194 193
f 193 191 190
f 9701 113 9704
f 189 9701 188
f 190 192 188
f 9798 186 188
f 186 9697 189
f 9697 186 184
f 186 9798 2670
f 185 184 187
f 184 181 9697
f 187 2669 185
f 182 179 185
f 185 255 182
f 3167 183 182
f 183 178 180
f 9580 4200 9582
f 182 3168 3167
f 174 176 3167
f 9807 5857 177
f 9807 173 3174
f 3167 3169 174
f 3173 175 169
f 3173 173 175
f 5862 3174 3173
f 5862 3173 169
f 5864 172 5862
f 5864 5862 165
f 5867 168 5864
f 5867 5864 160
f 5870 164 5867
f 5870 5867 158
f 5872 5875 157
f 5872 3181 5870
f 5872 5870 154
f 5875 5880 153
f 5875 5872 150
f 149 5880 6009
f 5880 5875 146
f 6009 5880 142
f 84 140 139
f 9705 145 6009
f 9705 6009 141
f 225 9805 136
f 139 135 137
f 139 140 225
f 9805 225 224
f 135 139 136
f 134 136 9805
f 9808 138 135
f 9808 219 133
f 138 9808 132
f 217 133 219
f 133 217 131
f 132 131 73
f 215 131 217
f 131 215 130
f 73 130 129
f 215 213 130
f 130 213 128
f 129 128 127
f 210 128 213
f 128 210 126
f 127 126 69
f 204 126 210
f 126 204 125
f 69 125 67
f 206 125 204
f 125 206 124
f 9809 9810 67
f 9809 67 124
f 9811 9812 121
f 9812 9809 124
f 124 121 9812
f 123 124 206
f 120 9811 121
f 122 121 123
f 201 119 122
f 9702 9704 115
f 115 9704 113
f 9813 9814 114
f 9813 114 3294
f 114 9700 9698
f 113 189 9700
f 9696 9698 9700
f 6014 9699 9698
f 9700 9697 9696
f 9696 6014 9698
f 6014 110 9349
f 110 6014 109
f 6015 181 180
f 9474 180 178
f 6018 9776 6152
f 9454 9473 9474
f 6152 9453 6155
f 6155 9451 3225
f 3225 3219 3221
f 3231 3221 3220
f 95 3232 3242
f 3242 3241 6299
f 9794 297 295
f 6299 9396 6431
f 9394 9391 9687
f 6431 9687 91
f 9391 85 9392
f 9392 91 9687
f 88 85 81
f 88 9392 85
f 82 9371 79
f 82 81 137
f 9371 75 77
f 9371 82 138
f 73 75 132
f 78 9686 9670
f 129 9686 73
f 9670 72 32
f 127 72 129
f 72 127 71
f 32 71 28
f 70 28 71
f 69 71 127
f 9815 9816 28
f 9815 28 70
f 9817 9815 70
f 70 68 9817
f 68 70 69
f 9818 9819 68
f 9818 68 67
f 9819 9820 68
f 9810 9818 67
f 3293 9813 3294
f 9353 3294 9699
f 3303 9821 3298
f 3298 3297 3303
f 9821 9351 9353
f 9353 3298 9821
f 6725 6721 3299
f 6725 9347 6731
f 6731 9331 6839
f 6842 6839 9329
f 6842 9328 6847
f 3341 6847 9327
f 3341 3336 3338
f 3338 3337 3348
f 15 3348 3347
f 6963 3356 6966
f 2888 2890 9737
f 6971 6966 9307
f 6971 41 43
f 40 36 35
f 9673 37 35
f 76 40 39
f 36 7088 34
f 9554 4581 9822
f 36 40 76
f 9293 9672 34
f 7088 36 78
f 7088 33 31
f 29 31 9823
f 9823 31 27
f 32 33 9670
f 9824 9823 27
f 26 9824 27
f 28 27 32
f 9816 25 28
f 9732 6880 6759
f 6276 6275 6140
f 9718 2964 9726
f 3090 9692 9694
f 9654 9630 3687
f 24 4334 22
f 9644 3530 3532
f 2035 1967 2036
f 501 691 9784
f 9784 499 501
f 9652 3536 3535
f 9642 3630 3514
f 2964 9718 3026
f 2258 2265 2311
f 9765 2103 6292
f 6 4175 4
f 9532 5053 5270
f 2260 2258 2311
f 13 1337 14
f 2991 3147 2868
f 12 1965 10
f 7 3349 9677
f 6014 9349 9699
f 344 343 9795
f 5270 9527 5271
f 4977 4730 4845
f 9795 286 344
f 9528 9527 5270
f 444 372 374
f 5 3867 6
f 2933 2 1
f 9 9676 9664
f 9429 6270 6272
f 2227 2090 2168
f 9783 9782 500
f 7150 7145 9284
f 372 444 440
f 6274 6417 6416
f 2376 2261 2260
f 2673 2606 2605
f 6553 6556 6700
f 6700 6696 6553
f 1601 1524 1602
f 1600 1601 1745
f 7150 9283 7148
f 4170 4656 4345
f 9554 4800 4581
f 1007 1054 1052
f 8449 8705 8614
f 343 419 342
f 858 696 697
f 3311 9691 9689
f 8276 1219 1220
f 9597 9425 9424
f 1203 1134 1202
f 1537 1403 1538
f 9613 3888 9604
f 1395 1461 1460
f 1676 9753 1887
f 1134 1203 972
f 4147 4146 9578
f 1349 1350 9825
f 4148 4147 4202
f 3325 3208 3152
f 3171 3129 9695
f 8 9682 9
f 1684 1537 1749
f 1684 1682 1404
f 9628 3722 3768
f 9353 9699 9349
f 44 40 35
f 295 227 296
f 4685 9549 9554
f 8218 8303 9230
f 1139 1402 1469
f 8612 8894 8611
f 1203 9244 972
f 1887 9753 9754
f 1813 9753 1676
f 2884 2769 2771
f 4794 4795 9544
f 9544 5042 4794
f 6324 6188 9420
f 6325 9421 9419
f 9826 9827 1615
f 2119 2121 2244
f 1064 1014 894
f 1541 1470 1543
f 194 265 263
f 265 264 263
f 9608 3935 9623
f 455 380 382
f 9788 9787 361
f 7148 9283 7034
f 2237 2239 2408
f 927 1013 1012
f 6888 6885 6765
f 5988 5989 9456
f 2264 2263 2201
f 2423 2371 2377
f 9624 3700 3589
f 1279 1339 1540
f 2027 9828 2103
f 5424 5189 5304
f 362 303 364
f 1895 11 10
f 2443 9755 2560
f 1200 1202 1201
f 4116 9590 9603
f 9680 3428 9669
f 9245 1200 1199
f 1532 1269 1201
f 9695 9663 8
f 9822 4581 9556
f 9829 8614 8705
f 202 205 4882
f 8126 8128 8211
f 8211 8125 8126
f 6270 6138 6272
f 1406 1472 1341
f 4418 9830 4419
f 9830 9217 4854
f 4854 4419 9830
f 1401 1469 1402
f 737 703 700
f 9663 3234 9682
f 636 3234 9663
f 75 74 77
f 77 74 78
f 857 859 935
f 7146 7148 7034
f 3380 3536 3534
f 9374 6551 6547
f 9430 6407 9456
f 9456 6407 9431
f 3534 3536 9652
f 1122 1258 1189
f 1143 1025 1026
f 1530 1887 1673
f 9831 2038 9832
f 1542 1541 1895
f 9826 9833 9834
f 9431 6265 5987
f 1521 9553 1454
f 790 791 792
f 9536 5107 9537
f 9717 2866 2986
f 9834 9825 9827
f 1191 1259 1323
f 9835 8443 8281
f 1260 1259 1192
f 8893 6664 6663
f 8531 8372 8615
f 8372 8616 8615
f 8275 8441 8439
f 3821 9608 9623
f 8443 8280 8279
f 5108 5212 9536
f 9536 5212 5211
f 9737 2712 2711
f 1006 1007 1052
f 9737 2890 2712
f 4295 4366 4296
f 4366 4365 4363
f 8308 8391 9836
f 9835 8704 8443
f 3880 3811 3812
f 745 786 744
f 9346 9732 6759
f 9615 3700 9624
f 8133 7977 7978
f 2094 1882 2096
f 1803 1883 1882
f 1477 1550 1476
f 9837 8276 9231
f 8276 1351 1289
f 444 445 447
f 447 446 443
f 1609 1545 1686
f 9719 3020 3122
f 9719 3122 3121
f 9837 9231 1478
f 99 98 102
f 9776 5857 9453
f 3936 9608 9599
f 3936 9599 4069
f 9790 385 384
f 3674 3735 9627
f 2365 9768 2364
f 9604 3888 3939
f 2271 2206 9769
f 9564 9563 4475
f 9563 9564 4296
f 2755 1 2753
f 3116 9708 3113
f 9708 3116 3213
f 4690 4482 4485
f 9808 135 134
f 9763 9768 2367
f 1832 1829 9838
f 9769 2392 2389
f 9769 2204 2271
f 2783 2722 2724
f 9680 9669 3110
f 9352 9839 9353
f 2671 2606 2673
f 3397 9 9664
f 1891 2107 1746
f 3098 1591 3099
f 2107 1677 1746
f 4992 5110 5109
f 1591 2988 3099
f 3646 3644 9652
f 3646 9652 3535
f 8220 8304 8133
f 5468 5356 5470
f 5395 5273 5277
f 5277 5397 5395
f 21 9621 19
f 9621 21 3769
f 2397 9755 2443
f 5987 6265 6134
f 2844 2847 2845
f 5472 5468 5470
f 9532 5270 5269
f 5424 5302 5189
f 4988 9536 9537
f 227 298 296
f 9788 364 363
f 6552 6549 9374
f 1671 9828 1811
f 384 461 9790
f 9456 5989 5990
f 389 390 387
f 392 387 390
f 4483 4690 4687
f 514 445 451
f 382 457 455
f 2238 2237 2408
f 6766 6885 6882
f 4690 4483 4482
f 9423 9425 9595
f 9642 9631 3630
f 9419 9418 6329
f 2420 9763 2367
f 449 451 445
f 117 4308 4307
f 2106 2105 2102
f 22 4045 2510
f 4437 4559 4115
f 3673 9636 3565
f 4140 4142 9597
f 2907 2839 2786
f 9636 3563 3565
f 9763 2420 2467
f 1687 1753 1611
f 9454 5857 9776
f 9454 9776 6018
f 9693 9714 9694
f 9693 3144 9714
f 4685 9554 9822
f 3548 3439 3441
f 419 343 420
f 3209 3208 3325
f 5841 5991 5990
f 1528 1460 1461
f 3210 9708 3213
f 1278 1538 1277
f 1265 1264 1128
f 3313 3312 3365
f 1678 1677 2107
f 1405 1341 1472
f 3318 4044 4043
f 3318 2939 4044
f 3213 3327 3210
f 8785 18 17
f 3364 3510 3458
f 3421 3510 3364
f 1152 1151 1080
f 1151 1152 1217
f 2106 2103 9765
f 1206 1025 1143
f 3665 3724 3726
f 3530 9644 3531
f 3730 3727 3666
f 3827 3770 3829
f 8188 8440 8274
f 8140 8139 8061
f 8140 8064 8063
f 9074 9159 9158
f 6325 9419 6329
f 1031 1076 666
f 5161 5055 5060
f 33 27 31
f 33 7088 9670
f 117 116 4308
f 73 9686 74
f 75 9371 132
f 113 9700 114
f 9698 3294 114
f 9814 111 114
f 9808 133 132
f 9782 9783 363
f 225 9705 223
f 225 136 139
f 140 145 9705
f 140 9705 225
f 176 173 9807
f 4143 4072 9582
f 184 179 181
f 183 180 179
f 186 2670 187
f 935 1023 1022
f 1140 1022 1023
f 9840 197 9841
f 9841 197 270
f 9840 200 197
f 199 198 203
f 198 197 122
f 206 202 123
f 202 206 205
f 226 9802 297
f 227 9802 228
f 143 9802 141
f 229 9801 230
f 147 9801 143
f 9801 228 143
f 231 230 232
f 234 237 232
f 232 230 234
f 232 237 235
f 235 240 238
f 240 243 238
f 238 243 241
f 9615 3701 3700
f 3877 9615 9624
f 166 244 246
f 244 241 246
f 170 247 166
f 9800 249 316
f 249 251 316
f 2532 2598 2600
f 2598 2532 2534
f 9580 9575 4306
f 4306 4198 9580
f 9799 322 254
f 269 270 334
f 268 9841 270
f 268 270 269
f 272 276 337
f 276 272 4882
f 211 274 208
f 208 273 209
f 273 208 274
f 274 211 277
f 333 407 406
f 332 267 269
f 332 269 333
f 407 334 409
f 334 407 269
f 336 337 412
f 272 337 336
f 338 339 414
f 339 338 273
f 340 278 341
f 340 275 278
f 9795 343 284
f 284 342 281
f 342 284 343
f 3593 3592 3476
f 3593 3476 3595
f 345 344 346
f 9791 348 346
f 344 9791 346
f 9789 399 401
f 9842 9843 399
f 9842 399 9789
f 9843 402 399
f 476 9785 474
f 3398 3441 9658
f 3398 3397 3440
f 408 409 478
f 407 409 408
f 4800 4582 4581
f 411 412 480
f 412 411 336
f 413 414 483
f 413 338 414
f 415 416 485
f 415 340 416
f 417 418 486
f 418 417 341
f 423 424 426
f 424 423 349
f 426 425 428
f 425 424 351
f 463 394 398
f 398 397 464
f 396 401 397
f 401 400 466
f 403 470 400
f 400 399 403
f 487 489 552
f 489 487 419
f 490 421 491
f 421 490 420
f 498 502 503
f 502 498 432
f 514 451 516
f 518 516 452
f 518 454 521
f 521 456 522
f 523 9786 460
f 460 459 525
f 458 462 459
f 462 391 527
f 528 463 464
f 464 465 530
f 465 397 466
f 536 538 8967
f 2630 2814 2755
f 2755 2754 2630
f 600 488 644
f 600 643 601
f 491 554 490
f 492 556 491
f 493 608 492
f 608 493 557
f 9784 562 503
f 691 501 693
f 693 563 694
f 563 693 501
f 9325 6880 9732
f 567 507 509
f 565 507 567
f 1834 862 938
f 573 515 517
f 572 513 515
f 618 519 520
f 519 617 573
f 575 520 522
f 618 520 575
f 577 524 525
f 574 524 577
f 546 594 593
f 594 481 547
f 548 598 597
f 548 549 598
f 603 644 551
f 605 602 553
f 602 645 682
f 557 606 608
f 606 557 609
f 495 558 494
f 558 495 648
f 559 648 495
f 611 648 559
f 619 572 573
f 572 703 571
f 704 617 618
f 617 704 619
f 591 590 642
f 590 545 592
f 616 571 703
f 653 652 2471
f 703 619 701
f 572 619 703
f 701 704 702
f 704 701 619
f 704 621 705
f 621 704 618
f 620 624 742
f 624 620 625
f 625 576 623
f 658 628 706
f 628 627 707
f 627 578 580
f 630 629 708
f 629 580 626
f 659 660 710
f 660 659 633
f 661 632 664
f 663 714 664
f 666 665 1031
f 1475 1548 1408
f 6135 6409 6411
f 672 589 642
f 2373 9250 2376
f 674 720 764
f 720 674 673
f 698 735 782
f 1220 1155 9844
f 718 717 762
f 717 670 764
f 918 1812 1675
f 1678 1812 918
f 762 761 801
f 761 717 763
f 904 902 865
f 1013 927 891
f 890 891 927
f 801 804 802
f 804 761 805
f 182 255 9707
f 396 395 9789
f 9845 880 883
f 842 882 841
f 882 843 960
f 842 843 882
f 802 844 843
f 844 804 845
f 8213 9846 911
f 911 876 8213
f 9846 952 911
f 878 9845 883
f 878 883 879
f 879 883 915
f 960 884 882
f 917 919 1531
f 960 843 885
f 885 844 886
f 904 826 866
f 904 786 826
f 327 9789 395
f 9847 954 955
f 915 914 879
f 914 915 957
f 959 916 884
f 1611 1548 1687
f 885 959 960
f 959 885 921
f 997 999 995
f 995 999 996
f 998 9847 955
f 998 955 999
f 999 955 1000
f 957 956 914
f 956 957 1002
f 1548 1611 1474
f 958 961 1114
f 921 961 959
f 1004 961 921
f 1004 921 962
f 1024 936 937
f 936 1024 1023
f 9848 1088 1087
f 991 9848 1087
f 1087 992 991
f 9849 1091 1094
f 862 1834 861
f 9820 9817 68
f 9850 1045 1046
f 1107 996 999
f 861 897 821
f 1000 1107 999
f 1107 1000 1048
f 1002 1001 956
f 1114 1002 958
f 9452 1114 961
f 1114 9452 1112
f 1112 1004 1050
f 1003 1120 1050
f 1120 1003 1005
f 972 895 1017
f 1090 1159 1222
f 9849 1094 1089
f 1089 1094 1090
f 9851 1164 1163
f 1163 1093 9851
f 1092 9851 1093
f 745 744 623
f 861 822 862
f 9774 1101 1102
f 1043 9850 1046
f 1043 1046 1044
f 1044 1046 1104
f 1107 1047 996
f 699 615 616
f 1048 1106 1107
f 1106 1048 1108
f 1002 1049 1001
f 1049 1110 1109
f 1114 1110 1002
f 1114 1113 1110
f 9250 2257 2309
f 2309 2376 9250
f 9704 193 190
f 9703 9852 193
f 9703 193 9704
f 1117 1050 1120
f 1158 1087 1090
f 1158 1086 1087
f 821 738 861
f 1159 1227 1223
f 1227 1159 1093
f 1227 1163 1224
f 1163 1227 1093
f 1104 1103 1044
f 1103 1104 1180
f 1106 1105 1047
f 1105 1182 1181
f 1108 1182 1106
f 1182 1108 1184
f 1113 1186 1110
f 1116 1186 1113
f 1115 1113 1112
f 1116 1115 1118
f 1117 1115 1050
f 1118 1117 1188
f 9852 9806 193
f 9844 1156 9853
f 1156 9844 1155
f 9853 1157 1290
f 9853 1156 1157
f 1222 1221 1090
f 738 821 736
f 1223 1226 1293
f 1226 1223 1227
f 1184 1183 1182
f 1249 1183 1184
f 1111 1185 1109
f 1185 1111 1251
f 1116 1187 1186
f 1187 1116 1253
f 1188 1119 1255
f 4169 3373 3375
f 4169 3375 4639
f 291 287 221
f 1123 1258 1122
f 1123 1191 1257
f 1192 1191 1190
f 1220 9844 9854
f 9844 9853 1352
f 1352 9854 9844
f 9853 1290 1353
f 9792 328 330
f 329 9842 9789
f 9789 330 329
f 1251 1250 1185
f 1250 1251 1314
f 1253 1252 1187
f 1252 1253 1316
f 1118 1254 1116
f 1254 1318 1317
f 1188 1318 1118
f 1319 1318 1320
f 1255 1320 1188
f 1320 1255 1321
f 1258 1256 1189
f 1388 1256 1258
f 291 288 287
f 1259 1325 7950
f 1260 1325 1259
f 9231 9854 1478
f 9231 1220 9854
f 9854 1352 1413
f 1353 1352 9853
f 1355 1356 1416
f 1355 1353 1291
f 1316 1315 1252
f 1315 1316 1383
f 3820 9599 9608
f 9599 3820 9600
f 9855 1319 1320
f 1321 9855 1320
f 1321 1385 9855
f 1388 1322 1256
f 1322 1388 1448
f 1388 1258 1257
f 7950 1390 1452
f 1390 7950 1325
f 1275 1276 1400
f 1467 1400 1468
f 1404 1401 1338
f 9825 1351 9856
f 1351 9825 1350
f 9856 9837 1553
f 9856 1351 9837
f 9837 1478 1481
f 1413 1478 9854
f 1319 1384 1317
f 1384 1445 1516
f 9855 1445 1319
f 3632 9642 3515
f 9855 1385 1447
f 1448 1386 1322
f 3461 3510 3421
f 1388 1387 1448
f 1387 7950 1452
f 1452 1454 9553
f 1454 1452 1390
f 1273 1398 1466
f 1536 1466 1398
f 1401 1468 1469
f 1468 1605 1467
f 975 1026 1025
f 9825 9834 1349
f 9827 9856 1616
f 9827 9825 9856
f 9856 1553 1616
f 1481 1553 9837
f 3632 3631 9631
f 1516 1445 1517
f 1447 1445 9855
f 1447 1446 1518
f 1449 1448 1450
f 1450 1387 1451
f 9553 1598 9770
f 1598 9553 1521
f 1462 1530 1527
f 1530 1462 1463
f 1334 1465 1533
f 1604 1533 1465
f 1399 1467 1535
f 1607 1535 1467
f 1477 9834 9833
f 9834 1477 1412
f 9827 9826 9834
f 9827 1616 1615
f 1616 1553 1618
f 1386 1449 1519
f 1449 1450 1667
f 4337 3581 4339
f 1397 1531 919
f 1677 917 1531
f 1466 1536 1534
f 3534 3533 3380
f 1608 1605 1401
f 1605 1606 1467
f 1614 9833 9857
f 9833 1614 1550
f 9857 9826 9838
f 9857 9833 9826
f 9838 1615 1690
f 1615 9838 9826
f 1617 1618 1692
f 1618 1617 1616
f 1519 1596 1664
f 1596 1449 1667
f 9770 1598 1665
f 1539 1278 1279
f 1670 1597 1520
f 1526 1674 1671
f 1674 1526 1528
f 919 918 1675
f 1746 1533 1604
f 1541 1543 1895
f 1895 1893 1542
f 1689 1614 9858
f 1614 1689 1613
f 9858 9857 1831
f 9857 9858 1614
f 1831 9838 1829
f 9838 1831 9857
f 9422 8916 9073
f 9422 8895 8916
f 1751 1752 1823
f 1800 1595 1664
f 1667 1666 1738
f 1279 1540 1539
f 1597 1741 1739
f 1741 1597 1670
f 1216 1286 1215
f 1681 1679 1534
f 1748 1606 1608
f 1607 1606 1892
f 1749 1542 1893
f 1894 1817 1749
f 1756 9858 9859
f 9858 1756 1689
f 9859 1831 1828
f 9859 9858 1831
f 9230 8386 8384
f 8386 9230 8303
f 1752 1751 1686
f 1664 1737 1801
f 1737 1596 1738
f 1665 1668 1804
f 1739 1808 9860
f 1739 1741 1808
f 3230 7 9677
f 917 1678 918
f 9739 1812 1678
f 1891 2030 2107
f 1681 2233 1679
f 1681 1536 1680
f 4311 4201 4203
f 1748 1682 2033
f 1683 2033 1682
f 12 1685 1820
f 1898 1965 12
f 1827 9859 9861
f 1756 9859 1827
f 9861 1828 1903
f 1828 9861 9859
f 3292 3294 9839
f 9839 3294 9353
f 8216 8219 8302
f 1878 1800 1801
f 1802 1737 1881
f 1738 1803 1881
f 1804 1803 1666
f 1804 1805 1883
f 1805 1739 9860
f 1808 2022 9860
f 1673 1887 6292
f 9754 6292 1887
f 1675 1813 1676
f 1816 1607 2032
f 1816 2032 2109
f 1892 2032 1607
f 1894 1896 1964
f 1896 1894 1893
f 1902 1827 9862
f 1902 1826 1827
f 9862 9861 2043
f 9861 9862 1827
f 2043 1903 2041
f 1903 2043 9861
f 1904 1833 1906
f 1830 1833 1904
f 1880 1879 1953
f 1879 1878 1802
f 1802 2095 1954
f 2095 1802 1881
f 1881 1882 2095
f 2336 2457 9742
f 9742 2455 2336
f 1884 1805 9860
f 9860 2022 1884
f 2022 1808 1807
f 2109 2872 2235
f 6275 6416 9428
f 2111 2034 2033
f 2176 1817 1963
f 2177 2111 2176
f 2033 1683 2176
f 1683 1817 2176
f 1963 1894 2115
f 2115 1894 1964
f 1966 1898 2118
f 1898 1966 1965
f 1972 9862 9863
f 1902 9862 1972
f 9863 2043 2040
f 2043 9863 9862
f 2041 1904 1974
f 2041 1903 1904
f 1954 1952 1879
f 1884 2022 2020
f 1956 2100 1807
f 2099 1956 1955
f 1957 1885 1958
f 1811 2027 2026
f 2027 1811 9828
f 9765 6292 9754
f 2034 1892 1748
f 2036 1968 2037
f 9722 9717 9711
f 1969 1970 2039
f 2039 9864 2037
f 9865 1972 9866
f 1972 9865 1971
f 9866 9863 9867
f 9863 9866 1972
f 2040 9867 9863
f 2042 2047 2119
f 1974 2042 2041
f 1953 1952 2092
f 1883 2021 2096
f 3728 3724 3665
f 2098 2022 1807
f 1331 1267 1268
f 1886 1959 2025
f 1959 1810 2026
f 2111 2033 2176
f 2111 2177 2346
f 9770 1451 9553
f 2117 1966 2237
f 2118 2035 2180
f 9722 9711 9724
f 2348 2037 9864
f 2348 2179 2036
f 9864 2039 9831
f 2038 9865 2183
f 9831 2039 2038
f 9865 9866 2181
f 2181 2183 9865
f 9867 9868 9866
f 2120 2240 9867
f 2121 2047 2186
f 2119 2040 2042
f 2169 1952 2093
f 2094 2172 2171
f 2172 2094 2096
f 2284 2097 2173
f 2173 2021 2020
f 2285 2023 2288
f 2100 2287 2098
f 1807 2100 2098
f 2231 2099 2024
f 4588 4489 4591
f 1679 2233 2175
f 2177 1963 2116
f 2177 2347 2346
f 2237 2118 2239
f 2290 2180 2179
f 2348 9864 2296
f 9832 2183 2182
f 9869 2182 2181
f 9868 9867 2240
f 4585 4487 4587
f 9867 2040 2120
f 2244 2121 2185
f 2120 2119 2244
f 2158 2216 2218
f 2216 2158 2220
f 2171 2230 2170
f 2025 2232 1957
f 9804 289 221
f 2116 2178 2406
f 4480 4685 9822
f 2239 2180 2293
f 2290 2179 2348
f 2293 2290 2292
f 2294 9831 9832
f 2181 9868 9870
f 2297 2240 2241
f 9868 2240 9870
f 2241 2244 2243
f 2244 2241 2120
f 2249 2250 2251
f 2251 2250 2254
f 2172 2229 2171
f 2350 2296 2295
f 2294 2353 2112
f 2353 2182 2354
f 9869 9870 9764
f 2355 2297 2298
f 2297 9764 9870
f 9870 2240 2297
f 2298 2243 2300
f 2243 2298 2241
f 4882 272 203
f 2232 2342 2024
f 1681 2235 2234
f 1960 2406 2178
f 9764 9758 9759
f 3252 3311 9689
f 9764 2297 2355
f 2178 1961 1960
f 9701 190 188
f 2409 2460 2705
f 2705 1962 2409
f 9742 2758 2455
f 2758 2508 2455
f 226 297 9794
f 4690 4485 4586
f 4583 4483 4687
f 9740 9741 2508
f 2508 2758 9740
f 9733 2815 9740
f 2815 2700 9740
f 3047 3049 2818
f 3049 2937 2818
f 9579 9688 4146
f 256 258 9799
f 1288 1287 1217
f 2368 2374 2370
f 3696 3527 9657
f 2335 2226 9766
f 1123 1122 1052
f 9822 9556 4368
f 10 1896 1895
f 2769 2648 2647
f 2867 2987 9728
f 2867 2935 2987
f 2988 3194 2989
f 2989 3194 3046
f 4036 3968 3855
f 2771 2770 2887
f 9640 3703 9624
f 9624 3589 9640
f 1592 3370 3193
f 3193 3254 3145
f 9662 3259 9661
f 9662 9661 9647
f 3148 3147 3578
f 3799 3149 9618
f 3150 9618 3149
f 9654 9647 9630
f 9645 3696 9657
f 3694 3696 9645
f 9634 3699 3426
f 9634 3426 9653
f 9641 9629 3531
f 9629 9634 3531
f 3553 3661 3610
f 3552 3661 3553
f 3556 9638 3552
f 3555 9638 3556
f 3633 3463 3634
f 3463 3464 3634
f 3660 3659 3551
f 3660 3551 3609
f 3688 3687 9630
f 3688 3636 3793
f 3693 3528 3527
f 3608 3718 3717
f 3658 3718 3608
f 3716 3762 3764
f 3715 3762 3716
f 3819 3935 9614
f 9623 3935 3763
f 2866 2811 2696
f 4047 4439 4048
f 4439 3863 4048
f 4117 4436 4118
f 4114 9571 4118
f 4321 4217 4218
f 4320 4217 4321
f 4322 4219 4220
f 4218 4219 4322
f 6549 6552 9373
f 2991 2636 2992
f 3055 9721 3056
f 3113 3004 3006
f 5599 5502 5504
f 5501 5502 5599
f 9516 5558 5439
f 5439 9517 9516
f 9514 9517 5441
f 5441 9515 9514
f 9512 9515 5443
f 5443 9513 9512
f 9510 9513 5445
f 5445 9511 9510
f 5680 9511 5449
f 5450 5680 5449
f 3724 9620 3725
f 9502 5655 5552
f 5552 5657 9502
f 5658 5657 5554
f 5554 5660 5658
f 5661 5660 5556
f 5556 5664 5661
f 5665 5664 9516
f 9516 5668 5665
f 5669 5668 9514
f 9514 5672 5669
f 5673 5672 9512
f 9512 5675 5673
f 5676 5675 9510
f 9510 9509 5676
f 5802 9509 5680
f 5679 5802 5680
f 9490 5776 5651
f 5651 5778 9490
f 5779 5778 5653
f 5653 5781 5779
f 5782 5781 9502
f 9502 9501 5782
f 5913 5912 5774
f 5774 5915 5913
f 5916 5915 9490
f 9490 9489 5916
f 6056 6055 5909
f 5909 9472 6056
f 6192 9472 5911
f 5911 9471 6192
f 9417 9449 6052
f 9417 6052 9448
f 9449 9418 6189
f 9418 9449 9417
f 9415 9448 6054
f 6054 9447 9415
f 9418 6327 6329
f 6469 9416 6332
f 6402 6403 9397
f 9397 6540 6402
f 6404 6267 6405
f 6408 6543 6267
f 6410 6408 6411
f 6469 6470 6465
f 6470 6468 6476
f 6538 6539 6687
f 6687 6684 6538
f 6541 6540 9357
f 9357 9356 6541
f 6406 6540 9397
f 9397 6404 6406
f 9375 6688 9357
f 6542 6544 6543
f 6405 6544 9375
f 6544 6542 6545
f 6547 6545 6412
f 9374 6549 6551
f 9871 6476 6475
f 667 905 665
f 6754 9871 6756
f 9369 6611 6756
f 6475 9369 9871
f 6681 6682 6683
f 6683 6811 6681
f 6685 6686 9335
f 9334 6931 6685
f 9358 9313 9335
f 6688 9375 6689
f 6691 6689 6546
f 6548 9354 6691
f 9354 6816 9355
f 6816 9354 6694
f 9354 6547 6551
f 6547 9354 6548
f 6757 6756 6611
f 6757 6611 6758
f 6758 9346 6759
f 9325 9346 9326
f 6802 6800 6801
f 6802 6922 6800
f 6804 9338 9317
f 9317 9300 6804
f 9317 6805 9315
f 9315 9299 9317
f 9316 9336 6806
f 6806 9314 9316
f 6808 6809 6810
f 6810 7050 6808
f 6930 6928 6812
f 6929 9334 6933
f 6933 6932 6929
f 9358 6815 9313
f 6813 6815 6690
f 6692 9332 6813
f 9332 6936 9333
f 6936 9332 6818
f 6692 9355 9332
f 6881 6880 9325
f 6881 6763 6882
f 6887 6883 6882
f 6921 6917 6920
f 7043 9282 6917
f 6923 6924 9301
f 7171 7165 6923
f 9301 9300 9298
f 9298 7171 9301
f 9299 9315 6927
f 6927 7045 9299
f 7050 6928 7053
f 7053 7051 7050
f 6928 6930 9296
f 7052 6928 9296
f 9651 3590 3537
f 6935 6933 9313
f 6814 9311 6935
f 9311 7057 9312
f 7057 9311 6938
f 6814 9333 9311
f 3528 9646 3319
f 6982 6857 6984
f 6887 7011 7010
f 7011 6887 6886
f 6888 6886 6885
f 7012 9305 7127
f 7018 7127 9305
f 7042 7041 7157
f 7156 9282 7163
f 7164 7165 7170
f 7169 7171 7044
f 7046 7045 7048
f 2109 9577 2872
f 7049 7047 9281
f 9598 4010 4009
f 7051 7053 7179
f 7053 7052 7179
f 7179 7052 7056
f 1142 1208 1279
f 7054 9294 7183
f 6932 6934 9294
f 9295 7184 7183
f 7059 7184 9295
f 6934 6935 9312
f 6934 9312 9295
f 9310 3377 3270
f 7083 6962 7087
f 1340 1280 1342
f 7085 6961 7215
f 6970 7222 7224
f 7225 7222 6970
f 9292 7227 7225
f 7228 7227 9292
f 9291 7230 7228
f 7231 7230 9291
f 7233 7231 9290
f 7234 7233 9290
f 9289 7236 7234
f 9289 7097 7236
f 7129 7018 7133
f 7133 7018 7130
f 7130 7018 7131
f 7017 7131 7018
f 7132 7020 7136
f 7019 7136 7020
f 7135 7274 7272
f 7274 7135 7277
f 7026 9288 7022
f 9288 7277 7137
f 7277 9288 7140
f 7166 7169 7299
f 7299 7046 7174
f 7049 7177 7172
f 4146 9575 9579
f 7175 7178 7180
f 9281 7178 7175
f 7180 7305 7304
f 7305 7180 7182
f 7090 7216 7215
f 7216 7089 7221
f 7092 7091 7089
f 7095 7344 7219
f 7224 7344 7095
f 7282 7144 7145
f 7144 7282 7141
f 7285 7150 9280
f 9284 7145 7142
f 7288 7149 9279
f 7149 9280 7150
f 7154 7153 9277
f 9277 9278 7154
f 9278 7406 7403
f 7406 9278 9270
f 9276 7155 9275
f 7153 7155 9277
f 9276 7409 9270
f 7409 9276 9269
f 9274 7159 9273
f 7159 9274 7160
f 9274 7412 9269
f 7412 9274 9268
f 9272 7161 7293
f 7161 9272 7292
f 9272 7415 9268
f 7415 9272 9267
f 9271 7418 9267
f 7418 9271 7297
f 9271 7294 7167
f 1465 1333 1272
f 7945 7839 8116
f 3114 3151 3057
f 7841 9266 8114
f 2864 9724 3095
f 7843 9266 7842
f 9266 7843 8119
f 3261 3048 3262
f 7949 8119 7844
f 3211 3271 3151
f 7951 7845 7846
f 3273 9685 9667
f 7953 7951 7847
f 980 940 901
f 9753 2639 9754
f 7943 8046 7942
f 7944 7838 8047
f 3666 3614 3667
f 3382 9667 9665
f 9724 9690 3095
f 3262 3051 3260
f 7949 7845 8048
f 8048 8205 7949
f 1387 1323 7950
f 8208 8288 7951
f 8208 7951 7953
f 9665 9667 9685
f 7966 8128 8126
f 8052 8129 8127
f 8127 8215 8128
f 8054 8130 8051
f 8051 8130 8129
f 8056 8132 8053
f 8297 8130 8053
f 8055 8217 8132
f 8058 8134 8131
f 8131 8216 8055
f 8057 8218 8134
f 8220 7978 7982
f 8221 7982 8059
f 8059 8060 8136
f 8137 8059 8136
f 8135 7984 8062
f 8039 8112 7935
f 8112 8039 8192
f 8040 8038 7936
f 8038 8041 8196
f 8043 8041 7938
f 8043 8194 8041
f 8044 8113 8042
f 9691 3313 3189
f 3512 3575 3460
f 7945 8201 8047
f 8201 8116 8115
f 3611 3663 3555
f 8114 9266 8118
f 1208 1142 1141
f 8205 8117 7949
f 9640 3592 3591
f 8288 8048 7951
f 8289 7954 8370
f 7954 8120 7952
f 3719 3662 3722
f 7964 8293 8292
f 8133 8304 8057
f 7982 8221 8220
f 8059 8223 8221
f 8225 8135 8062
f 8135 8224 8137
f 8111 8187 8186
f 8112 8187 8037
f 8187 8112 8190
f 8192 8189 8112
f 8189 8193 8191
f 8196 8192 8038
f 8192 8196 8193
f 8194 8196 8041
f 8043 8113 8194
f 8046 8278 8045
f 8046 8045 7941
f 8278 7943 8200
f 8047 8200 7943
f 1202 1272 1333
f 9587 3945 9586
f 8203 8115 8114
f 8286 8284 8117
f 3583 3587 3865
f 8207 8288 8208
f 8207 8204 8288
f 7953 8120 8208
f 8120 7954 8289
f 8371 8122 8619
f 8371 8619 8616
f 8121 8371 8370
f 8123 8124 8452
f 8290 8452 8124
f 8049 8292 8209
f 8291 8209 8292
f 875 8212 876
f 8128 8214 8211
f 8214 8215 8459
f 1005 1121 1120
f 8298 8053 8132
f 156 3232 162
f 8132 8217 8298
f 8219 8216 8134
f 1074 1073 1075
f 8304 8218 8057
f 8218 9230 8219
f 8222 8304 8220
f 8306 8222 8221
f 8226 8223 8137
f 8223 8306 8221
f 8227 8224 8225
f 8224 8308 8226
f 9807 177 176
f 177 9454 178
f 8229 8309 8138
f 8185 8272 8184
f 8272 8185 8273
f 8186 8188 8274
f 8190 8188 8187
f 8190 8275 8188
f 2600 2533 2532
f 2595 2533 2600
f 8195 8193 8196
f 8113 8360 8194
f 8197 8360 8113
f 8358 8360 8197
f 8278 8198 8045
f 8198 8278 8280
f 8278 8200 8279
f 3820 3822 3886
f 8281 8199 8283
f 2596 2662 2660
f 8201 8282 8199
f 8282 8115 8363
f 8203 8363 8115
f 8114 8118 8203
f 8284 8202 8118
f 8117 8284 8118
f 8205 8286 8117
f 8206 8289 8533
f 8533 8207 8206
f 8289 8370 8372
f 3993 3874 3873
f 8209 8455 8290
f 8294 8293 8125
f 8291 8293 8453
f 8390 8227 8138
f 8138 8310 8390
f 8311 8228 8231
f 8228 8392 8309
f 8273 8353 8272
f 8353 8273 8274
f 1030 1073 980
f 940 980 1073
f 8275 8440 8188
f 8440 8439 8521
f 1219 1289 1218
f 8191 8193 9872
f 8195 9872 8193
f 8360 8356 8194
f 8277 8358 8197
f 8280 8277 8198
f 938 976 1834
f 1027 976 938
f 8393 8310 8309
f 8310 8393 8389
f 8394 8392 8311
f 8392 8473 8393
f 8274 8355 8353
f 8355 8274 8519
f 8440 8519 8274
f 8519 8440 8521
f 9872 8441 8191
f 9872 9381 8441
f 8195 9381 9872
f 8195 8357 9381
f 8359 8357 8356
f 8357 8359 8362
f 8361 8359 8358
f 8358 8277 8361
f 8280 8442 8277
f 8286 8446 8285
f 8611 8527 8446
f 8204 8287 8205
f 8287 8204 8448
f 2472 2423 2377
f 8531 8615 8532
f 9873 8532 8615
f 8371 8616 8372
f 8450 8619 8451
f 8619 8618 8616
f 8620 8452 8290
f 8450 8452 8620
f 8455 8209 8291
f 8620 8290 8622
f 8474 8389 8393
f 8389 8474 8471
f 8476 8473 8394
f 8473 8560 8474
f 8441 9381 9380
f 9381 8357 8525
f 8361 8277 8700
f 8442 8700 8277
f 8700 8442 8609
f 8443 8609 8442
f 8609 8443 8607
f 8448 8447 8287
f 8447 8448 8613
f 9829 8705 8532
f 8559 8472 8471
f 8472 8559 8556
f 8558 8637 8559
f 8562 8560 8476
f 8560 8638 8558
f 8524 8522 8439
f 9380 8524 8441
f 8693 8524 8695
f 8525 8695 9381
f 2294 9832 2353
f 8704 8607 8443
f 9607 3886 4010
f 8705 8449 8207
f 8207 8533 8705
f 8615 8617 9873
f 8621 8618 8450
f 8618 536 8617
f 8620 8623 8621
f 8624 8622 8455
f 8622 8624 8842
f 8625 8454 8453
f 8454 8781 8624
f 8783 8457 8456
f 8457 8782 8625
f 8627 8456 8458
f 8456 8627 8783
f 8707 8626 8460
f 8626 8785 8627
f 8636 8557 8556
f 8635 8716 8636
f 8720 8637 8638
f 8637 8718 8635
f 8525 8694 8695
f 1968 1967 1822
f 8698 8700 8699
f 8607 8704 8703
f 9874 8702 8704
f 8702 9874 9875
f 8610 9875 9874
f 9875 8610 6665
f 9829 8532 8903
f 8899 8614 9829
f 9596 3890 3941
f 8618 8621 537
f 8780 537 8621
f 8715 8631 8553
f 8791 8634 8633
f 8715 8634 8790
f 8717 8633 8636
f 8794 8716 8718
f 8716 8793 8717
f 623 744 624
f 8698 8699 8775
f 979 940 1072
f 8703 8701 8607
f 8702 9875 6664
f 6665 6664 9875
f 791 790 789
f 8894 8893 6663
f 8446 8612 8611
f 8612 8447 9876
f 8613 9876 8447
f 9876 8613 8779
f 9873 8901 8903
f 9873 8617 8967
f 8788 8713 8632
f 8712 8713 8847
f 8792 8714 8715
f 8714 8849 8789
f 8851 8790 8791
f 8790 8850 8792
f 8796 8791 8717
f 8776 8889 8775
f 8701 8703 8841
f 6664 8778 8702
f 8778 6664 9071
f 8611 8894 6663
f 8894 8612 8897
f 9876 8897 8612
f 8897 9876 9877
f 694 781 779
f 9420 9421 6325
f 8970 537 8780
f 537 8970 538
f 8843 8842 8624
f 8842 8905 8780
f 8906 8781 8784
f 8781 8906 8843
f 16 8908 17
f 8977 8785 8708
f 8708 8786 8977
f 8845 8787 8711
f 8787 8915 8786
f 8844 8979 8845
f 8846 8981 8844
f 8848 8847 8788
f 8847 8918 8846
f 8789 8921 8848
f 8852 8849 8792
f 8855 8850 8851
f 8850 8924 8852
f 8841 8840 8701
f 8893 9071 6664
f 8894 8897 8896
f 8779 9877 9876
f 9877 8779 8961
f 8614 8961 8779
f 8961 8614 8900
f 8903 8899 9829
f 8899 8903 8902
f 8967 8901 9873
f 538 8970 8968
f 8905 8970 8780
f 8970 8969 8968
f 9026 8904 8843
f 8909 8907 8908
f 8974 8973 8972
f 9161 8911 9878
f 8963 8913 9879
f 8913 8964 8911
f 8915 9032 8977
f 898 1834 976
f 8981 8979 8844
f 8920 8981 8846
f 8982 8981 8920
f 8922 8918 8848
f 8919 8918 8922
f 8921 8986 8922
f 9071 8892 8778
f 710 661 749
f 8896 8895 8894
f 9877 8898 8897
f 8898 9877 9021
f 9877 8961 9021
f 8776 8775 8699
f 9878 8901 8967
f 9878 8965 9023
f 9878 8967 8965
f 8968 8971 8966
f 8972 8969 8905
f 8971 8969 9024
f 9026 8843 8906
f 8713 8552 8632
f 9026 8906 9025
f 9027 8907 8909
f 8907 9027 8976
f 8978 8909 16
f 8909 9029 9027
f 9032 8910 8977
f 8910 9031 8978
f 9037 8979 8983
f 8980 8979 9037
f 1690 1832 9838
f 8898 9021 9020
f 8960 9021 8961
f 8900 8962 8961
f 8900 8963 8962
f 8902 8963 8899
f 1743 1599 1600
f 9878 8964 8901
f 8700 8698 8361
f 8362 8361 8698
f 8966 8971 9076
f 8974 8904 9026
f 8904 8974 8972
f 9028 9025 8976
f 4008 3939 9425
f 9596 3941 4073
f 1830 1829 1833
f 8960 9022 9021
f 8962 8963 9879
f 8963 8902 8913
f 8964 9878 8911
f 9836 8470 8388
f 9023 9161 9878
f 735 860 859
f 9874 8704 9835
f 9879 9074 8962
f 9074 9879 9159
f 8912 9879 8913
f 9879 8912 9159
f 9161 9075 8911
f 9161 9023 9162
f 9024 9116 8971
f 9160 9162 8536
f 9162 9160 9161
f 9163 9164 8534
f 9076 9164 9163
f 602 682 603
f 681 603 682
f 748 707 708
f 785 786 865
f 786 785 744
f 8525 8357 8362
f 1601 1672 1745
f 1672 1601 1602
f 445 444 448
f 3771 3727 3772
f 9836 8472 8470
f 8472 9836 8391
f 8471 8391 8389
f 8390 8389 8391
f 374 448 444
f 695 694 564
f 781 694 695
f 299 358 296
f 1472 1406 1546
f 903 905 667
f 222 220 219
f 1278 1539 1538
f 9784 691 562
f 562 691 613
f 9787 431 361
f 431 9787 502
f 8307 9836 8388
f 9836 8307 8308
f 1135 1270 1134
f 1134 1270 1272
f 362 364 9788
f 8465 8384 8386
f 9798 192 259
f 188 192 9798
f 9670 9686 72
f 8359 8356 8360
f 8194 8356 8195
f 361 362 9788
f 8217 8302 8300
f 9880 1041 989
f 9881 9880 989
f 9881 989 951
f 8120 8206 8208
f 8227 8139 8138
f 8229 8138 8140
f 9686 129 72
f 1073 1072 940
f 7981 7877 8060
f 3942 9594 9593
f 4005 4009 4142
f 9597 9424 4140
f 9423 4073 4072
f 8554 8465 8467
f 9581 9594 9579
f 9688 9579 9594
f 8557 8555 8469
f 9383 6554 6553
f 6554 9383 9373
f 4195 4145 4144
f 4143 9582 4200
f 6416 6418 6415
f 953 9881 951
f 6271 6413 6409
f 6413 6410 6409
f 4283 4123 4122
f 4283 4176 4123
f 4337 4339 4550
f 857 780 858
f 696 858 780
f 7958 8451 8122
f 9421 6190 6189
f 7177 7176 7303
f 7173 7177 7303
f 7174 7173 7301
f 7301 7298 7174
f 7421 7295 7298
f 7167 7295 7297
f 7297 9271 7167
f 7293 9271 9267
f 9267 9272 7293
f 9273 9272 9268
f 9268 9274 9273
f 9275 9274 9269
f 9269 9276 9275
f 9277 9276 9270
f 9270 9278 9277
f 9279 9278 7403
f 7403 7288 9279
f 9280 7288 7290
f 7290 7285 9280
f 7145 7285 7287
f 7287 7282 7145
f 7141 7282 7284
f 7284 7139 7141
f 6190 9421 6321
f 7056 7055 7182
f 7182 7180 7056
f 7304 7175 7180
f 9575 4148 9566
f 7177 9281 7175
f 7049 7172 7046
f 7174 7046 7172
f 7169 7166 7168
f 7168 7170 7169
f 7141 7140 9287
f 7140 9288 9287
f 7277 7135 7137
f 7132 7135 7272
f 7272 7130 7132
f 9312 7057 7059
f 7059 9295 9312
f 9294 9295 7183
f 7056 7052 7054
f 7016 6895 6894
f 6893 6895 6772
f 7015 6892 6891
f 6890 6892 9323
f 7127 7011 7012
f 7012 6886 6889
f 6888 9324 6889
f 6883 7008 6881
f 6884 6881 7008
f 9333 6936 6938
f 6938 9311 9333
f 3537 3536 9651
f 6893 6772 6771
f 9345 6771 6769
f 6769 9323 6626
f 9324 6765 6768
f 6885 6766 6765
f 6882 6763 6761
f 6763 6881 9325
f 5213 5324 5447
f 6759 6877 6757
f 6760 6757 6877
f 9355 6816 6818
f 6818 9332 9355
f 6690 6815 9358
f 9358 6688 6690
f 6769 6626 6625
f 9367 6625 6624
f 6768 6767 6621
f 6764 6620 6619
f 6622 6619 6616
f 6612 6620 6762
f 9326 6615 6614
f 6758 6611 6610
f 6546 6689 9375
f 9375 6544 6546
f 9388 6618 6486
f 6622 6489 6488
f 9368 6485 6484
f 9389 6484 6483
f 6481 6479 6613
f 9390 6613 6479
f 6609 6482 6481
f 6756 9871 9369
f 9369 6475 6478
f 6477 6478 6473
f 6754 6476 9871
f 6754 6471 6476
f 6467 6326 6328
f 85 84 81
f 6695 6549 9373
f 9374 6547 6412
f 6545 6542 6412
f 6487 6345 6347
f 9412 6347 6340
f 9389 6343 6345
f 6468 6332 6331
f 9414 6331 6330
f 6465 6470 6472
f 6472 6328 6465
f 709 789 708
f 9416 6469 6327
f 6327 9418 9416
f 6407 6267 6269
f 6268 6266 6269
f 6266 6263 6262
f 6262 6264 9432
f 5987 6134 9457
f 9457 6134 6132
f 6132 6131 6130
f 6128 6130 6129
f 6128 6125 6127
f 6126 6123 6127
f 7186 7055 7183
f 5834 5986 9476
f 5984 9476 5986
f 5984 5983 5982
f 5979 5982 5981
f 5979 5978 5977
f 5975 5977 5976
f 5976 6115 9477
f 6115 9478 9477
f 2103 9828 6293
f 5697 5833 9492
f 5830 9492 5833
f 734 820 735
f 5970 5828 5974
f 5828 5827 5826
f 5823 5826 5825
f 5823 5822 5821
f 5819 5821 5820
f 5820 5963 9493
f 5963 9494 9493
f 5560 5696 9505
f 5693 9505 5696
f 5693 5692 5691
f 5688 5691 5690
f 5688 5815 9506
f 5686 9506 5685
f 5686 5685 5684
f 5681 5684 5683
f 5683 5807 9507
f 9508 9507 5807
f 9508 5803 5679
f 5452 5450 5451
f 4486 118 4489
f 620 705 621
f 4484 4374 4487
f 4482 4372 4485
f 4481 4370 4483
f 9567 4309 4308
f 8622 8842 8623
f 8785 8977 18
f 8783 17 8908
f 8782 8907 8784
f 748 708 789
f 8784 8781 8625
f 9577 3640 2872
f 8908 8782 8783
f 4309 9567 4201
f 3640 4341 4553
f 8706 8628 8711
f 22 4334 4045
f 17 8627 8785
f 9580 4198 4200
f 5214 5215 5325
f 9582 4072 9581
f 8627 17 8783
f 7947 7946 8710
f 8711 8628 8710
f 495 428 496
f 433 9782 365
f 8460 8629 8707
f 8459 8626 8458
f 9783 9787 363
f 8465 8554 8551
f 3944 3945 9587
f 1599 1743 1742
f 8552 8463 8466
f 8384 8466 8463
f 4008 4010 9613
f 8296 8462 8460
f 8459 8460 8626
f 8610 8202 8527
f 8363 8610 9874
f 8283 9874 9835
f 8279 8281 8443
f 3889 3891 9622
f 3686 3792 3635
f 3635 3687 3686
f 9620 3723 3725
f 3528 3693 9616
f 8227 8390 8308
f 9613 4010 3886
f 8462 8296 8299
f 8299 8296 8130
f 901 865 902
f 7841 8114 7839
f 9428 9455 9427
f 9634 9653 3531
f 3418 9675 9694
f 9694 3310 3418
f 9616 3747 9646
f 9646 3747 3424
f 3378 3862 3267
f 5328 5325 5216
f 3463 3577 3520
f 3520 3372 3463
f 4934 4692 4938
f 3090 3190 9692
f 9694 9714 3090
f 3372 3520 9674
f 3519 9674 3520
f 2942 9617 9671
f 9617 2942 3268
f 3371 9662 9654
f 3371 3259 9662
f 4889 4558 4433
f 9822 4368 4480
f 4657 4656 4170
f 8460 8459 8295
f 9782 433 505
f 8629 8460 8462
f 4479 4300 4368
f 2105 3523 9709
f 4375 4307 4378
f 4373 116 118
f 4371 4303 4374
f 4369 4301 4372
f 4367 4298 4370
f 2703 2515 2347
f 2937 2756 2818
f 4310 4201 4311
f 9587 9586 4149
f 2577 2636 2868
f 2868 2578 2577
f 9688 9578 4146
f 2620 2689 2561
f 4143 4145 9423
f 2311 2265 2314
f 5060 5276 5161
f 3942 3943 9688
f 9688 3943 9588
f 2558 2561 9743
f 2561 2689 9743
f 4071 4073 3941
f 9595 3939 9596
f 9607 9598 9600
f 3824 9628 3768
f 3629 3630 9626
f 2344 2821 2342
f 9748 9755 2445
f 9748 2445 2497
f 3318 4043 3317
f 9595 9425 3939
f 1054 1007 1008
f 8301 8297 8298
f 9799 258 322
f 3726 9632 3611
f 1813 2511 9753
f 2363 2416 2362
f 2361 2362 2416
f 9757 9764 2355
f 9689 9691 9712
f 9763 2364 9768
f 2303 2365 2363
f 3092 9691 3188
f 1969 1900 1970
f 2039 2037 1969
f 9711 9690 9724
f 3092 3188 3190
f 2984 9725 3094
f 9722 9724 9723
f 9712 3094 3095
f 1955 1809 1885
f 9711 3253 9690
f 3057 2943 3005
f 1745 1810 1886
f 9770 1665 1667
f 178 183 176
f 5857 9807 3174
f 1684 1404 1403
f 9787 9783 499
f 1464 919 1529
f 1450 1451 9770
f 1348 1349 1412
f 1412 1349 9834
f 1341 1405 1207
f 4149 9586 4150
f 2182 9869 9759
f 9766 2227 2168
f 2036 2037 2348
f 3310 9694 9692
f 2035 2036 2179
f 1956 1806 1809
f 1956 1807 1806
f 1292 1291 1222
f 1222 1291 1221
f 6293 1674 1673
f 7183 7184 7186
f 9828 1671 1674
f 1341 1207 1209
f 9283 7150 9284
f 1338 1402 1204
f 1139 1204 1402
f 11 1895 1543
f 3008 3113 3006
f 1138 1469 1276
f 1469 1138 1139
f 1124 1190 1054
f 1527 1530 1673
f 1157 1156 1085
f 1537 1684 1403
f 9244 971 972
f 1029 1072 1145
f 1072 1029 979
f 930 9245 1064
f 971 9244 930
f 1269 1532 1397
f 1531 1397 1532
f 1063 928 929
f 1676 1530 1529
f 1463 1464 1529
f 1541 1539 1540
f 919 1464 1397
f 1332 1397 1464
f 1060 1012 1013
f 1470 1540 1339
f 1201 1334 1532
f 1210 1145 1280
f 1334 1201 1202
f 1210 1209 1071
f 9571 4116 9603
f 9244 1203 1200
f 1272 1202 1134
f 1199 1064 9245
f 9790 9786 457
f 1122 1051 1052
f 1206 1069 1025
f 3536 3380 3379
f 9786 9790 461
f 859 1023 935
f 936 859 860
f 1005 1051 1121
f 782 858 697
f 2985 9717 2986
f 703 737 616
f 266 330 327
f 1550 1477 9833
f 99 102 3221
f 1351 8276 9837
f 9797 9751 266
f 266 265 9797
f 292 9803 9794
f 9794 9793 292
f 14 53 3348
f 14 1337 53
f 9803 9804 224
f 2389 2321 9769
f 223 9803 224
f 8279 8200 8281
f 219 9808 134
f 6324 9420 6325
f 8463 8300 8302
f 9805 9804 221
f 2839 2907 2906
f 9423 9595 4073
f 9429 6409 6135
f 22 2510 9584
f 9597 4142 4009
f 2884 2771 2887
f 1277 1538 1403
f 1680 1816 1681
f 2093 1954 2095
f 2094 2095 1882
f 2021 1883 1884
f 1955 2024 2099
f 2296 9864 9831
f 2038 2183 9832
f 2181 9866 9868
f 2294 2296 9831
f 9870 9869 2181
f 2291 2348 2350
f 2348 2296 2350
f 2353 9832 2182
f 9869 9764 9759
f 190 9701 9704
f 1121 1122 1189
f 1674 6293 9828
f 2771 2769 2710
f 4036 3855 3856
f 2994 3269 9721
f 3271 3211 3329
f 3460 3462 3512
f 8116 8201 7945
f 9667 3382 3478
f 8119 8118 9266
f 3575 3512 3629
f 7943 8278 8046
f 9640 3589 3592
f 3803 3865 3587
f 9633 9637 20
f 8122 8371 8121
f 7964 8125 8293
f 8115 8282 8201
f 3993 3871 3874
f 8531 8533 8289
f 8289 8372 8531
f 9873 8903 8532
f 3890 9596 3938
f 8617 536 8967
f 9594 9581 4071
f 4145 4195 4140
f 2847 2844 2789
f 9626 3630 3787
f 9627 3735 3736
f 4008 9613 9604
f 8464 8630 7946
f 8555 8553 8468
f 8202 8610 8363
f 8363 9874 8283
f 8283 9835 8281
f 8114 8116 7839
f 1287 1288 1350
f 4295 4297 4366
f 9423 4145 9424
f 2038 1971 9865
f 2234 2825 2233
f 1024 1025 1069
