# https://github.com/mikedh/trimesh
v 1.82224011 0.00916866 13.41660023
v 1.82063007 0.10239100 13.41020012
v 1.81735003 0.01012420 13.41710091
v 1.81578004 0.10135400 13.41079998
v 1.80888009 0.01178120 13.41790009
v 1.80736005 0.09955550 13.41179943
v 1.79419005 0.01465470 13.41929913
v 1.79276013 0.09643720 13.41359997
v 1.76870990 0.01963780 13.42169952
v 1.76744998 0.09102970 13.41670036
v 1.72451997 0.02827910 13.42590046
v 1.72355008 0.08165220 13.42220020
v 1.53752005 0.25533399 13.43000031
v 1.47372997 0.18674600 13.44180012
v 1.47869992 0.18538100 13.44140053
v 1.54021001 0.25111800 13.43000031
v 1.48732007 0.18301401 13.44060040
v 1.54487002 0.24380600 13.43000031
v 1.50225997 0.17891000 13.43930054
v 1.55296004 0.23112801 13.43000031
v 1.52818000 0.17179200 13.43690014
v 1.56696999 0.20914099 13.43009949
v 1.57312000 0.15944901 13.43300056
v 1.59127998 0.17101200 13.43020058
v 1.62695003 0.28170300 13.41840076
v 1.62690997 0.27671599 13.41880035
v 1.62684989 0.26806700 13.41940022
v 1.62674010 0.25307000 13.42049980
v 1.62654996 0.22706299 13.42230034
v 1.62621999 0.18196300 13.42560005
v 1.44203997 0.09779941 13.45160103
v 1.44713998 0.09809420 13.45099926
v 1.45600009 0.09860550 13.44999981
v 1.47134995 0.09949210 13.44830036
v 1.49798000 0.10103001 13.44530010
v 1.54414999 0.10369600 13.44009972
v 1.47022998 -0.08018850 13.46119976
v 1.53443003 -0.14665700 13.45890045
v 1.47450995 -0.07768690 13.46049976
v 1.53752005 -0.14272700 13.45829964
v 1.48194003 -0.07334870 13.45939922
v 1.54288995 -0.13591000 13.45720100
v 1.49480999 -0.06582570 13.45749950
v 1.55220008 -0.12408800 13.45540047
v 1.51714003 -0.05277970 13.45409966
v 1.56834006 -0.10358900 13.45219994
v 1.55586004 -0.03015610 13.44830036
v 1.59632993 -0.06803870 13.44659996
v 1.62674010 -0.16876301 13.45050049
v 1.71672988 -0.14154699 13.43879986
v 1.62646997 -0.16378000 13.45010090
v 1.71378994 -0.13746901 13.43879986
v 1.62600994 -0.15514000 13.44960022
v 1.70869994 -0.13039801 13.43890095
v 1.62520003 -0.14015600 13.44859886
v 1.69985008 -0.11813500 13.43890095
v 1.62380004 -0.11417200 13.44689941
v 1.68452001 -0.09686890 13.43910027
v 1.62136996 -0.06911241 13.44400024
v 1.65793991 -0.05999100 13.43939972
v 1.78372002 0.18815699 13.40809917
v 1.71643996 0.25393701 13.41069984
v 1.77961004 0.18537399 13.40870094
v 1.71382010 0.24971399 13.41130066
v 1.77250004 0.18054600 13.40980053
v 1.70928991 0.24238999 13.41230011
v 1.76016009 0.17217501 13.41179943
v 1.70144010 0.22969000 13.41399956
v 1.73875999 0.15765801 13.41510010
v 1.68780994 0.20766599 13.41710091
v 1.70165002 0.13248301 13.42090034
v 1.66418993 0.16947401 13.42239952
v 1.44060004 0.00635438 13.45820045
v 1.44534993 0.00815218 13.45760059
v 1.45360005 0.01126980 13.45650005
v 1.46790004 0.01667620 13.45450020
v 1.49268997 0.02605180 13.45119953
v 1.53569007 0.04231030 13.44530010
v 1.78630006 -0.07746730 13.42669964
v 1.78220999 -0.07460330 13.42689991
v 1.77511001 -0.06963690 13.42729950
v 1.76280999 -0.06102440 13.42799950
v 1.74146998 -0.04608900 13.42930031
v 1.70447004 -0.02018900 13.43150043
v 1.62534010 -0.02039240 13.44009972
v 1.58668005 0.08890080 13.43650055
v 1.58987999 0.10966100 13.43470001
v 1.63519001 0.00344901 13.43729973
v 1.61063004 -0.00251999 13.44040108
v 1.61087000 0.01108870 13.43939972
v 1.61189008 0.06960270 13.43509960
v 1.62845004 0.06944580 13.43329906
v 1.61214995 0.08436669 13.43410015
v 1.61163008 0.05473020 13.43620014
v 1.63015008 0.12772900 13.42899895
v 1.62940001 0.11636700 13.42989922
v 1.64291000 0.11938200 13.42819977
v 1.61264002 0.11262999 13.43200111
v 1.58519006 0.12358201 13.43419933
v 1.67199004 0.08172720 13.42769909
v 1.66259992 0.06990840 13.42960072
v 1.67957997 0.05538930 13.42879963
v 1.65928996 0.12303500 13.42619896
v 1.65638006 0.09368740 13.42859936
v 1.66613996 0.10205100 13.42689991
v 1.64414001 0.10340500 13.42920113
v 1.64559996 0.08445000 13.43039989
v 1.64701009 -0.00499594 13.43659973
v 1.64445996 0.02589340 13.43470001
v 1.63803995 0.13767199 13.42749977
v 1.61725008 0.13616200 13.42980003
v 1.66657996 0.00890524 13.43350029
v 1.65312994 0.04693780 13.43229961
v 1.63125002 0.02314830 13.43630028
v 1.68671000 0.08170580 13.42619896
v 1.63638997 0.10981899 13.42960072
v 1.62884998 0.09876780 13.43120003
v 1.60127997 0.10225000 13.43400002
v 1.60209012 -0.02366020 13.44279957
v 1.58459997 0.01305430 13.44210052
v 1.60004008 0.02016660 13.43990040
v 1.69421995 0.04655450 13.42780018
v 1.67512000 0.03943950 13.43039989
v 1.67896998 -0.00060549 13.43280029
v 1.59825003 0.05254210 13.43780041
v 1.60044003 0.03748510 13.43869972
v 1.58361995 0.05014960 13.43959999
v 1.62808990 0.05390050 13.43449974
v 1.62777996 0.04054580 13.43549919
v 1.61321998 0.03891610 13.43719959
v 1.63908005 0.05974820 13.43289948
v 1.63756013 0.09131800 13.43079948
v 1.56755996 0.07142870 13.43979931
v 1.58406997 0.03311310 13.44069958
v 1.61111999 0.02526490 13.43840027
v 1.61017001 0.14566600 13.42989922
v 1.61242008 0.09998450 13.43289948
v 1.62049997 0.12700699 13.43009949
v 1.65564990 0.01729950 13.43410015
v 1.58517003 0.06980141 13.43800068
v 1.62047005 0.10594000 13.43159962
v 1.56766009 0.03623210 13.44230080
v 1.61951995 0.01620960 13.43809986
v -3.73758006 -0.94055998 8.22949982
v -3.72112989 -0.84641600 8.22430992
v -3.71966028 -0.84755802 8.21967030
v -3.73587990 -0.94035500 8.22480011
v -3.71710014 -0.84953803 8.21162033
v -3.73292994 -0.93999898 8.21666050
v -3.71268010 -0.85297203 8.19766998
v -3.72780991 -0.93938303 8.20252991
v -3.70500994 -0.85892695 8.17347050
v -3.71894979 -0.93831503 8.17803001
v -3.69169998 -0.86925298 8.13150024
v -3.70357013 -0.93646097 8.13554955
v -3.66982007 -1.08571994 7.97535992
v -3.70442009 -1.12269998 8.05661011
v -3.67032003 -1.08184004 7.97846985
v -3.70419002 -1.11786008 8.05807018
v -3.67120028 -1.07510996 7.98386002
v -3.70377994 -1.10947001 8.06060028
v -3.67270994 -1.06343007 7.99321985
v -3.70308995 -1.09491992 8.06499004
v -3.67532992 -1.04317999 8.00942993
v -3.70187998 -1.06968999 8.07259941
v -3.67986989 -1.00806999 8.03756046
v -3.69977999 -1.02594006 8.08580971
v -3.61543012 -0.75276697 7.96764994
v -3.61255980 -0.83688295 7.92284012
v -3.61432981 -0.83731806 7.92763996
v -3.61716008 -0.75584602 7.97118998
v -3.61740994 -0.83807099 7.93597031
v -3.62016988 -0.76118398 7.97732019
v -3.62274027 -0.83937800 7.95040989
v -3.62538981 -0.77044201 7.98795986
v -3.63198996 -0.84164399 7.97546005
v -3.63442993 -0.78649604 8.00641060
v -3.64803004 -0.84557307 8.01889992
v -3.65010977 -0.81433600 8.03840065
v -3.62106013 -0.92760098 7.90715027
v -3.62249994 -0.92611301 7.91184998
v -3.62500000 -0.92353201 7.91999960
v -3.62932014 -0.91905606 7.93414021
v -3.63681984 -0.91129398 7.95865011
v -3.64984012 -0.89783400 8.00115013
v -3.74295998 -1.03240991 8.20453072
v -3.74114990 -1.03077006 8.20015049
v -3.73800993 -1.02793002 8.19256020
v -3.73256993 -1.02300000 8.17938995
v -3.72312999 -1.01444995 8.15655994
v -3.70675993 -0.99962503 8.11696053
v -3.66352010 -0.69312501 8.12907028
v -3.63255000 -0.69463098 8.04123020
v -3.63386011 -0.69913101 8.04297066
v -3.66346025 -0.69764298 8.12693024
v -3.63614011 -0.70693302 8.04598045
v -3.66334987 -0.70547700 8.12320995
v -3.64010000 -0.72046500 8.05121040
v -3.66316986 -0.71906298 8.11676979
v -3.64696002 -0.74392998 8.06027985
v -3.66286016 -0.74262297 8.10560989
v -3.65885997 -0.78462100 8.07600021
v -3.66231990 -0.78347903 8.08623981
v -3.69716001 -0.75878203 8.19509983
v -3.69614983 -0.76154697 8.19106007
v -3.69440007 -0.76634300 8.18404961
v -3.69138002 -0.77465904 8.17189026
v -3.68613005 -0.78908002 8.15081024
v -3.67701983 -0.81408703 8.11425972
v -3.64096975 -1.01525998 7.92492008
v -3.64187002 -1.01206994 7.92883015
v -3.64341998 -1.00653005 7.93562031
v -3.64611006 -0.99691999 7.94740009
v -3.65078020 -0.98025703 7.96782017
v -3.65887976 -0.95136100 8.00324059
v -3.73265982 -1.10383999 8.14435005
v -3.73125005 -1.09950995 8.14227009
v -3.72879982 -1.09200001 8.13865948
v -3.72456026 -1.07898998 8.13241005
v -3.71721005 -1.05642009 8.12156963
v -3.70446014 -1.01727998 8.10276985
v -3.66349983 -0.82778102 8.07021999
v -3.69184995 -0.95159197 8.09595013
v -3.68252993 -0.94081199 8.07443047
v -3.68502998 -0.93617094 8.08349037
v -3.67939997 -0.92343700 8.07320976
v -3.68137026 -0.91474706 8.08255959
v -3.67375994 -0.89209998 8.07100964
v -3.67643023 -0.90693301 8.07205009
v -3.66318011 -0.87762606 8.04754066
v -3.66745996 -0.87727803 8.05974007
v -3.66077995 -0.86158305 8.04780006
v -3.66987991 -0.89302999 8.05969048
v -3.66562986 -0.89404804 8.04726982
v -3.67944002 -0.94836503 8.06243992
v -3.67266011 -0.93678105 8.04839039
v -3.68772006 -0.92833298 8.09448051
v -3.68357992 -0.90502995 8.09300995
v -3.68586016 -0.95931900 8.07573032
v -3.67649007 -0.92918795 8.06250954
v -3.67149019 -0.87948501 8.07011986
v -3.67238998 -0.90848303 8.06000996
v -3.69010997 -0.97966701 8.07880974
v -3.69448018 -0.97627401 8.09257984
v -3.66479993 -0.92337799 8.03212929
v -3.66447973 -0.83812201 8.06846046
v -3.67364001 -0.85328501 8.08761978
v -3.68594027 -0.89464903 8.10418034
v -3.66927981 -0.91622800 8.04784966
v -3.66747999 -0.90528405 8.04757023
v -3.67587018 -0.91589803 8.06656075
v -3.66898012 -0.90119696 8.05357933
v -3.66459990 -0.86374503 8.05761051
v -3.66911006 -0.86629802 8.06919003
v -3.67811012 -0.89782202 8.08073997
v -3.67098999 -0.86089498 8.07684994
v -3.66585994 -0.85830498 8.06352997
v -3.66034007 -0.87947398 8.03874016
v -3.67622995 -0.88535005 8.08090973
v -3.68545985 -0.94797695 8.07953072
v -3.67598009 -0.96685493 8.04459953
v 5.26967001 -1.30087996 8.48882008
v 5.24542999 -1.35225999 8.44365978
v 5.24384022 -1.34809995 8.44139004
v 5.26780033 -1.29702997 8.48604965
v 5.24108028 -1.34089005 8.43743992
v 5.26455021 -1.29034007 8.48124027
v 5.23628998 -1.32839000 8.43060017
v 5.25891018 -1.27875006 8.47290993
v 5.22798014 -1.30669999 8.41874027
v 5.24914026 -1.25865006 8.45845985
v 5.21358013 -1.26909995 8.39816952
v 5.23219967 -1.22377992 8.43338966
v 5.20000982 -1.38422000 8.36495018
v 5.19929981 -1.37927997 8.36421967
v 5.19807005 -1.37068999 8.36295033
v 5.19594002 -1.35580993 8.36075020
v 5.19222975 -1.33001006 8.35693932
v 5.14016008 -1.07173002 8.29380989
v 5.17557001 -1.01566005 8.35803986
v 5.17647028 -1.02046001 8.35910988
v 5.14247036 -1.07429004 8.29741955
v 5.17804003 -1.02879000 8.36094952
v 5.14647007 -1.07875001 8.30368996
v 5.18074989 -1.04322994 8.36415005
v 5.15340996 -1.08645999 8.31456947
v 5.18546009 -1.06826997 8.36969948
v 5.16545963 -1.09984994 8.33342934
v 5.19361973 -1.11169004 8.37932014
v 5.18633986 -1.12307000 8.36614037
v 5.12990999 -1.16145003 8.26846027
v 5.13247967 -1.16218996 8.27268982
v 5.13694000 -1.16347003 8.28001022
v 5.14468002 -1.16569996 8.29271030
v 5.15808964 -1.16955996 8.31474018
v 5.18134975 -1.17624998 8.35293007
v 5.15531015 -1.34141994 8.29430008
v 5.13424969 -1.25489998 8.26710987
v 5.13678026 -1.25435996 8.27138996
v 5.15709972 -1.33809006 8.29759026
v 5.14118004 -1.25340009 8.27882004
v 5.16020012 -1.33234000 8.30328941
v 5.14880991 -1.25174999 8.29170036
v 5.16557980 -1.32235003 8.31318951
v 5.16203976 -1.24889004 8.31404018
v 5.17491007 -1.30502999 8.33033943
v 5.18498993 -1.24392998 8.35276985
v 5.28234005 -1.16314006 8.52263069
v 5.28422022 -1.23712993 8.51896000
v 5.28179026 -1.23479998 8.51513004
v 5.27970982 -1.16301000 8.51826000
v 5.27757978 -1.23074996 8.50847054
v 5.27514982 -1.16277003 8.51066971
v 5.27027988 -1.22372997 8.49693966
v 5.26724005 -1.16236997 8.49750996
v 5.25761986 -1.21155000 8.47693062
v 5.25353003 -1.16167998 8.47467995
v 5.23566008 -1.19042993 8.44223022
v 5.22974014 -1.16047001 8.43511009
v 5.26016998 -1.08450007 8.49285984
v 5.25830984 -1.08767998 8.48948002
v 5.25509977 -1.09318995 8.48359966
v 5.24952030 -1.10274005 8.47342014
v 5.23984003 -1.11930001 8.45575047
v 5.22307014 -1.14802003 8.42511940
v 5.22158003 -1.02815998 8.43366051
v 5.22067976 -1.03268993 8.43174934
v 5.21913004 -1.04054999 8.42842007
v 5.21642017 -1.05417001 8.42265987
v 5.21173000 -1.07779002 8.41267014
v 5.20359993 -1.11875999 8.39533997
v 5.20681000 -1.16948009 8.39602947
v 5.19847965 -1.16331995 8.38268948
v 5.21036005 -1.18419003 8.40058994
v 5.19770002 -1.20686996 8.37738991
v 5.21099997 -1.21884000 8.39848042
v 5.21940994 -1.19912004 8.41433048
v 5.20642996 -1.19841993 8.39272976
v -0.97284698 -1.17974997 6.82378006
v -1.01093996 -1.11243999 6.82284021
v -1.05586994 -1.14338994 6.80145025
v -0.96165895 -1.16668999 6.82940006
v -0.89545202 -1.23247004 6.82763004
v -0.88783598 -1.21841002 6.83267975
v -1.05165994 -1.03911996 6.81187963
v -1.07339001 -0.95921803 6.79940033
v -1.13226998 -1.01284003 6.76589966
v -1.13857007 -1.12626004 6.76175976
v -1.09435999 -1.08230996 6.78880978
v -0.77449501 -1.36906993 6.78769970
v -0.73596501 -1.44510007 6.74844980
v -0.67470497 -1.39818001 6.76363993
v -0.69836998 -1.27024007 6.82453012
v -0.79582202 -1.25559998 6.83081961
v -0.73664397 -1.32059002 6.80672979
v -0.82870704 -1.29659998 6.81499004
v -0.75756103 -0.36197701 6.79511023
v -0.74307597 -0.27945700 6.75903988
v -0.81313896 -0.31491700 6.74079990
v -0.83222902 -0.40795201 6.78035975
v -0.22256701 -0.95716894 6.80267048
v -0.27759799 -1.04004002 6.79509974
v -0.19461100 -1.02559996 6.74758005
v -0.15349200 -0.93999594 6.76682949
v -1.21489000 -1.13186002 6.70866013
v -1.17633998 -1.06918001 6.73720026
v -0.13931200 -1.05396008 6.67553043
v -0.21190301 -1.10443997 6.70460987
v -0.16023500 -1.11505008 6.63647985
v -0.90545797 -1.86350989 6.49065018
v -1.33660007 -1.20387006 6.58851004
v -1.28121006 -1.15878999 6.64869976
v -1.31695998 -1.08785999 6.59653997
v -1.20096993 -0.57231700 6.41038990
v -1.18164992 -0.53052300 6.31408024
v -1.23275995 -0.62006301 6.32977962
v -1.14205003 -0.46917501 6.40392017
v -1.35262001 -0.88568699 6.39595985
v -1.31993997 -0.90716106 6.51565027
v -1.29631996 -0.81680202 6.49484015
v -1.36083007 -0.97440898 6.46865988
v -1.32370996 -0.98925602 6.55444050
v -0.07161320 -1.12203002 6.43175983
v -0.10534500 -1.11761999 6.54210949
v -0.14107300 -1.17552996 6.49022961
v -0.18226200 -1.17423999 6.58732986
v -0.20861800 -1.22871995 6.53562021
v -0.42159000 -1.17632997 6.79935980
v -0.50652301 -1.22728002 6.80670023
v -0.44914097 -1.25212002 6.76994038
v -0.34491199 -1.11319995 6.79475021
v -0.35174799 -1.18734002 6.75463009
v -0.39509001 -1.28173995 6.71544027
v -0.12059100 -1.17719007 6.36865997
v -1.13062000 -0.44624299 6.29288006
v -0.71594703 -0.19672400 6.72289944
v -0.78543901 -0.22436199 6.69957972
v -0.89879906 -0.36631200 6.71251011
v -0.86040604 -0.26175898 6.66899014
v -0.93405503 -0.30056000 6.62641001
v -0.89879197 -0.46503702 6.76880026
v -1.07119000 -0.52546901 6.64885998
v -1.06171000 -0.60295600 6.70878983
v -1.01542997 -0.52789605 6.71132946
v -1.00677991 -0.61136597 6.76029968
v -0.95689404 -0.53243196 6.76175976
v -0.27671298 -1.10420001 6.75793982
v -0.10452000 -1.06935000 6.61635971
v -0.08445950 -0.91256702 6.72932959
v -0.09511030 -0.97761297 6.69473028
v 0.11299000 -0.77560300 6.63199997
v 0.08165700 -0.86329496 6.59739017
v 0.16462800 -0.80316097 6.54944992
v 0.17513500 -0.70906299 6.61081982
v -0.03057780 -1.06518006 6.48647022
v -0.03848060 0.22146599 6.60302973
v 0.06050500 0.24867401 6.57847977
v 0.00540619 0.30541500 6.54596043
v -0.04229310 0.12505099 6.66074991
v 0.04643900 0.08912919 6.66905975
v 0.04901560 0.16822000 6.62723017
v 0.13345300 0.11874300 6.63691044
v 0.07421860 0.30998299 6.53777027
v -1.43753994 -1.42285991 6.45308018
v -1.36856008 -1.15301001 6.53448009
v -1.38133001 -1.26434004 6.53310013
v -1.28898001 -0.93384105 6.58740997
v -1.27486002 -0.99954998 6.63046026
v -1.24919999 -1.07147002 6.67361975
v -1.21070004 -0.99931300 6.70120001
v -1.17047000 -0.93033600 6.72575998
v -1.07841992 -0.87162799 6.78604984
v -1.06838000 -0.78447902 6.77409983
v -1.09958005 -0.77107602 6.74564981
v -1.12038004 -0.52785003 6.57645035
v -1.07412994 -0.45736998 6.58313990
v -1.11276996 -0.46265402 6.50753021
v -1.18996000 -0.76110101 6.64645004
v -1.14197993 -0.74334103 6.69485998
v -1.15739000 -0.66612500 6.63407993
v -1.16702998 -0.60350698 6.56701946
v -1.16249001 -0.53933299 6.49443960
v -1.24415994 -0.77964103 6.57487011
v -1.25637996 -0.72193301 6.49394989
v -1.30150008 -0.77048701 6.40990973
v -1.25145996 -0.66724700 6.41183996
v -1.36084008 -1.05864000 6.51697016
v -1.41492999 -1.33772004 6.48740005
v -1.08473992 -0.37370300 6.26916981
v -0.76860702 0.10137200 6.26357985
v -0.72615802 0.16353001 6.23461008
v -0.74674499 0.10139801 6.35167980
v -0.80942500 0.03899850 6.30128002
v -0.68453103 0.00791389 6.57813025
v -0.61767602 0.05426710 6.58463001
v -0.67410797 0.08051820 6.50735998
v -0.23537299 -1.16801000 6.66942978
v -0.34519100 -1.34992003 6.58329010
v -0.27551898 -1.28671002 6.56349039
v -0.32922298 -1.28794003 6.64600992
v -0.71690404 -1.59815001 6.64885044
v -0.73743200 -1.67283988 6.59810019
v -0.67638004 -1.64927006 6.58794022
v -0.56799698 -1.36836994 6.75120020
v -0.64879596 -1.32890999 6.79356003
v -0.57694399 -1.44210994 6.70579004
v -0.40828601 -1.34561992 6.66899014
v -0.42535099 -1.41441000 6.60999966
v -0.50901496 -1.46127009 6.64523029
v -0.49194002 -1.39587998 6.69184017
v -0.01570230 -1.07716000 6.38739014
v 0.02889480 -1.02237999 6.44055033
v -0.17789200 -1.22258997 6.45490026
v -0.74590904 -0.14058200 6.66404057
v -0.67699999 -0.11824200 6.69040966
v -0.89968503 -0.21664199 6.58343983
v -1.02379000 -0.45453602 6.65255976
v -1.05702996 -0.38975599 6.53112030
v -0.97434300 -0.38160199 6.65128040
v -1.02786994 -0.40219697 6.59980011
v -1.11627996 -0.59763199 6.64304972
v -0.96336097 -0.45280498 6.71346951
v -0.71892101 0.14788800 6.31621027
v -0.53441203 0.42559600 6.13571024
v -0.59946901 0.34944099 6.13759995
v -0.63814902 0.29079199 6.17516994
v -0.40709001 0.11610500 6.63115978
v -0.31707200 0.14196000 6.63448048
v -0.37649900 0.18022999 6.59134960
v -0.48936802 0.07515010 6.63411999
v -0.46414199 0.15155801 6.58284998
v -0.43194500 0.22209302 6.53505993
v -0.72570002 0.08257080 6.43478012
v -0.67355299 0.14902601 6.41196966
v -0.66431701 0.21198201 6.31066036
v -0.52887404 0.39279500 6.22183990
v -0.45752400 0.47633299 6.18821001
v -0.45052999 0.43165302 6.27298021
v -0.52639997 0.33190200 6.33285999
v -0.43090001 0.39401701 6.34718990
v 0.13904600 0.53798497 6.36513996
v 0.16026799 0.61333299 6.30183983
v 0.06912850 0.59778899 6.31700993
v 0.23396000 0.55995500 6.33644009
v 0.22386500 0.46570802 6.40870953
v 0.11868800 0.36082202 6.49853992
v 0.16491500 0.40150899 6.46407032
v 0.06807080 0.42377299 6.45819998
v 0.04029960 0.37314200 6.49680996
v -0.07635801 0.52792299 6.36507988
v -0.02498020 0.58761299 6.31807995
v -0.09939770 0.58073902 6.30973005
v 0.03569720 0.53762800 6.36787987
v 0.00161370 0.48270202 6.41253948
v -0.08073340 -1.02565002 6.63551998
v 0.04687200 -0.83215398 6.66084003
v -0.01808510 -0.87672794 6.69355011
v -0.00400125 -0.91978198 6.64699030
v 0.78284502 0.18987700 6.21757030
v 0.76411700 0.10079600 6.24460983
v 0.82218105 0.11527200 6.17743969
v 0.31021300 0.50748903 6.35976982
v 0.38082600 0.53932297 6.31700993
v 0.31511599 0.59046304 6.29710007
v 0.25909701 -0.09712840 6.66093969
v 0.30064800 -0.18270800 6.64599991
v 0.32686800 -0.10768000 6.62427998
v 0.32348999 0.02197020 6.60185003
v 0.34648800 -0.04784630 6.60430002
v 0.39664200 -0.02068750 6.56908035
v 0.71978301 0.16221900 6.28508997
v 0.62674600 0.06088520 6.38325024
v 0.67367500 0.00640291 6.33979988
v 0.66941202 0.11883700 6.33841038
v 0.56629002 0.02781680 6.43841028
v 0.55379498 0.10944800 6.43636036
v 0.59827399 0.17597400 6.38726997
v 0.32323700 -0.37065101 6.61125040
v 0.37396601 -0.39773500 6.55849981
v 0.38405401 -0.29077402 6.57590008
v 0.32206398 -0.27490699 6.62797022
v 0.30690700 -0.46191901 6.59981012
v 0.27518201 -0.55009496 6.59520054
v 0.34208101 -0.49733099 6.55208969
v 0.46251702 -0.07763460 6.52810001
v 0.45631400 0.01643160 6.52357006
v 0.53258801 -0.13538399 6.46651983
v 0.52813303 -0.03111920 6.47387981
v 0.57521701 -0.27904600 6.38923979
v 0.51974303 -0.24268702 6.46005011
v 0.51163900 -0.35401699 6.43195057
v 0.71783698 0.09271550 6.29393005
v 0.79174399 0.02356660 6.20827007
v 0.60211301 -0.05833050 6.40754986
v 0.70563400 -0.28270298 6.21543980
v 0.74360299 -0.19769201 6.20633030
v 0.68874604 -0.21487999 6.27487993
v 0.64120698 -0.29624599 6.29982996
v 0.72368801 -0.14148501 6.25684023
v -1.41513991 -1.20169997 6.46284008
v -1.27137005 -0.86628705 6.58243036
v -1.14706004 -0.85864002 6.73004007
v -1.24194002 -0.92326003 6.64898014
v -1.21160007 -0.62958002 6.49368954
v -1.20783997 -0.69132102 6.57183981
v -1.39248002 -1.11252999 6.47646046
v -1.28346002 -0.71560895 6.33157015
v -1.09192002 -0.38070300 6.35398006
v -0.82443106 0.02977480 6.21246004
v -0.86587697 -0.03309190 6.25586033
v -0.91906005 -0.11377899 6.22239017
v -0.96486199 -0.26095301 6.53467035
v -0.62557805 -0.04449050 6.66352987
v -0.70877498 -0.06685530 6.62934017
v -0.77650398 0.05251580 6.38487005
v -0.27564198 -1.15762997 6.71858978
v -0.77698600 -1.74487996 6.55320978
v -0.70241100 -1.73099005 6.52478027
v -0.54365402 -1.30431998 6.77951956
v -0.59950602 -1.26047003 6.81560993
v 0.65877599 -0.37014598 6.22658014
v -0.23084100 -1.27357996 6.47220993
v -1.10282004 -0.67238104 6.70298004
v -0.58616000 0.32376599 6.24644995
v -0.28809699 0.20048399 6.59804010
v -0.22489700 0.15169899 6.64182949
v -0.54625100 0.10764400 6.58043003
v -0.56272203 0.02072270 6.64470005
v -0.52797300 0.19657201 6.50486994
v -0.54316503 0.26554301 6.40930033
v -0.60497797 0.20918500 6.41673946
v -0.68392402 0.22344001 6.21167994
v -0.47883803 0.32755899 6.39066029
v -0.37638199 0.53136802 6.20605993
v -0.41981101 0.54201001 6.12895012
v -0.37321800 0.46149200 6.30819988
v -0.39808398 0.48515001 6.25179005
v -0.07212560 0.30606502 6.54609966
v -0.16494100 0.55393398 6.31707001
v -0.02452420 0.43460798 6.45044041
v 0.10574900 0.47634703 6.41595984
v -0.04941400 -1.04302001 6.56810999
v 0.39487800 0.61508799 6.25730038
v 0.33993298 0.66887003 6.22986984
v 0.58038801 0.78055799 6.06219006
v 0.55024999 0.72150004 6.12055016
v 0.63674897 0.71299398 6.08535004
v 0.68612099 0.36195800 6.25763988
v 0.72586399 0.26712200 6.25723982
v 0.75766301 0.35422298 6.20136976
v 0.45192999 0.49263602 6.32298994
v 0.50928897 0.45835298 6.31857014
v 0.50993198 0.51762301 6.28158998
v 0.56867898 0.45817199 6.28763008
v 0.58119899 0.53916401 6.23235035
v 0.67747796 0.64347202 6.11008978
v 0.60829902 0.66428697 6.13487005
v 0.10870300 0.70808101 6.21856976
v 0.17412999 0.67974001 6.24397993
v 0.17201599 0.74557501 6.18484020
v 0.45240504 0.89608699 6.01130009
v 0.36554900 -0.19203000 6.60122013
v 0.20027599 -0.02238090 6.67015982
v 0.28202599 -0.03216140 6.63620996
v 0.54131097 0.39921898 6.33520985
v 0.61423099 0.38287300 6.29943991
v 0.57737297 0.32395202 6.35022020
v 0.51026601 0.05911340 6.47815037
v 0.54062700 0.26053300 6.39989996
v 0.60737401 0.25566199 6.35657978
v 0.42573699 -0.44274801 6.48837948
v 0.49737000 -0.45315298 6.39822006
v 0.58163702 -0.38670999 6.32861996
v 0.54466498 -0.48683101 6.30783987
v 0.39585799 -0.10155801 6.57839966
v 0.44691402 -0.32126001 6.51135015
v 0.73693699 0.01773960 6.27262974
v 0.70377100 -0.07407940 6.29856014
v 0.75607598 -0.06157720 6.23779011
v 0.58371699 -0.17130801 6.41091013
v 0.76610398 -0.12754801 6.20452976
v 0.67886603 -0.15093699 6.30987024
v 0.27346498 0.34844202 6.47530985
v 0.33450001 0.41329598 6.41657019
v 0.37678799 0.31562600 6.45865011
v 0.19592100 0.31535000 6.51493979
v -1.21613002 -0.84817201 6.65346003
v -1.38751006 -1.05112004 6.45501995
v -1.39433002 -1.00523007 6.39608002
v -1.08078003 -0.38305098 6.44682980
v -0.99888897 -0.33568200 6.57203007
v -0.82462901 -0.16516301 6.61810017
v -0.86901599 -0.14002399 6.53356028
v -0.89951801 -0.08572610 6.30194998
v -0.86116397 -0.04092140 6.34718990
v -0.90288895 -0.10387699 6.37271976
v -0.73407501 0.02799760 6.50278997
v -0.90270901 -0.13289401 6.45255947
v -0.85535401 -0.07218220 6.44985962
v -0.74483299 -0.02669110 6.55693960
v -0.79422003 -0.02359710 6.48761988
v -0.76908398 0.03447310 6.43776035
v -0.30577499 -1.21993995 6.69198990
v -0.25327799 -1.22917998 6.61903000
v -0.48216501 -1.33092999 6.73584986
v 0.08125120 -0.98809004 6.38358021
v 0.04134570 -1.02886999 6.36089993
v -0.63388699 0.26790300 6.25727987
v -0.20268600 0.21667500 6.59997034
v -0.13229999 0.14587399 6.65111017
v -0.46739802 0.27136400 6.46623993
v -0.41926700 0.32063299 6.44362020
v -0.60750997 0.13640600 6.50725031
v -0.32613799 0.51628000 6.27451992
v -0.39588001 0.28238299 6.49524021
v -0.39170799 0.37510300 6.40038013
v 0.09402650 0.65945703 6.26276016
v 0.03154090 0.69833696 6.22034979
v 0.25858000 0.70647401 6.21314001
v 0.25852600 0.77187401 6.15597010
v 0.24952099 0.63894904 6.27095985
v -0.09876860 0.46807700 6.41508007
v -0.04308890 0.36781600 6.50158978
v -0.02396110 -0.97944200 6.61300945
v 0.04373540 -0.93893498 6.56649017
v 0.43267101 0.66483498 6.20773029
v 0.47403002 0.78759998 6.09702015
v 0.51357198 0.84172803 6.03927994
v 0.41108799 0.84810799 6.06334019
v 0.36099100 0.79528999 6.11991024
v 0.45598403 0.72540200 6.15293980
v 0.70985997 0.69062400 6.05840015
v 0.80272704 0.28257999 6.17979002
v 0.44545001 0.55173004 6.28594017
v 0.64541900 0.44881302 6.24604988
v 0.71715599 0.43212700 6.20296001
v 0.67507702 0.51299202 6.19157982
v 0.63024801 0.59285200 6.17104006
v 0.71617401 0.56916201 6.13123035
v 0.35160401 0.72342503 6.18272018
v -0.14544299 0.60001504 6.27550030
v 0.66390002 0.21369500 6.32504988
v 0.64973998 0.30277100 6.30845976
v 0.61394501 -0.45695299 6.22221994
v 0.47789899 -0.52465498 6.37399006
v 0.30243200 -0.57408702 6.55566025
v 0.22977600 -0.63413602 6.59862995
v 0.29959399 -0.63509798 6.52119970
v 0.36084199 -0.55163205 6.50374985
v 0.62871498 -0.21376801 6.35004997
v 0.80419505 -0.06742800 6.17166996
v 0.64209497 -0.10813399 6.36125994
v 0.46621099 0.28488401 6.43236017
v 0.51613998 0.19589201 6.43904018
v 0.50391102 0.34528601 6.38335991
v 0.39540902 0.45947298 6.36625004
v 0.14721499 0.27849001 6.54727030
v 0.38173801 0.06476720 6.55923986
v 0.33057201 0.25012800 6.51091003
v 0.26051399 0.26439899 6.52778006
v 0.29950500 0.10803300 6.58564997
v 0.36201799 0.15595900 6.53909016
v 0.44057101 0.10768400 6.51325989
v -1.41949999 -1.10957003 6.40796947
v -0.94485396 -0.17038000 6.40390015
v -1.04865003 -0.31121799 6.30856037
v -1.01683998 -0.26684201 6.24433994
v -0.99182194 -0.22489700 6.34002018
v -0.97158301 -0.19512600 6.23698997
v -1.03922009 -0.30482599 6.39585972
v -0.81153804 -0.08391660 6.54451990
v -0.76606399 -0.09115430 6.60351038
v -0.82034099 -0.00332316 6.39227962
v -0.44441098 -1.47999001 6.54226971
v -0.48419198 -1.56033003 6.47292995
v -0.51885903 -1.53092003 6.57776022
v -0.40323800 -1.48132002 6.42194986
v -0.29164201 -1.33458006 6.48841000
v -0.25420099 -1.31125998 6.39791965
v -0.76313299 -1.80499005 6.48960018
v -0.55737400 -1.64915013 6.46066952
v -0.62626803 -1.72385001 6.45600986
v -0.61879301 -1.66462004 6.52525997
v 0.06903709 -0.96581399 6.48013020
v 0.12169600 -0.93431795 6.42953014
v 0.11268300 -0.89650202 6.51596975
v -0.59419298 0.27175400 6.33294010
v -0.12530901 0.25151801 6.58231974
v -0.34342402 0.24381800 6.54992962
v -0.34853598 0.34312502 6.45774984
v -0.35931700 0.42239800 6.36674023
v -0.28584701 0.47138000 6.35359001
v -0.10348000 0.42206803 6.45380020
v 0.00903413 -1.00409007 6.52797985
v 0.48714200 0.59115100 6.24207020
v 0.75100398 0.49100500 6.14802027
v 0.79539198 0.54412496 6.08468008
v 0.75653702 0.62596101 6.06834984
v 0.84592694 0.21070299 6.14490986
v 0.53775799 0.64439905 6.18278027
v -0.10215600 0.81531000 6.04403973
v 0.23098700 0.89406502 6.04329014
v 0.24750400 0.83068401 6.10321999
v 0.32272202 0.86718398 6.06236982
v 0.17008200 0.86124694 6.07384014
v 0.50770503 -0.55673999 6.29769993
v 0.42731699 -0.52006900 6.44394016
v 0.36227101 -0.62024105 6.45390034
v 0.44722301 -0.19519201 6.53587055
v 0.42535201 0.37453300 6.40585041
v 0.13566300 0.20067899 6.59450006
v 0.42852002 0.20740800 6.48556995
v 0.28038698 0.19343701 6.55721951
v 0.49152297 0.13625100 6.47338009
v -0.93068600 -0.19026500 6.49359989
v -0.94036996 -0.14596900 6.31108999
v -1.02390003 -0.31600100 6.48914051
v -0.36022601 -1.40973997 6.49259043
v -0.59087700 -1.55507004 6.61917019
v -0.56408900 -1.50287998 6.64869022
v -0.64279401 -1.49503005 6.69645023
v -0.65746397 -1.57713008 6.64061975
v -0.19499299 -1.25006998 6.38077021
v -0.30359098 -1.36562991 6.40468979
v -0.61936897 -1.61040998 6.58607006
v 0.14705101 -0.94183797 6.31035995
v -0.14833100 0.31607500 6.53318024
v -0.25934601 0.26153800 6.55738974
v -0.30981299 0.40317002 6.41472006
v 0.77516496 0.42105299 6.16011000
v -0.03038630 0.73591501 6.16788006
v -0.06161780 0.67863202 6.21976995
v 0.00544308 0.64348698 6.26971006
v -0.34770000 0.58970100 6.14853001
v -0.10167299 0.76313198 6.10864973
v 0.00699834 0.80373603 6.10521030
v 0.14783201 0.90900201 6.02295971
v 0.08649300 0.86253798 6.06157970
v 0.46855697 0.42367902 6.35833025
v 0.20621100 0.23468900 6.55941010
v 0.21477899 0.15283400 6.59834957
v 0.22727700 0.05594920 6.63404989
v -0.98592901 -0.24197701 6.44508982
v -0.56167996 -1.59765995 6.54422998
v 0.23596700 -0.71391600 6.53844976
v 0.35720998 -0.69011104 6.39078999
v 0.41969299 -0.60666502 6.38535976
v 0.29958501 -0.70335799 6.46410990
v 0.22484501 -0.87118500 6.31362009
v 0.17733900 -0.86089802 6.45786953
v 0.23164999 -0.83670902 6.39266014
v 0.28025401 -0.81450301 6.32472992
v 0.48470801 -0.61904705 6.25528002
v -0.10792800 0.35813898 6.50494003
v -0.19114500 0.27693900 6.55745029
v -0.30687699 0.30368501 6.51019001
v -0.18223900 0.49964800 6.36637020
v -0.20501800 0.43230802 6.42427969
v -0.08511830 0.63036597 6.26335001
v -0.29699799 0.56667501 6.23121977
v -0.24642999 0.53514802 6.30239964
v -0.30751699 0.65543699 6.09236002
v 0.07174540 0.75141799 6.17356968
v 0.37557700 0.89924002 6.02512026
v 0.14451100 0.80633003 6.12649012
v 0.86823303 0.30295300 6.10466003
v 0.23675498 -0.78250897 6.46912003
v 0.18336001 -0.89063299 6.38231993
v 0.29286000 -0.76608098 6.39659977
v 0.34379700 -0.74878705 6.32254982
v 0.41471300 -0.67425096 6.30858994
v 0.46332899 -0.59770298 6.32569981
v -0.26159599 0.36445001 6.47007990
v -0.17315599 0.37508300 6.48218012
v -0.12564400 0.70662898 6.16405964
v -0.21368799 0.58942801 6.25696993
v -0.25954002 0.62333596 6.18524027
v -0.23964199 0.71883202 6.06898975
v 0.82047194 0.36901301 6.13741970
v -0.22315900 0.32189801 6.51650000
v -0.16132200 0.64622897 6.21736002
v -0.17356899 0.72908300 6.10879993
v 0.82094496 0.45483798 6.10458994
v -0.21279600 0.68229699 6.14231014
v -1.04446006 -0.69674301 6.76480007
v -0.71639901 -1.52196002 6.70074987
v 0.12780000 0.04018780 6.67282009
v -0.83485401 -1.81098998 6.51713037
v -0.21800999 0.09736950 6.69511032
v -0.26163799 0.07843460 6.72455978
v -0.16809900 0.07205400 6.73603964
v -0.07808370 0.04833640 6.74909973
v -0.67691499 -0.17739299 6.73578024
v -0.62689602 -0.08730730 6.69941044
v -0.61356503 -0.08824910 6.71304035
v -0.11233100 0.11047401 6.67676020
v -0.38746601 0.07112100 6.68776035
v -0.35422599 0.06619380 6.71709967
v -0.35298800 0.09245600 6.67233944
v -0.19481601 0.10975100 6.68039036
v -0.20210700 -0.90986902 6.82060003
v -0.63995397 -0.13362400 6.73281002
v -0.65703601 -0.40865797 6.90610981
v -0.63749999 -0.39096799 6.94523001
v -0.66192096 -0.37571999 6.88876057
v -0.66874301 -0.32259199 6.85352993
v -0.64514500 -0.31361800 6.89894009
v -0.64420903 -0.27510801 6.87444019
v -0.15351900 0.09334110 6.69886017
v 0.14964400 -0.10930600 6.76999950
v 0.15644899 -0.05490160 6.70933008
v 0.12113700 -0.04222480 6.72736979
v 0.26569501 -0.21418300 6.67894983
v 0.24047501 -0.18851301 6.70114994
v 0.24608700 -0.21307299 6.70319986
v 0.25731999 -0.22302599 6.69105005
v 0.26348901 -0.23769601 6.68637991
v 0.25306499 -0.23158100 6.69941998
v 0.23453000 -0.22123599 6.72582006
v 0.24607401 -0.24809401 6.71727991
v 0.25591099 -0.23887201 6.69732952
v 0.24767300 -0.54225999 6.63394022
v 0.25275299 -0.51048601 6.64751959
v 0.23261699 -0.55273300 6.65376949
v -0.71035898 -0.30947101 6.79770947
v -0.66705900 -0.34934199 6.86973047
v -0.64281303 -0.35286099 6.92301035
v -0.12946500 -0.85602903 6.83450985
v -0.08770530 -0.82848704 6.86020947
v -0.16248199 -0.83749306 6.91706991
v -0.06493680 -0.83524102 6.80000973
v -0.01612250 -0.80402297 6.80453014
v -0.00186323 -0.83465302 6.71326971
v -0.02032390 -0.84438801 6.72445011
v -0.02969130 0.04595120 6.72742987
v 0.28990600 -0.23782699 6.65674973
v 0.20365600 -0.18697500 6.76250982
v 0.19043000 -0.13767500 6.73692989
v 0.29284698 -0.41782799 6.62994003
v 0.28777400 -0.38291499 6.64720011
v 0.08299580 0.00502062 6.71187973
v 0.00660915 0.00872366 6.76154995
v 0.08522910 0.02490890 6.69565964
v 0.08129109 -0.04253100 6.76918030
v 0.21034101 -0.13336501 6.70947027
v 0.20834501 -0.15838200 6.72761011
v 0.18172601 -0.09109330 6.71225977
v 0.19915101 -0.09956650 6.70185995
v 0.21340100 -0.08532740 6.68469000
v -0.67680800 -0.33529201 6.84832001
v -0.67600799 -0.34754300 6.85550022
v -0.67494500 -0.35915300 6.86229038
v -0.67367101 -0.37011901 6.86866999
v -0.69238502 -0.30499798 6.81224966
v -0.69726402 -0.29324600 6.80009985
v -0.68608898 -0.29111999 6.81079006
v -0.68155199 -0.30180800 6.82301044
v -0.66736400 -0.27755499 6.82705975
v -0.67710400 -0.31288999 6.83556986
v -0.67681301 -0.30098501 6.82876968
v -0.15142500 -0.86567700 6.83725977
v -0.14101699 -0.86602604 6.82754993
v -0.18027300 -0.89665806 6.81871033
v -0.16303900 -0.89908105 6.80379009
v -0.16392100 -0.88950902 6.81454992
v -0.05740940 -0.85008299 6.76216984
v -0.06439050 -0.84693700 6.77586985
v -0.07209770 -0.85566503 6.77148962
v -0.69834697 -0.33431301 6.82240009
v -0.69841498 -0.32197800 6.81569958
v -0.04898860 -0.85251504 6.74865055
v -0.02184020 -0.83187598 6.74338007
v -0.03940620 -0.84146297 6.75232029
v -0.03460820 -0.85999000 6.72378016
v -0.06485270 -0.87471598 6.74076986
v -0.66231096 -0.20380500 6.77372980
v -0.66003698 -0.18151601 6.75625992
v -0.68322599 -0.20433199 6.75139999
v 0.27574700 -0.40944499 6.65842962
v 0.27063799 -0.43910497 6.65562963
v 0.27941900 -0.42148200 6.64774990
v 0.26486599 -0.47568798 6.64720011
v -0.07564710 -0.85156602 6.78210974
v -0.08961780 -0.85670698 6.79011011
v -0.07912470 -0.84705698 6.79441977
v -0.08570310 -0.86145097 6.77851009
v -0.10018500 -0.86717099 6.78592014
v -0.67903900 -0.37197798 6.86223984
v -0.67223102 -0.38043600 6.87465000
v -0.11057800 -0.86390698 6.80142975
v -0.12526500 -0.87210798 6.80382013
v -0.11982401 -0.87384701 6.79632044
v -0.67423904 -0.24411198 6.79216003
v -0.69331002 -0.26936600 6.78877020
v -0.68257099 -0.26540202 6.79770947
v -0.68467796 -0.27680099 6.80308008
v -0.23430400 -0.85380900 6.90933990
v -0.20714600 -0.85879403 6.88830042
v -0.20103100 -0.84610796 6.91262960
v -0.19827300 -0.86520499 6.87203979
v -0.20500501 -0.86991900 6.86844015
v 0.23115699 -0.18554200 6.71201992
v 0.22599299 -0.16014600 6.70602036
v -0.21688899 -0.86732197 6.87884998
v -0.22555001 -0.87248003 6.87549973
v -0.21445899 -0.87118101 6.87175989
v -0.21187799 -0.87503499 6.86485004
v 0.00877333 -0.82247496 6.71452045
v 0.00943147 -0.83680499 6.69742966
v 0.01852150 -0.81092393 6.71676016
v 0.00296873 -0.81269103 6.73839045
v 0.28025800 -0.30333298 6.66947031
v 0.28057000 -0.33823499 6.66673946
v 0.26059002 -0.30237502 6.70361042
v 0.27119100 -0.25874901 6.67959976
v -0.68560499 -0.38361999 6.85893011
v -0.68191499 -0.37801901 6.86108017
v -0.69261998 -0.37490302 6.84764004
v -0.68905604 -0.38977000 6.85747004
v -0.67839301 -0.39203900 6.87069035
v -0.69197696 -0.35434598 6.83909988
v -0.69563299 -0.35988200 6.83780956
v -0.68563700 -0.36328101 6.85039997
v -0.68958300 -0.34738499 6.83840036
v -0.69800901 -0.34519401 6.82830954
v -0.68671697 -0.34029701 6.83818960
v -0.68120599 -0.34922999 6.84937954
v 0.23958099 -0.27212900 6.74723959
v -0.68714499 -0.32885200 6.83170986
v -0.68205899 -0.32597899 6.83640003
v -0.68727601 -0.31590700 6.82436991
v -0.69286597 -0.33109200 6.82642984
v -0.19956000 -0.89808798 6.83003998
v -0.21231699 -0.90060395 6.83531046
v 0.27826300 -0.38723201 6.66102982
v 0.27184802 -0.39752200 6.66995001
v -0.16089700 -0.87085998 6.83676004
v -0.16425200 -0.85621899 6.86546993
v -0.20281799 -0.88913602 6.84172964
v -0.20488401 -0.88418198 6.84886026
v -0.21578801 -0.89133102 6.84689999
v -0.15066299 -0.88310403 6.81166983
v -0.13746099 -0.87665701 6.80870962
v -0.70054305 -0.35597798 6.83105993
v -0.70314002 -0.36750799 6.83394003
v -0.13062000 -0.87021798 6.81153011
v -0.11464800 -0.85197198 6.82710028
v -0.58142900 -0.08572710 6.75835037
v -0.57060897 -0.02278840 6.67992020
v -0.44834298 0.05660800 6.67289972
v -0.47169900 0.03677550 6.68453979
v -0.44235402 0.03435380 6.71706009
v -0.40122300 0.08214820 6.66544056
v -0.12963600 0.09678440 6.69215012
v 0.10614701 0.00282399 6.70117044
v -0.69595200 -0.23330100 6.76148987
v -0.11127301 -0.89291203 6.76724005
v 0.05358840 -0.76297200 6.75636959
v 0.01773080 -0.80081797 6.73569012
v 0.14821300 -0.01465020 6.69044018
v 0.25437802 -0.36282599 6.72886944
v 0.25264999 -0.15336300 6.67738056
v -0.63973701 -0.23586500 6.84901953
v 0.18330899 -0.64971900 6.65011978
v 0.26197401 -0.40571100 6.69041967
v 0.24707100 -0.45681900 6.71341038
v 0.26753399 -0.36884800 6.68691015
v 0.07596050 0.04180750 6.68811035
v -0.23211201 -0.89191705 6.85500050
v -0.21750700 -0.88614196 6.85374975
v -0.22527799 -0.88590896 6.85818005
v -0.21912500 -0.88076699 6.86118031
v -0.22919500 -0.88135594 6.86560965
v 0.09417810 -0.75762498 6.67249012
v 0.12511900 -0.72150600 6.66769028
v 0.07921140 -0.77735502 6.67126989
v 0.23752201 -0.14917901 6.68947983
v 0.22868600 -0.13546100 6.69244003
v -0.17705600 -0.86310995 6.86182022
v -0.17481500 -0.86948097 6.84952021
v -0.18182300 -0.86591703 6.86028957
v -0.19127999 -0.86061299 6.87584972
v -0.17634800 -0.87916297 6.83654022
v -0.17087701 -0.87299806 6.84122992
v -0.18082401 -0.87494403 6.84557056
v -0.19540499 -0.88267803 6.84487009
v -0.19061801 -0.87668401 6.84973001
v -0.20030101 -0.87823403 6.85373020
v -0.67773199 -0.40068403 6.87445974
v -0.66949600 -0.39665598 6.88398981
v -0.26196700 -0.85609102 6.91336966
v -0.25673801 -0.85957605 6.90655994
v -0.25319701 -0.84394300 6.93348980
v -0.25083500 -0.86334896 6.89904022
v 0.23916700 -0.55593503 6.63820028
v -0.23624201 -0.87192696 6.88115978
v -0.22226000 -0.87681502 6.86793995
v -0.18413000 -0.87111598 6.85352993
v -0.70017999 -0.38303000 6.84348011
v -0.69521600 -0.38607499 6.84957981
v -0.69768202 -0.39695302 6.85142994
v -0.25734898 -0.86681402 6.89619970
v -0.24484201 -0.87197906 6.88464975
v 0.09161190 -0.75411099 6.68155956
v 0.07432660 -0.76940900 6.68900967
v -0.16773100 -0.88652897 6.82088995
v -0.16275801 -0.88036698 6.82478046
v -0.17191900 -0.88306302 6.82824039
v -0.21204099 -0.88256902 6.85502005
v -0.13539299 -0.88170099 6.80048990
v -0.13326900 -0.88636196 6.79321003
v -0.19351199 -0.87260306 6.85746002
v -0.09898990 -0.87327403 6.77676010
v -0.08399550 -0.86640394 6.76995993
v -0.09202340 -0.86691302 6.77777004
v -0.13936800 -0.87136698 6.81780005
v -0.10873900 -0.87685001 6.78195047
v 0.01935270 0.03421700 6.71759033
v 0.13380200 -0.02580520 6.70520020
v 0.13073300 -0.01232180 6.69821024
v -0.68140501 -0.22635701 6.77017975
v -0.70118499 -0.25386301 6.77111959
v 0.20052299 -0.11649400 6.70998001
v 0.21429601 -0.11184700 6.69501019
v -0.71056902 -0.34984499 6.81895971
v -0.05654620 -0.84357798 6.77143002
v -0.06560080 -0.85950404 6.75873041
v -0.03448640 -0.82997596 6.76512003
v 0.23539300 -0.58647597 6.62151051
v 0.22249000 -0.59643102 6.63345051
v -0.10102300 -0.86099702 6.79589987
v -0.09083129 -0.84462798 6.81442022
v -0.71902096 -0.38481802 6.82834005
v -0.70810199 -0.39107499 6.83968973
v -0.10144399 -0.85489798 6.80663013
v -0.24178800 -0.91701603 6.83722973
v 0.27560598 -0.49588999 6.62022018
v 0.24817601 -0.51085299 6.65664959
v 0.24518600 -0.49363399 6.67984009
v -0.22099800 -0.84417695 6.92544031
v -0.23860900 -0.83085501 6.96672964
v -0.52754998 0.00620199 6.68106985
v -0.54516304 -0.01717940 6.69608021
v -0.50548899 0.01362740 6.69024944
v -0.52105397 -0.01790190 6.72937012
v -0.49638000 0.03929960 6.66391993
v -0.31918800 0.08501630 6.69558048
v -0.31681100 0.10653900 6.66643000
v -0.25679702 0.10201700 6.68478012
v 0.02968940 0.05496890 6.69447041
v 0.22309501 -0.18626200 6.72424984
v 0.04912600 -0.79881001 6.68852997
v 0.02961800 -0.79373699 6.72778988
v 0.04226840 -0.78563797 6.71967983
v 0.06713310 -0.76731098 6.70586014
v 0.11992800 -0.70387805 6.72260952
v -0.28642100 0.12044801 6.65849018
v 0.17679401 -0.63048702 6.70644999
v 0.20977099 -0.58457500 6.67437983
v 0.22023001 -0.54673600 6.70488977
v 0.19511200 -0.61550897 6.66905975
v 0.20581201 -0.59876800 6.66483974
v 0.30073801 -0.31661800 6.64288998
v -0.28661498 0.09303610 6.69201946
v 0.14550500 -0.68535298 6.68203974
v -0.61969501 -0.16013300 6.80076981
v -0.64895499 -0.21115200 6.80121994
v -0.24956000 -0.88189095 6.87419987
v -0.24014100 -0.88175297 6.87029028
v 0.21316099 -0.59223402 6.65528011
v -0.67104304 -0.38790900 6.87895966
v -0.66604698 -0.38648000 6.88576984
v -0.23804800 -0.86715698 6.88871002
v -0.23214500 -0.86321497 6.89233017
v -0.25057298 -0.88783801 6.86798000
v -0.25759399 -0.88185900 6.87743998
v -0.23571701 -0.88748902 6.86159992
v -0.24371199 -0.89328700 6.85920048
v -0.69083202 -0.28494999 6.80154037
v -0.69547600 -0.28158900 6.79457998
v -0.22162800 -0.86284798 6.88831997
v -0.08162640 -0.86929303 6.76388025
v -0.09535230 -0.88661098 6.75876999
v -0.07899320 -0.87230903 6.75765991
v -0.09060850 -0.87257797 6.76918030
v -0.09751210 -0.87918997 6.76845026
v 0.29185200 -0.27132100 6.65542984
v 0.28098601 -0.27888802 6.66827011
v 0.28280699 -0.27065700 6.66573048
v 0.23789699 -0.56445897 6.63374996
v -0.22888000 -0.86789501 6.88368988
v 0.04638920 -0.78720295 6.70924997
v 0.05096820 -0.78881896 6.69903040
v 0.01947100 -0.81614906 6.70810986
v 0.03109510 -0.80313194 6.70920038
v 0.03058540 -0.79805899 6.71806049
v 0.01792710 -0.80578405 6.72598028
v 0.10199600 -0.73813701 6.68715954
v 0.16120300 -0.68353599 6.65106964
v 0.14337400 -0.70055902 6.66227055
v 0.16506299 -0.66560102 6.66731024
v 0.17206800 -0.64880699 6.67766047
v -0.13845800 -0.89727002 6.78627014
v -0.12479100 -0.88499898 6.78732014
v -0.11600200 -0.88336402 6.78122044
v -0.69163799 -0.40031701 6.85868979
v -0.68512499 -0.40390301 6.86690998
v -0.69420600 -0.36736500 6.84269047
v -0.68156099 -0.33778700 6.84327030
v -0.11795799 -0.87876904 6.78834009
v -0.12647700 -0.87992799 6.79474020
v -0.10313400 -0.87810403 6.77509022
v -0.22265899 -0.89715099 6.84459972
v -0.21403500 -0.89618903 6.84073019
v -0.23936701 -0.89864099 6.85180950
v -0.69550002 -0.33829999 6.82739019
v -0.69272602 -0.31897399 6.81996012
v -0.16802201 -0.87024498 6.84326029
v -0.18129900 -0.88502198 6.83253002
v -0.18881300 -0.89129895 6.83030987
v -0.19056600 -0.88679105 6.83667994
v -0.15177301 -0.87134302 6.82855988
v -0.15184700 -0.87649095 6.82123041
v -0.16189399 -0.87549001 6.83072948
v -0.15790100 -0.88283300 6.81782007
v -0.20273300 -0.87405097 6.86100006
v -0.19941899 -0.87129003 6.86308002
v -0.68008101 -0.36123401 6.85633993
v -0.68342102 -0.35625601 6.84990025
v -0.12878701 -0.87538898 6.80261993
v -0.11016500 -0.87066901 6.79123020
v 0.17692800 -0.06182880 6.69872952
v 0.16974300 -0.07497740 6.71219015
v 0.16225800 -0.08638510 6.72770977
v 0.23633799 -0.19514801 6.70945978
v 0.25660300 -0.23098901 6.69414997
v -0.68385601 -0.37062499 6.85570002
v 0.28047901 -0.35751399 6.66405010
v 0.27968100 -0.37136799 6.66259003
v -0.23167500 -0.89874697 6.84782028
v -0.24685299 -0.90594900 6.84876013
v -0.22407401 -0.89170802 6.85103989
v -0.68680203 -0.30344400 6.81760025
v -0.68198001 -0.31442299 6.83000040
v -0.64818704 -0.17669800 6.76687002
v -0.20066300 -0.89308298 6.83598995
v -0.20619300 -0.87667799 6.85935974
v -0.25110799 -0.89650500 6.85939026
v -0.67889899 -0.26894900 6.80466986
v -0.07554660 -0.86340505 6.76471996
v -0.07779460 -0.86075002 6.77073956
v 0.24507101 -0.18165700 6.69318008
v -0.67168999 -0.21477398 6.77166986
v -0.66997397 -0.22353201 6.78099966
v 0.06781850 -0.78065902 6.68393993
v -0.01157480 -0.83383703 6.72666025
v -0.67715997 -0.38243201 6.86876011
v -0.14476399 -0.87666595 6.81503963
v -0.30849701 0.10434500 6.67117977
v -0.26287800 -0.86968499 6.89411020
v -0.26574099 -0.86297596 6.90403986
v -0.28639099 0.10581800 6.67454004
v -0.18550700 -0.88043606 6.84124994
v -0.67631000 -0.40868601 6.87874985
v -0.19029699 -0.86866903 6.86143017
v -0.70317501 -0.39386600 6.84512043
v 0.25200900 -0.21827300 6.69675970
v 0.23961000 -0.20747900 6.71033001
v 0.20120800 -0.12452801 6.71407986
v 0.19983900 -0.10816300 6.70588970
v -0.69155401 -0.29224402 6.80538034
v -0.06901710 -0.85754603 6.76523972
v -0.04840800 -0.84587401 6.75724030
v -0.07207270 -0.86562407 6.75818014
v -0.68390298 -0.39484701 6.86510992
v -0.16912100 -0.87736905 6.83366013
v -0.66588300 -0.41422600 6.89397955
v 0.08098020 -0.76949298 6.67807007
v -1.02258992 -0.81931800 6.83206034
v -1.03544998 -0.86369896 6.82340002
v -1.02464998 -0.83969295 6.83367014
v -1.04916000 -0.91083801 6.81391001
v -0.37097299 -1.06878996 6.84945965
v -0.34679899 -1.06717992 6.82717991
v -0.34681201 -1.05475998 6.83865976
v -0.57324201 -1.20700002 6.84237957
v -0.59108198 -1.14227998 7.01759052
v -0.58268899 -1.14002001 6.98542023
v -0.56501001 -1.13749003 7.01094961
v -0.27011198 -0.86471701 6.91242981
v -0.26653099 -0.88272893 6.89190006
v -0.98164302 -0.93120605 6.91216946
v -0.97939998 -0.94084197 6.91159964
v -0.97778195 -0.93661004 6.91930008
v -0.72001702 -1.17298007 6.89987040
v -0.72909796 -1.16968000 6.90261984
v -0.72899598 -1.17554998 6.89475012
v -0.98933399 -0.77618802 6.89880991
v -0.98811799 -0.77597702 6.90652990
v -0.98719597 -0.76547498 6.90076971
v -0.98998201 -0.77219498 6.89181995
v -1.01621997 -0.81217003 6.84046030
v -1.01774001 -0.79754698 6.83323002
v -0.97021997 -0.92860204 6.97058010
v -0.97202796 -0.92299700 6.97250986
v -0.97277498 -0.92307597 6.96138000
v -0.86143196 -1.06910002 7.03576946
v -0.85145599 -1.07606006 7.03434992
v -0.86055100 -1.07369006 7.06019974
v -0.86710197 -1.06453001 7.01083994
v -0.85976696 -1.06972003 7.02248001
v -0.86988699 -1.06204009 7.02357006
v -0.85783398 -1.07154000 7.01042032
v -0.87211305 -1.06090999 7.00623989
v -0.86510199 -1.06720996 6.99965954
v -0.80619204 -1.10390997 7.00208950
v -0.79755902 -1.10719001 7.01264048
v -0.80837697 -1.10172009 7.01464987
v -0.79574800 -1.10920000 7.00033045
v -0.80462301 -1.10631001 6.99142981
v -0.78569001 -1.11274004 7.01032019
v -0.71178001 -1.14015996 6.97835016
v -0.70095801 -1.14076006 6.98584986
v -0.71192497 -1.13827002 6.98929977
v -0.70083201 -1.14271998 6.97498989
v -0.71174699 -1.14241004 6.96832943
v -0.68910599 -1.14305997 6.98205042
v -0.69205099 -1.14497006 6.97023010
v -0.77464902 -1.15013003 6.91490030
v -0.78349799 -1.14535999 6.91753006
v -0.78399098 -1.15049005 6.90980005
v -1.01822996 -0.91388905 6.84811020
v -1.03434002 -0.91653699 6.82869053
v -1.02183998 -0.93010795 6.84248972
v -0.77823198 -1.18926001 6.86997986
v -0.78790700 -1.18360996 6.87246037
v -0.78896499 -1.19204998 6.86536026
v -0.96673805 -0.96006501 6.92950964
v -0.96078503 -0.97117698 6.93371964
v -0.96268702 -0.96483499 6.93619013
v -0.95842600 -0.96978599 6.94326019
v -0.96955407 -0.96164799 6.92008972
v -0.97085893 -0.95541000 6.92250967
v -0.97514093 -0.95049298 6.91538000
v -0.95032901 -0.97827995 6.95860958
v -0.95640099 -0.96851504 6.95341015
v -0.95432395 -0.97405702 6.95095968
v -0.95424807 -0.96551704 6.97452021
v -0.94929302 -0.97357398 6.98106003
v -0.95425797 -0.96363199 6.98644018
v -0.90508300 -1.04629004 6.94962978
v -0.91391802 -1.03593993 6.95036983
v -0.90985900 -1.04333997 6.94530010
v -0.89528704 -1.05644000 6.94957972
v -0.90000802 -1.04921997 6.95459986
v -0.91465199 -1.04057002 6.94055033
v -0.90571898 -1.05093002 6.94010019
v -0.52185500 -1.12861001 6.93803024
v -0.50629002 -1.12103009 6.94255972
v -0.51891398 -1.12531996 6.94880009
v -0.53486097 -1.13240004 6.94354010
v -0.53140897 -1.12913001 6.95501995
v -0.50314999 -1.11781001 6.95467997
v -0.61848104 -1.14405000 6.99207020
v -0.61270702 -1.14463997 6.97832012
v -0.61043602 -1.14346004 6.99116993
v -0.93613994 -0.58040500 6.81604004
v -0.92250299 -0.57084596 6.82740021
v -0.92923403 -0.56968898 6.81542969
v -0.95175397 -0.60665202 6.81765985
v -0.94504201 -0.59491503 6.81684017
v -0.96680802 -0.60132700 6.79263020
v -0.92994499 -0.59201598 6.84133005
v -0.93655598 -0.60345304 6.84316015
v -0.92412502 -0.59187597 6.85551977
v -1.00624001 -0.78417802 6.84957981
v -1.00119996 -0.77716696 6.85781002
v -1.00068998 -0.76177400 6.85067987
v -1.00573993 -0.79897100 6.85675955
v -1.01091993 -0.80576897 6.84824991
v -0.98707503 -0.97616196 6.87806034
v -0.98518103 -0.96703798 6.88506985
v -0.98940402 -0.96501195 6.87922955
v -0.99689901 -0.95367098 6.87182999
v -0.99388599 -0.96259701 6.87337017
v -0.99147195 -0.95389795 6.88031006
v -0.99957502 -0.94483501 6.87032986
v -1.00267005 -0.95338202 6.86359024
v -0.99217999 -0.93767500 6.88518000
v -0.98952901 -0.94609296 6.88682032
v -0.98788702 -0.93861902 6.89326000
v -0.98823202 -0.86999905 6.99915981
v -0.98151702 -0.89047003 6.98253012
v -0.98456001 -0.89056599 7.00726032
v -0.98682404 -0.87284696 6.93245983
v -0.98564196 -0.87298000 6.94180012
v -0.98729295 -0.86221200 6.93753958
v -0.98359406 -0.90441501 6.92472982
v -0.98602897 -0.89439601 6.92163992
v -0.98577499 -0.90472496 6.91621017
v -0.98807698 -0.88554001 6.91816044
v -0.98639500 -0.88349307 6.92721033
v -0.98979700 -0.87675399 6.91493988
v -0.99001503 -0.88747597 6.90988016
v -0.97713405 -0.91394103 6.94707012
v -0.97592098 -0.91354501 6.95779037
v -0.97878504 -0.90377700 6.95408010
v -0.97411603 -0.92332095 6.95001984
v -0.97575599 -0.92364997 6.94020987
v -0.98005897 -0.90392101 6.94343042
v -0.97881496 -0.91408002 6.93716955
v -0.98163998 -0.90412104 6.93396997
v -0.97249097 -0.92932999 6.94887018
v -0.97921306 -0.91719997 6.93183994
v -0.81741893 -1.09772992 7.00447989
v -0.82758904 -1.09184003 7.00543976
v -0.82597798 -1.09424996 6.99478006
v -0.81908596 -1.09589994 7.01654959
v -0.82994401 -1.08957005 7.01834011
v -0.83862698 -1.08491004 7.00718021
v -0.84791696 -1.07867002 7.00857019
v -0.84610397 -1.08121002 6.99755001
v -0.84077901 -1.08280003 7.01997995
v -0.83675897 -1.08747995 6.99633026
v -0.86336499 -1.07073998 6.98732996
v -0.86876094 -1.06747997 6.98327017
v -0.86226398 -1.07423997 6.97687006
v -0.85353899 -1.11722004 6.90893030
v -0.84377205 -1.12386000 6.90820980
v -0.84318507 -1.11807001 6.91605997
v -0.85463798 -1.12369001 6.90072012
v -0.86443901 -1.11634994 6.90160990
v -0.86323100 -1.10950005 6.91036987
v -0.84566897 -1.13766003 6.89186001
v -0.83473599 -1.13718998 6.89868021
v -0.84460199 -1.13072002 6.89972973
v -0.83555400 -1.14456999 6.89050961
v -0.83387899 -1.13079000 6.90662003
v -0.76466697 -1.12948000 6.96526051
v -0.77077901 -1.12878001 6.96081018
v -0.75847995 -1.13371003 6.95859003
v -0.78796399 -1.11916995 6.96981955
v -0.79323202 -1.11827004 6.96542978
v -0.78261298 -1.12358999 6.96288013
v -0.78283399 -1.11993003 6.97466946
v -0.79341602 -1.11479998 6.97692013
v -0.75739104 -1.18359005 6.87975979
v -0.76699698 -1.17867005 6.88247013
v -0.76762801 -1.18641007 6.87481976
v -0.75622904 -1.18950009 6.87427998
v -0.75687802 -1.17024004 6.89457989
v -0.74744904 -1.17426991 6.89226007
v -0.74726701 -1.16831994 6.89977026
v -0.73841101 -1.17824006 6.88956976
v -0.74766999 -1.18086994 6.88468027
v -0.77567500 -1.16113997 6.89942026
v -0.76620996 -1.16596007 6.89688015
v -0.76599497 -1.16004002 6.90456009
v -0.78457701 -1.15600002 6.90223026
v -0.78528398 -1.16220999 6.89447021
v -0.77639300 -1.17404008 6.88461971
v -0.78606999 -1.16878009 6.88700008
v -0.78695697 -1.17601001 6.87955999
v -0.47737002 -1.14965999 6.85158014
v -0.48511901 -1.14859998 6.85845041
v -0.49335700 -1.15878999 6.85211039
v -0.49561602 -1.16768003 6.84408045
v -0.47963700 -1.15763998 6.84448004
v -0.46827102 -1.12872005 6.87165976
v -0.45685101 -1.12393999 6.86776972
v -0.45977101 -1.11917996 6.87832022
v -0.47521099 -1.12819993 6.87936020
v -0.52134699 -1.13584995 6.91332006
v -0.50777996 -1.13176000 6.90793991
v -0.51130301 -1.12869000 6.92106009
v -0.49513602 -1.12726998 6.90347958
v -0.50419003 -1.13507998 6.89638996
v -0.48871499 -1.12750995 6.89529037
v -0.98908502 -0.81385404 6.93406010
v -0.98950702 -0.82447797 6.93069983
v -0.98886603 -0.82233894 6.94513988
v -0.98770303 -0.78675801 6.92582035
v -0.98829299 -0.79675204 6.93237019
v -0.98708403 -0.77656800 6.95101023
v -0.98918998 -0.79573697 6.91790009
v -0.98877603 -0.78610003 6.91227055
v -0.98939693 -0.80566198 6.92386007
v -0.72343200 -1.13698995 6.98218012
v -0.72382498 -1.13519001 6.99297047
v -0.72931397 -1.13441002 6.98911953
v -0.97241294 -0.94886196 6.92437983
v -0.96615696 -0.95230401 6.94151020
v -0.96434098 -0.95883501 6.93883991
v -0.96225005 -0.95747101 6.94924021
v -0.96995294 -0.94724905 6.93413019
v -0.50228298 -1.12221003 6.92892981
v -0.48994499 -1.11765003 6.92320013
v -0.49354300 -1.11624002 6.93635035
v -0.78527701 -0.41925997 6.81696033
v -1.01174998 -0.79101801 6.84136963
v -1.01203001 -0.77501100 6.83433008
v -1.00682998 -0.91554898 6.86492014
v -1.00472999 -0.92541707 6.86669016
v -1.00156999 -0.91802299 6.87350988
v -1.00242007 -0.93492496 6.86839008
v -1.00827003 -0.93305796 6.85994053
v -0.99691296 -0.92018807 6.88173008
v -0.99459696 -0.92928898 6.88350010
v -0.99264205 -0.92217505 6.88988018
v -0.99230301 -0.88944101 6.90174007
v -0.99400395 -0.88035202 6.89901972
v -0.99492705 -0.89142597 6.89377975
v -0.99562997 -0.87116605 6.89576054
v -0.99316704 -0.86942798 6.90412998
v -0.99027300 -0.89825404 6.90476990
v -0.64134997 -1.19042993 6.87695980
v -0.64836603 -1.19511008 6.87250996
v -0.63498402 -1.19664001 6.86868954
v -1.01476002 -0.93170202 6.85121012
v -1.01224005 -0.94248199 6.85302973
v -0.89041102 -0.51872098 6.81472015
v -0.88731098 -0.52306902 6.82356024
v -0.87567997 -0.50923401 6.82266998
v -0.92214805 -1.02592003 6.95012951
v -0.91786498 -1.02877998 6.95525980
v -0.91365898 -1.03174996 6.95995045
v -0.92180902 -1.02166009 6.96011972
v -0.75642699 -1.15889001 6.90982962
v -0.74712402 -1.16276002 6.90748978
v -0.74703205 -1.15774000 6.91514969
v -0.76545000 -1.15452993 6.91259003
v -0.73821700 -1.16648996 6.90482998
v -0.94958496 -0.97178698 6.99236965
v -0.95029700 -0.97067899 7.00520992
v -0.94423103 -0.98051995 6.99865055
v -0.65434897 -1.14442992 6.99481964
v -0.64633399 -1.14468002 6.99401999
v -0.65006602 -1.14417005 7.00930023
v -0.60240400 -1.14266002 6.99051952
v -0.60765803 -1.14315009 7.00635004
v -0.76647502 -1.17212999 6.88958979
v -0.76501900 -1.14974999 6.92024994
v -0.98899400 -0.83397800 6.93693018
v -0.87712401 -1.05734992 7.00076962
v -0.88213795 -1.05366004 6.99621964
v -0.87559795 -1.06040001 6.98993015
v -0.90873802 -1.02631998 7.01261997
v -0.91123402 -1.02379000 7.00622034
v -0.90479100 -1.03086007 7.00459957
v -0.95497704 -0.57932103 6.79072046
v -0.39498800 -1.05420995 6.91988993
v -0.34831700 -1.00275004 6.95189953
v -0.40352803 -1.05886006 6.98030996
v -0.88932502 -1.06716990 7.09901953
v -0.84298402 -1.08566999 7.06106043
v -0.81093800 -1.11675000 7.09901953
v -0.77658999 -1.11854005 7.05226994
v -0.72359699 -1.14728999 7.09002018
v -0.68312103 -1.14205003 7.02958012
v -0.63066304 -1.15612006 7.07248020
v -0.66231799 -1.14411998 7.02561045
v -0.67185998 -1.14267993 7.01020956
v -0.95456803 -0.98123801 6.93826008
v -0.94810998 -0.99073493 6.94265985
v -0.95016801 -0.98520297 6.94551992
v -0.95222795 -0.97965401 6.94830990
v -0.94589901 -0.98908502 6.95269012
v -0.48067600 -1.11094999 6.93018055
v -0.49007100 -1.11246002 6.94845963
v -0.48635203 -1.10944998 6.96038961
v -0.98253500 -0.89424694 6.93991995
v -0.98127401 -0.89418805 6.95024014
v -0.98361701 -0.88375598 6.94604015
v -0.98476493 -0.87363303 6.95162964
v -0.98169005 -0.91262901 6.92582035
v -0.98802501 -0.90685999 6.90776968
v -0.99061698 -0.90902299 6.89955997
v -0.81501800 -1.10065007 6.99311972
v -0.87929600 -1.05447996 7.01285028
v -0.73343301 -1.19470000 6.87286997
v -0.73527002 -1.18879998 6.87848949
v -0.74500197 -1.19217992 6.87367010
v -0.52236497 -1.15165997 6.88202953
v -0.54047501 -1.15926003 6.88248968
v -0.53143203 -1.16041005 6.87489033
v -0.44576997 -1.09975994 6.89873981
v -0.45421702 -1.10737002 6.89412975
v -0.44314700 -1.10310006 6.88747025
v -0.71770298 -1.13961005 6.97538996
v -0.87432402 -1.06430995 6.97809982
v -0.87987101 -1.06083000 6.97391987
v -0.87360299 -1.06809998 6.96804953
v -0.72331703 -1.13936996 6.97127008
v -0.84302998 -0.51806796 6.91740036
v -0.88026202 -0.54119802 6.86583042
v -0.90978801 -0.58593601 6.92035007
v -0.99685204 -0.93664902 6.87710047
v -0.85136402 -0.45433101 6.79597998
v -0.87206495 -0.48809099 6.80528021
v -0.90415895 -0.51460898 6.79578018
v -0.87387305 -0.49931002 6.81406021
v -0.90589505 -0.52941597 6.80664968
v -1.02701998 -0.75449800 6.80383015
v -0.94242203 -0.63191497 6.88067007
v -0.95705098 -0.66180098 6.94111013
v -0.89622295 -1.16830993 6.84871960
v -0.32649401 -0.98572397 6.90210056
v -0.30839902 -0.94256002 6.94064999
v -0.83446395 -1.20544994 6.84723949
v -0.47887501 -1.17859006 6.82544041
v -0.98799801 -0.74492103 6.97780991
v -0.98921204 -0.79808199 6.95982981
v -1.00044000 -0.82935894 7.01848984
v -0.98603201 -0.77363199 6.93254995
v -0.72920799 -1.16465998 6.91001987
v -0.48199302 -1.12773001 6.88733006
v -0.49087602 -1.13666999 6.88033962
v -0.47337899 -1.11934006 6.89404964
v -0.87393200 -1.05975997 7.03797007
v -0.88002300 -1.05955005 7.06211996
v -0.86167496 -1.15412998 6.87006998
v -0.86254799 -1.15925002 6.86614990
v -0.85195798 -1.16035008 6.86962986
v -0.29380101 -0.94145095 6.89113998
v -0.29291400 -0.95866501 6.86966991
v -0.28793001 -0.94220400 6.87843990
v -0.70333898 -0.42690802 6.89038992
v -0.72409403 -0.42727298 6.87354946
v -0.72222197 -0.43260297 6.88458014
v -0.76042098 -0.44309402 6.86569977
v -0.76919699 -0.44735399 6.86355972
v -0.75726700 -0.44872698 6.87938976
v -0.70695800 -1.13824999 7.03503036
v -0.70308197 -1.13814998 7.01857996
v -0.90320998 -1.03210998 7.01680994
v -0.86841202 -1.16640997 6.85939026
v -0.87375802 -1.15789008 6.86252975
v -0.99038094 -0.81792402 6.97083950
v -0.98883104 -0.83011103 6.95682001
v -0.73370397 -0.41395402 6.84792042
v -0.72219801 -0.41465503 6.85686016
v -0.71758598 -0.40726501 6.85099030
v -0.68442500 -0.41202503 6.87874985
v -0.69464004 -0.41650000 6.87888050
v -0.68409503 -0.41994101 6.89219952
v -0.82533598 -0.44055599 6.80539989
v -0.82075995 -0.45501599 6.82235050
v -0.81265002 -0.44841799 6.82285976
v -0.99955904 -0.74558502 6.84357977
v -1.00396991 -0.75826204 6.84159994
v -0.35123301 -1.03691995 6.86494970
v -0.36070001 -1.04984999 6.86064005
v -0.34184200 -1.03723001 6.85176992
v -0.96748102 -0.65444297 6.83731985
v -0.95819795 -0.64574999 6.84945965
v -0.96156597 -0.64085996 6.83524990
v -1.01365006 -0.98859298 6.84328985
v -1.00923991 -1.00202000 6.84462976
v -1.00357997 -0.99208099 6.85251999
v -1.03016007 -0.99641103 6.82801962
v -0.88001502 -1.05385995 7.02610016
v -0.88590604 -1.04993999 7.03880978
v -0.88910902 -1.04605997 7.02820969
v -0.63458699 -1.18588996 6.88152027
v -0.64713401 -1.18473995 6.88507986
v -0.62691498 -1.18090999 6.88673019
v -0.61945903 -1.18488002 6.87954998
v -0.62694705 -1.19051003 6.87417984
v -0.51656300 -1.12275004 6.96162033
v -0.95634604 -0.96079904 7.01140976
v -0.95759499 -0.96887505 7.04431009
v -0.96991301 -0.94259799 7.03401041
v -0.42238203 -1.07956004 6.90823984
v -0.41798502 -1.07265997 6.92072964
v -0.40769401 -1.07138991 6.89906979
v -0.42620701 -1.08683991 6.89643002
v -0.38959700 -1.05511999 6.90136051
v -0.43745798 -1.08735001 6.91847992
v -0.43271199 -1.08108997 6.93171024
v -0.77347797 -0.45337301 6.86918020
v -0.79260802 -0.45263299 6.84693003
v -0.78730601 -0.44189200 6.83823013
v -0.79635900 -0.44713101 6.83619022
v -0.98214996 -0.67071903 6.82330036
v -0.97470504 -0.65584898 6.82415009
v -0.98256099 -0.65696800 6.81187963
v -1.01426005 -0.76080501 6.82433033
v -1.00765002 -0.75440001 6.83251047
v -1.01170993 -0.75017202 6.82345963
v -0.33729300 -1.02210999 6.86419964
v -0.34765899 -1.02924991 6.87045002
v -0.35929599 -1.03685999 6.87809992
v -0.34570900 -1.01583004 6.88949966
v -0.32831499 -1.00343001 6.87537003
v -0.34055299 -1.00467992 6.90022945
v -0.93437099 -1.11719000 6.85632992
v -0.94533002 -1.10769999 6.85464001
v -0.94612801 -1.11429000 6.85132980
v -0.97071505 -1.11177993 6.83984995
v -0.92352897 -1.11337996 6.86448956
v -0.92307103 -1.11969995 6.86126041
v -0.91222298 -1.12189996 6.86608982
v -0.97713298 -0.90695798 6.96592045
v -0.97878200 -0.90011394 6.97416019
v -0.97591496 -0.91042602 6.97862005
v -0.93743199 -1.08648992 6.87080002
v -0.93043202 -1.09547997 6.87050009
v -0.92725003 -1.08697009 6.87835979
v -0.94111300 -1.09570003 6.86307001
v -0.94825095 -1.08588004 6.86325979
v -0.93404901 -1.10476995 6.86280966
v -0.94471502 -1.07629001 6.87115002
v -0.95542204 -1.07527995 6.86336994
v -0.73838699 -0.42760801 6.86209011
v -0.75141102 -0.42886701 6.85298014
v -0.75321901 -0.43618900 6.86178970
v -0.74162698 -0.43482199 6.87040997
v -0.93602103 -0.99349201 7.01751041
v -0.93223202 -1.00239003 7.03963995
v -0.94115895 -0.98823005 7.02906036
v -0.94237202 -0.98491800 7.02060032
v -0.94787997 -0.97925901 7.03188992
v -0.28248501 -0.92767894 6.88327026
v -0.27307200 -0.90253001 6.88864994
v -0.27933401 -0.90109903 6.90328979
v -0.27757001 -0.92710400 6.87502003
v -0.94511998 -0.61877298 6.84499979
v -0.94907999 -0.61512798 6.83151007
v -0.36812201 -1.03374994 6.90402985
v -0.76322198 -1.19423997 6.86876965
v -0.97155398 -1.07348001 6.85251999
v -0.96254998 -1.06387997 6.86336994
v -0.76447302 -0.43625301 6.85159969
v -0.91946697 -1.12814999 6.85869980
v -0.72643000 -0.42113599 6.86242008
v -0.89857799 -1.03811002 7.03626013
v -0.90679801 -1.02995992 7.03565979
v -0.90206802 -1.03389001 7.02893972
v -0.25628600 -0.90711004 6.85921001
v -0.54906499 -1.16752005 6.87527990
v -0.54506403 -1.16350007 6.87881994
v -0.55744201 -1.16547000 6.88299036
v -0.95217198 -0.63322800 6.84787989
v -0.99972403 -0.98103601 6.85982990
v -0.99228001 -0.99539202 6.86384964
v -0.99468100 -0.98310602 6.86524963
v -0.99664497 -0.97165805 6.86650991
v -0.98959601 -0.98499000 6.87098980
v -0.86929500 -1.13936996 6.87749004
v -0.86340505 -1.13880992 6.88105011
v -0.86740798 -1.13091004 6.88552999
v -0.85934603 -1.14665008 6.87676001
v -0.85752499 -1.13826001 6.88469982
v -0.77664101 -1.11612999 7.02265024
v -0.78675699 -1.11183000 7.02372980
v -0.79608202 -1.10756993 7.02521992
v -0.78842103 -1.11176002 7.03880978
v -0.99691802 -0.86185396 6.89278030
v -0.99839401 -0.87287396 6.88771963
v -0.90022498 -1.04103005 6.97544003
v -0.90495700 -1.03777003 6.96993017
v -0.89526594 -1.04767001 6.97040033
v -0.89593297 -1.04398000 6.98049021
v -0.90555698 -1.03391004 6.98077011
v -0.63853002 -1.14470994 6.99389029
v -0.64303195 -1.14598000 6.98047018
v -0.84877002 -1.08282006 6.98094034
v -0.85302198 -1.08123994 6.97596979
v -0.84339702 -1.08809006 6.97491980
v -0.84448701 -1.08458996 6.98552036
v -0.85426700 -1.07752001 6.98705959
v -0.85719901 -1.07981002 6.97096014
v -0.86146498 -1.07846999 6.96576977
v -0.85224402 -1.08535993 6.96513987
v -0.40191698 -1.10312009 6.84197998
v -0.37775299 -1.08440995 6.83926010
v -0.41118798 -1.10109997 6.85313034
v -0.73522103 -1.13362002 6.98473978
v -0.74713802 -1.12948000 6.98911953
v -0.74087399 -1.13273001 6.98141003
v -0.74666500 -1.13189006 6.97761011
v -0.73502600 -1.13590002 6.97415018
v -0.74007303 -1.12962997 7.00522995
v -0.74742299 -1.12791002 6.99991989
v -0.73560899 -1.13174999 6.99648952
v -0.73327297 -1.13126004 7.00985050
v -0.74516904 -1.12757993 7.01491022
v -0.93154204 -1.04167998 6.91151953
v -0.93234193 -1.04589999 6.90622997
v -0.92283601 -1.05347991 6.91097021
v -0.93291199 -1.05066001 6.90112019
v -0.93401498 -1.05528998 6.89582968
v -0.92389899 -1.06295002 6.90042019
v -0.91305703 -1.05639005 6.92080021
v -0.91329700 -1.06061006 6.91547012
v -0.90335596 -1.06755996 6.91992044
v -0.91337299 -1.06527996 6.91019964
v -0.93034697 -1.03402007 6.92180014
v -0.93100500 -1.03766000 6.91659021
v -0.92226601 -1.04490006 6.92146015
v -0.93937904 -1.03027999 6.91167974
v -0.56546503 -1.16336000 6.89087009
v -0.56927401 -1.16734004 6.88637018
v -0.98844099 -0.68552798 6.82361984
v -0.99041003 -0.69847298 6.82972050
v -0.98159707 -0.68351400 6.83527994
v -0.99012899 -0.70570099 6.83580017
v -0.65656900 -1.18425000 6.88685989
v -0.65974301 -1.18055999 6.89225006
v -0.66676700 -1.18406999 6.88789988
v -0.67648900 -1.18299997 6.88968945
v -0.67940402 -1.17910993 6.89507961
v -0.68688595 -1.18212998 6.89080954
v -0.67396998 -1.18761992 6.88366985
v -0.97122002 -1.03874993 6.86781025
v -0.96871996 -1.03337002 6.87300014
v -0.97711402 -1.02794003 6.86703014
v -0.98320502 -1.02775002 6.86111975
v -0.98944700 -1.02748001 6.85542011
v -0.98393297 -1.03878999 6.85622025
v -0.98251897 -1.01724994 6.86611032
v -0.75877798 -1.13023007 6.96937037
v -0.77096301 -1.12524998 6.97207022
v -0.74132597 -1.13027000 7.04477978
v -0.73084003 -1.13179994 7.02538967
v -0.75496602 -1.12431002 7.02480030
v -0.76661503 -1.12061000 7.03621006
v -0.98756802 -0.85030001 6.96305990
v -0.98746794 -0.85037202 6.95251989
v -0.98600304 -0.86325800 6.95710993
v -0.98823500 -0.84145004 6.94695950
v -0.98821604 -0.84742403 6.94014978
v -0.79897100 -1.11050999 6.98412991
v -0.80376196 -1.10938001 6.97920990
v -0.84059399 -1.08597004 6.99104023
v -0.83505899 -1.09089005 6.98439026
v -0.52434802 -1.16270995 6.86719990
v -0.51555502 -1.15345001 6.87423038
v -0.62088400 -1.19415998 6.86857986
v -0.61409003 -1.19795001 6.86283016
v -0.60699099 -1.19123006 6.86840963
v -0.89507198 -1.05185008 6.95990992
v -0.90481502 -1.04184997 6.95970011
v -0.95934999 -0.62162697 6.81955051
v -0.96647501 -0.63632399 6.82114029
v -0.97023404 -0.62814999 6.80812979
v -0.83031195 -1.18752003 6.85833979
v -0.84960401 -1.18438995 6.85492039
v -0.82021701 -1.18502998 6.86271954
v -0.81423503 -1.19094002 6.86023045
v -0.81075400 -1.18263996 6.86707973
v -0.82622302 -1.17927003 6.86503983
v -0.77691001 -1.12118995 6.97904968
v -0.77148098 -1.12224996 6.98361969
v -0.78297299 -1.11716998 6.98617029
v -0.88364094 -1.15070999 6.86281967
v -0.88307697 -1.16070008 6.85724020
v -0.91634101 -1.13678002 6.85580969
v -0.92325604 -1.15019000 6.84679031
v -0.91273004 -1.14533997 6.85323048
v -0.90540999 -1.13804996 6.86029959
v -0.97495401 -0.71616995 6.90727997
v -0.98861706 -0.80549401 6.94336033
v -0.70655698 -0.41227999 6.86453009
v -0.71279705 -0.39924800 6.84513998
v -0.72817200 -0.40514597 6.84187031
v -0.26093200 -0.92384100 6.85372019
v -0.27036199 -0.94277203 6.85160971
v -0.25789699 -0.93316603 6.84386969
v -0.26622099 -0.90873897 6.87194967
v -0.26606801 -0.95005101 6.84126949
v -1.00648999 -0.73700297 6.82535028
v -0.36285800 -1.05726004 6.85386944
v -0.52818400 -1.12661004 6.96782017
v -0.50127202 -1.11611998 6.98602009
v -0.62857097 -1.14454007 6.99281025
v -0.63976496 -1.14453006 7.01373005
v -0.58376700 -1.18069005 6.87368011
v -0.59072399 -1.18607998 6.86945057
v -0.57821101 -1.18518996 6.86595011
v -0.43016702 -1.12940001 6.83826971
v -0.41923800 -1.11800003 6.84121990
v -0.43266600 -1.12277007 6.84730005
v -0.77810895 -0.45936900 6.87492990
v -0.78886300 -0.45839301 6.85977030
v -0.79761201 -0.46002698 6.85222006
v -0.44124699 -1.13282001 6.84325027
v -0.86359102 -0.51100796 6.84194040
v -0.87878001 -0.52319300 6.83619976
v -0.85873300 -0.51371801 6.85468006
v -0.83610404 -0.46261200 6.81584024
v -0.84522498 -0.47122002 6.81564999
v -0.83596003 -0.47243500 6.82631969
v -0.28319100 -0.87340897 6.94579983
v -0.94170505 -0.62215298 6.86028004
v -0.77058804 -1.19897008 6.86362982
v -0.75851500 -1.20249009 6.86277008
v -0.94687796 -1.09651005 6.85891056
v -0.95226401 -1.10334992 6.85255957
v -0.95962399 -1.09863007 6.85022974
v -0.28549799 -0.98234195 6.83821011
v -0.29180601 -0.98314202 6.84470987
v -0.29706100 -0.99821597 6.83778000
v -0.94299299 -1.12383008 6.84896994
v -0.98894298 -0.92391902 6.89750957
v -0.99155396 -0.91552699 6.89474010
v -0.68768299 -1.20104003 6.86908054
v -0.68411100 -1.20723999 6.86303043
v -0.67605102 -1.20228004 6.86743021
v -0.69483298 -1.20582998 6.86455011
v -0.69776499 -1.19964004 6.87048054
v -0.69186199 -1.21201003 6.85902023
v -0.78800905 -1.13569999 6.93071985
v -0.78175998 -1.13613999 6.93431997
v -0.79292405 -1.13073993 6.93625021
v -0.47677898 -1.11225009 6.91742992
v -0.46769601 -1.10514998 6.92405987
v -0.46135601 -1.10596001 6.90889978
v -0.99828100 -0.85237706 6.88881016
v -0.99958694 -0.84280795 6.88429022
v -1.00089002 -0.85380000 6.88152981
v -0.90846300 -1.02920997 6.98742962
v -0.91286898 -1.02559006 6.98124027
v -0.73199600 -1.14498997 6.94740009
v -0.71763098 -1.14807999 6.94690037
v -0.72621298 -1.14510000 6.95044041
v -0.73503500 -1.14181006 6.95407009
v -0.95182598 -0.97011298 7.01949978
v -0.78513801 -1.12510002 6.95585012
v -0.77657497 -1.12805998 6.95684958
v -0.46658403 -1.11926007 6.88593960
v -0.49761802 -1.13586998 6.88821030
v -1.00196004 -0.90117502 6.87584972
v -0.99956703 -0.91094398 6.87878036
v -0.99775201 -0.90394896 6.88407993
v -0.71398801 -1.18724000 6.88280010
v -0.71177804 -1.19256997 6.87714005
v -0.70290899 -1.18864000 6.88207006
v -0.69229901 -1.19027007 6.88062000
v -0.69446099 -1.18519998 6.88660955
v -0.69683897 -1.18076003 6.89216995
v -0.68984401 -1.19560003 6.87472010
v -0.68190598 -1.19155002 6.87916040
v -0.99147099 -0.83739996 6.91559982
v -0.99307501 -0.83879101 6.90735006
v -0.99199897 -0.84786302 6.91231012
v -0.99016303 -0.83613300 6.92436981
v -0.99081695 -0.82620800 6.91896963
v -0.99498796 -0.84003603 6.89934015
v -0.99397099 -0.82903606 6.90216970
v -0.99381196 -0.84940594 6.90419006
v -0.99589300 -0.85089701 6.89643002
v -0.81304801 -1.13066995 6.92115021
v -0.82543695 -1.12200999 6.92489004
v -0.82816094 -1.12468994 6.91873026
v -0.83086097 -1.12752998 6.91281986
v -0.78771698 -1.12681997 6.94903040
v -0.79786599 -1.12577999 6.94191980
v -0.79031301 -1.12871003 6.94250011
v -0.99282801 -0.81812894 6.90495968
v -0.99132603 -0.81671798 6.91307974
v -0.99160898 -0.80754298 6.90755987
v -0.32805800 -1.03864002 6.83481979
v -0.54153800 -1.13975000 7.04557037
v -0.51864100 -1.12344003 6.99589014
v -0.46600899 -1.10416007 7.01241970
v -0.96585906 -0.94353706 6.95983982
v -0.96626103 -0.94031894 6.96657038
v -0.96914196 -0.93522900 6.95808029
v -0.96819097 -0.93472099 6.96838999
v -0.49954200 -1.14576995 6.87341022
v -0.48378903 -1.13749003 6.87260962
v -0.50839800 -1.15525997 6.86658001
v -0.81562793 -1.13353992 6.91518021
v -0.80792701 -1.13643003 6.91614008
v -0.80044299 -1.13879991 6.91742992
v -0.80298901 -1.14192998 6.91145039
v -1.00874996 -0.72138602 6.81328964
v -1.01613998 -0.74555600 6.81451035
v -0.98803902 -0.64675105 6.79714966
v -0.67175698 -1.23939002 6.83776999
v -0.73975098 -1.23408008 6.84293985
v -0.45347700 -1.09160006 6.96063995
v -0.76282299 -0.46746999 6.92772961
v -0.81052399 -0.48464498 6.88136959
v -0.99403000 -0.90657902 6.89187002
v -0.69918400 -1.17636991 6.89798975
v -0.70743501 -1.17896998 6.89358997
v -0.95347404 -0.99791700 7.08603001
v -0.91253793 -1.03073001 7.06223965
v -0.69920301 -0.42209703 6.88486004
v -0.71508497 -0.42396897 6.87556982
v -0.81367797 -0.45649299 6.83066034
v -0.99913394 -1.00451005 6.85360050
v -1.02324998 -1.01881003 6.83025980
v -1.00522006 -1.02756000 6.84208012
v -1.00478005 -1.01536000 6.84543991
v -0.57240599 -1.13802993 6.98639965
v -0.56808698 -1.13785005 6.97323990
v -0.56140697 -1.13560998 6.98723984
v -1.02286994 -0.89215696 6.84206009
v -1.01734996 -0.89060497 6.84998035
v -1.02889991 -0.89370203 6.83426952
v -0.64052302 -1.18080997 6.88952017
v -0.44799900 -1.09689999 6.91039944
v -0.43194199 -1.08697009 6.90709019
v -0.34428102 -1.04568994 6.84526968
v -0.33667901 -1.01549995 6.87242985
v -1.02596998 -0.86123502 6.83531046
v -0.55717403 -1.18620002 6.85624027
v -0.54124498 -1.18225002 6.85328960
v -0.54974300 -1.17946994 6.86037970
v -0.54642403 -1.19301999 6.84489965
v -0.56494600 -1.19330001 6.85204983
v -0.53215098 -1.18497002 6.84624004
v -0.56460398 -1.18274999 6.86328983
v -0.57146603 -1.17938006 6.87033987
v -0.55767697 -1.17668998 6.86750031
v -0.56507701 -1.17394996 6.87460041
v -0.57182300 -1.18915999 6.85898972
v -0.57942903 -1.19598997 6.85460949
v -0.58530599 -1.19138002 6.86147022
v -0.59274000 -1.19792998 6.85696030
v -0.96283996 -0.67571604 6.88616037
v -0.96216404 -0.66507101 6.86670971
v -0.96826804 -0.67946303 6.86737967
v -0.90966797 -1.02601004 7.02766037
v -0.75060904 -0.40937701 6.83155966
v -0.85235298 -1.08947003 6.95473003
v -0.85194397 -1.09212995 6.94954967
v -0.84238195 -1.09653997 6.95371008
v -0.85180104 -1.09468007 6.94459009
v -0.86097699 -1.08774006 6.94549036
v -0.85193503 -1.10005999 6.93471003
v -0.85183698 -1.09733999 6.93956995
v -0.86119401 -1.09301996 6.93569040
v -0.84216201 -1.10158002 6.94344044
v -0.38866299 -1.06681001 6.87510967
v -0.38321599 -1.05691004 6.88417959
v -0.40221399 -1.07447994 6.88239956
v -0.39608800 -1.06478000 6.89167023
v -0.99331105 -1.00553000 6.85920048
v -0.98767298 -1.00644994 6.86492014
v -0.94281995 -1.00850999 6.93024969
v -0.94322097 -1.01155996 6.92559958
v -0.93739796 -1.01640999 6.93116999
v -0.93035001 -1.02653003 6.93139029
v -0.93011504 -1.02356005 6.93610001
v -0.62286502 -1.17746997 6.89083004
v -0.62440902 -1.17382002 6.89692974
v -0.63405800 -1.17700994 6.89400005
v -0.62586296 -1.17033005 6.90323019
v -0.61480999 -1.17052007 6.89985943
v -0.95582104 -1.00481999 6.90931034
v -0.95706701 -1.00827003 6.90427017
v -0.95072097 -1.01338995 6.91010952
v -0.97665703 -1.00884998 6.87662983
v -0.97417098 -1.00441003 6.88210011
v -0.98166001 -0.99825203 6.87552023
v -0.97166699 -1.00080991 6.88756037
v -0.96696997 -1.00999999 6.88844013
v -0.96159899 -1.01967001 6.88929987
v -0.96002996 -1.01542997 6.89433002
v -0.90926200 -1.03479004 6.96500015
v -0.91380996 -1.02763999 6.97033024
v -0.91394395 -1.04787993 6.93068981
v -0.91346598 -1.05209994 6.92567968
v -0.90435493 -1.05909991 6.92981052
v -0.72467500 -1.14359999 6.95565033
v -0.72335398 -1.14210999 6.96121979
v -0.71474999 -1.14505994 6.95708990
v -0.74397600 -1.14507997 6.94029999
v -0.73791701 -1.14511991 6.94366980
v -0.74689996 -1.14153004 6.94682980
v -0.72902000 -1.14827991 6.94091034
v -0.56499600 -1.15468001 6.90709019
v -0.56667000 -1.15239000 6.91335964
v -0.57650000 -1.15613008 6.91122961
v -0.57143199 -1.14638996 6.93349981
v -0.56982297 -1.14826000 6.92643976
v -0.55998504 -1.14469004 6.92861032
v -0.59342301 -1.14874005 6.94252014
v -0.59168702 -1.15050006 6.93544006
v -0.58214504 -1.14765000 6.93809986
v -0.60661602 -1.16401994 6.90917969
v -0.60813498 -1.16108000 6.91593027
v -0.61769098 -1.16410995 6.91280985
v -0.60953999 -1.15840995 6.92265034
v -0.59869397 -1.15797997 6.91896963
v -0.58764398 -1.15739000 6.91476965
v -0.58910501 -1.15486002 6.92162037
v -0.81410301 -1.10347998 6.98188019
v -0.81330794 -1.10541999 6.97601032
v -0.83299601 -1.09861004 6.96295023
v -0.83259803 -1.10093999 6.95755005
v -0.82293999 -1.10505998 6.96119976
v -0.83325499 -1.09657001 6.96828985
v -0.84272701 -1.09211993 6.96411991
v -0.81296903 -1.11116004 6.95908976
v -0.81277305 -1.10922003 6.96467972
v -0.88695699 -1.09675002 6.90406036
v -0.89255106 -1.09659004 6.89927959
v -0.88285398 -1.10386002 6.90021992
v -0.58459198 -1.16262996 6.90229034
v -0.58278900 -1.16561007 6.89595032
v -0.57314599 -1.16126001 6.89888000
v -0.58103400 -1.16875005 6.88984013
v -0.59233600 -1.16981006 6.89301968
v -0.57733595 -1.17552006 6.87800980
v -0.57915199 -1.17208993 6.88376999
v -0.58877403 -1.17658007 6.88121033
v -0.60040599 -1.17727005 6.88448048
v -0.60204804 -1.17376006 6.89033985
v -0.61170900 -1.17755008 6.88767004
v -0.60374999 -1.17041993 6.89637995
v -0.95374203 -1.04872000 6.87959003
v -0.95192605 -1.04311001 6.88513041
v -0.96015996 -1.03854001 6.87911987
v -0.94999105 -1.03843999 6.89059973
v -0.94358099 -1.04750991 6.89126968
v -0.94722402 -1.02970004 6.90093994
v -0.94864398 -1.03374004 6.89579010
v -0.94116294 -1.03838992 6.90159988
v -0.95617902 -1.02882993 6.88993979
v -0.94633704 -1.02548003 6.90586996
v -0.95316494 -1.02056003 6.90015030
v -0.94537002 -1.02160001 6.91097021
v -0.58055502 -1.15933001 6.90672970
v -0.98789704 -0.74674499 6.87735987
v -0.98672402 -0.73798001 6.87317944
v -0.99111301 -0.74878895 6.86780024
v -0.98560107 -0.72931302 6.86844015
v -0.98217094 -0.72672498 6.87880993
v -0.99257004 -0.74402201 6.85968018
v -0.99033803 -0.73159200 6.85600948
v -0.99413604 -0.73916501 6.85190964
v -0.98858005 -0.75415003 6.88171005
v -0.98483598 -0.74430400 6.88842010
v -0.98932695 -0.76184303 6.88565969
v -0.99244100 -0.76385397 6.87511969
v -1.01868999 -0.78874505 6.82861042
v -0.65391999 -1.18880999 6.88069010
v -0.96612996 -1.02855992 6.87838984
v -0.96390897 -1.02385998 6.88374043
v -0.97162503 -1.01861000 6.87758017
v -0.94814903 -0.97531998 7.01529980
v -0.89680994 -1.03908002 7.00346994
v -0.89237803 -1.04293001 7.00930023
v -0.89679098 -1.03850007 7.01677036
v -0.75294602 -1.13081002 6.97415018
v -0.74690199 -1.13444006 6.96737003
v -0.76581001 -1.12339997 6.98845959
v -0.75931102 -1.12708998 6.98124981
v -0.94449395 -1.01806998 6.91595984
v -0.57264400 -1.14467001 6.94063044
v -0.84741497 -1.09080005 6.95952988
v -0.83238202 -1.10822999 6.94200993
v -0.83232003 -1.10574996 6.94707012
v -0.45966601 -1.14223003 6.84704971
v -0.46571201 -1.13981998 6.85440969
v -0.98207700 -1.00777996 6.87069035
v -0.93027604 -1.03026998 6.92656040
v -0.92237502 -1.03745008 6.93095016
v -0.60520899 -1.16710997 6.90272999
v -0.59562999 -1.16358995 6.90557003
v -0.76801401 -1.14525998 6.92630005
v -0.76185900 -1.14522004 6.92984009
v -0.77099699 -1.14094996 6.93240976
v -0.75590003 -1.14516997 6.93331003
v -0.75289601 -1.14927995 6.92706966
v -0.80712700 -0.45786101 6.83888006
v -0.80881596 -0.46545702 6.84740973
v -0.82049400 -0.47155699 6.84246969
v -0.80708903 -0.46923798 6.85537052
v -0.84022105 -1.15863001 6.87573004
v -0.84309196 -1.16308999 6.87109995
v -0.83359605 -1.16582000 6.87260962
v -0.77632499 -1.13626003 6.93800974
v -0.78162998 -1.13159001 6.94368982
v -0.79135698 -1.11382997 6.98488998
v -0.78938597 -1.11315000 6.99308014
v -0.30648601 -0.98467797 6.86290979
v -0.30984801 -0.99173802 6.86008978
v -0.30203399 -0.98392999 6.85718012
v -0.62145102 -1.22509003 6.84039974
v -0.70035899 -0.40515900 6.85934973
v -0.53668600 -1.17664003 6.85718012
v -0.99982798 -1.02728999 6.84649944
v -0.68097299 -1.14240003 6.99532032
v -0.68278801 -1.14157999 7.00473022
v -0.69310796 -1.14047003 6.99938965
v -0.71516901 -1.21837997 6.85394001
v -0.70585001 -1.21872997 6.85375977
v -0.70863301 -1.21124005 6.85970974
v -0.55353296 -1.13379002 6.98063946
v -0.53863603 -1.13039994 7.00306034
v -0.29067400 -0.96448600 6.86032009
v -0.28787401 -0.96933097 6.85196972
v -0.28152299 -0.95437497 6.85669994
v -0.76606697 -1.20832992 6.85735989
v -0.75625503 -1.21581006 6.85330963
v -0.59581196 -1.18149006 6.87703037
v -0.60325801 -1.18672001 6.87272024
v -0.32975298 -1.02410007 6.85132980
v -0.31981900 -1.01916003 6.84436035
v -0.31892401 -1.01199996 6.85057974
v -0.71531904 -1.20392001 6.86583042
v -0.72203898 -1.21024001 6.86007977
v -0.83177406 -1.17354000 6.86741018
v -0.82360399 -1.17130005 6.87186956
v -0.82567102 -1.16398001 6.87711048
v -0.93702096 -1.07363999 6.87922001
v -0.94589102 -1.06716990 6.87559986
v -0.85655499 -0.49885002 6.83463001
v -0.84465301 -0.48900700 6.83686972
v -0.85313302 -0.48874301 6.82617044
v -0.94899702 -0.63663805 6.86314011
v -0.91821206 -1.01677001 7.02814007
v -0.91252899 -1.02236009 7.01980972
v -0.31375998 -1.01164997 6.84458017
v -0.99284494 -0.72387302 6.84373999
v -0.99772102 -0.72856396 6.83655024
v -0.98360300 -0.93531907 6.90454006
v -0.98136795 -0.94522107 6.90394974
v -0.98661804 -0.93194199 6.89918995
v -0.98558700 -0.92554301 6.90500021
v -0.71807200 -1.17744994 6.89419031
v -0.39811498 -1.07723999 6.87147999
v -0.94431293 -1.00124002 6.93681049
v -0.94607002 -0.99616003 6.93985987
v -0.95065296 -0.99254000 6.93317032
v -0.92617595 -1.02316999 6.94543982
v -0.93011999 -1.02052999 6.94077969
v -0.92286503 -1.03030002 6.94076014
v -0.77859402 -1.11643004 7.00258017
v -0.77298898 -1.11825001 7.00696039
v -0.77226299 -1.11983001 6.99561024
v -0.70352399 -1.14482999 6.96430969
v -0.69471002 -1.14722991 6.95999002
v -0.79300499 -1.14125001 6.91831970
v -0.79807299 -1.13597000 6.92333984
v -0.77739900 -1.18131995 6.87722015
v -1.00181997 -0.83947003 6.87763977
v -0.95900804 -0.97695196 6.93145990
v -0.95721501 -0.98276901 6.92906046
v -0.96342403 -0.97265595 6.92477036
v -0.95209104 -0.97026902 6.97225046
v -0.94954503 -0.97602302 6.96882010
v -0.95475197 -0.96739101 6.96436977
v -0.94715995 -0.98136199 6.96570969
v -0.94391203 -0.98466700 6.97322989
v -0.95670402 -0.95988595 6.97790003
v -0.95912904 -0.95645702 6.96992016
v -0.90494406 -1.03225005 6.99178028
v -0.91154498 -1.02462995 6.99409008
v -0.90078294 -1.03570008 6.99787998
v -0.89707804 -1.04044998 6.99138021
v -0.74090999 -1.13812995 6.96064997
v -0.74656802 -1.13802993 6.95633984
v -0.75258601 -1.13767004 6.95258999
v -0.73496997 -1.13864005 6.96392965
v -0.59050900 -1.15262008 6.92839956
v -0.60142696 -1.15327001 6.93262005
v -0.99860001 -0.76630902 6.85839987
v -0.99659300 -0.77081800 6.86659002
v -0.99552500 -0.78972805 6.88094997
v -0.99711800 -0.78591502 6.87365055
v -0.99781001 -0.80129403 6.87882996
v -0.99325401 -0.77895701 6.88283014
v -0.98102504 -0.96975803 6.89066029
v -0.98359603 -0.95954001 6.89147043
v -0.98588693 -0.94893903 6.89243031
v -0.98040402 -0.89476699 6.96011972
v -0.98445797 -0.87343198 6.96186972
v -0.98588401 -0.86555403 6.97065973
v -0.98488903 -0.88360393 6.93600988
v -0.98414099 -0.89405000 6.93068981
v -0.97257006 -0.93260497 6.94302988
v -0.97296697 -0.93543595 6.93730021
v -0.96917599 -0.94126999 6.94571018
v -0.85281599 -1.11110997 6.91727972
v -0.86235601 -1.10377002 6.91840982
v -0.85337400 -1.11385000 6.91322994
v -0.79265600 -1.12214005 6.95538998
v -0.75723600 -1.17657006 6.88718033
v -0.73670399 -1.18329000 6.88411999
v -0.72560900 -1.18540001 6.88350964
v -0.73166096 -1.20094991 6.86728954
v -0.72154599 -1.19689000 6.87198019
v -0.77589101 -1.16732001 6.89203024
v -0.77522200 -1.15527999 6.90725040
v -0.48114499 -1.16653991 6.83677006
v -0.49779302 -1.17728996 6.83626032
v -0.44843203 -1.11548996 6.87198019
v -0.43658701 -1.11129999 6.86565018
v -0.44002599 -1.10703003 6.87621975
v -0.51800096 -1.13937998 6.90129995
v -0.49877900 -1.12443995 6.91583014
v -0.50207698 -1.14007998 6.88480997
v -0.42440099 -1.10662007 6.85947037
v -0.41560301 -1.09689999 6.86344004
v -0.99022800 -0.79655600 6.91004038
v -0.99661702 -0.82026702 6.88963985
v -0.99840701 -0.81653500 6.88249969
v -0.99814701 -0.83146799 6.88703012
v -0.99499196 -0.80921495 6.89210987
v -0.99317902 -0.79778099 6.89453983
v -0.99439603 -0.79389000 6.88735962
v -0.99136198 -0.78716898 6.89669037
v -0.99160993 -0.79734004 6.90202999
v -0.48594499 -1.11962008 6.91055012
v -0.56160897 -1.15986991 6.89475012
v -0.54931301 -1.15797007 6.89039993
v -0.93791503 -0.99320400 6.97750998
v -0.93535298 -0.99810201 6.97362995
v -0.93172103 -1.00141001 6.98154974
v -0.94093102 -0.98764098 6.98139048
v -0.93786895 -0.99098396 6.99022007
v -0.93251401 -1.00346005 6.96975040
v -0.93875599 -0.99516404 6.96643972
v -0.78630197 -0.43638402 6.83277988
v -0.77312297 -0.42270899 6.82885981
v -0.79609400 -0.43698001 6.82528973
v -0.99586403 -0.75552601 6.85883999
v -1.00941002 -0.90527499 6.86190033
v -1.01261997 -0.91276395 6.85618973
v -0.70912701 -1.19851995 6.87121964
v -0.71624601 -1.18209004 6.88860035
v -0.67196399 -1.19247997 6.87774944
v -1.02644992 -0.95412505 6.83552027
v -1.01944995 -0.94123399 6.84433985
v -1.01668000 -0.95240700 6.84618998
v -0.97714698 -0.97196102 6.89621973
v -0.97824496 -0.97982502 6.88976955
v -0.98256701 -0.95141202 6.89776993
v -0.92956102 -1.01592994 6.95020008
v -0.75645196 -1.16439998 6.90213013
v -0.74997503 -1.15342999 6.92108011
v -0.74390000 -1.15310001 6.92426968
v -0.72609699 -1.15167999 6.93459988
v -0.72032499 -1.15142000 6.93755054
v -0.94370604 -0.98258698 6.98463964
v -0.59426701 -1.14169002 6.98893976
v -0.59776300 -1.14301002 6.97688961
v -0.99259901 -0.85873806 6.90823984
v -0.99090499 -0.85721302 6.91619015
v -0.99126101 -0.86776304 6.91183996
v -0.98950195 -0.85541898 6.92457962
v -0.98962700 -0.86606300 6.91987991
v -0.83298999 -1.11875999 6.92352962
v -0.98937798 -0.84471399 6.92916012
v -0.88842899 -1.04638004 7.01475000
v -0.88834107 -1.04729009 7.00208950
v -0.75969398 -1.12498999 6.99177027
v -0.99120104 -0.91482294 7.05717993
v -0.66037899 -1.14363003 7.00978994
v -0.94147599 -0.99980402 6.94666004
v -0.94471300 -0.98683500 6.96246052
v -0.94228697 -0.99210596 6.95955944
v -0.94012898 -0.99717301 6.95606995
v -0.57406402 -1.14319003 6.94804001
v -0.56301296 -1.14148998 6.94306040
v -0.96142995 -0.94904202 6.98406982
v -0.95908201 -0.95446795 6.98079967
v -0.95960903 -0.95270598 6.99289989
v -0.96344405 -0.94545901 6.97521973
v -0.98845398 -0.85342598 6.93332005
v -0.53639799 -1.15521002 6.88636017
v -0.98455298 -0.98701698 6.87684011
v -0.97973299 -0.98842800 6.88291025
v -0.96575403 -0.94636500 6.95379019
v -0.96228397 -0.95184201 6.96150970
v -0.96769106 -0.93435001 6.98021984
v -0.76479900 -1.13683009 6.94530010
v -0.75862497 -1.13727999 6.94890976
v -0.77063096 -1.13248992 6.95098019
v -0.77074599 -1.13648999 6.94161987
v -0.75889802 -1.14125001 6.93960047
v -0.83686399 -0.49821702 6.86384964
v -0.83681297 -0.48918200 6.84766006
v -0.28363299 -0.99495697 6.82682037
v -0.27513000 -0.96666098 6.83905029
v -0.46806303 -1.09977996 6.96714020
v -0.44764099 -1.08925998 6.94347000
v -0.46565399 -1.15594995 6.83722019
v -0.44197002 -1.15351999 6.82468033
v -0.52689302 -1.19428992 6.83552027
v -0.51536900 -1.18165994 6.84126949
v -1.01197994 -0.89438599 6.85838985
v -1.00656009 -0.89813203 6.86752033
v -0.82332897 -1.13068998 6.91388035
v -0.81835604 -1.13664997 6.90923023
v -0.29934999 -0.96666700 6.87172031
v -0.29740602 -0.97157800 6.86321020
v -0.30154902 -0.96091700 6.88279057
v -0.73941100 -0.42116699 6.85253000
v -0.74988097 -0.42141098 6.84487009
v -0.36772901 -1.04821992 6.87338018
v -0.97409695 -0.91690195 6.96976995
v -0.70281804 -1.13936007 6.99422979
v -0.31303999 -0.98886096 6.86841965
v -0.31787100 -0.99066496 6.87444019
v -0.31714600 -0.99869698 6.86300945
v -0.50047797 -1.11562002 6.96809006
v -0.97965801 -0.89829302 6.98538971
v -0.73308301 -1.21507001 6.85570002
v -0.72246099 -1.22643006 6.84811020
v -0.74198097 -1.20501006 6.86279011
v -0.60771799 -1.18189001 6.88033009
v -0.43480101 -1.11675000 6.85645008
v -0.44820300 -1.09253001 6.92661953
v -0.71620798 -1.13635993 6.99775982
v -0.78392202 -0.45204702 6.85522985
v -0.77938801 -0.44612700 6.85122013
v -0.93801200 -0.98996001 7.00314999
v -0.93197000 -0.99844301 7.00707006
v -0.81555593 -1.16909003 6.87649012
v -0.80918801 -1.17478001 6.87380981
v -0.80763501 -1.16692996 6.88124990
v -0.81756800 -1.16208005 6.88196039
v -0.82770300 -1.15676999 6.88263035
v -0.95407403 -1.06105006 6.87199020
v -0.94698000 -1.05865002 6.87996006
v -0.97855699 -0.70779699 6.86913967
v -0.97371900 -0.69370902 6.86819983
v -0.86227500 -0.48842302 6.81560993
v -0.81985396 -0.46397001 6.83328009
v -0.27197298 -0.91831398 6.87341976
v -0.95536804 -0.65055299 6.86625004
v -0.93343496 -0.60720098 6.85771036
v -0.75150901 -1.19711995 6.86821985
v -0.89974803 -1.03837001 7.04459000
v -0.96073306 -1.08665001 6.85442972
v -0.89503402 -1.04209006 7.04075003
v -0.69795096 -1.13916993 7.00879955
v -0.85564804 -1.15358996 6.87309027
v -0.84946603 -1.15300000 6.87628031
v -0.87499505 -1.14075005 6.87351990
v -0.87894201 -1.13339007 6.87692022
v -0.88071001 -1.14230001 6.86958981
v -0.87120801 -1.14761996 6.87041998
v -0.46305299 -1.09871995 6.94275951
v -0.47740799 -1.10692000 6.94178009
v -0.45784998 -1.09710002 6.93379974
v -0.55528200 -1.13619006 6.95921993
v -0.55662000 -1.13551998 6.96757984
v -0.56558400 -1.13928008 6.95725012
v -0.54374999 -1.13247991 6.96118021
v -0.55385298 -1.13699996 6.95182037
v -0.57532001 -1.14200997 6.95515966
v -0.58497000 -1.14454007 6.95294046
v -0.57684201 -1.14104009 6.96283054
v -0.97515404 -0.99014699 6.88873005
v -0.97128803 -0.99128503 6.89402008
v -0.72923195 -1.13894999 6.96773005
v -0.56832898 -1.15024996 6.91983032
v -0.55678302 -1.14847004 6.91539001
v -0.55110699 -1.13922000 6.93797016
v -0.54938996 -1.14074004 6.93052006
v -0.53802902 -1.13626003 6.93237972
v -0.54774600 -1.14238000 6.92365026
v -0.54609197 -1.14420998 6.91697025
v -0.54450405 -1.14605999 6.91089010
v -0.53449404 -1.13933003 6.91849995
v -0.57957804 -1.15163004 6.92417002
v -0.54235202 -1.14816999 6.90428019
v -0.53078496 -1.14286005 6.90590954
v -0.54018795 -1.15033996 6.89804983
v -0.55322301 -1.15292001 6.90260983
v -0.85950202 -1.07247996 6.99320984
v -0.85556495 -1.07446003 6.99867010
v -0.81993598 -1.09890008 6.98824978
v -0.82453299 -1.09748006 6.98301029
v -0.81306899 -1.10730004 6.97005987
v -0.82352400 -1.10091996 6.97240973
v -0.83400297 -1.09437001 6.97379017
v -0.80324805 -1.11291003 6.96779013
v -0.82930499 -1.09587002 6.97843027
v -0.86025602 -1.12357998 6.89699030
v -0.86578500 -1.12321997 6.89364004
v -0.85601199 -1.13082004 6.89247990
v -0.88136798 -1.09685004 6.90906000
v -0.89088804 -1.08980000 6.90786982
v -0.75352401 -1.12642002 6.99613047
v -0.76033902 -1.12327003 7.00352001
v -0.77637702 -0.43593603 6.84072018
v -0.98646003 -0.72380102 6.86027002
v -0.99625504 -1.04730999 6.84371042
v -1.01204991 -1.05313993 6.83184958
v -0.98684394 -1.05407000 6.84854984
v -0.99441993 -1.03952003 6.84733963
v -0.99164695 -1.03340995 6.85150003
v -0.91635597 -1.11320996 6.86893988
v -0.90926301 -1.11282992 6.87363958
v -0.92026198 -1.10459995 6.87182999
v -0.81290501 -1.12005997 6.93935013
v -0.81271696 -1.11769998 6.94424963
v -0.82264405 -1.11442006 6.94056034
v -0.85156697 -1.13815999 6.88807011
v -0.84697998 -1.14558005 6.88373041
v -0.92385101 -1.09573007 6.87507010
v -0.91724902 -1.09573007 6.87998962
v -0.93810195 -1.02271008 6.92194986
v -0.84623605 -1.16791999 6.86641026
v -0.90138501 -0.53675997 6.81994009
v -0.89000303 -0.53183496 6.83060980
v -0.89296705 -0.54109401 6.83870029
v -0.66710502 -0.42062703 6.90541983
v -0.67430198 -0.43621501 6.94329977
v -0.69535899 -1.17049003 6.90725040
v -0.70104700 -1.17244995 6.90355015
v -0.69136798 -1.17391002 6.90225983
v -0.70538002 -1.16878998 6.90864038
v -0.69936198 -1.16706002 6.91240978
v -0.71147501 -1.17054999 6.90488958
v -1.01951003 -0.82455194 6.83825970
v -0.45799798 -1.10118997 6.91720963
v -0.95866698 -0.95959997 6.96297979
v -0.89592302 -1.06146002 6.93938971
v -0.90045100 -1.05372000 6.94489002
v -0.89555705 -1.05891001 6.94442987
v -0.95481193 -0.96223098 6.99714947
v -0.95807397 -0.95621794 7.00112009
v -0.82112598 -1.13987994 6.90355015
v -0.82917899 -1.13709998 6.90207958
v -0.82426202 -1.14359999 6.89750957
v -0.68477702 -1.15350997 6.94364023
v -0.69065201 -1.15481997 6.93892956
v -0.68131101 -1.15586996 6.93807983
v -0.69419199 -1.15232003 6.94452953
v -0.68821102 -1.15126002 6.94924021
v -0.70031101 -1.15347004 6.93975973
v -0.45149297 -1.11114001 6.88292027
v -0.96831197 -0.95386696 6.93178034
v -0.69474900 -0.43007398 6.90446997
v -1.01103997 -0.85741597 6.85914993
v -1.00756001 -0.87036800 6.86676025
v -1.00794005 -0.86123401 6.86560965
v -1.00512004 -0.86466396 6.87175989
v -0.68541396 -1.17175996 6.90603018
v -0.67579496 -1.17278004 6.90469980
v -0.67963099 -1.16969001 6.90976048
v -0.68171602 -1.17510009 6.90094995
v -0.67175400 -1.17603993 6.89955997
v -1.02108002 -0.84456700 6.83999014
v -1.02225995 -0.86512899 6.84113026
v -1.01759005 -0.84920704 6.84641027
v -0.72764403 -1.16211998 6.91451025
v -0.73811495 -1.16132998 6.91259003
v -0.74102801 -1.15713000 6.91839981
v -0.73504299 -1.15651000 6.92167950
v -0.73800802 -1.15265000 6.92760992
v -0.73187298 -1.15230000 6.93089008
v -0.74093199 -1.14898002 6.93355036
v -0.72902697 -1.15587997 6.92501974
v -0.72314101 -1.15525997 6.92830944
v -0.67363703 -1.16780007 6.91327953
v -0.68336499 -1.16668999 6.91483974
v -0.67725599 -1.16490006 6.91859961
v -0.66741800 -1.16584992 6.91697979
v -0.68719399 -1.16363001 6.92021036
v -0.70265698 -1.16417003 6.91689968
v -0.69639599 -1.16263998 6.92082977
v -0.70589501 -1.16136003 6.92142010
v -0.69329298 -1.16534007 6.91626978
v -0.96031106 -0.96374100 6.94621944
v -0.96270400 -0.94881898 6.96790028
v -0.69142598 -1.14923000 6.95453024
v -0.68513799 -1.14842999 6.95941019
v -0.68222296 -1.15025997 6.95398045
v -0.67614400 -1.14932001 6.95880985
v -0.47952899 -1.11944997 6.90186024
v -1.01414001 -0.84388304 6.85156012
v -1.01084995 -0.83853102 6.85687017
v -1.01436007 -0.85329199 6.85255957
v -1.00819993 -0.85192204 6.86425018
v -1.00816000 -0.84270895 6.86312008
v -1.00560999 -0.84661305 6.86928034
v -1.01376998 -0.83391601 6.85035992
v -1.01653993 -0.82945001 6.84440994
v -0.87336195 -1.07982993 6.94243002
v -0.87957895 -1.07730997 6.93785000
v -0.87369406 -1.08256996 6.93720007
v -0.87917405 -1.07465005 6.94308996
v -0.87312496 -1.07725000 6.94768000
v -0.88528299 -1.07200003 6.93842983
v -0.87818205 -1.08167005 6.93268967
v -0.88397801 -1.07634997 6.93327045
v -0.88273400 -1.08080995 6.92817020
v -0.91839707 -1.03311002 6.94557047
v -0.91770399 -0.53014201 6.79422998
v -1.04349005 -0.80454701 6.80154037
v -0.97928602 -0.92562902 6.92365026
v -0.97707999 -0.93346703 6.92421055
v -0.97648895 -0.93020600 6.92941952
v -0.98000002 -0.92889100 6.91865015
v -0.98209107 -0.92094898 6.91792011
v -0.72907799 -0.44676799 6.91018963
v -1.03377998 -0.82489902 6.81801987
v -1.03582001 -0.81015396 6.81173038
v -0.96431601 -0.94243097 6.98470974
v -0.96568602 -0.93963498 6.97789001
v -0.26144201 -0.90789402 6.86557007
v -0.98903501 -0.71227002 6.84343052
v -0.98795998 -0.71883303 6.85159016
v -0.98402596 -0.70696104 6.85117054
v -0.98497695 -0.70096403 6.84328985
v -0.98117703 -0.70744401 6.85982990
v -1.00765002 -0.72940600 6.81931019
v -0.99840897 -0.72131801 6.83047009
v -0.99905503 -0.71354496 6.82431030
v -0.85650098 -1.09382999 6.94011021
v -0.86716497 -1.08250999 6.94661999
v -0.86707497 -1.08010995 6.95164013
v -0.86098099 -1.08526003 6.95047998
v -0.86106098 -1.08289003 6.95551968
v -0.84223604 -1.09900999 6.94852972
v -0.86653996 -1.09777999 6.92244053
v -0.87153304 -1.09731996 6.91798019
v -0.87543499 -1.09130001 6.92192984
v -0.87064999 -1.09184003 6.92647028
v -0.88024700 -1.09080005 6.91744995
v -0.53601301 -1.16496003 6.87130976
v -0.54046500 -1.16946006 6.86785984
v -0.52702498 -1.17098999 6.85850000
v -0.54496896 -1.17427993 6.86419964
v -0.52887803 -1.16745007 6.86383963
v -0.51704502 -1.16498005 6.85982990
v -0.37942800 -1.07017004 6.85761023
v -0.38454002 -1.06949997 6.86501980
v -0.39359501 -1.08036005 6.86099005
v -0.37037101 -1.04649997 6.88081980
v -0.37389201 -1.04589009 6.88868999
v -0.38654202 -1.05590999 6.89265966
v -1.02430999 -0.81188095 6.82745981
v -1.02602994 -0.80362195 6.82256985
v -0.95603001 -0.62893099 6.83339977
v -0.95062000 -0.62422699 6.83943033
v -0.95791304 -0.62571996 6.82618046
v -0.97011805 -0.92833698 6.99149036
v -0.96968603 -0.92900598 6.98248959
v -0.97184199 -0.92311800 6.98487997
v -0.97086799 -0.92796803 7.00055027
v -0.96839398 -0.93356895 6.99812031
v -0.97067004 -0.93061304 7.00864029
v -0.93719596 -1.01337004 6.93585968
v -0.93770105 -1.01952004 6.92652988
v -0.79830498 -1.10724998 7.03983974
v -0.68113196 -1.14399993 6.98190022
v -0.68515700 -1.14262998 6.98848057
v -0.68856603 -1.14666009 6.96481037
v -0.67912900 -1.14772999 6.96409988
v -0.68228203 -1.14614999 6.96974039
v -0.67814004 -1.14535999 6.97553015
v -0.68560803 -1.14459002 6.97572994
v -0.67374200 -1.14469993 6.98171997
v -0.68559301 -1.21643996 6.85510015
v -0.67886800 -1.22098994 6.85110998
v -0.67039901 -1.21577001 6.85469961
v -0.67166698 -1.22563004 6.84704971
v -0.45839101 -1.09925008 6.92535019
v -0.44819397 -1.09457994 6.91841984
v -0.47265100 -1.10595000 6.93281031
v -0.57608497 -1.13987994 6.97052002
v -0.58343399 -1.14076006 6.97619009
v -0.58405501 -1.14181995 6.96768045
v -0.57538998 -1.13896000 6.97931004
v -0.61627597 -1.16723001 6.90623999
v -0.62177700 -1.16716003 6.90798044
v -0.63290799 -1.16583002 6.91328955
v -0.62942398 -1.16804004 6.90823984
v -0.63732803 -1.16865993 6.90873051
v -0.64541304 -1.16898000 6.90944004
v -0.64173698 -1.17156005 6.90428019
v -0.64097601 -1.16624999 6.91396999
v -0.64898700 -1.16648996 6.91462040
v -0.64715999 -1.17427993 6.90049982
v -0.63795501 -1.17423999 6.89913034
v -0.64330304 -1.17714000 6.89541006
v -0.65257400 -1.17702997 6.89680004
v -0.77985299 -1.19561005 6.86452007
v -0.78192902 -1.20297003 6.85870981
v -0.78554302 -1.19739997 6.86205006
v -0.77229798 -1.20637000 6.85785961
v -1.00295997 -0.85931599 6.87652969
v -1.00323999 -0.85021698 6.87527990
v -0.99971902 -0.86374199 6.88475037
v -0.99461204 -0.86048001 6.90038967
v -0.95224506 -1.00577998 6.91475964
v -0.96734697 -1.00188994 6.89313984
v -0.96913701 -1.01410997 6.88311005
v -0.89996207 -1.04479003 6.96513987
v -0.90519506 -1.03580999 6.97527981
v -0.90125501 -1.03720999 6.98617029
v -0.89644003 -1.04218996 6.98582983
v -0.90498799 -1.05498004 6.93490982
v -0.91424799 -1.04420006 6.93555975
v -0.90007097 -1.06027007 6.93463993
v -0.71752900 -1.14225996 6.96479034
v -0.74106002 -1.14166999 6.95038986
v -0.73940700 -1.14698005 6.93858051
v -0.56907701 -1.15792000 6.90297031
v -0.55504596 -1.15061998 6.90893030
v -0.56152201 -1.14301002 6.93567944
v -0.58355701 -1.14601004 6.94527960
v -0.59661299 -1.14780998 6.94823980
v -0.59235901 -1.14582002 6.95356989
v -0.59982502 -1.14696002 6.95414972
v -0.60009801 -1.15551007 6.92575979
v -0.60548198 -1.15577006 6.92761993
v -0.59164500 -1.16042995 6.91014004
v -0.60264802 -1.16092992 6.91406012
v -0.61636901 -1.15530002 6.93339014
v -0.61301297 -1.15681005 6.92804050
v -0.60411602 -1.14884996 6.94896030
v -0.61528099 -1.15013003 6.94984961
v -0.60821801 -1.15079999 6.94399023
v -0.60739899 -1.14789999 6.95493031
v -0.61486202 -1.14866996 6.95565033
v -0.61233604 -1.15300000 6.93862009
v -0.60484302 -1.15199006 6.93826008
v -0.61567199 -1.15172994 6.94421005
v -0.96138799 -0.94976997 7.00269032
v -0.96046400 -0.95346099 7.01312017
v -0.96420699 -0.94645596 7.01460028
v -0.96463698 -0.94328296 7.00475979
v -0.96753395 -0.93840200 7.01081991
v -0.62555599 -1.14845002 6.96135044
v -0.61789697 -1.14780998 6.96113968
v -0.62107402 -1.14701009 6.96696997
v -0.62232298 -1.14937997 6.95589972
v -0.62975299 -1.14993000 6.95608997
v -0.61694103 -1.14575994 6.97258997
v -0.62437803 -1.14627004 6.97311020
v -0.62033200 -1.14523005 6.97894955
v -0.62778401 -1.14563000 6.97950983
v -0.63306099 -1.14512992 6.98656988
v -0.63547403 -1.14589000 6.98002005
v -0.63212901 -1.14666998 6.97343969
v -0.63955998 -1.14683998 6.97400951
v -0.63618499 -1.14779997 6.96776962
v -0.85019505 -1.07931995 6.99228954
v -0.85665596 -1.08408999 6.96031046
v -0.86757404 -1.07335997 6.96694040
v -0.86791295 -1.07120001 6.97249985
v -0.86180896 -1.07631993 6.97120953
v -0.80414402 -1.10777998 6.98522043
v -0.80934697 -1.10486007 6.98668003
v -0.82319099 -1.10292995 6.96673965
v -0.83770198 -1.09755003 6.95830011
v -0.82276499 -1.10729003 6.95578003
v -0.91901505 -1.07510996 6.89470005
v -0.92447394 -1.06803000 6.89531040
v -0.92521399 -1.07370996 6.88989019
v -0.91851598 -1.06982005 6.89993000
v -0.91309202 -1.07643008 6.89938974
v -0.67542702 -1.15445006 6.94268036
v -0.66622901 -1.15511000 6.94173956
v -0.66952401 -1.15311003 6.94730997
v -0.67188501 -1.15666997 6.93718052
v -0.66293299 -1.15719008 6.93628025
v -0.67875201 -1.15235996 6.94815969
v -0.67282701 -1.15117002 6.95300007
v -0.66517502 -1.15161002 6.95258045
v -0.66836399 -1.14985001 6.95846033
v -0.66067499 -1.15020001 6.95807028
v -0.66183299 -1.15347993 6.94676971
v -0.66168898 -1.16372991 6.92115021
v -0.65254003 -1.16404998 6.91992044
v -0.65605104 -1.16169000 6.92529011
v -0.65802598 -1.16630006 6.91579962
v -0.65154302 -1.15942001 6.93028021
v -0.65951401 -1.15939999 6.93075037
v -0.65493500 -1.15733004 6.93576956
v -0.64712900 -1.15731001 6.93522024
v -0.64806998 -1.16157997 6.92483997
v -0.66866601 -1.15890002 6.93184948
v -0.67790699 -1.15824008 6.93272018
v -0.67446101 -1.16070008 6.92741013
v -0.65838802 -1.15537000 6.94120026
v -0.65042800 -1.15547001 6.94061947
v -0.65378797 -1.15366006 6.94623041
v -0.65720302 -1.15190005 6.95204020
v -0.69989699 -1.15987992 6.92559958
v -0.69052601 -1.16099000 6.92501974
v -0.69382101 -1.15841997 6.92988968
v -0.68749201 -1.15710998 6.93402004
v -0.69708097 -1.15591002 6.93480015
v -0.49032897 -1.14481997 6.86742020
v -0.49661899 -1.15205002 6.86244965
v -0.51248699 -1.16796994 6.85364008
v -0.50539696 -1.16214001 6.85598993
v -0.59058899 -1.17313004 6.88702011
v -0.57711101 -1.16496003 6.89431000
v -0.59401596 -1.16663003 6.89919949
v -0.39348298 -1.08585000 6.85362005
v -0.40218300 -1.09052002 6.85716009
v -0.73787397 -1.12970996 7.02029037
v -0.73206103 -1.13136995 7.01735020
v -0.89013100 -1.05283999 6.96983051
v -0.89047498 -1.05084002 6.97501993
v -0.88533401 -1.05585003 6.97429943
v -0.88496000 -1.05786002 6.96922016
v -0.88580704 -1.05392003 6.97946024
v -0.87939799 -1.06297994 6.96866989
v -0.87904102 -1.06511998 6.96370983
v -0.88467902 -1.05993998 6.96421957
v -0.88448799 -1.06210005 6.95931005
v -0.87892997 -1.07216001 6.94817972
v -0.88494503 -1.06940007 6.94348001
v -0.88469696 -1.06687999 6.94863987
v -0.88992006 -1.05926001 6.95442963
v -0.88454199 -1.06445003 6.95391989
v -0.87883103 -1.06743002 6.95847988
v -0.87334901 -1.07027996 6.96276999
v -0.87318802 -1.07254004 6.95761013
v -0.92249095 -1.04908001 6.91623020
v -0.93483800 -1.06093001 6.89041996
v -0.94514799 -1.05281997 6.88571024
v -0.94077396 -1.05982995 6.88522053
v -0.92330599 -1.05809999 6.90569973
v -0.93582404 -1.06695998 6.88492966
v -0.93094999 -1.07367003 6.88459015
v -0.94226199 -1.04271007 6.89657974
v -0.95803899 -1.03349996 6.88459015
v -0.94020903 -1.03427005 6.90661001
v -0.93867600 -1.02643001 6.91680002
v -0.57807201 -1.15380001 6.91763020
v -0.56721604 -1.17059004 6.88039017
v -0.63411105 -1.15158010 6.95081043
v -0.64193803 -1.15178001 6.95154047
v -0.63844901 -1.15335000 6.94558048
v -0.63744003 -1.15020001 6.95686054
v -0.64543098 -1.15029001 6.95761013
v -0.63065201 -1.15307999 6.94476032
v -0.62643301 -1.15114999 6.95028973
v -0.63496101 -1.15500998 6.93973017
v -0.64285403 -1.15529001 6.94029999
v -0.63938200 -1.15711999 6.93462992
v -0.63146800 -1.15674996 6.93398952
v -0.64631599 -1.15355992 6.94600964
v -0.63662100 -1.16356003 6.91874027
v -0.64459801 -1.16389000 6.91936016
v -0.64021599 -1.16139007 6.92417002
v -0.63221502 -1.16096997 6.92358017
v -0.62881798 -1.16296995 6.91830969
v -0.63584197 -1.15901005 6.92904949
v -0.63184798 -1.15877998 6.92876959
v -0.64371800 -1.15929008 6.92969990
v -0.62126797 -1.16214001 6.91808987
v -0.62475097 -1.16024995 6.92338037
v -0.62053901 -1.15769994 6.92838955
v -0.62385702 -1.15610003 6.93370962
v -0.62730300 -1.15453994 6.93923044
v -0.61974603 -1.15383995 6.93893957
v -0.62309897 -1.15245998 6.94457006
v -0.71160495 -0.43418297 6.89796972
v -0.71567899 -0.43761802 6.90178967
v -0.97805101 -0.68271697 6.84250021
v -0.97988397 -0.69594896 6.85133982
v -0.99781197 -0.70065898 6.81815052
v -1.00381005 -0.71746504 6.81873035
v -1.00258994 -0.70394403 6.81268978
v -0.99612600 -0.68739200 6.81223965
v -0.98049098 -0.71740800 6.87396002
v -0.99490803 -0.77479804 6.87426996
v -0.99136198 -0.77048898 6.88424969
v -0.99392593 -0.75964999 6.86720943
v -0.99183905 -0.75630003 6.87139988
v -1.02654004 -0.79071105 6.81775951
v -1.03078008 -0.80686796 6.81709957
v -1.03138995 -0.79384601 6.81239986
v -1.02662003 -0.77756798 6.81307983
v -1.01050997 -0.87686998 6.86119986
v -1.01444995 -0.86294299 6.85344982
v -1.01450992 -0.87295598 6.85406017
v -1.01842999 -0.86903799 6.84737015
v -1.01361001 -0.88328397 6.85587025
v -0.64994401 -1.18074000 6.89098978
v -0.66416001 -1.18829000 6.88228989
v -0.66114104 -1.19316995 6.87618017
v -0.68458098 -1.18648994 6.88525009
v -0.66595101 -1.17365003 6.90314007
v -0.65640700 -1.17413998 6.90176010
v -0.66016001 -1.17130005 6.90677023
v -0.66223103 -1.17665994 6.89821005
v -0.67403698 -1.17932999 6.89473057
v -0.98036003 -1.03319001 6.86162043
v -0.96723098 -1.05077004 6.86572027
v -0.96182299 -1.05678999 6.86747980
v -0.96117896 -1.05017006 6.87153006
v -0.96831596 -1.05763996 6.86158991
v -0.97379601 -1.05137992 6.85979986
v -0.96545297 -1.03865993 6.87354946
v -0.96062499 -1.04409003 6.87542057
v -0.97243500 -1.04482007 6.86384964
v -0.97900105 -1.04508996 6.85801029
v -0.97690296 -1.01796997 6.87188053
v -0.97420394 -1.02307999 6.87237024
v -0.98529702 -1.04601002 6.85246944
v -0.98855698 -1.06291997 6.84455013
v -1.00165009 -0.96718299 6.86135006
v -0.99969900 -0.96282899 6.86510992
v -0.95456201 -1.02453005 6.89513016
v -0.94314897 -0.98247099 7.00923014
v -0.65625799 -1.14898992 6.96332026
v -0.65297598 -1.15031993 6.95786953
v -0.65057999 -1.14591002 6.98086023
v -0.65165299 -1.14787996 6.96878958
v -0.64735198 -1.14684999 6.97461987
v -0.66604102 -1.14526999 6.98147964
v -0.66699201 -1.14733005 6.96938992
v -0.66278100 -1.14644003 6.97517014
v -0.65840000 -1.14567006 6.98119974
v -0.59092104 -1.14247000 6.97229004
v -0.59029299 -1.14153004 6.98117971
v -0.60675502 -1.14569998 6.96577978
v -0.61094099 -1.14716995 6.96055984
v -0.83286202 -1.11598992 6.92795038
v -0.84237897 -1.10959995 6.92916012
v -0.84259701 -1.11231005 6.92474985
v -0.83261603 -1.11341000 6.93240976
v -0.82284296 -1.11953998 6.93112040
v -0.84221399 -1.10698998 6.93359995
v -0.83242702 -1.11082006 6.93713999
v -0.82271898 -1.11694002 6.93578053
v -0.82750499 -1.10889995 6.94624996
v -0.80792701 -1.11594999 6.95338964
v -0.81268501 -1.11543000 6.94916010
v -0.80290699 -1.12075996 6.94778967
v -0.82266104 -1.10960996 6.95049000
v -0.68077505 -1.16215003 6.92382956
v -0.67096698 -1.16323996 6.92216015
v -0.90087205 -1.03456998 7.01060009
v -0.89272499 -1.04385006 6.99674988
v -0.92266101 -1.01050997 7.01513958
v -0.92297095 -1.01092994 7.02528000
v -0.92717803 -1.00554001 7.02256012
v -0.91535103 -1.01902997 7.01425028
v -0.91853702 -1.01538002 7.00792027
v -0.75266701 -1.13406003 6.96297979
v -0.76514900 -1.12614000 6.97665024
v -0.38110599 -1.10740006 6.82116985
v -0.80760604 -1.10476995 7.05553961
v -0.95187300 -1.01690996 6.90511036
v -0.53628701 -1.13773000 6.92528009
v -0.52474201 -1.13275003 6.92673016
v -0.58090901 -1.14952004 6.93113995
v -0.98722202 -0.85641205 6.94488001
v -0.98646498 -0.86270106 6.94682980
v -0.98860902 -0.84046203 6.96564007
v -0.79833102 -1.11381996 6.97235012
v -0.83932197 -1.08943009 6.97954035
v -0.84782493 -1.08669007 6.97001028
v -0.83836699 -1.09320998 6.96893024
v -0.86715496 -1.07779002 6.95659018
v -0.87311494 -1.07485998 6.95258045
v -0.84215605 -1.10424006 6.93846989
v -0.87634099 -1.09717000 6.91345978
v -0.86721897 -1.10372996 6.91392994
v -0.87226295 -1.10373998 6.90938044
v -0.67172700 -1.14829993 6.96390009
v -0.44757399 -1.13100994 6.85027981
v -0.45346999 -1.12930000 6.85734034
v -0.60008997 -1.19455004 6.86269999
v -0.60348099 -1.19810998 6.85988998
v -0.89378405 -1.04212999 7.03223038
v -0.89301300 -1.04218996 7.02244043
v -0.89756203 -1.03812003 7.02698994
v -0.98847198 -1.01643002 6.86029959
v -0.89072800 -1.04918003 6.97998953
v -0.89499104 -1.06554008 6.93429041
v -0.88966000 -1.07087004 6.93385029
v -0.89413297 -1.06975007 6.92922974
v -0.90381300 -1.06329000 6.92480993
v -0.92257005 -1.03383994 6.93582010
v -0.61328900 -1.17395997 6.89367008
v -0.76493001 -1.14110005 6.93599987
v -0.75895399 -1.14952004 6.92363977
v -0.64088500 -1.14900994 6.96259975
v -0.63291502 -1.14884007 6.96179962
v -0.64962703 -1.15190005 6.95186996
v -0.65452999 -1.16885996 6.91070032
v -0.66382802 -1.16854000 6.91184998
v -0.81908798 -0.47557002 6.85015011
v -0.82840997 -0.47997397 6.84486008
v -1.00523007 -0.68964398 6.80077982
v -0.96290505 -0.61313701 6.80655003
v -0.97470504 -0.64678001 6.81636953
v -0.83544195 -1.18144000 6.86081028
v -0.84004098 -1.17580009 6.86313009
v -0.83405602 -1.15771997 6.87908030
v -0.79685897 -0.45353699 6.84378958
v -0.77908003 -1.12978005 6.95005035
v -0.77609003 -1.13204002 6.94736004
v -0.77183598 -1.12096000 6.98956013
v -0.78119099 -1.11645007 6.99433994
v -0.87718898 -1.14911008 6.86668015
v -0.86747801 -1.15593994 6.86634970
v -0.30749899 -0.99732703 6.85095978
v -0.29714701 -0.98351800 6.85098028
v -0.30466700 -0.99052000 6.85408020
v -0.28181800 -0.96802503 6.84557056
v -0.29538101 -0.97722799 6.85464001
v -0.30175599 -0.97800303 6.86302042
v -0.29308200 -0.97052497 6.85792017
v -0.77322102 -0.44195700 6.85136032
v -0.66260600 -1.20939994 6.85960007
v -0.66936302 -1.20590997 6.86345005
v -0.90179300 -1.14613998 6.85754013
v -0.59786600 -1.20712006 6.84962988
v -0.98337203 -0.75371498 6.91677999
v -0.98367500 -0.75608200 6.93821049
v -0.98264503 -0.74752897 6.90955973
v -0.98414004 -0.75974303 6.92405987
v -0.98194999 -0.74119902 6.90243006
v -0.98127699 -0.73474205 6.89544010
v -0.98361301 -0.73570096 6.88364029
v -0.94693202 -1.13288999 6.84372044
v -0.87570697 -1.16365004 6.85833979
v -0.98883694 -0.81408101 6.94430017
v -0.71166503 -0.41867200 6.86997986
v -1.00277007 -0.74139798 6.83452988
v -0.97390807 -0.91692197 6.98182964
v -0.97643602 -0.91040695 6.99120998
v -0.97409803 -0.91690797 6.98803997
v -0.69102103 -1.14163995 6.99044037
v -0.70009601 -1.21171999 6.85936975
v -0.56103599 -1.13589001 6.97688961
v -0.27796501 -0.96117604 6.84649944
v -0.75002497 -1.20753002 6.85992956
v -0.42185703 -1.11196005 6.85025024
v -0.79420000 -0.46511102 6.86485004
v -0.78915602 -0.47124600 6.88541031
v -0.79991299 -0.47213101 6.87046957
v -0.97132903 -0.68070996 6.85855007
v -0.97461003 -0.68178803 6.85025024
v -0.96813405 -0.67338300 6.85876989
v -0.96810800 -0.66704899 6.85046005
v -0.97454298 -0.66842198 6.83627033
v -0.33062401 -1.03175998 6.84422970
v -1.02763999 -0.87763703 6.83480978
v -0.96275300 -0.94605505 6.99392033
v -0.96574003 -0.93940496 6.99480963
v -0.97067803 -0.93343198 7.01690006
v -0.61344397 -1.18798995 6.87404013
v -0.61144000 -1.18588996 6.87613964
v -0.81748503 -1.17681003 6.86955023
v -0.86529702 -0.49944901 6.82421017
v -0.86629295 -0.50400800 6.82845974
v -0.84926999 -0.48024401 6.82087994
v -0.95368797 -1.09179997 6.85674953
v -0.91249800 -1.02353001 7.03203964
v -0.91857898 -1.01805997 7.03871012
v -0.91234702 -1.02537000 7.04191971
v -0.30248699 -0.99772298 6.84437037
v -0.31305400 -1.00461996 6.85072041
v -0.93117398 -1.12617993 6.85375977
v -0.64684701 -1.21711993 6.85094976
v -0.63778800 -1.21349001 6.85266018
v -0.64827800 -1.21182001 6.85571957
v -0.63614804 -1.21887994 6.84785986
v -0.64527303 -1.22281003 6.84616995
v -0.62717998 -1.21485007 6.84961033
v -0.80415404 -0.44242200 6.82409000
v -0.80426997 -0.44771299 6.82958984
v -0.99744701 -0.75019002 6.85130978
v -0.98816204 -0.91749299 6.90234995
v -0.98562205 -0.91521800 6.91059017
v -0.98808098 -0.91216898 6.90506983
v -0.98402101 -0.91287804 6.91710949
v -0.98376197 -0.92326897 6.91128016
v -0.99034005 -0.93052995 6.89161015
v -0.98456800 -0.94200402 6.89863968
v -0.85211802 -1.10263002 6.93031025
v -0.85223198 -1.10536003 6.92598057
v -0.86165702 -1.09817004 6.92701054
v -0.86757696 -1.08779001 6.93649006
v -0.86723006 -1.08506000 6.94172001
v -0.87209904 -1.08704996 6.93199015
v -0.72036099 -1.16773009 6.90746021
v -0.71453798 -1.16671002 6.91029978
v -0.70862097 -1.16569996 6.91313028
v -0.71750599 -1.16303992 6.91568995
v -0.70951402 -1.17460001 6.89928961
v -0.55301297 -1.17198002 6.87127972
v -0.37621099 -1.05930996 6.86877966
v -0.98676205 -0.76930296 6.90907001
v -0.98652601 -0.77326196 6.91812992
v -0.98967803 -0.78157699 6.90161991
v -0.99012601 -0.79173100 6.90715027
v -0.99224794 -0.78316301 6.88976955
v -0.99075001 -0.77977598 6.89427042
v -0.85561705 -1.07282996 7.02842999
v -0.85046995 -1.07631993 7.02132034
v -0.87484801 -1.05804992 7.01798010
v -0.88419306 -1.05012000 7.02070999
v -0.93933898 -1.00496995 6.94371033
v -0.93709600 -1.01040006 6.94058990
v -0.93329602 -1.01319003 6.94542980
v -0.93523395 -1.00792003 6.94975948
v -0.93759298 -1.00265002 6.95300007
v -0.93368399 -1.00558007 6.95951986
v -0.93157399 -1.01077008 6.95483017
v -0.78763902 -1.11278999 7.00089025
v -0.79717898 -1.10974002 6.99228001
v -0.78848898 -1.14590001 6.91400003
v -0.77411801 -1.14531004 6.92279959
v -0.78310800 -1.14066005 6.92531967
v -0.61552399 -1.18112004 6.88361979
v -0.99991399 -0.83546102 6.88231945
v -1.00221002 -0.82358801 6.87339020
v -1.00397992 -0.83509302 6.87137985
v -1.00171006 -0.86881506 6.87959003
v -0.97422302 -0.98185998 6.89521027
v -0.97037804 -0.98379499 6.90057993
v -0.96702099 -0.99343503 6.89949036
v -0.96348798 -1.00285995 6.89833975
v -0.96316606 -0.99458104 6.90520000
v -0.96661103 -0.98521101 6.90640020
v -0.96306103 -0.98657101 6.91212988
v -0.95353401 -0.99113798 6.92796993
v -0.95656407 -0.98971099 6.92267990
v -0.96019399 -0.98095906 6.92381001
v -0.95261604 -0.98690999 6.93572998
v -0.95651901 -0.97548997 6.94078970
v -0.96515906 -0.96613801 6.92724991
v -0.96638298 -0.97077101 6.91934967
v -0.96952695 -0.96880400 6.91380024
v -0.97250205 -0.95946103 6.91465998
v -0.96315402 -0.97943801 6.91850948
v -0.95975304 -0.98815501 6.91741037
v -0.96640795 -0.97769499 6.91300964
v -0.95251906 -0.97290599 6.96148014
v -0.94648707 -0.97932899 6.97703028
v -0.90819901 -1.02768004 6.99931049
v -0.90942204 -1.03886008 6.95498943
v -0.74086702 -1.13519001 6.97081995
v -0.51659900 -1.12858999 6.92934036
v -0.53022301 -1.13260007 6.93517971
v -0.92916900 -0.58092898 6.82806015
v -0.94540799 -0.58897299 6.81059027
v -0.93618900 -0.59748304 6.83563995
v -0.93594599 -0.59181899 6.82895947
v -0.91944903 -0.57667100 6.84108973
v -0.92176306 -0.58433598 6.84811020
v -1.00424993 -0.81943500 6.86707973
v -1.00198007 -0.80816299 6.86932993
v -1.00623000 -0.81537199 6.86119986
v -1.00373006 -0.80373299 6.86327982
v -1.00115001 -0.79235399 6.86524963
v -0.99946499 -0.79682499 6.87185955
v -1.00003994 -0.81233394 6.87618017
v -0.99887800 -0.78119099 6.86596966
v -1.00855994 -0.81062901 6.85462046
v -0.98261499 -0.97802496 6.88385010
v -0.98749304 -0.95677298 6.88585949
v -0.99828899 -0.95807505 6.86845016
v -0.99425095 -0.94539297 6.87874985
v -0.99553204 -0.94944298 6.87528992
v -0.99318707 -0.94146603 6.88196039
v -0.98281497 -0.88394898 6.95597982
v -0.98245203 -0.88422805 6.96691990
v -0.98432904 -0.87582701 6.97554016
v -0.98646700 -0.86780900 6.98356009
v -0.98399293 -0.87997597 6.98314953
v -0.98814601 -0.87470400 6.92351007
v -0.98822200 -0.86938602 6.92596960
v -0.98799598 -0.89620507 6.91307974
v -0.96948403 -0.94429600 6.93976974
v -0.97332203 -0.93884802 6.93182993
v -0.97604400 -0.92692202 6.93477011
v -0.97252399 -0.92627096 6.95492029
v -0.96905899 -0.93836403 6.95158005
v -0.86949098 -1.06567001 6.98865986
v -0.87032902 -1.06383002 6.99486017
v -0.86831105 -1.06937003 6.97751999
v -0.80920094 -1.14796996 6.90040970
v -0.80391598 -1.14715993 6.90409994
v -0.81316006 -1.14269996 6.90466022
v -0.80507600 -1.15340996 6.89611959
v -0.81028205 -1.13950002 6.91042042
v -0.82020599 -1.14929998 6.89341974
v -0.82584494 -1.14972997 6.89021969
v -0.81606305 -1.15503001 6.88940954
v -0.76462698 -1.13309002 6.95474005
v -0.77686501 -1.12437999 6.96741009
v -0.78268802 -1.12172008 6.96858978
v -0.71046698 -1.15254998 6.93867016
v -0.70916301 -1.15082002 6.94340992
v -0.71185195 -1.15441000 6.93395996
v -0.71456599 -1.15839994 6.92488003
v -0.70308900 -1.15720999 6.93040991
v -0.71320099 -1.15635002 6.92937994
v -0.70778400 -1.14919007 6.94830036
v -0.70644498 -1.14767003 6.95328999
v -0.69749999 -1.15011001 6.94968033
v -0.74640298 -1.18621993 6.87929010
v -0.72734100 -1.18033004 6.88911963
v -0.73837602 -1.17197001 6.89732981
v -0.74359000 -1.19819999 6.86837006
v -0.79173195 -1.17009997 6.88375998
v -0.79766405 -1.17147994 6.88046026
v -0.79600704 -1.16445994 6.88795996
v -0.80055505 -1.15895998 6.89198017
v -0.80624998 -1.15969002 6.88886023
v -0.47700602 -1.14385009 6.85826015
v -0.47651201 -1.13828003 6.86518002
v -0.46530598 -1.13409996 6.86131954
v -0.44517499 -1.12044001 6.86144018
v -0.51969302 -1.13766003 6.90696049
v -0.51078904 -1.14886999 6.87760019
v -0.51237601 -1.14607000 6.88342953
v -0.51334602 -1.14328003 6.88916016
v -0.42811799 -1.10227001 6.86985016
v -0.41955599 -1.09312999 6.87405014
v -0.40676898 -1.08706999 6.86743021
v -0.43476701 -1.09505999 6.89195013
v -0.41377202 -1.08062005 6.88897991
v -0.42309600 -1.08977008 6.88505030
v -0.41066700 -1.08360004 6.87835979
v -0.43149298 -1.09834003 6.88067007
v -0.99015504 -0.81570596 6.92154026
v -0.99036300 -0.80664194 6.91548014
v -0.99636000 -0.80530393 6.88538980
v -0.99319601 -0.80842102 6.89957952
v -0.71789300 -1.13760996 6.98562002
v -0.97649699 -0.94351101 6.91737986
v -0.97517997 -0.94273794 6.92183971
v -0.97388399 -0.94195098 6.92661953
v -0.96589696 -0.94927102 6.94748974
v -0.53265703 -1.14104998 6.91204977
v -0.94124901 -0.99008000 6.96975040
v -0.93475401 -0.99622405 6.98589039
v -0.93627900 -1.00024009 6.96308994
v -0.92898703 -1.00658000 6.97600031
v -0.92647600 -1.01157999 6.97067022
v -0.93007696 -1.00855994 6.96508026
v -0.92847604 -1.00326991 7.00084019
v -0.93150902 -0.99978197 6.99345016
v -0.92516500 -1.00811994 6.99459982
v -0.92848301 -1.00466990 6.98796988
v -0.93492901 -0.99455798 6.99847031
v -1.00529003 -0.77114701 6.84549999
v -1.00783002 -0.77356398 6.84150982
v -1.00634003 -0.88960397 6.86863995
v -1.01054001 -0.92319095 6.85812998
v -0.99927998 -0.92760199 6.87537003
v -1.00413001 -0.90845901 6.87061977
v -0.99524701 -0.91340303 6.88707972
v -0.99171305 -0.87847298 6.90701008
v -0.99197304 -0.88398200 6.90445995
v -0.99681199 -0.88205099 6.89072037
v -0.99285203 -0.90042293 6.89673996
v -0.99255598 -0.89491302 6.89928961
v -0.70035303 -1.19411004 6.87612009
v -0.70528400 -1.18355000 6.88795996
v -0.68915200 -1.17795002 6.89646006
v -0.68541396 -1.17655003 6.89865017
v -0.66956800 -1.17068994 6.90818024
v -1.00559998 -0.94335300 6.86179972
v -1.00746000 -0.94805700 6.85828018
v -1.00937009 -0.95296896 6.85486984
v -0.87715197 -0.51619303 6.82917023
v -0.97900695 -0.95471400 6.90327978
v -0.97559702 -0.95731401 6.90906000
v -0.97630900 -0.96462405 6.90246964
v -0.97817403 -0.94792205 6.90970993
v -0.97286099 -0.96674299 6.90812016
v -0.97347403 -0.97417498 6.90157986
v -0.97990102 -0.96212900 6.89695978
v -0.96992505 -0.97575396 6.90734005
v -0.92568904 -1.01879001 6.95514965
v -0.91658098 -1.02261996 6.97585964
v -0.92049599 -1.01953006 6.97018957
v -0.91951799 -1.01756001 6.98151016
v -0.91790599 -1.02455997 6.96510983
v -0.92406303 -1.01665998 6.96532965
v -0.92306697 -1.01449001 6.97598028
v -0.75591302 -1.15391994 6.91768026
v -0.72611201 -1.15971005 6.91905975
v -0.71601599 -1.16065001 6.92026997
v -0.94093001 -0.98591501 6.99434948
v -0.66481602 -1.14387000 6.99504995
v -0.66938198 -1.14419007 6.98823023
v -0.67279398 -1.14322996 6.99530029
v -0.65237397 -1.14508998 6.98762989
v -0.60511798 -1.14390004 6.97762966
v -0.99056101 -0.84635401 6.92033005
v -0.80783004 -1.12535000 6.93403006
v -0.68926603 -1.16854000 6.91108036
v -0.76138800 -1.16520000 6.89944983
v -0.88095796 -1.05698991 6.98447037
v -0.88675201 -1.05060995 6.98992014
v -0.89178801 -1.04575002 6.99066019
v -0.89128906 -1.04734004 6.98531055
v -0.88393497 -1.05078006 7.00738001
v -0.92220098 -1.01288009 6.98794031
v -0.91873997 -1.01626992 6.99366999
v -0.92196101 -1.01156998 7.00103998
v -0.91469800 -1.02028000 7.00052023
v -0.91544402 -1.02112997 6.98795033
v -0.92575800 -1.00656009 7.00756979
v -0.92956102 -1.00186992 7.01473999
v -0.92158902 -0.54825503 6.80505991
v -0.95276499 -0.99831998 6.92146015
v -0.94966298 -0.99951601 6.92668009
v -0.94883096 -1.00672996 6.92016983
v -0.95607299 -0.99691999 6.91625977
v -0.94368696 -0.99445105 6.94969034
v -0.94811600 -0.98368704 6.95567036
v -0.55248797 -1.13803995 6.94468021
v -0.54335898 -1.13599992 6.94069004
v -0.53930503 -1.13233006 6.95213032
v -0.54490101 -1.13495994 6.94792032
v -0.49845201 -1.11693001 6.94542980
v -0.98565400 -0.86820000 6.94929981
v -0.98798800 -0.90153301 6.91047001
v -0.72374904 -1.19066000 6.87804031
v -1.00858998 -0.82689601 6.85906982
v -1.00625002 -0.83093703 6.86516047
v -1.01099002 -0.82217300 6.85296011
v -0.99187005 -0.97393596 6.87216043
v -0.96217096 -0.95460796 6.95538044
v -0.88037795 -1.05894005 6.97884989
v -0.89030999 -1.06419003 6.94401026
v -0.72912502 -1.13644004 6.97824001
v -0.75277698 -1.14139009 6.94328022
v -0.31563300 -0.96976501 6.90281010
v -0.79548895 -1.21846998 6.84699011
v -0.81839305 -1.20091999 6.85299969
v -0.41282400 -1.13402009 6.82190037
v -0.98716801 -0.78004199 6.92195988
v -1.00007999 -0.87878799 6.88289022
v -1.00371003 -0.87458098 6.87481022
v -1.00195003 -0.88485700 6.87799978
v -0.98054504 -0.91907102 6.92474985
v -0.73844302 -0.44442201 6.89227009
v -0.75802100 -0.45414001 6.89032984
v -0.76296902 -0.42901301 6.84364033
v -0.66187799 -1.20076001 6.86793995
v -0.66832602 -1.19754004 6.87186956
v -0.90745199 -1.02805007 7.02435970
v -0.25046700 -0.93781501 6.83338022
v -0.96778095 -0.64796102 6.82992029
v -1.01242995 -1.00744998 6.84067011
v -0.28830200 -0.95687801 6.86417007
v -0.28187200 -0.94107306 6.86921978
v -0.50845098 -1.11919999 6.96476984
v -0.95435399 -0.97011900 7.03442001
v -0.61747497 -1.14400995 7.01136017
v -0.98057699 -0.89281702 6.97083950
v -0.78338999 -0.44399199 6.84445047
v -0.32277200 -1.00106001 6.86900997
v -0.32311699 -0.99209702 6.88245010
v -0.32677701 -1.01032996 6.86344004
v -0.34200698 -1.01897001 6.87654018
v -0.93994105 -0.98742503 7.01159000
v -0.42561898 -1.07430005 6.94471979
v -0.43586200 -1.08072007 6.95408010
v -0.97889203 -0.91504300 7.01990986
v -0.97897100 -0.90632498 7.00270987
v -0.83097494 -1.09018004 7.04461956
v -0.81941098 -1.09661996 7.04278040
v -0.70284998 -1.20501006 6.86526012
v -0.90105897 -0.56167901 6.85740948
v -0.92552006 -0.60199499 6.87410975
v -0.30906600 -1.01324999 6.83779001
v -0.32071599 -1.02669001 6.83815002
v -0.95796001 -1.08077002 6.85889959
v -0.87999296 -1.05488992 7.03843975
v -0.65931100 -1.21489000 6.85438013
v -0.65580601 -1.22063994 6.84924984
v -0.63139600 -1.20512998 6.85924006
v -0.63976103 -1.20852005 6.85746002
v -0.64856702 -1.20305002 6.86406994
v -0.73003900 -0.43021899 6.87328053
v -0.90813196 -0.54855597 6.82373953
v -0.91482097 -0.55099404 6.81666040
v -0.91491002 -0.56106800 6.82816029
v -0.73924297 -0.41330099 6.84331989
v -0.25124198 -0.90644997 6.85344982
v -0.86590099 -1.09240997 6.93105984
v -0.87669200 -1.08643997 6.92734003
v -0.52443999 -1.17456996 6.85306025
v -0.98501700 -0.75689703 6.90498972
v -0.98620099 -0.75552303 6.89485025
v -0.98715198 -0.75310099 6.88704967
v -1.02916002 -0.82230300 6.82340002
v -0.99784696 -0.99380195 6.85813999
v -0.85321903 -1.14611995 6.88016987
v -0.86534703 -1.14715004 6.87350988
v -0.88740999 -1.14346004 6.86563015
v -0.89432204 -1.14450002 6.86179972
v -0.89113504 -1.13604999 6.86856985
v -0.89058602 -1.15242004 6.85888004
v -0.89803803 -1.15420997 6.85487986
v -0.87308800 -1.13212001 6.88119984
v -0.88495904 -1.13471007 6.87270975
v -0.94694793 -1.00030005 6.93180990
v -0.78238904 -1.11388993 7.03063965
v -0.80244905 -1.10452008 7.01979971
v -0.80774897 -1.10185003 7.02712011
v -0.67654097 -1.14240003 7.00257015
v -0.67501301 -1.14686000 6.96929026
v -0.44802099 -1.09074998 6.93496990
v -0.53439397 -1.12854004 6.97085047
v -0.54454601 -1.13144994 6.97605991
v -0.56684697 -1.13844001 6.96502018
v -0.56430304 -1.14031005 6.94992971
v -0.58456099 -1.14311004 6.95994043
v -0.63352001 -1.17115998 6.90347958
v -0.62995499 -1.17360997 6.89857006
v -0.65078300 -1.17150998 6.90560007
v -0.80695999 -1.18929005 6.86317968
v -0.80285996 -1.19631004 6.85923004
v -0.81041497 -1.19858003 6.85612011
v -0.79571199 -1.19413996 6.86231995
v -0.79968297 -1.18760991 6.86623001
v -0.76903600 -1.19234002 6.86929035
v -0.79383504 -1.18568003 6.86922979
v -0.79862100 -1.17927003 6.87322998
v -0.79273301 -1.17762005 6.87637997
v -0.80462503 -1.18094993 6.87013006
v -0.95953304 -0.99575794 6.91075993
v -0.97644901 -0.99959499 6.88165951
v -0.72919798 -1.14195991 6.95764017
v -0.55840403 -1.14652002 6.92184973
v -0.55131203 -1.15538001 6.89643002
v -0.60070503 -1.14991999 6.94292974
v -0.61706799 -1.15937996 6.92305994
v -0.62885600 -1.14757991 6.96696997
v -0.61386096 -1.14640999 6.96649027
v -0.64420402 -1.14437997 7.00148010
v -0.81346399 -1.09882998 7.02184963
v -0.81898499 -1.09590995 7.02945042
v -0.81328696 -1.09928000 7.03506994
v -0.82454097 -1.09266996 7.02385998
v -0.84596395 -1.07941997 7.02688980
v -0.84100401 -1.08290994 7.03293991
v -0.83536303 -1.08621001 7.02562046
v -0.84687006 -1.07967997 7.04028034
v -0.85829699 -1.07582998 6.98190975
v -0.86731797 -1.07551003 6.96177959
v -0.82398099 -1.09917998 6.97755957
v -0.80346602 -1.11108994 6.97341013
v -0.83060902 -1.09248996 6.98948002
v -0.87916601 -1.11063993 6.89637995
v -0.88468802 -1.11081004 6.89208984
v -0.87530005 -1.11761999 6.89250040
v -0.88105804 -1.11835003 6.88789988
v -0.88703001 -1.11910999 6.88330984
v -0.87131006 -1.12440991 6.88889980
v -0.86976004 -1.11695993 6.89707041
v -0.87681800 -1.12545002 6.88453007
v -0.86173499 -1.13086998 6.88895035
v -0.86841899 -1.10997999 6.90550995
v -0.88549298 -1.09028995 6.91268015
v -0.91047603 -1.09596992 6.88503027
v -0.90401697 -1.09565997 6.89046001
v -0.91405696 -1.08797002 6.88846970
v -0.90659702 -1.10433996 6.88151026
v -0.90790999 -1.08843005 6.89340973
v -0.90213603 -1.08886993 6.89819050
v -0.92052805 -1.08748996 6.88341999
v -0.89825898 -1.09626997 6.89470005
v -0.89405698 -1.10405993 6.89108944
v -0.90018100 -1.10418999 6.88632965
v -0.66516501 -1.16125000 6.92652988
v -0.68418700 -1.15946996 6.92917013
v -0.73250496 -1.20763993 6.86151981
v -0.78973097 -1.15702999 6.89873981
v -0.79412097 -1.15187001 6.90309000
v -0.49502602 -1.15537000 6.85719967
v -0.52459002 -1.14930999 6.88772964
v -0.52673900 -1.14704001 6.89362049
v -0.51572400 -1.14134002 6.89503002
v -0.40570301 -1.11190009 6.83622980
v -0.98881197 -0.80561000 6.93285990
v -0.75316203 -1.12829995 6.98523045
v -0.74127495 -1.13063002 6.99288034
v -0.75267702 -1.12541997 7.00931025
v -0.74629897 -1.12760997 7.00711966
v -0.73445803 -1.13141000 7.00290966
v -0.88997805 -1.05474997 6.96496964
v -0.87878501 -1.06972003 6.95344019
v -0.93812102 -1.04912996 6.89625025
v -0.90830100 -1.06641996 6.91507053
v -0.77470195 -0.42945400 6.83468008
v -0.98942101 -0.67172098 6.81197977
v -0.98908103 -0.67902005 6.81770992
v -0.99391097 -0.69936800 6.82390976
v -1.02037001 -0.78184599 6.82348013
v -1.02177000 -0.77365100 6.81829977
v -1.02189994 -0.87636405 6.84265995
v -0.99475205 -1.01548994 6.85449982
v -1.01168001 -0.95756799 6.85119009
v -1.00667000 -0.96248901 6.85624981
v -0.89520597 -1.12838006 6.87151051
v -0.88899899 -1.12741005 6.87571049
v -0.89925206 -1.12048995 6.87460041
v -0.89304602 -1.11978996 6.87893963
v -0.90564901 -1.12118995 6.87031031
v -0.90175897 -1.12918997 6.86738968
v -0.90295804 -1.11248994 6.87798023
v -0.89684695 -1.11197007 6.88247967
v -0.89807194 -1.13704002 6.86444998
v -0.90888995 -1.12995994 6.86315012
v -0.91340196 -1.10448003 6.87658978
v -0.92715198 -1.10470998 6.86723042
v -0.95419198 -1.05445004 6.87568951
v -0.65959603 -1.14772999 6.96887970
v -0.64430797 -1.14792991 6.96830988
v -0.59126699 -1.14358997 6.96448994
v -0.83808500 -1.11840999 6.91977024
v -0.85259402 -1.10811996 6.92160034
v -0.80297005 -1.11667991 6.95749950
v -0.93378401 -0.55910003 6.79968023
v -0.90351999 -0.53321302 6.81327963
v -0.76288903 -1.12150002 7.01810980
v -0.75360197 -1.12479997 7.01647043
v -0.98685503 -0.85747302 6.96639013
v -0.98818195 -0.85174400 6.97557974
v -0.84362096 -1.15211999 6.87965012
v -0.84618998 -1.15951002 6.87258005
v -0.83760995 -1.15120006 6.88322973
v -0.89058197 -1.11158001 6.88715982
v -0.88827103 -1.10395002 6.89573956
v -0.88297498 -1.12637997 6.88003016
v -0.88719702 -1.08027005 6.92345953
v -0.89305800 -1.07440007 6.92416000
v -0.89173299 -1.07976997 6.91875982
v -0.89753199 -1.07381999 6.91936016
v -0.87748003 -1.10379004 6.90481043
v -0.46268600 -1.14898992 6.84206009
v -0.44431400 -1.13993001 6.83827972
v -0.52880704 -1.14489007 6.89969015
v -0.53855002 -1.15287995 6.89199972
v -0.62458503 -1.19744992 6.86575985
v -0.80317700 -1.17308998 6.87718964
v -0.79866201 -1.14680004 6.90730953
v -0.79950899 -1.15262008 6.89963007
v -0.92227399 -1.04113996 6.92615986
v -0.71620697 -1.14652991 6.95186996
v -0.70920402 -1.14494002 6.96065998
v -0.85811901 -0.47900599 6.81061029
v -0.82463598 -1.19403005 6.85572958
v -0.52047402 -1.17847002 6.84693003
v -0.50775498 -1.17103004 6.84764004
v -0.83674604 -1.17068994 6.86780024
v -0.98866302 -0.83219802 6.94611979
v -0.78824002 -1.11594999 6.98151016
v -0.66397601 -1.23031998 6.84296036
v -0.72419798 -1.13350999 7.02381992
v -0.71735799 -1.13514996 7.02216053
v -0.62266999 -1.20158005 6.86102009
v -0.62038499 -1.20597005 6.85621023
v -0.61835200 -1.21071994 6.85139990
v -0.72622401 -0.43705502 6.88954020
v -0.72909296 -0.44055900 6.89411020
v -0.73961800 -0.44015098 6.88196039
v -0.74841499 -0.44430599 6.88066006
v -0.97681797 -0.71074903 6.88077021
v -0.85843801 -1.16524005 6.86376047
v -0.85407001 -1.17140996 6.86134052
v -0.97358501 -0.92197907 7.00411987
v -0.97631103 -0.91298705 6.99933004
v -0.97808999 -0.90443897 6.98834991
v -0.69933403 -1.22411001 6.84966946
v -0.69214302 -1.21982002 6.85267019
v -0.69240898 -1.22958004 6.84558010
v -0.79916102 -1.20244002 6.85593033
v -0.79184997 -1.19968009 6.85919046
v -0.78840101 -1.20579994 6.85567999
v -0.82485902 -1.09300005 7.03702021
v -0.83023101 -1.08950007 7.03135967
v -0.83605099 -1.08647001 7.03876019
v -0.90777099 -1.07704997 6.90422964
v -0.91333902 -1.07052004 6.90482044
v -0.90258801 -1.07769001 6.90907001
v -0.89709103 -1.07872999 6.91392994
v -0.89138097 -1.08450007 6.91339016
v -0.89671600 -1.08390999 6.90848017
v -0.96160698 -0.65875000 6.85833979
v -0.96312797 -0.65597904 6.84988022
v -1.01424003 -0.97264004 6.84564972
v -1.01268995 -0.96505702 6.84869003
v -1.00825000 -0.97738504 6.85109997
v -1.01712000 -0.97814798 6.84179974
v -1.00335002 -0.97178203 6.85804987
v -0.84666502 -0.49387798 6.84106970
v -0.86796796 -0.51093602 6.83525991
v -0.82797402 -0.47197399 6.83443975
v -0.83168095 -0.47932401 6.83982992
v -0.81334400 -0.46415201 6.84047985
v -0.94032896 -1.10082996 6.86092997
v -0.65455496 -1.22661996 6.84453964
v -0.90398198 -0.55082405 6.83335018
v -0.88184500 -0.53185403 6.84421015
v -0.89619905 -0.54887700 6.84484005
v -0.79273403 -1.13594997 6.92698956
v -0.80286300 -1.13065004 6.92870998
v -0.77708501 -1.14080000 6.92883015
v -0.47690502 -1.11626995 6.90604019
v -0.99710500 -0.84164107 6.89189005
v -0.95845205 -0.96248800 6.95687008
v -0.50685000 -1.15863001 6.86116028
v -0.46404701 -1.11363006 6.89412975
v -0.99460804 -0.81920797 6.89709997
v -0.99596995 -0.83029807 6.89433002
v -0.92593300 -1.00932002 6.98161030
v -1.00602996 -0.88106501 6.86970997
v -1.00410998 -0.89131200 6.87284994
v -0.99831694 -0.88823903 6.88588047
v -0.99624598 -0.89757794 6.88898993
v -0.99997902 -0.89447701 6.88105011
v -0.67911804 -1.19667995 6.87337017
v -0.92778796 -1.01381993 6.95989990
v -0.99225503 -0.82766998 6.91028976
v -0.81800205 -1.12505996 6.92613983
v -0.81273001 -1.12535000 6.92993021
v -0.80282801 -1.12563002 6.93780994
v -0.46745801 -1.11254001 6.90142965
v -0.74996299 -1.14521003 6.93659973
v -0.70543301 -1.23786998 6.84075022
v -0.67798698 -1.23022008 6.84428024
v -0.70724100 -1.22833002 6.84686947
v -0.77859801 -1.22291005 6.84658957
v -0.80659997 -1.20509994 6.85286045
v -0.30365101 -0.97147799 6.87357998
v -0.30813500 -0.97635496 6.87561035
v -0.31273898 -0.99804294 6.85728979
v -0.31803200 -1.00518000 6.85680008
v -0.88145399 -1.08577001 6.92273998
v -0.37974101 -1.05805993 6.87618017
v -0.98537999 -0.76278502 6.91187000
v -0.94378102 -1.01450992 6.92108011
v -0.67747700 -1.21147001 6.85889959
v -0.95841998 -1.01187003 6.89929962
v -0.83253801 -1.10327995 6.95213985
v -0.87357104 -1.11035991 6.90098047
v -0.91964900 -1.08100009 6.88919973
v -0.92613602 -1.08002007 6.88421011
v -0.90763104 -1.08276999 6.89880991
v -0.91350496 -1.08186996 6.89408016
v -0.89643401 -1.08932996 6.90304041
v -0.72179598 -1.20325005 6.86604977
v -0.79524004 -1.15795004 6.89532995
v -0.93209803 -1.08051002 6.87880039
v -0.98910105 -0.73675299 6.86398983
v -0.95093298 -0.97269094 7.02460003
v -0.46979699 -1.15014005 6.84574986
v -0.79345900 -1.14638007 6.91064978
v -0.81774300 -0.47989002 6.85925007
v -0.78724498 -1.13116002 6.93998051
v -0.31161800 -0.99159205 6.86290979
v -0.69552004 -0.40781498 6.86574030
v -0.97371101 -0.91944200 6.99595022
v -0.30321100 -0.97670698 6.86672974
v -0.90232402 -1.08314002 6.90362024
v -0.90293103 -1.07249999 6.91451025
v -0.72563303 -1.13309002 7.01582050
v -0.72828102 -1.13316000 7.00150967
v -0.97669804 -0.69490999 6.85949039
v -0.33377799 -1.02301002 6.85794973
v -0.70050603 -1.13911998 7.00127029
v -0.70767796 -1.13767004 7.00306034
v -0.70542103 -1.13774991 7.01061010
v -0.70984501 -1.13786006 6.99597025
v -0.71908104 -1.13472998 7.01415014
v -0.71216500 -1.13631999 7.01248026
v -0.72076499 -1.13462996 7.00659037
v -0.90692198 -0.55887997 6.83954000
v -0.51202500 -1.12554002 6.93342972
v -0.81448203 -1.14877009 6.89683008
v -0.99107999 -0.86244804 6.91405010
v -0.98837501 -0.85876101 6.93088007
v -0.74211401 -1.21798003 6.85300970
v -0.72232300 -1.13479996 6.99952984
v -0.32310700 -1.01108003 6.85718012
v -0.94939005 -1.06887996 6.87157965
v -0.95470798 -1.06795001 6.86769009
v -0.26972201 -0.89295399 6.89013958
v -0.98688400 -0.99687004 6.86964035
v -0.97990596 -1.05268002 6.85432959
v -0.91716993 -0.56890804 6.83443975
v -0.99721402 -1.02127004 6.85045004
v -0.96662396 -0.93687999 6.98760986
v -0.30547100 -0.96591103 6.88421011
v -0.30959001 -0.97099000 6.88578033
v -0.79617399 -0.44214201 6.83065033
v -0.80177701 -0.45248199 6.83750010
v -0.86197698 -1.10090995 6.92269993
v -0.98766500 -0.77977002 6.91519022
v -1.01387000 -0.81791097 6.84629965
v -0.86566198 -1.06552005 7.02970982
v -0.86148196 -1.06931996 7.00501013
v -0.85416096 -1.07387996 7.01586008
v -0.76149303 -1.12231994 7.01039982
v -0.76458001 -1.12089992 7.02671957
v -0.77465701 -1.11712003 7.01438999
v -0.76640701 -1.12152004 6.99952030
v -0.78804100 -1.14093995 6.92180014
v -0.95693904 -0.96195096 6.96716976
v -0.90535802 -1.04858994 6.94479990
v -0.61326200 -1.14349008 6.99900961
v -0.94378203 -0.59910697 6.82328033
v -0.92768204 -0.58414102 6.83495045
v -0.99057704 -0.96940899 6.87572002
v -0.97497398 -0.91848403 6.95388031
v -0.98046505 -0.91066802 6.93294001
v -0.84447402 -1.08059001 7.01406002
v -0.87488002 -1.06236005 6.98379993
v -0.84913796 -1.12377000 6.90447998
v -0.84126794 -1.14506996 6.88707972
v -0.82987404 -1.14407992 6.89399052
v -0.83171594 -1.15046000 6.88668966
v -0.80795401 -1.14230001 6.90811014
v -0.82180899 -1.15588999 6.88601971
v -0.79807001 -1.11746001 6.96148014
v -0.79775602 -1.12144005 6.95160007
v -0.79291701 -1.12017000 6.96033001
v -0.79519600 -1.12391996 6.94844961
v -0.70064700 -1.14744997 6.95660019
v -0.80173099 -1.16567004 6.88461018
v -0.79051298 -1.16330004 6.89125967
v -0.50085199 -1.14286005 6.87902975
v -0.72973096 -1.13352001 6.99475002
v -0.72912699 -1.13542008 6.98342991
v -0.73538697 -1.13262999 6.99046993
v -0.97114402 -0.94805098 6.92916012
v -0.96960002 -0.95456600 6.92698956
v -0.52304804 -1.13425994 6.91977978
v -0.55340302 -1.16170001 6.88666010
v -1.01440001 -0.94737899 6.84959030
v -0.92192698 -1.02377009 6.95503998
v -0.74689698 -1.14912999 6.93031025
v -0.71896398 -1.14968991 6.94220972
v -0.72328603 -1.14819002 6.94393015
v -0.66153103 -1.14470994 6.98794031
v -0.66825700 -1.14319003 7.00248051
v -0.59562898 -1.14524007 6.95923996
v -0.59888303 -1.14473999 6.96502972
v -0.88745403 -1.04893994 6.99580002
v -0.88621199 -1.05228007 6.98448038
v -0.53292596 -1.12872005 6.96272945
v -0.95695198 -0.95814103 6.98973989
v -0.96130598 -0.95093805 6.97261953
v -0.48578501 -1.11179996 6.93901968
v -0.98374796 -0.90867901 6.92096043
v -0.85176098 -1.07651997 7.00360012
v -0.81048298 -1.15420997 6.89278030
v -0.81182498 -1.16085994 6.88541031
v -0.97100699 -0.92910206 6.95979023
v -0.89073294 -1.06671000 6.93895054
v -0.72335804 -1.13810992 6.97670984
v -0.98513806 -0.76671302 6.92827988
v -0.98535299 -0.76658303 6.92109013
v -0.82633197 -1.13372004 6.90791988
v -0.79786402 -1.13067997 6.93247986
v -0.80792600 -1.13064003 6.92492962
v -0.65554202 -1.20622993 6.86181021
v -0.64170802 -1.19983995 6.86636972
v -0.65508199 -1.19795001 6.87021017
v -1.00154996 -0.98634499 6.85624027
v -1.01082003 -0.98278105 6.84723949
v -0.62331498 -1.14476991 6.98556995
v -1.00778997 -0.76621199 6.83812046
v -1.01318002 -0.76805001 6.82931995
v -1.01524997 -0.75329602 6.81938028
v -0.93420696 -1.11073995 6.85961008
v -0.84040201 -0.48096800 6.83158016
v -0.82807195 -0.46326798 6.82416010
v -0.64005101 -1.20419002 6.86166000
v -0.63326204 -1.20073998 6.86399984
v -0.98813498 -0.76373398 6.89327002
v -0.86440200 -1.14301002 6.87714005
v -0.67726499 -1.14350009 6.98833990
v -0.85028601 -1.13076997 6.89608002
v -0.78894401 -1.15114999 6.90649033
v -0.50027096 -1.16469002 6.84994984
v -0.89008504 -1.06168008 6.94914007
v -0.88990003 -1.05695999 6.95964956
v -0.93713397 -1.04452002 6.90138006
v -0.93930501 -1.05422997 6.89087009
v -0.98188400 -0.67724502 6.82922983
v -1.01801002 -0.87989902 6.84870005
v -1.00459993 -0.95786303 6.85991955
v -0.65497798 -1.14673007 6.97487020
v -0.64846003 -1.14907002 6.96302032
v -0.66377604 -1.14875007 6.96359015
v -0.60328305 -1.14629006 6.95989990
v -0.60233998 -1.14429998 6.97126007
v -0.60973501 -1.14511001 6.97201014
v -0.98744601 -0.85957497 6.97947979
v -0.67031997 -1.14598000 6.97544003
v -0.88852197 -1.07532001 6.92873001
v -0.71031797 -1.13669991 7.02042007
v -0.62937105 -1.20984006 6.85442972
v -0.61196297 -1.20211005 6.85803986
v -0.68535399 -1.22511995 6.84838009
v -0.90800202 -1.07159996 6.90966034
v -0.88596898 -1.08542991 6.91811991
v -0.59531897 -1.19020998 6.86608982
v -0.30557102 -1.00521004 6.84112024
v -0.83705103 -1.12286997 6.91445017
v -0.80647099 -1.13498998 6.91920996
v -0.45781499 -1.10661006 6.90130997
v -0.99358499 -0.73189300 6.84794998
v -0.56089902 -1.15153003 6.91122961
v -0.56725705 -1.14390004 6.93826008
v -0.80845499 -0.47573900 6.86504984
v -0.82734501 -0.48443699 6.85336018
v -0.30726200 -0.98086298 6.86853027
v -0.72702599 -1.13300002 7.00823975
v -0.33883300 -1.02968001 6.85680008
v -0.32653099 -1.01775002 6.85423946
v -0.71431899 -1.13619006 7.00486994
v -0.86139601 -1.09554005 6.93134022
v -0.79798996 -1.14157999 6.91485977
v -0.95552397 -0.96793097 6.95878983
v -1.00347996 -0.78766698 6.85733032
v -0.98767793 -0.86590701 6.93155003
v -0.97084504 -0.93536997 6.94730997
v -0.92246401 -1.02810001 6.94536972
v -0.74676698 -1.13311994 6.97239017
v -0.98893201 -0.86234599 6.92529011
v -0.31279200 -0.98338604 6.87497997
v -0.33192500 -1.01620996 6.86378002
v -0.87025201 -1.14353001 6.87384033
v -0.73498100 -1.13721001 6.96900034
v -0.81451195 -1.10203004 6.98735952
v -1.01087999 -0.86732101 6.86020947
v -0.37325001 -1.06050992 6.86288977
v -0.96385604 -0.63872099 6.82828999
v -0.62538898 -1.16506004 6.91306973
v -1.00544000 -0.85650796 6.87064981
v -0.57281297 -1.15708995 6.90693951
v -0.60894501 -1.15437007 6.93303013
v -0.93001604 -1.06747997 6.89018011
v -0.96632797 -1.04446006 6.86966038
v -0.81525499 -1.11177993 6.95458984
v -0.91889799 -1.01517999 7.01949978
v -0.45234498 -1.14133000 6.84264994
v -0.89522398 -1.04615998 6.97525024
v -0.29992002 -0.99062699 6.84782028
v -0.73386502 -0.43596300 6.87979984
v -0.98558998 -0.92040098 6.90779018
v -0.72334802 -1.16386008 6.91284037
v -0.55829400 -1.16920006 6.87787008
v -0.93695003 -0.58771801 6.82248020
v -0.99522305 -0.96708000 6.86993027
v -0.97788697 -0.92371500 6.93066025
v -0.43896398 -1.09344995 6.90289021
v -0.99924898 -0.82606000 6.88244009
v -0.94661301 -0.97722703 6.98852015
v -0.88392097 -1.05044007 7.01382971
v -0.33166900 -1.01289999 6.86775970
v -0.98252696 -0.71585000 6.86465979
v -0.98430902 -0.75161600 6.90205002
v -0.77467597 -1.11724997 7.03342962
v -0.79232204 -1.10939002 7.01803970
v -0.88076496 -1.09371006 6.91332006
v -0.92929399 -1.06174004 6.89560032
v -0.80787200 -1.11296999 6.96108007
v -0.50546396 -1.17475009 6.84268045
v -0.98866498 -0.84080899 6.93858051
v -0.85227901 -1.16663003 6.86510992
v -0.91835898 -1.06439996 6.90528011
v -1.00800002 -0.96849805 6.85334015
v -0.90904105 -1.03072000 6.97828007
v -0.46032399 -1.11319995 6.89011002
v -0.80524397 -1.12187004 6.94308996
v -1.00186992 -1.00984001 6.84946966
v -0.97875798 -0.90115100 6.96316004
v -0.55741900 -1.15635002 6.89867020
v -0.82009804 -1.11342001 6.94526958
v -0.84769297 -1.11170995 6.92100000
v -0.70678002 -0.40208301 6.85180950
v -0.93833905 -1.07845998 6.87498999
v -0.75005996 -0.44152999 6.87368011
v -1.10516000 -1.85144997 6.54324055
v -1.11600995 -1.85104012 6.54255009
v -1.11041999 -1.85498011 6.53285980
v -0.86422700 -1.59450996 6.79263020
v -0.85684407 -1.52592003 6.78477001
v -0.90681106 -1.52566004 6.84375000
v -0.96407497 -1.25829005 6.81871033
v -0.95351398 -1.26576006 6.81893015
v -0.95011503 -1.24012005 6.81990957
v -0.95792902 -1.86264992 6.50248051
v -0.97672397 -1.85411000 6.51794958
v -0.98736000 -1.87112010 6.49822998
v -1.38853002 -1.69025004 6.48589039
v -1.38731003 -1.69918001 6.47742987
v -1.39324999 -1.68122995 6.48247004
v -1.38985002 -1.68207002 6.49377966
v -1.28647006 -1.79887009 6.52797031
v -1.29596007 -1.79249001 6.52677011
v -1.29277003 -1.79726005 6.51806021
v -1.30449998 -1.78637004 6.52519989
v -1.29920995 -1.78822005 6.53524017
v -1.40767002 -1.44356000 6.56622982
v -1.40797997 -1.43808007 6.54151011
v -1.40930998 -1.45143008 6.55059958
v -1.37901998 -1.33917999 6.56880045
v -1.39003003 -1.34277999 6.53888988
v -1.38429999 -1.35143995 6.56315994
v -0.80623704 -1.73192000 6.58287954
v -0.81663001 -1.71989989 6.60718012
v -0.82653105 -1.73547995 6.59703970
v -1.01582003 -1.21563995 6.81174994
v -1.03899002 -1.18499005 6.80515003
v -1.03103995 -1.21280003 6.80865002
v -1.00977004 -1.23771000 6.81454992
v -0.98799801 -1.23409009 6.81651974
v -1.01962006 -1.24243999 6.81421947
v -1.02847004 -1.23697996 6.81233978
v -1.02917993 -1.24714005 6.81421947
v -0.90470898 -1.42756009 6.81829977
v -0.90422601 -1.41427004 6.81657028
v -0.91355401 -1.41781998 6.82219982
v -0.89559901 -1.42414999 6.81267023
v -0.88699800 -1.43147004 6.80818033
v -0.87698299 -1.43797994 6.80251980
v -0.87808704 -1.42537999 6.80320978
v -0.88609302 -1.44413006 6.80819035
v -0.89579898 -1.43774998 6.81388998
v -1.25831008 -1.81035995 6.59840012
v -1.26572001 -1.80863988 6.60924006
v -1.27048993 -1.80454993 6.59776020
v -1.31339002 -1.77611005 6.58328009
v -1.32089007 -1.77007997 6.58233023
v -1.31594002 -1.77306008 6.57286978
v -1.18364000 -1.83367002 6.59545994
v -1.17625999 -1.83513999 6.60057974
v -1.18597007 -1.83362997 6.60621023
v -1.03848004 -1.85408998 6.53305960
v -1.03117001 -1.85526013 6.52934027
v -1.02595997 -1.85046995 6.53781986
v -1.02250004 -1.85415006 6.52966022
v -0.80020905 -1.39863002 6.77953053
v -0.82396001 -1.34373999 6.79989004
v -1.22206998 -1.83878005 6.51023006
v -1.21492994 -1.84482992 6.50314045
v -1.20831001 -1.84235990 6.51408005
v -1.26294005 -1.21085000 6.68379974
v -1.27069998 -1.21649003 6.67791986
v -1.26551998 -1.22288001 6.68812037
v -1.35203004 -1.73847997 6.52481985
v -1.34764993 -1.74594998 6.51666021
v -1.34394002 -1.74811995 6.52662945
v -1.35535002 -1.73637998 6.51503992
v -1.35905004 -1.72922993 6.52317953
v -1.35170007 -1.74389005 6.50679016
v -1.34175992 -1.75260997 6.51804972
v -1.18134999 -1.84062994 6.54315042
v -1.17786002 -1.84001994 6.54889965
v -1.18962002 -1.83729994 6.54815006
v -1.18079007 -1.83813989 6.55444050
v -1.36125004 -1.72614002 6.56924963
v -1.35391998 -1.73596990 6.57222986
v -1.35995996 -1.73038006 6.58044958
v -1.35276008 -1.73978996 6.58351994
v -1.36078000 -1.73255992 6.59086990
v -1.35329998 -1.74254000 6.59496021
v -1.36229002 -1.73568988 6.60351038
v -1.27435994 -1.80258012 6.54797983
v -1.28474998 -1.79634988 6.54697037
v -1.28047001 -1.80058992 6.53775024
v -1.30462003 -1.78260994 6.58413029
v -1.30198002 -1.78605998 6.59539032
v -1.31085992 -1.77978003 6.59448004
v -1.29596996 -1.78854012 6.58495045
v -1.29933000 -1.78549993 6.57478046
v -1.29237008 -1.79228997 6.59624004
v -1.31120992 -1.77754998 6.54357004
v -1.30297005 -1.78391993 6.54455042
v -1.30684996 -1.78011000 6.55360031
v -1.31948996 -1.77066994 6.54205036
v -1.31596005 -1.77509999 6.53321981
v -1.29392993 -1.79036999 6.54567051
v -1.34849000 -1.74138999 6.53473949
v -1.34582996 -1.74372995 6.54498959
v -1.35298991 -1.73508000 6.54257965
v -1.34034991 -1.75058007 6.53728008
v -1.33717000 -1.75317991 6.54770947
v -1.33394003 -1.75725996 6.53867054
v -0.98549604 -1.83798003 6.54929972
v -0.97681105 -1.83537996 6.55037975
v -0.98017901 -1.83278012 6.55819988
v -0.97187597 -1.82787991 6.56474018
v -0.96012002 -1.82490993 6.56330013
v -0.96375102 -1.82296014 6.57116985
v -0.97563601 -1.82597995 6.57295990
v -0.99353105 -1.83329999 6.56547022
v -0.98511600 -1.83103013 6.56596994
v -0.98976004 -1.82963014 6.57368994
v -0.93725795 -1.80956995 6.58147955
v -0.93337601 -1.81103003 6.57359982
v -0.92578298 -1.80526996 6.57993031
v -0.96753997 -1.82133996 6.57949972
v -0.95934898 -1.81678998 6.58527994
v -0.97105801 -1.82012010 6.58767986
v -0.95591402 -1.81809998 6.57741022
v -0.94855404 -1.81341994 6.58330011
v -0.95136607 -1.81958008 6.56922007
v -0.94463998 -1.81466997 6.57554007
v -0.94046003 -1.81625009 6.56774998
v -1.34227002 -1.25953996 6.59573984
v -1.35541999 -1.29972005 6.59723949
v -1.34798002 -1.29036999 6.60627985
v -1.22686005 -1.19537997 6.71243954
v -1.21798003 -1.19168997 6.71855021
v -1.22359002 -1.18282008 6.71031046
v -0.86611003 -1.45805001 6.79548025
v -0.86711901 -1.44540000 6.79662037
v -0.87587798 -1.45109999 6.80185986
v -0.91340798 -1.40458000 6.82027960
v -0.92173994 -1.40913999 6.82538986
v -0.92231399 -1.39548993 6.82343960
v -0.91316098 -1.39157999 6.81866980
v -0.93126500 -1.39943004 6.82865000
v -0.93984902 -1.37828994 6.82844019
v -0.93099701 -1.38590002 6.82594967
v -0.93069202 -1.37391007 6.82386017
v -0.83082706 -1.42396998 6.78181982
v -0.82117397 -1.43253005 6.77612972
v -0.82147598 -1.41987002 6.77931976
v -0.83091199 -1.43654001 6.77927017
v -0.84016705 -1.42833006 6.78481960
v -0.82101095 -1.44582999 6.77286005
v -0.82109296 -1.47089994 6.76685047
v -0.82758301 -1.45508003 6.77385044
v -0.83382905 -1.46420002 6.77533054
v -0.82098800 -1.45791996 6.76993036
v -0.89417297 -1.37065005 6.81036997
v -0.90352297 -1.37355006 6.81358051
v -0.89457196 -1.38408005 6.81054020
v -0.88489902 -1.37769008 6.80714035
v -0.87626696 -1.38547003 6.80381012
v -0.87567198 -1.37182999 6.80456018
v -0.88631803 -1.40483999 6.80727005
v -0.89499301 -1.39822996 6.81101990
v -0.89532501 -1.41101003 6.81172037
v -0.90359294 -1.40180993 6.81516027
v -0.85882503 -1.38721001 6.79781055
v -0.86617696 -1.36602998 6.80251026
v -1.03576005 -1.83850992 6.57538986
v -1.04118991 -1.83738005 6.58429050
v -1.04707003 -1.84011006 6.57512951
v -1.02962995 -1.83551002 6.58435965
v -1.02461004 -1.83663011 6.57567978
v -1.03494000 -1.83474004 6.59393978
v -1.01924002 -1.83356988 6.58435965
v -1.05658996 -1.83631003 6.62034988
v -1.03480995 -1.83344996 6.60425043
v -1.03452992 -1.83255005 6.61680984
v -1.04886997 -1.83633995 6.59854984
v -1.35584998 -1.73211992 6.53287983
v -1.36285996 -1.72231996 6.53127003
v -1.36012006 -1.72553992 6.54085016
v -1.36670995 -1.71573007 6.53914022
v -1.36924005 -1.71247995 6.55665970
v -1.36452997 -1.71910989 6.54924011
v -1.36271000 -1.72257996 6.55930996
v -1.37070000 -1.70928001 6.54692984
v -1.37466002 -1.70315003 6.55431986
v -1.10571003 -1.84193003 6.58471966
v -1.09484994 -1.84174001 6.58546972
v -1.10038996 -1.84083998 6.59549999
v -1.29928994 -1.80312991 6.49161005
v -1.30050004 -1.79885006 6.49853992
v -1.31009996 -1.79442000 6.49126959
v -1.32069993 -1.77310014 6.52277994
v -1.32834995 -1.76622999 6.52096033
v -1.32588995 -1.77124000 6.51212025
v -1.31297994 -1.77959991 6.52427959
v -1.33513999 -1.75962007 6.51942968
v -1.33089995 -1.76178002 6.52941990
v -1.07848001 -1.86427999 6.51606989
v -1.06738007 -1.86961007 6.50725031
v -1.05754006 -1.86310005 6.51800013
v -1.38878000 -1.36390996 6.55945969
v -1.39990997 -1.39173007 6.53988028
v -1.38367999 -1.35818994 6.57442999
v -1.39427996 -1.39204001 6.57643986
v -1.39982998 -1.40604997 6.55875015
v -0.99567807 -1.84919000 6.53142023
v -1.00432992 -1.85109007 6.53063965
v -1.00054002 -1.85526013 6.52250004
v -1.01326001 -1.85272002 6.53009033
v -1.00799000 -1.84733999 6.53895044
v -0.98677194 -1.84724009 6.53189993
v -0.99099797 -1.84356999 6.54023981
v -1.35579002 -1.74738002 6.48687983
v -1.36365998 -1.73602998 6.48692036
v -1.35649002 -1.74151003 6.49664974
v -1.36408007 -1.73055005 6.49636984
v -1.34832001 -1.75214994 6.49701023
v -1.21657002 -1.82660997 6.60886002
v -1.20567000 -1.82936001 6.60745001
v -1.20730996 -1.83075011 6.62115002
v -1.19578004 -1.83225000 6.61308002
v -1.19316995 -1.83160996 6.59074020
v -1.18136001 -1.83432996 6.58434010
v -1.08151996 -1.85724998 6.53012991
v -1.08959997 -1.85538995 6.53417969
v -1.09493995 -1.85962999 6.52419949
v -1.07374001 -1.85930002 6.52575970
v -1.06906998 -1.85471988 6.53559017
v -1.02265000 -1.27301002 6.82074976
v -1.02166009 -1.26295006 6.81820011
v -1.03118002 -1.26771998 6.81923962
v -1.40427995 -1.63505006 6.49862957
v -1.40591002 -1.62593007 6.50232029
v -1.40891004 -1.62259996 6.49065018
v -1.40761006 -1.61651993 6.50496960
v -1.40376997 -1.62891006 6.51304007
v -1.22766995 -1.83402002 6.51632977
v -1.23548007 -1.83470988 6.50640011
v -1.31013000 -1.78463995 6.51505947
v -0.84944093 -1.43412995 6.78818989
v -0.85894698 -1.42660999 6.79358006
v -0.85812700 -1.43984008 6.79197025
v -0.84981406 -1.42097998 6.79009008
v -0.85984403 -1.41368997 6.79522038
v -0.84068298 -1.41612995 6.78711987
v -0.85106897 -1.40843999 6.79229975
v -0.84138501 -1.40292001 6.78970051
v -0.83072901 -1.41176999 6.78434992
v -0.84867799 -1.44652998 6.78621960
v -0.86798000 -1.39287996 6.80031967
v -0.85933602 -1.40136003 6.79630947
v -0.86812198 -1.40621006 6.79934025
v -0.87686503 -1.39859998 6.80334997
v -0.86826599 -1.43233001 6.79785013
v -0.86898297 -1.41940999 6.79888010
v -0.87749302 -1.41225994 6.80315018
v -1.00879002 -1.83150995 6.58365011
v -1.01365995 -1.83062994 6.59327984
v -1.42309999 -1.47643006 6.48523998
v -1.42409003 -1.50907004 6.60379028
v -1.41355002 -1.57657003 6.55756998
v -1.42745996 -1.59350002 6.61494970
v -1.32090998 -1.30644000 6.70967007
v -1.34224999 -1.30158997 6.63527012
v -1.37160993 -1.35256004 6.64666986
v -1.32843995 -1.28763998 6.64994955
v -1.33304000 -1.28306997 6.63321972
v -0.78853202 -1.70377004 6.59961987
v -0.86803102 -1.73952007 6.67601013
v -0.82799500 -1.68997991 6.66476965
v -0.84393394 -1.66416001 6.72955036
v -1.18308997 -1.26407003 6.79083014
v -1.25875998 -1.29084992 6.77708960
v -1.18619001 -1.30534005 6.83630991
v -1.17297006 -1.17601991 6.74606037
v -1.10254002 -1.30068994 6.83599997
v -1.10777998 -1.34224999 6.87497044
v -1.13352001 -1.28334999 6.82089996
v -1.14213002 -1.26510000 6.80531979
v -1.12836003 -1.27006996 6.81183004
v -1.11650002 -1.27479005 6.81692982
v -1.08836007 -1.19432998 6.79069996
v -1.13950992 -1.19771004 6.77117014
v -1.14919007 -1.17869997 6.76073980
v -1.15359998 -1.19382000 6.76285028
v -0.82286501 -1.60044992 6.72830963
v -1.41506004 -1.67584991 6.63429022
v -1.37817001 -1.71756995 6.60801983
v -1.37559998 -1.75704992 6.65824986
v -1.42794001 -1.56419003 6.46007013
v -0.91908598 -1.79058993 6.61791992
v -0.94288301 -1.80176997 6.67049026
v -0.88321000 -1.76686001 6.62161016
v -0.89044905 -1.77758002 6.60422993
v -0.77434701 -1.48558998 6.73938990
v -1.09709001 -1.85335004 6.53883982
v -1.08467996 -1.85149992 6.54436016
v -1.26852000 -1.23420000 6.69282007
v -1.27397001 -1.23789001 6.68895054
v -1.27184999 -1.24465001 6.69775009
v -1.27958000 -1.24111009 6.68424988
v -1.27692008 -1.23040998 6.67927027
v -1.34218001 -1.74964011 6.57599020
v -1.33775997 -1.75437999 6.57792950
v -1.34481001 -1.74908996 6.58656979
v -1.34666002 -1.74468994 6.57470989
v -1.34850001 -1.74123001 6.56455994
v -1.34033000 -1.75039995 6.56718969
v -1.28900003 -1.79266000 6.55579996
v -0.97790802 -1.84508002 6.53243017
v -0.98257196 -1.85112989 6.52410984
v -1.00076997 -1.83484006 6.56579971
v -0.99740106 -1.83731997 6.55707026
v -0.98043901 -1.82497001 6.58066034
v -1.17047000 -1.85002995 6.52249002
v -1.17299998 -1.85154986 6.51733017
v -1.16214001 -1.85368001 6.51821995
v -1.33977008 -1.75752997 6.50932980
v -1.04835999 -1.85280001 6.53758001
v -1.05315995 -1.85788989 6.52745962
v -1.04244006 -1.84834993 6.54699993
v -1.03139997 -1.84710002 6.54701996
v -1.03682005 -1.84435999 6.55605030
v -1.01870000 -1.85851002 6.52115011
v -1.30052996 -1.79584002 6.50556040
v -1.29070997 -1.80305004 6.50599003
v -1.40254998 -1.64347994 6.57203960
v -1.40847993 -1.61215997 6.56082010
v -1.40225005 -1.63544011 6.55543995
v -0.75655097 -1.56680000 6.68861008
v -0.91745901 -1.46491003 6.83494043
v -0.96330005 -1.45843005 6.87650013
v -1.30448997 -1.81616998 6.67316961
v -1.25065005 -1.82135999 6.63610983
v -1.21691000 -1.84775996 6.67899990
v -0.90406001 -1.81967998 6.53730011
v -0.99083203 -1.82070994 6.62913990
v -1.00477004 -1.82560003 6.61565018
v -0.99137199 -1.82164001 6.61600018
v -0.97878599 -1.81744003 6.61640024
v -1.03087997 -1.83845007 6.67633963
v -0.94739199 -1.82126009 6.56203985
v -0.95604402 -1.82737005 6.55497980
v -1.18879998 -1.83710003 6.63469982
v -1.12325001 -1.85403001 6.67956018
v -1.39192998 -1.66410995 6.53425980
v -1.39003003 -1.66917992 6.53895044
v -1.39345002 -1.66040003 6.54362011
v -0.88689697 -1.41790998 6.80771017
v -1.15638995 -1.26429009 6.80075979
v -1.17004001 -1.25458002 6.78831005
v -0.83357203 -1.76791000 6.56083012
v -1.03114998 -1.39530003 6.88816977
v -1.04376006 -1.34582996 6.85682011
v -0.92076099 -1.83642995 6.52273035
v -0.94895601 -1.85100007 6.51408005
v -0.95548600 -1.81396997 6.59017038
v -1.21871996 -1.21333003 6.72889042
v -1.22705007 -1.21625006 6.72350025
v -1.22442997 -1.22622001 6.73252010
v -0.80451095 -1.70172000 6.61649036
v -0.79503196 -1.68712008 6.62306976
v -0.80579996 -1.69187999 6.62939978
v -0.80407000 -1.71275997 6.60313034
v -1.09959006 -1.84081006 6.62584972
v -1.07832003 -1.83904004 6.60730982
v -1.37128997 -1.32465005 6.57843018
v -1.37505996 -1.30746007 6.55603027
v -1.11129999 -1.22706008 6.79284000
v -1.11070991 -1.21665001 6.78912973
v -1.12214005 -1.22336996 6.78785038
v -1.39012003 -1.67675996 6.57106018
v -1.38292003 -1.69102991 6.56847000
v -1.38995004 -1.68719995 6.59036016
v -1.24171996 -1.81854987 6.60951996
v -1.25190997 -1.81464994 6.60961008
v -1.24474001 -1.81608999 6.59898996
v -0.92110902 -1.80610013 6.57306004
v -0.91462499 -1.80069995 6.57874012
v -0.81609696 -1.50629997 6.75453043
v -0.82040197 -1.51323998 6.75562954
v -0.81159604 -1.51625991 6.74842978
v -0.82481098 -1.52103996 6.75692987
v -0.83027899 -1.51024997 6.76374960
v -0.80834800 -1.50674999 6.74926996
v -0.79960901 -1.48634994 6.75090027
v -0.80933398 -1.48602998 6.75625992
v -0.80465901 -1.49617004 6.75043011
v -0.82816094 -1.47501004 6.76989985
v -0.82131994 -1.48338008 6.76392984
v -0.97542697 -1.38168001 6.84610987
v -0.97712803 -1.37237000 6.84332943
v -0.99937600 -1.38240004 6.85903025
v -1.03355002 -1.31715000 6.83807993
v -1.02787995 -1.31418002 6.83570004
v -1.03671002 -1.30777001 6.83426952
v -1.02542996 -1.29303002 6.82710028
v -1.02742004 -1.30304003 6.83103037
v -1.01859999 -1.29852998 6.82830954
v -1.03102994 -1.30040002 6.83042002
v -1.02408004 -1.28318000 6.82376003
v -1.01650000 -1.28860998 6.82494974
v -1.02270007 -1.34112000 6.84712982
v -1.03037000 -1.32682002 6.84207010
v -1.02605999 -1.35880005 6.85824966
v -1.15543008 -1.22890997 6.77760983
v -1.15618002 -1.22091997 6.77303982
v -1.16529000 -1.22597003 6.77136993
v -1.14960003 -1.20463002 6.76886988
v -1.13497996 -1.20951998 6.77740002
v -1.14608002 -1.21542001 6.77503967
v -1.12220001 -1.19589007 6.77827978
v -1.24221003 -1.23631001 6.72397995
v -1.23872006 -1.22930002 6.72173977
v -1.24989998 -1.23385000 6.71398020
v -1.06589007 -1.27099001 6.81929016
v -1.06242001 -1.27663004 6.82188034
v -1.05474007 -1.26982999 6.81930017
v -1.36608005 -1.71902013 6.56724024
v -1.23616004 -1.17983997 6.69794989
v -1.23786998 -1.19156003 6.70062017
v -1.08507991 -1.24149001 6.80493021
v -1.09368002 -1.24041009 6.80276012
v -1.09255004 -1.24984002 6.80698013
v -0.82957804 -1.52926993 6.75883007
v -0.82042801 -1.53174996 6.75044012
v -0.83818901 -1.53886008 6.76463032
v -0.83904397 -1.52705002 6.76766968
v -0.93985003 -1.41585994 6.83766031
v -0.94339001 -1.40393996 6.83636999
v -0.95534402 -1.40847993 6.84497976
v -0.85761404 -1.32754004 6.80709982
v -0.87413198 -1.34504998 6.80679035
v -0.85660601 -1.36041999 6.80103970
v -0.87831604 -1.32826996 6.80953979
v -0.99190700 -1.34327006 6.83830023
v -0.99309903 -1.34986997 6.84115982
v -0.98323405 -1.35101008 6.83812046
v -1.15086007 -1.86587012 6.49888992
v -1.16698003 -1.86324000 6.49700022
v -1.01089001 -1.24827003 6.81585979
v -1.02075994 -1.25326991 6.81611013
v -1.01212001 -1.25822997 6.81748962
v -1.03011000 -1.25765002 6.81657028
v -1.41167998 -1.45052004 6.52621984
v -1.40698004 -1.42315996 6.53263998
v -1.41172004 -1.46218991 6.53592968
v -1.41428006 -1.47263002 6.52229023
v -1.41711998 -1.49352002 6.51075983
v -1.41692996 -1.48250997 6.50977993
v -1.41962004 -1.49171996 6.49845982
v -1.41419005 -1.55621004 6.54377985
v -1.41278005 -1.57138991 6.53947973
v -1.41513991 -1.54024005 6.54835987
v -1.41005003 -1.59731996 6.55105972
v -1.41100001 -1.58573997 6.53541040
v -1.40893006 -1.59916997 6.53154993
v -0.83687294 -1.56260991 6.75810003
v -0.82077801 -1.56693006 6.73943043
v -0.82625103 -1.55326009 6.74938965
v -0.81608200 -1.58092999 6.72898006
v -0.86943400 -1.49840999 6.79736042
v -0.85700905 -1.50524998 6.78628016
v -1.30151999 -1.25335002 6.66255045
v -1.29136002 -1.24976993 6.67519999
v -1.29093003 -1.24005008 6.66737986
v -1.28254008 -1.25091004 6.68934011
v -1.05545998 -1.27963996 6.82325983
v -1.34921002 -1.74741995 6.59663010
v -1.40547001 -1.61833000 6.54340982
v -1.41144001 -1.60499001 6.49583960
v -1.40988994 -1.60282993 6.50795984
v -1.06239998 -1.24919009 6.81127024
v -1.06473994 -1.24082005 6.80826044
v -1.07254004 -1.24926007 6.80994034
v -0.77705300 -1.56261992 6.70398998
v -0.76858002 -1.58111000 6.68719006
v -0.89783096 -1.46452999 6.81849003
v -0.90896195 -1.45469999 6.82550955
v -0.92027599 -1.44510007 6.83200979
v -1.22924995 -1.82275009 6.60873032
v -1.22044003 -1.83045006 6.63527966
v -1.23534000 -1.82292008 6.62162018
v -1.22447002 -1.82323003 6.59805012
v -0.90423900 -1.31401992 6.81440973
v -0.90526599 -1.32589996 6.81400967
v -0.89485103 -1.32335997 6.81246042
v -0.95109099 -1.84342003 6.52498007
v -0.94137895 -1.82356000 6.55305004
v -0.93436098 -1.81753993 6.56001949
v -0.92720497 -1.81928992 6.55162954
v -0.88389397 -1.35100007 6.80831003
v -0.88345402 -1.33783996 6.80931997
v -0.90021199 -1.33271003 6.81283045
v -0.91540402 -1.32858002 6.81585026
v -0.81079501 -1.64678991 6.68234015
v -0.79787999 -1.65471005 6.65889978
v -0.79924202 -1.64388013 6.67009974
v -0.80727702 -1.62421000 6.69498968
v -0.80155498 -1.63360000 6.68118000
v -0.85911703 -1.75688004 6.60272980
v -0.85010499 -1.74708009 6.60822964
v -0.86157399 -1.75261998 6.61555004
v -1.23484004 -1.23923993 6.73358011
v -1.23773003 -1.25995994 6.75169992
v -1.22781003 -1.24259007 6.74280024
v -1.22958004 -1.25831008 6.75683975
v -1.21612000 -1.22364998 6.73760986
v -0.81522304 -1.70634007 6.62313986
v -0.85420704 -1.76744998 6.57850027
v -0.86197597 -1.77427995 6.57521963
v -0.85182697 -1.77359998 6.56723022
v -1.12605000 -1.86859000 6.50173044
v -1.11553001 -1.86972010 6.50216961
v -1.12127995 -1.86321998 6.51252985
v -1.36271000 -1.31050992 6.58874989
v -1.36361003 -1.28892004 6.57063007
v -0.91100103 -1.42961001 6.82248020
v -0.91731596 -1.43226993 6.82705021
v -0.90842694 -1.44146991 6.82270956
v -1.32341003 -1.77271008 6.60427999
v -1.32865000 -1.76816010 6.60291958
v -1.32659996 -1.76721001 6.59252024
v -1.16857994 -1.83647990 6.60394001
v -1.16659999 -1.83665013 6.59504986
v -1.16095996 -1.83764005 6.60728979
v -1.17075002 -1.83673990 6.61335993
v -1.25691009 -1.21785998 6.69470978
v -1.25406003 -1.20551991 6.69075012
v -1.25981998 -1.21432996 6.68929958
v -0.98224199 -1.82301009 6.59020996
v -0.98419905 -1.82219005 6.59673977
v -0.99316198 -1.82558000 6.59288025
v -0.98631895 -1.82152009 6.60417032
v -0.97479898 -1.81838000 6.60078955
v -0.99862897 -1.82527006 6.60327005
v -0.99522895 -1.82346988 6.60959005
v -1.15628994 -1.23632002 6.78150034
v -1.14423001 -1.23274004 6.78430033
v -1.15739000 -1.24413002 6.78593969
v -1.16722000 -1.23978007 6.77891016
v -1.36519003 -1.72642994 6.58921957
v -1.37005997 -1.71916008 6.58739996
v -0.94093800 -1.80722010 6.59348011
v -0.93936300 -1.80849993 6.58714008
v -0.92907107 -1.80259001 6.59152985
v -0.84308994 -1.37601006 6.79517984
v -0.84064996 -1.36125004 6.79767990
v -0.93200505 -1.28841996 6.81810999
v -0.93951195 -1.29006004 6.81865978
v -0.93040800 -1.29740000 6.81791019
v -0.92460805 -1.28696001 6.81768036
v -0.93370503 -1.27963996 6.81837988
v -0.93561602 -1.30989003 6.81883001
v -0.93902600 -1.30261004 6.81897974
v -0.94746602 -1.30785000 6.82044983
v -0.93220901 -1.31731999 6.81863022
v -0.92293298 -1.31238008 6.81704044
v -1.42536998 -1.51661992 6.47706985
v -1.41895998 -1.52260995 6.50070047
v -1.41890001 -1.53670001 6.49812984
v -1.41720998 -1.52730000 6.51013041
v -1.41850007 -1.51080000 6.50413990
v -1.42111993 -1.51786005 6.49160004
v -1.10201001 -1.87015986 6.50374985
v -1.08882999 -1.87014008 6.50532007
v -1.09974003 -1.86434996 6.51424026
v -1.10443997 -1.87661004 6.49346018
v -1.15719008 -1.25163007 6.79110050
v -1.14285004 -1.24863994 6.79403019
v -1.26821005 -1.25145996 6.70925999
v -1.27348006 -1.25444007 6.70563984
v -1.26938999 -1.26727998 6.72684002
v -1.31952000 -1.78663003 6.48995972
v -1.27367997 -1.80468011 6.60832977
v -1.28157997 -1.80060005 6.60817051
v -1.27788997 -1.80552006 6.62090969
v -1.13322997 -1.84001994 6.60739994
v -1.13496995 -1.84202993 6.63305950
v -1.14377999 -1.83962989 6.61377048
v -1.15476000 -1.83929002 6.62053013
v -0.93048602 -1.27424002 6.81849957
v -0.94223499 -1.27313006 6.81876993
v -0.97065294 -1.81588006 6.60669041
v -0.96287602 -1.81475997 6.59796000
v -0.95230597 -1.81128001 6.59568024
v -0.94870597 -1.80849993 6.60109997
v -1.21835005 -1.23514998 6.74430990
v -0.88132203 -1.77619004 6.59372044
v -0.88456500 -1.78125000 6.58695984
v -0.87181902 -1.77512002 6.58405018
v -0.89023894 -1.79734004 6.56235981
v -0.90371001 -1.81042993 6.55085993
v -0.87841100 -1.77084994 6.60166025
v -0.86624002 -1.76341987 6.59982967
v -0.78406703 -1.57442999 6.70258999
v -0.79044402 -1.57770002 6.70597982
v -0.78267998 -1.58727002 6.69396973
v -1.07949996 -1.83988988 6.59569025
v -1.08614993 -1.83978999 6.60314035
v -1.27449000 -1.26023996 6.71101999
v -1.28471005 -1.26239002 6.69905996
v -1.36800003 -1.33509994 6.60506964
v -1.32233000 -1.26964998 6.64116001
v -1.31216002 -1.25787997 6.64869022
v -1.30948997 -1.26383996 6.65939999
v -1.30956006 -1.28030992 6.68068027
v -0.82087004 -1.70405006 6.63374996
v -0.82695502 -1.71431994 6.62810993
v -0.84438497 -1.73985004 6.61279964
v -0.83837402 -1.74136007 6.60207987
v -1.37741005 -1.70622993 6.58290005
v -1.38098001 -1.69909990 6.58039999
v -1.37601995 -1.70490003 6.57269955
v -0.91004199 -1.80867004 6.55838013
v -0.91586196 -1.80722010 6.56584024
v -0.92478800 -1.79885006 6.59708023
v -0.91709405 -1.79752004 6.58981991
v -0.80007398 -1.50803006 6.74364996
v -0.84227198 -1.48387003 6.77724981
v -0.83500898 -1.49164999 6.77095032
v -0.83522797 -1.47932994 6.77335978
v -1.04099000 -1.31568003 6.83872986
v -1.04832006 -1.31426001 6.83925009
v -1.04540992 -1.32375002 6.84387970
v -1.05299997 -1.32230997 6.84465027
v -1.13339996 -1.21822000 6.78154993
v -1.15937996 -1.21086001 6.76664972
v -1.08216000 -1.28489995 6.82564020
v -1.07870996 -1.29056001 6.82885981
v -1.07040000 -1.28355002 6.82505035
v -1.41918004 -1.57420993 6.48266983
v -1.41682994 -1.58067000 6.48869991
v -1.41745007 -1.56920004 6.49224997
v -1.24607003 -1.19494998 6.69402981
v -1.24219000 -1.20194995 6.70113993
v -0.94397402 -1.43487000 6.84685993
v -0.92563897 -1.42304003 6.83050013
v -1.41302001 -1.47551000 6.53602982
v -0.84782898 -1.51595998 6.77722025
v -1.07158005 -1.29359996 6.83038044
v -1.07692003 -1.29775000 6.83302021
v -1.06660998 -1.29797006 6.83254004
v -1.40792000 -1.60783005 6.51817036
v -1.41105008 -1.59020996 6.51677036
v -0.91705501 -1.81147003 6.55863047
v -0.99459296 -1.35595000 6.84414959
v -1.00316000 -1.34879994 6.84424973
v -0.94124496 -1.82852995 6.54390049
v -0.95462596 -1.83174992 6.54551983
v -0.95297700 -1.83705997 6.53548956
v -0.84173900 -1.47632003 6.77802944
v -0.79566002 -1.63250995 6.67531967
v -0.83533496 -1.74694002 6.59017038
v -0.84450102 -1.75744987 6.58412027
v -0.83248794 -1.75308001 6.57886982
v -0.85664904 -1.76185000 6.59035015
v -1.10788000 -1.86157000 6.51846981
v -1.11578000 -1.85890007 6.52261972
v -1.23453999 -1.81986010 6.59852982
v -1.23218000 -1.82028008 6.59224033
v -1.09022999 -1.84051001 6.59559011
v -1.02113998 -1.86394000 6.51288986
v -1.03082001 -1.86539006 6.51192999
v -1.01207995 -1.87112999 6.50162983
v -1.38542998 -1.68104005 6.52641964
v -1.38778996 -1.67619991 6.52172995
v -1.38464999 -1.68428004 6.51867962
v -1.39014995 -1.67127991 6.51715994
v -1.39077997 -1.66804004 6.52471018
v -1.38316000 -1.68563998 6.53115988
v -1.38646007 -1.67796004 6.53407955
v -1.04796004 -1.84557986 6.55609989
v -1.05034995 -1.84419000 6.56122971
v -1.05914998 -1.84650993 6.55619955
v -1.04538000 -1.84696996 6.55139017
v -1.06677997 -1.84569001 6.56059027
v -1.06437993 -1.84409010 6.56584024
v -1.07459998 -1.84486008 6.56524944
v -1.02563000 -1.84283996 6.55605984
v -1.02291000 -1.84405994 6.55174017
v -1.01497006 -1.84108996 6.55614996
v -1.11629999 -1.84174001 6.58483982
v -1.11049998 -1.84092009 6.59541988
v -1.12196994 -1.84071004 6.59533024
v -1.16499996 -1.84712005 6.53377008
v -1.16776001 -1.84851003 6.52809000
v -1.15631998 -1.85049987 6.52908039
v -1.16192997 -1.84601998 6.53916025
v -1.17313004 -1.84390998 6.53834009
v -1.06517005 -1.86107004 6.52205944
v -1.38968003 -1.67824006 6.50178003
v -1.39250004 -1.67331004 6.49726009
v -1.16663003 -1.83815992 6.57204962
v -1.16369998 -1.83943999 6.56649017
v -1.15490997 -1.83994007 6.57257986
v -1.16939998 -1.83707011 6.57761002
v -1.17791998 -1.83607006 6.57153988
v -1.16102004 -1.84081995 6.56112957
v -1.17208993 -1.83885992 6.56059027
v -1.05804002 -1.84125996 6.57536983
v -1.05574000 -1.84217000 6.57050037
v -1.19033003 -1.84346008 6.52620029
v -1.18527007 -1.84871995 6.51634979
v -1.17910004 -1.84615993 6.52713013
v -1.18739009 -1.84239006 6.53178024
v -1.19988000 -1.84722006 6.50953007
v -1.19699001 -1.84569001 6.51519012
v -1.05638003 -1.85158992 6.54170990
v -1.05382001 -1.84941995 6.54676962
v -1.06409001 -1.85041010 6.54586029
v -1.33669007 -1.77070010 6.48709011
v -1.33903003 -1.76508999 6.49298000
v -1.34450996 -1.76255000 6.48554993
v -1.37927997 -1.35549998 6.59235001
v -1.40617001 -1.42464995 6.60962009
v -1.33275998 -1.77427006 6.62820959
v -1.31633997 -1.78722000 6.63135004
v -1.31990993 -1.77950001 6.61759043
v -0.89217901 -1.28347993 6.81690979
v -1.15865004 -1.84494996 6.54498005
v -1.14989996 -1.84788001 6.54005957
v -1.15811992 -1.84242988 6.55554962
v -1.14920998 -1.84252000 6.56173038
v -1.18411994 -1.84150004 6.53749990
v -1.19568002 -1.83857000 6.53662014
v -1.11701000 -1.23465002 6.79440022
v -0.83467197 -1.51846004 6.76552963
v -0.81345594 -1.49547005 6.75591946
v -1.10844004 -1.28072000 6.82174969
v -1.10589004 -1.27398992 6.81771994
v -1.41645002 -1.55701995 6.50401020
v -1.41465998 -1.57010007 6.50754023
v -1.41526008 -1.56001997 6.51062012
v -1.41392004 -1.56902003 6.51486969
v -0.81589496 -1.52364993 6.74926996
v -0.98911798 -1.85487008 6.52017975
v -0.80882198 -1.60280991 6.71015024
v -1.06305003 -1.87550998 6.49851990
v -1.04940009 -1.87422013 6.50026035
v -1.07732999 -1.87635994 6.49674988
v -0.95672703 -1.80993009 6.61039972
v -0.97069299 -1.81343997 6.62921000
v -0.96815395 -1.81394005 6.61340046
v -0.94448900 -1.80429006 6.61268997
v -0.93243903 -1.80037999 6.60488987
v -0.79348695 -1.46318996 6.75597000
v -0.79406297 -1.47582996 6.75180960
v -1.07404006 -1.30881000 6.83964014
v -1.08072007 -1.30307996 6.83656979
v -1.08732009 -1.29759002 6.83337021
v -0.99456394 -1.85876012 6.51569986
v -1.41740000 -1.51652002 6.51028967
v -1.41732001 -1.50407004 6.51072025
v -1.41539001 -1.52187002 6.52955008
v -1.41513991 -1.52771997 6.53525019
v -1.41604996 -1.51551998 6.56192017
v -1.13152003 -1.25285995 6.79996014
v -1.13197005 -1.24485993 6.79516983
v -1.15552998 -1.83815002 6.59509945
v -1.15812993 -1.83780992 6.60114002
v -1.14923000 -1.83889997 6.60737991
v -0.95569599 -1.27776003 6.81928015
v -0.95590699 -1.28349996 6.81959009
v -0.94773704 -1.28368998 6.81909037
v -1.38683009 -1.68312001 6.50644970
v -1.38978004 -1.67470002 6.50950003
v -1.01425004 -1.83483005 6.57510996
v -1.01190007 -1.83574009 6.57029057
v -1.00399995 -1.83279002 6.57462978
v -1.02822995 -1.84150004 6.56103992
v -0.98999596 -1.25726998 6.81802988
v -0.98543596 -1.25481999 6.81793976
v -0.99311703 -1.24918008 6.81708002
v -0.87122601 -1.46291995 6.79876041
v -0.87615001 -1.46789002 6.80226994
v -0.86676502 -1.47481000 6.79540014
v -0.85297698 -1.47658992 6.78548956
v -0.85792798 -1.48160005 6.78859997
v -0.84926593 -1.48860002 6.78159046
v -0.86247098 -1.48661005 6.79176998
v -0.80804098 -1.42226005 6.77425003
v -0.81519204 -1.42739999 6.77520990
v -0.80818194 -1.43618000 6.77024984
v -1.01137996 -1.86240005 6.51367044
v -1.39495003 -1.66101003 6.50840998
v -1.39251006 -1.66624999 6.51290989
v -1.39513993 -1.65778995 6.51577997
v -1.40033996 -1.63995004 6.51886988
v -1.40248001 -1.63116002 6.52192020
v -1.00740993 -1.28373003 6.82300043
v -1.00850999 -1.28891003 6.82441998
v -1.00039995 -1.28930998 6.82385015
v -0.93088704 -1.33882999 6.81977987
v -0.93938506 -1.33899999 6.82198048
v -0.93002397 -1.34808993 6.82040024
v -0.92284203 -1.33843005 6.81776953
v -0.93181103 -1.32967997 6.81929016
v -0.84206498 -1.39077997 6.79212046
v -0.83317602 -1.38486993 6.79089975
v -1.41363001 -1.48652005 6.54148006
v -1.41436994 -1.49114001 6.53273010
v -1.41429007 -1.49712002 6.54732990
v -1.41375995 -1.48492002 6.56141949
v -1.42033005 -1.59366000 6.46967983
v -1.42137003 -1.57954001 6.47287989
v -1.06221998 -1.84036994 6.58183956
v -1.06950998 -1.84217000 6.57565022
v -1.06668997 -1.83971000 6.58854008
v -1.05471003 -1.83850992 6.58814001
v -1.38650000 -1.68098998 6.55989981
v -1.38620007 -1.68013990 6.55346012
v -1.38231003 -1.68897986 6.55608988
v -1.30530000 -1.79027009 6.51024008
v -1.30988002 -1.78896999 6.50366974
v -1.31438994 -1.78798008 6.49682999
v -1.31871998 -1.78160000 6.50252008
v -1.39953005 -1.64155996 6.52451992
v -1.39762998 -1.64923000 6.51866007
v -0.77278298 -1.62588000 6.65886974
v -0.77659303 -1.64557004 6.64585018
v -0.75327003 -1.61965013 6.64982986
v -0.77862501 -1.63547003 6.65612030
v -0.78157699 -1.62537992 6.66681004
v -1.19130003 -1.21224999 6.74875021
v -1.18539000 -1.20527005 6.74905014
v -1.19455004 -1.20565009 6.74310017
v -1.18909001 -1.19835997 6.74341965
v -0.99989796 -1.86290002 6.51085949
v -1.10512996 -1.25270998 6.80597973
v -1.11129999 -1.25914001 6.80819988
v -1.10391998 -1.26205993 6.81107998
v -1.36030996 -1.31604004 6.60223007
v -0.82213402 -1.71732008 6.61717987
v -1.13016999 -1.26107001 6.80543995
v -1.11928999 -1.25740004 6.80560970
v -1.12812006 -1.21078992 6.78069019
v -1.13318992 -1.22800994 6.78602982
v -0.88121593 -1.47223997 6.80625010
v -0.88613701 -1.46016002 6.80916977
v -0.90925598 -1.80130994 6.57186985
v -0.89490700 -1.78943002 6.58184958
v -0.79534400 -1.49721003 6.74480963
v -0.95828694 -1.39710999 6.84269047
v -0.95198697 -1.39477992 6.83845997
v -0.96104401 -1.38641000 6.84054041
v -0.80061597 -1.41654992 6.77382946
v -1.08792996 -1.28851998 6.82768011
v -1.10089993 -1.28653002 6.82608032
v -1.08876002 -1.27933002 6.82227039
v -1.08629000 -1.27276003 6.81886005
v -1.09581006 -1.27330995 6.81835032
v -1.41787004 -1.55396008 6.49744034
v -1.41533005 -1.54710996 6.51896000
v -1.41474998 -1.55534005 6.51933002
v -1.41453004 -1.55048001 6.52854013
v -1.41074002 -1.58871007 6.52530003
v -1.41241002 -1.57861006 6.51975012
v -1.24212003 -1.18463004 6.69389057
v -1.08743000 -1.22163999 6.79763031
v -1.09679008 -1.22034001 6.79466009
v -1.09508002 -1.23057008 6.79865026
v -0.79053301 -1.50913000 6.73759985
v -0.79509902 -1.51909995 6.73640966
v -0.80379599 -1.51745999 6.74268055
v -0.80217505 -1.55324006 6.72766018
v -0.79807800 -1.55969000 6.72143030
v -0.79460502 -1.54877007 6.72365046
v -0.80635005 -1.54793000 6.73327017
v -0.80953997 -1.55870998 6.73174000
v -0.92292899 -1.43427002 6.83130026
v -1.01340997 -1.34782004 6.84739017
v -1.41569006 -1.46683002 6.51179981
v -1.41375995 -1.44885993 6.51432037
v -1.41773009 -1.46077001 6.50150967
v -1.20275998 -1.17289996 6.72424984
v -1.20598006 -1.19729996 6.73071003
v -1.19848001 -1.19488001 6.73527002
v -1.19136000 -1.18825996 6.73772955
v -1.29912996 -1.26006007 6.67334986
v -1.29421997 -1.25979006 6.68112040
v -1.40154004 -1.63429999 6.54282999
v -1.40382004 -1.62712991 6.54942036
v -0.99622500 -1.36241996 6.84759998
v -0.98587704 -1.36370003 6.84380054
v -1.39955997 -1.64549994 6.55744028
v -1.39778996 -1.64857996 6.54941034
v -1.39671004 -1.65506005 6.55948019
v -1.39489007 -1.65776002 6.55132961
v -0.91542900 -1.81508994 6.55108023
v -0.93902904 -1.83377993 6.53424978
v -1.16784000 -1.83787990 6.62070990
v -1.18094993 -1.83600008 6.62089014
v -1.19766998 -1.23879993 6.76185989
v -1.19146991 -1.23333001 6.76169968
v -1.19997001 -1.23150992 6.75498962
v -1.11785007 -1.26591992 6.81100988
v -1.11311996 -1.25050998 6.80317020
v -1.10242999 -1.22651994 6.79521036
v -0.96662199 -1.85135996 6.51892996
v -1.41492009 -1.50697005 6.53553009
v -0.96881598 -1.84239006 6.53346014
v -0.96492207 -1.84615993 6.52596951
v -0.97284299 -1.83871996 6.54170990
v -1.01842999 -1.23215997 6.81288004
v -1.02795005 -1.22636998 6.81076956
v -1.31901002 -1.77350998 6.59353018
v -1.04058003 -1.86706996 6.51028967
v -1.03701997 -1.86089993 6.52001047
v -0.83144999 -1.40474999 6.78608990
v -0.82196105 -1.40670991 6.78271008
v -1.22552001 -1.83980012 6.50476980
v -1.35800004 -1.73731995 6.50148010
v -1.05308998 -1.84316003 6.56569958
v -1.04155993 -1.84172988 6.56621027
v -1.27886999 -1.79892004 6.55690002
v -1.26854002 -1.80473006 6.55794001
v -1.28149998 -1.79701006 6.56165028
v -1.28428006 -1.79515004 6.56622028
v -1.27405000 -1.80112004 6.56729984
v -1.28971004 -1.79185998 6.57573032
v -1.28552997 -1.79507995 6.58587027
v -1.29256999 -1.79030991 6.58030987
v -0.96874398 -1.83041000 6.55655003
v -0.96456897 -1.83318996 6.54821014
v -1.02035999 -1.84556007 6.54711008
v -1.00127006 -1.24343002 6.81594992
v -0.92190802 -1.38259006 6.82145023
v -0.90325403 -1.36048007 6.81318951
v -0.89382493 -1.35730004 6.81050014
v -0.88531506 -1.39152002 6.80693960
v -0.90422696 -1.38789999 6.81451035
v -1.28068995 -1.81422997 6.49641037
v -1.28875995 -1.81084001 6.49196005
v -1.28138995 -1.81072998 6.50306034
v -1.27196002 -1.81762004 6.50117016
v -1.17660999 -1.85308003 6.51179981
v -1.16814005 -1.85724998 6.50757980
v -1.07787001 -1.87010992 6.50614023
v -1.19532001 -1.83139992 6.60166025
v -1.20458007 -1.82893014 6.59702969
v -0.99840498 -1.27932000 6.82153034
v -1.00642991 -1.27876997 6.82176971
v -1.01443005 -1.27833998 6.82198048
v -1.00955999 -1.27173996 6.82027960
v -1.03297007 -1.83920991 6.57102966
v -1.03065991 -1.84031999 6.56593990
v -1.42151999 -1.56513000 6.47810984
v -1.42136002 -1.54762006 6.48455954
v -0.78952998 -1.48757005 6.74539042
v -0.78565401 -1.49865997 6.73915005
v -1.03990006 -1.29323995 6.82836008
v -1.04491997 -1.28881001 6.82684040
v -1.04633999 -1.29861999 6.83124018
v -1.03377998 -1.28807998 6.82594013
v -1.32900000 -1.76292992 6.58059978
v -1.33141005 -1.75942993 6.56980991
v -1.33607996 -1.75826001 6.58958960
v -1.28197002 -1.79649997 6.57142019
v -1.27970004 -1.79790998 6.57660007
v -0.92725897 -1.80869007 6.57316971
v -0.92873001 -1.81231999 6.56638050
v -1.34171999 -1.75968003 6.49800014
v -1.33434999 -1.76725006 6.49955988
v -0.96558303 -1.22898996 6.81904984
v -0.96462297 -1.24344993 6.81863022
v -1.02189994 -1.82963014 6.63004017
v -0.97118503 -1.40837002 6.85515976
v -0.97290695 -1.39160001 6.84879971
v -0.95342600 -1.27236009 6.81902981
v -0.96390402 -1.27188993 6.81925964
v -1.13288999 -1.23710001 6.79066992
v -0.89101106 -1.44865000 6.81171036
v -0.89691401 -1.45120001 6.81604004
v -0.88693601 -1.47457004 6.81095982
v -0.87629402 -1.48487997 6.80290985
v -0.90967596 -1.79636002 6.58337021
v -0.82591802 -1.50243998 6.76233006
v -0.82163203 -1.49504995 6.76121998
v -0.80808002 -1.47297001 6.75948048
v -1.05853009 -1.25520003 6.81372976
v -1.05341995 -1.25986004 6.81576014
v -1.05219007 -1.24927998 6.81248999
v -1.06483006 -1.26101995 6.81527042
v -1.07108998 -1.26673007 6.81712055
v -1.07732999 -1.27231002 6.81925964
v -1.07483995 -1.26089001 6.81428003
v -1.41362000 -1.56499994 6.52399969
v -1.41237998 -1.57506001 6.52932978
v -1.23915994 -1.16733003 6.69175053
v -0.80735701 -1.52649999 6.74199009
v -0.79934001 -1.52856994 6.73552990
v -0.80326205 -1.53751004 6.73490000
v -0.81163996 -1.53450000 6.74246979
v -0.80901402 -1.57579005 6.72395992
v -0.81279498 -1.56974006 6.73029995
v -0.82334805 -1.54236007 6.74984980
v -0.81770694 -1.55586004 6.74032974
v -0.81468499 -1.54498994 6.74138021
v -0.92841303 -1.41141999 6.82960987
v -0.93425798 -1.41358006 6.83358002
v -1.15974998 -1.86149001 6.50323009
v -1.15640998 -1.85932994 6.50876999
v -1.14140999 -1.87036991 6.49458981
v -1.13850999 -1.86730993 6.50049973
v -1.05000997 -1.28424001 6.82512951
v -1.05631995 -1.28964007 6.82773972
v -1.04372001 -1.27876997 6.82284021
v -1.03745008 -1.27327001 6.82087994
v -1.04311001 -1.26871991 6.81928015
v -1.03243995 -1.27812004 6.82242966
v -1.03584993 -1.25311005 6.81505966
v -1.04861999 -1.26445997 6.81762981
v -1.04232001 -1.25888002 6.81620026
v -1.18341994 -1.19062996 6.74405003
v -0.81205100 -1.59196997 6.71949005
v -1.26589000 -1.23717999 6.69851971
v -1.26141000 -1.23918998 6.70563984
v -1.25975001 -1.22932994 6.69947958
v -1.25340998 -1.22110999 6.70066977
v -1.24819005 -1.22365999 6.70802021
v -1.24690998 -1.21252000 6.70213032
v -1.29771996 -1.23769999 6.65561008
v -1.28618002 -1.22804999 6.66536045
v -1.29617000 -1.22672009 6.65077972
v -1.40718007 -1.60901999 6.53743982
v -1.40561998 -1.61643004 6.53103018
v -1.04076004 -1.24813008 6.81336975
v -0.76724702 -1.54969001 6.70484018
v -0.76248801 -1.52645993 6.71471024
v -0.77576900 -1.52928996 6.72032022
v -0.90095794 -1.47938001 6.82367992
v -1.05360007 -1.86830008 6.50915003
v -0.92617500 -1.82404995 6.54291010
v -0.88623601 -1.31218994 6.81252003
v -0.89222604 -1.29861999 6.81472015
v -0.89833498 -1.30642009 6.81433010
v -0.79236001 -1.65459991 6.65288019
v -0.79757702 -1.66606009 6.64766979
v -1.06735003 -1.31475997 6.84254980
v -1.06361997 -1.30925000 6.83867025
v -1.06063998 -1.32093000 6.84531021
v -1.31494999 -1.25287998 6.63956976
v -1.30800998 -1.24290001 6.64353037
v -1.32006001 -1.23936009 6.62225056
v -1.20236993 -1.22483993 6.74876022
v -1.19724000 -1.21897006 6.74860001
v -1.20481992 -1.21885002 6.74315023
v -0.80961102 -1.70925009 6.61293030
v -1.41573000 -1.51636004 6.52442026
v -1.12239003 -1.24158001 6.79619980
v -0.95586699 -1.28930998 6.81997013
v -0.96379697 -1.28343999 6.82009983
v -1.02766001 -1.30877995 6.83337021
v -1.01859999 -1.30992007 6.83238983
v -1.34429002 -1.74533999 6.55084991
v -1.34287000 -1.74698997 6.55632019
v -1.35053992 -1.73806989 6.55367947
v -1.41759992 -1.53851008 6.50476980
v -1.00944996 -1.83677995 6.56545019
v -1.01989007 -1.83859003 6.56586981
v -0.99888599 -1.25713992 6.81775951
v -0.94150001 -1.39707005 6.83349991
v -0.81468499 -1.46575999 6.76482010
v -0.80740100 -1.46015000 6.76294994
v -0.99171895 -1.33724999 6.83612967
v -0.98291904 -1.33897996 6.83413029
v -1.00085998 -1.33557999 6.83815002
v -0.99156797 -1.33118999 6.83407974
v -1.00993001 -1.32809997 6.83765030
v -1.01110005 -1.33457005 6.84061956
v -1.00981998 -1.32255006 6.83546972
v -1.00067997 -1.32409000 6.83396006
v -1.01865995 -1.32117999 6.83685970
v -1.00976002 -1.31680000 6.83332968
v -0.97296798 -1.30481994 6.82384014
v -0.97300595 -1.31076002 6.82491970
v -0.96403301 -1.30675006 6.82281017
v -0.98187196 -1.30305994 6.82479000
v -0.97289306 -1.29895997 6.82285023
v -0.97336996 -1.31683993 6.82618999
v -0.96431702 -1.31861997 6.82474995
v -0.97371900 -1.32288003 6.82754993
v -0.98220700 -1.31526005 6.82752991
v -0.97402298 -1.32868004 6.82894993
v -0.97431201 -1.33432996 6.83042002
v -0.96468699 -1.33068001 6.82710028
v -0.98258603 -1.32697999 6.83059025
v -1.00971007 -1.29400992 6.82594967
v -0.99117899 -1.30183005 6.82581043
v -0.99147099 -1.29577994 6.82446003
v -1.00040996 -1.30077004 6.82676983
v -0.99112701 -1.30759001 6.82721043
v -0.99134797 -1.29042995 6.82330036
v -0.98196000 -1.29175997 6.82265997
v -0.99129802 -1.28479993 6.82218027
v -1.41771007 -1.59376001 6.47792959
v -1.41541994 -1.59450996 6.48600006
v -1.41365993 -1.59449995 6.49384022
v -1.41377997 -1.60739994 6.48351002
v -0.78039700 -1.51362002 6.73010015
v -1.23102999 -1.84340000 6.49289989
v -1.40860009 -1.64824009 6.46914959
v -1.31145000 -1.78365004 6.61220026
v -1.31479001 -1.77936995 6.60515976
v -1.30318999 -1.78764987 6.60675955
v -1.01365995 -1.82837009 6.61000967
v -1.02327991 -1.83120990 6.60381985
v -1.00946999 -1.82801986 6.60394001
v -1.24203992 -1.83710992 6.49497986
v -0.77235997 -1.65933990 6.63018036
v -0.78286898 -1.65745997 6.64083004
v -0.79023302 -1.67395997 6.63197994
v -0.77369398 -1.61541009 6.66760015
v -1.18808007 -1.21950996 6.75493002
v -1.12241006 -1.84081995 6.61909008
v -0.90316802 -1.45272994 6.82078028
v -1.07862997 -1.25524998 6.81146002
v -1.07879996 -1.24531007 6.80751038
v -1.08469999 -1.26110005 6.81326962
v -1.41579998 -1.53851998 6.51859951
v -1.41648996 -1.54392993 6.51018000
v -0.79402500 -1.56610000 6.71502018
v -0.80165499 -1.57084000 6.71930027
v -0.99778098 -1.36913002 6.85139990
v -1.00676000 -1.36119008 6.85145044
v -1.06000006 -1.30375993 6.83515024
v -1.05338001 -1.30975997 6.83760977
v -1.05641007 -1.29825997 6.83193970
v -1.29666007 -1.79650998 6.51168966
v -1.13429999 -1.86217999 6.51109982
v -1.13906002 -1.85697997 6.52045965
v -1.14473999 -1.86100996 6.50998020
v -1.12748003 -1.85811996 6.52152014
v -1.36871004 -1.31499004 6.57665014
v -1.16365993 -1.83722997 6.58938980
v -1.17105997 -1.83630013 6.58402014
v -1.16070008 -1.83798003 6.58370972
v -1.17501998 -1.83528006 6.59525013
v -1.08723998 -1.84086001 6.59057999
v -1.08463001 -1.84141004 6.58524990
v -1.04628003 -1.86201990 6.51909018
v -1.04497993 -1.85944998 6.52358007
v -1.29749000 -1.20185006 6.63804007
v -1.26425004 -1.19086003 6.67335987
v -1.34398007 -1.75487995 6.50317001
v -1.34600997 -1.75063992 6.50800991
v -1.39353001 -1.66007996 6.52751017
v -1.39293003 -1.66301990 6.52023029
v -1.39684999 -1.65048003 6.52451992
v -1.39624000 -1.65172994 6.53034973
v -1.12432003 -1.84604001 6.55780029
v -1.13269997 -1.84680009 6.55177021
v -1.12159991 -1.84762990 6.55240011
v -1.13524997 -1.84517992 6.55718994
v -1.12697005 -1.84463000 6.56312037
v -1.14357996 -1.84565997 6.55117035
v -1.13866997 -1.84368992 6.56238031
v -1.14642000 -1.84400010 6.55646992
v -1.12975001 -1.84851003 6.54673004
v -1.10786998 -1.84969997 6.54822016
v -1.11031997 -1.84815001 6.55307007
v -1.09998000 -1.84832990 6.55370045
v -1.11327004 -1.84659994 6.55833960
v -1.10270000 -1.84685004 6.55889988
v -1.10531998 -1.84554994 6.56398010
v -1.09224010 -1.84993005 6.54888010
v -1.07937002 -1.84792006 6.55493021
v -1.08928001 -1.84825003 6.55432987
v -1.09484994 -1.84561992 6.56420994
v -1.19733000 -1.83649004 6.54255962
v -1.20674002 -1.83358002 6.54269028
v -1.20510995 -1.83561003 6.53687000
v -1.19528997 -1.83507001 6.55134964
v -1.19259000 -1.83787000 6.54245996
v -1.05649996 -1.84790003 6.55147028
v -1.06160998 -1.84839988 6.55104971
v -1.40112996 -1.65702987 6.48470974
v -1.40407002 -1.65158010 6.48016977
v -1.40223002 -1.66107011 6.47662973
v -1.40304005 -1.64792991 6.48794031
v -1.40039992 -1.65354002 6.49200964
v -1.40583003 -1.64183009 6.48375988
v -1.40740001 -1.63246000 6.48713970
v -1.40489995 -1.63824999 6.49147034
v -1.33122993 -1.26122999 6.61681986
v -1.35299993 -1.28627002 6.59143972
v -1.13302004 -1.84018993 6.59524012
v -1.13830996 -1.84053004 6.58426952
v -1.13022006 -1.84066999 6.58980036
v -1.12981999 -1.84342003 6.56815052
v -1.12143004 -1.84300005 6.57396030
v -1.13270998 -1.84232998 6.57330036
v -1.11862004 -1.84400010 6.56902027
v -1.11067998 -1.84332013 6.57459021
v -1.12436998 -1.84206998 6.57920980
v -1.09223008 -1.84246993 6.57994986
v -1.10002005 -1.84344995 6.57465982
v -1.08974004 -1.84332013 6.57474995
v -1.09736001 -1.84445000 6.56950998
v -1.10799003 -1.84437013 6.56923008
v -1.11598992 -1.84524989 6.56355000
v -1.14530003 -1.85209012 6.52998972
v -1.13241994 -1.85351014 6.53108978
v -1.13799000 -1.84934008 6.54094982
v -1.31429994 -1.78313994 6.50887966
v -1.32234001 -1.77632999 6.50734043
v -1.31801999 -1.77817988 6.51361990
v -1.33697999 -1.76247001 6.50430012
v -1.33290994 -1.76455998 6.51072979
v -1.33028007 -1.76916003 6.50549984
v -1.08923995 -1.86445999 6.51513004
v -1.08702004 -1.86189997 6.52017975
v -1.39990997 -1.64999998 6.49968052
v -1.39739001 -1.65578008 6.50381994
v -1.39968991 -1.64675999 6.50697994
v -1.39769006 -1.65911996 6.49630976
v -1.39500999 -1.66450000 6.50068951
v -1.05825996 -1.85385001 6.53662014
v -1.06295991 -1.85869002 6.52662945
v -1.07709002 -1.85308003 6.53999996
v -1.07400000 -1.85105991 6.54513025
v -1.40172994 -1.63813996 6.50994015
v -1.17953992 -1.83513999 6.57762003
v -1.18724000 -1.83393991 6.57227039
v -1.18912005 -1.83297002 6.57858944
v -1.19654000 -1.83157992 6.57302999
v -1.18544996 -1.83509994 6.56602001
v -1.19472003 -1.83272994 6.56667042
v -1.19297004 -1.83405995 6.56045008
v -1.19113994 -1.83218992 6.58464956
v -1.19841993 -1.83067000 6.57881021
v -1.20045006 -1.82990003 6.58495045
v -1.20354998 -1.83775008 6.53126001
v -1.21149993 -1.83701992 6.52525043
v -1.20190001 -1.84027004 6.52525043
v -1.21299005 -1.83462012 6.53107977
v -1.22086000 -1.83355999 6.52528000
v -1.21477008 -1.83780003 6.51975012
v -1.21485007 -1.83230996 6.53687954
v -1.22248006 -1.83111000 6.53112030
v -1.22412992 -1.82887995 6.53691006
v -1.12399995 -1.85228002 6.53696966
v -1.12413001 -1.85623002 6.52676010
v -1.10281003 -1.85728002 6.52851009
v -1.09972000 -1.85533011 6.53352976
v -1.14661002 -1.84027994 6.57847977
v -1.14405000 -1.84127998 6.57293034
v -1.14109004 -1.84246993 6.56746006
v -1.15204000 -1.84116006 6.56709003
v -1.18234992 -1.83666003 6.56052017
v -1.17497993 -1.83740008 6.56602001
v -1.07205999 -1.84347987 6.57042980
v -1.38439000 -1.68264997 6.53883982
v -1.39737999 -1.65240991 6.51137018
v -1.41750002 -1.42207003 6.49390030
v -0.76635200 -1.59125996 6.67904949
v -0.75353897 -1.60158992 6.66349030
v -0.88318998 -1.30797994 6.81280994
v -0.77888298 -1.43876004 6.76000977
v -0.79294002 -1.42554998 6.76874018
v -1.41527998 -1.49552000 6.52461004
v -1.41640997 -1.51030993 6.51748943
v -1.41561007 -1.50594997 6.52441025
v -1.41841006 -1.49784005 6.50436020
v -1.41909003 -1.50155997 6.50122976
v -1.41609001 -1.53031993 6.51863003
v -1.41641998 -1.52187991 6.51716995
v -1.41495001 -1.53681004 6.53778982
v -1.41530001 -1.53348994 6.52786016
v -1.41527998 -1.52884996 6.54775000
v -1.10759997 -1.86704004 6.50819016
v -1.30662000 -1.22391999 6.63453960
v -1.31045997 -1.23269999 6.63340998
v -1.32780004 -1.26304996 6.62457943
v -1.32447004 -1.25474000 6.62440014
v -1.32102001 -1.25663006 6.63190985
v -1.32468998 -1.26499009 6.63210964
v -1.14241004 -1.25682998 6.79946995
v -0.91445905 -1.44331002 6.82731009
v -1.33252001 -1.76303005 6.59606028
v -1.32780004 -1.76497006 6.58645010
v -1.15794003 -1.83838010 6.61379004
v -0.97113198 -1.25944006 6.81862020
v -0.96395195 -1.26526999 6.81894016
v -0.97089005 -1.26615000 6.81901026
v -0.97785503 -1.26062000 6.81858969
v -0.97165805 -1.25257993 6.81831980
v -0.96824503 -1.24814999 6.81838989
v -0.95718402 -1.36874998 6.83354044
v -0.94863594 -1.37649000 6.83186054
v -0.94850504 -1.37026000 6.83035946
v -0.95736599 -1.37484002 6.83526993
v -0.96599901 -1.36731005 6.83677959
v -0.94875205 -1.38264000 6.83343983
v -0.95707500 -1.35630000 6.83042002
v -0.96534902 -1.34898007 6.83146000
v -0.96557599 -1.35511994 6.83312988
v -0.95712501 -1.34968996 6.82894993
v -0.94821298 -1.35762000 6.82758999
v -0.96512097 -1.34283996 6.82988977
v -1.20579994 -1.85039997 6.49884033
v -1.20388007 -1.84838998 6.50416040
v -1.18830001 -1.85529995 6.50059986
v -1.19632995 -1.85597003 6.49466991
v -1.19161999 -1.85186994 6.50531006
v -1.32868993 -1.77835011 6.48864985
v -1.24631000 -1.20367002 6.69786978
v -1.25048995 -1.20887005 6.69632053
v -1.25019002 -1.19212997 6.68869019
v -1.25398993 -1.19743991 6.68696976
v -1.25869000 -1.20825005 6.68715000
v -0.98262995 -1.81947994 6.61018991
v -1.04489005 -1.30874002 6.83589029
v -1.04982996 -1.30417991 6.83426952
v -1.04148996 -1.30315995 6.83281040
v -1.05439997 -1.31759000 6.84215021
v -1.38720000 -1.67956007 6.51402950
v -1.40016007 -1.63862991 6.53672028
v -1.39747000 -1.64771998 6.53651953
v -1.39888000 -1.64367008 6.54276943
v -1.39885998 -1.64319003 6.53048038
v -1.40158010 -1.63337004 6.53065014
v -1.40048003 -1.63958001 6.54908991
v -1.39616001 -1.65244007 6.54320002
v -1.39473999 -1.65615010 6.53701019
v -1.20649004 -1.83062994 6.55786991
v -1.20091999 -1.83285010 6.55458975
v -1.19129002 -1.83556998 6.55432987
v -1.20839000 -1.83174992 6.54848003
v -1.16850996 -1.24707007 6.78335047
v -1.18144000 -1.24300003 6.77427959
v -1.18946004 -1.24826002 6.77412033
v -1.18318999 -1.25010002 6.77884960
v -1.18762994 -1.24132001 6.76970959
v -1.17993999 -1.23606002 6.77015018
v -1.20105004 -1.25090003 6.76970959
v -1.17508006 -1.24488997 6.77881002
v -1.17672002 -1.25221002 6.78357983
v -1.17366004 -1.23780000 6.77453995
v -1.17247999 -1.23093009 6.77069998
v -1.16139007 -1.23444998 6.77817011
v -1.24514997 -1.22751999 6.71397018
v -1.24023998 -1.22080004 6.71411991
v -1.24352002 -1.21654999 6.70805979
v -1.23971999 -1.20980000 6.70776987
v -1.23525000 -1.21380997 6.71444035
v -1.23023999 -1.20661998 6.71495962
v -1.37480998 -1.71354997 6.59063053
v -1.37937999 -1.70792007 6.59368992
v -1.31317997 -1.77492011 6.55754995
v -1.32313001 -1.76668000 6.55065012
v -1.31511998 -1.77355003 6.55214977
v -1.32868993 -1.76141000 6.55468988
v -1.33037996 -1.75997007 6.54918003
v -1.33275008 -1.75774002 6.56421947
v -1.41594005 -1.55203998 6.51035023
v -0.93076599 -1.80139995 6.59804010
v -0.94078195 -1.80468011 6.60291004
v -1.33458996 -1.26969993 6.61685038
v -1.34197998 -1.27823997 6.60876989
v -1.33868003 -1.27971005 6.61714029
v -1.07811999 -1.23909998 6.80539036
v -1.07103992 -1.23679996 6.80594015
v -1.07752001 -1.23283005 6.80342007
v -1.07179999 -1.24305999 6.80784988
v -0.78788197 -1.54715991 6.71949005
v -0.78356397 -1.55373001 6.71323013
v -0.78096700 -1.54572999 6.71547031
v -0.79422599 -1.55720997 6.71948004
v -0.78543001 -1.53922999 6.72153997
v -0.78296101 -1.53113008 6.72371006
v -0.78994900 -1.53311992 6.72727966
v -0.77836299 -1.53757000 6.71783972
v -0.79228699 -1.54102004 6.72540951
v -0.80266505 -1.54512000 6.73142004
v -0.79671896 -1.53524995 6.73100948
v -0.97830296 -1.25362992 6.81810999
v -0.97888601 -1.24610996 6.81770992
v -0.87159598 -1.47981000 6.79900980
v -0.80086601 -1.43096995 6.76932001
v -0.83440506 -1.45486999 6.77738047
v -0.84149599 -1.45485997 6.78116989
v -0.84189397 -1.44619000 6.78273010
v -0.83501798 -1.44595003 6.77934027
v -1.12763000 -1.84027994 6.60138035
v -1.13868999 -1.83966005 6.60133982
v -1.14415002 -1.83934999 6.59517002
v -0.92619497 -1.27765000 6.81821966
v -0.91509998 -1.28570008 6.81727982
v -0.91330993 -1.26638007 6.81923008
v -0.90255296 -1.29799008 6.81548023
v -0.91240704 -1.29760003 6.81628036
v -0.92169905 -1.29741001 6.81709003
v -0.92398196 -1.32271993 6.81736994
v -0.91448402 -1.31871009 6.81572056
v -1.00059998 -1.31822002 6.83198023
v -0.99130696 -1.31922996 6.83038044
v -1.00051999 -1.31225002 6.83009052
v -1.35571003 -1.73218000 6.56132984
v -1.34947002 -1.73961997 6.55914974
v -1.17907000 -1.85494995 6.50651026
v -1.17601001 -1.85835004 6.50154018
v -1.18438995 -1.85944998 6.49523020
v -1.00983000 -1.85702991 6.52177954
v -1.00573993 -1.85870004 6.51824045
v -0.77490199 -1.60475004 6.67623997
v -0.77259004 -1.58858001 6.68528986
v -0.77645797 -1.59575999 6.68357992
v -0.78852403 -1.61646008 6.67996979
v -0.78247601 -1.61688995 6.67400980
v -0.78372300 -1.60909998 6.68068027
v -0.78756499 -1.62453997 6.67309046
v -0.79343098 -1.62401998 6.67940998
v -0.79445201 -1.61629999 6.68600988
v -0.79914999 -1.62381005 6.68573999
v -1.39234996 -1.66973996 6.50510025
v -1.40593004 -1.61856997 6.51558018
v -1.40768003 -1.61217999 6.51153040
v -1.40635002 -1.61434007 6.52227020
v -1.40833998 -1.60350001 6.52484989
v -1.39994001 -1.64332998 6.51292038
v -1.00045002 -1.30650997 6.82837963
v -1.00944006 -1.30520999 6.82932949
v -0.92183304 -1.34685004 6.81799984
v -0.91374600 -1.34572005 6.81579971
v -0.91454494 -1.33704007 6.81577969
v -0.92365599 -1.32906997 6.81752014
v -0.93894398 -1.35939002 6.82468033
v -0.93051994 -1.36757004 6.82286978
v -0.93034601 -1.36114001 6.82195950
v -0.93890697 -1.36611009 6.82577991
v -0.82834399 -1.37433004 6.79227972
v -0.95667601 -1.34350991 6.82751989
v -0.94809103 -1.35096002 6.82630014
v -0.94797897 -1.34430003 6.82510996
v -1.41571999 -1.44231999 6.50425053
v -1.12349010 -1.87234998 6.49623013
v -1.41115999 -1.46433997 6.54914999
v -1.35766006 -1.74818003 6.61928034
v -1.41901994 -1.60715008 6.46666050
v -0.84858400 -1.73022008 6.63889980
v -1.05891001 -1.83799005 6.59554005
v -1.14346004 -1.24057996 6.78896999
v -1.15087008 -1.23854995 6.78501987
v -1.27795005 -1.25252998 6.69748974
v -1.27538002 -1.24291003 6.69149017
v -1.32554996 -1.76448989 6.56572056
v -1.32389998 -1.76631999 6.57136011
v -1.31771004 -1.77127993 6.56710958
v -1.31949997 -1.76963007 6.56148005
v -0.93915701 -1.37212002 6.82695007
v -0.94836199 -1.36397004 6.82892990
v -0.98239404 -1.32117999 6.82902002
v -1.01858997 -1.30423999 6.83030033
v -1.38422000 -1.68371999 6.54850006
v -1.38238001 -1.68719995 6.54364014
v -1.38708997 -1.67654002 6.54122019
v -1.38796997 -1.67518997 6.54852962
v -1.38913000 -1.67392004 6.55598974
v -1.38226008 -1.68806005 6.54988003
v -1.30502999 -1.79514003 6.49869013
v -1.29631007 -1.79965997 6.63244009
v -1.28786004 -1.79852009 6.61390018
v -1.14664006 -1.83903003 6.60115957
v -0.78438503 -1.63391995 6.66267014
v -0.79148304 -1.63747001 6.66686010
v -0.78761101 -1.64283013 6.65839005
v -0.82330704 -1.74160993 6.58563995
v -1.29942000 -1.24529004 6.65883017
v -0.78496301 -1.65002990 6.64951992
v -0.76540500 -1.63810003 6.64329004
v -1.30352998 -1.22957003 6.64189005
v -1.29930997 -1.22056997 6.64312983
v -0.94089496 -1.28165996 6.81866980
v -0.95047200 -1.27816999 6.81906986
v -0.96380502 -1.28921008 6.82063961
v -0.97271299 -1.28725994 6.82116032
v -0.96384895 -1.29493999 6.82125998
v -0.98205006 -1.28608000 6.82172012
v -0.98217601 -1.28037000 6.82086039
v -0.94762599 -1.26238000 6.81899023
v -0.93147898 -1.25270998 6.82009983
v -0.94172698 -1.26613998 6.81893015
v -0.93617201 -1.27021003 6.81875992
v -0.92966604 -1.26716006 6.81892014
v -1.17825007 -1.22927999 6.76662970
v -1.17100000 -1.22411001 6.76741028
v -1.17672002 -1.22239995 6.76332998
v -1.18400002 -1.22779000 6.76246023
v -1.19415998 -1.22570002 6.75486994
v -0.97288704 -1.81917989 6.59393024
v -0.96706200 -1.81748998 6.59271002
v -1.07984996 -1.22022998 6.79917002
v -1.07491994 -1.22607005 6.80195999
v -1.07227004 -1.21890998 6.80068970
v -1.08595002 -1.23166001 6.80121994
v -1.06957996 -1.21132004 6.79965973
v -1.06686997 -1.20332003 6.79890966
v -1.09888005 -1.20974994 6.79080963
v -1.06499994 -1.21788001 6.80216980
v -1.06212997 -1.21025002 6.80134964
v -1.05774999 -1.21695995 6.80362034
v -1.05432999 -1.20910001 6.80307007
v -1.05885005 -1.20199001 6.80089045
v -1.05081999 -1.20078003 6.80286026
v -1.04667997 -1.20811999 6.80473995
v -1.04279006 -1.19970000 6.80481052
v -1.04904008 -1.22227001 6.80643988
v -1.04448998 -1.21490002 6.80613995
v -1.03972995 -1.20705998 6.80622005
v -0.78237700 -1.59952998 6.68595982
v -0.78817999 -1.60343003 6.68856955
v -0.98891896 -1.27473998 6.82032013
v -0.99185199 -1.26722002 6.81925964
v -0.99654996 -1.26950002 6.81966019
v -1.11005998 -1.26837993 6.81377029
v -0.78904700 -1.59039998 6.69750977
v -0.79268301 -1.58565998 6.70350027
v -0.79497600 -1.59352994 6.70109034
v -0.79415697 -1.60617995 6.69250011
v -1.34652007 -1.75245988 6.60354996
v -1.35359001 -1.74676991 6.60715008
v -1.34366000 -1.75783992 6.61074972
v -1.33613992 -1.76310003 6.60687017
v -1.33949006 -1.75785005 6.59975958
v -1.10235000 -1.84034991 6.60912991
v -1.09688997 -1.84030986 6.60315990
v -1.09317994 -1.83996999 6.61116028
v -1.10583997 -1.84060001 6.60123968
v -1.11132002 -1.84051001 6.60710001
v -1.28935003 -1.26091993 6.69017029
v -0.83403099 -1.72147012 6.62798023
v -0.82775402 -1.72052002 6.62007999
v -0.83523703 -1.72749007 6.62005997
v -0.82889998 -1.72679007 6.61231995
v -0.84276104 -1.73409009 6.62053967
v -0.83641702 -1.73333001 6.61231995
v -1.21212995 -1.21669996 6.73626995
v -1.20649004 -1.21461999 6.73935032
v -1.20846999 -1.21001995 6.73520947
v -1.21011996 -1.22105002 6.74058008
v -1.20834994 -1.22530007 6.74475002
v -1.12081003 -1.24927998 6.80067968
v -0.88097697 -1.45552993 6.80531025
v -1.37966001 -1.69783998 6.57049036
v -0.91395301 -1.79354990 6.59671021
v -0.90349901 -1.78789008 6.59689999
v -0.91068000 -1.78952003 6.60394955
v -0.90021402 -1.78358996 6.60393000
v -0.90660298 -1.79214001 6.59001017
v -0.89357901 -1.78209996 6.59725046
v -0.92739695 -1.80390000 6.58547974
v -0.92157203 -1.80154002 6.58470011
v -0.82806098 -1.48739004 6.76716995
v -0.82820499 -1.49329996 6.76597977
v -0.95464402 -1.38444006 6.83675003
v -0.81519496 -1.41426003 6.77871037
v -1.01991999 -1.32732999 6.83979034
v -1.01754999 -1.29360998 6.82659006
v -1.03786004 -1.32524991 6.84301996
v -1.14505994 -1.22388005 6.77942944
v -1.07969999 -1.27858996 6.82228994
v -1.09829998 -1.27990997 6.82203007
v -1.09474003 -1.28292000 6.82406998
v -1.36515999 -1.72290003 6.57804012
v -1.36995006 -1.71537995 6.57565975
v -1.41943002 -1.55874991 6.48832989
v -1.41550994 -1.57572007 6.49812984
v -1.41422009 -1.55329001 6.53594971
v -1.41294003 -1.58020997 6.51173019
v -0.80182695 -1.56182003 6.72361994
v -0.91980493 -1.42049003 6.82634974
v -1.00200999 -1.34213996 6.84106970
v -1.00642991 -1.33835006 6.84086990
v -1.40955997 -1.42267001 6.52013016
v -1.41492009 -1.48493993 6.52335978
v -1.37108004 -1.71214008 6.56998968
v -1.37223995 -1.70902991 6.56453991
v -1.06388998 -1.29161000 6.82902002
v -1.06332994 -1.28655005 6.82647991
v -1.41194999 -1.59228003 6.50582981
v -1.41374993 -1.58183002 6.50395966
v -1.40349996 -1.62583005 6.53711033
v -0.92580003 -1.81466007 6.55924988
v -0.98453796 -1.35719991 6.84078979
v -1.00495005 -1.35487008 6.84765005
v -1.00058007 -1.35853994 6.84763050
v -1.18367004 -1.83462012 6.61295033
v -1.17844999 -1.83525014 6.60978031
v -0.83782798 -1.47024000 6.77657032
v -0.79363197 -1.64323997 6.66432047
v -0.84734094 -1.75203991 6.59585047
v -1.30506003 -1.24785006 6.65199947
v -1.10442996 -1.23479009 6.79792023
v -1.18062997 -1.21379006 6.75632000
v -1.17497993 -1.21536994 6.76045990
v -1.17340004 -1.20826995 6.75782013
v -1.17940998 -1.20667005 6.75347996
v -1.18665004 -1.21244001 6.75187969
v -0.95989501 -1.81236005 6.60402012
v -0.86892796 -1.76917005 6.59192944
v -1.39681995 -1.67584002 6.47762012
v -1.39596009 -1.67197001 6.48515034
v -1.39288998 -1.67711997 6.48943043
v -1.28991008 -1.79461992 6.53651953
v -1.29290998 -1.79354990 6.53160000
v -1.30179000 -1.79095995 6.51653004
v -1.27885997 -1.80287993 6.53183985
v -1.27732003 -1.80534995 6.52590036
v -1.13006997 -1.86533999 6.50636959
v -1.40329003 -1.41425002 6.54570007
v -0.95741904 -1.84841990 6.52014017
v -1.37845004 -1.69638991 6.55519009
v -1.37870002 -1.69712996 6.56143045
v -1.38251996 -1.68994999 6.56215000
v -1.24222004 -1.81654000 6.59237957
v -1.25095999 -1.81273007 6.58833027
v -1.23995996 -1.81714988 6.58621979
v -1.24839997 -1.81361997 6.58236027
v -1.25670004 -1.80985999 6.57843018
v -1.32260001 -1.76795006 6.57682037
v -1.31590998 -1.77495992 6.58843994
v -1.03778005 -1.85724998 6.52670002
v -1.02753997 -1.85977006 6.52057028
v -0.97528803 -1.26823997 6.81922007
v -0.96829593 -1.27388000 6.81952953
v -0.97280902 -1.27594995 6.81987000
v -0.97994405 -1.27042997 6.81950998
v -1.22285008 -1.84417987 6.49809027
v -1.21603000 -1.84824014 6.49564981
v -1.00584006 -1.82978988 6.58834982
v -0.99851000 -1.82901990 6.58388996
v -0.99416196 -1.82927001 6.57874012
v -0.99675703 -1.83124995 6.57413006
v -0.99152404 -1.82737005 6.58324957
v -1.00597000 -1.82793999 6.59841013
v -1.35664999 -1.73665011 6.50833988
v -1.36142993 -1.72924006 6.50990009
v -1.36013007 -1.72919011 6.51661968
v -1.38132000 -1.69193995 6.51728964
v -1.38226008 -1.69181001 6.51088047
v -1.37772000 -1.69967008 6.51584005
v -1.37874007 -1.69962001 6.50935984
v -1.37997997 -1.69965005 6.50278997
v -1.37665009 -1.70025992 6.52229023
v -1.38038993 -1.69256997 6.52341986
v -1.37579000 -1.70090008 6.52863026
v -1.37961996 -1.69323003 6.52993011
v -1.24300003 -1.82133996 6.53531027
v -1.23432994 -1.82422006 6.53917027
v -1.24469006 -1.81917989 6.54133987
v -1.24133992 -1.82374001 6.52921009
v -1.23606992 -1.82218003 6.54518986
v -1.22764993 -1.82486987 6.54887009
v -1.22589993 -1.82674003 6.54299021
v -1.23272002 -1.82642996 6.53310013
v -1.21661997 -1.83019996 6.54287052
v -1.21816993 -1.82840991 6.54867029
v -1.08679998 -1.84669995 6.55973959
v -1.08439994 -1.84536004 6.56474018
v -1.16980004 -1.84302008 6.54403973
v -1.16658998 -1.84225011 6.54963017
v -1.16934001 -1.84046996 6.55510044
v -1.06887996 -1.84731007 6.55558014
v -1.07135999 -1.84904993 6.55058002
v -1.40222001 -1.64445996 6.49607992
v -1.41162002 -1.62694001 6.47655010
v -1.37974000 -1.70750010 6.48832989
v -1.37791991 -1.70744991 6.49484015
v -1.38328004 -1.69920003 6.49013996
v -1.37594008 -1.71581995 6.48650980
v -1.38154006 -1.69939995 6.49639988
v -1.37650990 -1.70711005 6.50129032
v -1.37257004 -1.71502995 6.49968052
v -1.37412000 -1.71537995 6.49318981
v -1.37304997 -1.72244000 6.48411036
v -1.37003005 -1.72905004 6.48170996
v -1.37897992 -1.71468997 6.47948980
v -1.38507998 -1.69916987 6.48412991
v -1.38172996 -1.70770001 6.48182011
v -1.25389993 -1.82675004 6.50389004
v -1.26106000 -1.82502007 6.49912024
v -1.25215995 -1.83091998 6.49701977
v -1.25549006 -1.82332993 6.50999975
v -1.26002002 -1.82919002 6.49199963
v -1.26997006 -1.82198012 6.49458981
v -1.26840997 -1.81748998 6.50644016
v -1.25689006 -1.82029986 6.51600027
v -1.24821997 -1.82345009 6.51971960
v -1.25826001 -1.81765008 6.52165985
v -1.24992001 -1.82078004 6.52542019
v -1.23978996 -1.82623005 6.52340031
v -1.23830009 -1.82887995 6.51768017
v -1.24706006 -1.82616997 6.51379013
v -1.28180003 -1.79761004 6.55192041
v -1.26661992 -1.80644000 6.55184031
v -1.26476002 -1.80834997 6.54569006
v -1.27292001 -1.80445004 6.54161978
v -1.27128005 -1.80254996 6.57242966
v -1.26852000 -1.80403996 6.57753992
v -1.26260006 -1.80716991 6.56821966
v -1.25449002 -1.81096005 6.57214975
v -1.25235009 -1.81224990 6.56585979
v -1.26093996 -1.80839002 6.56173038
v -1.30944002 -1.77961993 6.53892994
v -1.30615997 -1.78398001 6.52973032
v -1.31722999 -1.77213001 6.54713964
v -1.30044007 -1.78525007 6.54964972
v -1.29805005 -1.78656006 6.55473042
v -1.30943000 -1.77790999 6.56849957
v -1.30759001 -1.77954996 6.57388020
v -1.30114007 -1.78402996 6.56946039
v -1.30299997 -1.78264010 6.56414032
v -1.31112003 -1.77649999 6.56298971
v -1.30040002 -1.78463006 6.55944967
v -1.29396999 -1.78894007 6.56516027
v -1.34157002 -1.74866009 6.56174994
v -1.33416009 -1.75613999 6.55866003
v -1.33569002 -1.75613999 6.53339005
v -1.33779001 -1.75480998 6.52797985
v -1.33205009 -1.75865996 6.54397964
v -1.32681000 -1.76415992 6.54019022
v -0.98223895 -1.84134996 6.54091024
v -0.98907501 -1.83523011 6.55758953
v -0.99162102 -1.83763003 6.55322027
v -0.99434698 -1.84016001 6.54881001
v -0.97099704 -1.82933998 6.56050014
v -1.00607991 -1.83927989 6.55659008
v -1.00340998 -1.83703005 6.56117010
v -1.01696992 -1.84901011 6.53835964
v -1.01431000 -1.84643006 6.54301977
v -1.01164997 -1.84390998 6.54773998
v -1.00251997 -1.84202993 6.54826975
v -1.00881994 -1.84155011 6.55216980
v -1.22063994 -1.20263994 6.72136974
v -1.21344995 -1.19991994 6.72601032
v -1.05909002 -1.23504996 6.80752039
v -1.06577992 -1.23095000 6.80521011
v -1.05339003 -1.22917998 6.80706024
v -1.00481999 -1.25268006 6.81688023
v -1.00559998 -1.25766003 6.81761026
v -0.85984004 -1.45054996 6.79205990
v -0.85539997 -1.44779992 6.78975010
v -0.85277998 -1.45572007 6.78744984
v -0.85946798 -1.45684004 6.79136944
v -0.85677099 -1.46500993 6.78905010
v -0.84521502 -1.46443999 6.78190994
v -0.93985796 -1.39102006 6.83118963
v -0.93984699 -1.38423002 6.82966995
v -0.90387601 -1.38072002 6.81400013
v -0.91273099 -1.37770009 6.81723022
v -0.88937199 -1.36728001 6.80892038
v -1.02452004 -1.83286989 6.59358978
v -1.02173996 -1.83316994 6.58879995
v -0.99143696 -1.32526994 6.83220005
v -0.95612800 -1.31901002 6.82320023
v -0.95600301 -1.31325996 6.82239008
v -0.94758099 -1.31952000 6.82160044
v -0.94750798 -1.31368995 6.82099009
v -1.37097001 -1.70871997 6.54032993
v -1.37496006 -1.70168996 6.54147053
v -1.37471998 -1.70237994 6.54792023
v -1.36359000 -1.72222996 6.52460003
v -1.36800003 -1.71499002 6.52603006
v -1.36725998 -1.71531999 6.53262043
v -1.35785997 -1.72863996 6.55112982
v -1.35171008 -1.73654997 6.54815006
v -1.28971994 -1.80662990 6.49927998
v -1.29483998 -1.80303991 6.49889994
v -1.27324998 -1.81409001 6.50755024
v -1.27461004 -1.81082988 6.51390982
v -1.28303003 -1.80690002 6.50979996
v -1.32362008 -1.76852000 6.53132010
v -1.32584000 -1.76747000 6.52610016
v -1.32695997 -1.77436006 6.50085974
v -1.31903005 -1.78395009 6.49642038
v -1.33166003 -1.77243996 6.49437046
v -0.99965495 -1.84559000 6.53955984
v -1.00699997 -1.85398006 6.52624989
v -0.99210799 -1.85344005 6.52322006
v -0.98917800 -1.85016990 6.52769995
v -1.35126996 -1.75219989 6.48912954
v -1.34640002 -1.75723994 6.49129009
v -1.36686003 -1.72979999 6.48918009
v -1.21471000 -1.82618010 6.59755993
v -1.21018004 -1.82778001 6.60257053
v -1.19420993 -1.83143008 6.59625006
v -1.20249999 -1.82931995 6.59100056
v -1.39533007 -1.66802001 6.49320984
v -1.39807999 -1.66285002 6.48919010
v -1.39906001 -1.66665995 6.48087025
v -1.01555002 -1.26731002 6.81931019
v -1.01078999 -1.26503003 6.81885004
v -1.40811002 -1.61933994 6.49820995
v -1.21033001 -1.82717991 6.58527994
v -1.20839000 -1.82791007 6.57930994
v -1.21016002 -1.82798004 6.57023001
v -1.21581006 -1.82597995 6.57331991
v -1.22163999 -1.82388997 6.57645035
v -1.22582996 -1.82406008 6.55815983
v -1.22364998 -1.82381988 6.56724024
v -1.23143995 -1.82155991 6.56111002
v -1.22956002 -1.82142997 6.57037973
v -1.25036001 -1.81369996 6.55957031
v -1.24202001 -1.81702995 6.56339025
v -1.24344993 -1.81595004 6.56999969
v -1.23465002 -1.82091010 6.55622005
v -1.22965002 -1.83132005 6.52147007
v -1.32141995 -1.76965010 6.53671026
v -1.00296998 -1.27058005 6.81994009
v -1.00955999 -1.29960001 6.82758999
v -1.00038993 -1.29503000 6.82526016
v -0.84872198 -1.39614999 6.79327011
v -0.92197597 -1.37567997 6.82063961
v -0.92204303 -1.36903000 6.81993008
v -0.87181598 -1.38217998 6.80252981
v -1.37409997 -1.70694005 6.51443005
v -1.37286997 -1.70757008 6.52091980
v -1.37004006 -1.71457005 6.51292038
v -1.37205005 -1.70788002 6.52736950
v -1.36891007 -1.71474004 6.51955032
v -1.36582005 -1.72199988 6.51139975
v -1.36705995 -1.72229004 6.50478983
v -1.36260998 -1.72982001 6.50330973
v -1.36837995 -1.72294009 6.49800014
v -1.37117994 -1.71474993 6.50642014
v -1.27594995 -1.80795002 6.52001047
v -1.26778007 -1.81166005 6.52391958
v -1.25976002 -1.81504989 6.52766037
v -1.26133001 -1.81263995 6.53366995
v -1.26620996 -1.81446004 6.51793003
v -1.24659002 -1.81711996 6.54749012
v -1.25469995 -1.81390989 6.54374981
v -1.24847007 -1.81532991 6.55337000
v -1.25314999 -1.81597996 6.53748989
v -1.26303995 -1.81035995 6.53977966
v -1.25643992 -1.81203997 6.54966974
v -1.01674008 -1.83414996 6.57965994
v -1.03920007 -1.84298003 6.56111002
v -1.35110998 -1.30360007 6.61304998
v -0.83717096 -1.71144009 6.65043020
v -1.10953999 -1.20667005 6.78629971
v -1.27061999 -1.22615993 6.68419027
v -1.05131996 -1.29408002 6.82954025
v -1.34039998 -1.75384998 6.58813000
v -1.28727996 -1.79548001 6.54171991
v -1.31025004 -1.77794993 6.57860041
v -0.99686700 -1.84277987 6.54424000
v -0.93466794 -1.81436002 6.56704044
v -0.99121106 -1.31345999 6.82875967
v -0.98203099 -1.30922008 6.82611990
v -1.00958991 -1.31102002 6.83127975
v -1.37851000 -1.69543993 6.54896021
v -1.37883997 -1.69437003 6.54260015
v -1.37907004 -1.69391000 6.53632975
v -1.37528002 -1.70125997 6.53505993
v -1.38496995 -1.69111991 6.49819040
v -1.38662994 -1.69076991 6.49194050
v -1.05842996 -1.24500000 6.81045008
v -1.05269003 -1.23920000 6.80960989
v -1.03988004 -1.85000992 6.54231024
v -1.03483999 -1.85041010 6.54019022
v -1.01976001 -1.85156989 6.53394985
v -1.22086000 -1.17058003 6.70889950
v -1.41275001 -1.61728001 6.48001003
v -1.41453004 -1.61912990 6.47279978
v -1.41136003 -1.61516988 6.48703003
v -1.38859999 -1.67306006 6.52935028
v -1.24397004 -1.83286989 6.50162983
v -0.86501104 -1.78262997 6.56495953
v -0.97278702 -1.29312003 6.82195950
v -0.98190200 -1.29742002 6.82367992
v -0.97274101 -1.28161001 6.82048035
v -0.96382904 -1.27766001 6.81964016
v -0.96307099 -1.81706011 6.58893967
v -1.22417998 -1.20995998 6.72225046
v -1.23224998 -1.22325003 6.72342968
v -1.06072998 -1.22712004 6.80520010
v -1.06801009 -1.22519994 6.80324030
v -0.98250401 -1.26277995 6.81873035
v -0.98717004 -1.26498008 6.81894970
v -1.24301004 -1.25151992 6.73752975
v -1.25397992 -1.25497997 6.72990036
v -1.28612006 -1.27232003 6.71034002
v -0.89208901 -1.46235001 6.81377029
v -1.37735009 -1.70093000 6.56688976
v -1.37343001 -1.70604002 6.55930996
v -0.82814598 -1.48132002 6.76854038
v -0.81480998 -1.47878003 6.76138020
v -0.96937197 -1.37901998 6.84213018
v -1.02616000 -1.31911004 6.83752966
v -1.03240001 -1.29419005 6.82813025
v -1.01546001 -1.28351998 6.82342005
v -1.05966997 -1.26546001 6.81737995
v -1.06860995 -1.25515008 6.81265020
v -1.06810999 -1.27725005 6.82202005
v -1.41368997 -1.56077993 6.53371954
v -1.00436997 -1.26467001 6.81885004
v -0.99763805 -1.26356006 6.81872034
v -1.04926002 -1.27420998 6.82110977
v -1.03866994 -1.28342998 6.82446003
v -1.03670001 -1.26327002 6.81778049
v -0.85088503 -1.74083996 6.62151051
v -1.20930004 -1.18869996 6.72444010
v -1.37370002 -1.71081996 6.57931995
v -1.25485003 -1.23142004 6.70663977
v -1.26260006 -1.22601008 6.69372034
v -1.28369999 -1.23490000 6.67358017
v -1.28671002 -1.21876001 6.65910053
v -1.28116000 -1.21935999 6.66660976
v -1.41171002 -1.59862006 6.50066996
v -1.04717994 -1.25408006 6.81440973
v -1.39371991 -1.66412997 6.56153011
v -1.39186001 -1.66646993 6.55333042
v -1.39426005 -1.66091990 6.55636978
v -0.89059699 -1.31782997 6.81237030
v -0.94516098 -1.83878994 6.52940989
v -0.96323204 -1.83801007 6.53854990
v -0.87977898 -1.36120999 6.80651999
v -0.89239597 -1.34127998 6.81083012
v -0.89493799 -1.34604001 6.81117010
v -0.90520203 -1.34170997 6.81365967
v -0.80718404 -1.66562998 6.65989971
v -0.85321701 -1.75443006 6.59917974
v -1.07026994 -1.30337000 6.83590984
v -1.06527007 -1.33123994 6.85323048
v -1.22595000 -1.23443007 6.73747015
v -0.81345797 -1.69808996 6.63137960
v -1.09908998 -1.24655998 6.80425024
v -1.10658002 -1.24298000 6.80096960
v -0.85921401 -1.76798987 6.58274984
v -1.33173001 -1.27200007 6.62456989
v -1.32869995 -1.27382004 6.63254023
v -1.04683995 -1.23359001 6.80914021
v -1.04034996 -1.23811996 6.81106043
v -1.04635000 -1.24378002 6.81164026
v -1.03421998 -1.23231006 6.81075954
v -1.04097009 -1.22766995 6.80888987
v -1.03463006 -1.24266005 6.81272984
v -1.03620005 -1.22051001 6.80856991
v -0.90220004 -1.43962002 6.81822968
v -0.95728505 -1.36252999 6.83199024
v -0.97445202 -1.34702992 6.83389950
v -0.97499102 -1.35288000 6.83582973
v -0.98723298 -1.37049997 6.84718037
v -0.97641098 -1.36537004 6.84047985
v -0.96579599 -1.36123002 6.83490992
v -0.99580699 -1.82535994 6.59783030
v -1.01863003 -1.31557000 6.83457041
v -1.38348997 -1.69146001 6.50463009
v -1.41034007 -1.63728011 6.47264004
v -1.29761004 -1.78999996 6.60139990
v -1.29322004 -1.79386997 6.60711002
v -1.29900002 -1.79193997 6.61325979
v -1.30715001 -1.78358006 6.60047007
v -1.28711009 -1.79640007 6.60214996
v -1.28135991 -1.79876995 6.59707022
v -1.27578998 -1.80261993 6.60277033
v -1.32705998 -1.76294005 6.56009960
v -1.01745999 -1.83976996 6.56099033
v -1.02227998 -1.83754003 6.57076025
v -0.94486505 -1.81040990 6.58823013
v -1.34489000 -1.29155993 6.61493015
v -1.33570004 -1.28132999 6.62529993
v -1.08555007 -1.25249004 6.80930042
v -0.86182004 -1.46986997 6.79207993
v -0.84934998 -1.47047007 6.78371954
v -0.84230900 -1.43985999 6.78393030
v -0.83761704 -1.43684995 6.78220987
v -0.82805598 -1.44582999 6.77604961
v -0.81488800 -1.44113994 6.77145004
v -0.80113095 -1.47430003 6.75565052
v -0.81419295 -1.45282006 6.76804972
v -0.85145301 -1.38187003 6.79635000
v -1.12217999 -1.84040999 6.60712957
v -1.12778997 -1.84040999 6.61332989
v -1.11684000 -1.84057999 6.61306000
v -1.11653996 -1.84058988 6.60137033
v -1.04477000 -1.83673990 6.59107971
v -1.05077004 -1.83922994 6.58134985
v -1.02872002 -1.83176005 6.61001968
v -0.93923998 -1.29633999 6.81877995
v -0.94752103 -1.29548001 6.81959009
v -0.94761002 -1.28951001 6.81929016
v -0.94747102 -1.30159998 6.81997013
v -0.92668402 -1.30473006 6.81751013
v -0.94003898 -1.31238008 6.81965017
v -0.98307896 -1.34500003 6.83607006
v -0.98275298 -1.33297992 6.83229971
v -1.01550996 -1.33086002 6.84021997
v -1.00076997 -1.32988000 6.83600998
v -0.96489894 -1.33675003 6.82844019
v -0.95663404 -1.33706999 6.82627010
v -0.95631707 -1.33086991 6.82508993
v -0.94780397 -1.33115995 6.82307959
v -0.96416503 -1.31268001 6.82372952
v -0.96392697 -1.30084002 6.82199001
v -0.96449202 -1.32464004 6.82586956
v -0.95588505 -1.30723000 6.82164001
v -1.40401006 -1.62402987 6.52637005
v -0.92133105 -1.36234999 6.81903982
v -0.91228801 -1.36369002 6.81613016
v -0.90425301 -1.35109997 6.81340027
v -0.93929303 -1.35289001 6.82380009
v -0.93905294 -1.34612000 6.82277966
v -0.93017799 -1.35465002 6.82114029
v -0.93994904 -1.31838000 6.82006979
v -0.94006300 -1.32422996 6.82059002
v -0.93986499 -1.33037007 6.82114029
v -0.94788301 -1.33767998 6.82404041
v -1.42004991 -1.52745998 6.49476004
v -1.09089005 -1.87672007 6.49507999
v -0.81882495 -1.69342995 6.64478970
v -0.81142396 -1.68428993 6.64534998
v -0.80434102 -1.67514992 6.64634037
v -1.17695999 -1.19097996 6.74834967
v -1.16983998 -1.19160008 6.75295019
v -1.16206002 -1.19252002 6.75780010
v -1.41613996 -1.60725999 6.47527027
v -1.41891003 -1.58009994 6.48085022
v -0.78295696 -1.50604999 6.73471975
v -1.07315993 -1.83980012 6.59212017
v -1.07142997 -1.83889008 6.59964991
v -1.06332994 -1.83775997 6.60354996
v -1.07549000 -1.84064007 6.58693981
v -0.95581901 -1.29514003 6.82042027
v -0.97452605 -1.34074998 6.83216000
v -1.26926005 -1.80967999 6.62130976
v -1.27155995 -1.80708003 6.61491013
v -1.39081001 -1.66779006 6.54600000
v -0.79046798 -1.66180003 6.64414978
v -0.79374498 -1.66987991 6.63965988
v -1.30229998 -1.23500001 6.64698029
v -1.30912995 -1.23774993 6.63836956
v -1.19582009 -1.21237004 6.74576044
v -0.80847394 -1.68796003 6.63721991
v -0.80102396 -1.67863011 6.63862991
v -0.79785502 -1.68292999 6.63049984
v -0.78704602 -1.67826009 6.62462997
v -0.88908398 -1.78162992 6.59196997
v -0.77586001 -1.58416998 6.69052982
v -0.77980900 -1.57911992 6.69658947
v -0.78826296 -1.56965995 6.70851994
v -0.79972899 -1.60895991 6.69645023
v -1.31843996 -1.26121998 6.64044046
v -0.82653397 -1.70827007 6.63636017
v -1.20421004 -1.23865998 6.75747967
v -1.21035993 -1.23879004 6.75328970
v -1.20887005 -1.24607003 6.76043034
v -1.21513999 -1.24610007 6.75600958
v -1.21649003 -1.23908007 6.74895000
v -1.21222997 -1.23205996 6.74666977
v -1.20623994 -1.23170006 6.75078964
v -1.21601999 -1.20668006 6.72734976
v -0.83702004 -1.50878000 6.76928043
v -0.83957797 -1.49922001 6.77291012
v -0.84394199 -1.50741994 6.77506018
v -0.84655797 -1.49791002 6.77842999
v -0.83258802 -1.50084996 6.76744986
v -0.98102903 -1.38422000 6.85006046
v -1.17155004 -1.20016003 6.75528049
v -1.16395998 -1.20132995 6.76008987
v -1.17816997 -1.19936001 6.75093985
v -1.16671002 -1.20939994 6.76211023
v -1.16911006 -1.21719003 6.76464987
v -1.16232991 -1.21866000 6.76891041
v -1.15646005 -1.20258999 6.76461029
v -1.09981000 -1.26767993 6.81475973
v -1.09403002 -1.26141000 6.81221008
v -1.09808993 -1.25586009 6.80883026
v -1.09011006 -1.26713002 6.81558990
v -1.08095002 -1.26673007 6.81630039
v -1.37388003 -1.71266997 6.58511972
v -1.41691995 -1.53568006 6.51009989
v -0.78787696 -1.51629996 6.73314953
v -0.78526503 -1.52398002 6.72832012
v -0.77799100 -1.52138007 6.72528982
v -0.80053997 -1.45545995 6.76144028
v -0.80748194 -1.44783998 6.76659012
v -0.80059701 -1.44322991 6.76535034
v -0.91810101 -1.30496001 6.81650019
v -0.90830600 -1.30568004 6.81539011
v -1.36763000 -1.71575999 6.56201029
v -0.85970700 -1.49582005 6.78911972
v -0.85040104 -1.50628996 6.78054953
v -0.84143293 -1.51713002 6.77147961
v -1.40989995 -1.59461999 6.52390957
v -0.95918101 -1.84182000 6.53050995
v -1.30410004 -1.26186001 6.66684055
v -1.18430996 -1.19799995 6.74643993
v -0.79595000 -1.57416999 6.71259022
v -0.81053698 -1.58378005 6.72181988
v -0.80515802 -1.58682001 6.71477985
v -1.40020001 -1.67080998 6.47293997
v -1.28392005 -1.80408990 6.51598978
v -1.15246999 -1.83871007 6.58946991
v -1.21983004 -1.82668996 6.55504990
v -1.22956002 -1.82308006 6.55513000
v -1.21200001 -1.82842004 6.56117010
v -1.23803997 -1.82028008 6.55109024
v -1.15597999 -1.84401000 6.55033016
v -1.37018991 -1.72323000 6.49125957
v -1.24566007 -1.82912004 6.50818014
v -1.26485991 -1.81742001 6.51184988
v -1.25861001 -1.81016004 6.55565023
v -1.37134004 -1.70842004 6.53376007
v -1.17602992 -1.84495997 6.53283024
v -1.15171003 -1.85536003 6.51921988
v -1.18865991 -1.85035992 6.51037979
v -1.21231008 -1.82663989 6.59135962
v -1.22212005 -1.82365000 6.59157038
v -1.22001004 -1.82422996 6.58559036
v -1.20432997 -1.83003008 6.56709003
v -1.24631000 -1.81450999 6.57603979
v -1.23767006 -1.81798995 6.57977962
v -1.23553002 -1.81897998 6.57358027
v -1.22766995 -1.82169986 6.57972050
v -1.22978997 -1.82092988 6.58590984
v -1.23120999 -1.82877994 6.52722025
v -1.36450994 -1.72220004 6.51809025
v -1.37524009 -1.70702994 6.50755978
v -1.25129998 -1.81840003 6.53137970
v -1.27107000 -1.80672002 6.53570032
v -1.15775990 -1.83889997 6.57804012
v -1.14947999 -1.83943009 6.58397961
v -1.07924008 -1.84284997 6.57520962
v -1.08211005 -1.84407997 6.56988001
v -1.07697999 -1.84178007 6.58032990
v -1.19363999 -1.84451008 6.52072001
v -0.96361506 -1.37645996 6.83856964
v -0.79310000 -1.45058000 6.76019001
v -1.11476004 -1.24219000 6.79857016
v -1.19634998 -1.20044005 6.73930979
v -1.20355999 -1.20269001 6.73510981
v -1.20151997 -1.20775008 6.73920965
v -0.97531605 -1.35835004 6.83767033
v -0.83218205 -1.39564002 6.78827953
v -0.85578501 -1.48757005 6.78656006
v -0.95630103 -1.32458997 6.82405996
v -0.95582801 -1.30114007 6.82098007
v -0.92097795 -1.35589004 6.81838989
v -0.91299599 -1.35460997 6.81591034
v -1.26045001 -1.81359994 6.62164974
v -0.85315800 -1.49675000 6.78374004
v -0.79996401 -1.59008002 6.70786953
v -0.80202597 -1.59807992 6.70546055
v -0.80418098 -1.60578001 6.70324039
v -0.79792297 -1.58228993 6.71013021
v -1.00278997 -1.82808995 6.59303951
v -1.29181993 -1.79036999 6.57045984
v -0.81573600 -1.71301997 6.61509991
v -1.12747002 -1.23028004 6.78909969
v -0.81524003 -1.56276000 6.73545980
v -0.80903798 -1.54118991 6.73802042
v -1.22972000 -1.23292994 6.73296976
v -1.14083993 -1.84738994 6.54613018
v -1.14666998 -1.84669995 6.54570007
v -1.28821003 -1.25512004 6.68538952
v -1.28568006 -1.80112004 6.52169037
v -1.13507998 -1.87094998 6.49551010
v -0.97386599 -1.84880006 6.52499008
v -1.38129997 -1.34870005 6.57142019
v -0.81036597 -1.71634996 6.60501003
v -0.82767093 -1.73090005 6.60478973
v -0.82282603 -1.72338009 6.60962009
v -1.02941000 -1.21965003 6.80967999
v -0.89546901 -1.41752005 6.81215954
v -0.89571106 -1.43090999 6.81324005
v -0.88155001 -1.44103003 6.80524969
v -0.88695300 -1.42463994 6.80791998
v -1.26675999 -1.80580008 6.59263992
v -1.26320004 -1.80711997 6.58767986
v -1.25985003 -1.80848002 6.58293009
v -1.25452995 -1.81151998 6.59327030
v -1.25900006 -1.81166005 6.60943985
v -1.26313996 -1.81101000 6.61535025
v -1.25600994 -1.81405997 6.61546993
v -1.25519001 -1.81242013 6.60389042
v -1.32168996 -1.77593994 6.61075974
v -0.97743702 -1.27812004 6.82032013
v -0.82169199 -1.41337001 6.78098965
v -1.00124002 -1.83085990 6.57928991
v -0.99581897 -1.82726002 6.58841991
v -0.98511201 -1.82732999 6.57716990
v -0.97575104 -1.82257009 6.58416986
v -0.98689497 -1.82520998 6.58672047
v -1.00162005 -1.82533002 6.60921001
v -1.35004997 -1.74781001 6.50206995
v -1.07693994 -1.84631991 6.56017017
v -1.04434001 -1.84087014 6.57067013
v -1.05008006 -1.84160006 6.57042980
v -1.08199000 -1.84964013 6.54971027
v -1.35481000 -1.73397005 6.56657028
v -1.35328996 -1.73784995 6.57790995
v -1.35836005 -1.72924995 6.56516027
v -1.40189004 -1.64122009 6.50290966
v -1.40863001 -1.63483012 6.48023987
v -1.41350007 -1.62943995 6.46899033
v -1.26555002 -1.80554998 6.57288980
v -1.27128005 -1.80287004 6.56261969
v -1.28882003 -1.79367006 6.59092999
v -1.28249002 -1.79649997 6.58107996
v -1.27528000 -1.80091000 6.58672047
v -1.27292991 -1.80265009 6.59215021
v -1.28347993 -1.79683995 6.59135962
v -1.33563006 -1.75461996 6.55315018
v -1.32879996 -1.76294994 6.53483963
v -0.98822296 -1.84073007 6.54478979
v -0.98285198 -1.82791007 6.57330036
v -0.98034203 -1.82851005 6.56948996
v -1.02313006 -1.84796011 6.54248953
v -1.00521004 -1.84461999 6.54366016
v -0.93902397 -1.81289995 6.57454014
v -0.94293702 -1.81154990 6.58236027
v -1.35317004 -1.30158007 6.60501003
v -0.91250801 -1.37071002 6.81663990
v -1.04182994 -1.83556998 6.59618998
v -1.05604005 -1.83708000 6.60100031
v -1.35541999 -1.73180997 6.54690027
v -1.36028993 -1.72555995 6.55526972
v -1.36232007 -1.72227991 6.54508972
v -1.11339998 -1.84248996 6.57953024
v -1.35672998 -1.73040998 6.55627966
v -1.16498005 -1.85534000 6.51312017
v -1.15937006 -1.85636008 6.51360035
v -1.14818001 -1.85818005 6.51447010
v -1.02892995 -1.28561997 6.82480001
v -1.01925004 -1.28075004 6.82282019
v -1.02336001 -1.27814996 6.82221985
v -1.02753997 -1.27556002 6.82153988
v -1.23698997 -1.83143997 6.51251984
v -1.32491994 -1.76539993 6.54545975
v -0.86361104 -1.42944002 6.79562998
v -0.86441499 -1.41652000 6.79697037
v -1.26890004 -1.80932009 6.53003979
v -1.33908010 -1.75225997 6.57229996
v -1.27180004 -1.80246997 6.58201981
v -1.29144001 -1.79076993 6.56044006
v -0.99990904 -1.83959997 6.55273962
v -1.17612004 -1.84873009 6.52229977
v -1.05118001 -1.85100996 6.54226971
v -1.23330998 -1.83875012 6.49984980
v -1.24448001 -1.24700999 6.73151016
v -1.24995005 -1.24877000 6.72762966
v -1.24611998 -1.24255002 6.72557974
v -1.24792993 -1.23816001 6.71973038
v -1.25703001 -1.24645007 6.71753025
v -1.25337005 -1.24014997 6.71566010
v -1.25541997 -1.25068998 6.72367001
v -0.98443496 -1.27257001 6.81988001
v -0.99365503 -1.27700996 6.82087994
v -0.99745905 -1.27438998 6.82053995
v -0.99938405 -1.28430009 6.82263041
v -0.87785995 -1.78274000 6.57656002
v -0.80919600 -1.56705999 6.72797012
v -1.14760995 -1.86326003 6.50467968
v -1.14173007 -1.86399996 6.50533962
v -1.25917995 -1.24270999 6.71145010
v -1.26471007 -1.24531007 6.70735025
v -1.26998997 -1.24794996 6.70336008
v -1.26275992 -1.24893999 6.71333027
v -1.27380002 -1.22359002 6.67852020
v -0.92272300 -1.81000996 6.56607962
v -0.91047204 -1.33483005 6.81485987
v -1.23882997 -1.24539006 6.73544979
v -1.24048007 -1.24082005 6.72963047
v -1.41622996 -1.49976993 6.51765966
v -0.98877895 -1.82148993 6.60982990
v -1.40705001 -1.64489996 6.47659969
v -1.02932000 -1.83305001 6.59872961
v -0.94768107 -1.32535005 6.82229996
v -0.93199193 -1.32349992 6.81892014
v -1.42212999 -1.50332999 6.48882008
v -1.32131004 -1.76810002 6.55598974
v -1.40530002 -1.65503001 6.47297955
v -1.01824999 -1.83085001 6.59824991
v -1.14105999 -1.83955002 6.60738993
v -0.94786704 -1.26940000 6.81890011
v -0.95610201 -1.81186008 6.59945011
v -1.21403003 -1.22798002 6.74229956
v -0.96695602 -1.38899004 6.84452963
v -1.41513991 -1.54442000 6.52339029
v -0.79245502 -1.52602994 6.73192978
v -1.41068006 -1.43650997 6.52285004
v -0.93394804 -1.82380998 6.54788971
v -0.80338001 -1.57888007 6.71701956
v -1.15918994 -1.84814000 6.53421021
v -1.15926003 -1.85207009 6.52353001
v -1.06647992 -1.85242999 6.54092026
v -1.06492996 -1.84241009 6.57295990
v -1.20507002 -1.84125996 6.51965046
v -1.19306004 -1.84088004 6.53151035
v -1.14122999 -1.83985996 6.58970022
v -1.34319997 -1.75308001 6.59551001
v -1.01707006 -1.83666992 6.57050037
v -0.80695897 -1.59487998 6.71243954
v -1.05982995 -1.84445989 6.56320047
v -0.91295207 -1.38466001 6.81791019
v -1.11890006 -1.21377003 6.78526974
v -0.81543702 -1.48461998 6.76014042
v -0.81526101 -1.40734994 6.78060007
v -1.23511004 -1.19877994 6.70643997
v -0.93732995 -1.40166998 6.83238983
v -1.03626001 -1.25825000 6.81639004
v -1.40544999 -1.61735988 6.53715992
v -1.39261997 -1.66341996 6.54839993
v -0.97767496 -1.31303000 6.82618999
v -0.98648196 -1.30531001 6.82594013
v -1.17304003 -1.83570004 6.58965969
v -1.39490998 -1.65685010 6.52237034
v -1.11884999 -1.84925008 6.54750967
v -1.20096993 -1.83434999 6.54705954
v -1.10281003 -1.84265006 6.57956028
v -1.13542008 -1.84137988 6.57860041
v -1.39856994 -1.64800000 6.51286030
v -0.78895503 -1.55542004 6.71630001
v -0.96826398 -1.28534007 6.82059002
v -1.18243003 -1.22086000 6.75916004
v -1.18575001 -1.23458993 6.76595020
v -1.23626006 -1.23459995 6.72833014
v -1.05546999 -1.22320008 6.80535984
v -1.41464996 -1.54686999 6.54205990
v -1.32772994 -1.77623999 6.49487019
v -0.77866000 -1.61207998 6.67416000
v -1.34972000 -1.75744987 6.48322010
v -1.01496005 -1.27292001 6.82063007
v -1.21423995 -1.82605994 6.58244991
v -1.20249009 -1.82975006 6.57615948
v -1.21779001 -1.82614994 6.56416035
v -1.24524999 -1.81615007 6.55836010
v -1.41367996 -1.58811998 6.49895000
v -0.89963800 -1.34920001 6.81222010
v -1.38479006 -1.68570006 6.51247025
v -1.38738000 -1.68470991 6.49998999
v -1.42144001 -1.53351998 6.48780966
v -1.41464996 -1.58524001 6.49595022
v -1.08974004 -1.25692999 6.81064987
v -0.91626102 -1.31178999 6.81610012
v -1.21421003 -1.82918000 6.55178976
v -1.19866002 -1.83204997 6.56374979
v -1.28735995 -1.24217999 6.67427969
v -0.80052698 -1.46157002 6.75948048
v -0.82662094 -1.40158010 6.78533030
v -0.99903601 -1.25092006 6.81694031
v -1.12479997 -1.23608994 6.79273987
v -0.30139598 -0.85044205 7.03777981
v -0.25142199 -0.80561703 7.04662037
v -0.57389003 -0.42738599 7.12093973
v -0.62652099 -0.47436100 7.10296011
v -0.59120697 -0.46001101 7.10600948
v -0.61165100 -0.44217199 7.04979992
v -0.65072197 -0.45238900 7.02409983
v -0.56693304 -0.54146701 7.25423956
v -0.53187197 -0.53779602 7.24791050
v -0.53582400 -0.51746702 7.22732019
v -0.60694999 -0.40575299 7.03324986
v -0.42008799 -0.64796799 7.29031992
v -0.41466397 -0.65711701 7.28662014
v -0.40501800 -0.64082396 7.29157019
v -0.36054599 -0.78226799 7.20716000
v -0.32862002 -0.75963998 7.17242956
v -0.34477702 -0.73498404 7.20898962
v -0.29447401 -0.73919600 7.19634008
v -0.52428597 -0.56513000 7.27586985
v -0.53045601 -0.54927903 7.25955963
v -0.47221297 -0.61587298 7.30111027
v -0.52006900 -0.59727299 7.31215954
v -0.46051002 -0.66724199 7.32034016
v -0.32153398 -0.76800001 7.15677023
v -0.26960298 -0.77581501 7.12347031
v -0.50108397 -0.55693901 7.27378988
v -0.48336703 -0.58602202 7.29111004
v -0.51807898 -0.53066802 7.24961996
v -0.49157900 -0.49869600 7.27786016
v -0.51214099 -0.57620502 7.28504038
v -0.42744198 -0.60170799 7.30346012
v -0.44880399 -0.59545398 7.29824972
v -0.44094199 -0.60856599 7.29844952
v -0.46138802 -0.59202802 7.29552984
v -0.45547301 -0.60534298 7.29726028
v -0.43433699 -0.56022799 7.32317972
v -0.41956800 -0.62222803 7.29804993
v -0.40528998 -0.62043202 7.30271006
v -0.43486199 -0.61544800 7.29807949
v -0.42616400 -0.62537599 7.29646969
v -0.40873700 -0.68436497 7.27743006
v -0.43628302 -0.65507799 7.29513025
v -0.41816702 -0.63655698 7.29325008
v -0.44816798 -0.61285901 7.29767990
v -0.57879502 -0.45997602 7.12457943
v -0.40459400 -0.73183000 7.27652979
v -0.47727099 -0.54664302 7.28431988
v -0.46709999 -0.55822599 7.29168034
v -0.30631199 -0.80072296 7.09896994
v -0.34265700 -0.77291095 7.17710018
v -0.32671499 -0.82093698 7.12563038
v -0.36454400 -0.73743099 7.22329044
v -0.39103800 -0.66092801 7.28052998
v -0.32900399 -0.69163400 7.26372004
v -0.37619299 -0.63037199 7.31398010
v -0.53667402 -0.45686898 7.20438004
v -0.54823101 -0.50519097 7.20623016
v -0.42699701 -0.64494801 7.29250050
v -0.44509000 -0.63940901 7.29794979
v -0.43214402 -0.63593102 7.29484034
v -0.42501202 -0.63912201 7.29320002
v -0.44762200 -0.62509698 7.29782009
v -0.45577401 -0.61739302 7.29835987
v -0.41829199 -0.64221901 7.29154968
v -0.44781199 -0.61864603 7.29768991
v -0.44033998 -0.61981201 7.29731989
v -0.38511199 -0.68406600 7.26598978
v -0.39632699 -0.67244804 7.27555990
v -0.36665601 -0.67651999 7.26836014
v -0.36485901 -0.70521402 7.24438000
v -0.43290299 -0.62888497 7.29590988
v -0.56164801 -0.47246498 7.16140985
v -0.58856905 -0.47800398 7.13499975
v -0.60014302 -0.50260502 7.17959976
v -0.55571401 -0.48216200 7.17735004
v -0.29115400 -0.80813199 7.06671000
v -0.56747299 -0.51314503 7.20391989
v -0.30653501 -0.77356803 7.13674021
v -0.53114402 -0.54358703 7.25373983
v -0.42169499 -0.65432703 7.28938961
v -0.44063503 -0.61395705 7.29786015
v -0.44449601 -0.61066997 7.29789972
v -0.45193601 -0.61511004 7.29783010
v -0.45971698 -0.60747099 7.29740000
v -0.42558098 -0.63240701 7.29475021
v -0.43355498 -0.62242299 7.29693985
v -0.44003001 -0.62606704 7.29683971
v -0.56025398 -0.50193703 7.19288015
v -0.42284197 -0.62375003 7.29713964
v 0.58029801 -0.47020897 8.28421021
v 0.54126298 -0.49481601 8.21471977
v 0.56954801 -0.50561702 8.20345974
v 0.61176902 -0.48737997 8.26920986
v 0.51414698 -0.51603597 8.13817024
v 0.54116201 -0.52194202 8.13136005
v 0.52932400 -0.53130996 8.05391979
v 0.50396699 -0.52994502 8.05420017
v 0.51183200 -0.53056002 7.96578979
v 0.53603500 -0.52913296 7.97004032
v 0.62497699 -0.42534500 7.81104946
v 0.58004999 -0.46064502 7.81556034
v 0.62514299 -0.38293701 7.77876949
v 0.60084498 -0.46156803 7.83345032
v 0.64530200 -0.38870999 7.79857016
v 0.68878400 -0.20772600 7.80852985
v 0.71754998 -0.13742800 7.87093973
v 0.70821100 -0.22213900 7.82194996
v 0.73699200 -0.15626201 7.87795019
v 0.83353394 -0.05884630 8.11703014
v 0.83861798 -0.09299190 8.06235981
v 0.78941303 -0.06794240 8.02863026
v 0.76968998 -0.11591700 7.94373035
v 0.74943197 -0.09207460 7.94513035
v 0.81292200 -0.09694360 8.01877022
v 0.86085904 -0.09248260 8.10021973
v 0.53760701 -0.51042998 7.88181973
v 0.55991602 -0.50845301 7.89362049
v 0.66240299 -0.29259402 7.77852011
v 0.68251598 -0.30216801 7.79655981
v 0.94906300 -0.12587599 8.32077980
v 0.91407096 -0.07457240 8.28983974
v 0.94617498 -0.09949370 8.37605000
v 0.85369301 -0.05864120 8.15795994
v 0.90539300 -0.09914871 8.17584991
v 0.60880601 -0.45486897 8.32177925
v 0.67127001 -0.46814799 8.33112049
v 0.70057803 -0.43447798 8.37322044
v 0.70192897 -0.40849599 8.41732979
v 0.63925701 -0.43956500 8.35597992
v 0.91371804 -0.10003901 8.24053001
v 0.87394798 -0.06094060 8.20011997
v 0.95265800 -0.23944500 8.51926994
v 0.96387196 -0.20002799 8.53711987
v 0.90831405 -0.27980500 8.55908966
v 0.81450498 -0.37448102 8.46238041
v 0.80909407 -0.41770801 8.44003963
v 0.83753097 -0.37892500 8.46502018
v 0.96735495 -0.19252101 8.48182964
v 0.96706802 -0.13844201 8.46053982
v 1.01220000 -0.27436098 8.50352001
v 0.94634199 -0.27658099 8.51264000
v 0.96259898 -0.33448702 8.51391029
v 0.92557698 -0.30220100 8.51032066
v 0.92771101 -0.30464700 8.50885963
v 0.93755704 -0.30524099 8.50737000
v 0.97363997 -0.22512200 8.48758030
v 0.98470896 -0.23180799 8.48047066
v 0.97403800 -0.22153100 8.48507977
v 0.92722499 -0.29312000 8.51424026
v 0.97439700 -0.21125701 8.47764969
v 0.96576899 -0.20287600 8.49328041
v 0.93658400 -0.27459601 8.51923943
v 0.94087601 -0.25893700 8.52475929
v 0.91621000 -0.31357601 8.50678062
v 0.91211903 -0.31023601 8.50921059
v 0.90147495 -0.32394701 8.50298023
v 0.97124994 -0.21583600 8.48616028
v 0.95025903 -0.26500198 8.51350975
v 0.95128095 -0.11761700 8.25747967
v 0.98931801 -0.14672600 8.33693981
v 0.73865300 -0.44469801 8.38817024
v 0.74197602 -0.41122597 8.41100979
v 0.72436202 -0.41814899 8.39856052
v 0.75674599 -0.40318298 8.42325020
v 0.97219104 -0.17048600 8.42496014
v 0.97909403 -0.16845500 8.40167999
v 0.96713698 -0.15866199 8.41215992
v 0.98075503 -0.18645900 8.43568993
v 0.97467899 -0.17862299 8.43511963
v 0.97071505 -0.17646600 8.44445992
v 0.88620502 -0.38405198 8.48587036
v 0.89066201 -0.31289500 8.51393986
v 0.83955604 -0.33218801 8.52631950
v 0.90125799 -0.30343300 8.51836014
v 0.90176404 -0.31118602 8.51128960
v 0.76821399 -0.37383899 8.47488022
v 0.82835996 -0.36631399 8.47126007
v 1.02385998 -0.22670901 8.46494961
v 0.98673999 -0.24523000 8.48740005
v 1.01660001 -0.18872800 8.41541958
v 0.96407205 -0.14777499 8.38097000
v 0.97709304 -0.15589300 8.37137032
v 0.97228301 -0.24876699 8.49779987
v 0.97063398 -0.24495499 8.49810028
v 0.96751201 -0.24646600 8.50107002
v 0.97353899 -0.18540899 8.45065022
v 0.92463195 -0.28057000 8.52406025
v 0.93320906 -0.27889699 8.51908016
v 0.92972803 -0.28312200 8.51871014
v 0.90692699 -0.31064099 8.51019955
v 0.98502398 -0.20124701 8.45100975
v 0.97251999 -0.16185500 8.39988995
v 0.95890301 -0.23822100 8.51009941
v 0.95715702 -0.24198401 8.51191998
v 0.95974505 -0.23317298 8.50934982
v 0.96746999 -0.21291001 8.49217033
v 0.96912605 -0.23298900 8.49637985
v 0.96984702 -0.23033500 8.49464989
v 0.96727896 -0.22984199 8.49788952
v 0.96840495 -0.23562400 8.49794006
v 0.97106504 -0.23590100 8.49510002
v 0.95266503 -0.26081499 8.51276016
v 0.95963204 -0.26821300 8.50739002
v 0.96942198 -0.24117701 8.49825954
v 0.97407901 -0.24320099 8.49476051
v 0.96708804 -0.25955400 8.50311947
v 0.97959602 -0.26604199 8.49897003
v 0.87213403 -0.33492601 8.49816990
v 0.89170903 -0.34366500 8.49328995
v 0.96844596 -0.22662100 8.49532032
v 0.96631604 -0.22558999 8.49828053
v 0.97052097 -0.22749600 8.49273968
v 0.96955502 -0.22322500 8.49244976
v 0.97534704 -0.23724301 8.49141026
v 0.97782898 -0.24114899 8.49102020
v 0.97127199 -0.25149700 8.49917030
v 0.97020400 -0.25419399 8.50043011
v 0.96590793 -0.25509301 8.50341988
v 0.96333200 -0.25150499 8.50510979
v 0.96146804 -0.25597900 8.50663948
v 0.91732901 -0.30995801 8.50833988
v 0.97596598 -0.23412001 8.48943043
v 0.95088500 -0.25364399 8.51630020
v 0.94843501 -0.25764000 8.51735973
v 0.91023701 -0.30790600 8.51111984
v 0.97045100 -0.21960700 8.48945045
v 0.96839398 -0.21829800 8.49244022
v 0.96359503 -0.21350200 8.50183010
v 0.97242606 -0.23074500 8.49168015
v 0.96393299 -0.23216300 8.50300980
v 0.96309203 -0.23490600 8.50441933
v 0.96573895 -0.23528600 8.50103951
v 0.95503503 -0.25659600 8.51167965
v 0.71606398 -0.42195001 8.39190006
v 0.91421604 -0.30416700 8.51235008
v 0.91617697 -0.29536501 8.51766968
v 0.91008300 -0.30356300 8.51420021
v 0.91784203 -0.30060300 8.51339054
v 0.91820002 -0.30490100 8.51078033
v 0.97027600 -0.23853600 8.49672031
v 0.97232997 -0.23911801 8.49489975
v 0.92196101 -0.30351502 8.51056004
v 0.96468699 -0.24338201 8.50329971
v 0.96498406 -0.24712101 8.50338936
v 0.97305697 -0.22798400 8.48970985
v 0.96740502 -0.23812100 8.49962997
v 0.96652806 -0.24068400 8.50103951
v 0.92402804 -0.28948700 8.51782990
v 0.96889699 -0.16862001 8.43472958
v 0.96222198 -0.22728100 8.50541019
v 0.96197206 -0.24772999 8.50619984
v 0.96066302 -0.24444500 8.50755024
v 0.95899200 -0.24835300 8.50908947
v 0.95604599 -0.24901199 8.51204014
v 0.95314598 -0.24971199 8.51503944
v 0.95685798 -0.25267601 8.51067924
v 0.96409595 -0.23778501 8.50337982
v 0.95170897 -0.25707701 8.51447964
v 0.95970601 -0.24117300 8.50879955
v 0.96227998 -0.24039900 8.50570965
v 0.93269396 -0.11180500 8.28199959
v 0.93788403 -0.11552900 8.30447960
v 0.84146607 -0.34992599 8.48723984
v 0.92155707 -0.10338000 8.26608944
v 0.92491400 -0.10501300 8.27779007
v 0.78287804 -0.38453099 8.44825935
v 0.77635396 -0.39322400 8.43785000
v 0.79798299 -0.38834399 8.44736004
v 0.94924200 -0.26119900 8.51539993
v 0.92518395 -0.30719200 8.50827980
v 0.92031097 -0.30725801 8.50909996
v 0.92252904 -0.30979800 8.50761032
v 0.97162306 -0.22424099 8.48985004
v 0.92938101 -0.32182500 8.50383949
v 0.92631900 -0.31165901 8.50650978
v 0.96741104 -0.25058800 8.50179005
v 0.97184694 -0.25853699 8.50030994
v 0.97321194 -0.24600101 8.49633980
v 0.97842300 -0.25123799 8.49464989
v 0.91904896 -0.31616098 8.50541019
v 0.97369897 -0.23371300 8.49151993
v 0.97291899 -0.23651800 8.49341965
v 0.97175902 -0.23338398 8.49347019
v 0.91522706 -0.30754098 8.51004982
v 0.96747601 -0.22207300 8.49538994
v 0.96931899 -0.21445000 8.48900032
v 0.96652299 -0.23262301 8.49954987
v 0.94732201 -0.12399300 8.34903049
v 0.97423601 -0.17649099 8.43203926
v 0.97312099 -0.15949900 8.39092064
v 0.95796901 -0.24506000 8.51049995
v 0.96011603 -0.25205499 8.50782013
v 0.96891296 -0.22867501 8.49532032
v 0.97736198 -0.25426701 8.49627018
v 0.97413599 -0.25288001 8.49767971
v 0.93148899 -0.28834400 8.51492023
v 0.96873397 -0.25679901 8.50179005
v 0.95822001 -0.25628099 8.50911999
v 0.95397794 -0.25304100 8.51334000
v 0.96128303 -0.23735198 8.50691986
v 0.96350700 -0.24365699 8.50451946
v 0.96442097 -0.24054900 8.50329018
v 0.96699893 -0.24354300 8.50105000
v 0.96415502 -0.25774500 8.50478935
v 0.97485000 -0.23111701 8.48914051
v 0.97482204 -0.24010101 8.49302006
v 0.59394699 -0.41290599 8.42613983
v 0.66157997 -0.38325900 8.50081062
v 0.73873299 -0.02747740 7.97891998
v 0.89195299 0.00763206 8.28361988
v -0.19031599 -0.82482302 6.98236990
v 0.50065798 -0.37558702 8.44521046
v 0.51000798 -0.41821700 8.38747978
v 0.47962198 -0.48152098 8.25456047
v 0.55484998 -0.45082897 8.33837986
v 0.80666703 -0.33871400 8.58152962
v 0.71583200 -0.35497400 8.57338047
v 0.56092101 -0.35385999 8.51154995
v 0.47201800 -0.30768001 8.50150013
v 0.70219302 -0.06901890 7.88979053
v 0.95373297 -0.03364160 8.40167999
v -0.35515398 -0.06331790 7.50176001
v -0.41927999 -0.12669300 7.43501949
v -0.40852198 -0.15275000 7.52657032
v -0.33142599 -0.63887399 7.35610962
v 0.31557602 -0.44931999 8.23126984
v 0.38026199 -0.49628201 8.18531036
v 0.39501101 -0.45247597 8.27515984
v 0.11541100 -0.47752100 8.03874016
v 0.21629199 -0.51156801 8.05137062
v 0.18366399 -0.45695400 8.12470055
v 0.28189000 -0.49417502 8.13305950
v 0.28771201 -0.53176898 8.04551029
v 0.42859501 -0.54750299 7.99662018
v 0.78291404 -0.00279211 8.07258034
v 0.83709002 -0.00335561 8.16649055
v 0.76867801 0.05741810 8.12129021
v 0.09921430 -0.12664600 7.21428013
v 0.13443699 -0.12752500 7.28217030
v 0.16156301 -0.19590700 7.22041988
v 0.20082399 -0.20624499 7.29111004
v 0.20868400 -0.30345500 7.21298981
v 0.41176000 -0.14142200 7.54549026
v 0.46961397 -0.13029601 7.59931040
v 0.47472501 -0.19181900 7.57596970
v 0.66972196 0.01240000 7.92647028
v 0.64628398 -0.05123740 7.83117008
v 0.59655899 0.01694300 7.84669018
v -0.28602600 -0.56763804 7.52326965
v -0.37338600 -0.52103198 7.47230005
v -0.32420102 -0.59459800 7.43673992
v 0.20590201 -0.25267202 6.84092999
v 0.93091601 0.04534430 8.39772987
v 0.97630101 0.02271480 8.48211956
v 1.13445997 -0.07522210 8.90429974
v 1.12609994 -0.14551899 8.96331024
v 1.08673000 -0.15712000 8.87506008
v 1.04989004 -0.16042100 8.77134037
v 1.09698999 -0.08435970 8.81258965
v 1.12693000 -0.00095709 8.85357952
v 1.05825996 -0.21607101 8.94375992
v 1.02127004 -0.22407702 8.85033035
v 0.95336705 -0.26528299 8.92788029
v 1.24371004 -0.19465400 9.38099957
v 1.24706006 -0.15100200 9.28946972
v 1.29521000 -0.11478300 9.37404060
v 1.16808009 -0.22843201 9.29944992
v 1.19603002 -0.17665100 9.20582962
v 1.16789997 -0.24824199 9.40828037
v 1.28200996 -0.06451060 9.28627968
v 1.31440997 -0.02814470 9.37721062
v -0.23574300 -0.73110998 7.25272989
v -0.20885400 -0.76722103 7.16953945
v 0.73388803 0.15830700 8.25457001
v 0.81748199 0.08232420 8.23224068
v 0.72447401 0.12123100 8.16269970
v 0.23024699 -0.52809203 7.36188984
v 0.22914401 -0.56383097 7.44341946
v 0.18468100 -0.58756298 7.39089966
v 0.16792700 -0.58856601 7.30460978
v 0.21994200 -0.49239501 7.27421045
v 0.12790500 -0.62747896 7.39086008
v 0.08719181 -0.65524304 7.31222010
v 0.54829705 -0.45161700 7.74557018
v 0.52741396 -0.34220299 7.62576008
v 0.53722101 -0.23830600 7.62422037
v 0.59738600 -0.27195102 7.68901968
v 0.40338501 -0.50875300 7.62885952
v 0.50277001 -0.43838400 7.66278982
v 0.45522100 -0.51426101 7.72598028
v 0.49786600 -0.51455200 7.80759954
v -0.55134600 -0.38284799 7.19513035
v -0.51813203 -0.41354299 7.27493954
v -0.52831602 -0.33698300 7.26471996
v -0.36640999 -0.06124810 7.42072010
v -0.18016300 -0.71179098 7.32216024
v -0.26302701 -0.68683302 7.33273029
v 0.02919160 -0.03871630 6.83081961
v 0.04655480 -0.07717570 6.89431000
v 0.09330740 -0.10059299 6.85982990
v 0.12919299 -0.17755000 7.15919018
v 0.07755850 -0.13050500 7.12994003
v 0.06252940 -0.12221500 7.03014994
v 0.00898461 -0.08351330 7.10132980
v 0.03789680 -0.08723490 7.18807983
v -0.02700320 -0.05448500 7.17337036
v 0.18128900 -0.55110997 7.19802999
v 0.12477200 -0.62983596 7.22373962
v 0.14838800 -0.60383803 7.13748026
v 0.14308999 -0.66321099 6.78398991
v 0.06897990 -0.73725700 6.82368994
v 0.12340300 -0.67113501 6.87679958
v 0.06441090 -0.72444701 6.92109966
v -0.02449520 -0.79071003 6.89998007
v 0.11479200 -0.66947097 6.94906998
v 1.80573010 0.11968400 13.24259949
v 1.77784991 0.18216300 13.28299999
v 1.80848002 0.12796700 13.32909966
v 1.82155991 0.02398300 13.34640026
v 1.77525997 0.11165000 12.81840038
v 1.74631000 0.15716900 12.77009964
v 1.74492002 0.17183700 12.84900093
v 1.77880991 0.08445249 12.76510048
v 1.43987000 0.19806300 13.04120064
v 1.43367004 0.17857000 13.12619972
v 1.48778999 0.23591499 13.11340046
v 1.46730006 0.23159900 12.88280010
v 1.45237994 0.21717401 12.96100044
v 1.52583003 0.25704101 12.95350075
v 1.41930997 0.19787300 12.81280041
v 1.41023993 0.18033700 12.88710022
v 1.38144994 0.14835499 12.82250023
v 1.47096992 0.20043799 13.33320045
v 1.47790003 0.22391900 13.18210030
v 1.56649995 0.27064401 13.34160042
v 1.43188000 0.10509900 13.36680031
v 1.44168997 0.17467600 13.22120094
v 1.50718999 0.24225800 13.26510048
v 1.50486004 0.24848600 13.03429985
v 1.59834993 0.25696400 12.79789925
v 1.67703986 0.23609500 12.88110065
v 1.68826008 0.21949999 12.78509998
v 1.56538999 0.26217502 12.87870026
v 1.49919009 0.24761200 12.80529976
v 1.55957007 0.26724899 13.10789967
v 1.62777996 0.26811200 13.09200001
v 1.58569002 0.26837298 13.03000069
v 1.74050999 0.20404401 13.06430054
v 1.78845000 0.13551600 13.08549976
v 1.77595007 0.14742200 13.00500011
v 1.47054005 -0.12083000 13.30700111
v 1.49706006 -0.13281099 13.37879944
v 1.44251001 -0.06358150 13.34980011
v 1.37301993 -0.07374831 12.91100025
v 1.39743996 -0.13648000 12.86490059
v 1.39740002 -0.11136600 12.95290089
v 1.35730004 -0.05186760 12.85440063
v 1.44674993 -0.17223901 12.93959999
v 1.42580998 -0.13583900 13.01469994
v 1.47003007 -0.20164700 12.85209942
v 1.39827001 0.09063710 13.14490032
v 1.45930994 -0.13886699 13.16860008
v 1.41328001 -0.07360890 13.15189934
v 1.44344997 -0.13872400 13.09119987
v 1.38915002 -0.00864666 13.11120033
v 1.40274000 -0.08088030 13.07140064
v 1.71269000 -0.16185100 12.81390095
v 1.76604998 -0.09067591 12.85579967
v 1.72959995 -0.14547600 12.89259911
v 1.76574993 -0.08262720 12.78170013
v 1.72215009 -0.15316600 12.95959949
v 1.68232000 -0.18486801 12.89640045
v 1.63857007 -0.21001799 12.82640076
v 1.80996001 0.05622870 13.10850048
v 1.79861999 0.12510499 13.16549969
v 1.81508005 0.04532420 13.19080067
v 1.76283002 -0.10791500 13.10599995
v 1.68915999 -0.17206499 13.12819958
v 1.71287000 -0.15974501 13.04019928
v 1.76879001 -0.09616800 13.00899982
v 1.66585004 -0.16824201 13.36380005
v 1.69979000 -0.15914600 13.27570057
v 1.74608994 -0.12433000 13.33110046
v 1.63890004 -0.19666500 13.06300068
v 1.60881996 -0.19604900 13.15130043
v 1.65405011 -0.18210700 13.21349907
v 1.72784996 -0.14379099 13.19190025
v 0.46130800 -0.44020301 8.32908058
v 0.33544400 -0.40296602 8.30356026
v 0.42256498 -0.13114001 8.55951023
v 0.37315899 -0.17600301 8.49144936
v 0.44296098 -0.22360599 8.54022026
v 0.41641697 -0.33608299 8.43043995
v 0.43978000 -0.52015102 8.13836002
v -0.18556401 -0.61036801 7.54284954
v -0.20618001 -0.56363904 7.61111975
v -0.25349700 -0.61712599 7.47408009
v -0.17743799 -0.64482003 7.47786045
v -0.25451601 -0.44405898 7.72991037
v -0.23327100 -0.50635701 7.67375040
v -0.17299899 -0.49803501 7.74899006
v -0.36786100 -0.38311601 7.62064981
v -0.40665203 -0.29936600 7.58759022
v -0.41812101 -0.38317201 7.52437973
v -0.37230200 -0.45130000 7.55270004
v -0.31338400 -0.44826299 7.64691019
v -0.31279299 -0.38443100 7.70988989
v 0.35945800 -0.53080803 8.08234978
v 0.06452260 -0.07931980 7.26476955
v 0.00416164 -0.05227600 7.24334049
v 0.36363798 -0.08180970 7.54949045
v 0.34806699 -0.14660099 7.49107981
v 0.89374304 -0.15713800 9.45075035
v 0.94210994 -0.19898601 9.51196003
v 0.89378202 -0.12096500 9.52443981
v 0.94797003 -0.21885200 9.43529987
v 1.01049006 -0.24879900 9.48332024
v 0.90040195 -0.18987599 9.37777996
v 0.76007599 -0.19191900 8.99674034
v 0.75503999 -0.13568500 9.07908058
v 0.71091199 -0.08702010 9.02628040
v 0.62112796 -0.33064300 8.58365059
v 0.67962098 -0.31301001 8.65192986
v 0.59703797 -0.26535699 8.65734005
v 0.75678301 -0.33097601 8.64159012
v 0.74691600 -0.29940099 8.72609997
v 0.65012801 -0.25566700 8.72393990
v 0.48345900 -0.17760900 8.61073971
v 0.52677000 -0.27165002 8.58408928
v 0.72280300 0.03867370 8.02989006
v 0.67370903 -0.12824300 7.81242990
v 0.57939303 -0.03954980 7.76673985
v 0.52289999 0.02740590 7.78741980
v 0.94644099 0.13279399 9.53175926
v 0.89985800 0.09715390 9.46446037
v 0.89834702 0.05565730 9.53251076
v 0.95573300 0.16137500 9.46063995
v 1.00002003 0.17983499 9.51606941
v 0.90761900 0.13661399 9.39233971
v 0.67289400 -0.04333960 8.96387005
v 0.71871400 0.03388040 9.04759026
v 0.70221901 0.06876190 8.98293018
v 0.78370398 0.11661901 9.10014057
v 0.75619799 0.13102600 9.01004028
v 0.84591997 0.19706000 9.02083969
v 0.87842000 0.22665301 8.92035007
v 0.79418802 0.18830399 8.94154930
v 0.81716096 0.07633150 9.25044060
v 0.87749594 0.15487400 9.25000954
v 0.83248299 0.13865301 9.17460060
v 0.41784900 0.10568599 8.47480965
v 0.43969598 0.05426120 8.55365944
v 0.47171798 0.11826400 8.53399944
v 0.38226900 0.01362340 8.50124931
v 0.57108402 0.20672099 8.40891075
v 0.56229502 0.20616099 8.32225990
v 0.47646999 0.18754999 8.36565971
v 0.60352403 0.18308701 8.60194016
v 0.53271902 0.15460700 8.56219006
v 0.55917102 0.12831399 8.65118980
v 0.59945697 0.20356199 8.50449944
v 0.49541202 0.17136700 8.46146011
v 0.66607499 0.12890100 8.83226967
v 0.60406899 0.08678430 8.77746964
v 0.62894601 0.05434130 8.85090065
v 0.65537703 0.03210340 8.91563988
v 0.72975898 0.13529500 8.94544029
v 0.68142402 0.10104300 8.90297031
v 0.69877702 -0.15262000 8.94016075
v -0.38324299 -0.57852703 7.38136959
v -0.23593199 0.00520788 7.71492004
v -0.27119201 -0.00854564 7.63255024
v -0.27664798 -0.03775390 7.72550964
v -0.28207701 -0.00659206 7.46428013
v -0.20011899 0.03038090 7.52117014
v -0.18250300 0.02293190 7.42965031
v 0.09704261 -0.41030401 8.11330032
v 0.02968510 -0.40538803 8.06162071
v 0.02828220 -0.46382099 7.98692989
v 0.02994420 -0.32331800 8.12944984
v -0.11090799 -0.13989000 8.04942036
v -0.05516240 -0.17845300 8.10361004
v -0.05476290 -0.08439070 8.09140015
v -0.10710800 -0.07360550 8.03470993
v -0.15652600 -0.10536200 7.99253988
v 0.34871900 0.05495440 8.43414021
v 0.40043801 0.13445801 8.40695000
v 0.37524599 0.15672401 8.31954002
v 0.29933700 0.14399400 8.24335003
v 0.26926601 0.09383960 8.29654980
v 0.39104599 0.18263800 8.22796059
v 0.47745100 0.19664100 8.28330994
v 0.10656400 0.05950720 8.14960003
v 0.11976101 -0.00781052 8.21947002
v 0.17222100 0.07531590 8.20401955
v -0.00059093 -0.13242500 8.15067959
v 0.00392287 -0.05947120 8.13648987
v 0.05607980 -0.08036590 8.19023991
v -0.01958540 0.04348270 8.03088951
v -0.02219080 0.07666210 7.96636963
v -0.08343770 0.02265240 7.98124981
v 0.05912730 0.10495400 8.01064968
v 0.04300610 0.05375580 8.08773994
v 0.17537400 -0.25487900 7.14451981
v 0.20423099 -0.36126500 7.09289026
v 0.21264300 -0.43079901 7.17080021
v 0.23897901 -0.37704900 6.80473042
v 0.21308899 -0.40916100 6.98441982
v 0.20260100 -0.33361599 6.99292994
v 0.21829100 -0.35246500 6.90625000
v 0.17624900 -0.26891798 7.04000998
v 0.08553130 -0.12382200 6.93710041
v 0.13464400 -0.19209501 6.99004984
v 0.86929399 0.08377360 8.32200050
v 0.99481803 -0.09420950 8.52192974
v 0.65086800 0.15397200 8.75787926
v 0.72127903 0.18699899 8.79974937
v 0.59315598 0.11955200 8.71901035
v 0.79856300 0.21199000 8.85091972
v 0.73112601 0.16605701 8.87964058
v 1.04015994 0.17692600 8.81019974
v 1.01001000 0.17712900 8.74538994
v 0.98200196 0.21449599 8.81017017
v 1.18360996 0.19438000 9.36554050
v 1.26078999 0.13818200 9.41182995
v 1.22578001 0.15743099 9.32374001
v 1.18539000 0.19768500 9.44402027
v 1.26531005 0.10169701 9.31456947
v 1.22370994 0.14128199 9.25235939
v 1.30337000 0.05557680 9.38686943
v 1.10443997 0.16568600 8.93902969
v 1.11176991 0.19466300 9.05037975
v 1.16617000 0.09895510 8.99418068
v 1.03941000 0.20126399 8.88068008
v 1.08686996 0.14148501 8.84869003
v 0.90492404 0.19175400 9.18515015
v 0.83410197 -0.31376401 8.67469025
v 1.06206000 0.12659100 8.76887989
v 1.02938998 0.11947401 8.68662071
v 1.13321996 0.08356009 8.89512062
v 1.10180998 0.06719240 8.80683994
v 1.16132998 0.00922345 8.93999004
v 1.09016001 -0.01211520 8.76130962
v 0.82181799 -0.22296700 9.04185009
v 0.84137803 -0.25441799 8.96401978
v 0.80661696 -0.18139100 9.12178993
v 0.88126600 -0.23888299 9.10655022
v 0.76524103 -0.23413999 8.91057014
v 0.69944501 -0.21092300 8.85754013
v 0.85910100 -0.21052401 9.17152977
v 0.99332505 -0.23039201 8.76708031
v 1.08599007 -0.26058701 9.35822964
v 1.08603001 -0.26482698 9.44509983
v 1.28795993 0.02389850 9.29844952
v 1.10333002 -0.20424399 9.03534031
v 1.16550994 -0.13353699 9.04767036
v 1.11821008 0.08252440 10.61149979
v 1.08632004 0.04890270 10.54329967
v 1.07617998 0.00724313 10.61380005
v 1.14063001 0.11545800 10.53909969
v 1.18408000 0.13777100 10.60579967
v 1.10289001 0.08741980 10.47210026
v 1.02928996 0.04689920 10.15579987
v 1.05005002 0.10638900 10.06369972
v 1.00550008 0.01814630 10.07890034
v 0.94010001 0.09852780 9.60342979
v 1.01288009 0.17345500 9.59284019
v 0.98550594 0.13299900 9.67387009
v 1.08964002 0.15944999 9.95798016
v 1.13072002 0.16712600 10.05490017
v 0.58783495 -0.36231598 7.70897961
v 0.32610700 -0.55408704 7.97767019
v 0.43112898 -0.54433197 7.80391979
v 0.46516401 -0.54138398 7.88667965
v 0.36550301 -0.56485903 7.86429977
v 0.40869498 -0.21129701 7.51181030
v 0.93217295 -0.16661900 9.58611012
v 1.01222003 -0.24260099 9.57993984
v 0.97858602 -0.20703599 9.65620995
v 0.99630201 -0.20280001 9.78602028
v 0.98167497 -0.15535900 9.88477993
v 0.95516300 -0.11840700 9.81324005
v 0.94828701 -0.02831590 9.82298946
v 0.97444803 0.02252830 9.90173054
v 0.96908796 0.05498490 9.81857014
v 1.08146000 -0.20493200 10.53429985
v 1.11180997 -0.24334601 10.60159969
v 1.07195997 -0.16463199 10.60830021
v 1.13879001 -0.27730399 10.52530003
v 1.17903996 -0.30103299 10.59449959
v 1.09861004 -0.24126700 10.46010017
v 1.02389002 -0.16972199 10.14150047
v 0.99230003 -0.07020810 10.07870007
v 1.00465000 -0.15297200 10.04730034
v 1.04988003 -0.22641499 10.04609966
v 1.01408005 -0.19021299 9.97525978
v 1.03576005 -0.22706799 9.91232014
v 1.01050997 0.07115640 9.98211002
v 1.01127005 0.10379100 9.88419056
v 1.24369001 0.16736200 9.50111961
v 1.30370998 0.09587520 9.47902966
v 1.29016995 0.13312200 9.56947994
v 1.37254000 0.06446480 9.85791016
v 1.35222995 0.10749801 9.96204948
v 1.40452993 0.01256260 9.96613979
v 1.12484002 0.19543800 9.74735069
v 1.20510995 0.19065900 9.82122993
v 1.23118997 0.18435600 9.73486996
v 1.08597004 0.12842000 10.13730049
v 1.29174006 0.15595900 9.88648033
v 1.26501000 0.17125800 9.97337055
v 1.31325996 0.13440000 9.79769993
v 1.41323006 0.08542520 10.56309986
v 1.36777997 0.12389000 10.48550034
v 1.35271001 0.13778999 10.57750034
v 1.42188001 0.06125580 10.47049999
v 1.45210004 0.00228312 10.55500031
v 1.39375997 0.05594150 10.04940033
v 1.32405996 0.13896599 10.04619980
v 1.37277007 0.09698590 10.12660027
v -0.47194901 -0.29888001 7.42481995
v -0.45819202 -0.21357998 7.43089008
v -0.49976403 -0.26777598 7.33393002
v -0.43973097 -0.24517401 7.50500011
v -0.54975998 -0.31472600 7.19540024
v 1.41488004 -0.20815201 10.42360020
v 1.41951001 -0.21284899 10.51350021
v 1.37036002 -0.26794702 10.47659969
v 1.37700999 -0.26978999 10.55990028
v 1.17448997 -0.29848400 10.21740055
v 1.21632993 -0.30720299 10.28439999
v 1.13260007 -0.28105700 10.29349995
v 1.38063002 -0.23620801 10.27020073
v 1.33790994 -0.28041798 10.34700012
v 1.30408001 -0.29213899 10.27729988
v 1.35403001 -0.22358601 9.96542931
v 1.29771006 -0.27607101 10.05949974
v 1.25234008 -0.28474599 9.97398949
v 1.41121995 -0.17783099 10.19190025
v 1.43676996 -0.06881550 10.20549965
v 1.43085003 -0.14457199 10.27309990
v 1.07458997 -0.25506002 9.96644974
v 1.13504004 -0.28397301 10.01840019
v 1.09517002 -0.26934701 9.88541031
v 1.09772992 -0.26422000 10.10949993
v 1.07965004 -0.24230298 10.21119976
v 1.04054999 -0.23869801 9.84153938
v 1.16225004 -0.28799000 9.92737007
v 1.23644996 -0.22531000 9.47031021
v 1.30102992 -0.15492800 9.46055984
v 1.29148996 -0.19474301 9.53302002
v 1.33402002 -0.23144701 9.89200020
v 1.39076996 -0.14660800 9.88126945
v 1.40377998 -0.13896100 9.96306992
v 1.06459999 -0.25908798 9.75507927
v 1.16275001 -0.27952400 9.73924065
v 1.10470998 -0.27351502 9.81361961
v 1.38276994 -0.20009200 10.04069996
v 1.36494994 -0.23476300 10.12170029
v 1.10161996 0.04519350 10.68290043
v 1.15637994 0.11192700 10.67850018
v 1.13369000 0.07975560 10.75080013
v 1.19604993 0.09830610 11.16340065
v 1.15717006 0.06131850 11.08440018
v 1.14090002 0.01812380 11.15310001
v 1.26586998 0.12359500 11.70709991
v 1.22442997 0.07977590 11.64719963
v 1.21263003 0.04586460 11.71759987
v 1.29237008 0.14906301 11.61470032
v 1.34527993 0.17533500 11.70149994
v 1.23160005 0.09806260 11.57149982
v 1.25391996 0.13746500 11.25240040
v 1.26726997 0.14704999 11.16919994
v 1.57500005 0.11406200 11.68319988
v 1.53720999 0.13780901 11.61730003
v 1.51282001 0.16508700 11.67490005
v 1.58996999 0.06563650 11.61810017
v 1.61557996 0.02935290 11.68809986
v 1.55825007 0.09772970 11.54969978
v 1.48696005 0.08413240 11.13399982
v 1.52216995 0.04574250 11.21930027
v 1.52600002 -0.01388060 11.15220070
v 1.43650997 0.15793200 11.34779930
v 1.38633001 0.17362699 11.41499996
v 1.48126006 0.14416601 11.41930008
v 1.39540994 0.11199401 10.64809990
v 1.44455993 0.04539120 10.64229965
v 1.42966998 0.08289080 10.71759987
v 1.43080997 0.12501700 11.04430008
v 1.40276003 0.15000100 11.13300037
v 1.50588000 0.01303450 11.05480003
v 1.24997997 0.14657900 10.95429993
v 1.29807997 0.15741000 10.88509941
v 1.20720994 0.12966099 10.88220024
v 1.24713004 0.13994300 11.09819984
v 1.19371009 0.10949200 11.01669979
v 1.44872999 0.13390100 11.20520020
v 1.49295998 0.11042301 11.28450012
v -0.21786699 -0.66886401 7.40186024
v -0.13895801 -0.68649703 7.39703989
v -0.28036100 -0.64375401 7.40101004
v -0.04922980 0.00721992 6.81566000
v 0.14984301 -0.14517000 6.82730007
v 0.12836400 -0.19065300 7.08164978
v -0.13891700 0.01129940 7.35028982
v -0.19376500 0.01170910 7.36744976
v -0.06223810 -0.04828610 7.08659983
v -0.22329800 0.05374050 6.78645039
v 1.09514999 -0.20553999 10.67580032
v 1.14674997 -0.27553502 10.66959953
v 1.12371993 -0.24234100 10.74320030
v 1.17191005 -0.24276099 11.15799999
v 1.19090998 -0.27732700 11.07349968
v 1.24751997 -0.30961299 11.13599968
v 1.11633992 -0.18955299 10.94280052
v 1.09395003 -0.08747360 10.91729927
v 1.10150993 -0.16914800 10.87549973
v 1.13365006 -0.23667300 10.87890053
v 1.21169007 -0.18831000 11.64550018
v 1.24847007 -0.22975299 11.70770073
v 1.20357001 -0.13566001 11.72490025
v 1.27487004 -0.27164000 11.62020016
v 1.34368002 -0.30035201 11.67930031
v 1.22435999 -0.23008201 11.56579971
v 1.15428996 -0.19249700 11.23719978
v 1.13163006 -0.15403900 11.16349983
v 1.23434997 -0.29344600 11.23299980
v 1.16266000 0.01812970 11.35490036
v 1.15318000 -0.06156920 11.41370010
v 1.18276000 0.04401800 11.43570042
v 1.13653004 -0.19595501 11.08860016
v 1.17172003 0.06121070 11.22649956
v 1.20692992 0.09648940 11.30049992
v 1.41961002 -0.23782900 10.70300007
v 1.37462997 -0.27899200 10.64029980
v 1.42214000 -0.22158501 10.60859966
v 1.32872999 -0.30386600 10.59499931
v 1.46844995 -0.23691499 11.13379955
v 1.49526000 -0.17121901 11.07229996
v 1.51200998 -0.15454900 11.15240002
v 1.44526994 -0.25146401 11.03669930
v 1.32130003 -0.32461700 11.10939980
v 1.36647999 -0.31233200 11.03880024
v 1.39705002 -0.30196601 11.12370014
v 1.49181998 -0.21825600 11.21729946
v 1.34504008 -0.31790701 11.42539978
v 1.39953005 -0.31109601 11.34969997
v 1.42655003 -0.30213800 11.41320038
v 1.55800998 -0.22261801 11.70310020
v 1.57041001 -0.18163100 11.60930061
v 1.60046005 -0.14612100 11.69579983
v 1.51282001 -0.26207298 11.64890003
v 1.50493002 -0.27370301 11.72109985
v 1.52779996 -0.23624201 11.56540012
v 1.42236996 -0.29160699 11.20149994
v 1.45175004 -0.27641800 11.28339958
v 1.24548995 0.09259440 11.78320026
v 1.31301999 0.15835500 11.77239990
v 1.28652000 0.13426900 11.84910011
v 1.35379004 0.17988500 11.84089947
v 1.33983004 0.17243600 11.91209984
v 1.41569006 0.19470800 11.78450012
v 1.43607998 0.19013000 11.70300007
v 1.38379002 0.16296700 12.75250053
v 1.44436002 0.22186899 12.73620033
v 1.39902997 0.18917400 12.67099953
v 1.35877001 0.17559001 12.28970051
v 1.41820002 0.21247001 12.35120010
v 1.42236006 0.21318701 12.25370026
v 1.34039998 0.15188500 12.36839962
v 1.26780009 -0.00436532 12.28130054
v 1.29121995 0.06110820 12.37520027
v 1.29568994 0.10040700 12.26600075
v 1.53175998 0.16636100 11.75139999
v 1.61030006 0.08208970 11.75390053
v 1.59779000 0.12545201 11.82670021
v 1.31859994 0.15518600 11.99469948
v 1.42159009 0.20473799 11.98110008
v 1.42079997 0.20016401 11.88170052
v 1.50729001 0.19982500 11.92710018
v 1.37284005 0.18963601 12.06979942
v 1.70475996 0.19623600 12.70499992
v 1.75690007 0.12413000 12.69849968
v 1.72314000 0.16437301 12.63099957
v 1.67485011 0.13680801 12.22900009
v 1.71367002 0.09480770 12.31159973
v 1.71476996 0.05068070 12.23690033
v 1.62816012 0.21626100 12.44219971
v 1.56085992 0.24250600 12.50209999
v 1.63748002 0.21995699 12.51249981
v 1.69486010 0.17167200 12.49020004
v 1.63167989 0.16800500 12.15719986
v 1.60228992 0.19976701 12.21940041
v 1.65067005 0.17662300 12.28740025
v 1.69321001 0.15342700 12.39299965
v 1.34478998 0.16753000 12.20860004
v 1.34020996 0.16703101 12.13420010
v 1.28863001 0.10639600 12.15780067
v 1.59195995 -0.18720300 11.76880074
v 1.53593993 -0.25496098 11.77699947
v 1.57528996 -0.22444400 11.84259987
v 1.63610995 0.11361700 11.96240044
v 1.67546010 0.06697220 12.04599953
v 1.67486000 0.00696194 11.97839928
v 1.73440003 -0.13296799 12.72440052
v 1.66963005 -0.19626300 12.74310017
v 1.69808996 -0.17280000 12.66139984
v 1.71721995 -0.05101950 12.24540043
v 1.71398997 -0.10646401 12.33720016
v 1.67868996 -0.15685199 12.25990009
v 1.57066000 -0.25197700 12.37059975
v 1.48583007 -0.26948699 12.30529976
v 1.59350002 -0.24138601 12.26259995
v 1.65765989 -0.19526300 12.35039997
v 1.64603007 -0.19161400 12.19439983
v 1.62292004 -0.20803599 12.11480045
v 1.57194996 -0.25158301 12.15600014
v 1.68472993 0.10240700 12.17160034
v 1.66112006 0.11698200 12.09329987
v 1.22814000 -0.17389199 11.79310036
v 1.28836000 -0.25700399 11.77680016
v 1.26100993 -0.20929401 11.86530018
v 1.28886008 -0.14848900 12.22949982
v 1.31892002 -0.17214900 12.31989956
v 1.28084004 -0.09875310 12.29609966
v 1.42128003 -0.28840500 12.00660038
v 1.35181999 -0.25360000 12.07800007
v 1.34413993 -0.26192999 11.99329948
v 1.28645003 -0.20703900 12.01259995
v 1.36387992 -0.10481600 12.78190041
v 1.41949999 -0.17936799 12.78040028
v 1.37809002 -0.15197900 12.70419979
v 1.39013994 -0.23545301 12.34100056
v 1.32997000 -0.16529000 12.40339947
v 1.29622006 -0.11380500 12.36070061
v 1.34209001 -0.22023399 12.22539997
v 1.30910993 -0.20107400 12.15520000
v 0.18504301 -0.53676099 7.09854984
v 0.19140001 -0.59004897 6.76807022
v -0.11761300 -0.81661594 6.96118021
v 1.75546002 0.21704400 13.35050011
v 1.36915994 0.10966901 12.87819958
v 1.75955009 0.16319300 12.93009949
v 1.54282999 0.26291600 13.18309975
v 1.62583995 0.26139098 12.95879936
v 1.66842997 0.25288001 13.03930092
v 1.67324007 0.27008000 13.34329987
v 1.72245002 0.23954900 13.27670002
v 1.61732006 0.27664700 13.26659966
v 1.57529998 -0.17275999 13.37859917
v 1.40153003 0.00946619 13.20529938
v 1.43080997 0.01212620 13.39909935
v 1.41636002 0.01616310 13.30659962
v 1.52923000 -0.18505000 13.16530037
v 1.48828006 -0.15044300 13.24360085
v 1.36048007 0.00065556 12.92870045
v 1.35074997 0.03385170 12.86269951
v 1.49863994 -0.17971200 13.10410023
v 1.39587998 0.12523700 13.04380035
v 1.78533006 -0.03093440 12.82460022
v 1.78525996 -0.00507202 12.76740074
v 1.81916010 0.03800580 13.27270031
v 1.80294001 -0.02716170 13.13760090
v 1.77000999 -0.08933150 12.93060017
v 1.80027997 -0.02397170 13.05729961
v 1.78842998 -0.07349780 13.35840034
v 1.66134000 -0.19308600 12.97749901
v 0.39937001 -0.41365999 8.33343983
v 0.36944699 -0.08168530 8.50502968
v 0.39192501 -0.26069701 8.46819019
v 0.33564898 -0.29127601 8.39922047
v 0.44113898 -0.39467198 8.38385010
v -0.30833399 -0.51003897 7.57886982
v -0.15189299 -0.44132501 7.84858990
v -0.11947900 -0.49631602 7.80342007
v -0.06848960 -0.48755899 7.86435986
v 0.33196101 -0.52621800 7.55270004
v 0.26714998 -0.57168102 7.56700993
v 0.27009499 -0.55223095 7.50277996
v 0.29891700 -0.57244402 7.65518045
v 0.21330400 -0.59732902 7.60936975
v -0.09689110 -0.52986997 7.76679993
v -0.01964770 -0.56711799 7.74921036
v -0.04502200 -0.52287996 7.82361984
v 0.07582450 -0.64179099 7.48666000
v 0.00142540 -0.63710296 7.55419016
v -0.02470290 -0.66088700 7.47403049
v -0.09642250 -0.64162302 7.52378988
v 0.25372201 -0.57013100 7.88034964
v 0.27644402 -0.58189100 7.77162027
v 0.17721601 -0.53711301 7.96138000
v 0.13456000 -0.56020004 7.86672974
v 0.09038710 -0.52179301 7.93483973
v 0.40294400 -0.37443700 7.50178003
v 0.34572500 -0.32608700 7.43192005
v 0.40643802 -0.29118401 7.49438000
v 0.24875000 -0.29273301 7.31345987
v 0.32937101 -0.22790699 7.43459988
v 0.27603000 -0.14412200 7.43169022
v 0.29586899 -0.28283399 7.38165951
v 0.44739199 0.03544230 7.73576975
v 0.37571600 0.03696270 7.68735981
v 0.36490700 0.08721830 7.76218033
v 0.44195598 -0.01962820 7.66531992
v 0.29805902 -0.08206040 7.50063992
v 1.01524997 -0.25449100 9.40622997
v 0.78948796 -0.02814120 9.24373055
v 0.76613498 -0.08036490 9.16187954
v 0.81453693 -0.14241700 9.22105980
v 0.69326198 -0.24667101 8.78703022
v 0.70406902 0.09206110 8.08401012
v 0.64421600 -0.20082700 7.74871969
v 0.51220596 -0.02728820 7.71485996
v 1.02591002 0.20061600 9.45971966
v 0.98499805 0.22512500 9.15574074
v 0.88851899 0.20306000 9.09181023
v 0.86177504 0.10823099 9.32264042
v 0.77433300 0.03869610 9.17768002
v 0.88491297 -0.21381900 9.23171043
v 0.85915405 -0.16555801 9.30792999
v 0.86312503 -0.07508530 9.45997047
v 0.87948000 -0.03286170 9.53240967
v 0.81990993 -0.07867270 9.31439018
v 0.86563903 0.01384990 9.46418953
v 0.83886003 -0.02882910 9.39169025
v 0.82212496 0.02011960 9.32246971
v 0.42118901 -0.03665750 8.56551933
v 0.49470201 0.08395000 8.60717010
v 0.63565999 0.20929201 8.35917950
v 0.64033800 -0.11658601 8.86824036
v 0.62974602 -0.18449800 8.79057980
v 0.62025297 -0.03113510 8.86430931
v -0.42776299 -0.44885999 7.45463037
v -0.43843499 -0.50760698 7.37673044
v -0.34574202 -0.17176300 7.71527004
v -0.31334201 -0.22270998 7.78677988
v -0.29890299 -0.13839701 7.79641056
v -0.06278400 0.00465602 7.35566044
v -0.06324040 -0.02070270 7.26374960
v -0.28050700 -0.00753780 7.55254984
v -0.33767900 -0.06474280 7.58993006
v -0.21104100 0.03040890 7.59068966
v -0.14940700 -0.00422299 7.92619991
v -0.12886401 -0.03712110 7.98787022
v -0.18763500 -0.06885190 7.93520975
v -0.21053199 -0.03529490 7.86813974
v -0.21128699 -0.14396501 7.93553019
v -0.22667000 -0.01255430 7.79725027
v -0.26693800 -0.06800960 7.80150986
v -0.06527790 -0.42177600 7.95761013
v -0.03454660 -0.47139901 7.92011023
v 0.31454599 0.08136240 8.36750984
v 0.56593400 0.19720100 8.23569012
v -0.01470060 -0.00522676 8.08730030
v 0.23059900 0.09836040 8.24246979
v 0.23750201 0.12985700 8.19225025
v 0.19840200 0.04412590 8.26563072
v 0.00857094 -0.22927400 8.15151978
v -0.04198560 -0.26605201 8.09593010
v 0.12844799 -0.11398701 8.26080990
v 0.04820260 -0.00431579 8.14805031
v -0.09364540 0.04805340 7.92199039
v 0.11569001 0.10677600 8.08357048
v 0.20805399 -0.48188400 6.96701956
v 0.22128502 -0.44633299 6.89601994
v 0.14676900 -0.61620200 7.03072977
v 0.16109399 -0.60840303 6.93364048
v 0.18751000 -0.54331899 6.99869013
v 0.14688100 -0.17834400 6.89919949
v 0.98065794 0.08793450 8.54520035
v 1.01871002 -0.00400548 8.57682991
v 1.02576995 -0.10162999 8.62249947
v 0.97691602 -0.19697000 8.58598995
v 0.90670997 -0.28442499 8.61359978
v 1.00037003 -0.19703701 8.68091011
v 0.62902796 0.17058900 8.68126965
v 0.88682497 0.23210199 8.80906010
v 1.12501001 0.21465400 9.40040970
v 1.10495996 0.21426101 9.45833969
v 0.95852697 0.23072800 8.89515972
v 0.92703307 0.17413101 9.32106018
v 1.17449999 0.19163899 9.28007984
v 1.17552006 0.18019700 9.21090031
v 1.12024999 0.21279199 9.22224998
v 1.16886997 -0.06640890 8.98607063
v 1.05839992 -0.09537511 8.71424007
v 0.85100096 -0.27742299 8.86955070
v 1.14898992 -0.19100600 9.11925983
v 1.06780005 -0.24202299 9.11041069
v 1.11772001 -0.23498900 9.20292950
v 1.25305009 0.07692150 9.22774982
v 1.24533999 -0.09387940 9.20681953
v 1.02416003 -0.00822609 10.24559975
v 1.02724004 -0.05849760 10.32489967
v 1.04497993 0.02329320 10.32419968
v 1.08627009 0.17396300 9.84101009
v 0.05296430 -0.68479198 7.23556995
v 0.00068057 -0.69349897 7.32172012
v 0.47714001 -0.27137700 7.56294012
v 0.45575100 -0.33978200 7.54797983
v 0.45095101 -0.41504797 7.57696009
v 0.37910399 -0.46270198 7.52874994
v 0.95979005 -0.16411701 9.73112011
v 0.98182601 -0.10987500 9.98196983
v 1.00349998 0.11670400 9.80488014
v 0.96925002 0.08976520 9.74044991
v 0.90341902 0.01119320 9.60245991
v 0.93856800 0.01113130 9.74715996
v 0.90030801 -0.08009300 9.59910965
v 0.91499501 -0.03460820 9.67354012
v 0.93271303 -0.07772920 9.74450016
v 1.06990004 -0.22011499 10.30660057
v 1.06182003 -0.19332100 10.38969994
v 1.03474998 -0.14226300 10.31849957
v 1.03297997 -0.16716699 10.22850037
v 1.07014000 0.05370980 10.40320015
v 1.08559000 0.09209290 10.33310032
v 1.06374002 0.08385140 10.23679924
v 1.05730999 -0.03241030 10.54329967
v 1.06037998 -0.07820810 10.61279964
v 1.04148996 -0.02398320 10.39980030
v 1.05474007 -0.11986400 10.54020023
v 1.04444003 -0.07223340 10.47089958
v 1.03726995 -0.10933699 10.39620018
v 1.38951993 -0.01313710 9.76716995
v 1.37643993 -0.08816300 9.67893028
v 1.36741996 0.01702620 9.65775967
v 1.02973008 0.15544699 9.74711990
v 1.30764997 0.13251200 9.71498013
v 1.26651001 0.16232800 9.65135002
v 1.06923997 0.20538600 9.52558994
v 1.15941000 0.20653501 9.51861000
v 1.11794996 0.20599501 9.59921074
v 1.17309999 0.20057300 9.66586018
v 1.42210996 -0.00078149 10.13319969
v 1.11857009 0.13407700 10.26830006
v 1.15499997 0.14915800 10.32539940
v 1.12362003 0.14800599 10.18789959
v 1.12588000 0.12168000 10.39919949
v 1.38136995 0.10639100 10.38809967
v 1.39736998 0.07904120 10.28830051
v 1.32614005 0.14474699 10.30140018
v 1.33734000 0.13470499 10.20049953
v 1.28332996 0.16369100 10.12040043
v 1.17586005 0.17417300 10.12109947
v 1.22917008 0.17935601 10.05150032
v 1.22949004 0.17410199 10.18869972
v 1.26691997 0.16740900 10.25209999
v 1.24457002 0.16844900 10.31780052
v 1.21562994 0.15539400 10.53140068
v 1.26836002 0.15989199 10.59240055
v 1.20692992 0.16184700 10.38980007
v 1.30523002 0.15580200 10.50869942
v 1.23852992 0.16284800 10.46039963
v -0.49762303 -0.35683200 7.34895992
v 1.26251006 -0.31924900 10.58920002
v 1.31253004 -0.30636102 10.52979946
v 1.11164999 -0.26164100 10.38199997
v 1.34448004 -0.26219201 10.20139980
v 1.36889005 -0.26243600 10.40460014
v 1.40321994 -0.21584401 10.34369946
v 1.43070006 0.02828760 10.38399982
v 1.44103003 -0.03419570 10.30100060
v 1.41303992 0.04187160 10.21679974
v 1.45779002 -0.07435640 10.50360012
v 1.46517003 -0.08569340 10.60690022
v 1.45072007 -0.14941500 10.56060028
v 1.44566000 -0.00252243 10.45530033
v 1.45070004 -0.05860930 10.40709972
v 1.44016004 -0.13588801 10.36569977
v 1.44550002 -0.14183600 10.46119976
v 1.32889998 0.09726540 9.64791012
v 1.29738998 -0.22118299 9.66123962
v 1.31326997 -0.19200701 9.60727024
v 1.34138000 -0.17213900 9.66695023
v 1.33507991 0.00788635 9.47035027
v 1.33388996 -0.07493789 9.46720982
v 1.36008000 -0.03726460 9.56925011
v 1.25016999 -0.27616102 9.87139988
v 1.40761995 -0.05686030 9.88309002
v 1.41776001 -0.06785460 9.97970963
v 1.00989997 -0.22677401 9.71825981
v 1.26093996 -0.23810999 9.61295033
v 1.24559999 -0.25818300 9.69406986
v 1.31576002 -0.23327401 9.80772018
v 1.30624998 -0.22714500 9.72894955
v 1.35660005 -0.17287199 9.74720955
v 1.07558000 -0.26572001 9.51601982
v 1.15504003 -0.26245698 9.49615002
v 1.11818004 -0.27103001 9.57631969
v 1.18114007 -0.27082199 9.63887978
v 1.40719998 -0.16854000 10.10420036
v 1.41794991 -0.11927000 10.04489994
v 1.11945999 0.00771262 10.99489975
v 1.11106002 0.01340480 10.89909935
v 1.30901003 0.16058400 11.34219933
v 1.30444002 0.15859601 11.42850018
v 1.56712997 -0.09838020 11.41720009
v 1.55177999 0.00081937 11.31970024
v 1.56573999 0.01815830 11.41559982
v 1.23293996 0.10989100 11.45240021
v 1.27111995 0.13834199 11.50950050
v 1.52034998 0.12573400 11.48659992
v 1.53889000 0.09004720 11.43089962
v 1.36983001 0.18116799 11.62679958
v 1.46341002 0.17856100 11.62220001
v 1.42341006 0.18068901 11.56180000
v 1.44218993 0.17069100 11.48820019
v 1.36839998 0.15036000 10.97179985
v 1.38872993 0.13438800 10.87030029
v 1.46871006 0.07356600 10.97500038
v 1.50020003 -0.02945700 10.96169949
v 1.17057002 0.10904400 10.81540012
v 1.14851999 0.08014280 10.87300014
v 1.45163000 0.07270160 10.84589958
v 1.41005003 0.11222400 10.79100037
v 1.43997002 0.09878750 10.91269970
v 1.23265004 0.15259901 10.67030048
v 1.24584997 0.15027900 10.81270027
v 1.31992996 0.15310000 10.65859985
v 1.28311002 0.15764101 10.73779964
v 1.34624004 0.16417600 11.19410038
v 1.31721997 0.16100900 11.13669968
v -0.08190330 -0.03527500 7.15857029
v -0.13539600 0.03873180 6.80042028
v -0.10551800 0.00558086 6.86800003
v -0.43529701 0.02003550 6.76206970
v -0.53025401 -0.05593430 6.80454016
v -0.31640100 0.05163890 6.77413034
v -0.26975998 0.03511730 6.83495998
v -0.34781301 0.02840320 6.82186985
v -0.02106790 -0.03242970 6.88310003
v -0.17274100 0.00318182 6.92669964
v -0.07081740 -0.02759320 6.93911982
v 1.11782002 0.04519820 10.82079983
v 1.16330004 0.08859330 10.93739986
v 1.10834002 -0.20406000 10.81369972
v 1.07269001 -0.03594100 10.68379974
v 1.08875000 -0.03603810 10.82859993
v 1.07024002 -0.12249400 10.68099976
v 1.07586002 -0.07880150 10.75360012
v 1.08500993 -0.11839100 10.82190037
v 1.28093004 -0.32510000 10.88759995
v 1.21791005 -0.30587599 10.97419930
v 1.19216001 -0.29629800 10.88469982
v 1.14884996 -0.23600200 11.01429939
v 1.14251006 -0.10618100 11.31669998
v 1.18455005 -0.23106000 11.30529976
v 1.28240001 -0.30913800 11.33600044
v 1.25747991 -0.28501999 11.43599987
v 1.19912004 -0.22133501 11.44509983
v 1.18985999 -0.18607101 11.50920010
v 1.16908002 -0.15098800 11.45310020
v 1.16738999 -0.17422201 11.38630009
v 1.20704007 0.07302029 11.50869942
v 1.18883002 -0.00407741 11.65049934
v 1.19252992 -0.04422090 11.72289944
v 1.17074001 -0.00946211 11.50430012
v 1.18542004 -0.09451300 11.65419960
v 1.17403007 -0.05337550 11.57940006
v 1.16659999 -0.10173000 11.50710011
v 1.13602996 -0.01514930 11.20979977
v 1.12173998 -0.06761630 11.15350056
v 1.15602994 -0.25782698 10.93929958
v 1.15654004 -0.27317101 10.81149960
v 1.39625001 -0.27403301 10.78970051
v 1.43194997 -0.24311200 10.86429977
v 1.36480999 -0.30380800 10.87520027
v 1.40521002 -0.28225499 10.95240021
v 1.22153997 -0.31639400 10.66259956
v 1.23065007 -0.31774598 10.80879974
v 1.30443001 -0.31589702 10.65789986
v 1.26925004 -0.32297000 10.73089981
v 1.51944995 -0.08512640 11.10120010
v 1.52967000 -0.08542480 11.17119980
v 1.27693009 -0.32289299 11.05280018
v 1.45153999 -0.19563499 10.77829933
v 1.47305000 -0.16217801 10.85820007
v 1.46066999 -0.21103498 10.93869972
v 1.45432997 0.05364130 10.77680016
v 1.48149002 -0.02363040 10.81320000
v 1.48114991 0.02284910 10.89700031
v 1.46440005 -0.01908110 10.64570045
v 1.45765996 -0.15736499 10.67840004
v 1.47707009 -0.11737800 10.78590012
v 1.49115002 -0.07264120 10.87580013
v 1.47414994 -0.06721850 10.70800018
v 1.22872996 -0.24951999 11.49759960
v 1.21091008 -0.25068802 11.38229942
v 1.40688002 -0.31094301 11.48550034
v 1.44464993 -0.30027801 11.60820007
v 1.43702006 -0.30299202 11.69589996
v 1.37286997 -0.31298101 11.57110023
v 1.46973002 -0.28395200 11.52470016
v 1.48294997 -0.26621398 11.44229984
v 1.47419000 -0.26497599 11.36250019
v 1.52961993 -0.19413300 11.38640022
v 1.53462005 -0.20895800 11.47630024
v 1.52410007 0.09154630 11.36219978
v 1.56821001 0.05416310 11.48550034
v 1.61019003 -0.02248190 11.62600040
v 1.62113988 -0.06249460 11.69429970
v 1.58438993 -0.04090430 11.48449993
v 1.60494006 -0.10000499 11.63899994
v 1.59638000 -0.08083870 11.56970024
v 1.32981992 -0.32381499 11.17860031
v 1.23090005 -0.02201190 12.01130009
v 1.25129008 0.04150170 12.08600044
v 1.25627005 0.07563620 12.00489998
v 1.51097000 0.23785099 12.41240025
v 1.46252000 0.23194699 12.50860023
v 1.58472991 0.15578900 11.89949989
v 1.57353997 0.17595400 11.96249962
v 1.61665988 0.15417400 12.02649975
v 1.53360009 0.20162399 12.00879955
v 1.51003003 0.22615099 12.22839928
v 1.42645001 0.21230800 12.16020012
v 1.47946000 0.21580000 12.07600021
v 1.54192996 0.21532801 12.15320015
v 1.75603008 -0.01038500 12.48760033
v 1.74214005 0.04472290 12.40089989
v 1.74317002 0.08825190 12.48099995
v 1.68098998 0.19744000 12.56500053
v 1.37826991 0.17971300 12.52379990
v 1.42636991 0.21453400 12.59169960
v 1.40200007 0.20263501 12.43690014
v 1.53383994 0.25395301 12.72570038
v 1.51508999 0.24612601 12.57850075
v 1.62434006 0.24548800 12.71600056
v 1.56796002 0.25122699 12.64610004
v 1.60549998 0.23932700 12.57240009
v 1.57514000 0.21961001 12.28069973
v 1.64302003 0.07439560 11.89610004
v 1.59610009 -0.22090800 11.98480034
v 1.61250997 -0.18698201 11.90690041
v 1.64487004 -0.14485200 11.96829987
v 1.63641000 -0.17992899 12.04509926
v 1.69526005 -0.09484300 12.17140007
v 1.66588998 -0.07050100 11.95230007
v 1.67437994 -0.08964530 12.02860069
v 1.70377994 0.02326500 12.14750004
v 1.69225001 -0.03799800 12.07890034
v 1.63463998 -0.01319280 11.75759983
v 1.66042995 -0.01949540 11.89470005
v 1.62537003 -0.10442801 11.76259995
v 1.64547002 -0.05977030 11.82710075
v 1.64813995 -0.10355800 11.89410019
v 1.47509003 -0.28402400 12.09549999
v 1.51853001 -0.27566499 12.00110054
v 1.51809001 -0.25049701 12.54509926
v 1.54945004 -0.25428501 12.46109962
v 1.60566008 -0.23434600 12.52869987
v 1.73826003 0.12505800 12.55819988
v 1.68242002 -0.18167000 12.51370049
v 1.70324993 -0.14733501 12.43079948
v 1.73421991 -0.10278799 12.50039959
v 1.72000003 -0.14120701 12.58049965
v 1.77980995 0.03850550 12.69869995
v 1.76464009 0.03577690 12.55910015
v 1.77164006 -0.05053480 12.70639992
v 1.77269995 -0.00854826 12.63339996
v 1.75734007 -0.05614310 12.56680012
v 1.26413000 -0.07211269 12.22749996
v 1.55132997 -0.25430200 11.91950035
v 1.57606006 -0.24540801 12.06620026
v 1.30226004 -0.24072199 11.93400002
v 1.46585000 -0.29448599 11.77950001
v 1.46780002 -0.29199201 11.92780018
v 1.37882996 -0.30070201 11.77470016
v 1.41990995 -0.29933199 11.85510063
v 1.37821996 -0.28579098 11.92990017
v 1.24787998 -0.16559500 11.93840027
v 1.24199998 -0.11898700 12.01119995
v 1.27199006 -0.16469100 12.08410072
v 1.26923001 0.10825900 11.92590046
v 1.29742002 0.12851700 12.07489967
v 1.20782006 0.00748093 11.79080009
v 1.22791004 0.02083820 11.93470001
v 1.20368993 -0.08561990 11.79509926
v 1.21125007 -0.03320610 11.86480045
v 1.22251999 -0.07502650 11.93860054
v 1.35995996 0.14953801 12.60750008
v 1.32543004 0.10091601 12.54110050
v 1.33146000 0.12925699 12.45419979
v 1.36128998 -0.16705100 12.55850029
v 1.34450996 -0.11816700 12.63379955
v 1.31829000 -0.07911760 12.56529999
v 1.32643998 -0.13173899 12.49260044
v 1.27824998 -0.03707930 12.35319996
v 1.28759003 -0.01029930 12.42609978
v 1.30645001 0.01288480 12.55660057
v 1.29908001 -0.03650560 12.49530029
v 1.30008006 0.04693210 12.47599983
v 1.34887004 0.08445330 12.78439999
v 1.32298005 0.06493460 12.62310028
v 1.33981001 -0.01423310 12.78289986
v 1.32751000 0.02498210 12.70230007
v 1.31857991 -0.02794510 12.63210011
v 1.39979005 -0.19145200 12.62979984
v 1.43306994 -0.22675700 12.55290031
v 1.39099002 -0.21528800 12.46370029
v 1.65512013 -0.20673800 12.59549999
v 1.63414991 -0.21920100 12.44250011
v 1.58773005 -0.22910400 12.75810051
v 1.55260003 -0.22550699 12.83630085
v 1.57038999 -0.24170101 12.61149979
v 1.49967003 -0.22416799 12.76939964
v 1.53346002 -0.23796301 12.69209957
v 1.48099005 -0.23629001 12.62310028
v 1.41513002 -0.26302299 12.23140049
v 0.20543699 -0.46406800 7.05205011
v -0.17561200 -0.81189901 7.02461004
v 0.10570101 -0.66175699 7.07676029
v 0.08711530 -0.67189699 7.14064026
v 0.08498880 -0.69268095 7.00281000
v 1.71564996 0.21837600 12.97830009
v 1.76732004 0.18951800 13.21920013
v 1.70503008 0.24575099 13.20529938
v 1.62541008 0.27172899 13.16109943
v 1.69160998 0.24709900 13.11820030
v 1.61623991 -0.18299700 13.29629993
v 1.41716993 0.10218300 13.26390076
v 1.42620003 -0.06615250 13.24689960
v 1.56050992 -0.20183900 13.08350086
v 1.40059996 0.15480199 12.96100044
v 1.37470996 0.03004650 13.02989960
v 1.79115009 0.04083090 12.82530022
v 1.79983997 -0.04994790 13.29640007
v 1.80429995 0.06314071 13.02920055
v 1.60949993 -0.21443900 12.90989971
v 0.36598998 -0.36348099 8.36639023
v 0.32460001 -0.03392990 8.44773006
v -0.24645400 -0.10313500 7.86920023
v -0.16389599 -0.18260799 7.99516964
v -0.26124799 -0.37455499 7.79121017
v -0.31577000 -0.30683702 7.75773001
v 0.36017901 -0.56099999 7.73750973
v -0.11980700 -0.55751699 7.69587994
v 0.10322599 -0.59941804 7.70922995
v -0.00305843 -0.59032202 7.69984961
v 0.03592200 -0.61578900 7.63337040
v 0.07625910 -0.57933003 7.77356052
v 0.12882900 -0.61299199 7.63001013
v 0.20127499 -0.59683198 7.69806957
v -0.09928910 -0.66616100 7.45869970
v -0.05321300 -0.68597102 7.39647961
v 0.16504200 -0.60906303 7.46013021
v 0.07834570 -0.62784702 7.57209015
v 0.03517910 -0.66747999 7.39803028
v 0.25246400 -0.54463702 7.98554993
v 0.17349401 -0.58553201 7.78576946
v 0.00203107 -0.50412899 7.89806986
v 0.33212399 -0.41146001 7.43303967
v 0.24212602 -0.38838601 7.27958965
v 0.25663799 -0.21068299 7.36707973
v 0.29544801 0.08304530 7.71539974
v 0.25826901 0.12560500 7.79741001
v 0.37702900 -0.01872190 7.61909008
v 0.42782202 -0.07746900 7.60138988
v 0.31297499 -0.02216690 7.57188034
v 0.95547199 -0.23297700 9.37187004
v 1.00155997 -0.25436202 9.32793999
v 0.73656201 -0.01348240 9.10649014
v 0.62129998 -0.11664601 7.75367975
v 0.58961499 -0.18902101 7.68789005
v 0.49273601 -0.08445660 7.64865017
v 1.00510001 0.23054600 9.07106018
v 1.07110000 0.22323799 9.14673996
v 0.85540104 -0.11891299 9.38591003
v 0.85943002 0.06084660 9.39542007
v 0.66141200 0.21268800 8.56527996
v 0.69222200 0.21965301 8.50502014
v 0.66158700 0.21495099 8.42689991
v 0.92688304 0.11079000 8.46520996
v 0.90531904 0.17535400 8.54434967
v 0.97985399 0.14376900 8.61868954
v 0.73785502 0.22378799 8.58080006
v 0.79762703 0.21262701 8.51572037
v 0.83185899 0.22081299 8.60494995
v 0.76532304 0.22545800 8.66327953
v 0.70372498 0.20068200 8.71615982
v 0.78682697 0.22265001 8.75594044
v 0.80850399 0.14222899 8.32002068
v 0.84942305 0.17516801 8.45454025
v 0.72614199 0.19367799 8.35190964
v 0.64895201 0.19569600 8.28600025
v 0.80643499 0.17393400 8.38915062
v 0.75833601 0.20622399 8.44000053
v 0.52407801 -0.13291700 8.68383026
v 0.53877103 -0.20621400 8.65509033
v 0.53979003 0.04480440 8.70611000
v 0.47518000 0.00516878 8.62851048
v 0.52178502 -0.04224370 8.70370007
v 0.57877403 -0.09774821 8.77787018
v -0.36205798 -0.24946900 7.69219971
v -0.35940000 -0.12387399 7.64187002
v -0.39283901 -0.20571800 7.61653996
v -0.31744400 -0.10295800 7.72893000
v 0.01342780 -0.02899070 7.32293987
v -0.09308260 -0.44383797 7.90400028
v -0.02708500 -0.33550400 8.07200050
v 0.65377796 0.17068300 8.19814968
v 0.53825599 0.07479810 7.87209034
v 0.60395396 0.06397080 7.92041016
v 0.55446202 0.11328501 7.95861959
v 0.47518200 0.12407301 7.91462994
v 0.48466301 0.15523100 8.00465012
v 0.35168299 0.12653199 7.84023952
v 0.26107401 0.14957000 7.88225031
v 0.32029501 0.16862001 8.18332958
v 0.48358798 0.19472399 8.19437981
v -0.06728600 -0.01030980 8.03653049
v 0.06084960 -0.17284599 8.20384979
v 0.31887299 -0.21022999 8.42531967
v 0.25958198 -0.24093899 8.35923958
v 0.27384701 -0.32043800 8.32892036
v 0.15805599 -0.38397300 8.18852043
v 0.23242299 -0.42449197 8.20429993
v 0.09747830 -0.33917302 8.17506981
v 0.14096799 -0.30597401 8.23029995
v 0.19156900 -0.18451001 8.31492996
v 0.19650599 -0.27067500 8.29279995
v 0.07022750 -0.26131898 8.19302940
v -0.15987700 0.02423250 7.85707998
v 0.17544100 0.11558799 8.14175034
v 0.14992699 0.13996500 8.02276993
v 0.13373300 0.14273900 7.95438004
v 0.21958598 -0.50984204 6.80614996
v 0.19910900 -0.53434598 6.90824986
v 0.18510200 -0.26319399 6.94427013
v 1.02900004 0.06662031 8.63366032
v 0.93512696 0.22998199 8.99979973
v 0.97740805 0.18993700 9.39171982
v 0.95469201 0.20456000 9.24606991
v 1.18797994 0.00589612 9.00827026
v 1.05462003 -0.01526020 8.66948986
v 1.06796002 0.05127340 8.71661949
v 0.93937796 -0.26976100 8.81867981
v 0.84511900 -0.29525399 8.77145958
v 1.06274998 -0.25759700 9.26984978
v 0.91265899 -0.26077098 9.02805042
v 0.97369897 -0.25956601 9.10274982
v 1.20594001 0.13000999 9.15859985
v 1.14480996 0.19062701 9.14365959
v 1.20532000 -0.11623400 9.12656021
v 1.26310992 -0.00604327 9.21275043
v 1.00506997 -0.06687510 10.16440010
v -0.08794170 -0.71385002 7.31733036
v 0.96253997 -0.06812870 9.90162945
v 0.93475306 0.05414180 9.67259026
v 0.92762500 -0.12544301 9.66279984
v 1.06088996 0.01253770 10.47319984
v 1.05586994 -0.15990600 10.46549988
v 1.35347998 0.07578620 9.73851967
v 1.07026994 0.18912700 9.67271996
v 1.21308005 0.18979600 9.58327007
v 1.17852998 0.18376499 9.98977947
v 1.18243003 0.18879899 9.90927982
v 1.18746996 0.16651000 10.25720024
v 1.29919004 0.15748301 10.40719986
v 1.16838002 0.14221099 10.46430016
v -0.47665000 -0.43614802 7.36173010
v 1.22416997 -0.31524602 10.51900005
v 1.17568994 -0.30079600 10.35120010
v 1.19297004 -0.29688999 10.07549953
v 1.22792995 -0.30038199 10.14169979
v 1.26365995 -0.29983699 10.21090031
v 1.33927000 0.05481410 9.56344032
v 1.34847999 -0.11391100 9.57052040
v 1.36556995 -0.17931700 9.82227993
v 1.16912007 -0.28510800 9.84591961
v 1.07525992 -0.26554698 9.65619946
v 1.21168005 -0.25296098 9.55330944
v 1.42981005 -0.09656880 10.13529968
v 1.11628997 -0.03939210 11.07979965
v 1.22442997 0.10681900 11.38590050
v 1.54209006 -0.04542400 11.23850060
v 1.34294009 0.17219500 11.52060032
v 1.49404001 0.15691200 11.55259991
v 1.50718999 -0.09607120 11.02060032
v 1.19933009 0.13493800 10.74499989
v 1.36633992 0.13722600 10.72679996
v 1.34021997 0.16072500 11.08830070
v 1.30241001 0.15824701 11.02549934
v 1.38406003 0.16531201 11.27089977
v -0.13440500 -0.00976894 7.24411011
v -0.19256200 0.02837590 6.85018015
v -0.11132500 -0.02645470 7.00717020
v -0.57240701 -0.10992600 6.83205032
v -0.59739900 -0.16821600 6.87763977
v 0.01606080 -0.07471260 6.95197964
v -0.02507110 -0.06302260 7.01912022
v 1.09174001 0.00550340 10.75409985
v 1.08640003 -0.16469800 10.74830055
v 1.19209003 0.03193090 11.57870007
v 1.18502998 -0.14387099 11.58090019
v 1.13176000 -0.09366350 11.23760033
v 1.14728999 -0.00146696 11.27639961
v 1.32421994 -0.32255799 10.96320057
v 1.18625998 -0.30062598 10.73799992
v 1.35198998 -0.30046400 10.71980000
v 1.48539996 -0.17319199 11.00039959
v 1.46537995 0.00706670 10.71819973
v 1.30101001 -0.29902899 11.52929974
v 1.54763007 -0.11328300 11.31599998
v 1.57214999 -0.14423099 11.52020073
v 1.59292006 0.01375680 11.55500031
v 1.35412002 -0.32111999 11.26849937
v 1.49910998 0.23189099 12.31939983
v 1.51471996 0.18784800 11.84369946
v 1.58364999 0.18978401 12.08440018
v 1.73367000 -0.00440596 12.32340050
v 1.47768998 0.23908801 12.65780067
v 1.65438008 0.22505200 12.63770008
v 1.59842992 0.21942401 12.35400009
v 1.67073989 -0.13392100 12.10729980
v 1.64109993 0.03483650 11.82399940
v 1.62257004 -0.14708300 11.83349991
v 1.48686004 -0.27716702 12.19880009
v 1.47454000 -0.25901899 12.40590000
v 1.76454997 0.08228340 12.62829971
v 1.74978006 -0.09711290 12.64470005
v 1.25476003 0.00661441 12.17490005
v 1.50691009 -0.27842200 11.85029984
v 1.33159995 -0.27430502 11.85770035
v 1.24230003 -0.06253890 12.08740044
v 1.23259997 0.05780660 11.85790062
v 1.22188997 -0.12580301 11.86660004
v 1.29816997 -0.08635780 12.42700005
v 1.34678006 0.11113900 12.68739986
v 1.33788002 -0.06743030 12.70749950
v 1.62266004 -0.22268400 12.67720032
v 1.44736993 -0.21207699 12.70129967
v 1.39179003 -0.26380900 12.15339947
v 0.05124710 -0.71061200 7.07351017
v 0.01953970 -0.74619001 6.99541998
v 1.75480998 0.19652700 13.14179993
v 1.56930995 -0.18764700 13.23090076
v 1.49349999 -0.18876900 13.02330017
v 1.38311994 -0.03363360 13.04409981
v 1.39245999 -0.08130420 13.00980091
v 1.36908996 0.07730110 12.95149994
v 1.78745008 0.09394430 12.88679981
v 1.79377007 -0.01148820 12.89539909
v 1.80403996 -0.03368450 13.22220039
v 1.77792001 -0.08700250 13.18159962
v -0.10454800 -0.22293898 8.05108070
v -0.19744200 -0.44063503 7.80073023
v 0.21564300 -0.58957803 7.52110004
v -0.08511150 -0.60677499 7.61444998
v 0.04093700 -0.54530603 7.84395981
v 0.29715499 -0.48950902 7.44060993
v 0.28830701 -0.35693699 7.36229992
v 0.31328899 0.03356060 7.64337015
v 0.23482700 -0.08410850 7.44922018
v 0.92430198 -0.22409502 9.30994987
v 0.48945600 0.17970000 8.09903049
v 0.56824601 0.14798900 8.05189991
v 0.41090101 0.18810700 8.15132999
v 0.64824802 0.09011760 8.01268959
v 0.64679199 0.13817100 8.10585976
v 0.53162700 -0.16267800 7.63862991
v 0.55786300 -0.10134400 7.69615030
v 0.97900498 0.17660600 8.68140030
v 0.67980099 0.20797300 8.63551044
v 0.85500604 0.22824700 8.69886017
v 0.87038100 0.12641400 8.38834000
v 0.58169800 -0.19320001 8.71769047
v 0.47012901 -0.08600220 8.62798977
v 0.57580501 0.00429751 8.78281021
v -0.45977801 -0.37544501 7.43704987
v -0.35686201 -0.32515600 7.67759991
v 0.10438401 -0.07426560 7.33183002
v -0.04381430 -0.38096800 8.02023983
v 0.20677099 -0.10038500 8.33302975
v 0.24252601 0.02414570 8.32964039
v 0.28903401 0.00504222 8.39299011
v 0.23466301 -0.03602730 8.34902000
v 0.26744899 -0.07543320 8.39204025
v 0.16845000 0.14469600 7.87247992
v 0.20152600 0.15418001 7.92774963
v 0.44453201 0.09122900 7.82301998
v 0.40370497 0.13361301 7.88846970
v 0.12862700 -0.21977000 8.25348949
v 0.27118200 -0.39340800 8.26692963
v -0.19301701 0.02334990 7.78023005
v -0.09445130 0.06511350 7.87163019
v 0.25119001 0.15501401 8.13016987
v 0.17646399 -0.59905398 6.84679031
v 1.03138995 0.22147100 8.97198009
v 1.05669999 0.21567199 9.39116001
v 1.03829002 0.22490999 9.23773003
v 0.76309198 -0.26810500 8.82129955
v 0.92550600 -0.27492601 8.71858025
v 1.02155995 -0.25773799 9.18398952
v 1.01499009 -0.25174502 9.02266026
v 1.18797994 0.12380700 9.08975029
v 1.20137000 -0.05156000 9.05974007
v 1.01845002 -0.08914520 10.25780010
v -0.13123500 -0.74720299 7.22604990
v 0.98086798 -0.02145580 9.98961067
v 1.28376997 -0.30941501 10.43700027
v 1.17962003 -0.30266699 10.43959999
v 1.25129998 -0.31015500 10.35640049
v 1.14998996 -0.29011899 10.15229988
v 1.30309999 -0.28162798 10.14610004
v 1.39014995 -0.11031099 9.79377937
v 1.24497008 -0.26854998 9.77987957
v 1.42225003 -0.03505710 10.04920006
v 1.10845006 -0.12540801 11.01949978
v 1.11713004 -0.11726900 11.10120010
v 1.52877998 -0.13762300 11.23280048
v 1.49164999 -0.12488000 10.93440056
v 1.33455002 0.15250601 10.80420017
v -0.20288000 0.00138478 7.30188990
v -0.24244101 0.00355967 7.37641001
v -0.13415101 -0.02524700 7.08545971
v -0.52593696 -0.07819340 6.87164974
v 1.31831002 -0.31860098 10.80159950
v 1.73943007 -0.05642830 12.41230011
v 1.47124994 -0.24959500 12.48670006
v 1.26135993 -0.11043499 12.15139961
v -0.02314440 -0.72091800 7.23505020
v -0.05516750 -0.78393000 7.00929022
v 1.53033996 -0.16638599 13.30900002
v 1.52414000 -0.21216199 12.92729950
v 1.58586001 -0.21107300 12.99539948
v 1.37526000 -0.04485560 12.97810078
v 1.79705012 0.07507000 12.95200062
v 1.79806006 -0.01542630 12.97780037
v 1.76565003 -0.10494401 13.24949932
v -0.08319480 -0.30442700 8.03975964
v -0.25714999 -0.28811800 7.85371017
v 0.14532700 -0.61745501 7.54735041
v 0.26899600 -0.44159299 7.35366964
v 0.06942320 0.12789300 7.84448004
v 0.14337699 0.13149700 7.80524969
v 0.05203290 0.12187600 7.91943979
v 0.25017101 0.07525250 7.67798996
v 0.25186601 -0.02669890 7.52583027
v 0.56860799 0.17751400 8.14420986
v 0.91541898 0.20239501 8.63813019
v 0.15243199 -0.05738310 7.40989017
v 0.19282301 -0.12527999 7.36550999
v 0.18456900 -0.03040220 8.29508972
v 0.31874299 -0.12796800 8.44594002
v 0.25809601 -0.15734400 8.38099957
v 0.19110100 0.15466401 7.97900009
v 0.21104901 -0.35299200 8.25582981
v 0.33755100 0.17862199 8.11271000
v 0.19393601 0.14455500 8.07990074
v 1.10304999 0.21916100 9.31634998
v 1.00680995 0.21287701 9.31622028
v 0.93199396 -0.24787700 9.17217064
v 0.96897900 -0.25100401 9.24931049
v 1.23146999 0.05548580 9.14027977
v 1.23233998 -0.03297340 9.13214016
v 1.51113009 -0.20486400 11.29960060
v -0.13938600 -0.02061270 7.15783024
v -0.61948097 -0.35354599 6.99310970
v -0.60303605 -0.32390898 7.03304005
v -0.62448800 -0.29939499 6.95316029
v -0.59847295 -0.37060201 7.05870962
v -0.48747402 -0.04124270 6.85227966
v -0.46484298 -0.01121410 6.80642986
v 0.01799400 -0.71910501 7.15186024
v -0.21399900 -0.22957399 7.93013000
v -0.20332301 -0.37587300 7.86168957
v 0.00413662 0.11046000 7.86847973
v -0.02323850 0.09122260 7.91893005
v 0.26408899 0.02831660 7.60680008
v 0.93801606 0.21433100 8.72544003
v 0.18969001 -0.02520330 7.48462963
v 0.06339070 -0.01818830 7.39613056
v -0.16970500 0.04683680 7.73264027
v -0.12820899 0.06040210 7.80366993
v -0.19471000 0.03804050 7.66491985
v 0.40806699 0.17821799 8.05724049
v 0.26168799 0.16543600 8.07657051
v 1.20851004 0.03845310 9.06719971
v -0.12348799 -0.79700798 7.04834986
v -0.18732600 -0.00839208 7.22227001
v -0.20667501 -0.00755863 7.00533009
v -0.12949899 -0.77680200 7.12783957
v -0.19096000 -0.79431903 7.08879995
v -0.26449600 -0.18963100 7.86625957
v -0.14986500 -0.26595700 7.99162006
v -0.13836899 -0.39221200 7.91735983
v -0.05978760 0.08821070 7.84367990
v 0.06618700 0.12212200 7.79209995
v 0.19837299 0.09068460 7.68769979
v 0.20353702 0.11174700 7.74175024
v 0.20226601 0.01968970 7.55803013
v 0.10414799 -0.00168216 7.46003056
v -0.01538540 0.00975293 7.40147018
v 0.40550599 0.15838000 7.96560001
v 0.22491100 0.15998200 8.03153038
v -0.27123401 -0.00908400 7.31467962
v -0.31333300 -0.02303500 7.37377024
v -0.20312300 -0.01468360 7.09957981
v -0.52732402 -0.27623099 7.24947977
v -0.60241699 -0.27254599 7.00154018
v -0.58303899 -0.26884601 7.06043005
v -0.61516297 -0.24761501 6.93686962
v -0.32927698 0.01065400 6.89274979
v -0.38808000 0.00978457 6.84480000
v -0.24828300 0.01968830 6.88681030
v -0.18619700 -0.31408802 7.92750025
v -0.00591046 0.10867000 7.80130005
v 0.18753299 0.06635680 7.63181973
v 0.14646500 0.01762750 7.52170038
v 0.02373050 0.01752400 7.44595051
v -0.09304170 0.02559300 7.41776943
v 0.33218902 0.15503800 7.92117023
v 0.31659701 0.17172800 8.01377010
v -0.21973400 -0.01244850 7.16835022
v -0.46876001 -0.18004000 7.35159016
v -0.60151601 -0.20832200 6.92950964
v -0.01414730 -0.75151199 7.07345963
v -0.07223280 -0.77448702 7.08125973
v -0.11423500 -0.34821099 7.98050976
v -0.08100240 0.08461040 7.78085041
v -0.11255300 0.04344640 7.49310970
v 0.25703001 0.16196899 7.95609951
v -0.24634799 -0.00956506 7.23906994
v -0.42440400 -0.11045299 7.35995007
v -0.58300197 -0.21679799 7.00022984
v -0.26310501 -0.01269130 7.06588984
v -0.04749940 -0.74853098 7.15447998
v -0.11274600 0.07320660 7.74490976
v 0.02825520 0.10913400 7.74017048
v 0.13629201 0.10121200 7.69615030
v 0.10671400 0.11870001 7.75465012
v -0.03472350 0.03538820 7.46640015
v -0.37333399 -0.05819020 7.33986950
v -0.57820803 -0.17296700 6.94354010
v -0.55565500 -0.12707900 6.91555023
v -0.25586501 -0.01459850 7.11755991
v -0.14749600 0.05688950 7.62585974
v -0.05516350 0.09141810 7.72501993
v 0.06972050 0.10098799 7.68956995
v 0.13849500 0.04940640 7.57589054
v -0.32888001 -0.03041160 7.31017971
v -0.42564303 -0.01671000 6.88397980
v -0.48324600 -0.05314540 6.89666986
v -0.11903800 0.05822030 7.57544041
v -0.12759000 0.06738620 7.69254017
v -0.00333545 0.09261810 7.67182016
v 0.11090300 0.07964040 7.63219976
v 0.08911550 0.04044930 7.53357983
v -0.30562699 -0.02179590 7.25296021
v -0.36321500 -0.01063850 6.94757986
v -0.50954801 -0.08801410 6.94037008
v 0.02910790 0.03858640 7.50064993
v 0.08339600 0.06400450 7.58473969
v -0.28535500 -0.01817910 7.17567968
v -0.32353500 -0.01318160 7.00859976
v -0.27477700 0.00457441 6.94402027
v -0.44894499 -0.04684590 6.94916010
v 0.04377230 0.08163220 7.62386036
v -0.07953590 0.07700870 7.64755011
v -0.41233701 -0.04272750 7.01401997
v -0.38230100 -0.04123890 7.08640003
v -0.32219401 -0.02343220 7.10117054
v -0.03951570 0.05605410 7.53312016
v -0.54297298 -0.14525400 6.99592972
v -0.48176199 -0.08714710 7.01524973
v -0.41548198 -0.08675830 7.29079962
v -0.37319201 -0.05257620 7.26799011
v -0.42139801 -0.08088330 7.21895981
v -0.46971598 -0.14336601 7.26447964
v -0.02629880 0.07457750 7.60115957
v -0.55279398 -0.19945000 7.07359982
v -0.55699402 -0.25757998 7.13592005
v -0.45268697 -0.08086990 7.08276987
v -0.41929498 -0.06889730 7.14619970
v -0.35450399 -0.03801810 7.17705011
v -0.50549400 -0.20976500 7.26051044
v 0.03148960 0.06118290 7.56119013
v -0.50709099 -0.13235700 7.08189011
v -0.53446203 -0.24734299 7.20255947
v -0.51506603 -0.17731500 7.16679001
v -0.46879801 -0.11259500 7.16060019
v -0.44335097 -0.32183900 7.49632025
v -0.31615001 -0.06405630 7.66726971
v -0.57798398 -0.33747000 7.11484003
v -0.63563901 -0.34154201 6.94075012
v -1.00778997 -0.94030106 7.12119007
v -0.96751899 -1.02357996 7.15087986
v -1.02707005 -0.96424198 7.19365978
v -0.72555697 -0.46721801 7.00659037
v -0.30776301 -0.91212595 7.00898981
v -2.01653004 -0.17466500 13.71309948
v -2.01160002 -0.12879601 13.82290077
v -1.96359992 -0.09837520 13.74250031
v -1.97122002 -0.12850900 13.63749981
v -1.67782998 -0.34369901 13.79519939
v -1.68308997 -0.24115901 13.79279900
v -1.67371011 -0.39537302 13.68319988
v -1.66350007 -0.29709899 13.67729950
v -0.58839697 -0.61134899 7.41567993
v -0.65201604 -0.59552997 7.44834995
v -0.60109603 -0.65007699 7.49597025
v -0.99476206 -1.04058003 7.23239994
v -0.46590900 -0.73692900 7.39031982
v -0.52082902 -0.64063400 7.37710047
v -0.55649000 -1.16149998 7.11339045
v -0.60137099 -1.19070995 7.26560974
v -0.62317300 -1.19527996 7.34675980
v -0.69583499 -1.20184004 7.28762960
v -0.65317500 -1.17482007 7.13556957
v -0.57746899 -1.17893004 7.18610001
v -1.02356005 -0.73232698 7.18943024
v -1.04355001 -0.75059998 7.27507019
v -0.97578800 -0.65805703 7.27418995
v -0.92986900 -0.60769302 7.01843023
v -0.97460699 -0.67039901 7.04390049
v -0.92922097 -0.60912299 7.12108994
v -0.88716900 -0.59818101 7.35034037
v -0.82977200 -0.56204700 7.27212000
v -0.91500300 -0.60444105 7.22806025
v -0.86367100 -0.56598401 7.18495035
v -0.63878697 -0.53052300 7.26741028
v -0.69268501 -0.50432003 7.18024969
v -0.72935498 -0.53581500 7.27856970
v -0.38288501 -1.04337001 7.05098057
v -0.33182600 -0.96548003 7.02729034
v -0.32330301 -0.90307504 7.08486032
v -0.35234100 -0.97139198 7.12154007
v -1.84344995 -0.57407397 13.68500042
v -1.92271006 -0.56879401 13.61580086
v -1.82737994 -0.58030701 13.58899975
v -1.76096988 -0.54055101 13.64499950
v -1.87085986 -0.56230605 13.87539959
v -1.97012997 -0.55355603 13.87650013
v -2.01740003 -0.51101100 13.83469963
v -2.04726005 -0.43514198 13.77839947
v -2.00791001 -0.50462097 13.73829937
v -1.62681997 -0.62167102 12.87819958
v -1.61660004 -0.63648999 12.76179981
v -1.55267000 -0.56901801 12.81900024
v -1.57133996 -0.55576003 12.92169952
v -1.64494002 -0.60862398 12.98659992
v -1.69900000 -0.64880800 12.83790016
v -1.77560008 -0.63575304 12.79030037
v -1.71299005 -0.65283298 12.75259972
v -1.73751998 -0.54244298 13.54010010
v -1.69550002 -0.47191101 13.61499977
v -1.71863997 -0.48223701 13.70140076
v -1.81440997 -0.58600402 13.50990009
v -1.76036000 -0.57749701 13.43970013
v -2.01896000 -0.41286501 13.58309937
v -2.03360987 -0.41764498 13.67359924
v -2.03575993 -0.33046201 13.63459969
v -2.01723003 -0.32456300 13.53529930
v -2.00696993 -0.40889001 13.50679970
v -1.92256999 -0.38752699 12.79720020
v -1.90907991 -0.43997201 12.71759987
v -1.91424012 -0.45976800 12.82129955
v -1.91606009 -0.36880901 12.72200012
v -1.93132997 -0.49826497 13.13800049
v -1.95457995 -0.44718298 13.19550037
v -1.95401001 -0.39562899 13.11540031
v -1.87978995 -0.57825899 13.14669991
v -1.92861998 -0.52765399 13.24370003
v -1.96767998 -0.43553600 13.27839947
v -1.90524006 -0.53378600 13.04699993
v -1.72281003 -0.59416598 13.24779987
v -1.78210998 -0.62041795 13.14190102
v -1.66641998 -0.59050101 13.11560059
v -1.91692007 -0.09134040 13.58480072
v -1.90441000 -0.07542370 13.67889977
v -1.85174012 -0.07129020 13.62800026
v -2.05240989 -0.34998700 13.72299957
v -2.04280996 -0.25979900 13.70879936
v -1.51839995 -0.31809399 12.80319977
v -1.48746991 -0.38403001 12.71159935
v -1.50531995 -0.29527500 12.68639946
v -1.40128005 -0.30709499 11.86919975
v -1.41860998 -0.30104798 11.98659992
v -1.38759005 -0.38598600 11.91349983
v -1.43286002 -0.29730001 12.10000038
v -1.40297008 -0.37878698 12.02509975
v -1.56782997 -0.22220799 12.85540009
v -1.54785001 -0.29445800 12.92180061
v -1.69784999 -0.16237600 13.52429962
v -1.67315996 -0.21946399 13.60130024
v -1.66136003 -0.22827101 13.51670074
v -1.71910000 -0.14479999 13.61479950
v -1.64625001 -0.53181499 13.23159981
v -1.70084000 -0.55815202 13.33920002
v -1.60069013 -0.43736500 13.22209930
v -1.63932991 -0.47890002 13.32830048
v -1.60514998 -0.25966999 13.17930031
v -1.59229004 -0.33785900 13.20450020
v -1.57947993 -0.30423400 13.10540009
v -1.62019002 -0.26233700 13.28119946
v -1.57107997 -0.39156100 13.11139965
v -1.77623999 -0.53810298 13.72239971
v -1.83904004 -0.56197101 13.78940010
v -1.69435000 -0.65618002 12.66860008
v -1.61837995 -0.64893496 12.64540005
v -1.46353996 -0.59236002 11.87180042
v -1.49688995 -0.59369898 11.97730064
v -1.53934002 -0.63325799 11.86810017
v -1.53487992 -0.60451496 12.07200050
v -1.58599997 -0.62619698 11.96090031
v -1.43323004 -0.42049497 12.33430004
v -1.45270991 -0.30327898 12.32089996
v -1.45615995 -0.32393301 12.41909981
v -1.44458997 -0.42120901 12.44810009
v -1.49645007 -0.57649398 12.34449959
v -1.57437003 -0.62841904 12.32620049
v -1.52643991 -0.59989399 12.25329971
v -1.81317997 -0.12267999 12.71490002
v -1.80364001 -0.10771199 12.80440044
v -1.72649992 -0.09567480 12.73379993
v -1.96620011 -0.36818200 13.20310020
v -1.97716010 -0.33252102 13.28699970
v -1.92325997 -0.18841100 13.14010048
v -1.87094998 -0.11203700 13.18650055
v -1.85133004 -0.11136301 13.06390095
v -1.86222994 -0.13266000 12.95950031
v -1.91904998 -0.20720799 13.04179955
v -1.95090997 -0.29181799 13.12069988
v -1.79505992 -0.08379900 13.25000000
v -1.89164996 -0.11341400 13.30039978
v -1.70276999 -0.12212300 13.21920013
v -1.76963007 -0.08679160 13.13910103
v -1.64108014 -0.19074599 13.19689941
v -1.90893006 -0.30225998 12.69639969
v -1.90631998 -0.38681400 12.62880039
v -1.79466987 -0.47009903 11.99820042
v -1.78381002 -0.41706699 11.91720009
v -1.77022004 -0.49648601 11.93420029
v -1.75983012 -0.47027898 11.85599995
v -1.83561993 -0.50193799 12.28320026
v -1.79808998 -0.57009900 12.34280014
v -1.84869003 -0.50778097 12.38379955
v -1.80286002 -0.58696800 12.45300007
v -1.86459005 -0.50511396 12.49020004
v -1.61795008 -0.62865603 12.22590065
v -1.67311001 -0.63493001 12.31579971
v -1.62385011 -0.22336499 11.69120026
v -1.64715993 -0.20957899 11.81429958
v -1.55614007 -0.18989000 11.75570011
v -1.56347001 -0.19920400 11.66020012
v -1.60293007 -0.23430499 11.59210014
v -1.48886001 -0.33663499 10.94610023
v -1.56581998 -0.40072697 11.00860023
v -1.49590993 -0.30926198 11.06330013
v -1.54170001 -0.40025002 10.89019966
v -1.72036004 -0.23571701 11.91629982
v -1.72518992 -0.29099000 11.81330013
v -1.49040008 -0.23195601 12.28800011
v -1.44330001 -0.29887098 12.21019936
v -1.50567997 -0.22329299 12.39400005
v -1.80373991 -0.20967300 12.24960041
v -1.71844995 -0.15506700 12.23629951
v -1.75856996 -0.19817600 12.14200020
v -1.82017004 -0.27127200 12.15859985
v -1.85613990 -0.32376400 12.25810051
v -1.84573996 -0.24434300 12.34449959
v -1.23072004 -0.44636303 11.07940006
v -1.20370996 -0.48859301 10.96920013
v -1.23771000 -0.40455899 10.97080040
v -1.26241994 -0.37649000 11.09100056
v -1.24928999 -0.43190199 11.17479992
v -1.29864001 -0.39190400 11.39769936
v -1.33359003 -0.31113201 11.40310001
v -1.32416999 -0.36633500 11.50129986
v -1.39320004 -0.24394700 11.39629936
v -1.45291996 -0.23854201 11.27710056
v -1.47704005 -0.22087200 11.38969994
v -1.69257998 -0.19408099 13.69689941
v -1.49064994 -0.64361000 11.76039982
v -1.20894003 -0.66517103 11.03820038
v -1.24679005 -0.72957802 11.08469963
v -1.21788001 -0.72325200 11.00070000
v -1.35291004 -0.77631795 11.19040012
v -1.39830995 -0.80867898 11.09609985
v -1.30695999 -0.78360403 11.10070038
v -1.34249997 -0.82323998 11.00899982
v -1.30086005 -0.55193901 11.44939995
v -1.26829004 -0.53114700 11.33510017
v -1.28397000 -0.46642798 11.39290047
v -1.27000999 -0.42771500 11.29010010
v -1.42431998 -0.71739703 11.45260048
v -1.34584999 -0.65423298 11.45390034
v -1.39500999 -0.66086203 11.54680061
v -1.37140000 -0.72255403 11.36509991
v -1.63777006 -0.51222003 11.29909992
v -1.64141011 -0.58369797 11.39999962
v -1.65244997 -0.48906699 11.40849972
v -1.62031996 -0.62356699 11.28310013
v -1.66204000 -0.55266702 11.50269985
v -1.68518996 -0.53164399 11.60429955
v -1.67443013 -0.46426100 11.52549934
v -1.64741004 -0.40148801 11.43970013
v -1.59979999 -0.67235100 11.41160011
v -1.55860996 -0.71693403 11.32409954
v -1.52179003 -0.72637200 11.43620014
v -1.59449995 -0.67684102 10.94219971
v -1.60827994 -0.57696098 10.86139965
v -1.59208000 -0.68592602 10.82539940
v -1.61373997 -0.57325000 10.96630001
v -1.54304004 -0.75975597 10.88010025
v -1.52443004 -0.77065200 10.97990036
v -1.50867999 -0.84978902 10.22139931
v -1.56050992 -0.77458000 10.27919960
v -1.55282998 -0.79319704 10.16399956
v -1.48908007 -0.87772799 10.11170006
v -1.46923995 -0.34881401 10.84739971
v -1.34441996 -0.31528002 10.90220070
v -1.38202000 -0.32424399 10.82520008
v -1.42001998 -0.31537300 10.89850044
v -1.41920006 -0.47103900 10.01179981
v -1.42407000 -0.46151298 10.09649944
v -1.34042001 -0.44247299 10.03919983
v -1.32740998 -0.43046898 10.13059998
v -1.56013000 -0.53106600 10.46660042
v -1.51586998 -0.45037198 10.54950047
v -1.48868001 -0.44653100 10.44009972
v -1.42629004 -0.39673200 10.50860023
v -1.43728995 -0.38685998 10.58909988
v -1.52840996 -0.50491899 10.35949993
v -1.45252001 -0.43803400 10.34670067
v -1.55866003 -0.76725304 10.48250008
v -1.59132004 -0.65412700 10.50259972
v -1.58118999 -0.71665102 10.38440037
v -1.17956996 -0.54161704 10.87020016
v -1.19150996 -0.57089001 10.97870064
v -1.17490995 -0.59861398 10.88450050
v -1.10628009 -0.69835502 10.18440056
v -1.10867000 -0.77995902 10.11719990
v -1.10073006 -0.70196599 10.09440041
v -1.19275999 -0.46718702 10.49270058
v -1.15403998 -0.54213399 10.53140068
v -1.14655995 -0.55425799 10.43160057
v -1.19768000 -0.45690799 10.59899998
v -1.15903997 -0.54187000 10.63780022
v -1.13655007 -0.57434905 10.32229996
v -1.17607999 -0.49616399 10.37290001
v -1.50739002 -0.82321197 10.54870033
v -1.57202995 -0.73774499 10.60319996
v -1.50330997 -0.81794298 10.64599991
v -1.26183009 -0.88286799 10.57880020
v -1.35318005 -0.89712799 10.53610039
v -1.26777005 -0.89937800 10.46959972
v -1.36810994 -0.90691602 10.41709995
v -1.27210999 -0.91405296 10.35220051
v -1.43739009 -0.87217700 10.51239967
v -1.27890992 -0.82795399 10.90149975
v -1.38585997 -0.84067202 10.92539978
v -1.19161999 -0.82593095 10.62389946
v -1.26339996 -0.86725700 10.68060017
v -1.18809998 -0.84485900 10.51849937
v -1.14420009 -0.74305904 10.56920052
v -1.20840001 -0.82199800 10.71829987
v -1.26594996 -0.84905595 10.78230000
v -1.13624001 -0.63010997 10.55749989
v -1.34482002 -0.95252103 9.99108982
v -1.28123999 -0.95880002 9.92514992
v -1.24426007 -0.94023895 10.02720070
v -1.34075999 -0.94590199 10.06559944
v -1.16246998 -0.89333999 10.03079987
v -1.20808005 -0.91482699 10.13039970
v -1.14150000 -0.85353404 10.12069988
v -1.56575000 -0.70064503 10.02639961
v -1.55703998 -0.67617697 9.94079018
v -1.55094004 -0.79829705 9.93628025
v -1.53938997 -0.59879398 10.00619984
v -1.53427005 -0.81900996 9.59902000
v -1.49236000 -0.90279198 9.64462948
v -1.53568006 -0.82771599 9.70770073
v -1.49796999 -0.89173096 9.75438976
v -1.54021001 -0.82152396 9.81498051
v -1.47887003 -0.92265594 9.53015995
v -1.52221000 -0.84404802 9.48855972
v -1.39926004 -0.47612700 9.90421009
v -1.47943997 -0.51860702 9.97994041
v -1.33212006 -0.45384201 9.93859005
v -1.38893998 -0.56187403 9.19466972
v -1.36410999 -0.55641299 9.12669945
v -1.42981994 -0.61147702 9.12759018
v -1.48964000 -0.58639497 9.66296005
v -1.42848992 -0.51079702 9.75879955
v -1.39640999 -0.50249803 9.68406963
v -1.50997996 -0.64323604 9.55914974
v -1.44256997 -0.54512203 9.59131050
v -1.45528007 -0.57952100 9.45510006
v -1.39995003 -0.52476501 9.51980019
v -1.36019003 -0.51523197 9.44427013
v -1.12256002 -0.93251306 9.57053947
v -1.08591008 -0.86510599 9.63107014
v -1.14336991 -0.92980498 9.68173027
v -1.20431006 -0.97443104 9.63127995
v -1.19643998 -0.98593396 9.53930950
v -1.00838006 -0.74257302 9.14169979
v -1.02980006 -0.71246600 9.23941994
v -1.00764000 -0.80465496 9.19886971
v -1.29338002 -0.47812501 9.71601009
v -1.32266998 -0.48878899 9.60597992
v -1.12662005 -0.58289200 9.56360054
v -1.09440005 -0.63710797 9.63097954
v -1.07651997 -0.66536599 9.54675007
v -1.10007000 -0.61533201 9.48290062
v -0.99039203 -0.81876099 9.09290028
v -1.08966994 -0.59625900 9.04825020
v -1.13699996 -0.56437701 9.15141010
v -1.06211007 -0.63186103 9.11812973
v -1.03891003 -0.67563498 7.71483994
v -0.93948299 -0.62031996 7.77568960
v -0.99838799 -0.65686697 7.65684986
v -0.84948599 -0.63940102 7.85735035
v -0.82518703 -0.68972903 7.95580006
v -0.75941700 -0.73898703 7.87962055
v -0.77895999 -0.77568597 7.98110962
v -1.02447009 -0.84318602 7.09615993
v -0.66942000 -0.55690497 7.35507965
v -0.73205698 -0.57677495 7.44271994
v -0.53392899 -1.15594995 7.32410955
v -0.56268501 -1.15750003 7.40149021
v -0.37794098 -0.85424995 7.26066971
v -0.40512499 -0.92783803 7.31395054
v -0.37424099 -0.95469397 7.21841955
v -0.44477502 -0.92188901 7.40202045
v -0.44134402 -1.01182008 7.35365009
v -0.92040396 -1.09264004 7.19733953
v -0.86320603 -1.15116000 7.25543976
v -0.84320003 -1.13037002 7.16998005
v -0.77252203 -1.17891002 7.23034954
v -0.42064101 -0.83590400 7.35196018
v -0.53892004 -0.68533200 7.45720005
v -0.51615500 -0.77072603 7.49501038
v -0.86774504 -0.54607600 7.00327969
v -0.97839898 -0.66388500 7.15476990
v -1.01022995 -0.74223298 7.08038044
v -1.03692997 -0.79924500 7.14853001
v -0.88626099 -0.57038295 7.09632015
v -0.78211200 -0.53179896 7.20441961
v -0.70398700 -0.47997600 7.08423996
v -0.46489701 -1.11881995 7.09130001
v -2.05118990 -0.20719600 13.81199932
v -1.93584991 -0.56486303 13.71339989
v -1.94692993 -0.56186199 13.80370045
v -1.52572000 -0.48980299 12.86300087
v -1.51318002 -0.51055497 12.78280067
v -1.50242007 -0.42645201 12.79520035
v -1.91949010 -0.32728100 12.77239990
v -1.84022009 -0.60300004 13.24559975
v -1.83793998 -0.60618198 13.05630016
v -1.65130007 -0.11729900 12.74769974
v -1.65415990 -0.11344800 12.66790009
v -1.59232998 -0.16218801 12.70639992
v -1.54947007 -0.22475299 12.75119972
v -1.53892004 -0.21758500 12.64960003
v -1.47315001 -0.36197799 12.61139965
v -1.49673009 -0.27737400 12.58659935
v -1.49188995 -0.48447800 12.71360016
v -1.38312995 -0.45607299 11.86019993
v -1.40207994 -0.46956903 11.94680023
v -1.41507995 -0.53596199 11.86419964
v -1.41430998 -0.45462698 12.06190014
v -1.60723996 -0.15948799 12.80180073
v -1.61275995 -0.37505701 13.32159996
v -1.69888997 -0.43218899 13.76219940
v -1.77726007 -0.63237602 12.70230007
v -1.83864999 -0.59081602 12.76029968
v -1.63335001 -0.63010800 11.85960007
v -1.67731988 -0.60602105 11.93760014
v -1.69790995 -0.58525598 11.85700035
v -1.73701000 -0.56378102 12.00160027
v -1.42497993 -0.37841898 12.23620033
v -1.46141994 -0.52985400 12.28999996
v -1.45421004 -0.50573504 12.38850021
v -1.87275004 -0.17372599 12.78740025
v -1.87682986 -0.20286199 12.69000053
v -1.95879006 -0.26882100 13.21540070
v -1.94297004 -0.32433900 13.01390076
v -1.67063010 -0.18860801 13.42400074
v -1.74199998 -0.10926700 13.43939972
v -1.64074993 -0.28369302 13.46799946
v -1.72240007 -0.11667900 13.33390045
v -1.82780004 -0.07768970 13.46049976
v -1.91935003 -0.11884101 13.41990089
v -1.90021002 -0.09182250 13.50749969
v -1.76086998 -0.10120100 13.53509998
v -1.77978003 -0.09262430 13.62120056
v -1.67399001 -0.13342400 13.09530067
v -1.88357997 -0.51985300 12.73399925
v -1.88358998 -0.49347901 12.61350060
v -1.77980995 -0.27724499 11.99749947
v -1.72399008 -0.20372300 12.03240013
v -1.55492997 -0.25303501 11.39649963
v -1.58560002 -0.31604499 11.32979965
v -1.61082995 -0.32463300 11.40579987
v -1.53467000 -0.26807699 11.29580021
v -1.47676003 -0.22971201 12.05900002
v -1.54645002 -0.18076101 12.24650002
v -1.55502009 -0.17914701 12.14489937
v -1.63276994 -0.14796701 12.23259926
v -1.54714000 -0.18635699 12.01379967
v -1.49638999 -0.25184199 12.49040031
v -1.54285002 -0.18294999 12.32769966
v -1.81173003 -0.13158400 12.64019966
v -1.73670995 -0.10137500 12.64579964
v -1.65548003 -0.11402800 12.56709957
v -1.84156001 -0.37446201 12.15479946
v -1.82420993 -0.47494999 12.14909935
v -1.84963000 -0.43464398 12.22780037
v -1.83771992 -0.20164101 12.43060017
v -1.78883004 -0.14192700 12.47640038
v -1.77290988 -0.15514600 12.35770035
v -1.87465000 -0.33378202 12.36719990
v -1.86657012 -0.42047200 12.32129955
v -1.52559996 -0.20013499 11.58590031
v -1.57900000 -0.24382301 11.49230003
v -1.34987998 -0.34261602 11.61030006
v -1.39186001 -0.26559600 11.61600018
v -1.38042998 -0.31284100 11.73620033
v -1.42307997 -0.22592101 11.49960041
v -1.45412993 -0.21198499 11.59810066
v -1.49773002 -0.19792700 11.68089962
v -1.21213996 -0.52710998 11.07219982
v -1.30476999 -0.32377201 11.00409985
v -1.74645996 -0.12193000 13.70110035
v -1.35394001 -0.51181400 11.67210007
v -1.32889009 -0.43286902 11.59329987
v -1.35096002 -0.41281301 11.70110035
v -1.32746005 -0.52385300 11.56330013
v -1.37688994 -0.59147203 11.63459969
v -1.37232995 -0.49121299 11.76869965
v -1.29663002 -0.63071400 11.36279964
v -1.68047011 -0.59651899 11.77919960
v -1.72824991 -0.53092396 11.80980015
v -1.70908999 -0.52689099 11.71050072
v -1.53096998 -0.68397897 11.64280033
v -1.44082999 -0.65376103 11.64960003
v -1.65750003 -0.59977198 11.57859993
v -1.56817997 -0.69476497 11.52600002
v -1.61420000 -0.65663499 11.61310005
v -1.59968996 -0.65440202 11.74359989
v -1.70429003 -0.43606400 11.64509964
v -1.65585995 -0.29182702 11.61419964
v -1.67224002 -0.37334901 11.56289959
v -1.69053996 -0.34931999 11.64369965
v -1.46539998 -0.75179601 11.35140038
v -1.54761004 -0.76123101 10.78450012
v -1.58556008 -0.70494401 10.71880054
v -1.44211996 -0.90175897 10.19219971
v -1.39440000 -0.92804301 10.12249947
v -1.57547998 -0.71786898 10.20800018
v -1.55365002 -0.61012000 10.09329987
v -1.57167995 -0.71049899 10.12170029
v -1.42423999 -0.34759900 10.75629997
v -1.35021996 -0.36716101 10.57380009
v -1.33570993 -0.38094202 10.48859978
v -1.25686002 -0.46240202 9.98355007
v -1.24997997 -0.45572501 10.07969952
v -1.18746006 -0.50257802 10.02610016
v -1.50132000 -0.41875902 10.63369942
v -1.45518994 -0.37608999 10.68869972
v -1.58111000 -0.54804701 10.58290005
v -1.57830000 -0.60460103 10.37709999
v -1.59820008 -0.63436097 10.64380074
v -1.20735002 -0.44832501 10.84270000
v -1.18950009 -0.66906798 10.94820023
v -1.11309004 -0.62959701 10.11129951
v -1.14125001 -0.56216401 10.06589985
v -1.12901998 -0.58824003 10.19460011
v -1.26135993 -0.39806899 10.54649925
v -1.26477003 -0.40473801 10.47130013
v -1.39926004 -0.40117401 10.42080021
v -1.30069995 -0.94040203 10.13199997
v -1.26074004 -0.92357194 10.23649979
v -1.43129992 -0.86649197 10.59480000
v -1.26081002 -0.78399801 11.00500011
v -1.34730995 -0.88583499 10.63720036
v -1.19071996 -0.86720693 10.40699959
v -1.12650990 -0.69075799 10.46800041
v -1.13309002 -0.61039603 10.47640038
v -1.41899002 -0.92719698 10.03709984
v -1.11300004 -0.81764299 10.03119946
v -1.18252003 -1.04147995 9.20108032
v -1.23198009 -1.04009998 9.26564026
v -1.28016996 -1.05066991 9.18735981
v -1.19114995 -1.01802993 9.34395981
v -1.29849994 -1.02933002 9.34382057
v -1.15895009 -0.99186403 9.41353989
v -1.10882998 -0.97149801 9.35233021
v -1.02511001 -0.90655297 9.20128059
v -1.04893994 -0.91881001 9.28394032
v -1.08965993 -0.99330503 9.20390987
v -1.13206995 -1.00616002 9.27433968
v -1.23500991 -1.01735997 9.41253948
v -1.19552004 -0.99778497 9.46700954
v -1.33548999 -1.03192997 9.24942970
v -1.37436998 -1.02282000 9.16522026
v -1.36436009 -0.98472297 9.63218975
v -1.27604997 -0.99766195 9.58756065
v -1.28884006 -0.98675805 9.68183994
v -1.50206006 -0.87083101 9.27945042
v -1.51826000 -0.82414502 9.35361004
v -1.51431000 -0.78452098 9.28223991
v -1.50180995 -0.73824704 9.20825005
v -1.48003995 -0.69479799 9.13545036
v -1.49996006 -0.78947604 9.13829994
v -1.50544000 -0.83080703 9.20808983
v -1.53323007 -0.74781597 9.52667999
v -1.53520000 -0.70293397 9.62080002
v -1.48799002 -0.91076601 9.43107033
v -1.51492000 -0.85479295 9.41071033
v -1.42434001 -0.96553200 9.58712959
v -1.21983004 -0.96585906 9.73270035
v -1.31160998 -0.46513301 9.83314991
v -1.22838998 -0.53013301 9.11675072
v -1.22679996 -0.52507198 9.21980000
v -1.30852008 -0.52949601 9.16906929
v -1.41813004 -0.55466497 9.38820076
v -1.37644994 -0.53381801 9.34679031
v -1.48000002 -0.60398000 9.49738979
v -1.54495001 -0.75831497 9.67820930
v -1.53676009 -0.67547202 9.70565987
v -1.18076003 -0.92379397 9.91448975
v -1.24254000 -0.96065199 9.83300972
v -1.16023993 -0.92604601 9.78972054
v -1.09990001 -0.86338794 9.73201942
v -1.03618002 -0.67864096 9.16259956
v -1.06534994 -0.72375202 9.60899925
v -1.07700992 -0.69874501 9.70033073
v -1.10035002 -0.67542499 10.03800011
v -1.11239004 -0.62224495 9.99936008
v -1.00393999 -0.89557898 9.11789036
v -0.85533106 -0.78372896 8.27858925
v -0.85826397 -0.82437003 8.35264015
v -0.83803999 -0.87423599 8.29722977
v -0.88631094 -0.77022702 8.41221046
v -0.86954606 -0.84217501 8.42648029
v -0.91361201 -0.73300701 8.47336006
v -0.92840701 -0.69082600 8.40402985
v -0.88948095 -0.73237598 8.33032036
v -0.88533700 -0.70585096 8.22564030
v -0.95617801 -0.64411002 8.31700993
v -0.88686597 -0.80922401 8.48412037
v -0.90923005 -0.76484597 8.53486061
v -0.85594302 -0.90376502 8.38523006
v -0.84448606 -0.97240603 8.31019974
v -1.14750993 -1.04341006 9.13205051
v -1.22756994 -1.07707000 9.01157951
v -1.17709994 -1.08201003 8.96059990
v -1.14428997 -1.05825007 9.05161953
v -1.20326006 -1.06617999 9.08012962
v -1.32559991 -1.04803002 9.10733032
v -1.23457003 -1.06055999 9.13109016
v -1.08880997 -1.09759998 8.75201035
v -1.15354991 -1.10218000 8.81095982
v -1.17479002 -1.11433005 8.72350979
v -1.06999993 -1.07229006 8.83491993
v -0.96215898 -1.11397004 8.37341022
v -0.99016505 -1.14367998 8.28565979
v -0.92149895 -1.10292995 8.30484962
v -1.04870999 -1.15119004 8.32966042
v -1.08978999 -1.15929008 8.25213051
v -1.02830005 -1.13712001 8.40426064
v -1.09579003 -1.14883006 8.38720036
v -1.06457996 -1.13795006 8.45934963
v -1.16564000 -1.14346004 8.31365967
v -1.19297004 -1.13239002 8.21190071
v -0.94640398 -0.74939501 8.73161983
v -0.94622296 -0.79070604 8.80550003
v -0.92453802 -0.84218502 8.72233009
v -0.97293103 -0.73716700 8.87692070
v -0.95689404 -0.83518696 8.89993954
v -0.92005098 -0.79437500 8.65466022
v -0.97880805 -0.75870901 8.96401978
v -1.00224996 -0.71148300 9.01218987
v -0.99155200 -0.75834197 9.04965973
v -0.93965501 -0.88690597 8.80296993
v -0.92933702 -0.93688899 8.71418953
v -1.01368999 -1.04883003 8.77562046
v -1.03347993 -1.08492005 8.69149017
v -1.06204998 -1.11456001 8.60902977
v -0.98480499 -1.06752992 8.62330055
v -1.01999998 -1.11044002 8.53946972
v -0.96810502 -1.02277005 8.70606995
v -1.44739997 -0.96036398 9.14363003
v -1.48982000 -0.87642604 9.13603973
v -1.46831000 -0.91557503 9.04714966
v -1.49354005 -0.82610101 9.08339977
v -1.48725009 -0.80391902 9.02488041
v -1.47723997 -0.85986006 8.97231960
v -1.48602998 -0.74181598 9.07493973
v -1.33536994 -0.93370998 8.24096966
v -1.34185004 -0.98623401 8.31949997
v -1.35390997 -0.88693398 8.31171989
v -1.36921000 -0.92454898 8.37946987
v -1.33003998 -0.85312593 8.24540997
v -1.29473996 -0.78245199 8.21059990
v -1.31327999 -0.86970103 8.17806053
v -1.41633999 -0.94348300 8.66942024
v -1.38283992 -0.99858105 8.61728954
v -1.36969006 -1.02648997 8.69449043
v -1.38339996 -0.97709000 8.53677940
v -1.33743000 -1.05005002 8.57017994
v -1.42666996 -0.96975404 8.88123035
v -1.44177997 -0.91888106 8.79755974
v -1.40764999 -0.98948097 8.80597019
v -1.32037997 -1.06912005 8.75366974
v -1.37711000 -1.02390003 8.76776981
v -1.41434002 -0.96860105 8.74341965
v -1.33976007 -1.03822005 8.48975945
v -1.37839007 -0.95497000 8.45707035
v -1.32854009 -1.06277001 8.65460968
v -1.11655998 -1.11822999 8.66779995
v -0.95569402 -0.70923501 8.66623974
v -0.98135597 -0.68179405 8.72850990
v -0.92585599 -0.75272697 8.60865974
v -0.97412300 -0.66483897 8.58162022
v -1.00524998 -0.68979299 8.94989967
v -1.01577997 -0.65834796 8.86933994
v -1.03171992 -0.66031802 9.02013016
v -0.97739297 -0.70389599 8.79850960
v -1.03514004 -0.62406403 8.77447987
v -0.93385094 -0.71389300 8.53608036
v -1.01073003 -0.63714802 8.67508030
v -1.17230999 -0.63668096 8.21647072
v -1.12063003 -0.60133702 8.27917004
v -1.09222007 -0.60364598 8.22060966
v -1.21032000 -0.64468396 8.27639961
v -1.23565996 -0.69979203 8.19262028
v -1.16336000 -0.60027897 8.35793972
v -1.22451997 -0.57694304 8.60727978
v -1.28185999 -0.58960098 8.66547012
v -1.20846009 -0.56517702 8.66924953
v -1.38945997 -0.58758503 9.04332924
v -1.30628002 -0.53885198 9.07734966
v -1.32348001 -0.55513704 8.99448013
v -1.24461007 -0.56459397 8.73227024
v -1.33048999 -0.60731101 8.72529984
v -1.35275006 -0.64502800 8.66244984
v -1.29958999 -0.57518399 8.79249001
v -1.37628007 -0.63367599 8.78655052
v -1.25642002 -0.60192096 8.54316044
v -1.28674006 -0.64032304 8.47799015
v -1.33304000 -0.66482300 8.54131985
v -1.37234998 -0.69383603 8.60215950
v -1.39793992 -0.70994502 8.66462994
v -1.30850005 -0.62131900 8.60258007
v -1.34742999 -0.59177899 8.85399055
v -1.39406002 -0.67849302 8.72185993
v -1.44058001 -0.88156098 8.72524071
v -1.42979002 -0.85231400 8.64814949
v -1.41216004 -0.91633195 8.59076023
v -1.11087000 -0.61890304 8.16029930
v -1.13366008 -0.64699602 8.09074974
v -1.05726004 -0.61175197 8.10618973
v -1.08083999 -0.63104498 8.03595924
v -1.01716006 -0.60482204 8.27169037
v -1.03302002 -0.60377002 8.18029976
v -1.15587997 -0.68197596 8.03391075
v -1.20305991 -0.70152700 8.10460949
v -1.10543001 -0.66198003 7.96824026
v -1.26976991 -0.78968704 8.12763023
v -1.17405999 -0.65721303 8.15174007
v -1.02990997 -0.71559203 7.35071039
v -0.99701500 -0.67151701 7.49319983
v -0.95688599 -0.64030999 7.56818008
v -0.91840202 -0.62112004 7.46684027
v -0.97749394 -0.65914202 7.39533997
v -1.03471005 -0.71211803 7.43607044
v -0.87035304 -0.60562199 7.54686975
v -0.68301302 -0.60974896 7.51336002
v -0.77616298 -0.59297001 7.52401972
v -0.82928002 -0.58702505 7.45098019
v -0.84193599 -0.77508402 8.20189953
v -0.78714401 -0.87599498 8.10171986
v -0.79818404 -0.79756600 8.07003021
v -0.81411505 -0.81614506 8.15028000
v -0.80621797 -0.87902498 8.17074966
v -0.81839305 -0.92255098 8.22706032
v -0.82606602 -0.84151697 8.22402000
v -0.57337201 -0.71587002 7.53916025
v -0.56249398 -0.79210198 7.58132029
v -0.64061397 -0.66491497 7.57107019
v -0.61638600 -0.73314101 7.61987019
v -0.60855496 -0.80846798 7.66433048
v -0.56655997 -0.87417698 7.61995029
v -0.52335000 -1.02243006 7.51883030
v -0.47948298 -1.01134992 7.43839025
v -0.48989400 -0.92969400 7.48832035
v -0.53674996 -0.94307202 7.57130957
v -0.51885301 -0.85916793 7.53627014
v -1.03955007 -0.65719199 7.80696011
v -0.69546902 -0.82906306 7.83165979
v -0.70544201 -0.74679899 7.77942944
v -0.65308398 -0.81954896 7.74595022
v -0.92423803 -1.12283003 8.23538971
v -0.95721501 -1.16364002 8.09228992
v -0.94121903 -1.14801002 8.15695000
v -1.02708995 -1.16905999 8.12878036
v -1.12427998 -1.15720999 8.15960026
v -1.01498008 -1.16056001 8.20446014
v -0.63770300 -1.19404006 7.40894985
v -0.78843296 -1.19281995 7.31227016
v -0.70825499 -1.20758998 7.36690998
v -0.70656800 -1.20572996 7.45485973
v -0.80165994 -1.20280004 7.40235996
v -0.86051500 -1.13530993 8.03420067
v -0.87565202 -1.15982997 7.96586990
v -0.80958998 -1.10985005 7.99254990
v -0.70859897 -1.02695000 7.87217999
v -0.75416499 -1.06965995 7.93658972
v -0.75173503 -1.11558998 7.85559988
v -0.81313401 -1.14280999 7.90989971
v -0.82539195 -1.17258000 7.82181025
v -0.78014797 -1.18493009 7.69999027
v -0.70834899 -1.16482997 7.66207981
v -0.69829100 -1.12590003 7.73536968
v -0.69817102 -1.08289003 7.80059958
v -0.76078099 -1.15455997 7.77929020
v -0.73088998 -0.84909600 7.92338037
v -0.69464004 -0.92576706 7.86500025
v -1.13086998 -0.70240301 7.90960026
v -1.06386995 -0.65329498 7.89359951
v -1.17952001 -0.77320397 7.88610983
v -1.17360997 -0.72582102 7.96966028
v -1.11579001 -0.71214902 7.83677006
v -1.09628999 -0.71899301 7.74962997
v -1.15705001 -0.78378600 7.79007053
v -1.04909003 -0.98291701 7.27090979
v -1.06260991 -0.89965403 7.24055004
v -1.02279997 -1.04595006 7.30183029
v -1.07038999 -1.00494003 7.35473013
v -1.12110007 -0.99327898 7.49112988
v -1.13409007 -1.03548002 7.58189011
v -1.14794993 -0.93326300 7.55899954
v -1.16719997 -0.98845398 7.64219952
v -1.17403007 -1.04124999 7.72052002
v -1.19104993 -0.95115697 7.71840000
v -1.15775001 -0.87082100 7.63984966
v -1.20130992 -1.00919998 7.77630997
v -0.89275301 -1.18074000 7.87645054
v -0.90008098 -1.19227004 7.78576946
v -0.97150600 -1.18195999 7.94396973
v -0.82957900 -1.18702006 7.75558996
v -0.97649002 -1.18759000 7.83579016
v -0.98122704 -1.18659997 7.73892975
v -1.13102996 -1.08206999 7.66191006
v -1.12448001 -1.11637998 7.74561024
v -1.07369006 -1.12112999 7.60559988
v -1.17419004 -1.07875991 7.79768991
v -1.21714997 -1.03202999 7.85970020
v -1.07972002 -1.08297992 7.51539993
v -1.07866001 -1.04113996 7.43044949
v -1.06357002 -1.14926004 7.69563961
v -1.04320002 -0.87689304 7.16771984
v -0.78045803 -0.56281501 7.36292028
v -0.58051699 -0.57385004 7.33472967
v -0.34608501 -0.88265198 7.17201996
v -0.47037500 -0.84389496 7.44814968
v -0.74853903 -1.16311002 7.15329981
v -0.79951799 -0.49899101 6.99698019
v -0.82421505 -0.53697699 7.13750982
v -2.06816006 -0.37338501 13.81540108
v -2.06835985 -0.29769200 13.80819988
v -1.77731991 -0.51276499 13.86629963
v -1.92089999 -0.47420901 12.94149971
v -1.88491988 -0.53592402 12.83820057
v -1.87672007 -0.55939800 12.90469933
v -1.87248993 -0.57326496 12.97879982
v -1.84267008 -0.59887201 12.92070007
v -1.83847010 -0.59830600 12.84929943
v -1.78134990 -0.63355500 12.88520050
v -1.65828001 -0.38459402 13.59420013
v -1.64044988 -0.43111500 13.42059898
v -1.98663998 -0.45003900 13.43900013
v -1.95918012 -0.49249500 13.35190010
v -1.94095993 -0.54206300 13.44089985
v -1.90030003 -0.57756299 13.53040028
v -1.95556998 -0.19211000 13.34859943
v -1.98838007 -0.23095700 13.46049976
v -1.98504996 -0.28310600 13.37409973
v -2.00905991 -0.21899000 13.59010029
v -1.87035012 -0.15390800 12.87839985
v -1.90891004 -0.23469500 12.86190033
v -1.91760004 -0.22617200 12.96860027
v -1.90676999 -0.25675100 12.77659988
v -1.92460990 -0.31432801 12.83939934
v -1.89697003 -0.57467300 13.34490013
v -1.79507995 -0.60071504 13.34480000
v -1.58731008 -0.15607099 12.60019970
v -1.57224000 -0.16255100 12.49170017
v -1.75146997 -0.11309201 12.55520058
v -1.81539989 -0.14805099 12.55539989
v -1.46331000 -0.34205401 12.51650047
v -1.47247005 -0.45076799 12.63290024
v -1.45706999 -0.43331599 12.54269981
v -1.49646997 -0.54295301 12.63379955
v -1.55206001 -0.61663198 12.60619926
v -1.51116002 -0.58184898 12.56239986
v -1.53746998 -0.58265603 12.71129990
v -1.45508003 -0.53288299 12.10109997
v -1.49083996 -0.56964505 12.18340015
v -1.41513991 -0.37462598 12.13119984
v -1.43650997 -0.53221500 11.97160053
v -1.79386008 -0.09242890 12.97160053
v -1.74000001 -0.09109570 13.03079987
v -1.71469998 -0.09586540 12.93159962
v -1.63295996 -0.14507399 12.88780022
v -1.79559994 -0.09746220 12.89389992
v -1.69862998 -0.09878550 12.82700062
v -1.62851012 -0.34773099 13.41950035
v -1.64258993 -0.37478700 13.50039959
v -1.58827996 -0.53595799 13.02499962
v -1.54342008 -0.46758899 12.95740032
v -1.56239998 -0.45317301 13.04689980
v -1.55000997 -0.36642101 13.00839996
v -1.57520998 -0.26619700 13.01830006
v -1.59549999 -0.49570099 13.12590027
v -1.77941000 -0.53058898 12.08130074
v -1.68701005 -0.61030799 12.12090015
v -1.73572004 -0.54586500 11.89859962
v -1.43706000 -0.48373598 12.21729946
v -1.48367000 -0.55922598 12.42570019
v -1.93439996 -0.17980699 13.24949932
v -1.93850005 -0.43761903 13.02660084
v -1.81672001 -0.08061220 13.36680031
v -1.65764010 -0.18767901 13.30659962
v -1.83889997 -0.07430050 13.55610085
v -1.60997999 -0.22031400 13.10449982
v -1.84801996 -0.19489500 12.51539993
v -1.86945987 -0.27525699 12.41740036
v -1.89617991 -0.27642000 12.62709999
v -1.89568996 -0.32073802 12.54609966
v -1.87842011 -0.24714899 12.55370045
v -1.78715003 -0.24944898 12.07909966
v -1.75371003 -0.37581000 11.82079983
v -1.77077997 -0.32389200 11.90730000
v -1.78581011 -0.56461298 12.25769997
v -1.74375987 -0.60744601 12.30490017
v -1.64664996 -0.65543497 12.53100014
v -1.77306008 -0.62954998 12.61670017
v -1.76833987 -0.62520099 12.53639984
v -1.70431995 -0.65296000 12.58030033
v -1.82800996 -0.57653898 12.55650043
v -1.62707996 -0.53473002 11.18680000
v -1.61662996 -0.61657202 11.15810013
v -1.60697007 -0.49228102 11.01460075
v -1.60722005 -0.45953101 11.10080051
v -1.59300005 -0.47786102 10.92850018
v -1.57073998 -0.36920500 11.13099957
v -1.51933002 -0.29014298 11.18620014
v -1.62493992 -0.40178198 11.33030033
v -1.65328002 -0.16428401 12.10589981
v -1.48616004 -0.22828500 12.17679977
v -1.62327993 -0.18081900 11.94970036
v -1.53251004 -0.19119500 11.88189983
v -1.46079993 -0.23457301 11.94009972
v -1.43816006 -0.24347401 11.82279968
v -1.53350997 -0.20978400 12.56429958
v -1.59377003 -0.15216100 12.30800056
v -1.86081004 -0.19601600 12.59560013
v -1.81839013 -0.32518101 12.07380009
v -1.82148004 -0.42526898 12.07289982
v -1.88015997 -0.42226499 12.42289925
v -1.36189008 -0.28691199 11.50500011
v -1.50066006 -0.20862100 11.48840046
v -1.42124009 -0.24714501 11.71759987
v -1.48493004 -0.20560999 11.77229977
v -1.40726995 -0.29544699 10.97929955
v -1.35891998 -0.27006701 11.30459976
v -1.28198004 -0.36059001 11.20210075
v -1.31396997 -0.31102198 11.12639999
v -1.44700003 -0.26271001 11.15619946
v -1.38587999 -0.25677699 11.22509956
v -1.36855006 -0.27091998 11.16090012
v -1.81970000 -0.07564120 13.69949913
v -1.30590999 -0.45121497 11.48909950
v -1.34329009 -0.59820497 11.53289986
v -1.37116003 -0.39272100 11.80940056
v -1.41421008 -0.58355498 11.75259972
v -1.23151994 -0.49405098 11.15270042
v -1.22858000 -0.57150799 11.16539955
v -1.24827003 -0.50385499 11.24289989
v -1.49029994 -0.78547400 11.07679939
v -1.44060004 -0.81581497 11.00559998
v -1.25519001 -0.62037098 11.24520016
v -1.31493998 -0.71708596 11.27340031
v -1.66702008 -0.60106802 11.67080021
v -1.62884009 -0.63727897 11.50269985
v -1.47677004 -0.70408905 11.54459953
v -1.73642993 -0.45048800 11.75930023
v -1.71882987 -0.36211601 11.72070026
v -1.68327010 -0.27907801 11.71619987
v -1.63337004 -0.30763900 11.51630020
v -1.53584003 -0.74787003 11.14820004
v -1.50524998 -0.75865102 11.24759960
v -1.58088994 -0.69639599 11.21269989
v -1.40671992 -0.76815301 11.26949978
v -1.52260995 -0.42583799 10.69530010
v -1.51499009 -0.39928702 10.77740002
v -1.56525004 -0.47378200 10.73740005
v -1.55624998 -0.48245502 10.64229965
v -1.57936001 -0.47264701 10.84029961
v -1.59621000 -0.53609502 10.77689934
v -1.54434001 -0.77158898 10.69820023
v -1.35179996 -0.85703200 10.83870029
v -1.48818994 -0.81169498 10.82919979
v -1.49272001 -0.81742203 10.73830032
v -1.47193003 -0.81225902 10.91869926
v -1.42586005 -0.83964002 10.85930061
v -1.48584998 -0.47617403 10.26360035
v -1.40867996 -0.42997399 10.26249981
v -1.41873002 -0.44580597 10.18639946
v -1.56834006 -0.62977701 10.18990040
v -1.51011002 -0.51982003 10.16530037
v -1.49568999 -0.52267098 10.05679989
v -1.16842008 -0.53754002 10.75290012
v -1.19982994 -0.45384997 10.71109962
v -1.24784005 -0.38846701 10.77350044
v -1.26630998 -0.36438900 10.88580036
v -1.31019998 -0.33859402 10.82639980
v -1.37878001 -0.35309801 10.66720009
v -1.58019996 -0.67196399 10.28679943
v -1.19092000 -0.88238001 10.30469990
v -1.17497993 -0.88094503 10.21100044
v -1.14428997 -0.83138907 10.26589966
v -1.14289999 -0.78501099 10.44700050
v -1.12377000 -0.80462199 10.19410038
v -1.11734998 -0.75826895 10.27499962
v -1.25123000 -0.43575603 10.26149940
v -1.32727003 -0.41968799 10.21479988
v -1.32617998 -0.41083398 10.28209972
v -1.23504996 -0.45338804 10.18010044
v -1.17305005 -0.50572699 10.25349998
v -1.21824002 -0.45117301 10.32539940
v -1.31197000 -0.39558700 10.40899944
v -1.50220001 -0.83471406 10.47239971
v -1.51321006 -0.83725101 10.31830025
v -1.46390998 -0.88281900 10.26320076
v -1.42989993 -0.89425099 10.32719994
v -1.41084993 -0.90934002 10.25440025
v -1.34721005 -0.92268401 10.29870033
v -1.12375998 -0.63811404 10.39169979
v -1.16554999 -0.64725000 10.82450008
v -1.16156995 -0.60790300 10.79010010
v -1.16179001 -0.68875802 10.77480030
v -1.17651999 -0.69089198 10.86050034
v -1.19643998 -0.77823198 10.80259991
v -1.16545999 -0.75373900 10.69579983
v -1.09631002 -0.73895997 10.03050041
v -1.13823009 -0.96519500 9.48243999
v -1.06120002 -0.90166795 9.38724995
v -1.07728994 -0.89890605 9.47627068
v -1.03191996 -0.82493001 9.35507965
v -1.03670001 -0.72840899 9.33934975
v -1.04132998 -0.75455397 9.41798973
v -1.06841004 -0.66104496 9.40955925
v -1.01864994 -0.81668997 9.27134991
v -1.49216998 -0.90092498 9.34964943
v -1.44142997 -0.96369302 9.43947983
v -1.39596999 -1.00172997 9.31175041
v -1.41990006 -0.98978204 9.22477055
v -1.46195006 -0.94520199 9.29043007
v -1.47698998 -0.91852903 9.20866013
v -1.44796002 -0.96048200 9.36775970
v -1.26102996 -1.00882995 9.49518013
v -1.45581996 -0.51405603 9.87438011
v -1.50111997 -0.57056999 9.83305931
v -1.49774003 -0.58326805 9.74100018
v -1.52496994 -0.58529800 9.94505024
v -1.54490995 -0.64649403 9.87936020
v -1.43119001 -0.57422000 9.33550072
v -1.47165000 -0.63199198 9.30050945
v -1.45980000 -0.59969503 9.37355995
v -1.50125003 -0.69912201 9.28927994
v -1.41330004 -0.56829703 9.27260017
v -1.46290994 -0.63927901 9.20865059
v -1.52728999 -0.78497100 9.43453026
v -1.35768008 -0.95737398 9.91877937
v -1.40318000 -0.94972897 9.86544037
v -1.32442999 -0.96797198 9.85495949
v -1.42988992 -0.93045199 9.95282936
v -1.48824000 -0.89628094 9.87283039
v -1.43202996 -0.94461805 9.78588009
v -1.36759996 -0.97414905 9.72772026
v -1.36409998 -0.47778502 9.78571987
v -1.24935997 -0.47447100 9.88801003
v -1.12860000 -0.58474201 9.82425976
v -1.10438991 -0.63611400 9.89256001
v -1.09013009 -0.66762102 9.79358959
v -1.18239999 -0.51806700 9.85122013
v -1.23320997 -0.49051699 9.78075981
v -1.14587998 -0.55692303 9.94209957
v -1.20027995 -0.49809098 9.93668938
v -1.55016005 -0.75011402 9.75742054
v -1.11816001 -0.84924805 9.93770027
v -1.06976998 -0.78864199 9.67434978
v -1.06193995 -0.79885304 9.59562016
v -1.20670009 -0.51636899 9.57962036
v -1.14844000 -0.55808604 9.65307999
v -1.22342992 -0.52138799 9.31777000
v -1.32011998 -0.52167302 9.27114010
v -1.15481997 -0.55375201 9.35011005
v -1.15184999 -0.55578399 9.28301048
v -1.08458996 -0.62377000 9.32271004
v -1.12787998 -0.57714099 9.41471004
v -1.29333997 -0.50755799 9.37981033
v -0.98631495 -0.88390905 9.04341984
v -1.07974005 -1.04043996 8.99260998
v -1.06274998 -0.99550200 9.10853004
v -1.01607001 -0.96057594 9.04054070
v -1.25093007 -0.54228300 8.94406986
v -1.31692004 -0.56379300 8.91430950
v -1.16369998 -0.55044401 9.04807949
v -1.18548000 -0.54492199 8.97752953
v -1.11677003 -0.57333797 8.96945000
v -0.99318999 -0.62453800 8.40847015
v -1.23304999 -0.61944699 8.41652012
v -1.16330004 -0.58463502 8.45549965
v -1.06824994 -0.58939803 8.41921043
v -1.02049994 -0.61241400 8.49892998
v -1.05008006 -0.59542900 8.34168053
v -0.88960999 -1.05139995 8.35698986
v -1.43533003 -0.96696198 8.97979927
v -1.46267998 -0.89653903 8.91644955
v -1.35394001 -1.04525995 8.92698002
v -1.35720992 -1.03978992 9.02269936
v -1.28274000 -1.06518006 9.05314064
v -1.40754998 -1.00283003 9.08011055
v -1.14361000 -1.08627009 8.89962959
v -1.11072993 -1.13586998 8.52306938
v -1.34026003 -1.02102005 8.40492058
v -1.27898002 -1.09367001 8.52750969
v -1.17306995 -1.13767993 8.42739010
v -1.24866998 -1.10063004 8.25874043
v -1.27403998 -1.08810997 8.34364033
v -1.30812001 -1.03086007 8.25010014
v -1.27449000 -1.09446001 8.44923973
v -0.96092194 -0.97375000 8.79213047
v -0.87915695 -0.90633404 8.49485970
v -0.94560498 -1.05263007 8.54501057
v -0.90360898 -0.89729702 8.61781979
v -0.90044200 -0.98183805 8.52921009
v -0.91846001 -1.05308998 8.45105934
v -1.45647001 -0.66754496 9.06305027
v -1.23664999 -1.10040998 8.78355980
v -1.25785995 -1.10038006 8.68964958
v -1.28004003 -0.71639901 8.27575016
v -1.12602997 -0.57038397 8.62294960
v -1.24318004 -0.53504199 9.02530956
v -1.15969002 -0.56040502 8.72266960
v -1.07954001 -0.58659703 8.69816971
v -1.35879004 -0.82733500 8.36287975
v -1.34823000 -0.71306598 8.48090935
v -1.38388991 -0.86003196 8.43564034
v -1.35668004 -0.76775801 8.42059040
v -1.31843996 -0.73594201 8.34943008
v -1.41092992 -0.76566803 8.62390995
v -1.47412002 -0.75817901 8.96638012
v -1.41568005 -0.66577202 8.85114002
v -1.44995999 -0.70800000 8.91330051
v -1.47150004 -0.80631304 8.90649033
v -1.44382000 -0.66852295 8.98610973
v -1.43493998 -0.77892798 8.71679974
v -0.95364797 -0.63186300 8.20617962
v -1.29396999 -0.88915503 8.10156059
v -1.28420997 -0.99664402 8.07602978
v -1.31309009 -0.96668702 8.16734982
v -0.81976300 -0.60433698 7.60018015
v -0.81855094 -0.61640298 7.68031979
v -0.75025803 -0.63484603 7.66055012
v -0.85013503 -0.62198001 7.76095963
v -0.90850699 -0.61737502 7.66247034
v -0.66049898 -0.74557900 7.70090008
v -1.00646996 -0.61132598 8.05422020
v -0.89204800 -0.66706300 8.11350060
v -0.90015602 -0.63055301 7.95205975
v -0.86878300 -0.66500103 8.01743031
v -0.92979401 -0.62683100 8.03637028
v -1.00525999 -0.61716700 7.97279978
v -0.86706895 -1.05947995 8.26476955
v -1.09417999 -1.16538000 8.05298996
v -1.17917001 -1.12816000 8.04429054
v -1.22283006 -1.10472000 8.11554050
v -1.24414992 -1.05673003 8.01558018
v -1.27207005 -1.06419003 8.17438984
v -0.79671299 -0.94292605 8.14661026
v -0.77355099 -1.03593993 8.02400970
v -0.75995797 -0.86977899 8.01329994
v -0.85811102 -1.08933997 8.16689968
v -0.56949800 -1.03514004 7.59781027
v -0.58318698 -0.96009398 7.65091038
v -0.61269200 -1.04167998 7.67352009
v -0.63305897 -1.12767005 7.61428976
v -0.65446502 -1.10604000 7.68779993
v -0.65352499 -1.05574000 7.74038029
v -1.13314998 -0.78505403 7.69562006
v -1.21976006 -0.75246602 8.04364967
v -0.95694196 -1.10699999 7.29470968
v -1.06534994 -0.73704600 7.51834011
v -1.08019996 -0.76939499 7.46838999
v -1.11854005 -0.82144403 7.53909016
v -1.10137999 -0.81989205 7.45167017
v -1.12285995 -0.89639103 7.46858978
v -1.07301998 -0.77406001 7.40268993
v -1.18154001 -0.85952199 7.74992990
v -1.05452001 -1.16654992 7.78777027
v -1.00476003 -1.15468001 7.55213022
v -0.90978897 -1.18840003 7.50804996
v -0.90487605 -1.19709992 7.59464025
v -1.05365002 -0.80444402 7.22184992
v -0.46341199 -1.09259999 7.30227947
v -0.51004201 -1.15136993 7.24417019
v -0.44483501 -1.09495997 7.22776031
v -0.40705699 -1.00971007 7.26561975
v -0.40409899 -1.05644000 7.16467953
v -0.67496699 -1.19038999 7.20728016
v -0.81876802 -0.52262604 7.07172012
v -0.76494396 -0.50834197 7.12378025
v -1.70941007 -0.42996502 13.83970070
v -1.65027010 -0.29735500 13.56060028
v -1.68500006 -0.51349902 13.43190002
v -1.66893005 -0.45679599 13.51830006
v -1.97966993 -0.50300896 13.53739929
v -1.99459004 -0.50326300 13.64190102
v -1.98670006 -0.39074099 13.36109924
v -2.00207996 -0.34816998 13.44389915
v -1.96727014 -0.15475400 13.52339935
v -1.85827005 -0.59124899 13.44730091
v -1.71529007 -0.64092898 12.93379974
v -1.68237996 -0.11665799 12.45390034
v -1.49944997 -0.57571703 12.49260044
v -1.53824997 -0.61457098 12.41919994
v -1.47450995 -0.51834601 12.55859947
v -1.63040006 -0.27206701 13.37140083
v -1.52348006 -0.39221600 12.89270020
v -1.57725000 -0.61828297 12.15229988
v -1.63404012 -0.62027603 12.04369926
v -1.42075002 -0.44531599 12.14599991
v -1.46044993 -0.50385702 12.47770023
v -1.96601009 -0.25033000 13.29429913
v -1.93327999 -0.38785800 12.90980053
v -1.59298003 -0.20431200 12.94190025
v -1.87488997 -0.26212201 12.48670006
v -1.71324003 -0.61177802 12.22860050
v -1.63759005 -0.64845198 12.42280006
v -1.83710003 -0.58069003 12.65849972
v -1.73351991 -0.62513000 12.38679981
v -1.61958003 -0.55918896 11.07649994
v -1.60699010 -0.64263701 11.05270004
v -1.58052993 -0.34930798 11.22870064
v -1.80368996 -0.36833000 11.99100018
v -1.89316010 -0.41389599 12.52429962
v -1.38690007 -0.27701899 11.07940006
v -1.30528998 -0.33922300 11.30370045
v -1.87672997 -0.06431190 13.78359985
v -1.71756005 -0.16176400 13.78609943
v -1.20998001 -0.59799802 11.07880020
v -1.23135006 -0.65202701 11.13560009
v -1.56323004 -0.72485900 11.05389977
v -1.27603996 -0.71610898 11.18669987
v -1.45182002 -0.78763199 11.17310047
v -1.34332001 -0.87300700 10.73470020
v -1.42339003 -0.84961903 10.78219986
v -1.33243001 -0.34176299 10.74960041
v -1.27158999 -0.37931001 10.65889931
v -1.60372996 -0.61867201 10.75959969
v -1.55286002 -0.56341702 10.27169991
v -1.14370000 -0.81396902 10.34280014
v -1.36401999 -0.40442902 10.34160042
v -1.17876995 -0.50492603 10.13290024
v -1.23492002 -0.43101400 10.40130043
v -1.45621991 -0.87279904 10.41149998
v -1.36067998 -0.92913997 10.20739937
v -1.11489999 -0.66335905 10.28970051
v -1.21127009 -0.75329000 10.92189980
v -1.14660001 -0.64389002 10.67600060
v -1.10501003 -0.94997901 9.42346001
v -1.06191993 -0.68896699 9.47503948
v -1.04756999 -0.83360100 9.45053005
v -1.38646007 -0.99968702 9.39890957
v -1.32081008 -1.01403999 9.44648933
v -1.39529002 -0.98842800 9.48473930
v -1.52103996 -0.60806596 9.80742073
v -1.51906002 -0.74233097 9.36890984
v -1.30201995 -0.97691500 9.77301979
v -1.49768996 -0.87841797 9.99271011
v -1.55136001 -0.79856300 10.05830002
v -1.44024003 -0.94809997 9.68919945
v -1.55649006 -0.73644102 9.85869026
v -1.09217000 -0.76799303 9.94400978
v -1.09047008 -0.79629600 9.86923981
v -1.08579993 -0.72141898 9.87182999
v -1.11571002 -0.86715496 9.83230019
v -1.09404004 -0.69299102 9.96302986
v -1.06622005 -0.85114896 9.54189014
v -1.22408998 -0.50214899 9.67722988
v -1.16578996 -0.53797495 9.75115967
v -1.11155999 -0.61107403 9.72337055
v -1.07745004 -0.62242800 9.21306038
v -1.16846001 -0.54271305 9.49081993
v -1.05704999 -1.04611993 8.90987968
v -1.00957000 -0.98857403 8.94423962
v -0.97529602 -0.82717597 9.00414944
v -0.97708702 -0.90830404 8.97001076
v -1.26725996 -0.55345404 8.86493015
v -1.16795993 -0.55208600 8.89177036
v -1.08001006 -0.59405398 8.87543011
v -1.05274999 -0.62484998 8.95565987
v -1.22654998 -0.59970003 8.48548985
v -1.09965003 -0.57933700 8.52218056
v -0.96153498 -0.66318595 8.47963047
v -1.35310006 -1.04710996 8.84192944
v -1.29835999 -1.06691003 8.98856926
v -1.14630008 -1.12981999 8.58587074
v -1.27347004 -1.09652007 8.60811996
v -1.20086002 -1.12688994 8.51078987
v -0.96618098 -0.93637502 8.88015938
v -0.89932501 -0.82216394 8.56865978
v -0.93050003 -0.99745399 8.62468052
v -0.98591298 -1.10808003 8.46374989
v -0.87449300 -0.98060906 8.42294979
v -1.21147001 -1.09526992 8.87240982
v -1.04747999 -0.60101402 8.60006046
v -1.11817002 -0.56998700 8.79347992
v -1.40135002 -0.88975298 8.51202965
v -1.25645995 -0.65838498 8.34753990
v -1.32806993 -0.79856098 8.29141998
v -1.38313997 -0.74155998 8.55024052
v -1.46059000 -0.86816597 8.84942055
v -1.39182997 -0.61231500 8.93482971
v -1.47449994 -0.72643197 9.02219963
v -1.42913997 -0.71887797 8.78283978
v -0.67681998 -0.67906296 7.64421988
v -0.71885502 -0.68436801 7.71827984
v -0.72076499 -0.62291396 7.58925009
v -0.84456503 -0.73526102 8.12948036
v -0.97555304 -0.61475700 8.11606979
v -0.95849800 -0.61822701 7.87584019
v -1.24276996 -1.01740003 7.93649960
v -1.20649993 -1.08780003 7.95081997
v -1.05274999 -1.17342997 7.88211966
v -1.06608999 -1.17181993 7.96716976
v -1.14453006 -1.14160991 7.97353983
v -1.00852001 -1.17537999 8.04228020
v -0.92544806 -1.16459000 8.03137970
v -0.57732403 -1.11134005 7.53579044
v -0.77026904 -0.95153105 8.06027985
v -0.79963100 -1.02017999 8.11388969
v -0.88900602 -1.13542998 8.09834003
v -0.82362700 -1.00384998 8.20675945
v -0.61208498 -0.88956898 7.70082998
v -0.66763198 -0.99505198 7.80030966
v -1.10221004 -0.76887500 7.59969044
v -1.26082003 -0.82517993 8.05574989
v -1.22756004 -0.80508804 7.98067999
v -1.20668006 -0.86163104 7.83804035
v -1.26873994 -0.89234304 8.01608944
v -1.23575997 -0.86833203 7.92854977
v -1.23822999 -0.94778603 7.88735962
v -1.26243997 -0.96454495 7.97401953
v -0.88101399 -1.16791999 7.34200954
v -1.10539997 -0.95241004 7.40967035
v -1.06682992 -0.78154802 7.33788967
v -0.80342305 -1.20087004 7.63043976
v -0.72719896 -1.19219995 7.58834982
v -0.99082696 -1.17658997 7.64403009
v -1.02359998 -1.07813001 7.36631012
v -0.96091098 -1.15830004 7.46199036
v -0.48109198 -1.13493001 7.15805960
v -0.76332200 -0.49304500 7.05716038
v -1.74517989 -0.49538699 13.78679943
v -1.66569996 -0.13221200 12.33049965
v -1.59331000 -0.14746900 12.40049934
v -1.61706996 -0.18912999 13.02950001
v -1.88806987 -0.34347001 12.46299934
v -1.77449000 -0.55799401 12.17320061
v -1.81958008 -0.50950098 12.21689987
v -1.57609999 -0.63748395 12.49329948
v -1.71868992 -0.64253002 12.48509979
v -1.61464000 -0.43556499 11.20950031
v -1.33000004 -0.29585901 11.22049999
v -1.78234994 -0.09581030 13.78149986
v -1.58612001 -0.68928999 11.12479973
v -1.42621005 -0.85868597 10.68980026
v -1.59115005 -0.54706603 10.68919945
v -1.12053001 -0.72629797 10.36999989
v -1.28033996 -0.41367000 10.33949947
v -1.53672004 -0.80455101 10.38590050
v -1.34175992 -0.99975699 9.53980064
v -1.54391003 -0.67564499 9.78437996
v -1.51908994 -0.69652200 9.46253967
v -1.50272000 -0.66956800 9.39420986
v -1.36684000 -0.96688807 9.80204964
v -1.07845998 -0.77616203 9.77392006
v -1.05270004 -0.75892198 9.52031040
v -1.28155005 -0.49802199 9.49884987
v -1.26191998 -1.08219004 8.92623997
v -1.20016003 -1.11938000 8.63829994
v -1.00706995 -1.01637006 8.85775948
v -1.18114007 -0.57673997 8.53837013
v -1.20995998 -0.55256099 8.79848003
v -1.30563998 -0.68439996 8.41312981
v -1.41173005 -0.82663202 8.56814003
v -1.45309997 -0.82062703 8.78357029
v -0.77339399 -0.64419496 7.72259998
v -0.83124304 -0.71930200 8.04458046
v -1.11529994 -1.14087999 7.83236980
v -0.60561001 -1.16737008 7.46700954
v -0.53092700 -1.09784007 7.46139002
v -0.73347801 -0.96274102 7.95613003
v -0.81818998 -1.08121991 8.07695007
v -0.65414298 -0.90496999 7.78003025
v -0.62618899 -0.97559899 7.72577000
v -1.07096994 -0.71484298 7.66287994
v -1.21402001 -0.94390899 7.80240011
v -0.89136899 -1.18215001 7.42656040
v -0.96436197 -1.13287997 7.37949991
v -0.81284702 -1.20637000 7.47601032
v -1.09757006 -0.85726100 7.38196039
v -1.07426000 -0.83663195 7.29076004
v -0.74328798 -1.20503998 7.52320004
v -0.81686401 -1.20666003 7.55203009
v -0.88463604 -1.19891000 7.69185019
v -1.02494001 -1.11185002 7.45124960
v -0.49409801 -1.09443998 7.38267994
v -1.80247998 -0.62409002 12.97250080
v -1.74022007 -0.63148600 13.03520012
v -1.92989004 -0.29689401 12.91799927
v -1.65625989 -0.13585100 12.98679924
v -1.20662999 -0.52380401 9.41009998
v -1.29201007 -1.07893002 8.85119057
v -1.38761997 -0.79805899 8.49326992
v -1.45555997 -0.76251101 8.84617043
v -0.76986396 -0.67413604 7.78981018
v -1.16815007 -1.11120999 7.88622952
v -0.65944499 -1.17919993 7.53100967
v -1.03544998 -0.69533598 7.58200979
v -1.08367002 -0.92366600 7.32173014
v -1.11163998 -1.15237999 7.90782022
v -1.01976001 -0.69493902 9.09086037
v -1.22151005 -1.11798000 8.57437992
v -0.88639700 -1.72714996 6.77559948
v -0.87605494 -1.65939009 6.80478001
v -1.35982001 -1.83525014 6.74625015
v -1.39539003 -1.87740993 6.84523010
v -1.42308998 -1.81581998 6.78365040
v -1.52850997 -1.93061006 7.12285995
v -1.57252002 -1.91727006 7.21389008
v -1.57476997 -1.86308992 7.12823009
v -1.58529997 -1.92647994 7.29418039
v -1.61515999 -1.83955991 7.27268982
v -1.50593996 -1.98705995 7.26223993
v -1.52199006 -1.98838007 7.33598995
v -1.53716004 -1.87299991 7.03975010
v -1.48116994 -1.93474996 7.04954004
v -1.60485005 -1.73159003 7.25360012
v -1.60310006 -1.80755997 7.19764996
v -1.52954996 -1.60505009 7.29936981
v -1.53294003 -1.57506001 7.39816952
v -1.44491994 -1.56014001 7.33029032
v -1.52362001 -1.53018999 7.49826956
v -1.44209993 -1.53421998 7.44806004
v -1.31466997 -1.98896003 7.33106995
v -1.32231998 -1.97691989 7.43100977
v -1.39779997 -2.00746012 7.39630985
v -1.25032997 -1.93337989 7.39745998
v -1.16435003 -1.93174994 6.96221018
v -1.18915009 -1.94659007 7.05339956
v -1.24893999 -1.95790005 6.99439001
v -1.23344004 -1.93570006 6.90643978
v -1.15451002 -1.91744006 6.88301992
v -1.17079997 -1.35778999 6.90515995
v -1.48092008 -1.58636999 7.22410965
v -1.34449995 -1.56035006 7.32081985
v -1.39778006 -1.55655003 7.23460007
v -1.44457996 -1.56410003 7.14456034
v -1.36395001 -1.45358002 6.96000957
v -1.34220004 -1.47648001 7.02880001
v -1.28439999 -1.43598008 6.99318027
v -1.27622998 -1.33974004 6.84714985
v -1.32252002 -1.40092003 6.90876007
v -1.36646008 -1.39006996 6.81613016
v -1.23478007 -1.39073002 6.94289017
v -1.39575005 -1.44326997 6.87760019
v -1.42469001 -1.49302995 6.93526983
v -1.43656993 -1.47878003 6.69184017
v -1.45428002 -1.58236003 6.68125010
v -1.46429992 -1.53137994 6.76976013
v -2.93722987 -1.31404996 8.39805984
v -2.99960995 -1.28165996 8.33051014
v -2.91995001 -1.27829003 8.32176971
v -1.18929005 -1.62366009 7.27443981
v -1.25884998 -1.58690000 7.30605984
v -1.20410001 -1.64797997 7.35280991
v -1.28341997 -1.48781002 7.07993984
v -1.37292004 -1.51889002 7.09728003
v -1.18524003 -1.50285995 7.08902979
v -1.20659995 -1.44599998 7.01891041
v -0.94572800 -1.54012001 6.90276051
v -1.00659001 -1.46674001 6.92664051
v -1.10877001 -1.60848010 7.14602947
v -1.10558009 -1.54664004 7.08454990
v -1.16014993 -1.55087006 7.13630009
v -1.06849003 -1.70074999 7.13955975
v -1.12560999 -1.66285992 7.21636963
v -1.10643995 -1.75881994 7.21578979
v -1.07900000 -1.79268003 7.14797974
v -3.64219999 -0.88835001 8.26294041
v -3.53447986 -0.89266598 8.30397987
v -3.56781006 -0.80963802 8.25809002
v -3.34320974 -0.86579800 8.35692978
v -3.44586992 -0.88580501 8.33337975
v -3.39192009 -0.95100003 8.37584019
v -3.01613998 -0.87534600 8.47502995
v -3.10063004 -0.89370298 8.46603012
v -3.03957987 -0.93269795 8.52264977
v -3.12653017 -0.97176600 8.50522041
v -3.06263018 -1.01049006 8.55204010
v -3.06072998 -0.84001905 8.40295029
v -2.97901011 -0.84203899 8.40588951
v -3.05882001 -1.24076998 8.25169945
v -3.09873009 -1.27173007 8.35938072
v -3.15807009 -1.23506999 8.24899960
v -3.60364985 -1.12377000 8.03689003
v -3.53891993 -1.15235996 8.10879993
v -3.61245990 -1.14200997 8.11081028
v -3.53259015 -0.79170501 7.98105001
v -3.53998995 -0.88659096 7.93672037
v -3.00100994 -0.93826801 8.18597031
v -2.92723012 -0.94003600 8.23326015
v -2.94798994 -1.01253009 8.19042015
v -3.25001001 -0.91067106 8.05298996
v -3.23181987 -0.84393996 8.10835075
v -3.16459990 -0.92020798 8.09436035
v -3.34597015 -1.16438997 8.10906029
v -3.40612984 -1.12053001 8.04487991
v -3.32527018 -1.10834002 8.04959011
v -3.43899989 -1.16341996 8.11440945
v -3.16360998 -1.14429998 8.49748039
v -3.08986998 -1.18557000 8.53147984
v -3.08322001 -1.09710002 8.55498981
v -3.36096001 -1.19462991 8.21034050
v -3.47134018 -1.16973996 8.19677925
v -3.41204977 -1.16524005 8.28713989
v -3.66853976 -0.98456603 8.25618935
v -3.58095026 -0.97500598 8.29683018
v -3.60968018 -1.03917003 8.27046013
v -3.53772998 -1.05726993 8.30145073
v -1.42109001 -1.75478005 6.71126032
v -1.26530004 -1.87182999 6.74655008
v -1.43042004 -1.93292999 6.98463964
v -1.48549008 -1.88973010 6.97108984
v -1.42882001 -1.89944994 6.91667032
v -1.59280992 -1.93500006 7.37906027
v -1.62507987 -1.86327004 7.35639048
v -2.01767993 -1.56331992 8.24865055
v -2.04696012 -1.48438001 8.21020985
v -1.97872007 -1.56457007 8.16641998
v -1.97544992 -1.49251008 8.13296986
v -2.01366997 -1.42631996 8.16765022
v -1.74720991 -1.74457002 7.86475992
v -1.78807998 -1.64174008 7.89264011
v -1.75026000 -1.64973998 7.81028986
v -1.79022002 -1.71319008 7.95477009
v -1.73152006 -1.78398001 7.96444988
v -1.68412995 -1.82464004 7.89824009
v -1.57335997 -1.63148999 7.34475994
v -1.57718003 -1.65823996 7.28982019
v -1.36506009 -1.55249000 7.41634989
v -1.27937007 -1.59094000 7.39029980
v -1.69876993 -1.69612002 7.65767002
v -1.66301000 -1.65354991 7.56148005
v -1.67982996 -1.76557994 7.58571005
v -1.60027003 -1.58957005 7.49156046
v -1.58481002 -1.36766994 7.88358974
v -1.46406007 -1.40617001 7.85204029
v -1.56180000 -1.40259004 7.79546976
v -1.92326999 -1.22395003 8.21940994
v -1.89267993 -1.27653003 8.17222977
v -1.97443008 -1.28393006 8.18902016
v -1.84016991 -1.23715997 8.20038986
v -1.82177997 -1.29409003 8.13226032
v -1.86811006 -1.18204999 8.26488018
v -1.75011992 -1.35698009 8.01154995
v -1.79347003 -1.44790006 7.95674992
v -1.83902001 -1.42456996 8.02081966
v -1.70208001 -1.39219999 7.91901016
v -1.95139003 -1.41518998 8.11880016
v -2.00205994 -1.35574996 8.17127991
v -1.66530001 -1.42267001 7.83556986
v -1.64577997 -1.46113002 7.75707006
v -1.71520996 -1.50576997 7.80255985
v -1.72332001 -1.72970998 7.75398016
v -1.69117999 -1.79895997 7.68837976
v -1.25583005 -1.97117996 7.07651997
v -1.32760000 -1.97627997 7.05053043
v -1.21819997 -1.95848012 7.13971996
v -1.00009000 -1.83933997 6.73483944
v -1.07343996 -1.88759005 6.93404007
v -1.30686998 -1.94894004 6.94919968
v -1.37687993 -1.95482004 6.99484015
v -1.31189001 -1.90627992 6.84078979
v -1.27590001 -1.93232000 7.48149014
v -1.33696008 -1.96341002 7.52431011
v -1.46583998 -1.82916999 7.95740986
v -1.48890996 -1.77434993 8.04934978
v -1.55944991 -1.82997000 7.99197006
v -1.61529005 -1.85323012 7.92833996
v -1.54236007 -1.87098002 7.90401983
v -1.45959997 -1.87479997 7.87248993
v -1.63158000 -1.88731992 7.73471975
v -1.65419006 -1.86520004 7.61596012
v -1.59349000 -1.92991996 7.64412022
v -1.37425005 -1.90139008 7.75477982
v -1.44270003 -1.94148993 7.71241999
v -1.36183000 -1.92516005 7.68364048
v -1.51113009 -1.96142995 7.65582943
v -1.42780995 -1.96035993 7.64957952
v -1.34685004 -1.94431996 7.60785007
v -1.77836001 -1.59308994 8.37555027
v -1.80962014 -1.52638996 8.43734932
v -1.86780000 -1.58876002 8.40759945
v -1.90905988 -1.53038001 8.47413063
v -1.84972000 -1.46299005 8.49733925
v -1.47601998 -1.69381011 8.11567020
v -1.54322004 -1.74685001 8.11416054
v -1.40626001 -1.69543993 8.05142975
v -1.67042994 -1.65417993 8.27367973
v -1.73139000 -1.70701003 8.23503017
v -1.64235997 -1.70837998 8.20710945
v -1.79885995 -1.72544992 8.17693043
v -1.71313989 -1.75179994 8.15516949
v -1.62156999 -1.75589013 8.13665962
v -1.91681993 -1.63103008 8.13729000
v -1.87996995 -1.62759995 8.05311966
v -1.85179996 -1.69333005 8.11166000
v -1.69261003 -1.81856000 7.79681015
v -1.08223999 -1.40333998 6.92848969
v -1.34549999 -1.53226995 7.15962982
v -1.52829003 -1.63162994 7.14909983
v -1.58510995 -1.77397001 7.11648035
v -1.58134007 -1.71319997 7.16680002
v -1.55915999 -1.68973994 7.08779001
v -1.55311000 -1.64752007 7.22488022
v -1.35186994 -1.35108995 6.75065994
v -1.40066993 -1.50038993 7.01075983
v -1.42470002 -1.45316005 6.78743982
v -1.46077991 -1.68169999 6.72166967
v -2.07624006 -1.51564002 8.29731941
v -2.11768007 -1.43454003 8.27445984
v -2.41868997 -1.22956002 8.34113026
v -2.43537998 -1.31735003 8.37804985
v -2.50274992 -1.25950003 8.35762024
v -2.50499988 -1.33525002 8.40233994
v -3.00801992 -1.30146003 8.43150997
v -3.06615996 -1.25978005 8.48061943
v -2.87305999 -1.30736995 8.37085056
v -2.97503996 -1.09827995 8.17545033
v -2.92921019 -1.16214001 8.21961975
v -3.01853991 -1.17439008 8.19151974
v -2.83480000 -1.26273000 8.31860924
v -2.88523006 -1.21717000 8.26899052
v -2.96581984 -1.23237002 8.25712013
v -1.93384993 -1.15227008 8.28030968
v -2.00519013 -1.20262003 8.23507977
v -2.01116991 -1.12172008 8.29076958
v -2.30238986 -1.01270998 8.38865948
v -2.39137983 -1.03605008 8.36744976
v -2.37251997 -0.97071803 8.44882965
v -2.16324997 -1.22606003 8.27176952
v -2.24298000 -1.16473997 8.30311012
v -2.16074991 -1.11821008 8.29900932
v -2.07539010 -1.28062999 8.22727013
v -2.87134004 -1.00672996 8.23631001
v -2.86276007 -0.92931604 8.28412056
v -2.79346013 -0.98647100 8.28672028
v -2.91385007 -0.89133501 8.28958988
v -2.48894000 -1.07512999 8.34823036
v -2.40702009 -1.13291001 8.33450031
v -2.75463009 -1.25094008 8.32835007
v -2.80561018 -1.31471992 8.38266945
v -2.80328012 -1.19376004 8.28336048
v -2.73673987 -1.16031003 8.29413033
v -2.68584991 -1.23792005 8.33557987
v -2.56860995 -1.30087996 8.38057041
v -2.31418991 -1.09698999 8.33300018
v -2.23160982 -1.06386995 8.34023952
v -1.76839995 -1.24011004 8.44616985
v -1.81525004 -1.25111997 8.50308037
v -1.77823007 -1.31400990 8.48291016
v -1.87751997 -1.21957994 8.55171967
v -1.84116006 -1.31573999 8.54017067
v -1.80410004 -1.38480997 8.49717999
v -1.83285999 -1.17840004 8.46298981
v -1.78257012 -1.18415999 8.38508034
v -2.37865996 -1.02771997 8.69023991
v -2.31504011 -1.09802997 8.73126984
v -2.28131008 -1.03957999 8.66672993
v -2.39580011 -1.09194005 8.74120998
v -2.05219984 -1.06204009 8.51423073
v -2.05392003 -1.11425996 8.61686993
v -1.96433997 -1.13858998 8.56427956
v -2.12703991 -1.04670000 8.56443024
v -2.13433981 -1.09090996 8.64838982
v -2.95077991 -0.90017402 8.52655029
v -2.97116995 -0.96377003 8.57253075
v -2.87584996 -0.91912901 8.57008934
v -2.46534991 -1.03145003 8.71069050
v -2.45091987 -0.97593701 8.64375019
v -2.36730003 -0.97927105 8.60984993
v -2.47627997 -1.09701991 8.74725056
v -2.56604004 -0.95712501 8.41143036
v -2.64189005 -0.99585801 8.34987068
v -2.64815998 -0.93426704 8.40647984
v -2.56096983 -1.02857995 8.35605049
v -2.69979000 -0.95333302 8.64106941
v -2.69815993 -0.90240699 8.56107998
v -2.79282999 -0.93627101 8.60859013
v -2.70139003 -0.89151204 8.47356033
v -2.78453016 -0.88725698 8.53283978
v -2.47668982 -0.97778398 8.41088009
v -1.72800004 -1.29640996 8.42881012
v -1.67509007 -1.32293999 8.38023949
v -1.71263003 -1.24223006 8.37817955
v -1.62852001 -1.59109998 8.28927040
v -1.70259988 -1.59154999 8.33683014
v -1.57869995 -1.44914997 8.29368973
v -1.55150998 -1.37050998 8.24513054
v -1.61049998 -1.35108006 8.31482029
v -1.38929999 -1.46635997 7.99946976
v -1.42203999 -1.46141994 8.08210945
v -1.38576007 -1.53753996 8.06091976
v -1.50158000 -1.47598004 8.21135044
v -1.45982003 -1.44760001 8.14385033
v -1.50247002 -1.38115001 8.17111015
v -1.74566007 -1.29639995 8.09681034
v -1.66784990 -1.30396008 8.05702019
v -1.56882000 -1.30572999 8.18887043
v -1.52831006 -1.33121002 8.10704994
v -1.59586000 -1.29696000 8.10828972
v -1.21120000 -1.71100998 7.52046967
v -1.21700001 -1.66573012 7.44888020
v -1.24004006 -1.64722002 7.54358006
v -1.19256997 -1.76264000 7.45764017
v -1.31197000 -1.84071004 7.78041983
v -1.37559009 -1.86350989 7.83116007
v -1.26393998 -1.75221002 7.78234005
v -1.31093001 -1.78265989 7.85606003
v -1.34689999 -1.53881001 7.97686005
v -1.31751001 -1.62970006 7.95316982
v -1.31743002 -1.55375993 7.89098978
v -1.37425005 -1.46805000 7.90783024
v -1.42470002 -1.41639996 7.94476986
v -1.29070997 -1.57588995 7.71323013
v -1.29762006 -1.56959999 7.80449963
v -1.25699997 -1.65288997 7.75348949
v -1.48517001 -1.45805001 7.66472006
v -1.41428006 -1.49214005 7.62369013
v -1.50940001 -1.49082005 7.58236980
v -1.34626997 -1.52271008 7.66845036
v -1.29838002 -1.57063997 7.63949966
v -1.35215998 -1.53254008 7.59107971
v -1.28547001 -1.58896995 7.57172012
v -1.43146002 -1.51021993 7.53943014
v -1.94741988 -1.47310996 8.53386021
v -2.25582004 -1.43419003 8.50096989
v -2.32115984 -1.41206002 8.45570946
v -2.25758004 -1.42114997 8.41633034
v -2.29416013 -1.37107003 8.37117004
v -2.37787986 -1.37304997 8.41051006
v -2.16056991 -1.44078994 8.55198002
v -2.24592996 -1.40435004 8.59836006
v -2.17062998 -1.37611997 8.65141964
v -2.06543016 -1.38718998 8.63335991
v -2.43242002 -1.31753993 8.70347023
v -2.51773000 -1.28911996 8.71755981
v -2.50472999 -1.36228001 8.63960075
v -2.46204996 -1.23790002 8.74955940
v -2.38135004 -1.25665998 8.74641037
v -2.42087007 -1.17032003 8.76212025
v -2.34411001 -1.33410001 8.69272995
v -2.24712014 -1.35385001 8.67503929
v -2.10417986 -1.31516004 8.69194984
v -2.08433986 -1.16838002 8.68449020
v -2.16078997 -1.14735007 8.71006012
v -2.19846988 -1.07545006 8.66924953
v -2.45191002 -1.38071001 8.44814014
v -2.53560019 -1.38499999 8.48393059
v -2.59402990 -1.35628009 8.43639946
v -2.64356995 -1.30806994 8.38463020
v -2.64399004 -1.26359999 8.71061039
v -2.59017992 -1.31558001 8.68523979
v -2.58013010 -1.25766003 8.72619057
v -2.77616000 -1.17798996 8.69795036
v -2.80997992 -1.25031006 8.66343975
v -2.72833991 -1.25786996 8.69027996
v -2.69260001 -1.18498003 8.72294044
v -2.73297000 -1.11702001 8.71273994
v -3.01811004 -1.21670997 8.56472015
v -2.85935998 -1.17440999 8.66561985
v -2.88931012 -1.24874997 8.62578964
v -2.85095000 -1.34364009 8.52099991
v -2.86401010 -1.33870006 8.44574928
v -2.78565001 -1.35368001 8.46004009
v -2.83264995 -1.31367993 8.59988022
v -3.38905978 -0.77218699 8.09302998
v -3.31369019 -0.78311503 8.13683033
v -3.34098005 -0.83249795 8.05233002
v -3.44430017 -0.78779399 8.03283024
v -3.46790004 -0.73762101 8.09819031
v -3.55875015 -0.70676398 8.11182022
v -3.28153992 -0.80006200 8.30249977
v -3.24296999 -0.85539705 8.38027000
v -3.40055990 -0.74743301 8.16102982
v -3.32620001 -0.76946503 8.23108959
v -1.04776001 -1.54711998 7.02757025
v -1.12044001 -1.48397994 7.03210974
v -0.90013301 -1.61229002 6.85540009
v -1.05107999 -1.61998010 7.07978964
v -1.14838004 -1.70912004 7.29369974
v -1.14849007 -1.82709002 7.28679943
v -1.14617991 -1.91541004 7.11652994
v -1.11240995 -1.90463996 7.03065014
v -1.08819997 -1.86082006 7.09619999
v -3.63209987 -0.77743202 8.22218990
v -3.38297009 -0.81052101 8.30165005
v -3.02977991 -0.83235997 8.30932999
v -2.94738007 -0.85055101 8.34216976
v -3.15236998 -1.22556996 8.44386005
v -3.28628016 -1.19163001 8.16219044
v -3.58359003 -1.06552005 7.96722031
v -3.53970981 -0.73821902 8.03357029
v -3.44201994 -0.85207301 7.98899984
v -3.56365013 -0.98102599 7.93113995
v -3.18467999 -1.06185997 8.06929970
v -3.25185013 -1.08396995 8.05385971
v -3.25315022 -0.99702597 8.03355026
v -3.08266997 -0.93085897 8.13772964
v -3.11984992 -0.99996501 8.09496975
v -3.51376009 -1.11904001 8.03096962
v -3.47853017 -0.98602694 8.34267998
v -3.39003992 -1.04676998 8.38309002
v -3.64808989 -1.12545991 8.16489983
v -3.56300998 -1.14645004 8.18490982
v -3.59184980 -1.10146999 8.24162960
v -1.43121994 -2.01114011 7.30703974
v -1.44072998 -1.99934006 7.20756006
v -1.46990001 -2.00752997 7.37981033
v -1.50083995 -1.97374988 7.18887043
v -1.45888996 -1.85800993 6.88551044
v -1.67012000 -1.58857000 7.64011002
v -1.58746004 -1.49450994 7.63499975
v -1.63656008 -1.49886000 7.69126987
v -1.65706992 -1.83052993 7.51508999
v -1.63076997 -1.77465987 7.34031963
v -1.66021001 -1.74004996 7.49441004
v -1.60969007 -1.69171011 7.33872986
v -1.63722003 -1.71863997 7.41073990
v -1.63813996 -1.66681004 7.47088003
v -1.78054011 -1.20896995 8.24736977
v -1.80160010 -1.17807996 8.31368065
v -1.82509005 -1.34833002 8.07526016
v -1.92556000 -1.55825007 8.08601952
v -1.86221004 -1.52924991 8.00544930
v -1.90223002 -1.47779000 8.05879974
v -1.88335001 -1.40049005 8.07411003
v -1.29777002 -1.98740005 7.14345026
v -1.25357997 -1.96994996 7.22791004
v -0.92949307 -1.79382992 6.74775982
v -1.04373002 -1.84167993 7.01358032
v -1.08086002 -1.88910007 6.85608959
v -1.12564003 -1.89380002 6.80438995
v -1.37679994 -1.92464006 6.92045975
v -1.21106994 -1.90745997 6.81822968
v -1.23056006 -1.89008999 7.45225000
v -1.24520993 -1.88637996 7.51154995
v -1.21044993 -1.83285010 7.48310995
v -1.61045003 -1.92466998 7.53420019
v -1.63234007 -1.87858999 7.44312954
v -1.54280007 -1.90699005 7.81490993
v -1.40603995 -1.97931004 7.56687021
v -1.71875989 -1.51889002 8.38586998
v -1.82451987 -1.69913006 8.03225040
v -1.87810004 -1.68153000 8.19651985
v -1.24953008 -1.53457999 7.16557980
v -1.31273007 -1.55451000 7.24413967
v -1.56831002 -1.81413996 7.06364965
v -1.39929998 -1.40297008 6.71716976
v -1.45009005 -1.54977000 7.05015039
v -1.48493004 -1.61805987 6.77260971
v -2.98559999 -1.28279996 8.52478981
v -2.95297003 -1.24967003 8.58660984
v -2.08082008 -1.08332992 8.31960964
v -2.08626986 -1.16893995 8.26218987
v -2.32768011 -1.20009005 8.32126999
v -2.35022998 -1.29817998 8.34871006
v -2.24468994 -1.28377998 8.30832005
v -2.14449000 -1.33186996 8.26626968
v -2.06930995 -1.38585997 8.21494007
v -2.89364004 -1.08164001 8.21460056
v -2.57427001 -1.12414002 8.33061028
v -1.86356997 -1.14143002 8.35952950
v -1.90296006 -1.12673998 8.46187973
v -2.20288992 -1.03550994 8.60908985
v -2.20559001 -1.00277007 8.52226067
v -2.01925993 -1.07503009 8.35006046
v -2.07543993 -1.04211998 8.39859009
v -2.15667987 -1.03975999 8.36393929
v -2.48936009 -1.17042994 8.75929070
v -2.53757000 -0.98488700 8.67500019
v -2.52555990 -0.93987399 8.60249043
v -2.60020995 -0.95428401 8.64377975
v -2.55242991 -1.05401003 8.72716999
v -2.71863985 -0.95975304 8.34235954
v -2.72783995 -1.04802001 8.29712963
v -2.53267002 -0.92619103 8.50129032
v -2.86397004 -0.87464505 8.50253963
v -1.56535995 -1.54314005 8.26119995
v -1.49687994 -1.60039008 8.18280983
v -1.64736009 -1.33942008 7.97114038
v -1.65651000 -1.26788998 8.15503025
v -1.46677995 -1.38927007 8.09506035
v -1.28843999 -1.58893991 7.47651005
v -1.21167004 -1.77443004 7.54590988
v -1.37908006 -1.81413007 7.91155005
v -1.25184000 -1.63801992 7.64811993
v -1.32532001 -1.72008002 7.93536997
v -1.36476004 -1.48144996 7.82892990
v -1.55930007 -1.44113994 7.71201038
v -1.44591999 -1.43929994 7.76018000
v -2.20182991 -1.40059996 8.33595943
v -2.39531994 -1.40613008 8.50475025
v -1.97373998 -1.40610003 8.59492016
v -2.04686999 -1.46231008 8.55193996
v -2.34353995 -1.17937005 8.76004982
v -2.23465014 -1.12577999 8.72537041
v -2.06228018 -1.24799991 8.69404984
v -2.13101006 -1.23332000 8.72064972
v -2.69314003 -1.36663997 8.47031975
v -2.80822992 -1.09364998 8.68546009
v -2.72322011 -1.04280007 8.69694996
v -2.94389009 -1.18367994 8.62275028
v -2.90685987 -1.08524001 8.64488029
v -3.57146001 -0.73785502 8.19536972
v -3.14821005 -0.84689504 8.39793015
v -3.19833994 -0.93045998 8.45108032
v -3.22151995 -0.79368001 8.20847034
v -1.14282000 -1.41918004 6.97199011
v -1.06028008 -1.47346997 6.97929001
v -1.17201006 -1.74328005 7.37555027
v -1.21480000 -1.92446005 7.31116009
v -1.12093997 -1.85358012 7.19087982
v -1.18465996 -1.84386003 7.37555981
v -3.48319006 -0.82440698 8.28930950
v -3.26207995 -1.01038003 8.44822025
v -3.22551012 -1.08653998 8.47073936
v -3.19389987 -1.01365995 8.48439026
v -3.31178999 -1.09316993 8.41750050
v -3.14610004 -1.05901003 8.51735020
v -2.97602987 -0.88035202 8.25549984
v -3.25163984 -1.18149996 8.40603065
v -3.21086001 -1.23431993 8.33917046
v -3.34042025 -0.91872799 8.00763035
v -3.48975992 -0.94275504 7.94837046
v -3.19197989 -0.97683400 8.06206989
v -3.20760989 -1.19497001 8.16580963
v -3.26192021 -1.15335000 8.10326958
v -3.18156004 -1.13471007 8.10679054
v -3.11723995 -1.18851995 8.17210960
v -3.08589005 -1.09966004 8.12294006
v -3.03198004 -1.01199996 8.14166069
v -3.66953015 -1.07062995 8.22161007
v -3.50761986 -1.13086009 8.26466942
v -3.44623995 -1.09184003 8.33736992
v -1.46169007 -1.97408998 7.12716007
v -1.74745011 -1.47433996 7.87774944
v -1.80386996 -1.54595006 7.92348003
v -1.83381999 -1.62900007 7.97342968
v -1.69276011 -1.54267001 7.73024988
v -1.60077989 -1.54844999 7.56195974
v -1.64673996 -1.80359995 7.42498016
v -1.60409999 -1.64316010 7.40584040
v -1.75507998 -1.24915004 8.17543983
v -1.90988994 -1.33790994 8.13175011
v -1.35413003 -2.00375009 7.22746944
v -1.38108993 -1.99351001 7.13668966
v -1.04227996 -1.77602005 7.08116007
v -1.04692006 -1.86826992 6.79815960
v -1.08734000 -1.86874998 6.73841000
v -1.17541003 -1.87968004 6.74270010
v -1.28398001 -1.91390991 7.56075001
v -1.45647001 -1.91340005 7.78877020
v -1.58730006 -1.94804001 7.45357990
v -1.53521991 -1.97145998 7.57717991
v -1.62108004 -1.87289011 7.84770966
v -1.53441000 -1.93680000 7.72852039
v -1.39917004 -1.99570012 7.48448038
v -1.63647997 -1.51949000 8.32579994
v -1.66404986 -1.42600000 8.37399960
v -1.66368997 -1.81973994 7.99241018
v -1.70029998 -1.78936005 8.06149006
v -1.78124011 -1.74694991 8.09317970
v -1.59323001 -1.79671991 8.06155014
v -1.77127004 -1.75270998 8.01843071
v -1.75417995 -1.65442014 8.30895042
v -1.17361999 -1.58767998 7.19814014
v -1.56671000 -1.74659991 7.04471970
v -1.50909007 -1.61130011 7.07004023
v -1.45108008 -1.53444004 6.98469019
v -2.93386006 -1.32157004 8.48810005
v -2.86096001 -1.14891994 8.24320030
v -2.59254003 -1.22296000 8.34311962
v -2.66605997 -1.14095998 8.31178951
v -2.63316989 -1.06722999 8.32602024
v -1.98264003 -1.34739995 8.63383007
v -1.91175997 -1.32527995 8.59704018
v -1.88446999 -1.39735007 8.55314064
v -2.01937008 -1.31225002 8.66454029
v -2.28006983 -0.99188006 8.57468987
v -2.13404012 -1.01973999 8.46496010
v -2.28350997 -0.97965896 8.48054981
v -1.94974005 -1.10433996 8.34591961
v -2.22372007 -1.00382006 8.41607952
v -2.61033988 -1.19230008 8.74090004
v -2.61014986 -0.91814297 8.57956982
v -2.62800002 -1.00896001 8.69559002
v -2.72732997 -0.90872002 8.40005016
v -2.43455005 -0.94450796 8.53635979
v -2.34608984 -0.96475095 8.53262043
v -2.62212014 -0.90786600 8.48946953
v -2.93998003 -0.86306107 8.46975040
v -1.58744001 -1.63553011 8.23612022
v -1.41848004 -1.61570001 8.10194969
v -1.36379004 -1.61452007 8.03439045
v -1.55460000 -1.69580996 8.17136002
v -1.44071996 -1.53533006 8.14047050
v -1.58221996 -1.31797004 8.03973961
v -1.60825992 -1.28454995 8.24918938
v -1.44061005 -1.40228009 8.01687050
v -1.35729003 -1.54392004 7.50627995
v -1.39354002 -1.76044011 7.98769999
v -1.28003001 -1.66345000 7.86103964
v -1.35303998 -1.68565011 7.99606037
v -1.34715998 -1.50846994 7.74946976
v -2.19658995 -1.45249999 8.43105030
v -2.55079985 -1.38973999 8.56390953
v -2.47363997 -1.39816999 8.54566002
v -2.39965987 -1.38232005 8.61639977
v -2.01769018 -1.52906001 8.46602058
v -1.94557989 -1.57661998 8.42055988
v -2.20939994 -1.21259999 8.74194050
v -2.19109011 -1.30834997 8.71070004
v -2.76149988 -1.36310995 8.54596043
v -2.61626005 -1.38580000 8.52530956
v -2.72946000 -1.31540000 8.38696003
v -2.80695987 -1.01323998 8.66075993
v -3.01059008 -1.13154006 8.59478951
v -2.89409018 -0.99025202 8.61876011
v -2.99194002 -1.04489005 8.59718037
v -3.51011014 -0.76782501 8.23622990
v -3.48959994 -0.73153698 8.17627048
v -3.10395002 -0.81765604 8.33463001
v -0.99450797 -1.81560004 6.92881012
v -0.94334298 -1.78460002 6.84205008
v -0.95340204 -1.73626006 6.92455959
v -0.90866899 -1.70056987 6.85305023
v -0.94453204 -1.63847005 6.92987967
v -1.17755008 -1.91720998 7.21638012
v -3.43303990 -0.76445597 8.23811054
v -3.33232999 -1.00700998 8.41267014
v -3.05305004 -0.86989605 8.20810032
v -3.35699987 -1.13685000 8.36583996
v -3.25668001 -1.21803999 8.23725986
v -3.32016993 -1.03074002 8.01280975
v -3.42132998 -0.94177103 7.97175980
v -3.44285011 -1.06168008 7.99207973
v -3.52422976 -1.03430009 7.95951986
v -1.41691995 -1.96826005 7.06229019
v -1.48873997 -1.69174004 6.78878021
v -1.76137006 -1.56563997 7.84809017
v -1.73071992 -1.57894003 7.78253031
v -1.71630001 -1.63024998 7.72813034
v -0.99918497 -1.76704001 6.99882984
v -1.01593995 -1.70000005 7.05009985
v -1.53377998 -1.98575997 7.41606998
v -1.46976006 -1.97968996 7.59691000
v -1.46644998 -2.00468993 7.44756985
v -1.72618997 -1.36685002 8.43583012
v -1.84151995 -1.64311004 8.33672047
v -1.23493993 -1.57415998 7.23865986
v -1.48645997 -1.80128002 6.85856009
v -1.51282001 -1.84078002 6.94913006
v -1.54922998 -1.80086994 6.99754047
v -1.45097995 -1.50486004 6.85515976
v -2.91105986 -1.30036998 8.56328011
v -2.80009985 -1.07991004 8.26051044
v -2.50322008 -1.16558003 8.33675003
v -1.99918008 -1.20499003 8.64933968
v -1.94988000 -1.25288999 8.62792015
v -1.98638988 -1.07786000 8.44297981
v -2.55254006 -1.13631999 8.75124931
v -2.53304005 -1.21368003 8.74921989
v -2.64617014 -1.09500003 8.72976017
v -2.86243010 -0.87862998 8.35227013
v -1.55925000 -1.34162998 7.97199011
v -1.69078994 -1.23488998 8.24152946
v -1.65730000 -1.26329005 8.31595039
v -1.50505996 -1.35142004 8.02838993
v -1.23671997 -1.72780991 7.69084024
v -1.26493001 -1.81665993 7.70986032
v -1.23284996 -1.79333997 7.62965012
v -1.23567998 -1.83924997 7.57351017
v -1.22227001 -1.71530986 7.59928989
v -1.40459001 -1.47847009 7.69307041
v -2.30911994 -1.38292003 8.62716007
v -2.32494998 -1.41290998 8.55513954
v -2.03290987 -1.56654000 8.32126045
v -2.06837010 -1.53588998 8.38286972
v -1.99972987 -1.58169007 8.37744999
v -2.27351999 -1.17876995 8.75174999
v -2.75281000 -1.32189000 8.63128948
v -2.60576010 -1.36755002 8.61337948
v -3.18302989 -0.80674201 8.31456947
v -1.00916994 -1.84810996 6.86443996
v -0.99395704 -1.54626000 6.96623993
v -0.98175001 -1.83248007 6.79579020
v -3.29684973 -0.93401301 8.41061974
v -3.13941002 -0.85779697 8.15719032
v -3.31146002 -1.20027995 8.31051064
v -3.37603998 -1.06733000 8.01090050
v -3.45251012 -0.99788904 7.96522999
v -0.97732699 -1.69437003 6.98404980
v -1.54079998 -1.97874999 7.49907017
v -1.75844991 -1.45011997 8.44184017
v -1.92928004 -1.61975002 8.35367012
v -1.81886995 -1.68959010 8.26023006
v -1.50548005 -1.74109995 6.85089016
v -1.45874000 -1.75610995 6.76927042
v -1.48977005 -1.58001006 6.84499979
v -2.78978014 -0.91593504 8.34694004
v -2.89502001 -0.85380805 8.42041016
v -1.73127997 -1.20811999 8.31527042
v -1.49166000 -1.37304997 7.94013977
v -1.31508994 -1.87849998 7.71776962
v -2.13390994 -1.47872996 8.36184978
v -2.68757010 -1.37042999 8.57732010
v -3.10948992 -0.82334697 8.24232006
v -3.38967013 -1.00425994 7.98523998
v -0.99936998 -1.62355006 7.00977039
v -1.47005999 -1.99354005 7.53020000
v -1.97646010 -1.61100996 8.30113029
v -1.52750993 -1.77315009 6.92257977
v -1.50901008 -1.65961003 6.84589005
v -1.47662997 -1.55333006 6.92059994
v -2.78894997 -0.87496406 8.44128990
v -1.28487992 -1.88101995 7.64529037
v -2.10790992 -1.49441993 8.46362019
v -2.28693008 -1.28226995 8.73309994
v -2.67202997 -1.32261002 8.65931988
v -1.90266001 -1.65652013 8.28106976
v -1.94992995 -1.62567008 8.22087002
v -1.54851997 -1.73929000 6.97412014
v -1.50071001 -1.59603000 6.99265003
v -1.53139997 -1.70160997 6.91681004
v -1.54017997 -1.67005002 6.99983978
v -1.51426005 -1.62581992 6.91792011
v 1.08197999 -0.16794300 8.36713028
v 1.14882004 -0.17660800 8.31569958
v 1.20466995 -0.20824499 8.26149940
v 1.12802005 -0.17093800 8.24460030
v 0.97838402 -0.12101100 8.16666985
v 1.23236001 -0.25020102 8.20252991
v 1.17423999 -0.20519800 8.20448017
v 1.04940999 -0.14258799 8.28672028
v 0.71427697 -0.52495199 8.32460022
v 0.78809100 -0.51062196 8.39904022
v 0.85329103 -0.58389902 8.40567017
v 0.79143500 -0.59210199 8.31628990
v 0.89799100 -0.65546596 8.33181953
v 0.92732298 -0.11015199 8.12257957
v 1.04364991 -0.14009500 8.20611000
v 0.63114202 -0.51693100 7.91541958
v 0.99665606 -0.62210500 8.11588001
v 1.08500004 -0.62250698 8.12759018
v 1.02045000 -0.65600801 8.16900063
v 0.96612799 -0.58251101 8.05972004
v 0.90989602 -0.61574900 8.10624027
v 0.89960605 -0.58087903 8.04773998
v 0.98794901 -0.68611395 8.25152016
v 0.93583602 -0.64914095 8.17550945
v 0.93410397 -0.53510702 8.00098038
v 1.03813004 -0.51345903 8.01799965
v 0.85128605 -0.55565101 8.00559044
v 1.11721003 -0.52515304 8.05671024
v 1.12575996 -0.45624599 8.03155994
v 0.61625898 -0.55005997 8.01329994
v 0.68825996 -0.57328904 8.06743050
v 0.61090797 -0.55530798 8.10336971
v 0.79580599 -0.52281499 7.95261002
v 0.70132601 -0.54705703 7.97824001
v 0.73067999 -0.48146701 7.89094019
v 0.76034999 -0.57245004 8.03116989
v 0.88700706 -0.49200100 7.94913006
v 0.69329298 -0.42236200 7.83350992
v 0.71422499 -0.36422700 7.81799984
v 5.19123983 -1.34443998 8.50156021
v 5.10822010 -1.38233006 8.51383018
v 5.15392971 -1.38779998 8.44209003
v 4.74556017 -1.44122005 8.72408962
v 4.82475996 -1.40126002 8.71454048
v 4.77200031 -1.37791002 8.76904964
v 4.78737974 -1.45543003 8.65252018
v 4.70070982 -1.47485995 8.66294003
v 4.86863995 -1.43252003 8.63484001
v 5.08852005 -1.03185999 8.36625004
v 5.06729031 -1.10521007 8.31435013
v 5.00980997 -1.06359994 8.36850929
v 4.71565008 -1.02911997 8.57591057
v 4.64812994 -1.05471003 8.57336998
v 4.65397978 -1.02286994 8.65690994
v 4.76331997 -1.05839002 8.50537014
v 4.68811989 -1.08775997 8.52044964
v 4.61862993 -1.11915994 8.53991985
v 4.89393997 -1.44436002 8.55659008
v 4.94480038 -1.41791999 8.59502983
v 4.74945974 -1.36102998 8.47684002
v 4.68373013 -1.35218000 8.50436020
v 4.70534992 -1.25962996 8.47345924
v 4.63909006 -1.32407999 8.51708031
v 4.63502979 -1.38780999 8.54319000
v 4.80956984 -1.37632000 8.45738029
v 4.86944008 -1.35009003 8.41740036
v 4.86509037 -1.42517996 8.48388958
v 4.98516989 -1.29676998 8.34591961
v 5.05987024 -1.27292991 8.30543995
v 5.06006002 -1.34017003 8.33041954
v 4.94406033 -1.40034997 8.42632961
v 4.93613005 -1.33631003 8.38164997
v 4.88197994 -1.08206999 8.42111015
v 4.86030006 -1.02903008 8.49423981
v 4.94200993 -1.03846002 8.43401051
v 4.94350004 -1.10974002 8.37500000
v 4.87844992 -1.15700996 8.39422989
v 4.81377983 -1.10650992 8.44279003
v 4.88516998 -1.24344993 8.38426971
v 4.83830976 -1.20489001 8.76926994
v 4.76574993 -1.16368997 8.79390049
v 4.77840996 -1.24459004 8.80544949
v 4.88890982 -1.14797997 8.72289944
v 4.81379986 -1.11905003 8.74501038
v 4.73997021 -1.09419000 8.76354027
v 5.00441027 -1.35409999 8.63010979
v 5.02615023 -1.40231001 8.55045033
v 5.08184004 -1.33971000 8.58784008
v 5.05930996 -1.27672994 8.64097977
v 4.98633003 -1.27350998 8.68519020
v 5.21703005 -1.21090007 8.56228065
v 5.20857000 -1.13197005 8.55109978
v 5.15878963 -1.18030000 8.59228992
v 4.96188021 -1.05322003 8.60582924
v 4.89482975 -1.03094995 8.59628010
v 4.93000984 -1.09003997 8.66417027
v 1.03508997 -0.33101398 8.54922009
v 1.07326007 -0.26069000 8.51370049
v 1.10738003 -0.31097701 8.56921959
v 1.61702001 -0.69884700 9.20874977
v 1.52952993 -0.70433104 9.17724991
v 1.57860005 -0.76986802 9.24489975
v 1.49510002 -0.64925700 9.10447025
v 1.45867991 -0.71800297 9.13640022
v 1.58718991 -0.63959396 9.13656044
v 1.66996002 -0.65154499 9.16689014
v 1.36347997 -0.55306399 8.89276981
v 1.34441996 -0.49249801 8.82802010
v 1.28718996 -0.58323300 8.83901024
v 1.53198993 -1.07783008 8.96033001
v 1.62420011 -1.11271000 8.96862030
v 1.56131005 -1.09214997 9.04842949
v 1.47846007 -1.03936994 9.04475021
v 1.40169001 -0.96016300 9.04152012
v 1.44603992 -1.02454007 8.96150017
v 1.52258992 -1.05346000 9.12108040
v 1.45580995 -0.98696297 9.12182999
v 1.26620996 -0.78428501 8.84021950
v 1.26023996 -0.68342900 8.83868027
v 1.21872997 -0.76536596 8.75588989
v 0.90882194 -0.56543696 8.47515011
v 0.85799599 -0.49145097 8.46063995
v 0.93557101 -0.48018497 8.52107048
v 0.92519301 -0.64599597 8.41248989
v 0.96365994 -0.63101304 8.48676968
v 1.00424004 -0.70069098 8.43597984
v 1.02138007 -0.68323499 8.50572968
v 1.00240004 -0.70849097 8.33133984
v 1.02551007 -0.47963101 8.58770943
v 1.09473002 -0.52930498 8.64577007
v 1.12243998 -0.44001999 8.64702988
v 1.20520997 -0.62580299 8.76104927
v 1.25658000 -0.50036204 8.77013016
v 1.66238999 -0.76557696 9.27169037
v 1.70042992 -0.69825804 9.22509956
v 1.74445987 -0.75712299 9.28317070
v 1.78572011 -0.69798499 9.23108006
v 1.81936002 -0.74327099 9.28001976
v 1.74947000 -0.64877301 9.16222000
v 2.60440016 -1.22798002 9.51603985
v 2.70068002 -1.19020998 9.51508045
v 2.62231016 -1.15008998 9.50588036
v 2.65751004 -1.28929996 9.51583004
v 2.67056012 -1.11150002 9.47889996
v 2.58398986 -1.08389997 9.47498035
v 2.20480013 -0.95119107 9.43675041
v 2.11222005 -0.94621694 9.42886925
v 2.13290000 -1.01842999 9.44946957
v 2.18651009 -0.87202799 9.38947010
v 2.20671010 -1.03138995 9.46201992
v 2.31142998 -0.98429406 9.45252991
v 2.29381013 -0.90099096 9.39504051
v 2.26352000 -0.84226799 9.31696987
v 1.50723004 -0.98995799 9.19204998
v 1.56669998 -1.05066991 9.19558048
v 1.58533001 -1.09351993 9.12425041
v 1.64505994 -1.11128998 9.17875004
v 1.99647009 -1.17303002 9.38084984
v 2.06625986 -1.21390998 9.38000011
v 2.06993008 -1.13988996 9.42714977
v 2.07879019 -1.07289004 9.44278049
v 2.01187992 -1.08694005 9.42447948
v 2.58023000 -1.42874002 9.33740044
v 2.65301991 -1.43274999 9.41685009
v 2.57183981 -1.40562999 9.41789055
v 2.66492987 -1.44283998 9.31412983
v 2.14452004 -1.24166000 9.39389992
v 2.09448004 -1.25326002 9.33796978
v 2.09491014 -1.26555002 9.26986980
v 2.15860009 -1.28180003 9.33267021
v 2.21262002 -1.27021003 9.39947987
v 2.43553019 -1.06898999 9.48491955
v 2.45513010 -1.14476001 9.50100994
v 2.50405002 -1.09478998 9.49176025
v 2.30831003 -1.25409007 9.44933987
v 2.28519011 -1.30774999 9.39299011
v 2.36032009 -1.32484996 9.41460991
v 1.27348006 -0.25960401 8.25454044
v 1.33443999 -0.32060102 8.25919056
v 1.30774999 -0.26554200 8.32139969
v 1.38942003 -0.37000799 8.29343987
v 1.35123992 -0.40199500 8.21002007
v 1.28889000 -0.44138297 8.13755989
v 1.20045006 -0.47770399 8.07911015
v 1.25024009 -0.38898799 8.11219978
v 1.28982997 -0.33787301 8.17708969
v 1.22241998 -0.29958600 8.13164997
v 1.23400998 -0.21633101 8.32391930
v 1.36072993 -0.31258899 8.32610989
v 1.91201997 -0.70363599 8.92671967
v 1.85914004 -0.65662700 8.92175961
v 1.90100002 -0.66502601 9.00119972
v 1.88346994 -0.72082698 8.85519028
v 1.93890989 -0.79035902 8.87774944
v 1.82754004 -0.66382700 8.83899021
v 1.33971000 -0.43057799 8.76817989
v 1.42068994 -0.43071198 8.78833961
v 1.27762008 -0.42270297 8.73259926
v 1.33758998 -0.37696201 8.70604038
v 1.42068005 -0.48253003 8.85750008
v 1.26402998 -0.37600702 8.68577003
v 1.49449992 -0.41033801 8.71233940
v 1.41492009 -0.38562602 8.71462059
v 1.56459999 -0.49796599 8.50697994
v 1.50417006 -0.40775901 8.52511978
v 1.54439998 -0.43612599 8.61393929
v 1.60653996 -0.50512201 8.61232948
v 2.74041009 -1.10362995 9.27931976
v 2.67320013 -1.13367009 9.22587967
v 2.62354994 -1.06467998 9.26856041
v 2.68206000 -1.05896997 9.34453964
v 2.33278990 -1.02261996 9.15064049
v 2.23308992 -1.03741002 9.10680962
v 2.26816988 -0.97277606 9.13376045
v 2.50869989 -1.03866994 9.45651054
v 2.46420002 -0.95953101 9.31292057
v 2.51524997 -1.01955009 9.24954033
v 2.41330004 -0.97035599 9.22451973
v 2.56769013 -1.01499999 9.32637978
v 2.49494004 -0.98328304 9.38551998
v 1.95664001 -0.71311897 8.98843956
v 1.97882998 -0.77837098 8.94141006
v 2.01095009 -0.75706398 9.00942993
v 2.21670008 -0.81128299 9.23678017
v 2.27829003 -0.86166000 9.21984005
v 2.07955003 -0.88210201 9.39613056
v 2.04113007 -0.94973201 9.42162991
v 1.98808992 -0.90829098 9.40075970
v 2.32213998 -0.93105805 9.18873024
v 2.24831009 -0.91807097 9.14272976
v 0.91534007 -0.11989900 8.06789017
v 1.04232001 -0.16018200 8.11976051
v 1.10009003 -0.66962397 8.18741989
v 1.17734003 -0.61721802 8.14497948
v 1.14864993 -0.56695098 8.09620953
v 1.20138001 -0.66841203 8.19828987
v 1.27373004 -0.86631805 8.77217007
v 1.24907994 -0.86081898 8.68824005
v 1.29726005 -0.87382698 8.84440994
v 1.18883002 -0.79702502 8.65799999
v 1.13397002 -0.74878299 8.61285973
v 1.17963004 -0.81640899 8.56900978
v 1.15850997 -0.70532799 8.68839073
v 1.12804008 -0.77900302 8.52720070
v 1.07220006 -0.70096505 8.56437969
v 1.23168004 -0.85579395 8.62027931
v 1.37918997 -0.82719803 8.39925003
v 1.45421004 -0.85146505 8.44283962
v 1.37735999 -0.88855898 8.48861027
v 1.46869004 -0.89098394 8.49279976
v 1.53652000 -0.91063702 8.53584003
v 1.44259000 -0.93039399 8.55105019
v 1.52319002 -0.96300900 8.60488987
v 1.81868994 -0.91573399 8.73645020
v 1.88439012 -0.89366800 8.79736042
v 1.85172999 -0.98949003 8.81014061
v 1.78404999 -1.06582999 8.84483051
v 1.77838004 -1.01235998 8.77493000
v 1.74671996 -0.96893501 8.71090031
v 1.68456995 -1.02514005 8.74035072
v 1.68437994 -0.96965104 8.67123985
v 1.60230994 -0.97153395 8.63509941
v 1.68456995 -0.90230596 8.61295033
v 1.72705007 -0.80180502 8.61371994
v 1.74906003 -0.89500505 8.66214943
v 1.71273005 -0.66878402 8.62804031
v 1.77240014 -0.72622597 8.68299007
v 1.74890006 -0.63347000 8.73209000
v 1.66562998 -0.74810803 8.54150009
v 1.69207990 -1.06981003 8.81722069
v 1.69556999 -1.10592008 8.89938927
v 1.44542003 -0.78154504 8.37465000
v 1.51844001 -0.78001297 8.41508007
v 1.36624002 -0.77134097 8.33645058
v 1.42056000 -0.71801001 8.31692982
v 1.53363001 -0.84878099 8.47332954
v 1.33577001 -0.71794599 8.27917004
v 1.49523997 -0.71041399 8.36303043
v 1.56244004 -0.69397104 8.42127037
v 1.52821994 -0.53630197 8.39859962
v 1.58023000 -0.59943402 8.45261955
v 1.62238002 -0.58366299 8.53619003
v 1.66004014 -0.57901204 8.62061977
v 2.76655006 -1.26519001 9.52601051
v 2.76511002 -1.15726995 9.49582005
v 2.85226011 -1.21098006 9.51146984
v 2.73448992 -1.08648992 9.42667007
v 3.26991987 -1.28372002 9.47109032
v 3.20015979 -1.32921004 9.49228954
v 3.27809978 -1.36859000 9.47701073
v 3.21335983 -1.22953999 9.46265030
v 3.11952996 -1.26644003 9.49524021
v 3.85458994 -1.23948002 9.27483940
v 3.76932979 -1.18479991 9.28386021
v 3.76734018 -1.28954005 9.31949043
v 3.67705011 -1.22854006 9.33804989
v 3.31395984 -1.21625006 9.43432045
v 3.25536013 -1.15153003 9.39725018
v 3.34426999 -1.30457997 9.45808029
v 3.41519022 -1.23848999 9.42016029
v 3.72242022 -1.12383008 9.07843018
v 3.64962006 -1.19103003 9.05830002
v 3.60158992 -1.13574004 9.13020039
v 3.68488002 -1.10013998 9.17020035
v 3.23644972 -1.15464997 9.24872017
v 3.30873990 -1.12323999 9.30327034
v 3.35979986 -1.15158010 9.21648026
v 3.28852987 -1.20798993 9.18948936
v 3.43330002 -1.11901999 9.26019955
v 3.47995996 -1.14485002 9.17738056
v 3.55905008 -1.11079001 9.21728992
v 3.51526976 -1.12749994 9.30385017
v 3.49333000 -1.19209993 9.37495995
v 3.54220009 -1.22767997 9.38038063
v 3.58791995 -1.17641997 9.33716011
v 2.78285003 -1.17868006 9.22913933
v 2.86039996 -1.13293004 9.28230953
v 2.70291996 -1.22283006 9.20150948
v 2.80449009 -1.08963001 9.35199928
v 3.18153000 -1.12368000 9.33677006
v 3.11049986 -1.15382004 9.27114010
v 3.16734004 -1.21291995 9.21389008
v 3.22570992 -1.27844000 9.17730045
v 2.92746997 -1.10800004 9.35772038
v 2.98461008 -1.14985001 9.27948952
v 3.05328989 -1.11889005 9.35481071
v 2.98861003 -1.13861001 9.43686008
v 2.94420004 -1.27148998 9.52041054
v 3.02476001 -1.22124004 9.49302959
v 2.93499994 -1.18546999 9.48896027
v 1.17574000 -0.23461500 8.14975929
v 1.77563000 -1.11346996 8.92473984
v 1.87640989 -1.05209994 8.88671017
v 1.84703004 -1.11590993 8.95396996
v 1.94143999 -1.07485998 8.95604038
v 1.76457000 -1.13414001 9.27171993
v 1.80697000 -1.17821002 9.19828987
v 1.84960997 -1.16320002 9.29798985
v 1.86522996 -1.18699002 9.12631989
v 1.89599001 -1.20556998 9.21465969
v 2.05822992 -1.19931006 9.13459969
v 2.17401004 -1.17979002 9.12814045
v 2.12398005 -1.24224997 9.19052982
v 2.09416008 -1.14856005 9.09074020
v 2.16124010 -1.10016000 9.08912945
v 2.26061010 -1.10368991 9.12042046
v 1.92586005 -0.94924700 8.85679054
v 2.23125982 -1.24020994 9.17525005
v 2.55641985 -1.09185004 9.20942974
v 2.40574002 -1.19003999 9.16126060
v 2.43883991 -1.27351999 9.18929005
v 2.33546019 -1.24273002 9.17442989
v 2.44729996 -1.05427003 9.18581963
v 2.48178005 -1.13695002 9.17218018
v 2.63591003 -1.33739007 9.21460056
v 2.58783007 -1.38881993 9.25530052
v 2.54929996 -1.30806994 9.20318985
v 2.63577008 -1.26268995 9.19344997
v 2.51759005 -1.22686005 9.17840004
v 2.41185999 -1.37225997 9.36149025
v 2.44587994 -1.34925008 9.42883968
v 2.36399007 -1.31147003 9.22327995
v 2.46686006 -1.34492993 9.23542023
v 2.38610983 -1.36022997 9.28579998
v 2.29514003 -1.17919993 9.14523983
v 2.72170997 -1.46414006 9.37457943
v 2.74597001 -1.44303000 9.44725990
v 3.18944001 -1.44370008 9.47227001
v 3.24754000 -1.50322998 9.39587021
v 3.18351007 -1.51397002 9.36681938
v 3.25761986 -1.51016998 9.29886055
v 3.10627985 -1.49126995 9.43840027
v 2.87811995 -1.43168998 9.48950005
v 2.95537996 -1.48101997 9.44783974
v 2.95280981 -1.38542008 9.51564026
v 3.03309011 -1.44369006 9.48783016
v 3.03348994 -1.32962000 9.51698971
v 3.77714014 -1.40225005 9.29948997
v 3.86052012 -1.43457007 9.24042988
v 3.84723020 -1.34012008 9.28796005
v 3.32634997 -1.50683999 9.36131001
v 3.38622022 -1.47055995 9.40730000
v 3.30043983 -1.45760000 9.44119072
v 3.50890017 -1.26959002 9.40548992
v 3.60522985 -1.28008008 9.37743950
v 2.70984006 -1.31533003 9.20672989
v 2.68901014 -1.39419007 9.24471951
v 2.78724003 -1.38126004 9.22899055
v 3.04440999 -1.21757007 9.22640991
v 2.90945005 -1.22228003 9.22544003
v 2.99591994 -1.31204998 9.20547009
v 3.17521000 -1.36361003 9.18362999
v 3.13134003 -1.44534993 9.22456932
v 3.06825018 -1.38831997 9.20662022
v 3.02644014 -1.50867999 9.38177013
v 2.95562005 -1.49725997 9.32999992
v 2.96729994 -1.42317998 9.23451996
v 2.86134005 -1.46021008 9.28404045
v 2.88840008 -1.35107005 9.21360970
v 3.04120016 -1.47658992 9.27153015
v 2.88654995 -1.49191999 9.39702988
v 2.81954002 -1.45684004 9.45356941
v 3.23727989 -1.42505002 9.19260979
v 3.28782988 -1.34906995 9.15758991
v 3.34775996 -1.41082001 9.16013050
v 3.29891014 -1.47328997 9.22046947
v 3.19488001 -1.48614001 9.25818062
v 3.54429007 -1.48168004 9.33302975
v 3.54025984 -1.49971998 9.24847031
v 3.60666013 -1.48637998 9.28914070
v 3.46311998 -1.41659999 9.13178062
v 3.40486002 -1.47110999 9.19619942
v 3.73774004 -1.36477005 9.00454998
v 3.70889020 -1.43183005 9.06070042
v 3.63314009 -1.35637999 9.04611015
v 3.40233994 -1.34448993 9.12547970
v 3.40915990 -1.20218003 9.15476990
v 3.52748990 -1.19842994 9.11026955
v 3.46109009 -1.26871991 9.10964012
v 3.93348002 -1.29241002 9.24931049
v 3.94780993 -1.20774007 9.22469044
v 3.87131000 -1.15684009 9.22622967
v 3.77858019 -1.11067998 9.20971012
v 4.18317986 -1.13481998 9.07375050
v 4.26838970 -1.18374991 9.06165981
v 4.24701023 -1.10298991 9.01463985
v 4.18827009 -1.21518004 9.11466026
v 4.25749016 -1.27734005 9.08936024
v 4.71178007 -1.20126998 8.83606052
v 4.69402027 -1.12959993 8.81278038
v 4.63947964 -1.16308999 8.85904980
v 4.33491993 -1.14437997 9.00588989
v 4.30819035 -1.35034001 9.05696011
v 4.34846020 -1.25537992 9.03986931
v 3.77319980 -1.16870999 9.00761986
v 3.83664012 -1.11245000 9.02334976
v 3.73935008 -1.23409009 8.99648952
v 3.80438995 -1.08929992 9.11330986
v 4.12109995 -1.05934000 8.93445969
v 4.20831013 -1.06079996 8.96020985
v 4.20468998 -1.05150008 8.88852024
v 4.11221027 -1.11038995 8.84665966
v 4.20193005 -1.09139001 8.80652046
v 4.15523005 -1.14917004 8.79319954
v 3.91603017 -1.07842994 9.05978966
v 3.93965006 -1.10227001 8.96953964
v 4.03479004 -1.06716990 9.01009941
v 4.02764034 -1.10101008 8.91197968
v 3.99628973 -1.08992994 9.10236931
v 4.03722000 -1.18712997 9.17545033
v 3.96810985 -1.13972998 9.17346001
v 4.04506016 -1.13260007 9.13467026
v 4.11598015 -1.16472995 9.12631989
v 4.58281994 -1.06413007 8.59985924
v 4.60542965 -1.22607005 8.52361012
v 4.54721975 -1.14994001 8.56661034
v 4.50644970 -1.08484006 8.62419987
v 4.28158998 -1.04543996 8.83917999
v 4.27093983 -1.09406006 8.75916004
v 4.21367979 -1.15720999 8.75407028
v 4.15705013 -1.22584999 8.76871014
v 4.60928011 -1.04307008 8.75539970
v 4.70121002 -1.04280007 8.71290970
v 4.57778025 -1.32959998 8.54891968
v 4.65680981 -1.45216000 8.59191990
v 4.57816982 -1.41894996 8.58989048
v 4.51068020 -1.35828996 8.59181976
v 4.23592997 -1.33500004 8.73167038
v 4.15994978 -1.37398994 8.78824043
v 4.17358017 -1.29527998 8.75898933
v 4.24800014 -1.41521001 8.76113987
v 4.19904995 -1.44393992 8.81395054
v 3.81259012 -1.43198991 9.01595020
v 3.84104991 -1.37158000 8.95886040
v 3.79084015 -1.47719002 9.09963036
v 3.77498007 -1.30312991 8.97313023
v 4.10294008 -1.29512000 8.79865074
v 4.05586004 -1.37041998 8.84499931
v 4.20316982 -1.48439002 8.87510014
v 4.12415028 -1.44062006 8.85496998
v 3.95694017 -1.15143001 8.91265011
v 3.88511992 -1.29730999 8.91732025
v 3.95141983 -1.36939001 8.90132999
v 4.00076008 -1.28603005 8.85453987
v 3.92804003 -1.21969998 8.90019035
v 3.87458992 -1.16051996 8.95557022
v 3.93858004 -1.37643003 9.23702049
v 3.95351982 -1.45026994 9.18060970
v 4.01671982 -1.39692998 9.18883991
v 4.10381031 -1.24002004 9.16274071
v 4.01513004 -1.25959992 9.20836067
v 4.07537985 -1.32025003 9.18295002
v 3.87727022 -1.48154998 9.14717007
v 3.78263998 -1.47826004 9.21158028
v 4.12107992 -1.38539004 9.14225960
v 4.05369997 -1.45239997 9.12856007
v 4.15828037 -1.44289994 9.08500004
v 3.97823977 -1.48379004 9.09123993
v 4.08570004 -1.48467994 9.04535007
v 3.99861979 -1.47902000 8.99424934
v 3.91785002 -1.43361998 8.96492958
v 4.02466011 -1.43785000 8.91026974
v 4.69497967 -1.42339003 8.78314018
v 4.67545986 -1.46694005 8.72809029
v 4.62561989 -1.46257997 8.77939987
v 4.28918982 -1.49675000 8.90252018
v 4.21920013 -1.49469006 8.94344997
v 4.28548002 -1.47053003 8.98285961
v 4.38832998 -1.45498002 8.94600010
v 4.32750988 -1.41637003 9.01328945
v 4.25405979 -1.42615008 9.04722023
v 4.37046003 -1.31022000 8.65199947
v 4.38422012 -1.42718005 8.69357967
v 4.30733967 -1.37468004 8.70586014
v 4.19277000 -1.48022008 9.01115990
v 0.86512500 -0.64614099 8.25702953
v 0.76842999 -0.60719401 8.21763039
v 0.69671202 -0.56043202 8.25148964
v 0.84446496 -0.62540799 8.15720940
v 0.75976098 -0.59840697 8.12086010
v 1.18256998 -0.40696201 8.05938053
v 1.05913997 -0.57777297 8.07596970
v 0.61636198 -0.54044199 8.18799019
v 0.97534198 -0.46034497 7.96248007
v 0.82928693 -0.44411200 7.89634037
v 0.65824997 -0.46508998 7.85380030
v 0.75929999 -0.31125501 7.83125973
v 4.95400000 -1.43388009 8.50837040
v 4.95245028 -1.01857996 8.52873039
v 4.82366991 -1.45626998 8.56943989
v 5.10294008 -1.38934004 8.36919022
v 5.05825996 -1.18912005 8.30037022
v 4.79788017 -1.20167994 8.42790985
v 5.12950993 -1.26484001 8.60260010
v 4.91183996 -1.24750006 8.73126984
v 4.80485010 -1.01850009 8.58109951
v 5.12858009 -1.10929000 8.57878017
v 1.48723006 -0.77840799 9.19573975
v 1.53852999 -0.84771794 9.25245953
v 1.45991004 -0.86067897 9.19264984
v 1.41539001 -0.78676802 9.12864971
v 1.35315001 -0.88406295 9.00599957
v 1.37435997 -0.95460999 8.95728970
v 1.46422005 -0.93489105 9.17831993
v 1.40222001 -0.88944304 9.10896015
v 1.59771991 -1.01967001 8.70950031
v 1.50648999 -1.03085005 8.76443005
v 1.50858998 -1.00182998 8.68225002
v 1.50658000 -1.05544007 8.86816025
v 1.41450000 -1.00326002 8.89375019
v 1.07651997 -0.75086898 8.39811993
v 1.10591006 -0.74576402 8.32942009
v 1.10614002 -0.71054202 8.25115967
v 1.18979001 -0.75600302 8.30949974
v 1.01905000 -0.62690300 8.55375957
v 1.07252002 -0.61901397 8.61427975
v 1.10971999 -0.67923105 8.63448048
v 1.19146991 -0.37093699 8.65073013
v 1.13176000 -0.36026198 8.61435032
v 1.19945002 -0.44573697 8.70108032
v 0.98207700 -0.40845400 8.54786015
v 1.03507996 -0.56177902 8.59107971
v 1.16482997 -0.52587903 8.70464993
v 1.13143992 -0.61416900 8.67838955
v 1.72716010 -0.82979405 9.32159996
v 1.78710997 -0.99313802 9.36726952
v 1.88761997 -0.97696400 9.39686012
v 1.82698989 -0.89279807 9.36718941
v 1.93164003 -0.86106503 9.37270927
v 2.56252003 -1.29972005 9.49527931
v 2.13915014 -1.09954000 9.45409966
v 2.39696002 -0.93863600 9.39151955
v 2.36700010 -1.11792004 9.49070930
v 2.36292982 -1.04474998 9.47704983
v 2.38861012 -1.20134997 9.48886013
v 1.50047994 -0.92006302 9.22268009
v 2.05878997 -1.01282001 9.43622971
v 1.88864005 -0.81764096 9.34307003
v 1.81289995 -0.79724002 9.32108021
v 1.88752997 -0.76314300 9.30187988
v 2.61210990 -1.36520004 9.47461987
v 2.41439009 -1.27482998 9.46862030
v 2.32462001 -1.34448993 9.34294987
v 2.54335999 -1.15412998 9.50715065
v 2.21408987 -1.12724996 9.46687031
v 1.30062997 -0.66295302 8.22323036
v 1.23584998 -0.71540099 8.25341988
v 1.36520994 -0.59810501 8.22231007
v 1.39379001 -0.66100401 8.26867962
v 1.34584999 -0.50999898 8.18708992
v 1.26806998 -0.23334798 8.39449978
v 1.18698001 -0.30712000 8.59317017
v 1.16400993 -0.25147301 8.52115059
v 1.17866004 -0.19541100 8.38669968
v 1.21600997 -0.22838700 8.46690941
v 1.89605010 -0.80664194 8.81486988
v 1.47934997 -0.53693801 8.95300007
v 1.47944999 -0.59390503 9.02945042
v 1.56851995 -0.54205596 8.97823048
v 1.57622993 -0.58872098 9.06149006
v 1.77348995 -0.61541998 8.82602024
v 1.70872998 -0.56474197 8.81035042
v 1.69263995 -0.57267296 8.71401024
v 1.49825001 -0.44277200 8.79450035
v 1.64470005 -0.51787400 8.80426025
v 1.64874995 -0.53255999 8.89990997
v 1.57266998 -0.50285202 8.89116955
v 1.57475996 -0.47385898 8.79936981
v 1.56632006 -0.45425701 8.70742035
v 1.65979993 -0.56173503 8.99255943
v 1.78866005 -0.62339002 9.08912945
v 1.83143008 -0.62722099 9.00543976
v 1.74750006 -0.59160298 9.00087929
v 1.72581005 -0.57266402 8.90888977
v 1.67912996 -0.60607898 9.09245968
v 1.39916003 -0.34931701 8.64552975
v 1.44445002 -0.40971899 8.35154057
v 1.45523000 -0.37437201 8.44301033
v 1.50221992 -0.44941503 8.42572021
v 1.43580997 -0.34582099 8.54621983
v 1.47590995 -0.38129598 8.62769985
v 2.60925007 -1.04430997 9.41547012
v 1.83516002 -0.66282904 9.17129993
v 1.89218009 -0.65686202 9.09486008
v 1.96993995 -0.69833899 9.05061054
v 2.04088998 -0.74112201 9.07940006
v 2.20974994 -0.85181504 9.15474987
v 2.15764999 -0.79567397 9.16119957
v 2.14821005 -0.85626203 9.09105968
v 2.10273004 -0.79999399 9.08502007
v 2.19321990 -0.81116599 9.31212044
v 0.97132599 -0.13128300 8.10540009
v 1.27586007 -0.60347301 8.17317009
v 1.25305009 -0.86959296 8.55883980
v 1.27928996 -0.86342204 8.48884010
v 1.34231007 -0.90950406 8.55462074
v 1.30776000 -0.91284001 8.63221931
v 1.60552001 -0.91219395 8.56908989
v 1.80058992 -0.68572402 8.75882053
v 1.78050995 -0.82349396 8.67484951
v 1.66327989 -0.84440202 8.56215954
v 1.59080005 -0.76713502 8.46660042
v 1.62014997 -0.67299199 8.49020004
v 1.59715009 -1.05834997 8.79281998
v 1.46234000 -0.64927202 8.31458950
v 1.47074008 -0.48971802 8.33122063
v 1.48048997 -0.57110399 8.32357025
v 1.52365994 -0.62652403 8.37287998
v 2.79468012 -1.37784994 9.50839043
v 3.36167002 -1.39034998 9.45469952
v 3.68250990 -1.28587997 9.01601028
v 3.65092015 -1.12670004 9.27029037
v 3.39197016 -1.15312994 9.36878014
v 2.86385989 -1.11738002 9.43570995
v 3.12178993 -1.15901005 9.43412971
v 1.11776996 -0.18314901 8.16942024
v 1.91315997 -1.10593998 9.38413048
v 1.93325007 -1.19778991 9.30650043
v 1.90788007 -1.13085008 9.00337982
v 1.98329997 -1.11252999 9.01683998
v 1.92581999 -1.16372001 9.06274033
v 2.00900984 -1.15714002 9.07388020
v 1.65671992 -1.13291001 9.06871033
v 1.79284000 -1.17253995 9.11194038
v 1.69792008 -1.12990999 8.97817039
v 1.75144005 -1.15076995 9.03524971
v 2.00485992 -1.23343003 9.21983051
v 2.19924998 -0.96783602 9.09547997
v 2.07140994 -1.09781003 9.05037975
v 1.93028998 -0.86352599 8.84744072
v 2.03288984 -0.83065999 8.97820950
v 2.05835009 -0.79499102 9.03431988
v 2.19780993 -1.29099000 9.25182056
v 2.37041998 -1.11335003 9.14865017
v 2.59811997 -1.17613006 9.19027042
v 2.50055003 -1.39700007 9.38218975
v 2.52870989 -1.36252999 9.45001030
v 3.11566997 -1.39002001 9.50288010
v 3.61811972 -1.42264009 9.35698986
v 3.68841028 -1.47034001 9.28256989
v 3.54947996 -1.35851002 9.40221024
v 3.52933002 -1.43509996 9.38438988
v 3.46904993 -1.47775006 9.37100029
v 3.48202014 -1.50112998 9.30644989
v 3.45159006 -1.50222993 9.25323009
v 3.67551994 -1.35334992 9.35733032
v 2.79709005 -1.28018999 9.20713997
v 3.11228013 -1.29542994 9.19491005
v 3.11475992 -1.50899005 9.32009983
v 2.79766989 -1.48031998 9.37609005
v 3.69994020 -1.48411000 9.15330982
v 3.59641981 -1.42882991 9.09884071
v 3.34448004 -1.27424002 9.14725018
v 3.57549024 -1.27085996 9.06427002
v 4.41388988 -1.19160008 8.98989010
v 4.39712000 -1.10966992 8.94871998
v 4.43476009 -1.29234004 8.99427986
v 4.15054989 -1.07550001 9.01717949
v 3.89094996 -1.09873998 9.15416050
v 4.47429991 -1.17909002 8.59832001
v 4.30495977 -1.06576002 8.93527031
v 4.27616024 -1.17650008 8.71020985
v 4.47144985 -1.04354000 8.69565964
v 4.39832973 -1.06603003 8.70800972
v 4.43382978 -1.03416991 8.75580025
v 4.35080004 -1.04161000 8.79007053
v 4.44812012 -1.04325998 8.82378006
v 4.52107000 -1.16934991 8.92366028
v 4.56529999 -1.12826991 8.87779999
v 4.47514009 -1.09490001 8.89608002
v 4.45938015 -1.15578008 8.94865990
v 4.67495012 -1.07650006 8.77752018
v 4.53823996 -1.06576991 8.82923985
v 4.50917006 -1.03434002 8.77081013
v 4.51926994 -1.45132995 8.64844990
v 4.22416019 -1.24565005 8.72871971
v 4.40528965 -1.49108005 8.77303982
v 4.32516003 -1.45862997 8.75705051
v 4.28899002 -1.27432001 8.69251060
v 4.34084988 -1.20025992 8.66771984
v 4.43542004 -1.11281991 8.64533997
v 4.38280964 -1.13229001 8.66523933
v 4.33146000 -1.11160004 8.70763969
v 4.08828020 -1.21634996 8.80986023
v 3.82701993 -1.22891998 8.95274925
v 3.99874997 -1.33002996 9.21959019
v 4.16487980 -1.30093002 9.13809013
v 4.11575031 -1.48728001 8.94423962
v 3.89583015 -1.47687995 9.04828072
v 4.59076023 -1.20474994 8.90128994
v 4.54392004 -1.25239003 8.93412018
v 4.48240995 -1.22810006 8.96463966
v 4.50759983 -1.46081996 8.86518002
v 4.57622004 -1.43553996 8.85011959
v 4.53487015 -1.38590002 8.91193962
v 4.71645021 -1.28006005 8.83852005
v 4.76756001 -1.31422997 8.80383968
v 4.71273994 -1.35481000 8.82100010
v 4.65796995 -1.32061994 8.86617947
v 4.59842968 -1.35975003 8.88786030
v 4.55674028 -1.32178998 8.92391014
v 4.26814985 -1.47777009 8.81965065
v 4.43476963 -1.48378003 8.86929035
v 4.47128963 -1.49537003 8.79646015
v 4.44502974 -1.39109004 8.63930988
v 0.83100498 -0.59735799 8.07845020
v 1.18450999 -0.33646899 8.07349968
v 0.68785799 -0.57955396 8.15814018
v 1.05928004 -0.42111501 7.98824978
v 0.83124799 -0.17667201 7.91918039
v 0.77101403 -0.39355299 7.85017014
v 0.83758497 -0.34797499 7.86912012
v 5.02101994 -1.04974008 8.57157993
v 5.03258038 -1.01428008 8.46249962
v 4.74122000 -1.46077001 8.58265972
v 4.77912998 -1.42417002 8.51048946
v 5.01543999 -1.37305999 8.37290001
v 5.00721025 -1.13303006 8.33574009
v 4.66804028 -1.16452003 8.49925041
v 4.79947996 -1.29997993 8.43366051
v 5.10192013 -1.18655992 8.62403011
v 5.03442001 -1.18905997 8.66084957
v 5.20901966 -1.28404999 8.54362011
v 4.84311962 -1.30896997 8.76058006
v 4.99953985 -1.10888004 8.64381981
v 4.96394014 -1.17341006 8.69433975
v 4.75414991 -1.02646995 8.64645004
v 5.17802000 -1.06347001 8.51225948
v 1.33065999 -0.89714003 8.92385006
v 1.35881007 -0.79508102 9.04236031
v 1.29531002 -0.72662503 8.90302944
v 1.33940005 -0.71603596 8.97844982
v 1.31824994 -0.64604300 8.90749931
v 1.40021002 -0.68986303 9.05111027
v 1.40635002 -0.95792800 8.63178062
v 1.34246993 -0.94482499 8.78689003
v 1.28727996 -0.76156104 8.31151962
v 1.16082001 -0.78095102 8.37759018
v 1.13795996 -0.78927499 8.45020008
v 1.19586003 -0.82841396 8.50226021
v 1.06888998 -0.73992401 8.48071003
v 1.06500995 -0.38560200 8.59060001
v 0.97584498 -0.55437899 8.53960991
v 1.62500989 -0.86423600 9.29860973
v 1.97621989 -1.00625002 9.41948986
v 2.48841000 -1.30657995 9.47268009
v 2.14066005 -1.17442000 9.43605995
v 2.41618991 -0.98965102 9.44097996
v 2.35827994 -0.89460295 9.29284000
v 1.62530994 -1.04640996 9.25720024
v 1.74379992 -1.06884003 9.32161999
v 1.71207011 -1.00094008 9.33460045
v 1.68227994 -1.04290998 9.30027008
v 2.23857999 -1.31396997 9.33094978
v 2.21808004 -1.20818996 9.44501019
v 2.29373002 -1.07828999 9.47906017
v 2.29797006 -1.16626000 9.47805977
v 1.42782998 -0.60361302 8.27300072
v 1.34510005 -0.28231201 8.39177990
v 1.10187995 -0.20417199 8.44474983
v 1.49123001 -0.48431700 8.87484932
v 1.42788005 -0.52821004 8.91534996
v 1.63213992 -0.51085901 8.70858002
v 1.79836011 -0.61437601 8.91718960
v 1.32366002 -0.33773798 8.64982033
v 1.40734994 -0.34430701 8.37372971
v 1.30852008 -0.26244000 8.47566986
v 1.25000000 -0.26954600 8.54496002
v 1.34608006 -0.30211100 8.56752014
v 1.86693001 -0.70792699 9.24167061
v 2.07994986 -0.74087101 9.17365074
v 2.08863997 -0.85419500 9.03104973
v 2.14459991 -0.77483803 9.25469017
v 0.91271603 -0.14018400 8.02140999
v 1.24627995 -0.53871000 8.12543011
v 1.85006011 -0.74222004 8.78437996
v 1.60582995 -0.84189796 8.51453972
v 1.66198003 -0.64907300 8.55888939
v 1.60776997 -1.08889997 8.88004971
v 1.40981996 -0.45188498 8.26156044
v 2.86434007 -1.32678008 9.52602959
v 2.70363998 -1.36945999 9.49563026
v 3.44063997 -1.32888007 9.43517017
v 2.02350998 -1.23275995 9.31406021
v 1.84603000 -1.16049993 9.04654980
v 1.71765006 -1.15060997 9.15637970
v 1.68791997 -1.10010004 9.25314045
v 1.95704997 -1.19861007 9.13595963
v 2.18698001 -0.90382898 9.10264015
v 2.13834000 -1.02572000 9.05889988
v 2.04501987 -0.91890699 8.97443962
v 1.98264003 -0.87665904 8.90789986
v 1.97542989 -0.98598802 8.92096996
v 2.04146004 -1.02130008 8.99292946
v 2.28198004 -1.28770995 9.21528053
v 2.48329997 -1.39565003 9.30622005
v 3.45211983 -1.41080999 9.42292976
v 3.40322995 -1.50691009 9.32401943
v 2.75720000 -1.45081997 9.29553986
v 3.62645984 -1.49092996 9.19464016
v 3.51461983 -1.47473001 9.17717934
v 3.51861000 -1.34353995 9.08670998
v 4.37798977 -1.05303001 8.87740040
v 4.50045013 -1.31535995 8.95654011
v 4.38209009 -1.36519003 9.01080990
v 4.08991003 -1.10189998 9.08366013
v 4.40775013 -1.20146000 8.63044930
v 4.52390003 -1.25545001 8.56544018
v 4.62272978 -1.09595001 8.82388973
v 4.55650997 -1.02734005 8.69128990
v 4.45722008 -1.47426999 8.71022034
v 4.59838963 -1.48228002 8.67444992
v 4.02449989 -1.18597007 8.85542965
v 4.21514034 -1.36647999 9.10164070
v 4.65558004 -1.24161994 8.87267971
v 4.64541006 -1.39634001 8.83736992
v 4.35291004 -1.49854004 8.84362984
v 1.16767001 -0.27335998 8.09797001
v 1.12825000 -0.37307900 8.02490044
v 0.91097099 -0.40313801 7.91277981
v 0.80418396 -0.24661200 7.86281967
v 0.90740997 -0.28588098 7.90721989
v 4.70427990 -1.41242003 8.52829933
v 5.04699993 -1.41491008 8.44324017
v 4.97046995 -1.20340002 8.34247971
v 4.73482037 -1.14392006 8.46998024
v 5.14238024 -1.32762003 8.55543995
v 4.91797972 -1.35529006 8.68867016
v 4.77355003 -1.06295002 8.71187019
v 5.13514996 -1.01880002 8.44714928
v 5.09665966 -1.05095994 8.53623009
v 5.06717014 -1.10966992 8.61010933
v 1.30950999 -0.80248499 8.93358994
v 1.39658999 -0.60442501 8.97051048
v 1.41181004 -0.98641700 8.72844028
v 1.35572004 -0.95055503 8.86451054
v 1.41724002 -1.00301003 8.81656075
v 1.32445002 -0.93063295 8.70433998
v 1.31543994 -0.80176699 8.36276054
v 2.49797010 -1.23023009 9.50235939
v 1.57511997 -0.96283197 9.26775932
v 1.72366011 -0.92073405 9.34438038
v 1.38926005 -0.31057301 8.46580982
v 1.26416993 -0.31856698 8.62125969
v 1.92711997 -0.68858898 9.19112968
v 0.98547602 -0.15831700 8.05925941
v 1.81520998 -0.75910103 8.72683048
v 1.42226005 -0.53625500 8.26012993
v 2.12180996 -0.94162196 9.04345989
v 2.29225016 -1.32730997 9.27400017
v 3.35760999 -1.50582004 9.27324009
v 4.45106030 -1.40073991 8.95250034
v 4.45126009 -1.28367996 8.60521030
v 4.53912020 -1.49075007 8.76288033
v 4.60281992 -1.28397000 8.90170002
v 1.11826003 -0.22099701 8.10283947
v 0.99141997 -0.36414599 7.94571972
v 4.84089994 -1.05981994 8.67461014
v 1.30075002 -0.83775997 8.41929054
v 1.24461007 -0.79710001 8.36488056
v 1.83813000 -1.08577001 9.36096001
v 1.64837003 -0.97413903 9.30939007
v 1.98775005 -0.69790202 9.13840008
v 1.93178010 -0.72579002 9.25988960
v 1.84659004 -0.82361495 8.75119972
v 0.98834401 -0.20542701 8.00374031
v 0.90293598 -0.20282800 7.94480991
v 1.06256998 -0.32952398 7.98869991
v 1.12011003 -0.28820902 8.04479980
v 1.04991996 -0.26305801 8.00578976
v 1.21770000 -0.82052404 8.43195057
v 0.99312496 -0.27832100 7.95951986
v 1.05897999 -0.21438201 8.05336952
v 1.99636006 -0.72078198 9.23278999
v 2.12287998 -0.81011200 9.33860970
v 2.06195998 -0.76174700 9.28645039
v 1.98201013 -0.77538300 9.31464958
v 2.02948999 -0.82685500 9.35861015
v -1.35477030 -1.75176658 6.48171110
v -1.35430452 -1.75235363 6.48178742
v -1.36713611 -1.73512085 6.47951905
v -1.36673879 -1.73571251 6.47959837
v -1.32464321 -1.78396808 6.48574449
v -1.32356272 -1.78496325 6.48586415
v -1.41889699 -1.61551180 6.46252930
v -1.41674311 -1.62432044 6.46383587
v -1.30512997 -1.80049126 6.48767871
v -1.30463135 -1.80087751 6.48772251
v -1.29510128 -1.80796960 6.48851416
v -1.29324084 -1.80928679 6.48865818
v -1.20872834 -1.85272718 6.49263444
v -1.20760810 -1.85310759 6.49265657
v -1.13007600 -1.87335065 6.49323567
v -1.12760238 -1.87369306 6.49320667
v -1.41187612 -1.64019589 6.46615777
v -1.41082455 -1.64342354 6.46662777
v -1.03680954 -1.88088664 6.49130084
v -1.03586455 -1.88091876 6.49127431
v -1.14957478 -1.86965250 6.49330800
v -1.14285260 -1.87092842 6.49328322
v -1.24150356 -1.83923919 6.49161802
v -1.23254353 -1.84322992 6.49194337
v -1.39770666 -1.67900674 6.47175830
v -1.39709613 -1.68052132 6.47197494
v -1.37615059 -1.72123813 6.47764749
v -1.37505118 -1.72295294 6.47787913
v -1.37721252 -1.71944061 6.47740164
v -1.37655065 -1.72059554 6.47756028
v -1.38219939 -1.71094056 6.47623795
v -1.38031004 -1.71422187 6.47668837
v -1.38696155 -1.70193372 6.47498745
v -1.38410360 -1.70750176 6.47576338
v -1.26585573 -1.82669990 6.49046882
v -1.26212425 -1.82869119 6.49065585
v -1.26869940 -1.82504548 6.49030487
v -1.21994504 -1.84858287 6.49236041
v -1.21656837 -1.84985519 6.49244677
v -1.12268717 -1.87465299 6.49319277
v -1.11699213 -1.87578213 6.49317931
v -1.10498595 -1.87691270 6.49295535
v -1.19542117 -1.85731697 6.49290839
v -1.18736162 -1.85981932 6.49303088
v -0.98737615 -1.88013162 6.48953210
v -0.97028800 -1.87860796 6.48872308
v -1.34951194 -1.75813103 6.48253152
v -1.34560082 -1.76267359 6.48311181
v -1.35215539 -1.75493028 6.48211889
v -1.03416006 -1.88082686 6.49120301
v -1.03185288 -1.88067063 6.49110153
v -1.22902267 -1.84474842 6.49206344
v -1.22405649 -1.84685952 6.49222800
v -1.24905706 -1.83554728 6.49129247
v -1.24766490 -1.83621743 6.49135086
v -1.41526146 -1.62926046 6.46455948
v -1.20922856 -1.85254162 6.49262210
v -1.27864159 -1.81900624 6.48969174
v -1.27819233 -1.81927738 6.48971917
v -1.40609613 -1.65759632 6.46868783
v -1.40495610 -1.66091859 6.46916968
v -1.40824038 -1.65123185 6.46776343
v -1.18255963 -1.86128030 6.49309917
v -1.17247354 -1.86404992 6.49319583
v -1.13825854 -1.87181157 6.49326803
v -1.13346076 -1.87271519 6.49324925
v -1.03549567 -1.88091115 6.49126080
v -1.33482995 -1.77413226 6.48454538
v -1.33322987 -1.77572808 6.48474169
v -1.25903835 -1.83039548 6.49081953
v -1.25395684 -1.83314794 6.49108060
v -1.09514734 -1.87793235 6.49278641
v -1.08716631 -1.87879758 6.49265533
v -1.07709299 -1.87962284 6.49244813
v -1.42654171 -1.58108517 6.45739701
v -1.42266432 -1.60102728 6.46038835
v -1.42121533 -1.60692688 6.46126322
v -1.39920439 -1.67528555 6.47122597
v -1.41406211 -1.63355355 6.46519128
v -1.40331917 -1.66503382 6.46975903
v -1.40217784 -1.66792559 6.47017347
v -1.36359941 -1.74024978 6.48020360
v -1.36060563 -1.74423562 6.48072740
v -1.39276361 -1.69003123 6.47331851
v -1.39264234 -1.69027654 6.47335286
v -1.39279352 -1.68996399 6.47330899
v -1.06980825 -1.88001056 6.49226556
v -1.03861920 -1.88084587 6.49135488
v -1.34314820 -1.76537371 6.48345247
v -1.33792394 -1.77100941 6.48415998
v -0.92335949 -1.87163773 6.48606534
v -1.27924046 -1.81861080 6.48964985
v -1.16673547 -1.86582521 6.49328205
v -1.15421779 -1.86882904 6.49333417
v -1.44332934 -1.47098007 6.44072681
v -1.44122108 -1.50261524 6.44560711
v -1.43986216 -1.51431480 6.44739264
v -1.43266786 -1.55234032 6.45310318
v -1.31948731 -1.78866650 6.48630760
v -1.31469392 -1.79273480 6.48678421
v -0.77917598 0.09780976 6.17304513
v -0.78506116 0.08940889 6.17455632
v -0.84986763 -0.01009278 6.19229158
v -0.87233521 -0.04464909 6.19844962
v -0.90602216 -0.09476275 6.20741689
v 0.68279851 -0.35770733 6.19551521
v 0.71426882 -0.30191754 6.18573367
v -1.30418609 -0.75810804 6.32452090
v -1.33231467 -0.82006356 6.33515575
v -1.34566369 -0.85290910 6.34074160
v -1.24044699 -0.63764647 6.30354118
v -1.27563952 -0.70278499 6.31491002
v -0.67593460 0.24667723 6.14630109
v -0.69003063 0.22744729 6.14978112
v -1.43274491 -1.13948134 6.38849596
v -1.43819233 -1.18352401 6.39557025
v -1.40859998 -1.03238956 6.37093058
v -1.42341513 -1.09750299 6.38161510
v -0.72927432 -1.79903713 6.46822329
v -0.69393902 -1.77752467 6.46367688
v -0.54339927 -1.64225496 6.43748151
v -0.49316608 -1.58857905 6.42740428
v -0.46505341 -1.55232137 6.42079150
v -0.40986526 -1.49220224 6.40954051
v -0.62421083 -1.72330274 6.45286327
v -0.56023668 -1.66215105 6.44115732
v -1.05199400 -0.32420057 6.24819645
v -1.06360637 -0.34229022 6.25141510
v -1.03434706 -0.29579127 6.24316134
v -0.92353686 -0.12313737 6.21244216
v -0.96908184 -0.19369800 6.22500519
v -0.97495377 -0.20329514 6.22670315
v -1.01537703 -0.26614554 6.23788857
v 0.00811090 -1.06018861 6.32797689
v 0.02835782 -1.04265585 6.32455708
v 0.68435226 0.76755051 6.01936769
v 0.67712605 0.77317139 6.01872935
v 0.69167634 0.76015373 6.02028069
v 0.06746641 -1.00969944 6.31809378
v 0.08256123 -0.99574400 6.31540582
v 0.84575400 0.00799001 6.13284483
v 0.84928475 0.02018495 6.13081851
v 0.78437023 -0.16317079 6.16168001
v 0.78980230 -0.15020763 6.15946998
v 0.79704970 -0.13131742 6.15627179
v 0.62127869 -0.45305012 6.21248990
v 0.66471802 -0.38502986 6.20039472
v 0.55706749 -0.53679736 6.22773982
v 0.59793777 -0.48422764 6.21814834
v 0.73425547 -0.26677922 6.17956740
v 0.75587088 -0.22248114 6.17191329
v -1.44851885 -1.26166683 6.40814390
v -1.44875114 -1.28364151 6.41159056
v -1.45142000 -1.35596899 6.42299846
v -1.44994238 -1.38952452 6.42820034
v -0.07653453 -1.13709266 6.34283820
v -0.04935405 -1.11109190 6.33786169
v -0.04078534 -1.10372821 6.33642321
v -0.60852020 0.33884988 6.12962569
v -0.64899377 0.28293981 6.13972667
v -0.54682584 0.41725247 6.11529620
v -0.59689731 0.35570566 6.12659978
v -1.19076648 -0.55207389 6.28849079
v -1.22490567 -0.61188007 6.29898998
v -1.08804084 -0.38234374 6.25849909
v -1.12393007 -0.44133164 6.26892866
v -0.77700633 0.10087357 6.17249322
v -0.34740362 -1.41500815 6.39537453
v -0.31977920 -1.38610778 6.38992943
v -0.63414249 -1.73215208 6.45457975
v 0.24307294 -0.85938290 6.28870669
v 0.27847578 -0.82638775 6.28236106
v -0.38115848 0.60160271 6.08091493
v -0.39338372 0.59032402 6.08308817
v 0.30784882 0.92838805 6.00676912
v 0.30653143 0.92855705 6.00678666
v 0.30552562 0.92859491 6.00681432
v 0.31423271 -0.79587207 6.27639162
v 0.32731626 -0.78303974 6.27394658
v 0.85624449 0.48259006 6.05822269
v 0.84072235 0.52441888 6.05219503
v -0.72630622 0.17474018 6.15924068
v -0.73298052 0.16557006 6.16089860
v -0.48530574 0.49210518 6.10152808
v -0.48706424 0.49022947 6.10188033
v -0.49001253 0.48696006 6.10249041
v -1.37208566 -0.91889504 6.35195020
v -1.39394627 -0.98738286 6.36339804
v -1.13608382 -0.46141230 6.27247697
v -1.17394546 -0.52516058 6.28371737
v 0.52875862 0.87246023 6.00814528
v 0.46717248 0.89644353 6.00644841
v 0.60688602 0.82874421 6.01237787
v 0.58535645 0.84081336 6.01120800
v 0.85046780 0.02601795 6.12986618
v -0.83642814 -1.85186579 6.48006851
v -0.78856936 -1.83292513 6.47550641
v -0.89548969 -1.86696532 6.48440356
v -0.01188423 0.86642713 6.02714151
v -0.03284767 0.85598656 6.02947537
v -0.00793554 0.86776507 6.02680029
v 0.12330099 0.91090854 6.01566662
v 0.07227807 0.89782560 6.01941767
v -0.17343559 0.77560066 6.04674949
v -0.17700633 0.77333741 6.04722290
v -0.38285000 -1.45908360 6.40345561
v -0.19087876 -1.24510955 6.36356011
v -0.12974547 -1.18514392 6.35213463
v 0.13467711 -0.95274553 6.30693669
v 0.77229236 0.66428119 6.03259235
v 0.75075600 0.69281850 6.02884555
v 0.87360509 0.13300764 6.11235042
v 0.87449349 0.14148386 6.11099429
v 0.54728909 -0.55072975 6.23024665
v 0.87983123 0.36094721 6.07647145
v 0.87635713 0.39159992 6.07179050
v -0.25210112 0.71632560 6.05865230
v -0.30446938 0.67338254 6.06712119
v -0.30015587 -1.36228405 6.38554594
v -0.26391285 -1.32244446 6.37810114
v 0.36585066 -0.74664165 6.26696385
v 0.38817941 -0.72318187 6.26254699
v 0.42899667 -0.68268789 6.25484705
v 0.47437644 -0.63512870 6.24588911
v -0.17737921 0.77312767 6.04726817
v -0.17917834 0.77183387 6.04753071
v 0.87257251 0.40857697 6.06926007
v 0.81794321 0.58466557 6.04352740
v 0.80018132 0.61681108 6.03908991
v 0.88287462 0.22004651 6.09841989
v 0.88351926 0.26848171 6.09081856
v 0.15153846 -0.93850754 6.30414553
v 0.22189411 -0.87635854 6.29207043
v 0.51246097 -0.59316655 6.23805066
v -0.24971362 -1.30611608 6.37507174
v -0.20255308 -1.25748196 6.36588612
v -0.36166005 0.61964636 6.07744016
v 0.44296082 0.90422453 6.00603916
v 0.38413082 0.91877040 6.00572716
v 0.22031412 0.92711609 6.00989097
v 0.16299707 0.92021454 6.01288483
v -1.28754784 -1.81324291 6.48908719
v -1.37155819 -1.72856934 6.47864143
v -1.37024668 -1.73062278 6.47891899
v -1.40938492 -1.64806201 6.46730559
v -1.29948232 -1.80483856 6.48817046
v -1.32931553 -1.77961621 6.48521946
v -1.23154371 -1.84371144 6.49198534
v -1.23084500 -1.84401139 6.49200895
v -1.40895339 -1.64926884 6.46748004
v -1.24407061 -1.83806582 6.49152011
v -1.38813785 -1.69968351 6.47467458
v -1.31012774 -1.79656717 6.48723149
v -1.27265367 -1.82273952 6.49007603
v -1.40108905 -1.67088305 6.47059994
v -1.40055788 -1.67211459 6.47077493
v -1.26044462 -1.82966139 6.49075160
v -1.42985972 -1.56837053 6.45551804
v -1.28550499 -0.72127529 6.31813305
v -0.82633142 0.02522602 6.18597854
v -0.91827184 -0.11454442 6.21092162
v -1.08175737 -0.37199642 6.25667000
v 0.45519008 0.90110726 6.00611866
v -0.53492703 0.43347187 6.11236067
v -0.60284137 0.34660479 6.12822248
v 0.81813036 -0.07630045 6.14695810
v -1.44813032 -1.42880072 6.43428631
v -0.90672238 -1.87000726 6.48525466
v -0.11679036 -1.17225865 6.34968560
v -0.10722491 0.81676880 6.03809616
v -0.10097178 0.82122145 6.03719055
v -0.24142361 0.72556998 6.05684909
v -0.43488827 0.54581778 6.09143896
v -1.01859520 -0.27131426 6.23880489
v 0.61487560 -0.46108146 6.21396055
v -0.62668344 -1.72596058 6.45336176
v -0.75776314 -1.81725545 6.47202559
v 0.14654008 -0.94230187 6.30490622
v 0.88409707 0.30579576 6.08495986
v -0.40127819 -1.48031130 6.40739293
v 0.48737518 -0.62127750 6.24328745
v -0.32049121 0.65758447 6.07012846
v 0.14462364 0.91684731 6.01402527
v -1.68713056 -0.35757020 13.85151274
v -1.70495387 -0.41058852 13.86040488
v -1.71641208 -0.43551359 13.86468809
v -1.77009595 -0.50215149 13.87690900
v -1.95419805 -0.08067752 13.81709821
v -1.93654099 -0.07569584 13.81572903
v -1.71520470 -0.16953982 13.82302458
v -1.69567269 -0.21469674 13.82943918
v -1.76751244 -0.10957197 13.81538656
v -1.73636852 -0.14120584 13.81929716
v -1.85479123 -0.06929392 13.81199755
v -1.79401337 -0.08937818 13.81311123
v -2.06246603 -0.44190745 13.87724345
v -2.06544344 -0.42780592 13.87513607
v -2.07959849 -0.35467127 13.86416360
v -2.07926645 -0.32521182 13.85954230
v -2.07495219 -0.27726861 13.85189544
v -2.06214730 -0.22395678 13.84312492
v -1.78150401 -0.51402945 13.87914874
v -1.86246108 -0.55679013 13.88854368
v -2.05203209 -0.19598745 13.83841016
v -2.01313392 -0.12976978 13.82674870
v -1.99320141 -0.11305762 13.82346781
v -1.88166789 -0.56246902 13.89007370
v -1.96111026 -0.55551914 13.89163868
v -2.05450796 -0.45756279 13.87942769
v -1.98336754 -0.54557616 13.89082584
v -2.01694406 -0.51939371 13.88784957
v -1.68470815 -0.25225939 13.83495138
v -1.68201744 -0.31282704 13.84433999
v -1.88300789 -0.06298881 13.81195299
v -2.01059368 -0.12713528 13.82625160
f 4179 4198 370
f 7794 7387 7486
f 7388 7794 7766
f 7387 7794 7388
f 7013 7793 7011
f 7793 7013 7477
f 7482 7793 7479
f 7793 7035 7479
f 7035 7793 7439
f 7494 7796 7490
f 6968 7796 7489
f 7796 6968 6966
f 7051 7799 7063
f 7800 7503 7504
f 7081 7800 7508
f 7069 7799 7068
f 7799 7065 7063
f 7065 7799 7501
f 7795 7387 7492
f 7494 7795 7492
f 7795 7043 7487
f 7043 7795 7039
f 7065 7806 7064
f 7806 7065 7522
f 7806 7522 7533
f 7064 7806 7532
f 7105 7805 7104
f 7805 7105 7526
f 7805 7531 7527
f 7531 7805 7529
f 7799 7051 7068
f 7805 7526 7529
f 7077 7804 7499
f 7507 7800 7504
f 7800 7507 7508
f 7108 7800 7081
f 7800 7108 7503
f 7796 7494 7492
f 7489 7796 7492
f 7796 6966 7490
f 7104 7805 7527
f 7505 7798 7521
f 7003 7495 7016
f 7798 7057 7499
f 7569 7816 7566
f 7816 7569 7567
f 7123 7818 7124
f 7053 7819 7583
f 7819 7571 7584
f 7820 7586 7587
f 7096 7821 7591
f 7597 7821 7593
f 7048 7816 7564
f 7821 7597 7595
f 7821 7095 7593
f 7586 7820 7585
f 7820 7121 7119
f 7586 7819 7584
f 7121 7820 7575
f 7575 7820 7587
f 7820 7119 7585
f 7055 7819 7053
f 7591 7821 7595
f 7535 7806 7533
f 7816 7048 7046
f 7817 7561 7570
f 7016 7797 7438
f 7797 7016 7495
f 7044 7797 7495
f 7797 7036 7438
f 7031 7495 7003
f 7090 7807 7524
f 7807 7090 7088
f 7807 7535 7536
f 7109 7817 7568
f 7816 7046 7566
f 7818 7579 7578
f 7579 7818 7581
f 7818 7577 7581
f 7124 7818 7578
f 7111 7817 7109
f 7817 7111 7561
f 7817 7569 7568
f 7569 7817 7570
f 7818 7123 7577
f 7806 7535 7532
f 7807 7088 7534
f 7524 7807 7536
f 6916 6918 6917
f 6915 6916 6917
f 6890 6814 6889
f 6889 6814 6816
f 6723 6856 6727
f 6888 6887 6858
f 6863 6864 6862
f 6580 6863 6862
f 6919 6920 6921
f 6305 6863 6580
f 6863 6287 6523
f 6862 6579 6580
f 6861 6523 6697
f 6522 6861 6697
f 6860 6307 6291
f 6307 6860 6576
f 6576 6860 6574
f 6860 6291 6573
f 6863 6305 6287
f 6858 6853 6859
f 6922 6923 6924
f 6928 6929 6930
f 6893 6899 6900
f 6898 6853 6852
f 6853 6898 6859
f 6895 6896 6897
f 6892 6893 6894
f 6891 6890 6889
f 6908 6909 6907
f 6910 6911 6912
f 6925 6926 6927
f 6911 6910 6913
f 6934 6935 6881
f 6884 6934 6881
f 6934 6884 6932
f 6886 6931 6885
f 6931 6884 6885
f 6931 6886 6933
f 6922 6928 6930
f 6583 6914 6581
f 6884 6931 6932
f 7819 7055 7571
f 6857 6856 6855
f 6532 6865 6701
f 7073 7803 7071
f 7803 7073 7512
f 7803 7519 7518
f 7519 7803 7520
f 7803 7512 7520
f 7071 7803 7518
f 7519 7802 7516
f 7802 7519 7517
f 7804 7083 7521
f 7802 7055 7054
f 7514 7802 7517
f 7802 7054 7516
f 7801 7075 7510
f 7097 7801 7098
f 7804 7521 7798
f 7084 7804 7077
f 7757 7367 7365
f 7499 7804 7798
f 7055 7802 7514
f 6856 6723 6855
f 7804 7084 7083
f 7393 7489 7389
f 6703 6866 6704
f 6867 6703 6706
f 6881 6882 6883
f 6887 6853 6858
f 6887 6888 6873
f 6853 6887 6854
f 6886 6885 6870
f 6885 6884 6883
f 7489 7393 7392
f 6884 6881 6883
f 6703 6867 6866
f 6878 6876 6875
f 6876 6878 6879
f 6875 6876 6877
f 6872 6873 6874
f 6869 6870 6871
f 6867 6868 6866
f 7488 6987 6972
f 6880 6878 6875
f 7819 7586 7583
f 7564 7816 7567
f 7815 7562 7563
f 7775 6994 7228
f 6976 7792 7472
f 7785 7449 7450
f 7788 7432 7457
f 7433 7788 7465
f 7432 7788 7433
f 7017 7787 7436
f 7436 7787 7786
f 7774 6961 7385
f 7022 7787 7017
f 7787 7451 7786
f 7787 7021 7451
f 7786 7015 7014
f 7786 7452 7015
f 7786 7014 7436
f 7452 7786 7451
f 7785 7013 7008
f 7013 7785 7441
f 7787 7022 7021
f 7788 7457 7458
f 6938 7762 7378
f 7762 6940 7372
f 6891 7757 6890
f 7757 6891 7361
f 6890 7757 7365
f 6945 7761 7380
f 7761 7379 7380
f 6868 7761 7371
f 7763 7381 7382
f 7022 7765 7385
f 7762 7372 7380
f 7765 7386 7385
f 7764 6953 7383
f 7763 6929 6928
f 6929 7763 7324
f 7763 6928 7381
f 7761 6868 6867
f 7762 7379 7378
f 7379 7762 7380
f 6940 7762 6938
f 7765 7390 7386
f 7367 7758 7366
f 7788 7032 7465
f 7790 7023 7455
f 6588 7780 6801
f 7780 6592 6801
f 7780 7421 7423
f 7780 6588 7421
f 1126 7779 7778
f 7778 1008 1126
f 1008 7778 7417
f 7422 7777 7423
f 6593 7781 6996
f 7776 6997 7419
f 7776 7415 7414
f 7782 6949 7427
f 7424 7782 7428
f 7782 7430 7428
f 7783 7430 7429
f 7784 7449 7445
f 7449 7784 7447
f 6960 7784 6956
f 6997 7776 7414
f 7032 7788 7458
f 7423 7781 7780
f 6592 7781 6593
f 7470 7792 7469
f 7792 7476 7472
f 7028 7791 7769
f 7030 7791 7028
f 7791 7030 7468
f 7023 7790 7024
f 7790 7462 7461
f 7789 6999 7459
f 7781 6592 7780
f 7024 7790 7461
f 7000 7789 7454
f 7462 7789 7459
f 7789 7462 7460
f 7454 7789 7460
f 7449 7785 7448
f 7441 7785 7450
f 7776 7422 7415
f 7785 7008 7448
f 7789 7000 6999
f 6899 6901 6896
f 7758 7364 7363
f 6940 7758 7363
f 7559 7814 7558
f 7814 7559 7560
f 7814 7111 7110
f 7111 7814 7555
f 7555 7814 7560
f 7090 7813 7089
f 7812 7087 7497
f 7813 7090 7553
f 7496 7815 7497
f 7813 7559 7556
f 7813 7553 7557
f 7089 7813 7556
f 7060 7812 7552
f 7439 7793 7477
f 6977 7792 6976
f 7792 6977 7469
f 7766 6971 6970
f 7770 6951 7402
f 7559 7813 7557
f 7770 7402 7408
f 7814 7110 7558
f 7550 7811 7551
f 7535 7807 7534
f 7815 7496 7562
f 7811 7096 7546
f 7811 7546 7551
f 7094 7811 7549
f 7810 7073 7072
f 7073 7810 7542
f 7550 7810 7547
f 7811 7550 7549
f 7810 7550 7548
f 7810 7072 7547
f 7809 7100 7540
f 7809 7101 7100
f 7122 7809 7590
f 7101 7809 7122
f 7808 7101 7599
f 7106 7808 7537
f 7096 7811 7094
f 7542 7810 7548
f 7758 6939 7366
f 6950 7770 7407
f 7768 7396 7395
f 6981 7773 7398
f 7772 6979 6978
f 7772 7412 6979
f 7771 6977 6975
f 6977 7771 7405
f 7410 7771 7409
f 7767 6958 7394
f 7766 7464 6971
f 7771 6975 7409
f 7775 7228 7413
f 7761 6944 7371
f 7761 6945 6944
f 6933 7760 6937
f 6937 7760 7368
f 7760 6933 6946
f 7364 7315 7376
f 7759 7374 7376
f 7758 6940 6939
f 7766 6970 7388
f 7028 7769 7463
f 7773 6984 7772
f 7411 7412 6962
f 7396 7768 7397
f 6968 7768 6964
f 7768 6968 7392
f 7768 7392 7397
f 6964 7768 7395
f 7767 7396 7397
f 6973 7767 7397
f 7767 7386 7391
f 7773 6978 7398
f 7767 6973 7386
f 6951 7770 6950
f 7410 7770 7408
f 7770 7410 7407
f 6978 7773 7772
f 6961 7774 7411
f 7774 6986 7411
f 6972 7774 7385
f 7411 6962 6961
f 7396 7767 7394
f 7784 6960 7444
f 6899 6893 6892
f 6902 6903 6904
f 6556 6553 6558
f 6553 6556 6554
f 6556 6557 6554
f 6553 6554 6555
f 6551 6546 6550
f 6552 6551 6550
f 6780 6777 6781
f 6782 6783 6784
f 6771 6785 6772
f 6977 6976 6975
f 6991 902 852
f 902 6991 6587
f 6990 6988 6686
f 6988 6585 6989
f 6585 6988 6586
f 6988 6687 6686
f 6687 6988 6989
f 6551 6547 6546
f 6559 6560 6555
f 6561 6243 6207
f 6207 6562 6561
f 6538 6539 6540
f 6509 6536 6535
f 6536 6537 6535
f 6535 6498 6509
f 6532 6533 6534
f 6530 6529 6528
f 6530 6531 6529
f 6527 6528 6529
f 6986 6987 6970
f 6298 6524 6525
f 6548 6549 6544
f 6546 6548 6544
f 6545 6550 6546
f 6559 6555 6554
f 6566 6569 6570
f 6569 6566 6568
f 6566 6567 6568
f 6563 6564 6565
f 6525 6524 6526
f 6969 6986 6970
f 6986 6969 6979
f 6984 6985 6953
f 6969 6978 6979
f 6976 6902 6975
f 7011 7009 7008
f 6902 6976 6906
f 6925 6947 6926
f 6947 6925 6943
f 6946 6936 6944
f 6946 6933 6936
f 6993 6591 6590
f 6945 6946 6944
f 6925 6942 6943
f 6942 6925 6941
f 6941 6925 6927
f 6939 6940 6938
f 6553 6939 6938
f 6939 6553 6555
f 6553 6938 6558
f 6933 6937 6931
f 6869 6944 6936
f 6541 988 897
f 6993 6590 6793
f 6994 6995 6765
f 6952 6984 6953
f 6984 6952 6962
f 6981 6982 6983
f 6980 6969 6971
f 6992 897 870
f 6592 6993 6802
f 6802 6993 6800
f 6999 6876 6879
f 6993 6793 6800
f 7008 7009 7010
f 7004 7005 7006
f 7001 7002 7003
f 6999 7000 6998
f 6876 6999 6998
f 6876 6998 6877
f 6993 6592 6591
f 6997 851 850
f 6996 6595 6593
f 7007 7004 7006
f 6499 6542 6510
f 6543 6510 6542
f 6544 6545 6546
f 6363 6379 6414
f 6379 6363 6364
f 6321 6412 6444
f 6493 6392 6395
f 6392 6493 6409
f 6458 6447 6413
f 6495 6403 6430
f 6463 6343 6469
f 6473 6424 6414
f 6343 6463 6410
f 6480 6448 6383
f 6447 6458 6391
f 6443 6488 6445
f 6493 6407 6409
f 6488 6443 6444
f 6434 6494 6336
f 6494 6434 6418
f 6411 6494 6418
f 6448 6480 6441
f 6494 6411 6336
f 6424 6473 6428
f 6354 6357 6355
f 6510 6328 6311
f 6509 6302 6295
f 6302 6509 6498
f 6496 6507 6501
f 6507 6508 6501
f 6447 6488 6412
f 6495 6394 6404
f 6523 6287 6286
f 6438 6354 6356
f 6403 6495 6404
f 6376 6425 6437
f 6425 6376 6363
f 6435 6429 6389
f 6429 6435 6393
f 6334 6459 6464
f 6459 6334 6333
f 6334 6463 6331
f 6463 6334 6464
f 6412 6321 6342
f 6937 6932 6931
f 6407 6493 6395
f 6524 6300 6498
f 6605 6606 6607
f 6601 6604 6602
f 6603 889 892
f 6600 1116 6599
f 6600 1018 1116
f 6601 6600 6599
f 6595 6594 6593
f 6600 6601 6602
f 2 6608 6607
f 6599 1116 1118
f 6569 6597 6596
f 6597 6569 6572
f 6569 6596 6570
f 6574 6575 6576
f 6569 6571 6572
f 6524 6298 6300
f 6571 6569 6568
f 6547 6548 6546
f 6597 6598 6596
f 6521 6520 6519
f 6600 892 1018
f 6594 6527 6591
f 1 6608 2
f 6573 6291 6290
f 6590 6527 6529
f 6527 6590 6591
f 6588 6589 6587
f 6587 904 902
f 6243 6586 6514
f 6586 6243 6561
f 6594 6591 6593
f 6585 6586 6561
f 6582 6583 6581
f 6245 6582 6581
f 6582 6245 6218
f 6581 6192 6245
f 6290 6580 6573
f 6580 6290 6305
f 6577 6578 6579
f 6592 6593 6591
f 6511 6584 6512
f 6947 6948 6926
f 6949 6846 6848
f 6846 6950 6850
f 6833 6835 6709
f 6819 6843 6817
f 6846 6849 6847
f 6849 6846 6850
f 6846 6847 6848
f 6845 6844 6545
f 6545 6844 6550
f 6560 6843 6819
f 6708 6833 6709
f 6843 6560 6559
f 6842 6841 6558
f 6558 6841 6556
f 6840 6547 6551
f 6839 6835 6836
f 6838 6837 6758
f 6837 6708 6758
f 6810 6823 6824
f 6820 6821 6822
f 6708 6837 6834
f 6852 6853 6854
f 6835 6833 6836
f 6738 6825 6739
f 7044 7027 7034
f 6937 6927 6932
f 6869 6936 6870
f 6786 6772 6785
f 6823 6820 6824
f 6833 6708 6834
f 6549 6832 6830
f 6832 6549 6548
f 6823 6810 6812
f 6822 6831 6829
f 6549 6831 6544
f 6829 6830 6824
f 6820 6829 6824
f 6829 6820 6822
f 6829 6549 6830
f 6827 6828 6811
f 6810 6827 6811
f 6826 6715 6714
f 6831 6549 6829
f 7045 7044 7034
f 6817 6814 6819
f 6794 6800 6793
f 6809 6752 6757
f 6806 6809 6808
f 6805 6752 6806
f 6809 6736 6808
f 6752 6809 6806
f 6809 6756 6736
f 6735 6808 6736
f 6752 6805 6753
f 6810 6811 6812
f 6805 6807 6753
f 6855 6723 6725
f 6886 6936 6933
f 6814 6890 6819
f 6893 6908 6907
f 6908 6893 6900
f 6893 6907 6894
f 6905 6902 6906
f 6902 6905 6903
f 6849 6851 6847
f 6801 6592 6802
f 6813 6814 6815
f 6817 6818 6815
f 6798 6800 6794
f 6798 6797 6799
f 6797 6798 6794
f 6796 1021 988
f 6796 1026 1021
f 6795 6570 6596
f 6531 6795 6794
f 6529 6793 6590
f 6814 6813 6816
f 6531 6793 6529
f 6791 6788 6792
f 6788 6789 6790
f 6787 6786 6785
f 6588 6801 6589
f 6499 6803 6542
f 6804 6322 6328
f 6756 6809 6757
f 6814 6817 6815
f 6793 6531 6794
f 6901 6899 6892
f 7046 6955 6957
f 7047 7048 7049
f 7072 6610 6612
f 6610 7071 6631
f 7066 7070 7067
f 7068 7050 7067
f 7068 7049 7050
f 7069 7068 7067
f 7049 7068 7051
f 7066 7067 7050
f 6610 7072 7071
f 7065 7064 7063
f 6963 7064 6967
f 7063 6963 6965
f 7077 7078 7079
f 7080 7077 7079
f 7074 7081 7082
f 7090 7089 7088
f 7097 7098 7099
f 7095 7096 7094
f 7064 6963 7063
f 6656 7095 7094
f 7072 7073 7071
f 7057 7056 7059
f 6963 6964 6965
f 6975 6902 6904
f 6972 6973 6974
f 6969 6970 6971
f 6966 6968 6964
f 6963 6966 6964
f 6966 6963 6967
f 6952 6961 6962
f 7074 7075 7076
f 6950 6846 6949
f 6955 6958 6956
f 6958 6955 6959
f 6955 6956 6957
f 6952 6953 6954
f 6951 6950 6949
f 7009 7011 7012
f 7013 7011 7008
f 6936 6886 6870
f 6958 6960 6956
f 6955 7047 6959
f 7095 6656 6662
f 7091 7092 7093
f 6952 7021 6961
f 7021 6952 6954
f 7020 7001 7015
f 7017 7018 7019
f 7016 7001 7003
f 7041 7038 7042
f 7038 7041 7039
f 7041 7043 7039
f 7021 7022 6961
f 7048 7050 7049
f 7054 6619 6633
f 6619 7053 6621
f 7049 7051 7047
f 7051 6959 7047
f 7051 7052 6959
f 7048 7047 7046
f 7027 7044 7033
f 7047 6955 7046
f 6619 7054 7053
f 6656 7094 6659
f 7023 7024 7025
f 6918 7024 7026
f 7089 7038 7088
f 7083 7074 7082
f 7038 7089 7042
f 7088 7038 7040
f 7085 7086 7087
f 7085 7056 7058
f 7083 7084 7075
f 7074 7083 7075
f 7024 6918 7025
f 7060 7061 7062
f 7001 7014 7015
f 7054 7055 7053
f 7038 7039 7040
f 7035 7036 7037
f 7034 7027 7029
f 7031 7032 7033
f 7028 7027 7030
f 7027 7028 7029
f 7056 7057 7058
f 6510 6311 6310
f 7784 7444 7447
f 7430 7783 7431
f 7505 7521 7082
f 7082 7521 7083
f 7519 7520 7517
f 7520 7078 7517
f 7079 7520 7512
f 7078 7520 7079
f 7518 7519 7516
f 6629 7518 7516
f 7518 6631 7071
f 7518 6629 6631
f 7527 7097 7099
f 7527 7099 7104
f 7528 7529 7525
f 7528 7533 7093
f 7536 7528 7525
f 7535 7534 7532
f 7534 7491 7532
f 7522 7091 7093
f 7091 7522 7501
f 7522 7065 7501
f 7523 7524 7525
f 7615 6650 7148
f 7615 6654 6650
f 6617 7614 6613
f 6613 7614 7148
f 6674 7613 6673
f 6640 7612 7144
f 7142 7611 7140
f 6652 7612 7140
f 7491 7534 7040
f 7611 6650 7140
f 6622 7611 6625
f 6625 7611 7142
f 7611 6622 6626
f 7571 7055 7514
f 7513 7571 7514
f 7571 7513 7572
f 7517 7078 7500
f 7526 7523 7525
f 7611 6626 6650
f 7040 7534 7088
f 7093 7533 7522
f 7532 6967 7064
f 7492 7389 7489
f 7492 7387 7389
f 7491 7490 6967
f 6967 7490 6966
f 7091 7503 7092
f 7503 7108 7092
f 7069 7504 7502
f 7509 7510 7511
f 7493 7491 7040
f 7059 7515 7057
f 7515 7500 7499
f 7515 7513 7500
f 7513 7514 7500
f 7512 7080 7079
f 7508 7507 7506
f 7502 7504 7503
f 7505 7508 7506
f 7508 7082 7081
f 7057 7515 7499
f 7150 7616 7149
f 7493 7040 7039
f 7493 7494 7490
f 7525 7529 7526
f 7532 7491 6967
f 7092 7530 7531
f 7531 7530 7527
f 7530 7097 7527
f 7076 7530 7107
f 7097 7530 7076
f 7517 7500 7514
f 7491 7493 7490
f 6629 7516 6633
f 6633 7516 7054
f 7503 7091 7502
f 7091 7501 7502
f 7078 7499 7500
f 7499 7078 7077
f 7496 7497 7498
f 7495 7033 7044
f 7495 7031 7033
f 7528 7536 7533
f 7612 7142 7140
f 7610 6671 6670
f 6671 7610 6675
f 7585 7146 7583
f 7146 7585 6646
f 6646 7585 7119
f 7572 7584 7571
f 7580 7584 7572
f 7603 6598 6597
f 7604 6602 6604
f 7604 7255 7602
f 7586 7585 7583
f 6672 7617 7155
f 7238 7622 7235
f 7622 7238 7226
f 7621 6743 6775
f 6743 7621 7158
f 7160 7620 6682
f 6682 7620 7161
f 7620 7157 7161
f 7620 6678 7157
f 7235 7622 7234
f 7619 6662 6661
f 7583 6621 7053
f 7580 7587 7584
f 7061 7578 7579
f 7578 7114 7124
f 7578 7060 7114
f 7577 7574 7576
f 7574 7575 7576
f 7573 7059 7061
f 7059 7573 7515
f 7573 7513 7515
f 7587 7580 7576
f 7513 7573 7572
f 7061 7582 7573
f 7582 7061 7579
f 7587 7576 7575
f 7574 7590 7589
f 7588 7121 7575
f 7574 7588 7575
f 7588 7574 7589
f 7587 7586 7584
f 7582 7579 7581
f 7508 7505 7082
f 7619 7594 6662
f 6638 7618 6639
f 7255 7604 6604
f 7616 7150 6612
f 7607 7608 7138
f 7608 6635 6634
f 6635 7608 7609
f 7608 7133 7138
f 7608 6634 7133
f 7606 7607 7137
f 7616 6612 6609
f 6605 7606 6606
f 7606 6605 6664
f 6639 7605 6637
f 6637 7605 7135
f 7605 7134 7135
f 7605 6630 7134
f 7132 7605 6639
f 7605 7132 6630
f 7608 7607 7609
f 6606 7606 7137
f 7619 6661 7156
f 6608 7617 7151
f 7169 7626 7179
f 7618 6638 6663
f 7618 6663 7154
f 7622 7236 7234
f 7623 6774 7236
f 6774 7623 6770
f 7628 7629 7630
f 7634 7635 7176
f 7632 7170 7633
f 7624 6696 6688
f 7628 7632 7633
f 7172 7629 7631
f 7629 7628 7631
f 6689 7627 6690
f 6696 7624 7625
f 6690 7627 7171
f 7626 6579 6862
f 6579 7626 6577
f 6577 7626 7169
f 7632 7628 7630
f 7070 7506 7507
f 7058 7506 7085
f 7505 7506 7058
f 7730 6836 6833
f 7723 7204 6825
f 6728 7722 7270
f 6857 7739 7295
f 7721 6735 6734
f 7717 1120 1026
f 1120 7717 7128
f 7715 7716 6791
f 7732 7733 7272
f 7715 6791 7252
f 6782 7714 7252
f 7714 6784 7245
f 7232 7713 7235
f 7713 7232 7251
f 7235 7713 7237
f 6769 7712 7247
f 7712 6769 7708
f 7709 7712 7708
f 7714 6782 6784
f 7247 7712 7702
f 6557 7734 7281
f 7736 6882 6881
f 7725 7260 7720
f 7725 7261 7260
f 7261 7725 7275
f 6822 7724 6831
f 6831 7724 7274
f 7729 6841 7651
f 6836 7730 7731
f 6552 7730 6834
f 6843 7735 7280
f 7285 7294 6888
f 7295 7739 7297
f 7739 6855 7296
f 7738 6870 7293
f 6872 7738 6873
f 6585 7737 6989
f 6852 7736 7282
f 6834 7730 6833
f 7736 6881 7304
f 7739 7299 7297
f 7726 6830 6832
f 7704 7711 7705
f 7717 6796 7254
f 7343 7749 7341
f 7749 7338 7341
f 7338 7749 7331
f 7331 7749 7329
f 7749 7343 7342
f 6903 7749 7342
f 7336 7748 7337
f 7748 7338 7337
f 7750 6849 7339
f 7338 7748 7326
f 7748 7327 7325
f 6858 7747 7285
f 7747 6858 7746
f 6851 7750 7328
f 7750 6851 6849
f 7750 7343 7341
f 6921 7753 7347
f 6920 7756 6924
f 7326 7748 7325
f 7717 1026 6796
f 7328 7750 7341
f 7709 7708 7706
f 7253 7718 7254
f 7719 6799 6541
f 6735 7721 7269
f 7721 7205 7656
f 7721 6734 7205
f 6828 7720 7665
f 7720 7259 7665
f 7259 7720 7260
f 6899 7747 6900
f 7719 6798 6799
f 7719 6802 6800
f 6798 7719 6800
f 7719 6541 7258
f 6802 7719 7258
f 7718 7257 7256
f 7718 7253 7257
f 7299 7739 7296
f 7739 6857 6855
f 7254 7718 7717
f 7060 7578 7061
f 6830 7726 6827
f 6828 7726 7720
f 7568 7446 7010
f 7570 7496 7567
f 7562 7570 7561
f 7496 7570 7562
f 7568 7569 7566
f 7446 7568 7566
f 7568 7010 7109
f 7567 7498 7564
f 7565 7498 7497
f 7066 7565 7070
f 7446 7566 6957
f 6957 7566 7046
f 7086 7565 7087
f 7087 7565 7497
f 7565 7086 7070
f 7556 7481 7042
f 7554 7106 7537
f 7537 7115 7538
f 7567 7496 7498
f 7554 7105 7106
f 7565 7066 7498
f 7556 7042 7089
f 7536 7525 7524
f 7536 7535 7533
f 7569 7570 7567
f 7118 7555 7117
f 7564 7066 7050
f 7066 7564 7498
f 7118 7563 7562
f 7561 7118 7562
f 7048 7564 7050
f 7560 7559 7557
f 7560 7117 7555
f 7560 7115 7117
f 7559 7558 7556
f 7558 7481 7556
f 7481 7558 7012
f 7012 7558 7110
f 7538 7557 7553
f 7115 7557 7538
f 7115 7560 7557
f 7720 7726 7725
f 7548 7509 7511
f 6612 7547 7072
f 7060 7552 7114
f 7150 7549 7547
f 7114 7552 7112
f 7550 7551 7548
f 7551 7509 7548
f 7545 7551 7546
f 7509 7551 7545
f 7549 7550 7547
f 7523 7553 7524
f 6687 7634 7177
f 7635 7634 6989
f 7722 6728 6726
f 7729 6556 6841
f 6556 7729 7279
f 7728 6715 6826
f 7276 7728 7727
f 6551 7727 6840
f 7726 6828 6827
f 7634 7176 7177
f 7150 7547 6612
f 7553 7090 7524
f 7538 7554 7537
f 7546 7543 7545
f 7544 7103 7098
f 7543 7544 7545
f 7075 7084 7510
f 7080 7084 7077
f 7084 7511 7510
f 7084 7080 7511
f 7073 7542 7512
f 7523 7554 7538
f 7542 7080 7512
f 7539 7540 7541
f 7115 7537 7116
f 7548 7511 7542
f 7549 7150 6659
f 7549 6659 7094
f 7553 7523 7538
f 7105 7554 7526
f 7554 7523 7526
f 7080 7542 7511
f 6956 7784 7445
f 7580 7581 7576
f 7582 7580 7572
f 7907 7417 7778
f 6982 7903 7408
f 6996 7906 7413
f 7906 6996 7777
f 6995 7904 7905
f 7903 7405 7771
f 7903 7399 7405
f 7903 7410 7408
f 7899 7435 7020
f 7005 7899 7383
f 7752 7892 7891
f 7383 7899 7764
f 7755 7895 7756
f 6935 7894 6919
f 7894 6935 6934
f 7894 6934 7754
f 6919 7894 7755
f 7432 7908 7457
f 7908 7432 7460
f 7462 7908 7460
f 7455 7908 7790
f 7902 7401 7769
f 7902 7475 7401
f 7464 7901 7029
f 7901 7464 7766
f 7901 7766 7794
f 7029 7901 7034
f 7452 7900 7015
f 7900 7452 7764
f 7755 7894 7754
f 7900 7764 7899
f 7015 7900 7020
f 7435 7899 7004
f 7475 7902 7467
f 7410 7903 7771
f 7903 6982 7399
f 7908 7462 7790
f 7510 7909 7801
f 7457 7908 7455
f 7020 7900 7899
f 7893 7891 7892
f 7753 7893 7892
f 7893 6924 6923
f 7896 6942 7759
f 7896 7314 7369
f 7190 7871 6722
f 7872 7871 7697
f 7597 7822 7598
f 7833 7149 7616
f 7839 7175 7630
f 7175 7839 7177
f 6942 7896 7369
f 7170 7838 7167
f 6567 7838 7636
f 7838 7168 7167
f 6688 7837 7624
f 7836 6771 6770
f 6771 7836 7248
f 7836 6770 7623
f 7834 6665 7151
f 6665 7834 7152
f 7838 6567 7168
f 7468 7902 7791
f 7896 7315 7314
f 7376 7896 7759
f 7893 6920 6924
f 7893 6923 7891
f 6920 7893 7753
f 7892 7347 7753
f 6880 7892 6878
f 7892 6880 7347
f 6926 7895 7755
f 7895 7348 7756
f 7896 7376 7315
f 7895 6948 7348
f 7370 7898 7382
f 7382 7898 7763
f 7898 7324 7763
f 7898 6907 7324
f 7374 7897 7375
f 7897 7368 7760
f 7897 6945 7373
f 6948 7895 6926
f 7897 7373 7375
f 7902 7769 7791
f 7467 7902 7468
f 7899 7005 7004
f 7278 7884 7731
f 7263 7883 6826
f 7883 7727 7728
f 7883 6840 7727
f 7887 7274 7724
f 6845 7887 7734
f 7887 6845 7274
f 7890 6882 6854
f 7884 7278 7279
f 6917 7891 7349
f 6882 7890 7293
f 7293 7890 7738
f 6873 7890 6887
f 7890 6873 7738
f 7890 6854 6887
f 7888 7283 7282
f 7889 6561 6562
f 7889 6585 6561
f 7891 7346 7752
f 7303 7888 7304
f 7884 7279 7729
f 7278 7885 6844
f 7430 7782 7427
f 7000 7783 6998
f 7783 7000 7426
f 7783 7426 7431
f 6998 7783 7429
f 7782 6951 6949
f 6951 7782 7424
f 7821 7096 7095
f 7885 6550 6844
f 7120 7822 7596
f 6837 7882 7276
f 7886 6822 6821
f 7733 7886 6821
f 7886 7733 7732
f 7885 7731 7730
f 7885 7278 7731
f 7885 6552 6550
f 6552 7885 7730
f 7822 7588 7598
f 7152 7834 7835
f 7304 7888 7736
f 7888 7282 7736
f 7268 7880 7203
f 6715 7882 7199
f 6838 7882 6837
f 7882 6715 7728
f 7204 7881 7657
f 7657 7881 7273
f 7881 7204 7723
f 7880 7268 7267
f 7256 7878 7718
f 6601 7878 7256
f 7879 7656 6821
f 6820 7879 6821
f 7879 7269 7721
f 7879 6823 7269
f 7879 6820 6823
f 7891 6917 7346
f 6878 7892 7752
f 7871 7872 7695
f 7656 7879 7721
f 7283 7888 7303
f 7878 7717 7718
f 7871 7190 7192
f 6826 7883 7728
f 7276 7882 7728
f 7891 6923 7349
f 7882 6838 7199
f 7878 6601 6599
f 7878 6599 7128
f 7245 7877 7714
f 7251 7876 7713
f 7878 7128 7717
f 7875 7237 7713
f 7874 6678 7705
f 7873 7709 7711
f 7710 7873 7711
f 7873 7702 7712
f 7709 7873 7712
f 7873 7249 7702
f 7873 7710 7249
f 7871 7192 7697
f 7875 6760 7237
f 7834 7151 7617
f 7833 6657 7149
f 7839 7630 7629
f 7657 6821 7656
f 7733 6821 7657
f 7853 6828 7665
f 7669 7855 7668
f 7856 6542 6803
f 6542 7856 7663
f 7676 7856 7672
f 7856 7676 7673
f 7849 6535 7693
f 7663 7856 7673
f 7855 7669 7671
f 6828 7853 6811
f 7854 6747 7265
f 6747 7854 7660
f 7854 7669 7666
f 7669 7854 7670
f 7854 7265 7670
f 7660 7854 7666
f 7856 6803 7672
f 7316 7757 7361
f 6535 7849 6719
f 6565 7850 7691
f 7865 6779 7246
f 7710 7864 7249
f 7863 6767 7690
f 7857 6713 6716
f 7857 7220 7683
f 6719 7849 7200
f 7857 6716 7220
f 7852 7654 7851
f 7850 6565 7200
f 6721 7852 7202
f 7655 7852 7851
f 7202 7852 7655
f 7851 6534 6533
f 7851 6575 6534
f 7851 6533 7655
f 6575 7851 7654
f 7847 7850 7849
f 7850 7200 7849
f 7852 6721 7653
f 6779 7865 7241
f 7756 6919 7755
f 7539 7598 7589
f 7255 6598 7602
f 7601 6500 7129
f 7601 6191 6500
f 7600 6795 7127
f 7600 6794 6795
f 7253 7600 7257
f 7257 7600 7127
f 6794 7600 6797
f 6598 7255 7127
f 7600 7253 6797
f 7599 7101 7122
f 7597 7598 7595
f 7543 7591 7541
f 7123 7590 7577
f 7590 7574 7577
f 7590 7123 7122
f 7580 7582 7581
f 7582 7572 7573
f 7599 7122 7125
f 6968 7489 7392
f 7255 7257 7127
f 7598 7539 7595
f 7594 7596 7593
f 7596 6649 7120
f 7596 7594 6649
f 7595 7541 7591
f 7595 7539 7541
f 7594 7593 6662
f 6662 7593 7095
f 7103 7592 7100
f 6598 7603 7602
f 7100 7592 7540
f 7543 7592 7544
f 7592 7541 7540
f 7592 7543 7541
f 7096 7591 7546
f 7591 7543 7546
f 7596 7597 7593
f 7589 7598 7588
f 7756 6920 6919
f 7592 7103 7544
f 7576 7581 7577
f 6775 7866 7621
f 7862 6698 7688
f 6664 7826 7606
f 6602 7825 6603
f 7825 6602 7604
f 7824 7602 7603
f 6597 7286 7603
f 7823 7537 7808
f 7823 7116 7537
f 7823 7126 7116
f 7826 6637 7609
f 7126 7823 7125
f 7125 7823 7599
f 7121 7822 7120
f 7822 7121 7588
f 7822 7597 7596
f 7826 6638 6637
f 6638 7826 6664
f 7826 7607 7606
f 6648 7828 6653
f 7599 7823 7808
f 7831 7146 7145
f 7146 7831 7131
f 6609 7832 7616
f 7840 7172 7631
f 7181 7840 7631
f 7842 7189 7184
f 7208 7845 7209
f 6707 7845 7650
f 7188 7844 7194
f 7843 7647 7649
f 7843 7191 7647
f 7696 7846 7847
f 7842 7184 7642
f 7173 7840 7641
f 7189 7842 7186
f 7841 7166 7168
f 6567 7841 7168
f 7840 7182 7641
f 7840 7181 7182
f 7172 7840 7173
f 6657 7833 7153
f 7186 7842 7643
f 7866 6775 7241
f 7831 7148 7614
f 6654 7829 6655
f 6754 7859 7221
f 7682 7858 7678
f 7858 7682 7681
f 7858 6717 7678
f 7858 6679 6717
f 7216 7858 7681
f 6679 7858 7216
f 7861 6696 7625
f 7859 6754 6753
f 6696 7861 6691
f 7867 7866 7865
f 7692 7871 7695
f 7869 7870 7698
f 7693 7694 7849
f 7694 7847 7849
f 7868 7621 7866
f 7867 7868 7866
f 7866 7241 7865
f 6692 6691 7861
f 7148 7831 7615
f 7859 6753 7680
f 7682 7859 7680
f 7829 6654 7615
f 6655 7829 7830
f 6653 7828 7147
f 7607 7826 7609
f 7147 7828 7613
f 7828 6648 6647
f 7827 6674 6675
f 6674 7827 7143
f 7859 7682 7683
f 7827 7144 7143
f 7845 6707 7209
f 7846 7848 7700
f 6722 7871 7692
f 6713 7857 7679
f 7861 7625 7684
f 7222 7860 7751
f 7860 7344 7751
f 7860 6910 7344
f 7827 6675 7610
f 6924 7756 7348
f 6507 6496 6497
f 6514 6244 6243
f 8848 6197 8112
f 8852 1554 8425
f 8852 1944 1554
f 8851 1516 1518
f 1516 8851 8420
f 8420 8851 8421
f 8851 1518 8100
f 8094 8850 8422
f 8850 8780 8416
f 8850 8416 8422
f 8424 8850 8094
f 6240 8849 8117
f 8849 8413 8415
f 8849 6204 8413
f 8849 6240 6204
f 8848 8112 8409
f 8853 8111 8430
f 8866 8867 8868
f 8867 8155 8154
f 8121 8869 8139
f 8120 8869 8121
f 8156 8860 8441
f 8858 8857 8148
f 8857 8858 8859
f 8189 8856 8123
f 8458 8862 8858
f 8863 8861 8862
f 8088 8864 8089
f 8143 8873 8144
f 8111 8853 8429
f 8876 8212 8874
f 8213 8876 8469
f 8875 8874 8466
f 8874 8205 8466
f 8164 8873 8143
f 8872 8871 8870
f 8865 8182 8455
f 8870 8475 8216
f 8475 8870 8871
f 8875 8876 8874
f 8855 8163 8854
f 8126 8854 8163
f 8788 8789 8790
f 8373 8726 8725
f 8373 8725 8374
f 8722 8723 8724
f 8719 8721 8717
f 8716 8719 8717
f 8719 8716 8720
f 8708 8715 8705
f 8710 8712 8713
f 8716 8717 8718
f 8715 8706 8705
f 8635 8714 8707
f 8707 8714 8708
f 8712 8662 8660
f 8659 8712 8660
f 8693 8701 8694
f 8700 8692 8699
f 8723 8728 8724
f 8696 8700 8697
f 8714 8635 8629
f 8861 8860 8859
f 8712 8706 8713
f 8712 8659 8706
f 8785 8784 8786
f 8657 8658 8653
f 8697 8700 8699
f 8662 8709 8665
f 8709 8666 8665
f 8666 8709 8711
f 8709 8662 8710
f 8707 8705 8664
f 8662 8712 8710
f 8705 8659 8664
f 8659 8705 8706
f 8704 8672 8671
f 8645 8704 8671
f 8704 8645 8647
f 8694 8703 8691
f 8703 8692 8691
f 8703 8698 8692
f 8702 8701 8693
f 8705 8707 8708
f 8860 8857 8859
f 8857 8860 8156
f 8134 8862 8458
f 8827 8828 8829
f 8825 8827 8826
f 8824 8825 8826
f 8822 8823 8820
f 8836 8833 8832
f 8834 8836 8832
f 8828 8838 8839
f 8843 8825 8824
f 8827 8829 8830
f 8847 8114 8109
f 8846 8428 8408
f 8077 8846 8408
f 8840 8845 8838
f 8845 8839 8838
f 8844 8843 8824
f 8838 8825 8840
f 8825 8843 8840
f 8841 8842 8831
f 8114 8847 8409
f 8828 8841 8831
f 8826 8827 8830
f 8805 8832 8833
f 8477 8175 8471
f 8482 8483 8242
f 8480 8147 8481
f 8217 8479 8218
f 8479 8217 8219
f 8477 8178 8175
f 8477 8478 8178
f 8652 8650 8649
f 8828 8831 8829
f 8654 8652 8649
f 8817 8814 8783
f 8836 8837 8833
f 8835 8806 8810
f 8805 8835 8810
f 8835 8805 8833
f 8799 8832 8804
f 8832 8805 8804
f 8832 8799 8834
f 8654 8656 8655
f 8675 8670 8671
f 8841 8828 8839
f 8838 8828 8827
f 8803 8810 8809
f 8752 8816 8750
f 8816 8752 8813
f 8815 8816 8813
f 8813 8752 8814
f 8784 8811 8812
f 8810 8808 8809
f 8810 8806 8808
f 8801 8802 8803
f 8804 8805 8803
f 8809 8801 8803
f 8806 8807 8808
f 8800 8804 8802
f 8804 8803 8802
f 8799 8804 8800
f 8847 8410 8409
f 8848 6211 6197
f 8650 8787 8651
f 8805 8810 8803
f 8825 8838 8827
f 8798 8799 8800
f 8658 8791 8653
f 8079 8820 8821
f 8815 8817 8819
f 8090 8848 8409
f 8817 8818 8819
f 8099 8795 8794
f 8796 8795 8793
f 8795 8098 8793
f 8098 8795 8099
f 8795 8797 8794
f 8795 8796 8797
f 8794 8419 8421
f 8793 8098 8412
f 8790 8792 8791
f 8792 8653 8791
f 8792 8789 8787
f 8650 8792 8787
f 8792 8650 8653
f 8789 8792 8790
f 8099 8794 8421
f 8672 8674 8673
f 8671 8672 8673
f 8645 8671 8670
f 7243 6772 6786
f 6788 7243 6792
f 6745 7242 6781
f 6777 7241 6776
f 6776 7241 6775
f 7241 6777 6779
f 7239 7240 6768
f 7238 7237 6762
f 7244 7245 6784
f 6762 7237 6760
f 7234 6774 7233
f 7232 7234 7233
f 7246 6784 6783
f 7247 6771 7248
f 7304 7301 7303
f 6769 7247 7248
f 7255 7256 7257
f 6799 7254 6796
f 7237 7238 7235
f 7254 6799 6797
f 7244 7246 6779
f 6771 7247 6785
f 8753 8688 8720
f 8745 8754 8744
f 8754 8716 8744
f 8716 8754 8720
f 8720 8754 8751
f 8754 8745 8751
f 8753 8720 8751
f 8688 8753 8689
f 7246 7244 6784
f 8747 8745 8746
f 8752 8750 8747
f 8745 8750 8751
f 8749 8746 8744
f 8718 8749 8744
f 8748 8749 8718
f 7540 7910 7809
f 7909 7509 7545
f 8781 9183 9182
f 8750 8745 8747
f 8745 8744 8746
f 7253 7254 6797
f 6792 7252 6791
f 7213 7214 7210
f 7211 7213 7210
f 7213 6725 6724
f 7213 7211 6725
f 7212 7198 7209
f 7212 7196 7198
f 7217 6742 6741
f 7218 6745 6744
f 7196 7215 6737
f 7219 6838 6758
f 7229 7231 6764
f 7229 6761 7231
f 6761 7229 7230
f 6763 7229 6764
f 7229 6511 7230
f 6994 7227 7228
f 7223 6225 6759
f 7220 6716 7199
f 7224 7225 7226
f 6782 7252 6792
f 6737 7215 7206
f 7214 7215 7212
f 7251 6790 6789
f 7251 7232 6790
f 7250 6792 7243
f 7250 6782 6792
f 7250 6787 6783
f 6782 7250 6783
f 6786 7250 7243
f 6787 7250 6786
f 7215 7196 7212
f 6787 7249 6783
f 7234 7232 7235
f 7233 6774 6773
f 7232 7233 6790
f 7217 6748 6742
f 6748 7217 6749
f 7216 6743 7158
f 6679 7216 7158
f 6743 7216 6741
f 6774 7234 7236
f 8484 8485 8486
f 8744 8716 8718
f 8723 8729 8728
f 8678 8679 8680
f 8684 8686 8685
f 8683 8684 8685
f 8682 8680 8679
f 8597 8682 8679
f 8596 8682 8597
f 8681 8678 8680
f 8726 8727 8725
f 8687 8688 8689
f 8729 8723 8730
f 8108 8759 8758
f 8624 8771 8765
f 8771 8624 8626
f 8768 8771 8769
f 8637 8770 8626
f 8766 8768 8769
f 8766 8767 8768
f 8624 8765 8632
f 8784 8785 8406
f 8763 8764 8761
f 8685 8687 8683
f 8691 8693 8694
f 8648 8645 8670
f 8663 8668 8660
f 8668 8661 8660
f 8668 8669 8661
f 8665 8666 8667
f 8662 8665 8663
f 8664 8659 8661
f 8660 8662 8663
f 8690 8691 8692
f 8659 8660 8661
f 8657 8653 8652
f 8673 8675 8671
f 8676 8677 8678
f 8677 8679 8678
f 8687 8689 8683
f 8700 8690 8692
f 8698 8699 8692
f 8695 8696 8697
f 8655 8657 8652
f 8743 8690 8742
f 8764 8758 8761
f 8764 8108 8758
f 8758 8759 8756
f 8756 8757 8758
f 8731 8729 8732
f 8103 8755 8104
f 8690 8741 8742
f 8740 8732 8729
f 8730 8740 8729
f 8737 8740 8730
f 8772 8092 8774
f 8739 8731 8732
f 8738 8723 8722
f 8738 8735 8736
f 8730 8738 8736
f 8738 8733 8735
f 8723 8738 8730
f 8736 8737 8730
f 8733 8734 8735
f 8729 8731 8728
f 8733 8738 8722
f 8410 8764 8763
f 8092 8762 8774
f 8775 8776 8773
f 8762 8410 8763
f 8762 8091 8410
f 8757 8761 8758
f 8759 8760 8756
f 8771 8768 8765
f 8771 8626 8770
f 8769 8771 8770
f 8778 8779 8780
f 8091 8762 8092
f 8401 8783 8402
f 8782 8773 8777
f 8780 8782 8781
f 8782 8424 8773
f 8778 8780 8781
f 8776 8777 8773
f 8424 8772 8773
f 8774 8775 8772
f 8775 8773 8772
f 8781 8782 8777
f 7223 6218 6225
f 8488 8171 8169
f 8492 8490 8488
f 8584 8577 8575
f 8574 8584 8575
f 8584 8574 8583
f 8577 8584 8580
f 8581 8582 8583
f 8579 8577 8580
f 8575 8577 8578
f 8574 8575 8576
f 8573 8357 8355
f 8573 8324 8357
f 8541 8572 8354
f 8354 8572 8351
f 8572 8541 8301
f 8571 8350 8570
f 8327 8571 8328
f 8254 8556 8255
f 8556 8254 8320
f 8571 8327 8350
f 8212 8876 8213
f 8347 8570 8350
f 8338 8569 8346
f 8220 8877 8467
f 1571 8427 8106
f 8340 8569 8338
f 8337 8568 8566
f 8336 8568 8337
f 8568 8336 8345
f 8567 8272 8342
f 8341 8566 8333
f 8318 8555 8553
f 8333 8566 8335
f 8564 8356 8565
f 8563 8313 8547
f 8562 8561 8326
f 8326 8561 8329
f 8558 8559 8560
f 8266 8557 8321
f 8321 8557 8322
f 8557 8266 8268
f 8566 8341 8337
f 8554 8310 8315
f 8294 8538 8296
f 8537 8291 8290
f 8551 8552 8314
f 8549 8548 8308
f 8299 8542 8300
f 8548 8549 8550
f 8546 8313 8314
f 8313 8546 8547
f 8545 8302 8304
f 8543 8358 8544
f 8551 8314 8311
f 8543 8361 8358
f 8580 8584 8582
f 8577 8585 8578
f 8384 8617 8385
f 8630 8631 8633
f 8631 8632 8633
f 8631 8627 8625
f 8624 8631 8625
f 8631 8624 8632
f 8584 8583 8582
f 8467 8877 8466
f 8553 8310 8318
f 8554 8319 8318
f 8291 8537 8277
f 8537 8280 8277
f 8536 8535 8533
f 8535 8287 8533
f 8535 8288 8287
f 8237 8534 8233
f 8286 8533 8287
f 8533 8286 8526
f 8310 8553 8311
f 8194 8532 8265
f 8532 8459 8524
f 8532 8531 8527
f 8459 8532 8194
f 8539 8538 8294
f 8301 8540 8298
f 8541 8540 8301
f 8549 8308 8309
f 8310 8554 8318
f 8265 8532 8527
f 8376 9060 9059
f 9060 8376 8375
f 8361 9061 8359
f 9073 8351 8572
f 8351 9073 9070
f 9073 9071 9070
f 9070 9071 9072
f 9069 8368 8599
f 9069 8602 8368
f 9068 8595 9066
f 9068 8596 8595
f 9074 8366 8365
f 8374 9068 8372
f 9076 8589 8591
f 8377 9077 8391
f 8376 9077 8377
f 9082 9085 9084
f 8364 9086 8612
f 8366 9086 8364
f 9085 8550 9084
f 9085 8548 8550
f 8372 9068 9067
f 9085 9082 9078
f 9074 9071 9073
f 8365 9075 9074
f 9021 9022 9023
f 9020 9017 9019
f 8323 9020 9019
f 9019 9017 9016
f 8357 9019 9016
f 9019 8324 8323
f 8299 9014 8542
f 9018 8346 8569
f 8366 9074 8360
f 9016 9017 9015
f 9014 8319 8554
f 9014 8299 8319
f 8542 9014 9005
f 9043 8580 8582
f 9045 9046 9047
f 9086 8613 8612
f 9068 9064 9067
f 9075 9071 9074
f 8340 9015 8569
f 8627 8631 8630
f 8548 9085 9078
f 9078 8371 8548
f 9049 8390 8389
f 9045 9049 9046
f 9049 8581 8390
f 9057 8387 8590
f 9058 8370 8369
f 9058 8376 9059
f 9059 9062 9061
f 9067 9064 9063
f 9049 8389 9046
f 8594 9066 8595
f 9065 8380 8609
f 9064 9065 9063
f 8610 9063 8609
f 9062 8359 9061
f 9060 8375 8613
f 9059 9061 9058
f 9061 8370 9058
f 9061 8361 8370
f 9065 8609 9063
f 9082 9084 9079
f 8581 9049 8582
f 9051 8367 8601
f 9084 9080 9079
f 9080 9084 8622
f 9083 8605 9078
f 9082 9083 9078
f 9079 9080 9081
f 8371 9078 8605
f 9064 9068 9066
f 8596 9068 8374
f 8602 9050 8601
f 9046 9048 9047
f 9057 8586 8387
f 8586 9057 8585
f 9054 8592 9055
f 8592 9054 9050
f 9054 9056 9050
f 9056 9054 9052
f 9053 9054 9055
f 8578 9052 8587
f 8610 9067 9063
f 8629 8627 8630
f 8625 8627 8628
f 8624 8625 8626
f 8135 8457 8190
f 8527 8528 8265
f 8204 8496 8495
f 8236 8513 8506
f 8511 8512 8509
f 8511 8261 8263
f 8508 8509 8510
f 8506 8237 8236
f 8088 8456 8138
f 8237 8506 8507
f 8226 8505 8500
f 8251 8504 8252
f 8501 8503 8252
f 8501 8502 8503
f 8498 8251 8250
f 8251 8498 8500
f 8498 8499 8500
f 8496 8443 8497
f 8505 8226 8228
f 8513 8512 8506
f 8434 8120 8119
f 8427 1573 8408
f 8445 8167 8446
f 8450 8451 8452
f 8437 8449 8438
f 8438 8449 8166
f 8447 8167 8166
f 8447 8448 8167
f 8444 8445 8446
f 8457 8134 8458
f 8427 1571 1573
f 8433 8083 8082
f 8432 1924 1926
f 8431 6193 6196
f 8430 8114 8113
f 8107 8429 8105
f 8429 8107 8111
f 8427 8102 8426
f 8427 8428 8102
f 8428 8427 8408
f 8432 1926 8115
f 8451 8450 8170
f 8514 8254 8253
f 8522 8517 8519
f 8468 8214 8207
f 8214 8468 8209
f 8466 8204 8467
f 8204 8466 8205
f 8465 8197 8200
f 8465 8464 8197
f 8464 8465 8201
f 8198 8463 8245
f 8468 8207 8208
f 8463 8198 8197
f 8459 8460 8461
f 8472 8470 8177
f 8473 8471 8470
f 8474 8475 8476
f 8485 8484 8487
f 8489 8494 8244
f 8244 8494 8246
f 8493 8199 8246
f 8462 8222 8224
f 8254 8514 8321
f 8469 8214 8213
f 8177 8470 8175
f 8525 8524 8461
f 8524 8525 8526
f 8524 8459 8461
f 8273 8523 8274
f 8523 8273 8278
f 8280 8523 8278
f 8520 8517 8521
f 8255 8515 8256
f 8175 8470 8471
f 8517 8520 8518
f 8518 8508 8519
f 8517 8518 8519
f 8478 8516 8178
f 8178 8516 8264
f 8496 8206 8443
f 8496 8204 8206
f 8134 8457 8135
f 8204 8495 8467
f 8508 8518 8260
f 8489 8490 8491
f 8172 8453 8451
f 8186 8455 8184
f 8628 8636 8625
f 8636 8626 8625
f 8388 8618 8389
f 8385 8617 8616
f 8586 8585 8579
f 8352 8614 8353
f 8362 8599 8368
f 8599 8362 8600
f 8574 8638 8583
f 8378 8599 8600
f 8597 8598 8595
f 8598 8592 8594
f 8595 8596 8597
f 8592 8593 8594
f 8386 8590 8387
f 8590 8386 8591
f 8589 8590 8591
f 8578 8587 8575
f 8598 8594 8595
f 8587 8576 8575
f 8639 8640 8641
f 8588 8643 8576
f 8581 8623 8390
f 8390 8623 8397
f 8621 8558 8325
f 8558 8621 8622
f 8619 8394 8620
f 8394 8619 8395
f 8627 8634 8628
f 8635 8634 8629
f 8639 8641 8642
f 8634 8627 8629
f 8652 8654 8655
f 8650 8652 8653
f 8649 8650 8651
f 8646 8645 8648
f 8645 8646 8647
f 8644 8576 8643
f 8644 8574 8576
f 8636 8637 8626
f 8574 8644 8638
f 8442 8454 8444
f 8587 8588 8576
f 8368 8601 8367
f 8153 8440 8154
f 8440 8153 8158
f 8439 8149 8146
f 8439 8220 8149
f 8437 8436 8130
f 8130 8436 8131
f 8436 8437 8438
f 8127 8435 8125
f 8153 8441 8158
f 8435 8127 8434
f 8435 8124 8125
f 8442 8443 8206
f 8443 8442 8444
f 8445 8165 8167
f 8451 8170 8172
f 8456 8088 8086
f 8181 8455 8182
f 8455 8181 8184
f 8124 8435 8123
f 8585 8577 8579
f 8441 8153 8156
f 8291 8530 8289
f 8602 8601 8368
f 8603 8363 8367
f 8611 8378 8379
f 8353 8614 8355
f 8614 8615 8616
f 8614 8352 8615
f 8600 8612 8613
f 8612 8362 8364
f 8529 8286 8285
f 8362 8612 8600
f 8386 8604 8591
f 8382 8609 8380
f 8606 8608 8607
f 8608 8373 8372
f 8399 8606 8607
f 8308 8548 8371
f 8605 8369 8371
f 8531 8530 8527
f 8610 8609 8382
f 6510 6310 6499
f 6694 7222 6539
f 6754 7221 6755
f 7381 6948 6947
f 7373 7380 7372
f 6945 7380 7373
f 7378 7379 7377
f 6842 7378 7377
f 6987 7388 6970
f 7390 7391 7386
f 7392 7393 6974
f 7398 6982 6981
f 7406 7404 7399
f 7404 7405 7399
f 7402 7403 6983
f 7401 7400 6980
f 7400 7398 6978
f 6982 7398 7399
f 6974 7397 7392
f 6959 7394 6958
f 6948 7381 6928
f 6943 7382 6947
f 7370 7382 6943
f 6947 7382 7381
f 7323 6895 6897
f 7317 6857 7295
f 7322 7321 7320
f 7321 7268 7320
f 7268 7321 6816
f 6816 7321 6889
f 7320 6727 6856
f 7318 7319 6897
f 6973 7397 6974
f 7330 7353 7332
f 7400 7406 7398
f 7378 6842 6558
f 7387 7388 7389
f 7022 7385 6961
f 7385 6973 6972
f 6973 7385 7386
f 6985 7383 6953
f 7005 7383 7384
f 7354 7355 7356
f 7395 7396 7394
f 7052 7395 7394
f 7395 6965 6964
f 6555 7366 6939
f 6560 7366 6555
f 7371 6869 7292
f 7362 7375 7373
f 7374 7375 7376
f 7372 6940 7363
f 7362 7372 7363
f 7372 7362 7373
f 7365 6819 6890
f 6868 7371 7292
f 7366 6560 7365
f 7369 6943 6942
f 7369 7370 6943
f 6892 7369 7314
f 7368 6927 6937
f 6927 7368 6941
f 7367 7366 7365
f 7105 7104 7106
f 6869 7371 6944
f 6909 7324 6907
f 7357 7358 7351
f 6905 7357 7351
f 7395 7052 6965
f 7052 7394 6959
f 7378 6558 6938
f 6842 7377 6706
f 7355 7354 6906
f 6706 7377 6867
f 7365 6560 6819
f 7362 7363 7364
f 7358 7357 7354
f 7361 6891 7319
f 7360 7356 6916
f 7356 7360 7354
f 7358 7360 7359
f 6915 7360 6916
f 7360 7358 7354
f 6930 7359 7350
f 6906 7357 6905
f 7357 6906 7354
f 7318 7361 7319
f 7325 7306 7326
f 7306 7325 7307
f 7325 7327 7307
f 7407 6850 6950
f 7407 7340 6850
f 7406 7399 7398
f 7330 7332 7331
f 7342 7343 7339
f 7340 7342 7339
f 7342 6904 6903
f 7342 7340 6904
f 7463 7029 7028
f 7341 7326 7328
f 7340 7339 6850
f 6850 7339 6849
f 7337 7331 7332
f 7337 7338 7331
f 7334 7336 7333
f 7335 7334 7333
f 7334 6859 6898
f 7334 7335 6859
f 7341 7338 7326
f 7333 6909 6908
f 6971 7463 6980
f 7031 7465 7032
f 7453 7435 7004
f 7007 7453 7004
f 7453 7434 7433
f 7435 7453 7433
f 7461 7026 7024
f 7345 7461 7459
f 7461 7462 7459
f 7456 7466 7467
f 7464 7463 6971
f 7469 7404 7470
f 7456 7468 7458
f 7468 7456 7467
f 7023 7466 7455
f 7466 7456 7455
f 7465 7003 7002
f 7463 7464 7029
f 7465 7031 7003
f 7465 7002 7433
f 7468 7030 7458
f 7102 7104 7099
f 6912 7344 6910
f 7344 6583 6582
f 7312 7311 7308
f 7311 7309 7308
f 7309 7311 6877
f 6877 7311 6875
f 7284 7310 7305
f 7283 7310 7284
f 7308 6848 6847
f 7308 7309 6848
f 7313 7283 7303
f 7307 6852 7282
f 7306 7307 7284
f 7305 7306 7284
f 7313 7312 7310
f 7314 7315 7316
f 7294 7317 7295
f 7323 6897 7319
f 7328 7306 7305
f 7306 7328 7326
f 7284 7307 7282
f 6583 7344 6912
f 7313 7303 7302
f 6851 7328 7305
f 7350 6922 6930
f 7353 6909 7332
f 6909 7353 7324
f 6905 7351 7329
f 7351 7330 7329
f 7330 7351 7352
f 6922 7350 6923
f 7349 6915 6917
f 7283 7313 7310
f 7345 7346 7026
f 6922 7348 6928
f 7348 6922 6924
f 7347 6880 7302
f 7301 7347 7302
f 7347 7301 6921
f 6909 7333 7332
f 7329 7330 7331
f 7353 7330 7352
f 7348 6948 6928
f 7100 7102 7103
f 6667 6675 6674
f 6671 6675 6676
f 6730 6732 6733
f 6712 6716 6713
f 6714 6506 6505
f 6506 6714 6712
f 6712 6714 6715
f 6711 6497 6506
f 6497 6711 6507
f 6711 6712 6713
f 6698 6527 6594
f 6711 6506 6712
f 6707 6705 6702
f 6705 6703 6702
f 6703 6705 6706
f 6702 6703 6704
f 6700 6532 6701
f 6699 6698 6594
f 6715 6716 6712
f 6717 6679 6681
f 6708 6709 6710
f 6718 6508 6507
f 6734 6735 6736
f 6766 6518 6520
f 6740 6741 6742
f 6759 6540 6539
f 6759 6225 6244
f 6760 6761 6762
f 6775 6740 6776
f 6777 6746 6781
f 6746 6777 6776
f 6745 6781 6746
f 6737 6738 6739
f 6778 6777 6780
f 6740 6775 6743
f 6773 6774 6770
f 6763 6764 6765
f 6772 6773 6770
f 6770 6771 6772
f 6769 6767 6766
f 6767 6518 6766
f 6518 6767 6768
f 6777 6778 6779
f 6741 6740 6743
f 6721 6537 6536
f 6726 6728 6724
f 6317 6497 6496
f 6496 6318 6317
f 6439 6321 6384
f 6321 6439 6417
f 6489 6448 6449
f 6448 6489 6382
f 6490 6440 6433
f 6440 6490 6441
f 6498 6300 6302
f 6488 6447 6422
f 6365 6505 6506
f 6505 6365 6362
f 6511 6512 6513
f 6522 6521 6519
f 6515 6521 6516
f 6518 6519 6520
f 6516 6503 6517
f 6515 6516 6517
f 6503 6279 6504
f 6729 6730 6731
f 6499 6310 6320
f 6500 6191 1101
f 6723 6726 6724
f 6726 6723 6727
f 6723 6724 6725
f 6537 6721 6722
f 6720 6295 6294
f 6718 6507 6711
f 6719 6526 6524
f 6498 6719 6524
f 6500 1101 890
f 6719 6498 6535
f 6681 6718 6717
f 6713 6718 6711
f 6613 6614 6615
f 6610 6609 6612
f 6609 6610 6611
f 6394 6495 6430
f 6503 6280 6279
f 6496 6501 6502
f 6508 6718 6681
f 7007 7454 7434
f 6744 6745 6746
f 6748 6747 6750
f 6694 6691 6693
f 6691 6692 6693
f 6688 6689 6690
f 6687 6684 6686
f 6684 6538 6686
f 6538 6684 6685
f 6286 6683 6523
f 6683 6286 6283
f 6694 6695 6691
f 6508 6682 6501
f 6678 6515 6517
f 6656 6657 6658
f 6655 6653 6652
f 6654 6655 6652
f 6651 6652 6653
f 6617 6628 6618
f 6628 6617 6613
f 6615 6628 6613
f 6679 6680 6681
f 6627 6626 6622
f 6695 6696 6691
f 6697 6523 6683
f 6673 6667 6674
f 6667 6673 6668
f 6671 6672 6670
f 49 6670 50
f 6660 6669 6668
f 6668 6669 6666
f 6666 6667 6668
f 6605 6665 6664
f 6522 6697 6521
f 6664 6665 6663
f 6656 6661 6662
f 6661 6656 6658
f 6660 6661 6658
f 6657 6656 6659
f 6675 6667 6676
f 6503 6677 6517
f 7100 7101 7102
f 6504 6677 6503
f 6663 6638 6664
f 6747 6748 6749
f 6626 6627 6623
f 6625 14 6622
f 6636 6628 6634
f 6636 6618 6628
f 6635 6636 6634
f 6615 6634 6628
f 6516 6697 6683
f 6697 6516 6521
f 6527 6698 6528
f 6732 6734 6733
f 6637 6638 6639
f 6758 6708 6710
f 6731 6757 6755
f 6757 6752 6754
f 6756 6757 6731
f 6755 6729 6731
f 6752 6753 6754
f 6751 6740 6742
f 6751 6750 6744
f 6746 6751 6744
f 6757 6754 6755
f 6614 6626 6623
f 6640 6641 6642
f 6641 37 6642
f 14 6625 31
f 25 6624 13
f 13 6624 6622
f 6614 6623 6615
f 13 6622 14
f 6620 6619 6621
f 6619 6620 6616
f 6616 6617 6618
f 6632 6629 6633
f 6629 6630 6631
f 6629 6632 6630
f 37 6641 38
f 6614 6650 6626
f 6647 6644 6649
f 6644 6647 6645
f 6647 6648 6645
f 6644 6643 6646
f 6643 6644 6645
f 6618 6632 6616
f 7222 6694 6693
f 7454 7007 7426
f 7455 7456 7457
f 7148 6614 6613
f 6614 7148 6650
f 6651 7147 7143
f 62 7136 25
f 6635 7135 6636
f 79 7155 1
f 7134 6630 6632
f 7113 7122 7123
f 7121 7120 7119
f 7120 6644 7119
f 6644 7120 6649
f 7119 6644 6646
f 7116 7118 7117
f 7115 7116 7117
f 7112 7113 7114
f 7110 7111 7109
f 7009 7110 7109
f 6659 7149 6657
f 7150 7149 6659
f 6605 7151 6665
f 7147 6651 6653
f 38 7139 49
f 7139 38 6641
f 7138 6627 6624
f 6627 7138 7133
f 6606 7137 7130
f 7130 7137 7136
f 7136 62 7130
f 6651 7143 7144
f 7110 7009 7012
f 7145 7146 6646
f 7151 6607 6608
f 7154 7152 6666
f 7152 7154 6663
f 7153 6658 6657
f 7153 6660 6658
f 6660 7153 6669
f 7152 6663 6665
f 7151 6605 6607
f 7145 6646 6643
f 7009 7109 7010
f 7107 7108 7081
f 7074 7107 7081
f 7182 6518 6768
f 6715 7199 6716
f 6835 7197 6709
f 7196 7197 7198
f 7195 6706 6705
f 7195 6842 6706
f 7188 7194 6701
f 6701 7194 6700
f 7208 7209 7198
f 7191 7190 7193
f 7185 7187 6865
f 7187 7185 7184
f 7189 7187 7184
f 7187 6701 6865
f 7187 7188 6701
f 7186 6531 6530
f 7200 6526 6719
f 6526 7200 6565
f 7190 7191 7192
f 6654 7140 6650
f 6660 7156 6661
f 7126 7125 7112
f 7107 7074 7076
f 7124 7113 7123
f 7113 7124 7114
f 7113 7125 7122
f 6621 7131 6620
f 6618 7134 6632
f 7134 6618 6636
f 7133 6615 6623
f 7154 6666 6669
f 6615 7133 6634
f 6630 7132 6611
f 61 7130 62
f 7125 7113 7112
f 7129 889 6603
f 7128 1118 1120
f 1118 7128 6599
f 6598 7127 6596
f 6596 7127 6795
f 6627 7133 6623
f 7140 6654 6652
f 6642 7141 7142
f 7141 6625 7142
f 7292 6869 6871
f 7293 6870 6885
f 7298 6704 6866
f 7299 7300 7297
f 7300 6872 7297
f 6871 7300 7292
f 6872 7300 6871
f 7298 7299 7296
f 7183 7290 7291
f 7211 7298 7296
f 6883 7293 6885
f 7297 6874 7295
f 7297 6872 6874
f 7211 7296 6725
f 6725 7296 6855
f 7294 7295 6874
f 6882 7293 6883
f 7280 6817 6843
f 7298 7211 6704
f 7279 6557 6556
f 6554 7281 6559
f 7282 7283 7284
f 7220 7199 6838
f 7219 7220 6838
f 7256 7255 6604
f 6601 7256 6604
f 6802 7258 6801
f 7280 6818 6817
f 7290 7183 7289
f 6578 7290 6574
f 6557 7281 6554
f 6574 7290 7289
f 7290 6578 6577
f 7288 6574 7289
f 7288 6575 6574
f 6575 7288 6534
f 6572 7286 6597
f 7286 6572 7287
f 7285 6888 6858
f 6895 7285 6896
f 7290 6577 7291
f 6294 7201 6720
f 6589 7258 6992
f 6812 7269 6823
f 7276 6552 6834
f 6547 7275 6548
f 6548 7275 6832
f 6728 7270 7206
f 7261 7275 7264
f 7274 6544 6831
f 6544 7274 6545
f 7274 6845 6545
f 7276 6834 6837
f 7271 7272 7273
f 7211 7210 6704
f 6704 7210 6702
f 6835 7198 7197
f 6636 7135 7134
f 31 7141 73
f 7141 31 6625
f 73 7141 37
f 37 7141 6642
f 7271 6818 7272
f 6557 7279 7277
f 6845 7277 6844
f 7279 7278 7277
f 7267 6816 6813
f 7267 7268 6816
f 6735 7266 6808
f 6807 7265 6749
f 6749 7265 6747
f 7265 6807 6805
f 7262 7261 7264
f 7263 7262 7264
f 7277 7278 6844
f 7262 6804 7261
f 6543 7260 6804
f 6804 7260 7261
f 7259 7260 6543
f 7258 6589 6801
f 6735 7269 7266
f 7269 6812 7266
f 7270 6738 7206
f 7275 6547 7264
f 7262 6322 6804
f 7205 6732 6739
f 7207 7196 6737
f 7196 7207 7197
f 7425 7384 7383
f 6985 7425 7383
f 7425 7403 7384
f 6951 7424 7402
f 7424 7403 7402
f 7403 7424 7384
f 7422 7423 7415
f 7418 850 858
f 7415 7423 7421
f 7421 6991 7415
f 7421 6588 6587
f 7420 7418 7416
f 7418 858 7416
f 6997 7418 7419
f 7450 7449 7447
f 6954 7451 7021
f 7452 7451 6954
f 7404 7471 7470
f 7421 6587 6991
f 7477 7013 7441
f 850 7418 6997
f 7416 858 1012
f 6848 7427 6949
f 7426 7007 7006
f 7425 6985 6981
f 7416 1012 1105
f 852 7414 6991
f 6991 7414 7415
f 7414 851 6997
f 7414 852 851
f 7417 1105 1008
f 6595 7413 7228
f 7412 7411 6979
f 6979 7411 6986
f 7410 7409 7407
f 7409 7340 7407
f 7340 7409 6904
f 6904 7409 6975
f 6983 7408 7402
f 6982 7408 6983
f 7413 6595 6996
f 7309 7427 6848
f 7440 7477 7441
f 7474 7466 7473
f 7478 7440 7443
f 7480 7043 7041
f 7043 7480 7483
f 7482 7480 7012
f 7480 7481 7012
f 7479 7035 7037
f 7437 7478 7443
f 7471 7400 7401
f 7484 7485 7486
f 7469 6977 7405
f 7404 7469 7405
f 7461 7345 7026
f 7460 7434 7454
f 7460 7432 7434
f 7345 7459 6879
f 6879 7459 6999
f 7458 7030 7032
f 7456 7458 7457
f 7453 7007 7434
f 7477 7440 7439
f 7487 7484 7486
f 7487 7043 7483
f 7476 7474 7473
f 7474 7467 7466
f 7474 7475 7467
f 7355 7473 7356
f 7356 7473 7025
f 7473 7023 7025
f 7023 7473 7466
f 7472 6906 6976
f 7484 7487 7483
f 7472 7355 6906
f 7471 7404 7406
f 7440 7478 7439
f 7478 7437 7438
f 7439 7478 7438
f 7045 7485 7036
f 7488 7389 7388
f 6987 7488 7388
f 7488 7393 7389
f 7400 7471 7406
f 7000 7454 7426
f 7437 7443 7436
f 7390 7444 7391
f 6677 7161 7157
f 7159 6508 6681
f 6508 7159 6682
f 7159 6681 6680
f 7159 7160 6682
f 6679 7158 6680
f 7157 6517 6677
f 6517 7157 6678
f 7161 6502 6501
f 7156 6668 6673
f 6689 7162 6685
f 7163 7164 7165
f 7174 7175 7176
f 7180 7181 7178
f 6518 7180 6519
f 6864 7178 7179
f 7178 6864 6861
f 6687 7177 6684
f 7162 6689 6695
f 7175 7177 7176
f 7161 6501 6682
f 6694 7162 6695
f 6732 7207 6739
f 6739 7207 6737
f 7206 6738 6737
f 7205 6739 6825
f 6732 7205 6734
f 7201 6294 6307
f 7204 7205 6825
f 6727 7203 6726
f 7162 6538 6685
f 7202 7190 6722
f 7202 6722 6721
f 7201 6307 6576
f 7183 7184 7185
f 6518 7182 7180
f 7156 6660 6668
f 7182 7181 7180
f 7162 6694 6539
f 6538 7162 6539
f 7190 7202 7193
f 7444 7390 7019
f 7164 7173 7165
f 7173 7164 7171
f 7428 7384 7424
f 7428 7005 7384
f 7035 7438 7036
f 7440 7441 7442
f 6935 7304 6881
f 7443 7440 7442
f 7018 7450 7447
f 7450 7442 7441
f 7429 7309 6877
f 7450 7018 7442
f 7448 7446 7445
f 7446 7448 7010
f 7010 7448 7008
f 7019 7447 7444
f 7018 7447 7019
f 7445 6957 6956
f 7445 7446 6957
f 7444 6960 7391
f 7449 7448 7445
f 7166 7167 7168
f 7429 6877 6998
f 7429 7430 7427
f 7172 7173 7171
f 7171 7164 6690
f 7169 7170 7167
f 7166 7169 7167
f 7169 7166 6577
f 7301 7302 7303
f 7301 7304 6935
f 7509 7909 7510
f 7309 7429 7427
f 7438 7437 7016
f 7437 7436 7014
f 7436 7018 7017
f 7435 7433 7002
f 7432 7433 7434
f 7430 7431 7428
f 7431 7005 7428
f 7006 7431 7426
f 7005 7431 7006
f 7438 7035 7439
f 7754 6926 7755
f 6927 7754 6932
f 6932 7754 6934
f 11074 11076 11073
f 11070 11020 11065
f 11069 10936 11058
f 11069 10937 10936
f 11069 10793 10938
f 10793 11069 11057
f 10937 11069 10938
f 11057 11069 11058
f 11067 11017 11066
f 11067 10905 11017
f 10905 11067 11016
f 11068 11067 11066
f 11016 11067 11054
f 11064 10972 11044
f 11066 10907 11055
f 10907 11066 11017
f 11055 11070 11066
f 10230 10915 10229
f 6360 10280 10281
f 6325 10168 10280
f 10543 10542 10839
f 10168 6325 6350
f 10493 10817 10492
f 10817 10493 10818
f 10652 10536 10838
f 10597 10600 10606
f 10190 6285 10188
f 10186 10342 10393
f 11050 10901 10891
f 11070 11068 11066
f 10901 11050 10667
f 10629 10626 10672
f 10592 10590 10583
f 10536 10652 10537
f 10590 10592 10853
f 10582 10585 10583
f 10585 10582 10611
f 10809 10571 10573
f 10542 10543 10472
f 10626 10629 10627
f 11071 11054 11067
f 11062 11075 11072
f 10386 11076 10727
f 10451 10538 10578
f 10568 10998 10838
f 10998 10568 10567
f 10555 10554 10556
f 10554 10555 10558
f 10551 10561 10565
f 10561 10551 10550
f 10549 10555 10557
f 10538 10451 10453
f 10555 10549 10552
f 10215 10612 10211
f 10654 10646 10656
f 10181 10171 10674
f 10272 10703 10700
f 10286 10710 10709
f 10710 10286 10711
f 10391 10181 10177
f 10181 10391 10711
f 10525 10848 10560
f 10275 10312 10702
f 10586 11012 10591
f 10600 10599 10601
f 10727 11076 11075
f 11076 10384 11073
f 11076 10386 10384
f 10307 11073 10384
f 11073 10307 10789
f 11073 10971 11074
f 11044 11071 11064
f 11073 10789 10971
f 10599 10600 10597
f 11043 11072 11061
f 10390 11071 11044
f 11071 11068 11064
f 11068 11071 11067
f 6285 10190 6284
f 10915 10230 10226
f 10943 10386 10725
f 10519 10834 10835
f 10612 10215 10614
f 11072 11043 11062
f 10312 10275 10274
f 10734 10698 10702
f 10698 10734 10697
f 10187 10342 10186
f 10174 10193 10192
f 10193 10174 10684
f 11024 10220 10917
f 10685 10910 10909
f 10244 11026 10217
f 11026 10244 10248
f 10196 10909 10193
f 10342 10187 10679
f 10909 10196 10197
f 10971 10969 11074
f 10217 11026 10206
f 10358 10265 10960
f 10746 10956 10747
f 6348 10173 10163
f 11070 11064 11068
f 11064 11070 11065
f 10798 10412 10423
f 10969 10971 10786
f 10412 10798 11063
f 11075 10738 10736
f 10220 11024 10691
f 10313 11039 10312
f 11039 10313 10948
f 10400 10792 10404
f 10792 10400 10938
f 10920 10248 10247
f 10248 10920 10924
f 10745 10711 10394
f 10711 10745 10712
f 10738 11075 11062
f 10654 10647 10646
f 10622 10222 10624
f 10701 10273 10272
f 10273 10701 10708
f 10923 10911 10252
f 10911 10923 11030
f 10803 10747 10956
f 10747 10803 10433
f 10910 10685 11019
f 10222 10622 10221
f 10420 10706 10411
f 10423 10412 10417
f 11043 10968 11062
f 11074 11075 11076
f 11054 10390 10814
f 10390 11054 11071
f 11020 11055 11018
f 10835 10739 10728
f 10386 10943 10385
f 10972 11064 11065
f 10280 6360 6325
f 11075 11074 11072
f 10830 10784 10788
f 10424 10761 10426
f 10761 10424 10441
f 10168 10169 10280
f 10169 10168 10170
f 10713 10285 10403
f 10285 10713 10283
f 10773 10297 10769
f 10297 10773 10264
f 10784 10830 10381
f 10968 11043 10781
f 10931 10277 10929
f 10277 10931 10267
f 10725 10815 10943
f 10815 10725 11059
f 10663 11010 10662
f 11010 10663 11052
f 10625 11006 10622
f 11006 10625 11051
f 10667 11003 10668
f 11003 10667 11050
f 11055 11020 11070
f 10969 11072 11074
f 11020 11018 10910
f 10726 10727 10736
f 10173 6348 10166
f 10782 10770 10769
f 10770 10782 10350
f 10809 10634 10571
f 10634 10809 10595
f 10727 10726 10725
f 11072 10969 11061
f 10706 10420 10704
f 10248 10924 10693
f 10171 10181 10286
f 10552 10846 10550
f 10839 10844 10543
f 10480 10846 10547
f 10845 10476 10474
f 10476 10845 10544
f 10845 10546 10544
f 10546 10845 10557
f 10845 10474 10548
f 10846 10549 10547
f 10864 10617 10616
f 10866 10867 10868
f 10602 10882 10600
f 10638 10886 10660
f 10650 10885 10648
f 10885 10650 10653
f 10885 10585 10648
f 10884 10578 10645
f 10578 10884 10649
f 10864 10865 10863
f 10650 10884 10647
f 10846 10481 10550
f 10847 10553 10558
f 10842 10843 10567
f 10566 10842 10567
f 10842 10566 10841
f 10566 10840 10841
f 10840 10566 10837
f 10839 10840 10837
f 10541 10448 10526
f 10527 10541 10526
f 10481 10846 10480
f 10448 10541 10808
f 10837 10566 10568
f 10450 10836 10447
f 10838 10844 10837
f 10844 10838 10536
f 10844 10839 10837
f 10549 10846 10552
f 10530 10847 10528
f 10847 10530 10553
f 10838 10837 10568
f 10453 10844 10536
f 10647 10884 10645
f 10883 10595 10593
f 10886 10637 10665
f 10619 10882 10602
f 10882 10635 10642
f 10869 10866 10868
f 10882 10619 10635
f 10628 10874 10626
f 10874 10618 10860
f 10874 10619 10618
f 10886 10665 10673
f 10873 10625 10624
f 10872 10865 10871
f 10863 10872 10861
f 10865 10872 10863
f 10871 10868 10867
f 10871 10865 10868
f 10621 10870 10243
f 10870 10621 10620
f 10243 10870 10588
f 10620 10872 10871
f 10884 10650 10649
f 10651 10887 10656
f 10658 10887 10659
f 10595 10883 10634
f 10883 10643 10640
f 10643 10883 10644
f 10883 10593 10644
f 10634 10883 10640
f 10657 10886 10673
f 10886 10658 10660
f 10658 10886 10657
f 10887 10631 10659
f 10887 10633 10631
f 10890 10853 10855
f 10866 10890 10889
f 10888 10589 10867
f 10866 10888 10867
f 10888 10866 10889
f 10633 10887 10651
f 10637 10886 10638
f 10887 10658 10656
f 10890 10866 10869
f 10265 10358 10266
f 10844 10454 10543
f 10551 10847 10558
f 10695 10919 10251
f 10919 10695 11030
f 10694 10232 10213
f 10372 10387 10370
f 10387 10372 10388
f 10783 10350 10782
f 10362 10777 10363
f 10991 10491 10505
f 10923 10252 10254
f 10825 10501 10327
f 10165 10814 10162
f 10814 10165 10489
f 10162 10814 10173
f 10777 10362 10438
f 10350 10783 10379
f 10410 10407 10408
f 10407 10410 10794
f 10163 10790 10172
f 10501 10825 10499
f 10790 10163 10390
f 10278 10395 10276
f 10290 10278 10277
f 10220 10918 10218
f 10918 10220 10691
f 10174 10188 6288
f 10188 10174 10192
f 10167 10170 10168
f 10170 10167 10676
f 10848 10525 10524
f 10834 10519 10518
f 10278 10290 10401
f 10232 10694 10253
f 10363 10779 10364
f 10779 10363 10778
f 10339 10964 10775
f 10964 10339 10347
f 10332 10742 10303
f 10742 10332 10331
f 10305 10735 10306
f 10735 10305 10385
f 10491 10991 10493
f 10454 10844 10453
f 10785 10383 10388
f 10510 10993 10506
f 10862 10864 10863
f 10861 10862 10863
f 10617 10860 10618
f 10859 10584 10590
f 10859 10598 10584
f 10598 10859 10599
f 10599 10859 10616
f 10859 10590 10854
f 10598 10856 10584
f 10858 10615 10614
f 10581 10857 10596
f 10857 10607 10603
f 10607 10857 10609
f 10857 10580 10609
f 10596 10857 10603
f 10633 10849 10572
f 10560 10848 10559
f 10847 10551 10565
f 10857 10581 10580
f 10383 10785 10382
f 10989 10992 10991
f 10856 10598 10597
f 10506 10993 10831
f 10264 10773 10263
f 10856 10597 10605
f 10855 10853 10592
f 10853 10854 10590
f 10460 10852 10576
f 10852 10460 10809
f 10573 10852 10809
f 10584 10856 10582
f 10852 10577 10576
f 10481 10851 10562
f 10851 10577 10574
f 10577 10851 10575
f 10851 10466 10575
f 10562 10851 10574
f 10850 10572 10849
f 10850 10573 10572
f 10849 10633 10652
f 10851 10481 10466
f 10869 10868 10854
f 11075 10736 10727
f 10942 11060 11040
f 11052 10902 11009
f 11053 10897 11013
f 10873 11052 11009
f 11052 10873 11010
f 11052 10663 10892
f 10891 11052 10892
f 11052 10891 10902
f 10858 11051 11005
f 11050 10891 10893
f 11051 10858 11006
f 11051 10625 10903
f 10670 11051 10903
f 11051 10670 11005
f 10855 11050 11002
f 11050 10855 11003
f 11031 10700 10928
f 11031 10930 10929
f 11050 10893 11002
f 10843 10996 11049
f 10570 10843 11049
f 11047 10826 10988
f 10888 11053 11013
f 11053 10899 10898
f 10787 11047 10970
f 10899 11053 10889
f 10843 10842 10996
f 10529 11049 10539
f 11049 10529 10564
f 11049 10564 10570
f 10930 11031 10928
f 10539 11049 10996
f 10520 11048 10993
f 10831 11048 10952
f 11048 10831 10993
f 11048 10522 10741
f 11048 10741 10952
f 11047 10989 10970
f 10989 11047 10992
f 10826 11047 10987
f 10522 11048 10520
f 10616 11001 10864
f 10867 11007 10871
f 11007 10588 10870
f 10623 11010 10624
f 10875 11009 10902
f 10620 11007 10870
f 11008 10212 10612
f 10212 11008 10620
f 10615 11008 10612
f 11008 10615 10861
f 10620 11008 10872
f 11010 10623 10205
f 11008 10861 10872
f 10854 11001 10859
f 10606 11011 10639
f 11001 10616 10859
f 10540 10996 10841
f 10841 10996 10842
f 10996 10540 10539
f 10839 10995 10840
f 10995 10839 10981
f 11001 10865 10864
f 11059 10724 10949
f 11010 10205 10662
f 11011 10600 10882
f 11006 10613 10622
f 10613 11006 10614
f 10614 11006 10858
f 10878 11005 10670
f 10607 11004 10605
f 11004 10607 10610
f 11004 10611 10582
f 10611 11004 10610
f 10642 11011 10882
f 10605 11004 10856
f 10591 11003 10592
f 10592 11003 10855
f 10899 11002 10893
f 10589 11007 10867
f 11007 10589 10588
f 11007 10620 10871
f 10624 11010 10873
f 10643 11011 10642
f 11004 10582 10856
f 10815 11059 10496
f 10494 11059 10949
f 11059 10494 10496
f 10930 11032 10931
f 11032 10930 10932
f 11032 10265 10931
f 11032 10960 10265
f 10960 11032 10755
f 11032 10756 10755
f 10756 11032 10932
f 10397 11031 10276
f 10706 11033 10933
f 11031 10397 10927
f 10700 11031 10927
f 11034 10701 10927
f 10397 11034 10927
f 11035 10934 11033
f 11036 10933 11033
f 10728 11038 10944
f 10815 10316 10320
f 10815 10320 10943
f 10276 11031 10929
f 11037 10432 10405
f 10705 11033 10706
f 10701 11034 10708
f 11046 10748 10978
f 11046 10746 10748
f 10804 11046 10978
f 11045 10425 10797
f 10425 11045 10798
f 11045 10797 10974
f 11044 10389 10790
f 10389 11044 10972
f 11034 10397 10934
f 10390 11044 10790
f 11042 10963 10967
f 11042 10359 10963
f 11042 10716 10359
f 10716 11042 10750
f 11038 10740 10944
f 10298 11038 10728
f 11038 10298 10742
f 10331 11038 10742
f 11043 10782 10781
f 10995 10841 10840
f 10432 11037 10935
f 10396 11036 10395
f 11055 10682 11018
f 11054 10489 11016
f 10489 11054 10814
f 10889 11053 10888
f 11058 10935 11037
f 11058 11037 11057
f 10712 11058 10936
f 10948 11060 11039
f 10682 11055 10907
f 10974 11063 11045
f 10738 11062 10968
f 11061 10782 11043
f 10784 11061 10969
f 10951 11060 10948
f 11060 10950 11040
f 11058 10712 10935
f 11060 10951 10950
f 10724 11059 10725
f 11063 10798 11045
f 10934 11036 11033
f 10242 11056 11027
f 11056 10241 10254
f 10934 11035 11034
f 11036 10396 10795
f 10395 11036 10934
f 10708 11035 10707
f 11035 10708 11034
f 11035 10705 10707
f 10705 11035 11033
f 10805 11046 10804
f 11056 10254 10253
f 11047 10988 10992
f 10897 11053 10898
f 10407 11057 10405
f 11057 10407 10793
f 10405 11057 11037
f 11056 10925 11027
f 11056 10694 10925
f 11056 10253 10694
f 10241 11056 10242
f 11047 10787 10987
f 10995 10540 10841
f 10808 10995 10981
f 10540 10995 10808
f 11030 10920 10919
f 10218 11021 10219
f 11021 10218 10914
f 10688 10225 10216
f 10225 10688 10914
f 10910 11019 11020
f 10683 11018 10195
f 10824 10492 10983
f 10920 11030 10923
f 10492 10824 10490
f 10885 10586 10585
f 10933 10795 10794
f 10795 10933 11036
f 10237 10226 10230
f 10226 10237 11023
f 10901 10875 10902
f 10875 10901 11015
f 10586 10885 11012
f 10315 10821 10984
f 10821 10315 10314
f 10267 10931 10265
f 11065 6303 10972
f 11021 10222 10219
f 11020 11019 10908
f 11019 6297 10908
f 10345 11016 10489
f 11019 6296 6297
f 10195 11018 10682
f 10187 11017 10679
f 11017 10187 10907
f 10908 11065 11020
f 10679 11017 10905
f 10754 11063 10974
f 10413 11063 10754
f 11063 10413 10412
f 10903 11009 10671
f 10490 10824 10823
f 10802 10707 10705
f 10707 10802 10977
f 6303 11065 10908
f 11016 10345 10905
f 10913 11021 10914
f 10668 10591 10669
f 10838 10849 10652
f 10970 10829 10830
f 10829 10970 10989
f 10504 10370 10832
f 11002 10890 10855
f 10878 10881 10880
f 10881 10878 10860
f 10879 11005 10880
f 11005 10879 10858
f 10739 10835 10323
f 10880 11005 10878
f 10889 11002 10899
f 10370 10504 10371
f 11001 10868 10865
f 10868 11001 10854
f 10528 10565 10529
f 10565 10528 10847
f 10557 10548 10549
f 10548 10557 10845
f 10890 11002 10889
f 10591 10668 11003
f 10948 10985 10951
f 10985 10949 10951
f 10849 10838 10998
f 10848 10556 10559
f 10556 10848 10997
f 11018 10683 10910
f 11009 10903 10873
f 11060 10942 11039
f 10671 11009 10875
f 10988 10371 10503
f 10985 10948 10315
f 10371 10988 10826
f 10792 10938 10793
f 10987 10785 10388
f 10785 10987 10787
f 11061 10783 10782
f 10783 11061 10784
f 10751 10966 10753
f 10966 10751 10750
f 10949 10985 10494
f 10503 10371 10504
f 10956 10746 11046
f 10623 11021 10913
f 11022 10245 10686
f 10849 10998 10850
f 10546 10997 10545
f 11011 10643 10639
f 11011 10606 10600
f 10911 11029 10912
f 10229 11022 10686
f 10199 11025 10246
f 10246 11025 10692
f 10999 10569 10850
f 10692 11025 10921
f 11024 10213 10236
f 11024 10236 10691
f 10214 11024 10917
f 10226 11023 10227
f 10227 11023 10690
f 11023 10234 10916
f 11023 10235 10234
f 10690 11023 10916
f 10213 11024 10214
f 10235 11023 10237
f 10999 10850 10998
f 10999 10843 10570
f 10321 10994 10514
f 10994 10321 10834
f 10522 10994 10518
f 10994 10522 10521
f 10514 10994 10521
f 10518 10994 10834
f 10524 10997 10848
f 10997 10324 10545
f 10569 10999 10570
f 10324 10997 10524
f 11000 10573 10850
f 10569 11000 10850
f 10577 11000 10574
f 11000 10569 10574
f 10573 11000 10852
f 11000 10577 10852
f 10567 10999 10998
f 10997 10546 10556
f 10843 10999 10567
f 11021 10623 10222
f 10200 11022 10689
f 11025 10199 10198
f 11015 10664 10900
f 11014 10663 10661
f 10663 11014 10892
f 10897 11014 10896
f 11014 10897 10898
f 10892 11014 10898
f 11014 10661 10896
f 10589 11013 10587
f 10876 11015 10900
f 11013 10589 10888
f 10587 11013 10894
f 10655 11012 10653
f 10653 11012 10885
f 10669 11012 10655
f 10667 11015 10901
f 11015 10667 10664
f 10875 11015 10876
f 6296 11019 10685
f 11013 10897 10894
f 10689 11022 10915
f 11022 10199 10245
f 11022 10229 10915
f 11025 10198 10921
f 10202 11026 10922
f 11028 280 10207
f 10912 11029 11028
f 11029 11030 10695
f 11030 11029 10911
f 11029 10926 11028
f 11029 10695 10926
f 10591 11012 10669
f 280 11028 326
f 11026 10248 10693
f 326 11028 10926
f 11027 10621 10243
f 10621 11027 10925
f 11027 10243 10242
f 10206 11026 10202
f 11026 10693 10922
f 10199 11022 10200
f 11028 10207 10912
f 11046 10805 10956
f 10853 10869 10854
f 10875 10876 10671
f 10010 10091 10090
f 9185 9184 9186
f 9117 9423 9389
f 9423 9137 9314
f 9097 9422 9292
f 9292 9422 9388
f 9094 9422 9097
f 9422 9098 9388
f 8899 9421 9234
f 9234 9421 9366
f 8479 9421 8897
f 9421 8479 9366
f 8898 9421 8899
f 9421 8898 8897
f 9420 9233 8469
f 9423 9314 9389
f 9423 9117 9304
f 10091 9694 10090
f 10935 10745 10435
f 10432 10935 10435
f 10936 10710 10712
f 320 10926 10250
f 10250 10926 10695
f 10621 10925 10212
f 10933 10410 10411
f 10933 10411 10706
f 10934 10397 10395
f 10939 10709 10937
f 10940 10255 10719
f 8434 9216 8120
f 10939 10403 10285
f 10284 10939 10285
f 10939 10284 10709
f 10402 10939 10937
f 10938 10402 10937
f 10745 10935 10712
f 10938 10400 10402
f 10710 10936 10709
f 10709 10936 10937
f 10403 10939 10402
f 9424 9146 9317
f 8404 9426 9163
f 9426 8785 9326
f 9414 9200 9410
f 9413 9414 9410
f 8821 9412 9202
f 9412 8103 9202
f 9355 9412 9411
f 8103 9412 9355
f 9194 9411 9195
f 9195 9411 9354
f 9201 9414 9356
f 9200 9408 9410
f 8837 9415 8833
f 9416 8844 9359
f 8844 9416 8843
f 9417 8779 9401
f 9418 8863 9221
f 9418 8441 8860
f 8441 9418 9419
f 9418 8861 8863
f 9408 8797 9410
f 326 10926 320
f 9200 9414 9201
f 8833 9415 8835
f 9426 8406 8785
f 9163 9426 9397
f 9426 9326 9397
f 9153 9425 9321
f 9321 9425 9396
f 9425 9151 9324
f 9425 9152 9151
f 9152 9425 9153
f 9201 9415 9358
f 9425 9324 9396
f 9145 9424 9320
f 9320 9424 9395
f 9424 9147 9146
f 9420 8878 9233
f 9420 8875 8878
f 8875 9420 8876
f 9418 9221 9419
f 9415 8837 9358
f 9147 9424 9145
f 10927 10701 10700
f 10928 10703 10699
f 10703 10928 10700
f 10909 10197 10685
f 10908 6297 6301
f 10908 6301 6303
f 10184 10907 10187
f 10907 10184 10682
f 10675 10906 10678
f 10904 10185 10180
f 10189 10906 10190
f 10683 10909 10910
f 10906 10189 10678
f 10190 10906 10681
f 10343 10905 10345
f 10905 10343 10679
f 10924 10923 10254
f 10210 10925 10694
f 10949 10950 10951
f 10940 10257 10255
f 10519 10944 10740
f 10906 10676 10681
f 10835 10944 10519
f 10906 10675 10676
f 10179 10904 10180
f 10241 10924 10254
f 10193 10909 10683
f 10194 10904 10678
f 10904 10677 10678
f 10903 10625 10873
f 10670 10903 10671
f 10891 10901 10902
f 10900 10630 10629
f 10185 10904 10194
f 10900 10637 10630
f 10637 10900 10664
f 10898 10893 10892
f 10898 10899 10893
f 10897 10896 10894
f 10896 10895 10894
f 10895 10896 10203
f 10203 10896 10661
f 10904 10179 10677
f 10900 10629 10876
f 8861 9418 8860
f 10944 10835 10728
f 10943 10320 10735
f 10378 10946 10373
f 10946 10330 10373
f 10946 10309 10732
f 10309 10946 10730
f 10946 10378 10730
f 10330 10946 10732
f 10940 10289 10717
f 10257 10940 10717
f 10317 10945 10318
f 10212 10925 10210
f 10410 10933 10794
f 10932 10262 10261
f 10262 10932 10699
f 10699 10932 10928
f 10932 10930 10928
f 10756 10932 10261
f 10930 10931 10929
f 10929 10277 10276
f 10287 10940 10719
f 10385 10943 10735
f 10374 10947 10730
f 10947 10311 10310
f 10260 10942 10292
f 10292 10942 10723
f 10697 10942 10260
f 10941 10281 10279
f 10281 10941 10287
f 10283 10941 10279
f 10941 10283 10713
f 10287 10941 10720
f 10376 10947 10374
f 10941 10713 10720
f 10318 10945 10729
f 10729 10945 10743
f 10945 10317 10325
f 10947 10376 10387
f 10315 10948 10313
f 10311 10947 10383
f 10383 10947 10387
f 10947 10310 10730
f 10289 10940 10287
f 8412 9417 9401
f 8779 9417 8417
f 9416 9409 9360
f 8553 9377 8993
f 8995 9377 9258
f 9376 9254 9255
f 9376 8568 9254
f 9376 8335 8566
f 8335 9376 8999
f 9376 8566 8568
f 8999 9376 9255
f 8992 9377 8995
f 9375 8986 8988
f 9375 9241 9251
f 9375 8937 9241
f 8986 9375 9251
f 9374 8967 9247
f 9377 8992 8993
f 9377 8553 8555
f 9377 8555 9258
f 9379 9021 9023
f 8937 9375 8988
f 9380 8299 9029
f 8299 9380 8319
f 9028 9380 9264
f 9384 9066 9276
f 9385 9071 9075
f 9386 9283 9285
f 9387 9089 9287
f 9387 8619 9089
f 9387 9047 9270
f 9047 9387 9271
f 9271 9387 9287
f 9387 8395 8619
f 9283 9386 9284
f 9072 9385 9277
f 8617 9386 9285
f 9386 9081 9284
f 9386 8620 9081
f 8620 9386 9088
f 9385 9076 9277
f 9071 9385 9072
f 8590 9381 9057
f 9386 8617 9088
f 9384 9064 9066
f 8319 9380 8317
f 9027 9379 9261
f 9167 9398 9169
f 9398 9167 9328
f 9398 8407 8405
f 9398 8767 8407
f 9398 8405 9169
f 8767 9398 9328
f 9161 9397 9162
f 9402 8811 9180
f 9399 8839 9198
f 9402 9180 9339
f 9184 9405 9187
f 9348 9407 9351
f 8401 9406 8818
f 8403 9406 8401
f 9405 9343 9404
f 9405 9183 9343
f 9405 9184 9183
f 9344 9405 9404
f 9403 9340 9181
f 9380 9029 9264
f 8839 9399 8841
f 8801 9402 8802
f 9379 9027 9263
f 9379 9023 9261
f 9026 9379 9263
f 8570 9378 9034
f 9021 9379 9026
f 9020 9378 9260
f 9378 9020 9266
f 9378 9018 9260
f 9400 9401 9338
f 9378 8570 9018
f 8395 9387 9270
f 8382 9388 9098
f 9197 9407 9348
f 9397 9161 9163
f 9402 8812 8811
f 8802 9402 9179
f 9179 9402 9339
f 9402 8801 8812
f 9034 9378 9266
f 10252 10911 10687
f 9381 8603 9274
f 8589 9381 8590
f 8683 9159 9128
f 8846 8079 8821
f 8104 8426 8102
f 8117 8081 6190
f 8081 8117 8116
f 8430 8109 8114
f 8109 8430 8111
f 8847 8764 8410
f 9159 8683 8689
f 8426 8104 8110
f 8079 8846 8077
f 8782 8850 8424
f 8850 8782 8780
f 8848 8095 6211
f 8095 8848 8090
f 8423 8772 8424
f 8772 8423 8092
f 8445 8173 8165
f 8426 8110 8107
f 9427 8842 8841
f 8567 8271 8272
f 8564 8353 8356
f 8417 9417 9203
f 9417 8411 9203
f 9417 8412 8411
f 8843 9416 9199
f 9199 9416 9360
f 9409 9416 9359
f 9426 8404 8406
f 9332 9427 9335
f 8353 8564 8354
f 8842 9427 9332
f 8618 9432 8400
f 8608 8726 8373
f 8726 8608 8606
f 8676 9055 8677
f 9055 8676 9053
f 8622 8559 8558
f 9279 8300 8544
f 8300 9279 8301
f 9432 8618 8388
f 9381 8589 8603
f 8823 9430 8820
f 9430 9411 9412
f 9431 9334 9335
f 9399 9431 9427
f 9408 9409 9353
f 8842 9407 8831
f 9407 8842 9351
f 8317 9380 9028
f 9384 9276 9383
f 9064 9384 9065
f 9431 9335 9427
f 8378 9383 8599
f 8599 9383 9069
f 9069 9383 9276
f 9382 9062 9275
f 9062 9382 9281
f 8613 9382 9060
f 9060 9382 9275
f 9382 9086 9281
f 9382 8613 9086
f 9383 8378 8611
f 9430 8823 9354
f 9333 9431 9399
f 8166 8165 8438
f 9430 9354 9411
f 9429 9345 9406
f 9429 9191 9345
f 8757 9429 8403
f 8403 9429 9406
f 9429 8756 9191
f 9429 8757 8756
f 9185 9428 9338
f 8142 8127 8126
f 9338 9428 9400
f 9428 9357 9413
f 9427 8841 9399
f 8821 9430 9412
f 9430 8821 8820
f 9334 9431 9333
f 8085 8161 8160
f 8161 8085 8084
f 8480 8148 8147
f 8796 9428 9413
f 10619 10874 10628
f 10912 10687 10911
f 10919 10247 10692
f 10327 10831 10328
f 10831 10327 10501
f 10833 10476 10516
f 10534 10836 10535
f 10835 10834 10323
f 10323 10834 10321
f 10833 10512 10507
f 10512 10833 10517
f 10476 10833 10367
f 10367 10833 10507
f 10831 10501 10506
f 10833 10516 10517
f 10504 10832 10523
f 10832 10512 10508
f 10512 10832 10511
f 10832 10508 10523
f 10832 10370 10511
f 10381 10830 10829
f 10822 10497 10495
f 10823 10269 10429
f 10823 10429 10490
f 10769 10781 10782
f 10295 10781 10297
f 10807 10560 10531
f 10448 10808 10457
f 10447 10836 10526
f 10270 10821 10314
f 10381 10829 10380
f 10352 10828 10754
f 10269 10821 10270
f 10828 10413 10754
f 10827 10502 10820
f 10818 10827 10820
f 10502 10827 10503
f 10371 10826 10372
f 10372 10826 10388
f 10498 10825 10816
f 10823 10824 10821
f 10269 10823 10821
f 10413 10828 10505
f 10820 10502 10499
f 10595 10809 10460
f 10818 10820 10819
f 10815 10816 10316
f 10173 10814 10390
f 10485 10813 10484
f 10456 10813 10449
f 10444 10812 10443
f 10813 10456 10478
f 10813 10450 10449
f 10450 10813 10487
f 10816 10815 10496
f 10813 10478 10484
f 10445 10812 10477
f 10853 10890 10869
f 10891 10892 10893
f 10894 10895 10240
f 10961 10766 10763
f 10967 10965 10966
f 10965 10753 10966
f 10749 10965 10957
f 10812 10445 10443
f 10781 10769 10297
f 10816 10496 10498
f 10813 10485 10487
f 10477 10812 10482
f 10811 10456 10455
f 10456 10811 10464
f 10458 10811 10455
f 10811 10458 10471
f 10811 10470 10467
f 10470 10811 10471
f 10464 10811 10467
f 10817 10818 10819
f 10581 10810 10452
f 10810 10454 10452
f 10454 10810 10473
f 10810 10470 10473
f 10470 10810 10469
f 10810 10462 10469
f 10485 10812 10488
f 10812 10485 10482
f 10812 10444 10488
f 10810 10581 10462
f 10783 10381 10379
f 10784 10381 10783
f 10785 10786 10382
f 10799 10421 10796
f 10799 10422 10421
f 10422 10799 10427
f 10422 10798 10423
f 10798 10422 10425
f 10353 10797 10759
f 10797 10426 10759
f 10426 10797 10425
f 10437 10800 10431
f 10409 10796 10411
f 10420 10796 10421
f 10795 10396 10404
f 10792 10795 10404
f 10801 10437 10439
f 10801 10439 10440
f 10437 10801 10800
f 10806 10437 10436
f 10560 10807 10525
f 10796 10420 10411
f 10806 10805 10438
f 10431 10800 10434
f 10530 10836 10534
f 10876 10672 10671
f 10879 10615 10858
f 10881 10617 10864
f 10862 10881 10864
f 10617 10881 10860
f 10881 10862 10880
f 10615 10879 10861
f 10879 10862 10861
f 10793 10407 10794
f 10862 10879 10880
f 10877 10878 10670
f 10878 10877 10860
f 10860 10877 10874
f 10877 10626 10874
f 10877 10670 10672
f 10877 10672 10626
f 10836 10450 10535
f 10836 10530 10526
f 10672 10876 10629
f 10753 10965 10749
f 10439 10806 10438
f 10806 10436 10803
f 10775 10776 10777
f 10774 10357 10361
f 10263 10773 10758
f 10758 10773 10768
f 10773 10769 10771
f 10773 10771 10768
f 10303 10780 10373
f 10780 10303 10302
f 10777 10776 10363
f 10780 10445 10369
f 10394 10791 10744
f 10746 10791 10748
f 10791 10746 10744
f 10172 10790 10389
f 10311 10789 10307
f 10789 10311 10382
f 10787 10788 10786
f 10445 10780 10302
f 10785 10787 10786
f 10805 10806 10803
f 10776 10778 10363
f 10779 10778 10774
f 10437 10806 10439
f 10805 10804 10438
f 10801 10427 10800
f 10804 10777 10438
f 10804 10775 10777
f 10433 10803 10436
f 10802 10418 10428
f 10418 10802 10704
f 10779 10360 10364
f 10802 10705 10704
f 10792 10793 10794
f 10540 10808 10541
f 10791 10394 10392
f 10780 10378 10373
f 10378 10780 10377
f 10780 10369 10377
f 10360 10779 10361
f 10361 10779 10774
f 10795 10792 10794
f 10964 10347 10957
f 10775 10964 10776
f 10357 10963 10359
f 10976 10441 10424
f 10441 10976 10440
f 10976 10427 10801
f 10976 10424 10427
f 10440 10976 10801
f 10975 10427 10799
f 10427 10975 10800
f 10975 10409 10434
f 10269 10977 10429
f 10409 10975 10796
f 10340 10978 10748
f 10978 10340 10339
f 10442 10980 10807
f 10981 10458 10457
f 10458 10981 10542
f 10981 10457 10808
f 10980 10525 10807
f 10980 10322 10525
f 10775 10978 10339
f 10301 10980 10442
f 10977 10269 10268
f 10429 10977 10428
f 10827 10992 10988
f 10818 10992 10827
f 10990 10352 10380
f 10352 10990 10828
f 10505 10990 10991
f 10986 10499 10825
f 10990 10380 10829
f 10990 10989 10991
f 10428 10977 10802
f 10989 10990 10829
f 10987 10388 10826
f 10499 10986 10820
f 10982 10317 10316
f 10982 10316 10816
f 10975 10434 10800
f 10981 10839 10542
f 10978 10775 10804
f 10977 10268 10707
f 10988 10503 10827
f 10992 10818 10493
f 10322 10980 10739
f 10980 10301 10739
f 10912 10233 10687
f 10912 10209 10233
f 10237 10918 10691
f 10224 10918 10237
f 10918 10224 10223
f 10238 10922 10693
f 10924 10241 10693
f 10923 10924 10920
f 10204 10913 10688
f 10922 10203 10202
f 10895 10922 10240
f 10240 10922 10238
f 309 10921 262
f 10218 10918 10223
f 10921 309 10249
f 262 10921 10198
f 10921 10249 10692
f 10247 10919 10920
f 10922 10895 10203
f 10979 10442 10807
f 10205 10913 10204
f 10914 10688 10913
f 10533 10979 10531
f 10979 10533 10486
f 10979 10444 10442
f 10444 10979 10486
f 10531 10979 10807
f 10952 10328 10831
f 10724 10950 10949
f 10894 10240 10587
f 10623 10913 10205
f 10209 10912 10207
f 10917 10613 10215
f 10916 10209 10208
f 10209 10916 10234
f 10916 10208 10690
f 10915 10228 10689
f 10915 10226 10228
f 10914 10218 10223
f 10225 10914 10223
f 10917 10215 10214
f 10251 10919 10692
f 10992 10493 10991
f 10497 10986 10498
f 10382 10971 10789
f 10970 10788 10787
f 10788 10970 10830
f 10969 10788 10784
f 10441 10961 10761
f 10766 10961 10767
f 10974 10353 10351
f 10961 10365 10767
f 10971 10382 10786
f 10333 10955 10953
f 10955 10731 10954
f 10733 10955 10333
f 10955 10733 10731
f 10732 10954 10731
f 10309 10954 10732
f 10954 10308 10743
f 10954 10309 10308
f 10329 10953 10325
f 10743 10955 10954
f 10325 10953 10945
f 10972 6303 6299
f 10972 6299 10389
f 10963 10357 10774
f 10353 10962 10349
f 10962 10353 10759
f 10962 10771 10770
f 10771 10962 10772
f 10962 10759 10772
f 10349 10962 10770
f 10961 10441 10365
f 10788 10969 10786
f 10968 10296 10738
f 10968 10295 10296
f 10973 10342 10341
f 10974 10351 10754
f 10393 10973 10392
f 10392 10973 10791
f 10973 10748 10791
f 10973 10341 10748
f 10342 10973 10393
f 10295 10968 10781
f 10990 10505 10828
f 10953 10743 10945
f 10329 10952 10334
f 10982 10816 10825
f 10986 10497 10819
f 10824 10984 10821
f 10984 10824 10822
f 10984 10494 10985
f 10494 10984 10495
f 10495 10984 10822
f 10315 10984 10985
f 10952 10329 10328
f 10983 10492 10817
f 10983 10497 10822
f 10497 10983 10819
f 10819 10983 10817
f 10982 10327 10326
f 10327 10982 10825
f 10317 10982 10326
f 10986 10819 10820
f 10498 10986 10825
f 10824 10983 10822
f 10953 10329 10333
f 10796 10975 10799
f 10159 10958 10752
f 10334 10952 10741
f 10955 10743 10953
f 10956 10805 10803
f 10957 10338 10749
f 10358 10959 10762
f 10761 10961 10763
f 10960 10959 10358
f 10959 10960 10755
f 10353 10974 10797
f 10959 10766 10762
f 10959 10755 10765
f 10753 10958 10751
f 10338 10957 10347
f 10958 10753 10752
f 10958 6369 6367
f 6369 10958 10159
f 10958 10256 10751
f 10958 6367 10256
f 10766 10959 10765
f 10966 11042 10967
f 10993 10510 10520
f 10750 11042 10966
f 10365 10362 10364
f 10362 10363 10364
f 10361 10357 10354
f 10355 10361 10354
f 10360 10361 10355
f 10359 10356 10357
f 10266 10358 10355
f 10354 10356 10291
f 10266 10354 10291
f 10356 10354 10357
f 10354 10266 10355
f 10351 10353 10349
f 10303 10373 10332
f 10373 10330 10332
f 10374 10375 10376
f 10382 10311 10383
f 10389 6299 6304
f 10366 10367 10368
f 10369 10366 10368
f 10370 10371 10372
f 10389 6304 10172
f 10422 10424 10425
f 10406 10430 10431
f 10428 10418 10416
f 10415 10428 10416
f 10428 10415 10429
f 10422 10427 10424
f 10424 10426 10425
f 10423 10419 10421
f 10387 10376 10370
f 10417 10416 10418
f 10422 10423 10421
f 10420 10421 10419
f 10419 10417 10418
f 10416 10417 10412
f 10414 10416 10412
f 10392 10176 10393
f 10390 10163 10173
f 10348 10351 10349
f 10423 10417 10419
f 10387 10388 10383
f 10384 10386 10385
f 10305 10384 10385
f 10273 10707 10268
f 10705 10706 10704
f 10418 10704 10419
f 10704 10420 10419
f 10703 10272 10275
f 10703 10698 10699
f 10716 10717 10289
f 10716 10718 10359
f 10707 10273 10708
f 10564 10561 10563
f 10288 10722 10721
f 10722 10714 10715
f 10722 10288 10714
f 10721 10291 10718
f 10721 10290 10291
f 10289 10721 10718
f 10288 10721 10289
f 10714 10720 10713
f 10718 10356 10359
f 10415 10416 10414
f 10709 10284 10286
f 10394 10711 10391
f 10384 10305 10307
f 10381 10380 10379
f 10375 10377 10368
f 10380 10348 10379
f 10348 10380 10352
f 10379 10348 10350
f 10378 10377 10374
f 10377 10375 10374
f 10710 10711 10712
f 10368 10377 10369
f 10481 10562 10550
f 10091 9683 9694
f 10718 10716 10289
f 10715 10399 10401
f 10715 10403 10399
f 10403 10715 10714
f 10713 10403 10714
f 10181 10711 10286
f 10561 10562 10563
f 10412 10413 10414
f 10409 10411 10410
f 10176 10392 10391
f 10336 10164 10161
f 10337 10344 10336
f 10344 10164 10336
f 10344 10337 10340
f 10341 10342 10343
f 10337 10339 10340
f 10337 10336 10338
f 10310 10311 10307
f 10343 10344 10341
f 10308 10309 10304
f 10305 10304 10307
f 10171 10286 10282
f 10285 10283 10284
f 10282 10283 10279
f 10169 10282 10279
f 10283 10282 10284
f 10282 10169 10171
f 10279 10281 10280
f 10348 10349 10350
f 10169 10279 10280
f 10164 10344 10345
f 10160 10346 10161
f 10322 10321 10324
f 10321 10322 10323
f 10318 10320 10316
f 10319 10320 10318
f 10316 10317 10318
f 10314 10274 10270
f 10274 10314 10313
f 10314 10315 10313
f 10344 10343 10345
f 10312 10274 10313
f 10309 10310 10304
f 10330 10331 10332
f 10333 10329 10334
f 10335 10333 10334
f 10344 10340 10341
f 10347 10337 10338
f 10346 10338 10336
f 10161 10346 10336
f 10310 10307 10304
f 10288 10720 10714
f 10276 10277 10278
f 10270 10271 10268
f 10337 10347 10339
f 10351 10348 10352
f 10430 10432 10433
f 10176 10391 10177
f 10408 10409 10410
f 10406 10408 10407
f 10405 10406 10407
f 10400 10404 10398
f 10267 10291 10290
f 10404 10396 10398
f 10399 10402 10400
f 10399 10398 10401
f 10398 10278 10401
f 10398 10399 10400
f 10278 10398 10396
f 10395 10397 10276
f 10395 10278 10396
f 10392 10394 10391
f 10403 10402 10399
f 10271 10273 10268
f 10292 10258 10260
f 10293 10294 10295
f 10272 10271 10275
f 10271 10274 10275
f 10274 10271 10270
f 10271 10272 10273
f 10286 10284 10282
f 10287 10288 10289
f 10290 10277 10267
f 10297 10264 10293
f 10258 10293 10264
f 10304 10305 10306
f 10302 10303 10300
f 10299 10298 10301
f 10298 10299 10300
f 10295 10297 10293
f 10294 10296 10295
f 10266 10291 10267
f 10294 10293 10292
f 10293 10258 10292
f 10299 10302 10300
f 10720 10288 10287
f 10281 10719 6360
f 10719 10281 10287
f 10740 10335 10519
f 10739 10301 10728
f 10322 10739 10323
f 10726 10737 10723
f 10193 10683 10191
f 10191 10683 10195
f 10682 10183 10195
f 10603 10604 10594
f 10335 10740 10333
f 10618 10619 10602
f 10616 10601 10599
f 10614 10615 10612
f 10613 10614 10215
f 10211 10612 10212
f 10610 10607 10609
f 10608 10610 10609
f 10610 10608 10611
f 10579 10609 10580
f 10601 10616 10617
f 10608 10609 10579
f 10740 10733 10333
f 10741 10335 10334
f 10309 10730 10310
f 10730 10378 10374
f 10319 10729 10306
f 10306 10729 10308
f 10729 10319 10318
f 10728 10301 10298
f 10725 10386 10727
f 10724 10725 10726
f 10737 10294 10723
f 10294 10737 10296
f 10296 10737 10738
f 10335 10741 10518
f 10745 10744 10435
f 10744 10745 10394
f 10743 10308 10729
f 10303 10742 10300
f 10300 10742 10298
f 10741 10522 10518
f 10737 10736 10738
f 10731 10330 10732
f 10607 10605 10603
f 10606 10605 10597
f 10597 10598 10599
f 10451 10578 10579
f 10576 10577 10575
f 10468 10576 10575
f 10576 10461 10460
f 10576 10468 10461
f 10465 10575 10466
f 10468 10575 10465
f 10640 10641 10632
f 10574 10563 10562
f 10571 10572 10573
f 10563 10570 10564
f 10569 10570 10563
f 10566 10567 10568
f 10564 10529 10565
f 10561 10564 10565
f 10580 10451 10579
f 10451 10580 10452
f 10574 10569 10563
f 10605 10604 10603
f 10600 10601 10602
f 10623 10624 10222
f 10604 10605 10606
f 10601 10618 10602
f 10618 10601 10617
f 10620 10621 10212
f 10571 10634 10632
f 10627 10638 10636
f 10638 10627 10630
f 10637 10638 10630
f 10603 10594 10596
f 10635 10627 10636
f 10635 10619 10628
f 10631 10633 10572
f 10221 10622 10613
f 10571 10631 10572
f 10631 10571 10632
f 10627 10629 10630
f 10626 10627 10628
f 10624 10625 10622
f 10627 10635 10628
f 10325 10317 10326
f 10330 10731 10331
f 10734 10702 10312
f 10689 274 10200
f 297 10689 10228
f 274 10689 297
f 10694 10213 10210
f 10262 10699 10696
f 10696 10697 10260
f 10697 10696 10698
f 10262 10696 10259
f 6292 10684 10174
f 10696 10260 10259
f 10693 10241 10238
f 291 10690 10208
f 10692 10247 10246
f 10251 10692 10249
f 10235 10691 10236
f 10691 10235 10237
f 298 10690 291
f 10690 298 10227
f 10695 10251 10250
f 10722 10290 10721
f 10684 6292 6289
f 10193 10684 10196
f 10719 6331 6360
f 6331 10719 10255
f 10356 10718 10291
f 10703 10702 10698
f 10702 10703 10275
f 10700 10701 10272
f 10699 10698 10696
f 10688 10206 10204
f 10684 6289 10196
f 10206 10688 10216
f 10687 10232 10253
f 10232 10687 10233
f 10225 10686 10216
f 10686 10217 10216
f 10686 10225 10229
f 10217 10686 10245
f 10685 6308 6296
f 6308 10685 10197
f 10252 10687 10253
f 10731 10733 10331
f 10401 10722 10715
f 10747 10435 10744
f 10768 10757 10758
f 10768 10764 10757
f 10766 10767 10762
f 10364 10767 10365
f 10763 10764 10760
f 10360 10767 10364
f 10766 10765 10763
f 10765 10764 10763
f 10769 10770 10771
f 10757 10765 10755
f 10763 10760 10761
f 10340 10748 10341
f 10747 10433 10435
f 10723 10294 10292
f 10746 10747 10744
f 10736 10737 10726
f 10735 10319 10306
f 10319 10735 10320
f 10764 10765 10757
f 10722 10401 10290
f 10770 10350 10349
f 10767 10360 10762
f 10759 10426 10760
f 10758 10756 10261
f 10758 10261 10263
f 10756 10758 10757
f 10755 10756 10757
f 10352 10754 10351
f 10160 10752 10346
f 10346 10752 10749
f 10764 10772 10760
f 10752 10753 10749
f 10257 10751 10256
f 10751 10257 10750
f 10750 10257 10717
f 10716 10750 10717
f 10749 10338 10346
f 10426 10761 10760
f 10762 10360 10355
f 10762 10355 10358
f 10752 10160 10159
f 10580 10581 10452
f 10327 10328 10326
f 10326 10328 10325
f 7643 6570 6795
f 6531 7643 6795
f 7642 7183 7291
f 7179 7640 7633
f 7183 7642 7184
f 7641 7165 7173
f 7641 7240 7165
f 7240 7641 6768
f 6768 7641 7182
f 7640 7179 7178
f 7665 7259 7664
f 7666 7661 7660
f 7708 6769 6766
f 6699 7688 6698
f 7700 6780 6781
f 6780 7699 6778
f 7697 7646 7698
f 7189 7644 7187
f 7644 7188 7187
f 6530 7644 7186
f 7644 7189 7186
f 7178 7639 7180
f 6522 7639 6861
f 6861 7639 7178
f 6689 6685 7627
f 7635 7638 7176
f 7176 7638 7174
f 7638 6571 7174
f 7638 6572 6571
f 7646 7697 7192
f 7638 7635 7287
f 7630 7637 7632
f 7175 7637 7630
f 7637 7175 7174
f 6571 7636 7174
f 7639 6519 7180
f 7181 7640 7178
f 7640 7181 7631
f 7643 6531 7186
f 6572 7638 7287
f 7695 7694 7692
f 7695 7696 7694
f 7694 7693 7692
f 7702 6785 7247
f 6772 7701 6773
f 7701 6772 7243
f 7701 6790 7233
f 7165 7689 7163
f 7687 7685 7224
f 7667 7668 7664
f 7226 7687 7224
f 6787 7702 7249
f 6563 7674 7672
f 7675 7674 6563
f 7674 7675 7218
f 7673 7664 7663
f 7673 7667 7664
f 7672 6564 6563
f 6564 7672 6803
f 7671 7669 7670
f 6806 7671 7670
f 7674 7218 7662
f 7639 6522 6519
f 7702 6787 6785
f 7160 7703 7704
f 7693 6537 7692
f 6537 7693 6535
f 7692 6537 6722
f 7675 7691 7242
f 6769 7690 6767
f 7690 6769 7248
f 7240 7689 7165
f 7689 7240 7239
f 7701 6788 6790
f 7700 6781 7242
f 6773 7701 7233
f 7703 7160 7159
f 6520 7706 6766
f 7706 6520 7707
f 7705 6678 7620
f 7160 7705 7620
f 7705 7160 7704
f 6680 7703 7159
f 6788 7701 7243
f 7645 7646 7192
f 7666 7667 7661
f 7647 7648 6700
f 6847 7741 7308
f 7740 7299 7298
f 7299 7740 7300
f 6868 7740 6866
f 7740 6868 7292
f 7740 7292 7300
f 6880 7742 7302
f 7742 6880 6875
f 7741 7305 7310
f 7316 7743 7314
f 7335 7746 6859
f 6859 7746 6858
f 7746 7335 6900
f 7322 7745 7321
f 7745 7322 7323
f 7745 6891 6889
f 7319 7745 7323
f 7743 7318 6901
f 6891 7745 7319
f 7745 6889 7321
f 7312 7741 7310
f 7741 6851 7305
f 6920 7753 6921
f 7752 6879 6878
f 7343 7750 7339
f 7752 7345 6879
f 7345 7752 7346
f 7222 7751 7223
f 6218 7751 6582
f 6582 7751 7344
f 7741 7312 7308
f 7751 6218 7223
f 6900 7747 7746
f 6866 7740 7298
f 7747 6896 7285
f 7312 7742 7311
f 7742 7312 7313
f 7302 7742 7313
f 7742 6875 7311
f 6851 7741 6847
f 6896 7747 6899
f 7671 6806 6808
f 6857 7744 6856
f 7322 7744 7323
f 7209 7658 7212
f 7658 7214 7212
f 6728 7659 6724
f 7259 7663 7664
f 6750 7662 6744
f 7662 6750 7661
f 6744 7662 7218
f 7660 6750 6747
f 7658 6702 7210
f 6750 7660 7661
f 7214 7658 7210
f 7659 7214 7213
f 7214 7659 7215
f 7659 7206 7215
f 6724 7659 7213
f 7658 6707 6702
f 6707 7658 7209
f 7649 6700 7194
f 7659 6728 7206
f 7744 6857 7317
f 6707 7650 6705
f 6705 7650 7195
f 7744 6895 7323
f 6895 7744 7317
f 7710 7711 7704
f 7708 6766 7706
f 7634 6687 6989
f 6700 7649 7647
f 7656 7204 7657
f 7204 7656 7205
f 7195 7650 7651
f 7648 7655 6533
f 7655 7193 7202
f 6575 7654 6576
f 6576 7654 7201
f 7653 6536 6720
f 6536 7653 6721
f 7653 6720 7201
f 7652 6709 7197
f 7652 7197 7207
f 7655 7648 7193
f 6805 7670 7265
f 6806 7670 6805
f 7669 7668 7666
f 10527 10539 10541
f 10539 10540 10541
f 10536 10538 10453
f 10547 10479 10480
f 10483 10548 10475
f 10475 10548 10474
f 10554 10558 10553
f 10560 10559 10531
f 10539 10527 10529
f 10559 10532 10531
f 10532 10559 10554
f 10551 10558 10552
f 10558 10555 10552
f 10556 10546 10557
f 10548 10483 10547
f 10555 10556 10557
f 10553 10530 10534
f 10532 10553 10534
f 10554 10559 10556
f 10553 10532 10554
f 10542 10472 10471
f 10472 10543 10473
f 10457 10458 10455
f 10446 10457 10455
f 10457 10446 10448
f 10455 10456 10449
f 10446 10455 10449
f 10452 10454 10453
f 10413 10505 10414
f 10414 10505 10491
f 10458 10542 10471
f 10500 10506 10501
f 10547 10483 10479
f 10545 10324 10514
f 10513 10545 10514
f 10546 10545 10544
f 10545 10513 10544
f 10476 10544 10516
f 10544 10513 10516
f 10543 10454 10473
f 10535 10450 10487
f 10451 10452 10453
f 10550 10551 10552
f 10536 10537 10538
f 10535 10486 10533
f 10444 10486 10488
f 10532 10534 10533
f 10531 10532 10533
f 10530 10528 10526
f 10528 10527 10526
f 10526 10448 10447
f 10521 10515 10514
f 10527 10528 10529
f 10524 10322 10324
f 10523 10510 10506
f 10500 10523 10506
f 10510 10523 10508
f 10523 10500 10504
f 10434 10406 10431
f 10432 10430 10405
f 10430 10406 10405
f 10306 10308 10304
f 10322 10524 10525
f 10549 10548 10547
f 10521 10522 10520
f 10521 10509 10515
f 10486 10535 10487
f 10507 10375 10368
f 10535 10533 10534
f 10509 10520 10510
f 10335 10518 10519
f 10512 10517 10508
f 10517 10509 10508
f 10515 10517 10516
f 10509 10521 10520
f 10509 10517 10515
f 10514 10324 10321
f 10513 10514 10515
f 10512 10511 10507
f 10511 10375 10507
f 10376 10511 10370
f 10375 10511 10376
f 10508 10509 10510
f 10507 10368 10367
f 10516 10513 10515
f 10328 10329 10325
f 10459 10460 10461
f 10466 10463 10465
f 10484 10483 10482
f 10483 10484 10479
f 10482 10475 10477
f 10482 10483 10475
f 10481 10480 10466
f 10480 10463 10466
f 10463 10480 10479
f 10478 10456 10464
f 2733 2732 2734
f 10463 10478 10464
f 10445 10477 10369
f 10477 10366 10369
f 10366 10477 10475
f 10474 10476 10367
f 10366 10474 10367
f 10474 10366 10475
f 10479 10484 10478
f 10485 10484 10482
f 10478 10463 10479
f 10562 10561 10550
f 9183 8781 8777
f 7676 7677 7673
f 7668 7667 7666
f 7674 7676 7672
f 7667 7677 7661
f 7661 7677 7662
f 7681 6741 7216
f 6513 7686 7685
f 7685 7686 7224
f 7225 7684 7625
f 9183 9184 9182
f 7684 7225 7224
f 7681 7682 7680
f 6741 7681 7217
f 7677 7667 7673
f 7680 6807 6749
f 6807 7680 6753
f 7678 6717 7679
f 7662 7677 7674
f 7677 7676 7674
f 7219 7683 7220
f 10463 10464 10465
f 10486 10487 10488
f 10500 10503 10504
f 10441 10440 10365
f 10440 10362 10365
f 10362 10440 10439
f 10438 10362 10439
f 10433 10436 10430
f 10436 10431 10430
f 10436 10437 10431
f 10432 10435 10433
f 10442 10299 10301
f 10434 10409 10408
f 10446 10447 10448
f 10447 10446 10449
f 10450 10447 10449
f 10462 10459 10461
f 10469 10468 10467
f 10468 10469 10461
f 10467 10465 10464
f 10467 10468 10465
f 10406 10434 10408
f 10503 10500 10502
f 10443 10299 10442
f 10299 10443 10302
f 10500 10499 10502
f 10499 10500 10501
f 10498 10496 10495
f 10497 10498 10495
f 10494 10495 10496
f 10491 10492 10490
f 10415 10491 10490
f 10492 10491 10493
f 10444 10443 10442
f 10491 10415 10414
f 10164 10489 10165
f 10489 10164 10345
f 10487 10485 10488
f 10470 10471 10473
f 10471 10472 10473
f 10461 10469 10462
f 10470 10469 10467
f 10443 10445 10302
f 10415 10490 10429
f 10592 10583 10586
f 10581 10596 10462
f 10596 10459 10462
f 10241 10242 10238
f 10238 10239 10240
f 10224 10237 10230
f 10232 10236 10213
f 10236 10232 10231
f 10235 10236 10231
f 10209 10234 10233
f 10233 10234 10231
f 10234 10235 10231
f 10231 10232 10233
f 10224 10229 10225
f 10229 10224 10230
f 297 10227 298
f 10227 297 10228
f 10239 10242 10243
f 10244 10217 10245
f 10246 10247 10244
f 10242 10239 10238
f 10223 10224 10225
f 10125 10079 10142
f 10181 10182 10177
f 10075 10057 10124
f 10057 10075 10055
f 9489 9494 9809
f 9889 9663 9662
f 9663 9889 9887
f 4196 9492 4175
f 9816 9979 9499
f 9979 9816 9862
f 10255 6329 6331
f 9494 9489 9495
f 10133 9512 10023
f 9795 9673 9796
f 9578 9856 9857
f 9856 9578 9577
f 9637 9472 4116
f 9472 9637 9474
f 9512 10133 9820
f 10178 10175 10179
f 9673 9795 9649
f 10263 10258 10264
f 10259 10261 10262
f 10258 10259 10260
f 10191 10192 10193
f 10188 10189 10190
f 10188 6285 6288
f 10186 10184 10187
f 10183 10178 10180
f 10185 10183 10180
f 10178 10183 10184
f 10182 10179 10175
f 10191 10185 10194
f 262 10198 263
f 10200 263 10198
f 10208 10209 10207
f 10218 10219 10220
f 10216 10217 10206
f 10211 10214 10215
f 10214 10211 10210
f 10213 10214 10210
f 10210 10211 10212
f 10199 10200 10198
f 9544 10084 9842
f 10192 10191 10194
f 10185 10195 10183
f 10257 10256 10255
f 10256 6329 10255
f 10256 6367 6329
f 10252 10253 10254
f 10245 10246 10244
f 320 10250 308
f 308 10250 10249
f 10250 10251 10249
f 10195 10185 10191
f 308 10249 309
f 10199 10246 10245
f 10226 10227 10228
f 10221 10219 10222
f 10177 10182 10175
f 10219 10221 10220
f 10197 6293 6308
f 6293 10197 10196
f 10196 6289 6293
f 10247 10248 10244
f 9763 10037 10149
f 10037 9763 9758
f 10144 10085 10154
f 10125 9985 10077
f 10069 10123 10068
f 10121 9953 10064
f 10123 9956 10067
f 10122 9529 9528
f 10122 9528 10068
f 9954 10121 10065
f 10121 9534 10065
f 9870 10125 9986
f 10121 9536 9534
f 9664 9900 9885
f 9890 9923 9889
f 9744 9743 9920
f 10159 6349 6369
f 10085 9446 9879
f 9446 10085 10084
f 9694 10092 9692
f 10092 9694 9895
f 10013 9661 10021
f 9491 10059 9810
f 10125 9870 9985
f 10126 9613 9874
f 10119 9938 9805
f 10119 9947 9938
f 9947 10119 10062
f 10119 9503 9505
f 9503 10119 9805
f 10119 9505 10062
f 10118 10056 10116
f 9980 10118 10116
f 9685 10126 10080
f 10118 9861 10056
f 9590 10118 9980
f 9492 10117 9491
f 10116 9591 9863
f 10120 9526 9525
f 10120 9525 9939
f 9536 10121 10064
f 10124 10057 10059
f 10126 9685 9616
f 10118 9590 9861
f 279 10208 10207
f 10059 9491 10117
f 9941 10117 9492
f 10160 10166 10159
f 10166 6349 10159
f 9743 9744 9741
f 10005 10004 9676
f 10180 10178 10179
f 10004 10005 9893
f 10084 9544 9446
f 9621 10128 9623
f 10166 10160 10162
f 10128 9621 9997
f 9594 9462 9592
f 9517 9836 9518
f 9836 9517 9535
f 9751 9844 9749
f 9844 9751 9972
f 10156 10129 10144
f 10129 10156 10145
f 10085 10144 10084
f 9462 9594 9866
f 10117 9941 9808
f 10166 6348 6349
f 6350 10167 10168
f 9630 9492 4196
f 9492 9630 9941
f 9612 9997 9718
f 9997 9612 10081
f 9690 9702 9688
f 9702 9690 10011
f 10160 10161 10162
f 10163 6313 6348
f 10167 6315 6282
f 10164 10165 10161
f 10175 10176 10177
f 10174 6288 6306
f 10174 6306 6292
f 10162 10173 10166
f 10172 6313 10163
f 10172 6304 6313
f 10167 6350 6315
f 10165 10162 10161
f 10169 10170 10171
f 263 10200 274
f 291 10208 279
f 279 10207 280
f 9954 9953 10121
f 10041 10111 10042
f 10111 10041 10110
f 9918 9735 9755
f 9735 9918 10105
f 9810 9435 3845
f 9946 9502 9501
f 9809 9941 9940
f 9953 9954 9821
f 9502 9946 10052
f 9826 9823 210
f 9823 9826 10069
f 9823 9832 9516
f 9832 9823 10069
f 9652 9962 9650
f 9962 9652 9961
f 9960 9828 9827
f 9828 9960 9959
f 9835 9837 9964
f 9960 9827 9962
f 10148 10103 10102
f 10069 9956 10123
f 10002 9794 10087
f 9477 10146 10001
f 10146 9477 10086
f 9842 9438 9437
f 9438 9842 10083
f 9878 9877 9631
f 9877 9878 10082
f 9944 9814 9816
f 10066 9529 10122
f 9814 9944 10060
f 9975 9913 9728
f 10103 10148 10104
f 9529 10066 9828
f 10063 9819 9952
f 9819 10063 10139
f 10130 10071 9640
f 10071 10130 10129
f 9956 10069 9826
f 9913 9975 10098
f 9794 10002 9795
f 9827 9831 9962
f 9515 10065 9958
f 10771 10772 10768
f 10957 11041 10964
f 11041 10778 10776
f 10778 11041 10967
f 10967 11041 10965
f 11041 10776 10964
f 10778 10967 10774
f 10774 10967 10963
f 10772 10764 10768
f 11040 10723 10942
f 11040 10724 10726
f 10724 11040 10950
f 11039 10697 10734
f 10697 11039 10942
f 10312 11039 10734
f 10733 11038 10331
f 11038 10733 10740
f 11041 10957 10965
f 11040 10726 10723
f 9831 9827 9957
f 10760 10772 10759
f 9438 10083 10130
f 10065 9515 9954
f 9941 9809 9808
f 9837 9835 9836
f 9588 9859 9978
f 9859 9588 9587
f 10007 10091 10010
f 10041 9757 9926
f 9911 9617 10025
f 9967 9839 9841
f 9617 9911 10027
f 10021 10011 10013
f 10091 10007 10008
f 9623 10128 9876
f 9839 9967 9978
f 9993 9625 9624
f 9625 9993 9995
f 9542 9866 9594
f 9866 9542 9982
f 10011 10021 9702
f 9830 10120 10063
f 9907 9675 10088
f 10008 9683 10091
f 9990 9718 9717
f 9679 9664 9663
f 9772 9703 9901
f 9703 9772 9691
f 10032 9755 9915
f 10039 9779 9924
f 9749 10106 9750
f 10106 9749 9922
f 9639 9474 9880
f 9920 9568 9744
f 9755 10032 9754
f 9712 9699 9710
f 9902 9701 9903
f 9699 9712 9909
f 10020 9903 9701
f 9903 10020 9908
f 10018 9902 9904
f 9902 10018 9905
f 9568 9920 9922
f 9701 9902 9700
f 9474 9639 9476
f 9468 10000 9632
f 10204 10206 10202
f 10201 10204 10202
f 10204 10201 10205
f 10201 10202 10203
f 10079 10125 10077
f 10124 10076 10075
f 9923 9890 9642
f 9603 9987 9629
f 10000 9468 9881
f 9664 9679 9900
f 9658 9885 9898
f 10013 10015 9659
f 10015 10013 9897
f 10009 9925 9757
f 9925 10009 10008
f 10005 9676 9675
f 9643 9888 9644
f 9888 9643 9887
f 9885 9658 9886
f 9675 9907 10005
f 9718 9990 9874
f 10115 9805 9937
f 9551 9857 9855
f 9564 9972 9566
f 9972 9564 9843
f 9970 9554 9556
f 9856 9577 9969
f 9937 9805 9938
f 10130 9541 9438
f 9541 10130 9640
f 9857 9551 9580
f 9952 9820 9669
f 9951 9948 9531
f 9948 9951 9949
f 9779 10039 9780
f 9805 10115 9804
f 10076 10124 10141
f 9435 9810 10058
f 9820 10133 10096
f 9683 10008 9684
f 9820 9952 9819
f 9987 9603 9872
f 9864 9980 9863
f 9693 10090 9694
f 9980 9864 9981
f 10026 9741 9724
f 9741 10026 9742
f 9722 9744 9745
f 9744 9722 9741
f 9735 10105 9733
f 9725 9720 9719
f 9720 9725 9727
f 9554 9970 9969
f 10022 9706 9711
f 9672 10047 9673
f 10047 9672 9676
f 10006 9907 9705
f 9907 10006 10005
f 10089 9671 9643
f 9671 10089 9670
f 9972 9751 9453
f 10090 9693 9776
f 9706 10022 9704
f 10120 9830 9526
f 10126 9616 9613
f 9591 10116 10055
f 9881 10155 10000
f 10145 10071 10129
f 9999 10154 10085
f 10153 9876 10152
f 10153 9626 9876
f 9550 10153 9548
f 9548 10153 10143
f 10143 10153 10152
f 10155 9881 10001
f 10153 9550 9626
f 10152 10081 10127
f 10081 10152 10128
f 10152 10127 10143
f 9784 10151 10114
f 9608 10148 10136
f 10148 9983 10104
f 10148 9611 9983
f 10096 10147 10132
f 10152 9876 10128
f 9989 10142 10079
f 10114 10151 10138
f 10151 9788 10113
f 10263 10261 10259
f 10151 9783 9788
f 10151 10113 10138
f 9927 10150 10112
f 10112 10150 10043
f 10150 10044 10043
f 10150 9774 10044
f 9771 10150 9927
f 10258 10263 10259
f 10150 9773 9774
f 10110 10149 10137
f 10149 10110 10041
f 9763 10149 9926
f 9926 10149 10041
f 10149 10037 10137
f 10148 10102 10136
f 9611 10148 9608
f 9783 10151 9784
f 9773 10150 9771
f 10265 10266 10267
f 10141 9808 9811
f 10141 10059 10117
f 9986 10142 10078
f 9882 10145 10131
f 10084 10144 10083
f 10083 10144 10129
f 10143 10109 9548
f 10143 10111 10109
f 10111 10143 10127
f 10155 10001 10146
f 10145 9882 10071
f 10156 10144 10154
f 9649 9653 9673
f 9977 9838 9839
f 9964 9837 9539
f 9833 9966 9834
f 9966 9833 9540
f 9532 9821 9648
f 9821 9532 9531
f 9801 9824 9802
f 9999 10157 10154
f 9808 10141 10117
f 10147 10019 10132
f 9712 10147 9909
f 10059 10141 10124
f 10141 9811 10076
f 10140 9955 10066
f 9955 10140 10067
f 10067 10140 10123
f 10140 10066 10122
f 10068 10140 10122
f 10140 10068 10123
f 9909 10147 10133
f 9819 10139 10054
f 9939 10139 10120
f 10142 9873 10078
f 9873 10142 9989
f 10142 9986 10125
f 10146 10086 10131
f 10147 10096 10133
f 9711 10147 9712
f 10147 9711 10019
f 10139 9939 10115
f 9824 9801 9519
f 10268 10269 10270
f 10653 10654 10655
f 10673 10666 10669
f 10673 10655 10657
f 10666 10673 10665
f 10670 10671 10672
f 10666 10668 10669
f 10668 10666 10667
f 10666 10664 10667
f 10664 10666 10665
f 10673 10669 10655
f 10637 10664 10665
f 10677 10182 10674
f 10675 10677 10674
f 10680 10184 10186
f 10189 10192 10194
f 10192 10189 10188
f 10681 6284 10190
f 10681 6281 6284
f 6282 10681 10676
f 10677 10179 10182
f 10681 6282 6281
f 10181 10674 10182
f 10674 10170 10675
f 10459 10596 10594
f 10593 10595 10460
f 10459 10593 10460
f 10593 10459 10594
f 10591 10592 10586
f 10582 10583 10584
f 10583 10590 10584
f 10588 10589 10587
f 10674 10171 10170
f 10239 10588 10587
f 10239 10587 10240
f 10583 10585 10586
f 10639 10604 10606
f 10640 10632 10634
f 10682 10184 10183
f 10662 10201 10661
f 6282 10676 10167
f 10170 10676 10675
f 10588 10239 10243
f 10633 10651 10652
f 10680 10178 10184
f 10176 10680 10393
f 10642 10641 10640
f 10636 10642 10635
f 10608 10649 10648
f 10649 10650 10648
f 10537 10651 10646
f 10658 10657 10656
f 10660 10658 10659
f 10641 10660 10659
f 10643 10642 10640
f 10660 10636 10638
f 10632 10659 10631
f 10641 10659 10632
f 10657 10654 10656
f 10651 10537 10652
f 10654 10657 10655
f 10656 10646 10651
f 10653 10650 10647
f 10654 10653 10647
f 10660 10641 10636
f 10675 10678 10677
f 10604 10644 10594
f 10644 10604 10639
f 10393 10680 10186
f 10178 10680 10175
f 10680 10176 10175
f 10342 10679 10343
f 10678 10189 10194
f 10663 10662 10661
f 10201 10662 10205
f 10641 10642 10636
f 10594 10644 10593
f 10661 10201 10203
f 10649 10608 10579
f 10611 10648 10585
f 10608 10648 10611
f 10647 10645 10646
f 10645 10537 10646
f 10538 10645 10578
f 10537 10645 10538
f 10643 10644 10639
f 10649 10579 10578
f 9021 9024 9022
f 9500 9817 145
f 145 9817 204
f 10093 9703 9905
f 9899 10092 9898
f 9898 10092 10014
f 9692 10092 9899
f 10092 9895 10014
f 9905 10095 10093
f 10095 9905 10018
f 9933 10095 10018
f 9703 10093 9901
f 10099 10030 10098
f 9731 10100 10029
f 10029 10100 10097
f 10100 9914 10031
f 10099 9721 10030
f 10099 9715 9721
f 9715 10099 9716
f 9790 10095 9933
f 9852 10098 9975
f 10100 9731 9914
f 9913 10098 10030
f 10094 9770 9901
f 10094 9901 10093
f 10112 9689 9927
f 9759 10108 9924
f 9689 10112 9928
f 9928 10112 10043
f 10111 10110 10109
f 10109 10110 9641
f 10108 9764 10107
f 10108 9758 9764
f 9785 10094 10016
f 9739 10102 10101
f 10116 9863 9980
f 9748 10101 9918
f 10095 9790 9789
f 10095 10016 10093
f 10095 9789 10016
f 10094 9768 9770
f 9768 10094 9785
f 10016 10094 10093
f 9739 10101 9748
f 10113 9787 9797
f 10097 9912 10029
f 9820 10096 9669
f 10135 10097 10100
f 9923 10137 10037
f 10138 10046 10114
f 10045 10138 10113
f 9930 10043 10044
f 10137 9641 10110
f 10137 9642 9641
f 9642 10137 9923
f 9852 10134 10098
f 10136 9606 9608
f 9606 10136 9737
f 9737 10136 10102
f 9745 10135 10031
f 10031 10135 10100
f 10135 9567 10097
f 10135 9568 9567
f 9614 10127 10081
f 10126 9874 9991
f 9568 10135 9745
f 10097 9567 9912
f 10098 10134 10099
f 10111 10127 10042
f 9669 10096 9667
f 9804 10115 9939
f 10055 10116 10056
f 10138 9931 10046
f 10126 9991 10080
f 10134 9687 9716
f 10134 9853 9687
f 9853 10134 9852
f 10042 10127 9614
f 10134 9716 10099
f 10132 9667 10096
f 10132 9668 9667
f 9668 10132 9906
f 9906 10132 10019
f 10131 9480 9882
f 9480 10131 10086
f 10129 10130 10083
f 10128 9997 10081
f 9909 10133 10023
f 9817 9500 9502
f 9787 10113 9788
f 10114 10038 9769
f 10047 9676 9782
f 9653 9649 9483
f 10154 10157 10156
f 9655 9482 9513
f 9458 9595 9456
f 9595 9458 9867
f 9548 9641 9549
f 9641 9548 10109
f 9992 9558 9600
f 4112 9861 4135
f 10146 10158 10155
f 10155 10158 10157
f 10131 10158 10146
f 10158 10156 10157
f 10158 10145 10156
f 10158 10131 10145
f 9635 10157 9999
f 10157 9635 10000
f 9861 4112 9434
f 10157 10000 10155
f 9584 9971 10073
f 9583 9971 9584
f 9493 9998 9497
f 9998 9493 9495
f 9486 9562 9734
f 9562 9486 9485
f 9838 9977 9455
f 10072 9555 9554
f 9555 10072 10073
f 4184 9981 4188
f 9971 9583 9845
f 9661 10013 9659
f 9632 9634 9636
f 10042 9614 9615
f 9988 9605 9609
f 9605 9988 9603
f 9981 4184 9590
f 9558 9992 9557
f 9586 9565 9604
f 9565 9586 9563
f 9634 9632 9635
f 10038 10114 10046
f 9525 9800 9799
f 9541 9436 9438
f 9750 10106 9752
f 9752 10106 10036
f 10106 9922 10036
f 9733 10105 9916
f 9916 10105 10103
f 10103 10105 10101
f 10105 9918 10101
f 9869 10104 9868
f 10107 9773 10040
f 10104 9869 9916
f 9868 10104 9983
f 10102 10103 10101
f 9758 10108 9759
f 10040 10108 10107
f 9924 10108 10040
f 10113 9797 10045
f 10115 9937 10054
f 10114 9769 9784
f 10104 9916 10103
f 9800 9525 9524
f 9773 10107 9774
f 10102 9739 9737
f 9471 9473 9469
f 9482 9655 9483
f 9549 9891 9552
f 9891 9549 9642
f 10086 9639 9480
f 9639 10086 9476
f 9473 9471 9475
f 9637 4116 4106
f 10107 9764 9774
f 9436 9541 4132
f 9982 9981 9864
f 9626 9855 9627
f 9855 9626 9550
f 9546 9547 9442
f 9547 9546 9871
f 10054 10139 10115
f 10139 10063 10120
f 9931 10138 10045
f 9981 9982 4188
f 9403 9181 9341
f 8324 9019 8357
f 8552 9013 8314
f 2498 2538 2536
f 2646 2645 1881
f 2538 2645 2646
f 2642 2644 1856
f 2642 2641 2643
f 2633 2635 2636
f 2641 2642 1856
f 2638 2637 2639
f 2638 2639 2011
f 2639 2637 2640
f 2637 2638 2634
f 2633 2632 2635
f 2048 2669 2670
f 2671 2672 2125
f 2615 2614 2609
f 2706 2704 1733
f 2720 2717 2489
f 2498 2536 2496
f 1718 2647 1719
f 2643 2641 1297
f 2635 2632 2630
f 2647 1718 1879
f 2629 2630 2631
f 2629 2628 2047
f 2012 2628 2629
f 2628 2012 2013
f 2625 2624 2627
f 2625 2627 1248
f 2627 2624 1959
f 2717 2718 2719
f 2624 2625 2626
f 2623 1528 1877
f 2622 2621 2477
f 2622 2477 1965
f 2477 2621 1877
f 2621 2622 2371
f 2618 2620 2619
f 2629 2631 2012
f 2632 2633 2634
f 1528 2623 2403
f 2713 2712 2715
f 2713 2715 1753
f 2715 2712 2716
f 2725 2724 2726
f 2724 2723 2719
f 2530 2723 2531
f 2722 2723 2530
f 2723 2722 2719
f 2717 2487 2489
f 2705 2706 1387
f 2704 2705 1552
f 2717 2722 2487
f 2670 2673 2674
f 2687 2686 2685
f 2686 2683 2685
f 2684 2683 2483
f 2684 2483 1630
f 2483 2683 2325
f 2683 2684 2685
f 2676 2682 2677
f 2682 2680 2677
f 1733 2703 1734
f 2670 2669 2223
f 2723 2725 2531
f 2718 2727 2719
f 2712 2713 2714
f 2711 2059 2056
f 2710 2054 2058
f 2057 2709 2435
f 2054 2709 2057
f 2709 2054 2056
f 2708 2707 1280
f 2052 2707 2708
f 2727 2724 2719
f 2707 2052 1794
f 2718 2720 2721
f 2718 2717 2720
f 2722 2717 2719
f 2723 2724 2725
f 2729 2728 2731
f 2729 2731 2636
f 2731 2728 2520
f 2728 2729 2730
f 2705 2704 2706
f 2647 1879 1881
f 2648 1718 1473
f 1884 2034 2033
f 2323 2324 2325
f 2321 2115 2322
f 2320 2319 1527
f 2318 2319 2280
f 2319 2318 1527
f 2318 2210 1305
f 2210 2318 2211
f 1524 2190 2317
f 2324 2323 2326
f 2329 2330 1341
f 2329 1708 2019
f 2334 2337 2338
f 1943 2343 2344
f 2341 362 361
f 2341 2342 1861
f 2307 1363 2309
f 2339 1555 1554
f 1850 2339 2340
f 2330 2329 2019
f 2220 2335 2034
f 2212 2324 2213
f 2308 2327 2311
f 1838 2069 2071
f 2161 2366 2368
f 2366 1942 2367
f 2365 1353 1664
f 2157 1585 2354
f 2364 1323 1530
f 1628 1476 1478
f 1476 1628 1624
f 2324 2212 1310
f 1626 1964 1624
f 2361 2362 2363
f 2252 1570 2345
f 1421 2202 1408
f 1521 2316 1498
f 2202 1421 1423
f 1544 2328 2273
f 2328 1544 1543
f 2140 1793 1406
f 1964 1626 2011
f 2680 2681 2677
f 1708 2329 1341
f 1486 2024 2025
f 2648 1473 1474
f 2479 2656 2658
f 2658 2656 2028
f 2657 1317 1316
f 2664 2039 2041
f 2669 2048 2049
f 2667 2666 2665
f 2667 2665 2411
f 2649 2014 2016
f 2665 2666 2042
f 2665 2042 2044
f 2662 2088 2066
f 2659 2030 2031
f 2663 2036 2429
f 2036 2662 2429
f 2033 2661 2035
f 2660 1884 1887
f 2034 1884 2660
f 2666 2667 2668
f 2334 2335 2336
f 2650 2020 2021
f 2022 2651 2104
f 2024 1486 1803
f 1264 1930 2333
f 2331 1927 1929
f 1927 2331 2332
f 2325 2482 2483
f 2483 2482 1630
f 2482 1494 1630
f 1718 2648 1912
f 2651 2022 2021
f 2656 2479 1317
f 2026 2656 2657
f 2656 2026 2028
f 2654 2655 2217
f 2654 1723 2655
f 1723 2654 1724
f 1721 2653 2025
f 1721 2652 1722
f 2104 2651 2105
f 2657 2656 1317
f 2680 2223 2681
f 2676 2675 2678
f 2676 2678 2679
f 2586 2585 2587
f 2586 2587 2584
f 2587 2585 2588
f 2585 2586 2147
f 2597 1703 2598
f 2597 2598 1688
f 2599 1616 2597
f 2609 2149 2610
f 2589 2590 2591
f 2614 2615 2613
f 2612 2529 2531
f 2529 2611 2199
f 2611 2612 2613
f 2609 2610 1287
f 2608 1716 1717
f 2599 2597 1688
f 2607 2007 2006
f 2006 2606 2004
f 2612 2611 2529
f 2605 2603 2604
f 2589 1243 1833
f 1967 1243 1245
f 2508 2509 1575
f 2513 2515 2516
f 2515 2512 2511
f 2512 2513 2514
f 2509 2508 2510
f 2509 2510 1490
f 2510 2508 2511
f 2553 2554 2555
f 1243 2589 2591
f 2554 2556 1254
f 1544 1702 1701
f 1703 2597 1616
f 2595 2101 2596
f 2595 1263 2101
f 1263 2595 1239
f 2593 2594 1999
f 2592 2593 1999
f 1243 1967 1833
f 2609 2614 2616
f 2513 2512 2515
f 2603 2600 2604
f 2333 2600 2601
f 2574 2575 2576
f 2580 2578 2581
f 2578 2579 2242
f 1990 2577 1991
f 1992 2577 1990
f 2577 1992 1997
f 2574 2573 2575
f 2575 2573 1993
f 2564 2567 1767
f 2568 2566 2565
f 2572 1992 1993
f 2570 1765 2571
f 2570 1767 1765
f 1767 2570 2182
f 2569 1938 1939
f 2250 1421 1501
f 1422 2250 1420
f 1305 1306 1307
f 2573 2574 2545
f 2601 2600 2602
f 2564 2566 2567
f 2469 2558 1944
f 2583 1700 2584
f 2579 2578 2580
f 2554 2553 2556
f 2579 2580 2582
f 2564 2181 2565
f 1767 2181 2564
f 2181 1767 2182
f 2563 1699 1136
f 2566 2564 2565
f 2561 2562 2326
f 2552 1240 2559
f 2552 2559 2560
f 1240 2552 432
f 2505 2476 1241
f 2505 2540 2476
f 2540 2505 2507
f 342 1659 340
f 1242 432 346
f 2561 2333 2562
f 1977 1838 1840
f 2519 2517 2520
f 2518 2517 2519
f 2615 2609 1287
f 2484 2485 2486
f 1453 2526 1454
f 2539 2533 2534
f 2539 2507 2533
f 2507 2539 2540
f 2537 2536 2538
f 2534 2536 2537
f 2617 2618 2619
f 2536 2534 2496
f 2496 2533 2535
f 2533 2496 2534
f 1878 1546 1965
f 2532 1438 1578
f 2529 2528 2530
f 2529 2530 2531
f 2530 2528 2491
f 2528 2529 2199
f 2535 2533 2507
f 2541 2542 2543
f 2693 2694 2690
f 2694 2695 2696
f 2678 2675 2668
f 2675 2676 2677
f 2670 2674 2048
f 2688 2689 2690
f 2691 2688 2692
f 2689 2691 2679
f 2699 2700 2701
f 2702 1795 1382
f 2695 2693 1325
f 2702 1730 1795
f 2700 2699 2698
f 2700 2698 1726
f 2698 2699 2696
f 2697 2698 2696
f 2689 2688 2691
f 2697 1726 2698
f 1726 2697 1725
f 2694 2693 2695
f 1730 2702 1731
f 2518 2519 2521
f 2544 2541 2545
f 1558 360 401
f 2498 2497 2499
f 2496 2497 2498
f 1605 2495 2469
f 2495 1605 1587
f 1453 2494 1298
f 2494 1453 1455
f 2493 1548 1547
f 2488 2487 2490
f 2500 2501 2502
f 2488 2490 2492
f 2487 2488 2489
f 1969 2505 1241
f 2505 1969 2506
f 2505 2506 2507
f 2517 2518 2502
f 2523 2525 2521
f 2525 2522 2474
f 2522 2523 2524
f 2490 2487 2491
f 2542 2544 2546
f 2503 2500 2472
f 2501 2500 2503
f 340 2449 345
f 2552 433 432
f 1560 2551 1562
f 1560 406 2551
f 406 1560 401
f 360 1558 1606
f 2550 1313 1312
f 2542 2541 2544
f 2501 2503 2504
f 2550 1316 1313
f 2548 2547 2542
f 2548 2542 2546
f 2542 2547 2543
f 2547 2548 2549
f 2213 2527 2332
f 2526 1453 1301
f 2556 2553 2557
f 2523 2522 2525
f 1316 2550 2194
f 1658 1657 1659
f 2369 2072 2074
f 1353 2365 1354
f 2343 2402 2344
f 2402 2343 2403
f 2193 2008 2194
f 2398 2400 2401
f 2398 1709 2399
f 1581 2396 1712
f 2396 1581 1583
f 2397 2396 1583
f 2396 2397 1712
f 1696 2392 1697
f 1519 2395 2151
f 2405 2409 2408
f 2410 2321 2407
f 2250 1422 1421
f 2321 2410 2411
f 2422 2423 2424
f 2421 2419 2041
f 2402 2404 2344
f 2404 2402 2403
f 2405 2406 2407
f 2406 2405 2408
f 866 867 868
f 495 494 591
f 494 495 483
f 573 854 855
f 863 864 865
f 862 475 853
f 861 361 364
f 860 849 851
f 2419 2421 2420
f 857 858 859
f 854 573 475
f 396 853 475
f 419 851 852
f 849 850 851
f 1298 1299 1300
f 1300 1299 1301
f 1302 1303 1304
f 2409 2405 2407
f 670 856 419
f 2418 2419 2420
f 2416 2037 2417
f 1553 2415 2030
f 1678 2375 2376
f 1968 1651 1650
f 1641 2373 2374
f 2373 1641 1845
f 1640 2373 1845
f 2372 1449 1284
f 2384 1984 2385
f 2385 1984 1986
f 1663 2359 1665
f 1984 1822 1565
f 1580 2394 1622
f 1691 1860 2393
f 2392 1950 1697
f 1410 2391 1542
f 1334 2390 1335
f 1564 2177 2389
f 1863 2341 1861
f 1561 2386 1559
f 2177 1564 1855
f 851 869 860
f 2167 2287 2249
f 2347 1246 389
f 2415 1553 1742
f 2415 2221 2030
f 1754 2027 1760
f 2414 2413 2020
f 2413 2414 2294
f 2330 2413 2294
f 2413 2330 2020
f 2412 2410 2407
f 1246 1973 1974
f 2410 2412 2411
f 1519 2150 1522
f 2150 1519 2151
f 1579 1621 1272
f 1675 2356 2357
f 2382 2173 2383
f 2171 2380 2381
f 2380 2377 2379
f 2377 2378 2379
f 2395 1519 1594
f 870 871 872
f 904 901 902
f 905 898 906
f 1041 1039 1042
f 1040 1039 1041
f 1039 1040 998
f 1037 1038 963
f 1036 411 1034
f 1034 411 1035
f 1033 1031 1032
f 1056 1033 1057
f 1043 1044 1045
f 1057 1033 1032
f 900 995 939
f 1070 924 1071
f 1000 1046 1048
f 1069 1000 1048
f 923 1066 1068
f 1066 1067 1068
f 1000 1030 1001
f 1034 1064 1065
f 1057 965 1056
f 932 971 892
f 1046 1047 1048
f 980 1049 1050
f 1025 940 939
f 862 853 937
f 1088 1086 926
f 998 888 890
f 1086 1088 891
f 931 1087 935
f 1087 931 926
f 1085 885 357
f 1044 1040 1045
f 927 1086 891
f 1073 1075 947
f 1047 1072 1048
f 1031 1030 1032
f 924 1070 1003
f 882 884 1055
f 957 1052 1054
f 1052 957 1053
f 1051 1052 1053
f 1086 927 926
f 1828 2388 1686
f 1054 1062 1063
f 1059 1060 978
f 873 876 877
f 873 874 875
f 899 538 900
f 901 420 902
f 901 847 903
f 916 917 918
f 885 929 930
f 926 927 928
f 878 879 880
f 923 924 925
f 917 920 918
f 917 919 920
f 885 914 915
f 847 901 904
f 913 886 912
f 886 911 912
f 886 910 911
f 907 908 909
f 888 921 922
f 979 1060 1061
f 875 879 878
f 882 883 884
f 1058 1045 1040
f 1041 1058 1040
f 855 862 1008
f 932 931 934
f 934 931 935
f 582 783 473
f 783 582 739
f 931 932 933
f 881 878 880
f 869 670 860
f 896 541 526
f 895 420 419
f 852 895 419
f 517 893 894
f 891 892 889
f 888 889 890
f 886 887 867
f 885 358 357
f 897 898 870
f 2388 1828 1830
f 2388 1684 1686
f 1606 1851 1607
f 2308 2306 2309
f 1911 2305 1906
f 2307 2305 1474
f 2289 1774 1903
f 2287 1897 2249
f 1517 1784 1518
f 1467 1894 1464
f 2267 2268 2266
f 1914 2310 1915
f 2264 2263 2266
f 2262 1445 1446
f 1635 2001 1637
f 2261 2260 1737
f 2260 2261 2255
f 1892 2259 1577
f 1434 2258 1435
f 1434 2257 1437
f 2256 2254 2255
f 2263 2264 2265
f 2254 2256 1431
f 2297 1411 1413
f 2305 2306 1906
f 2293 2230 2294
f 2230 2293 2231
f 2290 2291 1294
f 2291 2290 2292
f 2290 1293 346
f 1293 2290 1294
f 2102 1476 1625
f 2303 1248 1247
f 1491 2251 1418
f 2303 1499 2304
f 2312 2108 2313
f 1573 1354 2315
f 1511 1689 1512
f 1689 1511 1637
f 2110 1741 2113
f 2314 2112 2113
f 2112 2314 2197
f 1503 1907 2311
f 1499 2303 1247
f 2232 2295 1351
f 1430 2254 1431
f 2252 1427 2253
f 2356 1600 2357
f 1588 1952 1695
f 1952 1588 1587
f 1584 2353 1585
f 2353 1584 2355
f 1585 2353 2354
f 2187 2288 1948
f 1934 2351 2352
f 1408 2202 1409
f 1916 2351 1915
f 2285 2349 2286
f 2262 2270 1922
f 2347 2348 1975
f 1570 2346 2345
f 1570 2252 2253
f 2358 1611 1652
f 1265 2359 1266
f 1283 2360 1284
f 2349 2285 2350
f 2254 1430 2255
f 2370 2260 2255
f 1784 1517 1787
f 2268 2267 2269
f 2267 2270 2269
f 2268 2226 2228
f 1459 2281 2282
f 1462 2285 2286
f 1460 1262 1340
f 1262 1460 1263
f 2094 2284 2091
f 2316 1521 1522
f 2224 2284 1338
f 2279 2275 2280
f 1457 2258 2271
f 2275 2279 2276
f 2274 2277 2211
f 2277 2274 2278
f 2274 2275 2276
f 1762 2272 2066
f 2272 1762 2273
f 2281 1459 2283
f 2162 2369 2163
f 2295 2232 2231
f 1489 2297 1413
f 1808 1566 344
f 2465 2466 1482
f 2477 1878 1965
f 2480 2481 1314
f 2480 2479 2481
f 2479 2480 1317
f 2478 2213 2332
f 1293 1292 1962
f 1566 1808 1596
f 1878 2477 1877
f 2466 1849 1482
f 2471 2470 2473
f 2471 2473 2475
f 2473 2470 2474
f 2470 2471 2472
f 2468 1605 2469
f 1849 2466 2467
f 1660 2453 2455
f 1241 2476 1239
f 2454 2453 1662
f 2456 2457 2458
f 2327 1792 2311
f 2387 1953 1607
f 1953 2387 2131
f 2423 2422 2417
f 2421 2422 2424
f 2416 2040 2425
f 2453 1660 1662
f 1246 2145 580
f 2138 2337 2139
f 1784 1593 1518
f 2464 2136 1583
f 2462 2461 2455
f 2461 2462 1668
f 1667 2461 1668
f 2461 1667 2455
f 1713 2459 2441
f 2459 1713 2460
f 1394 2459 2460
f 2459 1394 2441
f 1758 2122 2463
f 2192 1484 2296
f 2423 2426 2427
f 2440 2439 1392
f 2451 2448 2450
f 2448 2451 2449
f 2103 1776 2078
f 2444 2314 1739
f 2447 2095 2092
f 2281 1642 2446
f 1642 2281 1643
f 1744 2444 1739
f 2452 1779 2148
f 2444 1744 2445
f 1639 2371 1638
f 1633 1966 1636
f 1966 1633 1638
f 1896 2288 2247
f 2302 2277 2278
f 2277 2302 2211
f 2300 2301 2035
f 2298 2299 2130
f 2314 2444 2445
f 2453 2454 2455
f 1779 2452 1780
f 2451 2452 2148
f 2439 2440 2441
f 2438 2436 2435
f 2438 2433 1796
f 2434 2060 2437
f 2436 2057 2435
f 2434 2053 2435
f 2432 1538 1377
f 2432 2433 2052
f 2452 2451 1780
f 2431 2430 1731
f 1385 2430 1275
f 2430 1385 1731
f 2222 2051 2425
f 2428 2426 2429
f 2439 1391 1392
f 1391 2439 2441
f 2061 2442 2443
f 2448 2449 2450
f 2430 2431 1275
f 940 1025 1026
f 1654 1567 1655
f 1611 1651 1652
f 1943 1513 1926
f 353 1942 354
f 1941 353 580
f 1940 405 845
f 1938 1563 1939
f 1936 1935 1937
f 1931 1798 1933
f 1244 391 362
f 1932 1432 1577
f 1931 1932 1577
f 1928 1930 1929
f 1927 1928 1929
f 1924 1925 1926
f 1244 1923 1245
f 1889 1890 1404
f 1884 1886 1887
f 1946 1866 1537
f 1934 1935 1913
f 1920 1921 1922
f 1919 1918 1875
f 1917 1918 1919
f 2054 2057 2058
f 1826 1600 1602
f 1888 1630 1494
f 1916 1389 1398
f 1913 1914 1915
f 1905 1909 1911
f 1905 1911 1906
f 1911 1909 1912
f 1884 1885 1886
f 1909 1905 1910
f 1904 1905 1906
f 1899 1902 1903
f 1901 1900 1773
f 1899 1900 1898
f 1896 1897 1898
f 1893 1894 1895
f 1892 1438 1437
f 1891 1432 1431
f 1904 1907 1908
f 1584 1854 1568
f 1851 1852 1853
f 1848 1849 1850
f 1870 1867 1871
f 1657 1859 1659
f 1867 1868 1869
f 1865 1866 1469
f 1658 1864 1656
f 1861 1862 1863
f 1858 1669 1670
f 1859 1860 1659
f 1868 1867 1870
f 1944 1945 1554
f 2054 2055 2056
f 1837 1521 1498
f 2012 2010 2013
f 2009 2010 2011
f 2007 2008 2006
f 2004 2005 2006
f 1705 2002 2003
f 1999 2001 2000
f 1901 1947 1948
f 2061 2062 2063
f 1873 1874 1875
f 1876 1878 1877
f 1847 1841 1843
f 1641 1846 1845
f 1844 1640 1845
f 1841 1842 1843
f 1838 1839 1840
f 1725 1836 1837
f 1834 1629 1835
f 1612 1833 1613
f 1528 1876 1877
f 1832 1649 1648
f 1828 1827 1830
f 1827 1828 1829
f 1687 1703 1855
f 1690 1856 1857
f 1657 1858 1859
f 1868 1870 1872
f 1882 1883 1724
f 1879 1880 1881
f 1828 1831 1829
f 2202 1295 1409
f 1880 2203 1881
f 2204 2205 1523
f 1350 2232 1351
f 1342 2230 2231
f 2227 2226 2229
f 2226 2227 2228
f 1337 2224 1338
f 2224 1337 2225
f 2222 2043 2223
f 2218 2221 2111
f 2233 1532 1367
f 2220 2219 1401
f 1531 2237 1372
f 2236 1531 1533
f 2238 2239 2240
f 1890 1400 1404
f 1417 2250 1501
f 1540 2248 2249
f 2246 1541 2247
f 2246 1414 1415
f 2218 2219 1887
f 2245 1411 1501
f 1534 2234 1790
f 2236 1355 1362
f 2119 2120 1424
f 2117 2118 1997
f 2116 2058 1734
f 2116 1989 1991
f 2039 2115 2044
f 2112 1814 2113
f 2101 1263 1461
f 2110 1782 2111
f 2234 2235 1790
f 2107 2108 2109
f 2022 2104 2084
f 2103 2104 2105
f 1768 2102 1625
f 2171 2137 2170
f 2172 2173 1672
f 2059 2060 2056
f 2216 2214 2217
f 1359 2237 1362
f 2106 1888 1494
f 1998 1999 2000
f 1408 2245 1501
f 2239 2238 1369
f 1987 2178 2179
f 1856 2160 1857
f 1703 2177 1855
f 1936 2200 2201
f 1626 2009 2011
f 1296 2202 1423
f 2208 2207 2209
f 1308 2212 2213
f 2165 2180 2166
f 2212 1308 1310
f 2207 1308 2209
f 2208 2210 2211
f 2210 2208 1305
f 2207 2208 1309
f 2202 1296 1295
f 1299 2204 1523
f 2204 1299 2206
f 2205 2204 2206
f 1308 2207 1309
f 1889 2244 1917
f 1609 2181 2182
f 1865 2185 2186
f 1388 2243 1393
f 2243 1388 1390
f 2241 2243 1390
f 2241 1393 2243
f 1393 2241 2242
f 2238 1373 1369
f 2214 2216 1509
f 2214 1882 1724
f 1253 2183 2184
f 2174 2175 2176
f 1288 2198 2199
f 2196 2195 2197
f 2195 2196 1281
f 2192 2193 2194
f 2189 2190 2191
f 2188 1998 2000
f 2187 1255 1257
f 2185 2183 2186
f 1882 2214 2215
f 1992 1995 1997
f 1994 1995 1996
f 1992 1990 1993
f 516 412 411
f 407 363 362
f 363 407 368
f 355 465 353
f 465 355 352
f 353 465 580
f 356 355 354
f 518 409 410
f 845 434 433
f 542 539 538
f 805 414 413
f 532 554 533
f 554 532 535
f 509 423 506
f 423 509 418
f 670 419 416
f 409 518 517
f 780 466 781
f 414 805 707
f 466 780 469
f 434 583 439
f 442 377 374
f 688 621 689
f 559 639 638
f 505 644 522
f 644 505 643
f 392 407 391
f 407 392 576
f 403 845 405
f 845 403 583
f 583 434 845
f 683 418 509
f 418 683 598
f 597 497 498
f 497 597 594
f 673 591 494
f 591 673 589
f 485 496 484
f 378 649 381
f 377 442 437
f 496 485 584
f 698 697 699
f 846 782 781
f 359 398 360
f 789 752 751
f 752 789 818
f 550 769 636
f 814 598 683
f 598 814 787
f 594 820 794
f 820 594 674
f 463 782 461
f 749 788 816
f 782 463 785
f 422 847 802
f 847 422 420
f 633 549 551
f 549 633 558
f 544 539 542
f 539 544 631
f 429 373 372
f 373 429 428
f 737 778 734
f 782 846 461
f 843 757 756
f 346 562 431
f 398 359 399
f 397 359 358
f 359 397 399
f 455 573 588
f 573 455 454
f 393 665 467
f 402 435 481
f 480 436 477
f 562 346 432
f 436 480 478
f 781 351 846
f 435 402 436
f 504 681 502
f 681 504 524
f 430 366 347
f 366 430 429
f 563 428 430
f 428 563 427
f 665 393 390
f 2121 2017 2019
f 697 698 615
f 689 824 764
f 2022 2023 2021
f 1958 1249 1248
f 1564 1984 1565
f 1867 1902 1871
f 1984 1985 1986
f 1923 1967 1245
f 1965 1966 1638
f 1624 1964 1625
f 2024 1721 2025
f 1293 1961 1963
f 1958 1959 1960
f 1955 1956 1957
f 1618 1954 1619
f 1953 1608 1607
f 1951 1952 1587
f 1605 1951 1587
f 1951 1605 1604
f 1620 346 345
f 1961 1293 1962
f 1949 1950 1514
f 2026 2027 2028
f 2030 2029 2031
f 1989 1990 1991
f 1988 1093 357
f 1826 1093 1988
f 1987 1698 1697
f 1249 1958 1960
f 1879 1718 1912
f 2014 2015 2016
f 2017 2018 2019
f 1886 2029 1887
f 2036 2037 2038
f 2050 2051 2049
f 2048 2046 2049
f 2045 2046 2047
f 2042 2043 2044
f 2039 2040 2041
f 1884 2033 2035
f 2020 2018 2021
f 2032 2033 2034
f 2052 2053 1794
f 824 689 621
f 1520 1247 1924
f 1241 1240 1969
f 677 793 503
f 793 677 678
f 503 793 511
f 714 537 629
f 550 640 547
f 640 550 549
f 537 714 536
f 628 548 535
f 679 700 680
f 548 628 546
f 529 635 530
f 635 529 527
f 639 559 641
f 631 767 632
f 623 802 847
f 802 623 624
f 680 825 620
f 825 680 763
f 624 529 528
f 1968 1654 1655
f 700 679 604
f 763 690 764
f 1970 1971 1972
f 1982 1980 1840
f 1980 1970 1976
f 1980 1976 1840
f 1976 1970 1972
f 1970 1980 1974
f 1981 1980 1982
f 1981 1982 1983
f 690 763 680
f 1980 1981 1974
f 1977 1976 1978
f 1977 1978 1979
f 1978 1976 1972
f 1976 1977 1840
f 1971 1970 1973
f 1971 1973 1975
f 374 446 564
f 446 374 376
f 1973 1970 1974
f 1651 1653 1652
f 2087 2114 2016
f 2089 2097 2098
f 1712 1713 1710
f 1709 1710 1711
f 1705 1708 1706
f 1704 1706 1707
f 1704 1705 1706
f 1615 1703 1616
f 1544 1701 1545
f 1700 1701 1702
f 1699 1208 1136
f 1696 1697 1698
f 1674 1588 1695
f 1661 1694 1662
f 1675 1693 1676
f 1590 1676 1693
f 1714 1715 1281
f 1716 1715 1717
f 1473 1718 1719
f 1710 1713 1711
f 1757 1755 1750
f 1691 1673 1692
f 1758 1759 1760
f 1795 1730 1796
f 1797 1798 1545
f 1809 1812 1807
f 1822 1571 1565
f 1818 1820 1821
f 1818 1694 1819
f 1816 1817 1597
f 1813 1814 1815
f 1738 1739 1740
f 1813 1405 1783
f 1799 1628 1478
f 1569 1808 344
f 1807 1808 1569
f 1805 1804 1806
f 1330 1804 1688
f 1315 1802 1803
f 1799 1800 1801
f 1762 1763 1702
f 1809 1810 1811
f 1754 1755 1756
f 1751 1752 1753
f 1748 1749 1750
f 1388 1389 1390
f 1385 1386 1387
f 1380 1384 1376
f 1380 1376 1379
f 1376 1384 1377
f 1384 1380 1382
f 1383 1380 1379
f 1380 1381 1382
f 1391 1388 1392
f 1402 1405 1406
f 1410 1407 1409
f 1429 1430 1431
f 1442 1443 1444
f 1439 1440 1441
f 1438 1436 1437
f 1436 1434 1437
f 1433 1434 1435
f 1432 1429 1431
f 1407 1408 1409
f 1795 1384 1382
f 1388 1393 1392
f 1395 1394 1397
f 1743 1746 1747
f 1743 1744 1745
f 1740 1741 1742
f 1735 1736 1737
f 1720 1721 1722
f 1732 1733 1734
f 1732 1728 1387
f 1727 1730 1731
f 1394 1395 1396
f 1727 1728 1729
f 1720 1723 1724
f 1561 1481 1483
f 1481 1560 1562
f 1560 1561 1559
f 1376 1378 1379
f 1402 1403 1404
f 1399 1400 1401
f 1395 1398 1396
f 1725 1497 1726
f 1764 1765 1766
f 1765 1767 1766
f 1768 1769 1770
f 1677 1674 1676
f 1674 1675 1676
f 1672 1673 1670
f 1666 1672 1670
f 1667 1666 1669
f 1667 1669 1671
f 1669 1666 1670
f 1666 1667 1668
f 1678 1679 1680
f 1664 1663 1665
f 1624 1628 1627
f 1626 1624 1627
f 1476 1624 1625
f 1579 1269 1580
f 1438 1576 1578
f 1432 1576 1577
f 1492 1256 1575
f 1349 1468 1557
f 1323 1629 1320
f 1574 1442 1444
f 1681 1678 1680
f 1683 1584 1586
f 1611 1650 1651
f 1647 1648 1649
f 1644 1645 1646
f 1641 1642 1643
f 1591 1640 1592
f 1639 1638 1634
f 1638 1633 1634
f 1511 1633 1635
f 1682 1681 1680
f 1511 1635 1637
f 1633 1511 1634
f 1630 1631 1632
f 1656 1657 1658
f 1660 1661 1662
f 1419 2251 1291
f 1366 1663 1367
f 1683 1686 1685
f 1684 1685 1686
f 1635 1633 1636
f 1428 1424 1426
f 1571 1572 1573
f 1421 1408 1501
f 1519 1593 1594
f 1593 1519 1518
f 1687 1334 1688
f 1653 1689 1652
f 1690 1410 1409
f 1748 1759 1761
f 1793 1794 1406
f 1791 1792 1789
f 1595 1507 1509
f 1788 1789 1790
f 1786 1784 1787
f 1593 1784 1785
f 1399 1782 1783
f 1778 1777 1781
f 1778 1779 1780
f 1775 1776 1777
f 1771 1774 1770
f 1771 1772 1773
f 1784 1786 1747
f 1570 389 388
f 1596 1582 1597
f 1600 1601 1602
f 354 1569 344
f 1567 1568 1512
f 344 1566 342
f 1564 1565 1556
f 1563 845 433
f 1561 1560 1481
f 1581 1582 1583
f 1584 1585 1586
f 1598 1441 1599
f 1587 1588 1589
f 1621 1622 1623
f 1620 1618 1617
f 1617 1618 1619
f 1614 1615 1616
f 1611 1612 1613
f 1609 1610 1338
f 1603 1604 1605
f 1590 1591 1592
f 1606 1607 1608
f 1411 1412 1413
f 1427 1428 1426
f 1424 1425 1426
f 1309 1493 1310
f 1492 1489 1413
f 1488 1491 1418
f 1488 1489 1490
f 1486 1485 1312
f 1572 1823 1598
f 1601 1824 1602
f 1825 1826 1602
f 1494 1493 1495
f 2045 2124 2125
f 1971 2147 1972
f 1603 1824 1604
f 1824 2146 1602
f 2145 1941 580
f 2142 2143 2144
f 2140 1815 2141
f 1919 2139 1917
f 2138 1874 2128
f 1833 1967 1613
f 2135 2136 2137
f 1486 1487 1485
f 1326 1499 1500
f 1462 1463 1464
f 1336 1460 1340
f 1263 1460 1461
f 1459 357 360
f 1319 1456 1458
f 1456 1457 1458
f 1453 1452 1455
f 1452 1453 1454
f 1496 1497 1498
f 1303 1451 1304
f 1481 1482 1483
f 1484 1312 1485
f 1499 1247 1500
f 1504 1505 1506
f 1440 1503 1441
f 1289 1491 1502
f 1411 1417 1501
f 1398 1389 1396
f 1479 1480 1466
f 1465 1463 1466
f 2132 2134 1846
f 2131 2132 1846
f 2137 2169 2170
f 2121 2003 1781
f 2092 2090 2093
f 2089 2090 2091
f 2050 2088 2038
f 2087 2085 1761
f 2081 2085 2086
f 2079 2082 2084
f 2007 2122 2123
f 2081 2082 2083
f 2076 2077 2078
f 2075 2073 2068
f 2072 2073 2074
f 2067 2070 1763
f 2069 2070 2071
f 2067 2065 2068
f 2064 2065 2066
f 2094 2095 2096
f 2079 2077 2080
f 2133 2134 2132
f 2075 2124 2013
f 1925 1834 1835
f 2129 2127 2130
f 2126 2127 2128
f 1956 2148 1957
f 2149 2150 2151
f 2152 2153 2154
f 1240 1293 1963
f 2169 1812 2170
f 1246 1981 1983
f 2157 2158 2159
f 1981 1246 1974
f 2167 2168 2154
f 1682 2106 1681
f 1293 1240 1242
f 2155 2156 1960
f 2164 2165 2166
f 1839 2162 2163
f 1839 1982 1840
f 2160 2161 1857
f 2168 2152 2154
f 2099 2097 2100
f 1467 1468 1469
f 1473 1471 1474
f 1307 1306 1301
f 1341 1342 1343
f 1344 1345 1346
f 1345 1343 1346
f 1368 1365 1369
f 1374 1369 1371
f 1373 1368 1369
f 1365 1370 1371
f 1308 1309 1310
f 1365 1371 1369
f 1370 1365 1367
f 1365 1366 1367
f 1344 1347 1348
f 1361 1363 1364
f 1361 1359 1362
f 1358 1359 1360
f 1355 1356 1357
f 1352 1353 1354
f 1371 1370 1372
f 1349 1350 1351
f 1311 1312 1313
f 1313 1316 1317
f 1421 1422 1423
f 1416 1419 1420
f 1416 1417 1418
f 1414 1412 1415
f 1376 1375 1378
f 1378 1375 1278
f 1443 1445 1447
f 1375 1376 1377
f 1311 1314 1315
f 1339 1336 1340
f 1333 1334 1335
f 1330 1331 1332
f 1327 1328 1329
f 1324 1325 1326
f 1319 1323 1320
f 1320 1321 1318
f 1321 1320 1322
f 1318 1319 1320
f 1336 1337 1338
f 1470 1471 1472
f 1445 1442 1446
f 1558 401 1559
f 1554 1555 1556
f 1549 1553 1286
f 1550 1551 1552
f 1282 1549 1286
f 1543 1544 1545
f 1536 1475 1537
f 1540 1541 1542
f 1504 1274 1539
f 1465 1347 1557
f 1375 1538 1276
f 1276 1538 1280
f 1538 1375 1377
f 1514 1515 1516
f 1510 406 405
f 1448 1449 1450
f 1507 1508 1509
f 1476 1477 1478
f 1470 1475 1364
f 1375 1276 1278
f 1443 1442 1445
f 1479 1292 1294
f 1358 1535 1372
f 1511 1512 1513
f 1531 1532 1533
f 1532 1370 1367
f 1370 1531 1372
f 1323 1529 1530
f 1457 1528 1458
f 1525 1526 1523
f 1527 1526 1525
f 1546 1547 1548
f 1453 1300 1301
f 1301 1526 1307
f 1523 1524 1525
f 1521 1519 1522
f 1520 1519 1521
f 1519 1520 1518
f 1517 1518 1516
f 1531 1370 1532
f 1534 1356 1533
f 1300 1453 1298
f 470 466 469
f 996 1025 939
f 899 900 939
f 4847 4282 11097
f 4751 4583 11095
f 4946 5795 11093
f 5281 4356 11091
f 5148 5145 11089
f 4777 4032 11087
f 4032 4034 11085
f 5710 5284 11083
f 4417 5150 11081
f 4057 5521 11079
f 5626 4056 11077
f 10613 10220 10221
f 819 701 512
f 793 792 819
f 818 817 752
f 682 817 818
f 675 749 816
f 4945 4953 11099
f 3856 5446 11101
f 5521 5520 11103
f 5515 5522 11105
f 5530 4776 11134
f 5145 5474 11133
f 6042 5710 11084
f 4953 5527 11130
f 5473 4945 11128
f 3853 4508 11126
f 6169 5626 11078
f 4557 6169 11123
f 816 750 675
f 3851 3853 11121
f 4411 4357 11117
f 4357 5281 11116
f 5474 5473 11114
f 5526 5530 11113
f 5529 5526 11111
f 5524 3855 11109
f 5522 5524 11107
f 5520 5515 11106
f 5247 5148 11119
f 669 748 815
f 815 788 669
f 748 787 815
f 804 743 741
f 735 736 804
f 804 741 735
f 779 785 804
f 736 779 804
f 705 767 807
f 768 708 808
f 708 805 808
f 804 785 743
f 811 809 812
f 693 759 826
f 422 802 801
f 801 771 422
f 801 800 771
f 773 800 801
f 721 773 801
f 646 717 800
f 800 720 646
f 810 413 746
f 5023 6119 11136
f 803 775 725
f 803 777 572
f 683 753 814
f 820 674 821
f 823 618 620
f 678 618 823
f 823 791 678
f 823 796 791
f 765 798 825
f 825 823 620
f 803 725 728
f 763 765 825
f 825 798 796
f 807 767 768
f 768 806 807
f 805 708 707
f 808 806 768
f 728 730 803
f 730 777 803
f 572 775 803
f 796 823 825
f 6119 4946 11138
f 4283 5247 11139
f 6004 4847 11141
f 450 451 11243
f 395 449 11241
f 376 375 11239
f 485 484 11237
f 486 485 11235
f 471 383 11233
f 383 394 11232
f 424 448 11230
f 784 778 11244
f 448 560 11228
f 704 634 11224
f 581 704 11222
f 711 641 11220
f 641 556 11219
f 553 711 11217
f 666 667 11215
f 607 692 11214
f 605 607 11212
f 556 555 11226
f 667 471 11210
f 742 578 11196
f 595 794 11249
f 795 761 11280
f 798 797 11278
f 796 798 11277
f 761 796 11275
f 848 370 11274
f 740 848 11272
f 521 553 11218
f 688 605 11269
f 812 809 11247
f 621 688 11267
f 649 378 11263
f 484 497 11261
f 497 595 11260
f 451 592 11258
f 757 843 11256
f 830 812 11254
f 762 764 11252
f 764 824 11251
f 375 395 11265
f 800 773 720
f 727 729 11208
f 726 727 11205
f 4555 4557 11165
f 4583 4582 11164
f 4582 4584 11150
f 3854 3856 11162
f 3855 3854 11160
f 4056 4057 11158
f 4356 6004 11142
f 5938 5023 11156
f 370 3851 11122
f 5795 6042 11132
f 5284 4648 11152
f 4648 4133 11151
f 4584 5856 11149
f 5856 4411 11118
f 5527 5529 11146
f 5150 4555 11144
f 4507 4751 11096
f 4508 4507 11143
f 5446 5938 11154
f 729 571 11206
f 4776 4777 11168
f 4102 424 11171
f 449 726 11203
f 741 742 11201
f 737 735 11199
f 735 741 11197
f 578 740 11195
f 724 649 11193
f 560 724 11191
f 592 486 11189
f 4282 4283 11169
f 567 376 11187
f 445 567 11184
f 555 581 11182
f 571 570 11180
f 570 569 11179
f 569 450 11177
f 4034 4417 11175
f 4402 4102 11172
f 4133 4402 11173
f 378 445 11185
f 717 771 800
f 799 770 715
f 799 715 625
f 760 617 606
f 762 763 764
f 763 762 765
f 760 698 617
f 615 698 760
f 760 755 615
f 603 694 755
f 754 602 415
f 686 755 760
f 754 415 472
f 685 684 754
f 754 684 602
f 754 472 744
f 585 669 788
f 676 750 789
f 789 751 676
f 788 749 585
f 787 748 598
f 744 685 754
f 785 779 782
f 519 521 759
f 755 613 615
f 747 495 591
f 747 499 584
f 584 668 747
f 591 590 747
f 590 499 747
f 492 489 749
f 750 676 672
f 672 675 750
f 755 686 603
f 751 752 596
f 753 683 600
f 751 596 500
f 500 676 751
f 755 694 613
f 759 693 519
f 699 697 756
f 756 697 696
f 756 757 699
f 600 682 753
f 747 668 495
f 786 745 666
f 463 743 785
f 571 729 776
f 728 725 776
f 776 729 728
f 656 654 776
f 776 725 656
f 658 725 775
f 963 1022 1037
f 1111 963 897
f 776 654 571
f 1147 972 541
f 1194 871 870
f 907 1194 870
f 1194 907 1193
f 907 909 623
f 907 1192 1193
f 1192 907 623
f 871 1192 623
f 1192 871 1193
f 871 1194 1193
f 412 746 413
f 775 653 658
f 478 651 777
f 781 782 779
f 779 780 781
f 779 736 780
f 458 468 778
f 468 734 778
f 394 473 783
f 778 738 458
f 739 738 784
f 777 730 650
f 696 610 790
f 678 791 792
f 595 594 794
f 792 793 678
f 765 797 798
f 797 765 762
f 796 795 791
f 761 795 796
f 777 650 478
f 790 756 696
f 778 737 11282
f 748 669 670
f 748 670 416
f 811 810 828
f 786 809 828
f 745 786 828
f 827 805 413
f 413 810 827
f 827 810 811
f 827 808 805
f 808 827 829
f 828 809 811
f 830 806 829
f 832 831 813
f 807 831 832
f 832 813 766
f 832 766 705
f 705 807 832
f 831 806 830
f 831 807 806
f 811 812 829
f 829 827 811
f 599 701 836
f 806 808 829
f 844 842 838
f 799 612 611
f 611 716 799
f 799 625 612
f 716 770 799
f 840 815 787
f 787 834 840
f 840 788 815
f 816 788 840
f 829 812 830
f 840 833 816
f 756 790 843
f 842 835 795
f 701 819 841
f 841 836 701
f 844 841 835
f 835 842 844
f 822 837 844
f 844 838 822
f 790 839 843
f 416 598 748
f 836 820 821
f 791 795 835
f 774 723 628
f 774 628 536
f 772 714 713
f 536 714 774
f 773 721 722
f 772 719 722
f 722 723 772
f 772 713 645
f 774 772 723
f 645 719 772
f 421 422 771
f 771 717 417
f 645 713 770
f 713 715 770
f 770 716 644
f 770 644 645
f 749 675 492
f 489 585 749
f 417 421 771
f 835 792 791
f 714 772 774
f 767 705 632
f 787 814 834
f 834 814 753
f 833 818 789
f 833 789 750
f 750 816 833
f 821 599 836
f 837 822 794
f 794 820 837
f 634 705 766
f 820 836 837
f 693 826 839
f 839 790 610
f 767 709 768
f 769 550 547
f 769 635 622
f 547 545 769
f 545 635 769
f 631 709 767
f 610 693 839
f 953 918 1023
f 394 783 11283
f 692 758 11286
f 556 11227 11219
f 711 11342 11217
f 485 11341 11235
f 692 11287 11214
f 667 11211 11215
f 471 11234 11210
f 729 11207 11208
f 741 11202 11197
f 735 11198 11199
f 724 11194 11191
f 484 11262 11340
f 621 11268 11339
f 378 11186 11263
f 375 11266 11239
f 581 11223 11182
f 555 11183 11226
f 449 11204 11338
f 711 11221 11342
f 424 11343 11171
f 448 11229 11230
f 370 11167 11344
f 571 11181 11337
f 592 11190 11258
f 649 11264 11193
f 595 11250 11349
f 812 11248 11254
f 824 11315 11251
f 485 11238 11341
f 424 11231 11343
f 569 11336 11179
f 838 11302 11348
f 761 11347 11346
f 761 11346 11280
f 449 11338 11241
f 376 11240 11187
f 451 11259 11243
f 484 11340 11237
f 486 11236 11189
f 394 11345 11232
f 838 11348 11293
f 571 11337 11206
f 569 11178 11336
f 567 11335 11184
f 6169 11125 11123
f 5530 11330 11113
f 5530 11135 11330
f 4034 11329 11085
f 4557 11124 11165
f 4034 11176 11329
f 5281 11092 11116
f 5284 11153 11083
f 5473 11129 11114
f 5474 11115 11133
f 5522 11108 11105
f 5521 11104 11319
f 5023 11137 11156
f 3855 11161 11328
f 4945 11100 11324
f 4953 11327 11099
f 4946 11321 11326
f 4946 11326 11138
f 5524 11110 11107
f 395 11242 11265
f 5527 11147 11130
f 5938 11331 11332
f 560 11192 11228
f 4133 11174 11334
f 4282 11170 11097
f 4582 11163 11164
f 3856 11102 11162
f 4056 11159 11077
f 5938 11157 11331
f 5247 11120 11139
f 4953 11131 11327
f 4133 11334 11151
f 4555 11166 11144
f 3855 11328 11109
f 5529 11112 11333
f 5529 11333 11146
f 4777 11088 11318
f 4945 11325 11128
f 4283 11140 11169
f 5938 11332 11154
f 5856 11148 11149
f 727 11350 11205
f 727 11209 11350
f 688 11270 11267
f 11374 11375 8855
f 11372 11373 8854
f 11370 11371 9374
f 11368 11369 9248
f 11366 11367 8087
f 11364 11365 9247
f 11362 11363 8856
f 11360 11361 9211
f 11376 11377 8433
f 8086 8087 11388
f 8126 8125 11385
f 8124 8123 11383
f 8084 8083 11382
f 8083 8433 11380
f 8123 8856 11378
f 8433 8855 11376
f 8855 8854 11374
f 8854 8126 11372
f 8125 8124 11386
f 9374 9247 11370
f 11378 11379 8123
f 11382 11364 8084
f 8123 11379 11383
f 8087 11367 11388
f 8083 11391 11382
f 8083 11381 11391
f 8433 11377 11380
f 8086 11389 11360
f 8856 11363 11378
f 8855 11375 11376
f 11380 11381 8083
f 8854 11373 11374
f 9374 11371 11368
f 9248 11369 11366
f 9247 11365 11390
f 9211 11361 11362
f 11388 11389 8086
f 11386 11387 8125
f 11385 11372 8126
f 11383 11384 8124
f 9247 11390 11370
f 4945 11324 11325
f 9248 9374 11368
f 9247 8084 11364
f 737 11356 11282
f 762 11253 11316
f 826 11355 11291
f 605 11213 11269
f 761 11276 11347
f 786 11285 11354
f 740 11273 11353
f 740 11353 11195
f 737 11200 11356
f 742 11352 11201
f 394 11284 11345
f 595 11349 11260
f 798 11279 11277
f 370 11344 11274
f 567 11188 11335
f 521 11271 11288
f 704 11351 11222
f 704 11225 11351
f 742 11246 11352
f 8087 9248 11366
f 784 11245 11295
f 830 11255 11297
f 8856 9211 11362
f 9211 8086 11360
f 797 11317 11359
f 797 11359 11278
f 621 11339 11314
f 822 11358 11313
f 822 11294 11358
f 783 11312 11283
f 739 11296 11311
f 813 11357 11310
f 786 11354 11308
f 809 11309 11247
f 826 11307 11355
f 759 11289 11306
f 757 11257 11304
f 758 11305 11286
f 843 11303 11256
f 831 11298 11299
f 813 11300 11357
f 4847 11098 11141
f 5150 11145 11323
f 5150 11323 11081
f 11151 11152 4648
f 11149 11150 4584
f 11118 11148 5856
f 11146 11147 5527
f 11144 11145 5150
f 11096 11143 4507
f 11143 11126 4508
f 11141 11142 6004
f 11152 11153 5284
f 11139 11140 4283
f 11136 11137 5023
f 11134 11135 5530
f 11133 11089 5145
f 11084 11132 6042
f 11130 11131 4953
f 11128 11129 5473
f 11126 11127 3853
f 11078 11125 6169
f 11138 11136 6119
f 11123 11124 4557
f 11154 11101 5446
f 11156 11157 5938
f 11182 11183 555
f 11180 11181 571
f 11179 11180 570
f 11177 11178 569
f 11175 11176 4034
f 11172 11173 4402
f 11173 11174 4133
f 11171 11172 4102
f 11132 11155 5795
f 11169 11170 4282
f 11122 11167 370
f 11165 11166 4555
f 11164 11095 4583
f 11150 11163 4582
f 11162 11160 3854
f 11160 11161 3855
f 11158 11159 4056
f 11142 11091 4356
f 11168 11134 4776
f 11184 11185 445
f 11121 11122 3851
f 11117 11118 4411
f 797 762 11316
f 824 621 11314
f 794 822 11313
f 783 739 11311
f 766 813 11310
f 809 786 11308
f 826 759 11306
f 758 757 11304
f 11077 11078 5626
f 843 839 11292
f 838 842 11301
f 813 831 11299
f 831 830 11297
f 739 784 11295
f 822 838 11293
f 839 826 11291
f 634 766 11290
f 759 521 11288
f 842 795 11281
f 11119 11120 5247
f 11079 11080 4057
f 11083 11084 5710
f 11116 11117 4357
f 11114 11115 5474
f 11113 11111 5526
f 11111 11112 5529
f 11109 11110 5524
f 11107 11108 5522
f 11106 11103 5520
f 11105 11106 5515
f 11081 11082 4417
f 11103 11104 5521
f 11099 11100 4945
f 11097 11098 4847
f 11095 11096 4751
f 11093 11094 4946
f 11091 11092 5281
f 11089 11090 5148
f 11087 11088 4777
f 11085 11086 4032
f 11101 11102 3856
f 786 666 11216
f 11185 11186 378
f 11189 11190 592
f 11299 11300 813
f 11297 11298 831
f 11295 11296 739
f 11293 11294 822
f 11291 11292 839
f 11290 11224 634
f 11288 11289 759
f 11286 11287 692
f 11301 11302 838
f 11216 11285 786
f 11282 11244 778
f 11280 11281 795
f 11278 11279 798
f 11277 11275 796
f 11275 11276 761
f 11274 11272 848
f 11272 11273 740
f 11218 11271 521
f 11283 11284 394
f 11269 11270 688
f 11281 11301 842
f 11304 11305 758
f 5795 11155 11093
f 5148 11090 11119
f 4032 11322 11087
f 4032 11086 11322
f 4946 11094 11321
f 4417 11082 11175
f 4057 11080 11158
f 5521 11320 11079
f 11292 11303 843
f 5521 11319 11320
f 3853 11127 11121
f 11316 11317 797
f 11314 11315 824
f 11313 11249 794
f 11311 11312 783
f 11310 11290 766
f 11308 11309 809
f 11306 11307 826
f 4777 11318 11168
f 11187 11188 567
f 11267 11268 621
f 11263 11264 649
f 11222 11223 581
f 11220 11221 711
f 11219 11220 641
f 11217 11218 553
f 11215 11216 666
f 11214 11212 607
f 11212 11213 605
f 11210 11211 667
f 11224 11225 704
f 11208 11209 727
f 11205 11203 726
f 11203 11204 449
f 11201 11202 741
f 11199 11200 737
f 11197 11198 735
f 11195 11196 578
f 11193 11194 724
f 11191 11192 560
f 11206 11207 729
f 11265 11266 375
f 11226 11227 556
f 11230 11231 424
f 11261 11262 484
f 11260 11261 497
f 11258 11259 451
f 11256 11257 757
f 11254 11255 830
f 11252 11253 762
f 11251 11252 764
f 11249 11250 595
f 11228 11229 448
f 11247 11248 812
f 11244 11245 784
f 11243 11177 450
f 11241 11242 395
f 11239 11240 376
f 11237 11238 485
f 11235 11236 486
f 11233 11234 471
f 11232 11233 383
f 11196 11246 742
f 1025 996 1027
f 1170 1191 952
f 1191 1077 947
f 923 861 924
f 929 1176 992
f 1131 1217 980
f 1187 960 961
f 1108 1107 1219
f 975 880 988
f 1213 1081 1214
f 967 1057 1032
f 964 1151 965
f 1151 964 1134
f 884 1150 1055
f 1150 884 1089
f 963 1212 1022
f 1212 963 874
f 962 1195 874
f 1195 962 1111
f 1210 1211 1074
f 1066 923 925
f 1046 999 1181
f 999 1046 1000
f 1185 1002 1183
f 981 1004 982
f 1004 981 985
f 976 1060 979
f 1060 976 978
f 976 1217 977
f 1217 976 980
f 990 1169 910
f 1169 989 986
f 1211 1210 928
f 989 1169 990
f 1009 588 573
f 911 1169 987
f 1169 911 910
f 946 1211 928
f 1211 946 1074
f 1002 1218 1183
f 1002 1185 925
f 1176 929 985
f 1218 1002 1003
f 1210 1142 1144
f 1142 1210 1074
f 964 1141 1134
f 1051 1062 1052
f 1062 1051 1221
f 1224 1049 1167
f 1049 863 1050
f 1171 1070 1071
f 1070 1190 1003
f 1007 1092 889
f 1095 1092 1007
f 963 906 897
f 1044 1178 1040
f 1047 1223 1045
f 1223 1047 1046
f 1223 1046 1181
f 1223 1043 1045
f 1043 1179 1068
f 1052 1062 1054
f 1063 1033 1056
f 1033 1063 1129
f 1178 1044 997
f 1189 981 983
f 1036 1215 1112
f 588 1009 1103
f 1081 1213 938
f 953 1081 1082
f 1081 953 1214
f 1216 893 968
f 880 975 881
f 932 1216 971
f 1216 932 894
f 968 1154 970
f 1108 1219 488
f 1154 968 969
f 893 1216 894
f 953 936 1214
f 1215 1153 1112
f 1153 1215 1065
f 1115 1153 1065
f 936 1213 1214
f 1213 936 938
f 936 953 1127
f 1216 968 971
f 981 1189 984
f 984 1189 987
f 1176 984 986
f 1267 1268 1269
f 1285 1282 1286
f 1295 1296 1297
f 1292 1293 1294
f 1289 1290 1291
f 1285 1288 1287
f 1283 1282 1285
f 1283 1285 1287
f 1264 1265 1266
f 1282 1283 1284
f 1277 1276 1279
f 1277 1279 1281
f 1279 1276 1280
f 1276 1277 1278
f 1270 1274 1275
f 1270 1273 1271
f 1224 863 1049
f 1171 1190 1070
f 1270 1271 1272
f 1042 1225 1041
f 1262 1263 1239
f 1238 1065 1215
f 871 1020 1079
f 1177 989 991
f 989 1177 992
f 1225 1042 960
f 1190 1171 952
f 1261 1258 1260
f 1258 1259 1260
f 1255 1256 1257
f 863 1224 1237
f 1252 1253 1254
f 1247 1248 1249
f 1246 580 389
f 1243 1244 1245
f 1240 432 1242
f 1239 1240 1241
f 1036 1238 1215
f 1238 1036 1034
f 1065 1238 1034
f 1136 1250 1251
f 1072 1225 960
f 1223 1179 1043
f 1228 1195 1111
f 1137 1033 1129
f 1084 1229 905
f 1231 1139 915
f 1229 1084 1083
f 1084 905 1038
f 949 1217 1131
f 935 1234 1144
f 1234 935 1087
f 1236 1044 1043
f 1139 1231 916
f 1030 1069 1032
f 1069 1030 1000
f 960 1187 1072
f 1096 1200 1201
f 1200 1173 1001
f 1173 1200 1096
f 972 975 974
f 984 1176 985
f 921 1182 922
f 1195 1228 875
f 1044 1236 1184
f 1068 1236 1043
f 1166 1235 979
f 1235 1166 1049
f 980 1235 1049
f 1235 980 979
f 1125 1162 1118
f 1115 1158 1116
f 487 1108 488
f 866 1204 990
f 1236 1068 1184
f 1204 866 919
f 1230 1084 908
f 1059 1226 1060
f 1226 1059 1094
f 934 935 517
f 1168 1197 983
f 1197 1168 978
f 1033 1137 1031
f 1179 1223 1181
f 1084 1230 1083
f 1060 1226 1061
f 1058 1047 1045
f 1047 1058 1072
f 409 1017 364
f 358 1016 396
f 929 992 930
f 989 990 991
f 847 1028 903
f 974 975 988
f 956 916 918
f 956 955 954
f 971 1018 892
f 953 954 955
f 913 948 949
f 943 944 946
f 943 946 928
f 946 944 947
f 944 943 945
f 927 943 928
f 940 942 542
f 899 939 941
f 950 951 952
f 941 940 899
f 1018 971 1019
f 1021 974 988
f 999 1000 1001
f 997 921 998
f 995 996 939
f 924 861 364
f 861 993 994
f 993 861 923
f 857 1013 1012
f 1014 670 869
f 847 1020 623
f 670 1014 856
f 899 542 538
f 1021 1025 1027
f 1025 1021 1026
f 1024 414 707
f 419 1014 851
f 1014 419 856
f 1022 526 525
f 904 1015 847
f 918 868 1023
f 1002 924 1003
f 939 940 941
f 957 958 959
f 1085 1004 985
f 1084 909 908
f 898 907 870
f 907 898 1083
f 901 1028 420
f 1028 901 903
f 1081 1016 1082
f 1015 1079 1080
f 866 920 919
f 871 1079 872
f 1078 895 902
f 1077 1073 947
f 888 1006 1007
f 1006 1076 1003
f 866 886 867
f 886 866 910
f 866 990 910
f 1089 884 1090
f 1079 1020 1080
f 936 937 938
f 1073 1074 1075
f 1029 1030 1031
f 960 958 961
f 962 874 963
f 975 896 526
f 986 984 987
f 981 984 985
f 981 982 983
f 976 979 980
f 976 977 978
f 932 934 894
f 881 975 877
f 964 965 966
f 873 975 526
f 973 972 974
f 972 973 541
f 968 970 971
f 968 893 969
f 966 967 961
f 1028 847 420
f 975 873 877
f 872 1015 904
f 924 1002 925
f 911 987 912
f 1143 1017 409
f 1132 865 913
f 1132 913 949
f 913 865 886
f 865 887 886
f 1103 1008 1105
f 1103 1009 1008
f 1082 1016 358
f 1017 1143 1146
f 1220 1062 1221
f 1202 1030 1029
f 1222 1219 1124
f 1089 1090 707
f 1109 1124 850
f 1109 1222 1124
f 1222 1109 1117
f 1219 1117 488
f 1222 1117 1219
f 1062 1220 1136
f 1124 1219 1107
f 1015 1020 847
f 1104 1106 588
f 1017 1172 1165
f 1172 1017 1146
f 1041 1225 1058
f 1225 1072 1058
f 1112 1153 1155
f 1024 1161 1159
f 1161 1024 1162
f 1024 1159 414
f 1020 1015 1080
f 1156 1152 1114
f 1152 1155 1153
f 1044 1184 997
f 1038 1022 525
f 1014 869 851
f 1022 1038 1037
f 1062 1128 1063
f 1128 1062 1136
f 1106 490 588
f 1155 1152 1156
f 982 1004 1005
f 1030 1202 1001
f 998 1042 1039
f 425 447 566
f 447 425 373
f 781 352 351
f 352 781 466
f 775 476 653
f 476 775 572
f 740 577 848
f 577 740 578
f 753 818 834
f 752 674 596
f 511 819 512
f 819 511 793
f 989 992 986
f 1012 1010 1011
f 1010 490 1011
f 573 1008 1009
f 1008 573 855
f 1006 951 1007
f 674 752 821
f 1036 1112 411
f 818 753 682
f 624 527 529
f 1042 998 958
f 998 959 958
f 959 998 890
f 1031 1137 1029
f 1059 1093 1094
f 1092 944 945
f 944 1091 947
f 1069 967 1032
f 802 721 801
f 651 572 777
f 689 690 687
f 622 540 769
f 540 622 541
f 399 652 476
f 652 399 397
f 528 802 624
f 802 528 721
f 527 624 525
f 690 689 764
f 1077 1191 1170
f 1015 872 1079
f 1199 900 1198
f 948 1197 977
f 1197 948 983
f 1177 991 914
f 1177 885 930
f 885 1177 914
f 1088 932 892
f 936 1205 937
f 862 1205 1126
f 1205 862 937
f 884 1119 1090
f 1119 884 1120
f 932 1088 933
f 891 1088 892
f 1203 991 917
f 990 1204 991
f 917 1204 919
f 1204 917 991
f 1027 973 1021
f 973 1027 1198
f 1123 973 538
f 900 973 1198
f 863 1132 1050
f 1132 863 865
f 1091 1191 947
f 950 1191 1091
f 1191 950 952
f 993 1206 994
f 1127 1205 936
f 1197 978 977
f 916 1203 917
f 1205 1127 1126
f 1202 1200 1001
f 1200 1175 1201
f 1175 1200 1029
f 1085 1005 1004
f 1027 996 995
f 1027 1199 1198
f 1199 1027 995
f 973 900 538
f 1200 1202 1029
f 1203 916 914
f 991 1203 914
f 1164 1170 1171
f 1132 1131 1050
f 1131 980 1050
f 1026 942 940
f 942 1026 1099
f 1090 1130 1122
f 1130 1119 1122
f 1128 1129 1063
f 1107 850 1124
f 1119 1130 1090
f 862 1126 1008
f 1097 543 542
f 543 1089 707
f 1125 1118 1116
f 1035 411 414
f 1112 516 411
f 490 1013 487
f 1133 957 1054
f 1013 490 1010
f 1126 1127 1023
f 994 1096 861
f 850 1107 858
f 1123 538 541
f 1164 1171 1071
f 1171 1170 952
f 935 409 517
f 870 872 904
f 623 909 525
f 1120 1099 1026
f 902 895 852
f 1119 1121 1122
f 865 864 887
f 1119 1118 1121
f 1117 586 488
f 860 1109 849
f 860 586 1109
f 586 860 670
f 1115 1116 1018
f 1018 1113 1114
f 1113 1018 1019
f 516 969 517
f 1118 1119 1120
f 1007 951 950
f 1135 1208 1138
f 1175 1208 1201
f 1188 1189 983
f 1064 1158 1115
f 1158 1064 1035
f 1034 1035 1064
f 1064 1115 1065
f 992 1177 930
f 992 1176 986
f 1056 1133 1063
f 1190 1006 1003
f 1138 1175 1029
f 1174 1173 1096
f 1174 1096 994
f 1173 1174 1001
f 1133 1054 1063
f 1172 1077 1165
f 1077 1170 1165
f 1178 998 1040
f 998 1178 997
f 1137 1138 1029
f 923 1179 1180
f 1006 1190 951
f 877 1196 881
f 963 1111 962
f 1195 875 874
f 1139 916 956
f 1196 877 876
f 1125 1035 1160
f 1035 1159 1160
f 1159 1035 414
f 969 893 517
f 951 1190 952
f 1013 1010 1012
f 1016 938 396
f 938 1016 1081
f 884 1098 1099
f 1098 884 883
f 884 1099 1120
f 1122 1121 1090
f 878 1196 876
f 1196 878 881
f 880 879 988
f 1102 588 1103
f 1179 923 1068
f 987 1188 912
f 1186 967 1207
f 967 1186 961
f 1174 999 1001
f 1206 1174 994
f 1206 999 1174
f 999 1206 1181
f 1206 1180 1181
f 993 1180 1206
f 1186 1207 1048
f 1180 993 923
f 1188 913 912
f 913 1188 948
f 1208 1135 1136
f 1209 918 953
f 955 1209 953
f 1209 955 956
f 953 1082 954
f 1208 1175 1138
f 948 1188 983
f 1188 987 1189
f 888 1007 889
f 891 1092 945
f 1005 1168 982
f 1186 1187 961
f 1186 1072 1187
f 1072 1186 1048
f 1067 1184 1068
f 1180 1179 1181
f 1185 1066 925
f 1185 1067 1066
f 1092 891 889
f 1067 1185 1183
f 1067 1182 1184
f 1182 1067 1183
f 1035 1125 1116
f 938 853 396
f 906 898 897
f 938 937 853
f 1093 1168 1005
f 1168 1093 978
f 1184 1182 997
f 890 1100 959
f 1100 890 1101
f 905 906 963
f 894 934 517
f 878 1227 875
f 1227 878 876
f 879 1228 1111
f 1228 879 875
f 873 1227 876
f 1227 873 875
f 1117 1109 586
f 1217 948 977
f 1162 1024 1118
f 891 943 927
f 1230 907 1083
f 1231 914 916
f 1141 964 958
f 914 1231 915
f 966 1057 967
f 1057 966 965
f 1210 1232 928
f 942 1097 542
f 1232 1210 1087
f 948 1217 949
f 898 1229 1083
f 1133 1151 1134
f 935 1143 409
f 1127 953 1023
f 1140 1082 885
f 1140 885 915
f 885 1082 358
f 1082 1140 954
f 1133 965 1151
f 1229 898 905
f 1090 1024 707
f 1089 882 1150
f 1150 882 1055
f 882 1089 543
f 1024 1121 1118
f 1121 1024 1090
f 918 1209 956
f 958 960 1042
f 907 1230 908
f 965 1133 1056
f 1147 1148 972
f 1210 1234 1087
f 958 966 961
f 1076 1182 1183
f 1182 1076 922
f 1076 1218 1003
f 1218 1076 1183
f 997 1182 921
f 873 1212 874
f 1097 882 543
f 882 1097 883
f 1145 1073 1146
f 1093 1085 357
f 1085 929 885
f 929 1085 985
f 998 921 888
f 866 918 920
f 918 866 868
f 1085 1093 1005
f 1020 871 623
f 900 1199 995
f 1207 1069 1048
f 1234 1210 1144
f 1073 1145 1074
f 888 1076 1006
f 966 958 964
f 899 940 542
f 1088 1233 933
f 1233 1088 926
f 931 1233 926
f 1233 931 933
f 926 1232 1087
f 1232 926 928
f 1076 888 922
f 943 891 945
f 1092 1091 944
f 1069 1207 967
f 1212 873 1022
f 1022 873 526
f 895 1110 420
f 1110 895 1078
f 1073 1172 1146
f 1172 1073 1077
f 1091 1092 1095
f 909 1084 525
f 1148 1147 1149
f 1135 1128 1136
f 1106 1011 490
f 420 1078 902
f 1109 850 849
f 1108 859 1107
f 1108 487 859
f 1107 859 858
f 1012 858 857
f 1131 1132 949
f 1078 420 1110
f 957 1133 1134
f 1115 1114 1152
f 1125 1161 1162
f 1161 1125 1159
f 1159 1125 1160
f 1116 1158 1035
f 971 1157 1019
f 1157 971 970
f 1154 1155 970
f 1170 1164 1165
f 1155 1156 970
f 1013 859 487
f 1104 1012 1011
f 1038 905 963
f 1084 1038 525
f 946 1075 1074
f 1075 946 947
f 942 1098 883
f 1098 942 1099
f 1097 942 883
f 861 1096 361
f 1012 1104 1105
f 950 1091 1095
f 1093 1059 978
f 588 1102 1104
f 1104 1103 1105
f 1103 1104 1102
f 857 859 1013
f 897 879 1111
f 879 897 988
f 1011 1106 1104
f 1007 950 1095
f 896 1147 541
f 1157 1156 1113
f 1113 1156 1114
f 1115 1152 1153
f 1114 1115 1018
f 1053 957 1101
f 1143 935 1144
f 1143 1142 1145
f 1143 1145 1146
f 1145 1142 1074
f 1142 1143 1144
f 1017 1163 364
f 957 1141 958
f 957 1100 1101
f 1100 957 959
f 1139 1140 915
f 1139 954 1140
f 954 1139 956
f 1128 1135 1137
f 1128 1137 1129
f 1137 1135 1138
f 1141 957 1134
f 1157 1113 1019
f 1164 1017 1165
f 1163 1017 1164
f 1156 1157 970
f 1154 1112 1155
f 969 1112 1154
f 1112 969 516
f 973 1123 541
f 973 974 1021
f 855 475 862
f 1049 1166 1167
f 1163 1164 1071
f 975 1147 896
f 975 1148 1149
f 1148 975 972
f 1169 986 987
f 1168 983 982
f 1166 979 1061
f 475 855 854
f 924 1163 1071
f 1163 924 364
f 1147 975 1149
f 410 363 367
f 363 410 364
f 412 518 685
f 7922 7625 7624
f 7922 7225 7625
f 7248 7921 7690
f 7921 7248 7836
f 6671 7920 6672
f 6672 7920 7617
f 7920 6676 7835
f 7920 6671 6676
f 7617 7920 7834
f 7920 7835 7834
f 7154 7919 7618
f 7618 7919 7918
f 7919 7153 7833
f 7919 6669 7153
f 7174 7923 7637
f 7170 7923 7838
f 7923 7170 7632
f 7923 7632 7637
f 6669 7919 7154
f 7737 7889 7912
f 7603 7955 7824
f 7939 8004 7968
f 8004 7939 7967
f 7825 8008 7913
f 8011 7965 7978
f 8010 7976 7997
f 8010 7921 7976
f 8010 7239 7863
f 7239 8010 7977
f 7869 7925 7927
f 7977 8010 7997
f 8005 7948 7989
f 8008 7825 7824
f 8008 7824 7955
f 8007 1023 7993
f 6911 8006 6912
f 8006 6911 6512
f 7948 8005 7971
f 7955 7603 7286
f 7913 8008 8009
f 7700 7930 7846
f 7930 7691 7850
f 7930 7242 7691
f 7126 7911 7563
f 7911 7552 7812
f 7911 7112 7552
f 7563 7911 7815
f 7910 7590 7809
f 7910 7589 7590
f 7910 7539 7589
f 7539 7910 7540
f 7911 7126 7112
f 6640 7914 6641
f 6641 7914 7139
f 7619 7916 7915
f 7918 6639 7618
f 6643 7917 7145
f 7917 7830 7829
f 6673 7916 7156
f 7916 6673 7613
f 7916 7828 7915
f 7139 7914 7610
f 7968 8004 7986
f 7912 7287 7737
f 7604 7824 7825
f 7194 7929 7649
f 7929 7194 7844
f 7928 7645 7843
f 7925 7869 7926
f 7923 7174 7636
f 6570 7924 6566
f 7924 6570 7643
f 7924 7642 7841
f 7287 7912 7286
f 7642 7924 7842
f 7923 7636 7838
f 7919 7833 7918
f 7918 7132 6639
f 7847 7930 7850
f 7132 7918 7832
f 7610 7914 7827
f 6603 7913 7129
f 7913 6603 7825
f 7924 7643 7842
f 7997 7922 7957
f 7997 7957 7977
f 7956 7997 7976
f 7969 7945 7946
f 7968 7877 7939
f 7964 7875 7965
f 7877 7968 7940
f 7967 7848 7846
f 7696 7967 7846
f 7848 7967 7939
f 7964 6760 7875
f 7969 6822 7886
f 6760 7964 7966
f 7994 7420 7995
f 7419 7994 7996
f 8012 6765 6764
f 8018 7912 7889
f 8018 7889 7973
f 7972 8017 7989
f 7992 8016 7991
f 8016 7993 7991
f 7951 7991 7993
f 7993 8016 8007
f 6822 7969 7724
f 7724 7969 7887
f 7855 7961 7931
f 7961 7855 7266
f 7961 6812 6811
f 7961 7853 7931
f 7961 6811 7853
f 7843 7960 7928
f 7927 7958 7959
f 7958 7927 7925
f 7887 7969 7946
f 7163 7957 7837
f 7624 7957 7922
f 7236 7956 7623
f 7955 7286 7912
f 7844 7962 7929
f 7862 7963 7932
f 7688 7963 7862
f 7969 7886 7945
f 7129 7970 7601
f 7957 7624 7837
f 7916 7613 7828
f 8015 6512 6584
f 8014 7904 7971
f 7965 8019 7964
f 8019 7965 8011
f 8013 7986 8004
f 6765 8012 8002
f 7994 7419 7420
f 7984 7227 8002
f 8004 7967 7985
f 7872 8003 7985
f 7979 8020 7998
f 8002 6994 6765
f 7963 8001 7983
f 8001 7963 7984
f 7962 8000 7982
f 8000 7962 7983
f 7999 7960 7982
f 7925 7998 7958
f 7998 7925 7979
f 7922 7997 7956
f 6994 8002 7227
f 6512 8015 8006
f 8021 7980 7999
f 8021 7981 7980
f 7904 8014 7987
f 8014 7971 8005
f 8013 7937 7986
f 8013 7870 7937
f 8013 7698 7870
f 7698 8013 8003
f 8018 7973 8009
f 8018 8009 8008
f 7981 8021 8022
f 7955 8018 8008
f 8027 7989 8017
f 8025 7779 8007
f 7779 8025 8026
f 8025 8007 8016
f 8024 6584 7988
f 6584 8024 8015
f 8023 8002 8012
f 7912 8018 7955
f 8002 8023 7984
f 7914 6640 7144
f 7156 7916 7619
f 7594 7915 6649
f 6854 7736 6852
f 7264 7883 7263
f 7883 7264 6840
f 7263 6505 6362
f 6505 7263 6826
f 50 7155 79
f 6651 7612 6652
f 6888 6874 6873
f 7736 6854 6882
f 7830 6645 6648
f 6595 6699 6594
f 904 6992 870
f 6980 6978 6969
f 6978 6980 7400
f 7017 7765 7022
f 8073 6692 6913
f 6692 8073 6693
f 6534 6865 6532
f 6699 6595 7228
f 6573 6579 6578
f 7263 6362 6323
f 6214 6562 6207
f 6758 6729 7219
f 6751 6748 6750
f 6748 6751 6742
f 6733 6736 6756
f 6736 6733 6734
f 6731 6733 6756
f 6733 6731 6730
f 6505 6826 6714
f 6214 7974 6562
f 7652 6710 6709
f 7273 7733 7657
f 7733 7273 7272
f 7974 6214 6191
f 7738 6871 6870
f 6864 6523 6861
f 6523 6864 6863
f 7737 7635 6989
f 7635 7737 7287
f 7271 6815 6818
f 6729 6758 6710
f 6579 6573 6580
f 6578 6860 6573
f 6526 6564 6525
f 7485 7037 7036
f 7076 7801 7097
f 7801 7076 7075
f 7067 7504 7069
f 7062 7059 7056
f 7059 7062 7061
f 7058 7798 7505
f 6874 6888 7294
f 7798 7058 7057
f 7062 7085 7087
f 7062 7812 7060
f 7812 7062 7087
f 7052 7063 6965
f 7063 7052 7051
f 7797 7045 7036
f 7045 7797 7044
f 7506 7086 7085
f 7085 7062 7056
f 7291 6577 7166
f 6871 7738 6872
f 7561 7555 7118
f 6860 6578 6574
f 7636 6568 6567
f 7002 7020 7435
f 7020 7002 7001
f 7014 7016 7437
f 6622 6624 6627
f 6642 7612 6640
f 7612 6642 7142
f 7555 7561 7111
f 7609 7135 6635
f 6616 6633 6619
f 6633 6616 6632
f 7832 6611 7132
f 7016 7014 7001
f 6611 7832 6609
f 6607 61 2
f 7116 7563 7118
f 7563 7116 7126
f 7135 7609 6637
f 6812 7961 7266
f 7221 6729 6755
f 7966 6761 6760
f 6813 7941 7267
f 7944 7208 7943
f 7208 7944 7845
f 7651 7944 7729
f 7045 7947 7485
f 7952 7950 7949
f 7949 7950 7951
f 7413 7948 7775
f 7941 7273 7881
f 7948 7413 7906
f 7947 7045 7034
f 7794 7947 7901
f 7732 7945 7886
f 7946 7734 7887
f 7946 7281 7734
f 7735 7946 7945
f 7281 7946 7735
f 7280 7945 7732
f 7947 7034 7901
f 7945 7280 7735
f 7273 7941 7271
f 7723 7942 7881
f 6649 7915 6647
f 6647 7915 7828
f 7915 7594 7619
f 7914 7144 7827
f 7242 7930 7700
f 7930 7847 7846
f 7417 7953 7954
f 7267 7941 7880
f 7942 7722 7880
f 7729 7944 7884
f 6836 7943 6839
f 7943 6836 7731
f 7943 7208 6839
f 7943 7731 7884
f 7881 7942 7941
f 7942 7880 7941
f 7942 7270 7722
f 7270 7942 7723
f 7884 7944 7943
f 6729 7221 7219
f 7941 6813 7271
f 7665 7931 7853
f 7699 7939 7877
f 7707 7938 7706
f 7938 7707 7874
f 7938 7705 7711
f 7938 7709 7706
f 7710 7936 7864
f 7709 7938 7711
f 7937 7716 7715
f 7848 7939 7699
f 7716 7937 7870
f 7936 7704 7703
f 7868 7936 7935
f 7989 8027 8005
f 8028 7231 7966
f 8011 8029 8019
f 7612 6651 7144
f 6815 7271 6813
f 6761 7966 7231
f 7936 7703 7935
f 7940 7252 7714
f 7940 7714 7877
f 7936 7710 7704
f 7252 7940 7715
f 7867 7934 7864
f 7934 7867 7865
f 7934 7249 7864
f 7934 6783 7249
f 7246 7934 7865
f 6783 7934 7246
f 7932 7933 7862
f 7705 7938 7874
f 7684 7224 7686
f 7861 7684 6692
f 6808 7266 7671
f 7671 7266 7855
f 7664 7931 7665
f 7931 7664 7668
f 7931 7668 7855
f 6680 7935 7703
f 7935 6680 7158
f 7684 7686 6692
f 7086 7506 7070
f 7962 7844 7932
f 7775 7971 7904
f 8323 8324 8325
f 8326 8327 8328
f 8383 8384 8385
f 8409 8091 8090
f 8091 8409 8410
f 8114 8409 8112
f 8408 2315 8077
f 8408 1573 2315
f 8405 8407 8406
f 8404 8405 8406
f 8401 8402 8403
f 8398 8399 8400
f 8397 8388 8390
f 8395 8396 8393
f 8393 8394 8395
f 8377 8391 8392
f 8388 8389 8390
f 8321 8322 8320
f 8242 8234 8243
f 8244 8198 8245
f 8246 8198 8244
f 8218 8210 8215
f 8217 8218 8215
f 8215 8210 8216
f 8211 8213 8209
f 8236 8237 8233
f 8235 8236 8233
f 8238 8239 8240
f 8251 8252 8247
f 8383 8386 8387
f 8261 8262 8263
f 8255 8256 8253
f 8256 8257 8253
f 8253 8254 8255
f 8249 8250 8247
f 8239 8238 8241
f 8250 8251 8247
f 8247 8248 8249
f 8198 8246 8199
f 8258 8259 8260
f 8411 8098 8097
f 8098 8411 8412
f 8413 6204 6235
f 8346 8347 8344
f 8336 8344 8345
f 8342 8272 8343
f 8339 8338 8337
f 8341 8339 8337
f 8339 8340 8338
f 8336 8337 8338
f 8335 8334 8333
f 8336 8346 8344
f 8317 8333 8334
f 8331 8332 8328
f 8327 8329 8330
f 8348 8345 8344
f 8350 8327 8330
f 8351 8352 8353
f 8362 8367 8363
f 8375 8376 8377
f 8372 8373 8374
f 8328 8332 8326
f 8210 8218 8211
f 8346 8336 8338
f 8378 8375 8379
f 6235 8422 8413
f 8425 1554 1556
f 8423 8424 8094
f 8423 8094 8095
f 8092 8423 8090
f 8090 8423 8095
f 8422 6235 8094
f 8414 8422 8416
f 8348 8349 8345
f 8414 8415 8413
f 8421 8419 8420
f 8419 8418 8420
f 1514 8418 8078
f 8078 8418 8093
f 8414 8416 8417
f 8386 8383 8385
f 8380 8381 8382
f 8329 8327 8326
f 8422 8414 8413
f 8183 8219 8186
f 8220 8221 8149
f 8222 8223 8224
f 6761 8074 6762
f 6856 7322 7320
f 7316 7367 7757
f 7329 6903 6905
f 6903 7329 7749
f 7327 7336 7334
f 7336 7327 7748
f 7327 7334 6898
f 7217 7680 6749
f 7322 6856 7744
f 7725 6832 7275
f 6832 7725 7726
f 7646 7869 7698
f 7697 8003 7872
f 8003 7697 7698
f 8074 6761 7230
f 1023 7779 1126
f 7978 7998 8011
f 8074 7687 6762
f 7909 7545 7544
f 7680 7217 7681
f 6676 6666 7835
f 7614 7131 7831
f 7379 6867 7377
f 7367 7315 7758
f 6608 7155 7617
f 7367 7316 7315
f 7678 7683 7682
f 7694 7696 7847
f 6710 6730 6729
f 7155 6608 1
f 6730 6710 7652
f 7291 7841 7642
f 7627 7629 7172
f 7839 6684 7177
f 6684 7839 6685
f 7627 7172 7171
f 7628 7640 7631
f 7640 7628 7633
f 6666 6676 6667
f 7841 7291 7166
f 8371 8306 8308
f 8284 8290 8289
f 8287 8283 8285
f 8311 8313 8312
f 8310 8311 8312
f 8309 8308 8307
f 8306 8307 8308
f 8303 8304 8305
f 8238 8302 8241
f 8301 8298 8300
f 8298 8299 8300
f 8313 8311 8314
f 8292 8296 8297
f 8264 8176 8178
f 8233 8234 8235
f 8202 8231 8203
f 8231 8202 8232
f 8229 8228 8227
f 8229 8230 8228
f 8226 8227 8228
f 8223 8225 8224
f 8296 8292 8294
f 8289 8282 8284
f 8315 8310 8312
f 8317 8318 8319
f 8287 8288 8283
f 8286 8287 8285
f 8282 8285 8283
f 8282 8281 8284
f 8281 8282 8283
f 8278 8277 8280
f 8277 8278 8279
f 8274 8276 8275
f 8316 8315 8312
f 8273 8274 8275
f 8269 8270 8271
f 8266 8267 8268
f 8265 8192 8194
f 8290 8291 8289
f 8292 8293 8294
f 8055 8016 8062
f 8293 8292 8295
f 8320 8254 8321
f 8270 8272 8271
f 8306 8371 8369
f 8306 8369 8370
f 8367 8362 8368
f 8128 8129 8130
f 8125 8126 8127
f 8122 8119 8121
f 8119 8120 8121
f 8133 8134 8135
f 8133 8129 8128
f 8129 8133 8135
f 8146 8147 8148
f 8131 8132 8128
f 8156 8153 8150
f 8154 8151 8150
f 8153 8154 8150
f 8150 8151 8152
f 8147 8146 8149
f 8144 8141 8143
f 8136 8122 8121
f 8141 8144 8145
f 8141 8142 8143
f 8151 8154 8155
f 8121 8139 8136
f 8130 8131 8128
f 8160 8161 8162
f 8184 8183 8186
f 8181 8187 8184
f 8196 8194 8193
f 8151 8207 8152
f 8207 8151 8155
f 8204 8205 8206
f 8201 8202 8203
f 8199 8200 8197
f 8157 8158 8159
f 8197 8198 8199
f 8187 8185 8184
f 8192 8193 8194
f 8190 8129 8135
f 8129 8190 8191
f 8188 8189 8119
f 8122 8188 8119
f 8188 8122 8138
f 8163 8164 8143
f 8195 8196 8193
f 8183 8184 8185
f 8139 8140 8136
f 8137 8122 8136
f 7688 7984 7963
f 7991 7951 7950
f 7991 7950 7992
f 7990 6583 6912
f 6583 7990 6914
f 7906 7989 7948
f 7989 7906 7972
f 7987 7905 7904
f 7152 7835 6666
f 7905 7987 7988
f 7986 7715 7940
f 7986 7940 7968
f 7872 7985 7695
f 7985 7696 7695
f 7696 7985 7967
f 7227 7984 7688
f 7973 6562 7974
f 7777 7972 7906
f 7715 7986 7937
f 8122 8137 8138
f 7932 7983 7962
f 6562 7973 7889
f 6677 6502 7161
f 7874 6515 6678
f 6515 7874 7707
f 7983 7932 7963
f 7982 7929 7962
f 7928 7980 7981
f 7926 7979 7925
f 7959 7978 7876
f 7929 7982 7960
f 7978 7959 7958
f 7239 7977 7689
f 7623 7976 7836
f 7976 7623 7956
f 7836 7976 7921
f 7225 7975 7226
f 7236 7975 7956
f 7975 7922 7956
f 7975 7225 7922
f 7876 7978 7965
f 7971 7775 7948
f 8163 8143 8142
f 8168 8169 8170
f 8085 8082 8084
f 8082 8083 8084
f 8101 8100 8096
f 8102 8103 8104
f 8105 1556 1565
f 6263 8113 8112
f 8117 6190 6240
f 8117 8118 8116
f 8086 8088 8089
f 8116 1568 8081
f 8115 1513 1512
f 8115 1926 1513
f 8113 8114 8112
f 8106 8107 8105
f 8112 6197 6263
f 8111 8110 8109
f 8111 8107 8110
f 8108 8109 8110
f 8116 1512 1568
f 8106 1565 1571
f 8086 8089 8087
f 8093 8079 8078
f 8365 8364 8363
f 8354 8351 8353
f 8365 8366 8364
f 8362 8363 8364
f 8361 8359 8358
f 8358 8359 8360
f 8356 8355 8357
f 8355 8356 8353
f 8090 8091 8092
f 8213 8214 8209
f 8209 8210 8211
f 8100 1520 8096
f 8100 1518 1520
f 8097 8098 8099
f 8096 1520 1924
f 6212 8095 8094
f 8095 6212 6211
f 8094 6235 6212
f 8212 8213 8211
f 8165 8166 8167
f 1565 8106 8105
f 7951 8076 7949
f 7927 6791 7716
f 8078 1949 1514
f 8077 2315 1949
f 6314 6318 6504
f 6279 6314 6504
f 6312 6298 6525
f 6320 6312 6525
f 8155 8208 8207
f 8078 8079 8077
f 8126 8163 8142
f 8181 8182 8179
f 8157 8179 8180
f 8179 8157 8159
f 8176 8175 8178
f 8175 8176 8177
f 8165 8173 8174
f 8172 8170 8169
f 8171 8172 8169
f 8182 8180 8179
f 8076 7951 867
f 8080 2469 1944
f 8081 1854 6190
f 6499 6564 6803
f 6564 6499 6525
f 6192 8075 7952
f 8075 6192 6581
f 7713 7965 7875
f 7965 7713 7876
f 7981 7646 7645
f 7646 7981 7926
f 8080 6196 2469
f 7869 7716 7870
f 7926 8022 7979
f 8022 7926 7981
f 8016 8055 8025
f 864 7949 8076
f 7949 864 6200
f 6791 7927 6789
f 1949 8078 8077
f 8081 1568 1854
f 7716 7869 7927
f 7131 7614 6620
f 7093 7529 7528
f 6655 6648 6653
f 8918 8217 8473
f 8918 8186 8219
f 8470 8918 8473
f 8917 8471 8473
f 8471 8917 8474
f 8475 8917 8216
f 8917 8475 8474
f 8216 8917 8215
f 8916 8152 8469
f 8915 8210 8209
f 8210 8915 8216
f 8216 8915 8870
f 8915 8209 8468
f 8914 8201 8465
f 8476 8919 8474
f 8919 8478 8477
f 8478 8919 8162
f 8217 8918 8219
f 8242 8928 8482
f 8464 8913 8197
f 8243 8928 8242
f 8944 8491 8490
f 8944 8483 8249
f 8946 8234 8242
f 8492 8948 8947
f 8169 8948 8488
f 8492 8946 8944
f 8946 8492 8947
f 8483 8946 8242
f 8923 8220 8467
f 8946 8483 8944
f 8944 8248 8491
f 8489 8945 8490
f 8171 8945 8245
f 8945 8171 8488
f 8245 8945 8244
f 8945 8488 8490
f 8248 8944 8249
f 8931 8889 8191
f 8945 8489 8244
f 8927 8928 8243
f 8483 8926 8249
f 8249 8926 8250
f 9125 8655 8656
f 8655 9125 8657
f 9124 8694 8701
f 8702 9123 8701
f 8672 9122 8674
f 8674 9122 8656
f 8648 9121 8646
f 8678 9120 8676
f 9126 9127 9128
f 8669 9130 8675
f 9131 8628 8634
f 9136 8374 8725
f 8688 9139 8720
f 8720 9139 8719
f 9138 8647 9137
f 8698 9138 9137
f 9138 8698 8703
f 9137 8647 8646
f 9130 8670 8675
f 8288 8943 8283
f 9129 9127 9125
f 8684 9127 9123
f 8926 8483 8482
f 8925 8924 8923
f 8924 8221 8923
f 8220 8923 8221
f 8160 8919 8476
f 8252 8922 8501
f 8922 8252 8504
f 8921 8502 8501
f 9127 9129 9123
f 8502 8921 8884
f 8919 8160 8162
f 8976 9000 8343
f 9001 9000 8998
f 9000 8296 8998
f 8588 9120 8643
f 9130 8669 8668
f 9127 8657 9125
f 9127 8684 9128
f 8908 8920 8185
f 8932 8933 8934
f 8190 8932 8934
f 8932 8190 8457
f 8910 8222 8462
f 8909 8159 8904
f 8907 8187 8906
f 8181 8909 8187
f 8187 8909 8906
f 8906 8909 8904
f 8909 8181 8179
f 8908 8907 8174
f 8462 8911 8910
f 8907 8906 8905
f 8897 8218 8479
f 8913 8893 8892
f 8896 8212 8211
f 8885 8448 8447
f 8497 8883 8496
f 8883 8502 8884
f 8246 8882 8493
f 8882 8497 8881
f 8211 8897 8896
f 8443 8881 8497
f 8912 8461 8460
f 8224 8912 8462
f 8902 8903 8865
f 8902 8472 8903
f 8442 8901 8454
f 8454 8901 8899
f 8901 8205 8900
f 8901 8206 8205
f 8901 8898 8899
f 8898 8901 8900
f 8912 8460 8462
f 8901 8442 8206
f 8898 8900 8896
f 8899 8173 8454
f 8218 8897 8211
f 8905 8131 8436
f 8131 8905 8904
f 8905 8906 8904
f 8159 8909 8179
f 8912 8525 8461
f 8900 8212 8896
f 9136 8596 8374
f 8440 8880 8879
f 8879 8154 8440
f 8447 8887 8885
f 8887 8447 8886
f 8913 8464 8893
f 8197 8913 8463
f 8948 8492 8488
f 8929 8930 8227
f 8283 8943 8281
f 8941 8240 8239
f 8888 8889 8890
f 8941 8942 8240
f 8938 8940 8295
f 8239 8938 8939
f 8936 8284 8281
f 8936 8937 8284
f 8229 8933 8935
f 8230 8935 8481
f 8935 8933 8932
f 8935 8230 8229
f 8941 8239 8939
f 8140 8880 8180
f 8891 8437 8130
f 8891 8191 8889
f 8154 8879 8867
f 8879 8868 8867
f 8146 8878 8439
f 8439 8878 8877
f 8878 8875 8877
f 8877 8875 8466
f 8199 8885 8200
f 8886 8166 8449
f 8888 8891 8889
f 8166 8886 8447
f 8895 8192 8452
f 8192 8895 8193
f 8895 8451 8453
f 8895 8452 8451
f 8171 8894 8172
f 8172 8894 8453
f 8437 8891 8449
f 8887 8200 8885
f 8195 8892 8893
f 8628 9131 8636
f 8596 9136 8682
f 9135 9134 9132
f 8742 9155 9149
f 9155 8737 9149
f 9155 8742 8741
f 8737 9155 8740
f 9154 9152 9150
f 8384 9088 8617
f 9087 8355 8614
f 9000 8976 8297
f 8748 9156 8749
f 8331 9025 8332
f 8339 9031 9033
f 8340 9033 8565
f 9033 9031 9032
f 9032 9031 9030
f 9030 9031 9029
f 8298 9030 9029
f 9029 8299 8298
f 9028 8333 8317
f 9034 8331 8328
f 9028 8341 8333
f 8725 9154 9136
f 9157 9158 9159
f 9146 9147 9144
f 9145 8735 8734
f 9144 8685 8686
f 8724 9142 9140
f 9142 9143 9140
f 9142 8724 8728
f 8606 9141 8726
f 9141 8606 9105
f 9156 8748 8633
f 9141 8727 8726
f 9153 9116 8681
f 9153 8681 9150
f 8632 9156 8633
f 8404 9163 8402
f 9161 9162 9160
f 9160 8763 8761
f 9157 8689 8753
f 8689 9157 9159
f 9152 9153 9150
f 8686 9146 9144
f 8562 9027 8547
f 9021 9026 9025
f 9044 8383 9042
f 9024 8309 9022
f 9013 8552 8545
f 9010 9012 9011
f 9010 9011 8556
f 9011 8255 8556
f 9008 9009 8556
f 9009 9010 8556
f 8309 9024 8549
f 9008 8556 8320
f 8306 9007 8307
f 8307 9007 9006
f 8307 9006 9004
f 9005 8544 8542
f 8544 9005 8543
f 9002 9003 9004
f 9000 8297 8296
f 8314 9013 8546
f 9007 8306 8370
f 8547 9027 8563
f 9021 9025 9024
f 8322 9038 9035
f 9026 8332 9025
f 9025 8331 8560
f 9034 8328 8571
f 8570 9034 8571
f 8322 9035 9036
f 9040 9037 9039
f 8586 9042 8387
f 8387 9042 8383
f 9038 9037 9035
f 9042 8586 8579
f 8347 9040 8344
f 8344 9040 8348
f 8348 9040 9039
f 9035 9037 9036
f 8349 9039 8342
f 9039 9037 9038
f 9039 8349 8348
f 9038 8322 8557
f 8325 9041 8621
f 8455 8902 8865
f 8702 9146 8686
f 9149 8737 8736
f 8384 9089 9088
f 9101 8641 9100
f 8641 9101 8638
f 9103 9104 8727
f 8633 9113 9108
f 8695 9117 9115
f 9117 9118 9115
f 9115 9116 8695
f 9090 9091 8393
f 8651 9114 8649
f 8748 9113 8633
f 9113 9111 9108
f 8399 9105 8606
f 9111 9112 9108
f 9109 9110 8721
f 9108 8630 8633
f 9105 8398 9107
f 9105 8399 8398
f 8721 9113 8717
f 9106 9105 9107
f 9092 8607 9093
f 9095 8607 9092
f 9135 8649 9114
f 8661 9133 8664
f 9133 9134 9131
f 9132 8673 8674
f 9120 8678 9115
f 9118 9120 9115
f 9141 9106 9103
f 8642 9119 8639
f 9094 9095 9092
f 9102 9101 9100
f 8640 9100 8641
f 9099 8397 8623
f 8610 9098 9093
f 9093 9098 9092
f 9098 8610 8382
f 9094 9097 9096
f 9094 9096 9095
f 8607 9095 8399
f 9101 8583 8638
f 9147 9148 9144
f 8724 9140 8722
f 8355 9087 8573
f 8789 9181 8787
f 9180 8767 8766
f 8767 9180 8407
f 8407 9180 8811
f 9178 8769 8770
f 8651 9172 9114
f 8769 9178 8766
f 9158 9175 9177
f 8787 9181 9172
f 9175 9158 9176
f 9174 9175 9176
f 9173 8790 8791
f 9164 8403 8402
f 9161 9164 9163
f 8727 9141 9103
f 9164 8757 8403
f 8732 9151 8739
f 8680 9150 8681
f 8658 9175 8791
f 9106 9141 9105
f 8781 9182 8778
f 9172 8637 9114
f 9164 9161 9160
f 9171 8752 8747
f 8752 9171 8814
f 9171 9170 9168
f 9170 9171 9166
f 9170 9169 9168
f 9169 8405 9168
f 9169 9170 9167
f 9179 8800 8802
f 8404 9168 8405
f 8746 9166 8747
f 8776 9165 8786
f 9165 8776 8775
f 8757 9164 8761
f 8761 9164 9160
f 9164 8402 9163
f 9171 8747 9166
f 9172 8651 8787
f 8632 9167 9156
f 7136 6624 25
f 8904 8132 8131
f 8168 8948 8169
f 8046 7972 8047
f 7972 8046 8017
f 8046 8047 8041
f 8005 8045 8014
f 8045 8005 8027
f 8014 8045 8040
f 8044 8031 8039
f 7987 8040 8032
f 8043 7983 8001
f 7983 8043 8039
f 8042 7907 8026
f 7907 8042 8034
f 8041 7994 8033
f 8040 7987 8014
f 8040 8066 8058
f 8066 8059 8058
f 6563 7691 7675
f 8031 8044 8038
f 7983 8039 8000
f 8000 8039 8031
f 7999 8038 8021
f 8048 8034 8042
f 8066 8040 8045
f 8033 8048 8041
f 8038 7999 8031
f 8021 8038 8030
f 8020 8037 8029
f 8037 8020 8030
f 7966 8036 8028
f 6513 6911 6913
f 8036 8019 8029
f 8033 7953 8034
f 7995 8033 7994
f 8032 7988 7987
f 7988 8032 8024
f 7982 8031 7999
f 8031 7982 8000
f 8030 8022 8021
f 7998 8029 8011
f 8035 7231 8028
f 6839 7198 6835
f 7644 7933 7188
f 7933 7644 6530
f 6323 7262 7263
f 6791 6789 6788
f 6510 6804 6328
f 6804 6510 6543
f 6543 7663 7259
f 7663 6543 6542
f 6541 6796 988
f 6796 6541 6799
f 6840 7264 6547
f 6911 6513 6512
f 8059 8066 8065
f 6776 6751 6746
f 8070 6914 7990
f 6914 8070 8063
f 8070 7990 8067
f 8069 8056 8055
f 8056 8069 8064
f 8069 8055 8062
f 6751 6776 6740
f 8049 8038 8044
f 6827 6824 6830
f 7734 7277 6845
f 7933 6530 6528
f 6688 6695 6689
f 6695 6688 6696
f 6503 6683 6280
f 6683 6503 6516
f 6280 6683 6283
f 6600 6603 892
f 6603 6600 6602
f 6824 6827 6810
f 7131 7583 7146
f 6916 7025 6918
f 7025 6916 7356
f 7198 6839 7208
f 6509 6720 6536
f 6720 6509 6295
f 7262 6323 6322
f 7691 6563 6565
f 7277 7734 6557
f 7583 7131 6621
f 8024 8058 8057
f 8058 8024 8032
f 8059 8060 8057
f 6921 6935 6919
f 7346 6918 7026
f 6918 7346 6917
f 6894 7898 7370
f 7898 6894 6907
f 6897 6901 7318
f 6901 6897 6896
f 7285 7317 7294
f 6935 6921 7301
f 7317 7285 6895
f 7743 7361 7318
f 7758 7315 7364
f 6941 7759 6942
f 6985 7773 6981
f 7765 7019 7390
f 7019 7765 7017
f 6586 6990 6514
f 6990 6586 6988
f 7369 6894 7370
f 6987 7774 6972
f 7350 7349 6923
f 7754 6927 6926
f 6648 6655 7830
f 6645 7917 6643
f 7917 6645 7830
f 7143 7613 6674
f 7613 7143 7147
f 6624 7136 7138
f 7102 7808 7106
f 6631 6611 6610
f 7349 7350 6915
f 6611 6631 6630
f 7530 7108 7107
f 7104 7102 7106
f 7808 7102 7101
f 7037 7485 7484
f 7033 7030 7027
f 6894 7369 6892
f 7030 7033 7032
f 7361 7743 7316
f 7108 7530 7092
f 8068 8054 8061
f 7774 6987 6986
f 7759 6941 7374
f 8050 8028 8036
f 8030 8049 8037
f 8049 8030 8038
f 8042 8055 8056
f 8057 8015 8024
f 8058 8032 8040
f 7992 8062 8016
f 8052 8066 8053
f 8028 8050 8035
f 8066 8052 8065
f 8064 8052 8051
f 8052 8064 8065
f 8062 7992 8063
f 8061 8037 8049
f 8058 8059 8057
f 8037 8061 8050
f 8060 8015 8057
f 8060 8006 8015
f 8056 8064 8051
f 7773 6985 6984
f 8029 8050 8036
f 8051 8041 8048
f 7425 6983 7403
f 6983 7425 6981
f 7488 6974 7393
f 6974 7488 6972
f 6954 7764 7452
f 7764 6954 6953
f 6568 7636 6571
f 6564 6526 6565
f 8050 8029 8037
f 8029 7998 8020
f 8054 8012 8035
f 8012 8054 8023
f 8023 8054 8043
f 8053 8046 8052
f 8053 8017 8046
f 8017 8053 8027
f 8041 8051 8046
f 8046 8051 8052
f 8034 8048 8033
f 8068 8043 8054
f 8044 8068 8049
f 8049 8068 8061
f 8985 8288 8535
f 8985 8237 8507
f 8237 8985 8534
f 8536 8984 8534
f 8984 8536 8983
f 8993 8311 8553
f 8993 8992 8990
f 8551 8993 8990
f 8288 8985 8486
f 8996 8334 8335
f 8538 8999 8998
f 8335 8999 8996
f 8998 8296 8538
f 8997 8349 8342
f 8343 8997 8342
f 8996 8539 8334
f 8311 8993 8551
f 8539 8996 8538
f 8999 8538 8996
f 8992 8995 8994
f 8986 8987 8988
f 8290 8987 8537
f 8957 8507 8506
f 8955 8504 8505
f 8261 8956 8259
f 8956 8261 8511
f 8956 8508 8260
f 8508 8956 8509
f 8956 8260 8259
f 8509 8956 8511
f 8987 8290 8988
f 8528 8971 8265
f 8517 8971 8521
f 8984 8234 8233
f 8991 8552 8990
f 8992 8991 8990
f 8991 8241 8302
f 8990 8552 8551
f 8989 8537 8987
f 8989 8280 8537
f 8971 8517 8522
f 8957 8512 8511
f 8995 8293 8994
f 8994 8940 8241
f 8285 8980 8529
f 8291 8981 8530
f 8525 8982 8526
f 8927 8982 8225
f 8982 8927 8983
f 8526 8982 8533
f 8981 8277 8279
f 8981 8291 8277
f 8531 8979 8529
f 8528 8981 8279
f 8981 8528 8527
f 8981 8527 8530
f 8282 8980 8285
f 8980 8282 8289
f 8980 8531 8529
f 8531 8980 8530
f 8950 8448 8493
f 8948 8168 8949
f 8980 8289 8530
f 8994 8241 8991
f 8979 8531 8532
f 8253 8972 8514
f 8992 8994 8991
f 8234 8984 8243
f 8984 8233 8534
f 8257 8972 8253
f 8982 8525 8225
f 8286 8979 8526
f 8979 8286 8529
f 8524 8979 8532
f 8514 8972 8973
f 8526 8979 8524
f 8280 8978 8523
f 8977 8274 8523
f 8274 8977 8974
f 8977 8973 8974
f 8976 8975 8297
f 8975 8976 8270
f 8257 8974 8972
f 8974 8973 8972
f 8523 8978 8977
f 8897 8898 8896
f 8512 8957 8506
f 8957 8484 8507
f 8063 8071 8062
f 8425 1556 8105
f 8426 8107 8106
f 8106 8427 8426
f 8968 8260 8518
f 8967 8162 8161
f 8967 8478 8162
f 8478 8967 8516
f 8072 8059 8065
f 8965 8966 8964
f 8965 8262 8961
f 8942 8964 8240
f 8256 8963 8962
f 8963 8256 8515
f 8257 8962 8276
f 8962 8257 8256
f 8961 8261 8259
f 8261 8961 8262
f 8262 8965 8964
f 8238 8960 8305
f 8072 8065 8064
f 8059 8072 8060
f 8068 8039 8043
f 8039 8068 8044
f 6912 8067 7990
f 8067 6912 8006
f 8067 8006 8060
f 8060 8071 8067
f 8067 8071 8070
f 8062 8071 8069
f 8060 8072 8071
f 6497 6365 6506
f 7320 7203 6727
f 6540 6514 6990
f 6540 6686 6538
f 6686 6540 6990
f 6365 6497 6317
f 8072 8069 8071
f 8071 8063 8070
f 8072 8064 8069
f 7203 7320 7268
f 8484 8957 8263
f 8968 8518 8520
f 8258 8968 8275
f 8482 8953 8926
f 8952 8467 8495
f 8467 8952 8923
f 8884 8952 8495
f 8952 8884 8921
f 8952 8925 8923
f 8925 8952 8921
f 8951 8489 8491
f 8953 8250 8926
f 8489 8951 8494
f 8881 8950 8882
f 8950 8493 8882
f 8954 8498 8953
f 8230 8955 8228
f 8228 8955 8505
f 8263 8957 8511
f 8959 8958 8513
f 8958 8510 8509
f 8446 8950 8881
f 8877 8220 8439
f 8250 8953 8498
f 8958 8959 8949
f 8971 8528 8521
f 8192 8971 8452
f 8971 8192 8265
f 8970 8168 8170
f 8168 8970 8510
f 8450 8970 8170
f 8970 8450 8522
f 8519 8970 8522
f 8954 8499 8498
f 8273 8969 8278
f 8969 8279 8278
f 8521 8969 8520
f 8968 8273 8275
f 8273 8968 8520
f 8968 8258 8260
f 8960 8238 8240
f 8512 8958 8509
f 8958 8512 8513
f 8969 8273 8520
f 7645 7191 7843
f 7191 7645 7192
f 7653 7654 7852
f 93 140 91
f 133 140 86
f 136 99 111
f 103 115 71
f 115 103 105
f 110 136 111
f 136 110 30
f 108 139 109
f 139 108 112
f 114 130 135
f 138 99 98
f 119 59 85
f 130 125 126
f 127 142 134
f 142 127 78
f 47 142 78
f 142 47 134
f 140 93 86
f 125 140 127
f 140 125 91
f 139 113 109
f 123 122 102
f 12 122 11
f 89 121 120
f 121 89 90
f 119 85 89
f 120 119 89
f 132 106 117
f 100 104 101
f 131 114 109
f 143 135 90
f 137 141 98
f 141 137 117
f 135 143 114
f 88 143 90
f 104 100 105
f 143 88 114
f 130 114 129
f 113 139 112
f 99 136 23
f 114 131 129
f 125 130 94
f 59 119 48
f 47 46 48
f 45 46 47
f 45 44 46
f 43 44 45
f 43 42 44
f 61 62 63
f 63 62 64
f 63 64 65
f 49 50 51
f 62 26 64
f 68 28 29
f 66 28 68
f 66 27 28
f 64 27 66
f 64 26 27
f 62 25 26
f 65 64 66
f 71 70 72
f 68 29 70
f 119 120 47
f 51 50 52
f 53 52 54
f 111 138 95
f 138 111 99
f 127 133 78
f 133 127 140
f 96 141 117
f 141 96 98
f 262 264 265
f 108 88 85
f 51 52 53
f 108 109 88
f 104 103 106
f 41 40 42
f 59 58 60
f 57 58 59
f 57 56 58
f 55 56 57
f 55 54 56
f 53 54 55
f 101 104 107
f 124 123 112
f 122 123 124
f 123 101 112
f 265 264 266
f 131 107 92
f 132 93 92
f 135 130 126
f 121 134 120
f 126 134 121
f 134 126 127
f 121 90 135
f 267 266 268
f 126 121 135
f 131 128 129
f 128 131 92
f 131 109 113
f 36 133 86
f 133 36 78
f 132 92 107
f 101 131 113
f 93 132 117
f 134 47 120
f 24 136 30
f 515 410 367
f 516 517 518
f 537 532 534
f 535 532 536
f 552 531 534
f 520 531 552
f 557 556 559
f 555 556 557
f 557 558 555
f 535 548 554
f 367 408 515
f 554 548 547
f 532 533 534
f 531 520 519
f 528 529 530
f 525 526 527
f 524 504 522
f 522 523 524
f 522 504 505
f 519 520 521
f 553 521 520
f 69 70 71
f 136 24 23
f 115 122 12
f 116 96 117
f 71 115 12
f 109 114 88
f 113 112 101
f 60 108 85
f 108 60 112
f 72 103 71
f 110 95 97
f 96 116 97
f 110 111 95
f 103 110 97
f 118 87 86
f 87 118 98
f 122 124 11
f 128 94 129
f 126 125 127
f 125 94 91
f 101 123 102
f 110 72 30
f 118 137 98
f 100 115 105
f 106 116 117
f 115 102 122
f 102 115 100
f 96 138 98
f 138 96 95
f 117 137 93
f 86 137 118
f 99 36 87
f 137 86 93
f 116 106 97
f 60 124 112
f 124 84 11
f 48 119 47
f 36 99 23
f 131 101 107
f 94 130 129
f 106 132 107
f 94 128 92
f 110 103 72
f 124 60 84
f 69 68 70
f 67 68 69
f 67 66 68
f 32 74 75
f 31 74 32
f 9 8 10
f 7 6 8
f 5 6 7
f 5 4 6
f 3 4 5
f 3 2 4
f 32 75 33
f 1 2 3
f 154 208 209
f 152 208 154
f 152 207 208
f 150 207 152
f 150 206 207
f 148 206 150
f 148 205 206
f 146 205 148
f 218 187 188
f 146 204 205
f 33 75 76
f 34 76 77
f 44 57 46
f 44 55 57
f 42 55 44
f 42 53 55
f 40 53 42
f 40 51 53
f 76 45 77
f 77 45 47
f 33 76 34
f 77 47 78
f 81 5 7
f 80 5 81
f 80 3 5
f 79 3 80
f 79 1 3
f 35 78 36
f 34 77 35
f 31 73 74
f 35 77 78
f 46 57 59
f 145 204 146
f 220 190 221
f 217 187 218
f 235 224 236
f 217 186 187
f 181 211 212
f 180 211 181
f 180 210 211
f 202 177 179
f 200 177 202
f 218 188 219
f 200 175 177
f 198 173 175
f 196 173 198
f 196 171 173
f 194 171 196
f 194 168 171
f 193 168 194
f 214 166 215
f 214 164 166
f 198 175 200
f 221 190 191
f 224 225 226
f 227 229 226
f 220 189 190
f 219 189 220
f 219 188 189
f 222 209 203
f 202 222 203
f 179 222 202
f 215 235 236
f 237 155 238
f 227 228 229
f 227 225 237
f 237 225 223
f 225 227 226
f 178 230 232
f 231 230 233
f 223 191 155
f 231 233 228
f 233 230 234
f 230 231 232
f 227 237 238
f 537 536 532
f 46 59 48
f 73 39 74
f 28 18 20
f 17 33 34
f 37 38 39
f 21 36 23
f 21 35 36
f 19 35 21
f 19 34 35
f 17 34 19
f 27 18 28
f 15 33 17
f 15 32 33
f 14 32 15
f 14 31 32
f 30 22 24
f 29 22 30
f 29 20 22
f 70 29 30
f 38 49 51
f 28 20 29
f 7 8 9
f 27 16 18
f 11 10 12
f 65 66 67
f 41 42 43
f 39 40 41
f 70 30 72
f 39 38 40
f 26 16 27
f 26 13 16
f 25 13 26
f 9 10 11
f 22 23 24
f 20 21 22
f 20 19 21
f 18 19 20
f 18 17 19
f 16 17 18
f 16 15 17
f 13 15 16
f 13 14 15
f 22 21 23
f 73 37 39
f 82 9 83
f 52 80 81
f 95 96 97
f 91 92 93
f 56 83 58
f 88 90 89
f 85 88 89
f 86 87 36
f 85 59 60
f 58 84 60
f 98 99 87
f 58 83 84
f 82 7 9
f 38 51 40
f 81 7 82
f 76 43 45
f 75 43 76
f 75 41 43
f 74 41 75
f 74 39 41
f 83 9 11
f 52 81 54
f 100 101 102
f 106 103 97
f 50 80 52
f 50 79 80
f 10 71 12
f 10 69 71
f 8 69 10
f 8 67 69
f 6 67 8
f 6 65 67
f 103 104 105
f 4 65 6
f 2 63 4
f 2 61 63
f 83 11 84
f 54 81 82
f 54 82 56
f 56 82 83
f 92 91 94
f 104 106 107
f 4 63 65
f 181 212 182
f 538 539 540
f 542 543 544
f 379 378 381
f 378 379 380
f 377 375 374
f 374 375 376
f 371 372 373
f 398 399 400
f 358 396 397
f 395 375 377
f 383 385 394
f 392 390 393
f 388 390 392
f 391 388 392
f 388 389 390
f 386 385 384
f 387 385 386
f 386 384 369
f 383 384 385
f 382 379 381
f 401 398 482
f 398 479 482
f 482 404 406
f 479 398 400
f 437 436 478
f 477 436 402
f 402 404 477
f 400 399 476
f 396 475 474
f 474 397 396
f 473 394 385
f 354 344 356
f 473 385 387
f 471 415 383
f 480 477 479
f 481 403 402
f 441 440 481
f 481 435 441
f 482 479 477
f 482 477 404
f 406 401 482
f 472 415 471
f 356 344 343
f 364 361 363
f 361 362 363
f 408 367 369
f 362 391 407
f 356 350 355
f 350 352 355
f 353 354 355
f 297 299 300
f 317 316 318
f 315 316 317
f 369 384 408
f 315 314 316
f 313 312 314
f 311 312 313
f 311 310 312
f 308 310 311
f 308 309 310
f 306 305 307
f 304 305 306
f 304 303 305
f 313 314 315
f 513 501 503
f 409 364 410
f 414 411 413
f 360 357 359
f 357 358 359
f 365 348 366
f 348 349 366
f 363 368 367
f 367 368 369
f 366 349 347
f 401 360 398
f 411 412 413
f 402 403 404
f 416 417 418
f 419 420 421
f 421 416 419
f 421 417 416
f 422 421 420
f 423 418 417
f 405 406 404
f 415 384 383
f 404 403 405
f 513 510 514
f 511 510 513
f 503 511 513
f 561 563 647
f 438 562 439
f 562 438 647
f 472 667 666
f 667 472 471
f 744 666 745
f 666 744 472
f 464 579 465
f 563 561 427
f 579 464 665
f 457 663 664
f 474 574 732
f 574 474 475
f 655 659 733
f 578 742 743
f 778 784 738
f 736 469 780
f 469 736 734
f 663 457 576
f 659 655 656
f 758 699 757
f 608 696 695
f 518 412 516
f 466 470 464
f 745 810 746
f 792 841 819
f 841 792 835
f 810 745 828
f 837 841 844
f 841 837 836
f 699 758 616
f 833 834 818
f 817 510 599
f 760 691 686
f 510 817 682
f 821 817 599
f 817 821 752
f 691 760 606
f 616 758 692
f 696 608 610
f 834 833 840
f 302 303 304
f 578 463 462
f 636 540 539
f 505 504 501
f 504 502 501
f 501 502 503
f 500 498 499
f 498 497 496
f 498 496 499
f 484 496 497
f 451 483 495
f 483 450 452
f 494 493 456
f 452 493 494
f 491 489 492
f 487 489 491
f 490 487 491
f 487 488 489
f 506 507 508
f 506 508 509
f 510 511 512
f 494 483 452
f 463 578 743
f 451 450 483
f 468 467 470
f 540 636 769
f 709 708 768
f 708 709 706
f 719 773 722
f 773 719 720
f 10220 10613 10917
f 454 455 456
f 452 450 453
f 265 266 267
f 469 468 470
f 458 460 467
f 467 468 458
f 466 464 352
f 352 464 465
f 461 462 463
f 458 459 460
f 369 368 457
f 457 386 369
f 467 460 393
f 302 301 303
f 300 301 302
f 317 318 319
f 316 271 273
f 316 273 318
f 326 320 327
f 331 324 325
f 283 329 285
f 283 328 329
f 281 328 283
f 281 327 328
f 299 293 301
f 280 327 281
f 330 324 331
f 327 320 321
f 330 323 324
f 329 323 330
f 329 322 323
f 328 322 329
f 328 321 322
f 327 321 328
f 280 326 327
f 447 373 382
f 301 293 294
f 303 294 295
f 335 338 337
f 336 335 337
f 337 334 318
f 287 331 289
f 285 330 287
f 299 292 293
f 285 329 330
f 314 271 316
f 301 294 303
f 314 269 271
f 312 267 269
f 310 267 312
f 310 265 267
f 309 265 310
f 309 262 265
f 305 296 307
f 305 295 296
f 303 295 305
f 312 269 314
f 306 307 272
f 382 381 447
f 380 444 445
f 562 434 439
f 380 379 561
f 561 443 380
f 379 427 561
f 448 426 560
f 426 425 560
f 565 444 443
f 565 564 444
f 432 434 562
f 438 440 565
f 566 560 425
f 565 440 441
f 441 564 565
f 534 533 552
f 549 550 551
f 545 548 546
f 547 548 545
f 545 546 530
f 565 443 438
f 445 444 446
f 430 431 563
f 564 442 374
f 445 378 380
f 380 443 444
f 442 435 437
f 441 435 442
f 435 436 437
f 438 439 440
f 432 433 434
f 431 347 346
f 446 444 564
f 427 379 382
f 372 365 429
f 430 428 429
f 365 366 429
f 428 427 382
f 382 373 428
f 426 371 425
f 371 373 425
f 441 442 564
f 431 430 347
f 541 538 540
f 335 336 307
f 334 338 335
f 270 278 272
f 270 277 278
f 268 277 270
f 268 276 277
f 266 276 268
f 266 275 276
f 264 275 266
f 264 274 275
f 279 280 281
f 263 274 264
f 271 270 272
f 269 270 271
f 269 268 270
f 267 268 269
f 279 281 282
f 282 281 283
f 282 283 284
f 292 282 293
f 271 272 273
f 295 288 296
f 296 288 290
f 297 298 299
f 320 308 311
f 320 311 321
f 274 297 275
f 277 304 278
f 277 302 304
f 276 302 277
f 276 300 302
f 275 300 276
f 298 291 292
f 275 297 300
f 321 311 313
f 324 317 319
f 323 317 324
f 323 315 317
f 322 315 323
f 322 313 315
f 321 313 322
f 300 299 301
f 324 319 325
f 339 340 341
f 295 286 288
f 294 284 286
f 336 337 273
f 296 335 307
f 318 334 319
f 325 332 333
f 331 290 289
f 331 296 290
f 307 273 272
f 334 333 332
f 306 272 278
f 334 335 296
f 342 340 339
f 349 341 340
f 340 345 349
f 345 347 349
f 348 341 349
f 345 346 347
f 344 342 343
f 342 339 343
f 338 334 337
f 294 286 295
f 307 336 273
f 331 333 296
f 293 284 294
f 293 282 284
f 292 279 282
f 284 283 285
f 291 279 292
f 288 289 290
f 288 287 289
f 286 287 288
f 273 337 318
f 286 285 287
f 278 304 306
f 298 292 299
f 350 351 352
f 287 330 331
f 333 334 296
f 334 325 319
f 325 334 332
f 325 333 331
f 284 285 286
f 182 212 213
f 182 213 183
f 161 218 219
f 8004 8003 8013
f 8061 8035 8050
f 8053 8045 8027
f 7998 7978 7958
f 6589 904 6587
f 6865 7288 7185
f 7707 6521 6515
f 6521 7707 6520
f 6525 6499 6320
f 6514 6759 6244
f 6759 6514 6540
f 6496 6504 6318
f 6504 6496 6502
f 8074 7685 7687
f 7685 8074 7230
f 50 6672 7155
f 6672 50 6670
f 8003 8004 7985
f 8036 7964 8019
f 7964 8036 7966
f 7953 7907 8034
f 646 643 507
f 646 507 506
f 644 643 645
f 505 507 643
f 2732 2733 2730
f 2734 2732 2735
f 2733 2734 2721
f 8045 8053 8066
f 6617 6620 7614
f 8035 8061 8054
f 8048 8056 8051
f 8023 8001 7984
f 8001 8023 8043
f 8055 8026 8025
f 8026 8055 8042
f 8022 8020 7979
f 8020 8022 8030
f 7907 7953 7417
f 8056 8048 8042
f 6620 6617 6616
f 904 6589 6992
f 8035 6764 7231
f 7913 7970 7129
f 7970 7913 8009
f 7970 7973 7974
f 7973 7970 8009
f 8075 8063 7992
f 8075 7950 7952
f 7601 7974 6191
f 7864 7868 7867
f 7950 8075 7992
f 7974 7601 7970
f 7163 7977 7957
f 8047 7422 7996
f 7845 7651 7650
f 7651 7845 7944
f 7288 6865 6534
f 6192 7952 6200
f 7130 6607 6606
f 8075 6914 8063
f 7977 7163 7689
f 526 541 622
f 7868 7864 7936
f 7844 7933 7932
f 6764 8035 8012
f 7921 7863 7690
f 7863 7921 8010
f 7649 7960 7843
f 7960 7649 7929
f 6566 7841 6567
f 7841 6566 7924
f 7832 7833 7616
f 7933 7844 7188
f 7833 7832 7918
f 7615 7145 7917
f 7815 7812 7497
f 7812 7815 7911
f 8026 7778 7779
f 7778 8026 7907
f 7368 7374 6941
f 7374 7368 7897
f 6945 7760 6946
f 7145 7615 7831
f 623 525 624
f 609 531 519
f 614 612 625
f 443 561 647
f 648 566 447
f 381 649 648
f 648 447 381
f 650 377 437
f 437 478 650
f 650 568 377
f 655 654 656
f 438 443 647
f 454 657 660
f 659 656 658
f 658 653 659
f 657 454 456
f 456 493 657
f 570 654 655
f 400 572 651
f 655 453 570
f 570 571 654
f 660 657 661
f 652 653 476
f 647 563 431
f 576 457 368
f 579 390 389
f 583 481 440
f 583 440 439
f 403 481 583
f 582 387 459
f 582 473 387
f 580 465 579
f 462 577 578
f 431 562 647
f 568 449 395
f 575 493 452
f 475 573 574
f 573 454 574
f 400 476 572
f 569 453 450
f 570 453 569
f 452 453 575
f 368 407 576
f 568 395 377
f 7904 6994 7775
f 397 474 652
f 651 479 400
f 637 552 533
f 539 631 636
f 636 631 551
f 551 550 636
f 527 622 635
f 635 545 530
f 633 632 634
f 551 632 633
f 520 552 637
f 633 581 558
f 559 638 642
f 551 631 632
f 630 627 629
f 629 537 630
f 535 536 628
f 622 527 526
f 625 627 626
f 625 626 614
f 559 556 641
f 480 479 651
f 637 638 639
f 639 553 637
f 661 657 662
f 660 574 454
f 662 657 493
f 390 579 665
f 464 470 665
f 665 470 467
f 664 460 459
f 459 387 664
f 533 638 637
f 664 663 460
f 664 387 386
f 663 576 392
f 663 392 393
f 393 460 663
f 493 575 662
f 642 557 559
f 640 554 547
f 637 553 520
f 386 457 664
f 7627 7839 7629
f 7839 7627 6685
f 6789 7927 7959
f 7862 6528 6698
f 6528 7862 7933
f 6864 7626 6862
f 7626 6864 7179
f 7164 7837 6690
f 7837 7164 7163
f 6690 7837 6688
f 7975 7622 7226
f 6841 7195 7651
f 7622 7975 7236
f 7238 7687 7226
f 6502 6677 6504
f 6539 7223 6759
f 6763 6511 7229
f 6511 6763 6584
f 7723 6738 7270
f 7735 6559 7281
f 6818 7732 7272
f 7687 7238 6762
f 7732 6818 7280
f 7195 6841 6842
f 6559 7735 6843
f 7041 7481 7480
f 7093 7531 7529
f 7507 7067 7070
f 7067 7507 7504
f 7483 7482 7479
f 7482 7483 7480
f 7481 7041 7042
f 7476 7355 7472
f 7223 6539 7222
f 7954 1105 7417
f 6980 7769 7401
f 7769 6980 7463
f 7018 7443 7442
f 7443 7018 7436
f 1105 7954 7416
f 7743 6892 7314
f 7289 7185 7288
f 6670 7139 7610
f 7355 7476 7473
f 7418 7420 7419
f 6552 7727 6551
f 6738 7723 6825
f 7476 7470 7474
f 7470 7476 7792
f 7474 7470 7475
f 6958 7391 6960
f 7391 6958 7767
f 7909 7098 7801
f 7098 7909 7544
f 7602 7824 7604
f 7482 7011 7793
f 6910 8073 6913
f 7245 7699 7877
f 7621 7935 7158
f 7935 7621 7868
f 6913 7686 6513
f 7686 6913 6692
f 8073 6910 7860
f 7615 7917 7829
f 7654 7653 7201
f 7699 7245 6778
f 7727 6552 7276
f 7011 7482 7012
f 7947 7486 7485
f 6992 6541 897
f 6768 7863 7239
f 6541 6992 7258
f 6778 7244 6779
f 7244 6778 7245
f 7675 6745 7218
f 6745 7675 7242
f 7863 6768 6767
f 7486 7947 7794
f 7531 7093 7092
f 7722 7203 7880
f 6867 7379 7761
f 7501 7069 7502
f 7069 7501 7799
f 7387 7487 7486
f 7487 7387 7795
f 7039 7494 7493
f 7494 7039 7795
f 7139 6670 49
f 389 580 579
f 7776 7996 7422
f 6892 7743 6901
f 7981 7645 7928
f 7999 7928 7960
f 7928 7999 7980
f 7416 7995 7420
f 7995 7416 7954
f 8033 7954 7953
f 7954 8033 7995
f 6914 8075 6581
f 7972 7422 8047
f 6532 7648 6533
f 7648 6532 6700
f 6732 7652 7207
f 7647 7193 7648
f 7193 7647 7191
f 7169 7633 7170
f 7633 7169 7179
f 7138 7137 7607
f 7137 7138 7136
f 6607 7130 61
f 7099 7103 7102
f 8047 7994 8041
f 7129 890 889
f 6765 7905 6763
f 7905 6765 6995
f 7412 6984 6962
f 6984 7412 7772
f 7228 7688 6699
f 7688 7228 7227
f 7949 6200 7952
f 887 864 8076
f 7994 8047 7996
f 867 887 8076
f 7251 7959 7876
f 6994 7904 6995
f 7988 6763 7905
f 6763 7988 6584
f 7422 7972 7777
f 7779 1023 8007
f 867 7951 868
f 890 7129 6500
f 7959 7251 6789
f 7996 7776 7419
f 7103 7099 7098
f 7307 6898 6852
f 7760 6945 7897
f 6585 7889 7737
f 7203 7722 6726
f 7185 7289 7183
f 7471 7475 7470
f 7475 7471 7401
f 7364 7375 7362
f 7375 7364 7376
f 7352 6930 6929
f 7359 6915 7350
f 7358 7352 7351
f 7352 7358 7359
f 868 7993 1023
f 7993 868 7951
f 7336 7332 7333
f 7332 7336 7337
f 7335 6908 6900
f 6908 7335 7333
f 6915 7359 7360
f 6898 7307 7327
f 7777 7781 7423
f 7479 7484 7483
f 6513 7230 6511
f 7230 6513 7685
f 7679 6718 6713
f 6718 7679 6717
f 7652 6732 6730
f 7353 6929 7324
f 6929 7353 7352
f 7857 7678 7679
f 7781 7777 6996
f 7221 7683 7219
f 6780 7848 7699
f 7848 6780 7700
f 6693 7860 7222
f 7860 6693 8073
f 7678 7857 7683
f 6930 7352 7359
f 7646 7926 7869
f 7484 7479 7037
f 7683 7221 7859
f 555 558 581
f 567 445 446
f 567 446 376
f 199 198 200
f 199 200 201
f 201 200 202
f 207 201 208
f 211 160 212
f 211 158 160
f 210 158 211
f 210 156 158
f 186 147 187
f 208 203 209
f 207 199 201
f 201 202 203
f 206 199 207
f 206 197 199
f 205 197 206
f 205 195 197
f 204 195 205
f 204 192 195
f 208 201 203
f 186 144 147
f 187 147 149
f 188 149 151
f 213 164 214
f 212 162 213
f 144 146 147
f 144 145 146
f 147 146 148
f 212 160 162
f 176 185 178
f 197 198 199
f 187 149 188
f 197 196 198
f 195 194 196
f 192 194 195
f 192 193 194
f 190 155 191
f 190 153 155
f 189 153 190
f 189 151 153
f 188 151 189
f 195 196 197
f 245 249 185
f 176 184 185
f 174 184 176
f 170 182 172
f 170 181 182
f 169 181 170
f 177 178 179
f 171 170 172
f 177 176 178
f 175 176 177
f 175 174 176
f 172 182 183
f 173 174 175
f 171 172 173
f 718 528 530
f 506 423 717
f 717 646 506
f 717 423 417
f 611 523 716
f 523 522 716
f 522 644 716
f 173 172 174
f 147 148 149
f 172 183 174
f 169 180 181
f 164 165 166
f 164 163 165
f 162 163 164
f 162 161 163
f 160 161 162
f 160 159 161
f 158 159 160
f 158 157 159
f 174 183 184
f 156 157 158
f 153 152 154
f 151 152 153
f 151 150 152
f 149 150 151
f 149 148 150
f 166 165 167
f 168 169 170
f 168 170 171
f 153 154 155
f 629 627 715
f 249 250 185
f 242 250 249
f 248 259 238
f 259 248 254
f 229 251 226
f 251 229 242
f 233 252 242
f 252 233 234
f 230 258 234
f 258 230 178
f 248 256 254
f 258 250 234
f 185 258 178
f 241 255 238
f 245 240 249
f 240 245 236
f 256 154 247
f 262 263 264
f 235 261 243
f 261 235 215
f 258 185 250
f 166 261 215
f 259 241 238
f 255 241 228
f 216 186 217
f 165 221 167
f 165 220 221
f 163 220 165
f 163 219 220
f 161 219 163
f 159 218 161
f 183 213 214
f 241 259 254
f 159 217 218
f 157 216 217
f 184 215 185
f 184 214 215
f 183 214 184
f 155 237 223
f 224 235 239
f 213 162 164
f 178 257 179
f 157 217 159
f 251 242 249
f 261 166 243
f 257 246 179
f 233 229 228
f 229 233 242
f 241 231 228
f 224 240 236
f 155 248 238
f 244 191 223
f 191 244 221
f 241 232 231
f 243 166 167
f 257 256 247
f 227 255 228
f 255 227 238
f 253 241 254
f 232 241 253
f 243 239 235
f 221 244 167
f 250 252 234
f 250 242 252
f 256 257 254
f 154 256 248
f 239 244 223
f 244 243 167
f 251 240 226
f 246 257 247
f 224 260 225
f 260 224 239
f 223 260 239
f 260 223 225
f 240 251 249
f 257 178 232
f 244 239 243
f 257 253 254
f 253 257 232
f 248 155 154
f 179 246 222
f 222 246 209
f 154 246 247
f 246 154 209
f 215 245 185
f 245 215 236
f 240 224 226
f 8539 8555 8334
f 715 713 629
f 629 713 714
f 731 660 661
f 661 659 731
f 733 662 575
f 733 575 453
f 453 655 733
f 733 659 661
f 731 659 653
f 661 662 733
f 651 478 480
f 574 660 732
f 732 731 652
f 732 652 474
f 653 652 731
f 742 741 743
f 734 468 469
f 738 739 582
f 738 582 459
f 738 459 458
f 660 731 732
f 737 734 735
f 658 656 725
f 727 726 728
f 604 686 700
f 700 691 690
f 698 699 616
f 695 697 615
f 611 613 694
f 695 615 614
f 614 626 695
f 696 697 695
f 449 568 726
f 695 626 608
f 694 523 611
f 412 685 746
f 746 685 744
f 744 745 746
f 568 650 730
f 730 726 568
f 728 726 730
f 729 727 728
f 694 603 523
f 700 686 691
f 735 734 736
f 560 566 724
f 501 513 601
f 601 513 514
f 601 507 505
f 505 501 601
f 514 508 601
f 618 619 620
f 617 607 606
f 603 604 524
f 601 508 507
f 616 607 617
f 613 612 614
f 611 612 613
f 608 609 610
f 605 606 607
f 524 523 603
f 602 408 384
f 384 415 602
f 602 515 408
f 614 615 613
f 724 648 649
f 600 509 508
f 589 491 492
f 566 648 724
f 490 491 587
f 585 489 488
f 485 486 584
f 499 496 584
f 488 586 585
f 587 455 588
f 588 490 587
f 589 590 591
f 600 508 514
f 416 418 598
f 597 498 596
f 498 500 596
f 594 595 497
f 593 500 499
f 499 590 593
f 451 495 592
f 589 587 491
f 599 510 512
f 627 625 715
f 690 680 700
f 616 617 698
f 634 632 705
f 707 708 706
f 543 707 706
f 711 553 639
f 639 641 711
f 710 549 558
f 558 557 710
f 557 642 710
f 706 544 543
f 710 640 549
f 631 544 709
f 712 642 638
f 712 710 642
f 712 638 533
f 554 640 712
f 640 710 712
f 533 554 712
f 671 589 492
f 544 706 709
f 620 619 679
f 534 531 702
f 630 702 703
f 530 546 718
f 645 643 719
f 720 643 646
f 720 719 643
f 546 628 723
f 723 718 546
f 722 718 723
f 528 718 721
f 627 630 703
f 721 718 722
f 702 630 537
f 704 633 634
f 581 633 704
f 703 702 609
f 702 537 534
f 703 609 608
f 608 626 703
f 626 627 703
f 531 609 702
f 701 599 512
f 503 502 677
f 619 618 677
f 586 670 669
f 669 585 586
f 668 584 486
f 486 592 668
f 668 592 495
f 685 518 684
f 410 515 684
f 684 518 410
f 590 589 671
f 515 602 684
f 604 603 686
f 690 691 687
f 605 688 687
f 692 607 616
f 687 691 606
f 687 606 605
f 693 609 519
f 693 610 609
f 687 688 689
f 502 619 677
f 593 590 671
f 681 619 502
f 677 618 678
f 676 500 593
f 593 672 676
f 672 671 675
f 675 671 492
f 597 596 674
f 674 594 597
f 456 455 673
f 671 672 593
f 455 587 673
f 587 589 673
f 679 680 620
f 524 604 681
f 604 679 681
f 681 679 619
f 509 600 683
f 514 510 682
f 682 600 514
f 673 494 456
f 8124 11384 11386
f 9187 9405 9344
f 9404 8784 8812
f 5170 5957 5943
f 5958 5463 5464
f 5959 5958 5960
f 5084 5963 5081
f 5483 5964 5482
f 5963 5536 5537
f 5536 5963 5496
f 5963 5652 5081
f 5652 5963 5537
f 5963 5084 5085
f 5963 5500 5496
f 5958 5650 5960
f 5500 5963 5085
f 5643 5961 5960
f 5961 5643 5956
f 5962 5961 5956
f 5961 5959 5960
f 5629 5954 4784
f 5954 5632 4784
f 5639 5954 5956
f 4536 5448 3857
f 5680 5967 5674
f 5967 5542 3930
f 5542 5967 5541
f 5665 5964 5608
f 5666 5964 5663
f 5954 5955 5956
f 5964 5483 3914
f 5957 5072 5070
f 5546 5958 5464
f 5641 5957 5070
f 4552 5062 4162
f 5062 4552 4071
f 5098 4629 4631
f 4629 5058 5061
f 4536 5260 5061
f 4535 5260 4536
f 5260 4535 4610
f 5633 4536 5061
f 5957 5641 5943
f 4510 5712 4513
f 4509 5712 4510
f 5712 4509 4515
f 5928 4305 4306
f 4305 5223 4819
f 4024 5927 5422
f 5927 4262 5422
f 5927 4024 4026
f 4024 5731 4028
f 5731 4024 5422
f 4262 5421 5422
f 4305 5928 4624
f 5421 4262 5410
f 5926 4880 5236
f 5239 4338 4329
f 4485 4473 4594
f 5925 5830 4401
f 5864 4475 4649
f 5749 5917 4455
f 5410 5917 5749
f 5917 5410 4386
f 4262 5927 4026
f 5967 5680 5541
f 5929 4483 5901
f 5930 4483 4271
f 4328 5239 4329
f 4716 4288 4717
f 4102 4716 4718
f 4102 4293 4716
f 4293 4102 4294
f 4283 5246 5247
f 5246 4283 4781
f 5925 5926 5236
f 4483 5929 4306
f 5926 5925 4328
f 5237 5925 5236
f 4880 5235 5236
f 5235 4880 4879
f 4880 5926 4328
f 4288 4716 4291
f 5282 4290 4482
f 4290 5282 3865
f 5223 4305 4624
f 5925 5237 4394
f 5452 5967 3930
f 5967 5452 5453
f 5966 5493 5495
f 5944 5651 5678
f 5502 5941 5498
f 5941 5170 5943
f 5644 5941 5943
f 5942 5644 5646
f 5942 5941 5644
f 5941 5942 5498
f 4661 4993 4994
f 5942 5944 5498
f 4993 4661 4662
f 5165 4661 4994
f 4510 5161 4511
f 4512 5161 4510
f 5161 4512 4610
f 5944 5942 5651
f 5651 5942 5646
f 5497 5944 5495
f 4520 5508 4518
f 4661 5165 5166
f 5946 5628 4059
f 5520 5946 5515
f 5519 5946 5518
f 5949 5681 5678
f 5540 5949 4760
f 4780 5245 4781
f 5952 5046 4531
f 5046 5952 4975
f 4530 5951 4548
f 5951 4530 4529
f 5951 4529 4533
f 5946 5520 5521
f 5950 5664 5608
f 5950 5609 4023
f 5609 5950 5608
f 5950 5604 5605
f 5604 5950 4023
f 5950 5700 5491
f 5700 5950 5605
f 5949 5540 5541
f 5946 5519 5515
f 5664 5950 5491
f 5192 5917 4386
f 5628 5946 5521
f 4517 5683 4758
f 5965 5661 5486
f 5661 5965 5663
f 5965 5487 5488
f 5487 5965 5486
f 5964 5607 5608
f 5607 5964 3914
f 5964 5665 5663
f 5679 5966 5495
f 5670 5965 5518
f 5966 5679 5674
f 5282 3863 3865
f 4540 5968 4981
f 5095 4537 4541
f 5095 4538 4537
f 4538 5095 4543
f 4103 3863 4647
f 3863 4103 4559
f 3863 5282 4647
f 5493 5966 5496
f 5019 4516 4518
f 5965 5670 5663
f 5965 5517 5518
f 5683 4517 4516
f 5683 4516 4166
f 5508 4520 5011
f 5944 5497 5498
f 5945 4566 5506
f 4566 5002 4567
f 4564 5945 5506
f 5945 4564 5000
f 5517 5965 5488
f 5944 5676 5495
f 5953 4780 4547
f 5063 4534 4163
f 4534 5063 4070
f 5964 5666 5482
f 5966 5673 5534
f 5673 5966 5674
f 5966 5535 5496
f 5535 5966 5534
f 5676 5944 5678
f 5192 4455 5917
f 4455 5192 5193
f 4473 4691 4594
f 5986 5847 5269
f 5986 4772 5847
f 4772 5986 5846
f 5268 5986 5269
f 5985 5986 5268
f 5986 5985 5846
f 5985 5268 4639
f 5854 4638 5839
f 5847 4772 4773
f 4638 5854 5279
f 4645 4644 4482
f 4873 5921 4874
f 5921 4873 4944
f 5894 4350 5893
f 4642 5657 4090
f 4642 5981 4643
f 5981 4642 4090
f 4642 5818 4007
f 5657 4642 4007
f 5818 4642 4390
f 4638 5853 5839
f 5853 4637 4641
f 5909 5440 5332
f 5440 5909 5441
f 5331 5909 5332
f 5312 3871 4497
f 4449 5933 4307
f 5933 4449 4450
f 4972 5158 4797
f 4884 5160 4971
f 5853 4638 4637
f 5160 4884 4885
f 4538 5093 4539
f 5093 4538 4542
f 5093 4542 4567
f 5850 5985 4639
f 4638 5849 4639
f 5849 4638 5279
f 4637 5268 4640
f 5268 4637 4639
f 5312 4497 4499
f 5442 5907 4669
f 5985 5850 5274
f 4544 5824 4650
f 4661 4633 4632
f 4633 5844 5263
f 5844 4633 5166
f 4633 5261 4079
f 4506 4508 4628
f 5983 5838 5839
f 5984 5841 4921
f 5841 5984 5322
f 4633 4661 5166
f 5984 5843 4399
f 5983 5842 4930
f 5842 5983 4925
f 5824 4544 4011
f 4650 5824 4653
f 5810 4621 5590
f 4671 5934 4858
f 4886 5120 5121
f 5120 4886 4888
f 5843 5984 4921
f 5985 5845 5846
f 5737 4634 4787
f 5838 5983 4930
f 5845 5985 5274
f 4527 5373 5374
f 5373 4527 4031
f 4527 5822 4528
f 5822 4527 5374
f 4906 5592 5138
f 5592 4906 3983
f 4906 5400 4688
f 5261 4633 5263
f 5400 4906 5138
f 4463 4621 4623
f 4621 5811 5590
f 5811 4621 4495
f 4622 5982 4623
f 5982 4622 4624
f 4622 5810 4620
f 5418 4914 4246
f 4914 5418 4911
f 4621 4463 4495
f 5648 5949 5678
f 5907 5442 5441
f 5907 5934 4669
f 5920 5919 4707
f 5919 5920 4944
f 4479 5151 4865
f 4483 5930 5901
f 4473 4485 4484
f 4756 5481 5482
f 5935 4966 4967
f 5451 4973 3860
f 5921 5920 4874
f 5451 4657 4973
f 5939 5671 5453
f 5671 5939 5615
f 5939 4973 4169
f 4973 5939 3860
f 5939 5616 5615
f 5616 5939 4169
f 5938 5446 5447
f 5938 5635 5023
f 4657 5451 4082
f 5635 5938 5447
f 5920 5921 4944
f 5151 4479 4478
f 4691 4473 4472
f 5916 4830 4963
f 5913 5915 4963
f 5913 5914 4675
f 5914 5913 4267
f 5912 5913 4675
f 4250 5910 4251
f 4475 5864 4476
f 5215 5920 5216
f 4964 5918 4965
f 4319 5213 4966
f 5830 5925 4394
f 5923 5924 4627
f 5815 5923 4627
f 5923 5817 4908
f 5922 5923 4908
f 4480 4272 4274
f 5920 5215 4874
f 5110 4964 5113
f 5934 5907 4858
f 4838 5936 5937
f 4973 4657 4168
f 5932 4331 4494
f 4331 5456 4199
f 5456 4331 4746
f 4332 4493 4492
f 4493 4332 4186
f 4872 5217 5212
f 5217 4872 4874
f 4727 5789 4728
f 4331 5932 4746
f 4968 5789 4727
f 4458 4733 4436
f 4733 4458 4489
f 5931 5264 4300
f 5931 4487 5264
f 5259 4343 4496
f 4343 5259 4342
f 3871 5312 3869
f 5909 5331 4251
f 5789 4968 4236
f 5936 4838 4304
f 5887 4966 4440
f 4966 5887 4319
f 5088 4501 4069
f 4501 5088 4502
f 5468 4506 4167
f 5481 4756 3915
f 4756 5668 4059
f 5668 4756 5482
f 4550 5146 5149
f 4755 5473 3905
f 4487 5931 4488
f 5473 4755 4945
f 5119 4888 5029
f 4507 5468 4752
f 4505 4983 4442
f 4983 4505 4030
f 4979 4603 4368
f 4603 5940 5231
f 4504 5460 5462
f 4966 5935 4440
f 5468 4507 4506
f 4886 5889 4448
f 5669 5946 4059
f 5713 5947 5527
f 6015 6047 6016
f 4149 6038 3922
f 6038 4149 3924
f 4146 6080 4147
f 6080 4146 4151
f 6094 5725 5358
f 6094 5358 5357
f 6095 5324 5357
f 4860 6103 4861
f 4337 6108 5766
f 6108 4337 4338
f 4221 6107 4459
f 6107 4221 4805
f 4314 4941 4943
f 4941 4314 4942
f 4867 6106 3908
f 6106 4867 4145
f 6047 6015 6048
f 4800 6080 4151
f 6048 6015 3891
f 4803 6081 6046
f 4009 6034 4758
f 6034 4009 4011
f 5672 6079 5453
f 6079 5672 5674
f 5659 6060 5846
f 6060 5659 5595
f 4095 6078 4087
f 6078 4095 4098
f 6105 6102 6103
f 4098 6077 4084
f 4084 6078 4098
f 6080 4800 4147
f 6081 4803 5544
f 6081 6016 6047
f 6081 6017 6016
f 5544 6017 6081
f 6017 5544 5464
f 6046 6081 6047
f 6077 4098 4097
f 6105 6103 4414
f 6103 6102 4861
f 6102 6105 6091
f 6103 6104 4414
f 5324 6095 4939
f 5750 6102 6092
f 4016 5867 5868
f 5867 4016 4209
f 4208 4443 4209
f 4443 4208 5372
f 5714 6098 4435
f 6104 4860 4143
f 5714 4434 6098
f 4939 6097 4636
f 6097 4939 4785
f 4939 6095 4785
f 6095 6096 4785
f 6095 5359 6096
f 5359 6095 5357
f 6008 4454 3871
f 4454 6008 5381
f 4434 5714 4354
f 4047 3863 4559
f 6110 6109 4347
f 6109 6087 5726
f 4416 6105 4414
f 6105 4416 6091
f 6104 6103 4860
f 5434 4232 3995
f 4232 5434 4465
f 6109 4348 4347
f 4256 6090 6089
f 4380 6031 4379
f 6087 6110 6089
f 6031 4380 4181
f 5155 4373 4372
f 4292 6111 5105
f 6111 4292 4597
f 6090 4256 4258
f 4348 6109 5726
f 4256 6110 4347
f 6110 4256 6089
f 6109 6110 6087
f 4373 5155 3907
f 3863 4047 4048
f 4573 4121 4119
f 4121 4573 4124
f 5989 5990 5363
f 4588 5202 4589
f 5202 4588 4430
f 4213 4704 5343
f 5362 5992 5363
f 5992 5362 4440
f 5989 5992 5937
f 4750 5466 3933
f 5990 5989 5937
f 5993 5480 4101
f 5993 5475 5476
f 5475 5993 4101
f 4750 4948 4364
f 4948 4750 3933
f 5466 4750 3893
f 5992 5989 5363
f 4654 5459 4215
f 5459 4654 4656
f 5480 5993 4379
f 4748 3878 3877
f 5936 4859 5937
f 5991 4342 5888
f 5983 5600 4925
f 4611 5682 4013
f 5682 4611 4100
f 4771 5658 3986
f 5658 4771 5595
f 4783 5631 3895
f 5631 4783 4784
f 4795 5159 4243
f 4859 5936 4304
f 4795 5736 4798
f 5736 4795 4243
f 5992 5935 4967
f 5935 5992 4440
f 5990 5991 5888
f 5991 5990 4581
f 5990 5364 5363
f 5364 5990 5888
f 4342 5991 4581
f 4704 4213 4742
f 5381 6008 5379
f 3878 4748 4749
f 6016 6018 3889
f 6094 6024 5472
f 5357 6024 6094
f 6024 5357 5324
f 5582 5338 5208
f 5338 5582 5723
f 6088 6093 5727
f 6089 6093 6088
f 6093 6089 6091
f 5725 6094 5472
f 4416 6093 6091
f 6092 6090 4258
f 6091 6090 6092
f 6090 6091 6089
f 6088 6087 6089
f 6083 5570 4156
f 4761 6082 4152
f 4762 6082 4761
f 6082 4762 5560
f 6093 4416 5727
f 4220 6018 5461
f 5727 6087 6088
f 6087 5727 5726
f 4686 4229 4231
f 4975 6070 4976
f 4953 6086 4081
f 6086 4953 4945
f 6042 5511 5710
f 4164 6085 4162
f 6085 4164 4553
f 4158 6084 4159
f 6019 6020 3890
f 6084 4158 4548
f 6084 4547 4159
f 3962 6029 4157
f 6029 3962 3964
f 6053 6028 3958
f 6053 4157 6028
f 4157 6053 3955
f 5570 6083 5577
f 6070 4975 5952
f 4547 6084 4548
f 6100 4848 6101
f 5750 6092 4258
f 6092 6102 6091
f 6074 6073 4072
f 6074 4244 6073
f 4244 6074 4854
f 6074 4074 4854
f 6072 6073 4244
f 6072 4072 6073
f 4072 6072 4787
f 4854 6071 4244
f 6075 4080 5537
f 6071 4854 4798
f 6064 4025 5610
f 5559 5558 5194
f 4022 6063 5610
f 6056 5576 4053
f 6055 4769 4165
f 5576 4524 4769
f 4524 5576 4525
f 4155 4612 4903
f 6065 4023 4022
f 4612 4155 4613
f 4080 6075 4081
f 4074 6074 4072
f 6069 5952 4160
f 6068 6069 4160
f 6068 4846 6069
f 4846 6068 4781
f 4159 6068 4160
f 6068 4159 4781
f 4901 6067 5610
f 6067 6064 5610
f 6076 3940 5195
f 5243 6064 6067
f 4029 6066 5038
f 6066 4029 4526
f 5610 6065 4022
f 6065 5610 4025
f 4023 6065 4025
f 5952 6069 4846
f 6070 4846 4976
f 4846 6070 5952
f 6064 5243 4026
f 4025 6064 4026
f 6053 6054 3955
f 3957 6053 3958
f 6057 3959 3968
f 3968 6058 3966
f 5930 4571 5901
f 5394 4820 4685
f 4820 5394 4461
f 5681 5949 5541
f 5949 5548 4760
f 5948 5532 5534
f 3959 6057 3960
f 5532 5948 5528
f 5675 5948 5534
f 5614 5948 5615
f 5948 5531 5528
f 5947 5538 5528
f 5538 5947 5537
f 5947 5525 5527
f 5525 5947 5528
f 5947 5713 4081
f 5948 5675 5615
f 6053 3957 6054
f 6059 3972 3971
f 5811 5588 5590
f 5570 6052 3949
f 6052 5570 4055
f 3948 6051 5566
f 6051 3948 4040
f 4900 6050 5562
f 5559 5194 3939
f 5576 6056 5577
f 6057 3969 3960
f 3972 6059 5684
f 3969 6057 3968
f 6063 4022 3945
f 4016 6062 4019
f 6062 4016 5868
f 4017 6061 4014
f 6061 4017 4019
f 3998 6060 5595
f 5588 5811 5591
f 6058 3968 3959
f 6060 3998 5846
f 5946 5669 5518
f 3940 6076 5566
f 6049 6047 5801
f 6039 4026 5243
f 3923 6038 3924
f 6038 3923 3922
f 4150 6037 5243
f 6037 4150 3922
f 5509 6036 4140
f 6036 5509 5011
f 6035 6034 4011
f 4026 6039 3921
f 4757 6034 6035
f 5795 6041 5511
f 6042 5795 5511
f 3934 6045 3936
f 6049 6045 4765
f 5801 6045 6049
f 6045 5801 3936
f 5801 6048 3891
f 6048 5801 6047
f 6041 5795 5026
f 4765 6046 6047
f 3921 6037 3922
f 6037 6039 5243
f 6102 5750 4861
f 3852 6005 4154
f 6005 3852 4743
f 6100 6101 4976
f 4848 6100 4282
f 6071 4240 4244
f 4846 6100 4976
f 6100 4846 4282
f 6037 3921 6039
f 6099 5415 4713
f 4967 6099 4838
f 4240 6071 4798
f 6078 4084 4087
f 4085 6077 4097
f 6077 4085 4084
f 5503 5008 5006
f 5510 6040 4075
f 6040 5510 5059
f 6099 4967 5415
f 5558 5559 5557
f 6045 3934 4765
f 5545 6044 5548
f 6021 6019 4219
f 6026 4100 4613
f 4100 6026 5476
f 6030 4157 6029
f 6033 5503 5011
f 4058 6032 3915
f 6032 4058 4060
f 4952 6031 4181
f 6020 6021 5987
f 6031 4952 4379
f 4157 6030 5479
f 6027 5479 4376
f 4376 6030 4374
f 6030 4376 5479
f 4374 6029 3964
f 5479 6028 4157
f 6028 5479 3958
f 5479 6027 5476
f 6030 6029 4374
f 5548 6044 4760
f 6020 6019 6021
f 4220 6022 3889
f 6044 5545 4763
f 5546 6043 5545
f 5464 6043 5546
f 6043 5464 5544
f 6034 4757 4758
f 5008 5503 5013
f 6047 6049 4765
f 5503 6033 4522
f 6022 4220 4219
f 4091 6025 4754
f 5472 6024 5471
f 4948 6023 4364
f 6023 4948 4562
f 3893 5125 4799
f 5125 3893 4366
f 6019 6022 4219
f 6019 3889 6022
f 3889 6019 3890
f 6025 4091 3989
f 3935 5994 4764
f 5889 4886 5121
f 4673 4741 4674
f 6220 6221 6222
f 6215 6208 6219
f 6217 6215 6218
f 6208 6217 6209
f 6215 6211 6216
f 6210 6211 6212
f 6193 6195 6196
f 6197 6208 6209
f 6205 6207 6206
f 6204 6205 6206
f 6201 6202 6203
f 6196 6195 6200
f 6197 6198 6199
f 6320 6313 6312
f 6313 6320 6319
f 6321 6322 6323
f 6476 6419 6421
f 6221 6223 6224
f 6207 6213 6214
f 6192 6193 6194
f 1101 6191 6190
f 5922 6186 4590
f 6223 6221 6225
f 4215 4217 4170
f 4815 6189 5996
f 6189 4815 4894
f 4570 6189 4894
f 6189 4570 5996
f 5994 4762 4802
f 6479 6356 6381
f 4762 5994 5560
f 6188 4905 4617
f 4770 6188 4617
f 6188 4770 5584
f 4753 6187 5981
f 6187 4753 4754
f 3902 6187 4754
f 6187 3902 5981
f 1101 6190 1854
f 4905 6188 5584
f 6339 6380 6375
f 6373 6467 6394
f 6467 6373 6372
f 6473 6410 6428
f 6387 6472 6418
f 6339 6475 6346
f 6475 6339 6385
f 6410 6460 6428
f 6460 6410 6461
f 6410 6473 6344
f 6349 6309 6477
f 6472 6387 6386
f 6475 6415 6346
f 6475 6416 6415
f 6462 6434 6335
f 6462 6401 6434
f 6401 6462 6402
f 6459 6333 6332
f 6460 6459 6431
f 6460 6431 6428
f 6431 6459 6332
f 6321 6480 6383
f 6220 6226 6227
f 6389 6476 6421
f 6476 6386 6388
f 6468 6467 6372
f 6353 6351 6350
f 6371 6355 6349
f 6357 6380 6367
f 6357 6478 6358
f 6478 6357 6354
f 6359 6478 6354
f 6478 6359 6358
f 6476 6389 6386
f 6370 6477 6311
f 6477 6309 6311
f 6356 6479 6371
f 6479 6355 6371
f 6355 6479 6381
f 6472 6386 6390
f 6441 6480 6442
f 6391 6458 6347
f 6396 6392 6329
f 6349 6477 6370
f 6220 6228 6229
f 6249 6247 6250
f 6248 6247 6249
f 5632 5639 5076
f 5955 5629 4327
f 5629 5955 5954
f 5245 5953 5149
f 5953 5245 4780
f 5648 5548 5949
f 5548 5648 5547
f 5614 5531 5948
f 5639 5632 5954
f 5531 5614 4779
f 6184 5170 5073
f 5170 6184 5957
f 5968 5090 5969
f 5953 4551 4550
f 4551 5953 4547
f 6134 5096 4521
f 4651 6134 4544
f 6134 4651 5096
f 5072 6184 5073
f 5090 5968 4539
f 5448 5633 5447
f 5058 5098 5059
f 4615 5724 4616
f 4676 6059 3971
f 5200 4698 4697
f 4698 5200 4577
f 5916 5915 4694
f 5915 5916 4963
f 5386 5897 4889
f 5897 5386 5896
f 5633 5448 4536
f 6059 4676 5684
f 5306 5872 4177
f 5872 5306 4420
f 5737 4635 4634
f 4635 5737 4245
f 4144 6185 4308
f 5816 6186 4908
f 6184 5072 5957
f 5098 5058 4629
f 5724 4615 5725
f 6459 6460 6461
f 5968 4537 4539
f 4537 5968 4540
f 6232 6203 6229
f 6230 6202 6231
f 6200 6195 6192
f 6195 6193 6192
f 6246 6197 6245
f 6230 6203 6202
f 6233 6254 6255
f 6251 6254 6252
f 6226 6203 6227
f 6201 6253 6250
f 6247 6201 6250
f 6203 6230 6244
f 6217 6199 6198
f 6247 6248 6231
f 6251 6210 6248
f 6248 6210 6212
f 6210 6251 6252
f 6220 6244 6225
f 6253 6201 6203
f 5463 5959 5462
f 6233 6221 6224
f 6234 6192 6194
f 5959 5962 5462
f 5962 5959 5961
f 5650 5546 5547
f 5546 5650 5958
f 5959 5463 5958
f 6186 5816 4590
f 6186 5922 4908
f 6223 6216 6211
f 6215 6217 6208
f 6228 6220 6222
f 6242 6243 6244
f 6241 6235 6204
f 6239 6204 6240
f 6238 6191 6214
f 6225 6236 6237
f 6236 6225 6218
f 6235 6231 6212
f 6193 6234 6194
f 6199 6245 6197
f 6398 6397 6360
f 6452 6366 6360
f 6345 6398 6360
f 6356 6355 6381
f 6380 6357 6375
f 6375 6357 6359
f 6375 6359 6328
f 6345 6379 6364
f 6399 6400 6388
f 6399 6401 6402
f 6336 6339 6337
f 6382 6321 6383
f 6330 6377 6378
f 6361 6345 6364
f 6411 6403 6368
f 6336 6411 6368
f 6343 6410 6344
f 6407 6408 6409
f 6377 6330 6341
f 6339 6336 6367
f 6330 6334 6331
f 6345 6361 6362
f 6368 6404 6394
f 6321 6382 6384
f 6386 6387 6388
f 6487 6445 6422
f 6395 6466 6486
f 6408 6465 6433
f 6465 6408 6407
f 6406 6465 6407
f 6407 6486 6406
f 6486 6407 6395
f 6486 6466 6406
f 6385 6339 6340
f 6458 6342 6347
f 6324 6325 6326
f 6342 6376 6341
f 6345 6397 6398
f 6340 6327 6322
f 6395 6392 6396
f 6393 6373 6394
f 6391 6347 6392
f 6386 6389 6390
f 6380 6339 6367
f 6445 6488 6422
f 6405 6406 6396
f 6403 6404 6368
f 6357 6358 6359
f 6311 6356 6370
f 6376 6377 6341
f 6339 6375 6328
f 6372 6373 6374
f 6353 6350 6325
f 6349 6355 6369
f 6370 6356 6371
f 6354 6355 6356
f 6356 6311 6328
f 6357 6367 6369
f 6367 6368 6329
f 6365 6366 6362
f 6363 6361 6364
f 6323 6361 6363
f 6361 6323 6362
f 6412 6342 6413
f 6415 6337 6346
f 6331 6345 6360
f 6405 6372 6374
f 6317 6351 6353
f 6329 6330 6331
f 6336 6368 6367
f 6379 6345 6344
f 6376 6342 6323
f 6414 6379 6344
f 6377 6376 6378
f 6351 6317 6352
f 6350 6351 6352
f 6348 6309 6349
f 6322 6327 6328
f 6330 6347 6342
f 6342 6321 6323
f 6343 6344 6345
f 6341 6330 6342
f 6339 6327 6340
f 6327 6339 6328
f 6338 6332 6334
f 6335 6336 6337
f 6332 6333 6334
f 6339 6346 6337
f 5805 6139 4611
f 6487 6392 6409
f 6470 6411 6418
f 6480 6321 6442
f 6481 6408 6442
f 6370 6371 6349
f 6462 6335 6337
f 6425 6431 6338
f 6376 6338 6334
f 6338 6376 6437
f 6376 6485 6378
f 6467 6368 6394
f 6485 6376 6334
f 6454 6450 6348
f 6316 6423 6317
f 6423 6316 6350
f 6382 6489 6384
f 6441 6490 6449
f 6412 6488 6444
f 6387 6482 6388
f 6482 6387 6401
f 6454 6310 6450
f 6415 6462 6337
f 6368 6467 6468
f 6469 6345 6463
f 6324 6457 6325
f 6324 6455 6457
f 6455 6324 6365
f 6342 6458 6413
f 6463 6464 6461
f 6464 6459 6461
f 6465 6374 6433
f 6472 6470 6418
f 6463 6345 6331
f 6416 6475 6385
f 6416 6474 6402
f 6344 6473 6414
f 6471 6470 6472
f 6471 6472 6390
f 6470 6471 6403
f 6466 6396 6406
f 6410 6463 6461
f 6345 6469 6343
f 6474 6416 6417
f 6392 6487 6422
f 6431 6425 6427
f 6430 6471 6390
f 6484 6405 6396
f 6483 6484 6396
f 6483 6372 6484
f 6372 6483 6468
f 6399 6482 6401
f 6482 6399 6388
f 6474 6399 6402
f 6474 6400 6399
f 6405 6484 6372
f 6400 6474 6417
f 6445 6481 6442
f 6481 6445 6409
f 6485 6330 6378
f 6330 6485 6334
f 6466 6395 6396
f 6445 6487 6409
f 6489 6420 6384
f 6411 6470 6403
f 6366 6452 6362
f 6471 6430 6403
f 6465 6405 6374
f 6420 6489 6446
f 6446 6491 6436
f 6373 6492 6374
f 6492 6373 6436
f 6432 6492 6436
f 6492 6432 6374
f 6432 6491 6449
f 6491 6432 6436
f 6491 6446 6449
f 6405 6465 6406
f 6490 6432 6449
f 6435 6446 6436
f 6368 6483 6396
f 6483 6368 6468
f 6368 6396 6329
f 6432 6490 6433
f 6462 6415 6402
f 6446 6489 6449
f 6408 6481 6409
f 6446 6435 6421
f 4676 3971 4359
f 6139 5805 4904
f 4309 6185 5752
f 4551 5973 5079
f 3873 3872 341
f 4556 5621 4807
f 4555 5621 4556
f 5621 4555 5150
f 5953 4550 5149
f 4236 4248 4196
f 4586 4134 4135
f 5388 4618 3978
f 5977 5979 4670
f 5981 3902 4643
f 4753 5981 4090
f 5790 5429 4728
f 5980 5429 5790
f 5429 5980 4281
f 5980 5790 5137
f 5980 5791 5141
f 5940 5969 5231
f 4532 5505 4533
f 5505 4532 4564
f 5505 4564 5506
f 5972 5970 4651
f 5970 5972 5042
f 5971 5096 4651
f 5096 5971 4522
f 5971 5970 5042
f 5970 5971 4651
f 4540 4980 4066
f 4980 4540 4981
f 5791 5980 5137
f 4540 5067 4541
f 5968 5969 4981
f 5973 4546 5079
f 4546 5973 4547
f 5973 4551 4547
f 5969 5940 4981
f 5507 4542 4543
f 5507 4566 4542
f 4566 5507 5506
f 5067 4540 4066
f 5980 5788 4281
f 5788 5980 5141
f 4607 5718 4896
f 5979 5383 4891
f 5976 4741 5774
f 4741 5387 4679
f 5387 4741 4894
f 4119 5770 4592
f 5770 4119 4120
f 5770 4883 4592
f 4883 5770 4885
f 4134 4586 4588
f 4590 5103 5975
f 5103 4138 351
f 4588 4586 4585
f 4741 5976 4894
f 5438 4570 5774
f 4570 5438 4212
f 5978 4720 5384
f 5383 5979 5384
f 5979 5879 4670
f 4138 5103 4590
f 5504 5971 5013
f 5979 5978 5384
f 4902 5918 4405
f 4606 5718 4607
f 5718 4606 4814
f 4604 4367 4368
f 4367 4604 4369
f 5808 4107 4110
f 4616 5724 5130
f 4616 5221 5222
f 5221 4616 5130
f 4604 5308 4605
f 4616 3876 4617
f 4107 5808 5205
f 4107 5807 5684
f 5918 4902 4965
f 5807 4107 5205
f 4614 5804 4904
f 4523 5804 4614
f 5804 4523 4525
f 5805 4611 4013
f 3876 4616 5222
f 5971 5504 4522
f 5043 5971 5042
f 5971 5043 5013
f 4654 5303 4655
f 5303 4654 4215
f 5984 5829 5827
f 5829 5984 4399
f 5984 5870 5322
f 5870 5984 5827
f 5972 4650 4652
f 4650 5972 4651
f 5419 4045 5099
f 5972 5869 4984
f 4174 4480 4175
f 4323 4480 4174
f 4881 5875 5314
f 5443 4668 4958
f 4666 5309 5311
f 5309 4666 4667
f 4666 5314 4664
f 5314 4666 5311
f 5099 4045 448
f 5314 5875 4955
f 4045 5419 4289
f 5869 5972 4652
f 4741 4673 5774
f 4673 5914 4267
f 5914 4673 4675
f 4673 5773 5774
f 5773 4673 4267
f 5249 4595 4051
f 5249 4672 4595
f 5377 4677 4452
f 4668 5443 4669
f 4677 5377 5379
f 5891 4737 4739
f 4678 5122 4122
f 5122 4678 4601
f 5386 4889 4891
f 4889 5897 4739
f 4737 5891 5893
f 4672 5249 4628
f 5934 4671 4669
f 5180 4737 5893
f 5879 5979 4891
f 5875 4881 4882
f 4881 5314 5311
f 4576 5412 5426
f 4578 5414 4701
f 5414 4578 4576
f 4715 5430 4491
f 4446 4558 4108
f 4676 4446 5684
f 4248 5430 4715
f 5430 4248 4969
f 5962 4504 5462
f 5752 4144 4145
f 5708 4719 365
f 5708 3975 4719
f 4580 5624 4051
f 5624 4580 4154
f 4504 5955 4327
f 4549 5951 4568
f 4248 4236 4969
f 5951 4549 4548
f 5414 4576 5426
f 4177 5872 5987
f 4504 5962 5955
f 5136 5974 5138
f 4954 5883 4111
f 5883 4954 4956
f 4954 4111 462
f 5904 4236 4812
f 5306 4177 4176
f 4621 5810 4622
f 4618 5388 4619
f 5969 5090 5032
f 5955 5962 5956
f 4568 5951 4533
f 5412 4575 4477
f 4574 5407 4695
f 4573 5407 4574
f 5407 4573 4692
f 3902 4690 5104
f 5974 5400 5138
f 5400 5974 4689
f 5974 5136 5137
f 5412 4576 4575
f 4720 5898 5384
f 5898 4720 5580
f 4720 5978 4721
f 6296 6308 6294
f 6308 6307 6294
f 6316 6317 6318
f 6293 6291 6307
f 6279 6282 6314
f 6314 6282 6315
f 6304 6298 6312
f 6312 6313 6304
f 6302 6300 6301
f 6309 6310 6311
f 6281 6283 6284
f 6281 6282 6279
f 6260 6275 6255
f 6279 6280 6281
f 6266 6246 6277
f 6264 6246 6245
f 6246 6264 6277
f 6220 6227 6244
f 6307 6308 6293
f 6231 6248 6212
f 6301 6300 6303
f 6315 6318 6314
f 6286 6285 6284
f 6284 6283 6286
f 6304 6299 6298
f 6300 6299 6303
f 6297 6295 6301
f 6301 6295 6302
f 6298 6299 6300
f 6296 6295 6297
f 6318 6315 6316
f 6294 6295 6296
f 6292 6290 6289
f 6289 6290 6291
f 6287 6288 6285
f 6285 6286 6287
f 6306 6288 6287
f 6292 6306 6305
f 6305 6290 6292
f 6319 6320 6310
f 6291 6293 6289
f 6287 6305 6306
f 6246 6266 6197
f 6241 6259 6235
f 6256 6230 6235
f 6254 6272 6252
f 6272 6254 6233
f 6205 6213 6207
f 6208 6197 6211
f 6199 6217 6218
f 6185 4144 5752
f 5308 4603 5231
f 6266 6264 6263
f 4603 5308 4604
f 5977 5978 5979
f 4722 5977 4671
f 5977 4722 4721
f 5106 5111 4893
f 5111 5106 4596
f 5369 6138 5689
f 6138 5369 5365
f 4312 6138 5365
f 5978 5977 4721
f 6242 6258 6243
f 6264 6266 6277
f 6254 6276 6255
f 6238 6265 6191
f 6262 6234 6193
f 6264 6261 6262
f 6261 6264 6245
f 1051 1250 1221
f 6221 6271 6222
f 6271 6221 6233
f 6269 6231 6202
f 6278 6220 6229
f 6276 6251 6248
f 6278 6203 6226
f 6275 6274 6229
f 6274 6275 6260
f 6234 6261 6192
f 1053 1250 1051
f 1250 1053 1854
f 6203 6278 6229
f 6220 6278 6226
f 6251 6276 6254
f 6185 4309 4308
f 6281 6280 6283
f 6276 6260 6255
f 6227 6203 6244
f 6197 6268 6198
f 6268 6197 6209
f 6238 6267 6240
f 6267 6238 6214
f 6267 6213 6240
f 6215 6219 6211
f 4519 5019 4553
f 6213 6267 6214
f 6237 6215 6216
f 6228 6275 6229
f 6275 6228 6255
f 6217 6268 6209
f 6268 6217 6198
f 6232 6274 6250
f 6274 6232 6229
f 6274 6260 6250
f 6259 6206 6243
f 6270 6228 6222
f 6223 6273 6224
f 6201 6269 6202
f 6269 6247 6231
f 4722 4671 4858
f 5976 4570 4894
f 4671 5977 4670
f 5111 4596 4405
f 4596 5106 4597
f 5369 5689 4801
f 5365 5369 5367
f 4570 5976 5774
f 6269 6201 6247
f 6112 4380 4377
f 6113 5795 4946
f 6230 6231 6235
f 6239 6205 6204
f 6210 6223 6211
f 6272 6233 6224
f 6271 6270 6222
f 6233 6270 6271
f 6270 6233 6255
f 4380 6112 4182
f 6260 6276 6248
f 6273 6223 6210
f 6210 6272 6273
f 6253 6232 6250
f 6232 6253 6203
f 6263 6262 6193
f 6190 6265 6238
f 6265 6190 6191
f 6190 6238 6240
f 6196 6200 2469
f 6200 864 2469
f 6260 6249 6250
f 6264 6262 6263
f 6243 6256 6259
f 6192 6261 6245
f 1854 1053 1101
f 2468 863 1237
f 2469 863 2468
f 863 2469 864
f 6256 6235 6259
f 6228 6270 6255
f 6261 6234 6262
f 6273 6272 6224
f 6213 6205 6239
f 6230 6256 6257
f 6272 6210 6252
f 6219 6208 6211
f 6258 6256 6243
f 6197 6266 6263
f 6245 6199 6218
f 6206 6207 6243
f 6249 6260 6248
f 6206 6241 6204
f 6213 6239 6240
f 6241 6206 6259
f 6215 6236 6218
f 6236 6215 6237
f 6223 6237 6216
f 6237 6223 6225
f 6242 6256 6258
f 6256 6242 6257
f 6230 6242 6244
f 6242 6230 6257
f 6221 6220 6225
f 6317 6353 6365
f 5994 5556 5560
f 5620 4659 4660
f 1322 1629 1834
f 3533 3534 2642
f 3534 3533 3290
f 3533 2643 1297
f 2643 3533 2642
f 3533 3378 3376
f 3378 3533 1297
f 3533 3532 3290
f 3532 3533 3376
f 3530 2617 1872
f 2617 3530 2618
f 3530 2988 2153
f 2988 3530 1872
f 3530 3529 3531
f 2687 1632 3005
f 1632 2687 2685
f 2697 1836 1725
f 1629 1322 1320
f 3537 3536 3323
f 3552 3224 1849
f 3536 3537 3400
f 3544 1615 3545
f 3544 3545 2999
f 3549 3546 2290
f 3547 3457 2292
f 3457 3547 3458
f 3550 2862 3458
f 3550 1707 2862
f 1707 3550 1704
f 3324 3535 3396
f 3550 3548 1704
f 3545 1614 2999
f 1620 3549 2290
f 3549 1620 1617
f 2290 3547 2292
f 3547 3546 3548
f 3546 3547 2290
f 1614 3545 1615
f 3539 3538 3540
f 3549 3548 3546
f 3536 3401 1379
f 3401 3536 3400
f 1515 3402 3400
f 1865 3028 1866
f 3028 1865 2186
f 1459 1606 1608
f 1606 1459 360
f 1459 3025 2283
f 3025 1459 1608
f 1555 3559 2467
f 3559 1555 1850
f 1866 3028 1537
f 2195 3065 2957
f 2201 3561 3562
f 1876 3564 1878
f 3284 3566 2332
f 3565 1879 1912
f 3565 1880 1879
f 1880 3565 2265
f 2639 1964 2011
f 1964 2839 1625
f 2957 3065 2141
f 1615 3544 2389
f 1947 3045 1948
f 1947 2471 3045
f 3402 1515 1269
f 1515 3537 3323
f 3537 1515 3400
f 3535 3324 3323
f 1836 2697 2696
f 3324 3397 2904
f 3397 3324 3396
f 3536 3398 3396
f 2471 1947 2472
f 3398 3536 1379
f 3535 3536 3396
f 3551 1850 2340
f 3010 3552 2174
f 3566 3284 1454
f 3560 1555 2467
f 3065 2195 1281
f 2195 2957 2197
f 3045 2471 2475
f 3536 3535 3323
f 2715 3539 1753
f 3539 2715 2716
f 3541 3542 3492
f 3210 1946 1895
f 1893 3576 3573
f 1942 3585 2367
f 3576 1893 1895
f 1893 3573 2350
f 1945 2994 2995
f 2994 1945 1944
f 1943 3320 1513
f 3210 1866 1946
f 3320 1943 2344
f 1930 2562 2333
f 3064 3578 3063
f 1928 2562 1930
f 3580 1914 1913
f 1907 3249 2311
f 1904 3249 1907
f 3249 1904 1906
f 1905 3579 1910
f 3169 2120 2924
f 3579 1905 1904
f 1866 3210 1469
f 3218 1947 1901
f 2032 3584 2514
f 3584 2032 2338
f 2129 3584 2338
f 3584 2129 2514
f 1935 3142 1937
f 1798 3172 1543
f 3172 1798 1931
f 3564 3583 1878
f 1947 3218 2472
f 2532 3564 2271
f 3583 2532 1578
f 3167 3169 3168
f 2120 3169 3167
f 2947 1563 1938
f 1563 2947 845
f 3585 1942 353
f 3573 3576 3296
f 3218 1901 1773
f 2532 3583 3564
f 3564 1876 2271
f 3579 1904 1908
f 2661 2300 2035
f 3582 3250 1875
f 3250 3581 3562
f 1883 3262 3236
f 2478 3566 2209
f 3529 3530 2153
f 3538 3539 2716
f 1641 2953 1846
f 2953 1641 1643
f 3250 3582 2456
f 1640 3299 1592
f 1982 2925 1983
f 1838 2162 1839
f 2162 1838 2071
f 3542 3543 2443
f 3543 3542 3540
f 3542 3418 2582
f 3418 3542 2443
f 3542 3541 3540
f 3299 1640 1844
f 2300 2661 2514
f 3582 1918 2456
f 3579 1920 1910
f 2300 2513 2516
f 2513 2300 2514
f 2298 2939 1502
f 2939 2298 2130
f 2298 3240 1490
f 3240 2298 1502
f 1914 3580 2883
f 3580 3562 3581
f 1918 3582 1875
f 3580 3581 2883
f 2562 1928 2326
f 1927 2527 1928
f 2527 1927 2332
f 1928 2527 2326
f 2156 1925 1924
f 1923 1244 362
f 1920 3579 1921
f 3581 3250 2883
f 1921 3579 1908
f 3561 1873 3562
f 1876 1457 2271
f 1457 1876 1528
f 1680 1679 1631
f 1631 1682 1680
f 1682 1631 3310
f 1691 3330 1673
f 3330 1691 2393
f 3330 1670 1673
f 2827 1261 2099
f 1261 2827 2229
f 1655 1567 1512
f 1239 3349 1240
f 2611 1288 2199
f 1288 2615 1287
f 2615 1288 2613
f 3246 3364 2149
f 3364 3246 1522
f 3363 3362 1716
f 3362 3363 1278
f 3363 2608 2904
f 2189 3360 2004
f 2608 3363 1716
f 1631 1679 1949
f 3331 1580 1622
f 3264 1678 2376
f 3264 1679 1678
f 1679 3264 2898
f 3326 3327 1556
f 2386 3009 2176
f 1561 3009 2386
f 3009 1561 1483
f 2378 3008 1811
f 1955 1620 345
f 2369 3070 1627
f 1564 3327 1855
f 1689 1655 1512
f 1655 1689 1653
f 1950 3015 1697
f 1694 3018 1819
f 3021 3332 3333
f 3332 3021 2968
f 3331 1579 1580
f 3070 2369 2074
f 3328 2341 1863
f 1277 3362 1278
f 1715 3361 1717
f 3360 2189 2191
f 3349 1239 2595
f 2189 2606 3059
f 2397 3351 1712
f 3351 2397 2460
f 1713 3351 2460
f 3351 1713 1712
f 1704 3350 1705
f 2606 2193 3059
f 3305 1805 1645
f 2949 1645 1805
f 1615 2177 1703
f 2177 1615 2389
f 2559 3349 2831
f 2559 2831 2560
f 2831 3349 2596
f 3349 2559 1240
f 3349 2595 2596
f 1645 2949 1646
f 3362 1277 1716
f 3365 2614 2613
f 2404 3366 2344
f 3361 1715 1714
f 2008 2606 2006
f 2193 2606 2008
f 1288 2611 2613
f 2612 3365 2613
f 3365 2612 2531
f 2623 2404 2403
f 2406 2989 1959
f 3366 2404 2371
f 2989 2406 2155
f 2156 3368 3367
f 3367 3368 2408
f 2404 2623 1877
f 2343 1529 2403
f 2614 3365 2616
f 1529 2343 1530
f 2404 2621 2371
f 2621 2404 1877
f 3368 2156 2155
f 3288 2032 2034
f 2341 3328 1923
f 1923 3328 3329
f 3224 3552 3010
f 1687 2598 1703
f 3380 1690 1409
f 1690 3380 1856
f 3557 3333 3513
f 3559 1849 2467
f 3558 2466 3338
f 3558 3338 3340
f 3552 1848 2174
f 3338 2466 2465
f 3333 3557 3023
f 3333 3019 3021
f 1657 3556 1858
f 3019 3333 3023
f 3328 2165 3329
f 2165 3328 2180
f 1669 3556 1671
f 3556 1669 1858
f 2466 3558 2467
f 1860 3012 2393
f 1848 3552 1849
f 3553 3554 2133
f 3563 2126 2128
f 2126 3068 1502
f 1874 3563 2128
f 1873 3561 3069
f 1555 3560 3326
f 3106 3326 3105
f 3224 3010 1483
f 1849 3559 1850
f 3553 2175 3554
f 2598 1687 1688
f 1584 1685 1854
f 2387 3553 2133
f 3553 2387 1853
f 2387 3555 2131
f 3555 2387 2133
f 3554 2946 2133
f 3554 2340 2946
f 2340 3554 2175
f 1685 1584 1683
f 2341 1923 362
f 2449 2861 2450
f 1253 3188 1254
f 3346 3347 1260
f 3345 2585 2147
f 2585 3345 2588
f 3345 1971 1975
f 1971 3345 2147
f 3040 3344 2581
f 3344 3040 2549
f 3040 3343 1996
f 3348 3347 2098
f 3343 3040 2581
f 2578 3037 2581
f 3039 2572 1993
f 2572 3039 1996
f 3020 3335 3021
f 3020 3334 3335
f 3018 1661 1656
f 3018 1694 1661
f 3327 1564 1556
f 3037 3343 2581
f 1778 2848 1777
f 3347 3348 2099
f 2848 1778 1780
f 1832 2570 2571
f 2569 2571 2822
f 2571 2569 1832
f 2447 2568 2565
f 2565 2095 2447
f 1208 3342 1201
f 3342 1208 1699
f 1988 3341 1826
f 3039 2573 2545
f 3341 1988 2357
f 3338 3339 3340
f 1588 3337 1589
f 3337 1588 1674
f 1677 3337 1674
f 3337 1677 1589
f 3335 3336 3021
f 2569 2822 1938
f 2573 3039 1993
f 3339 3338 2465
f 3352 1581 1712
f 2032 3288 2338
f 3566 2478 2332
f 3523 2093 1822
f 3298 3520 3521
f 3520 3298 2558
f 3298 3522 1592
f 3522 3298 3521
f 2818 3519 3520
f 3516 3517 1800
f 2818 3520 2558
f 3520 3519 3521
f 3519 2818 2817
f 3517 3518 2971
f 3518 3517 3024
f 3517 3516 3334
f 2927 2394 1696
f 1799 3499 1800
f 3499 1799 1478
f 2382 2850 1692
f 2093 3523 2825
f 1589 3519 2817
f 3499 3516 1800
f 3499 3334 3516
f 3512 1813 1815
f 2825 3523 2384
f 1593 3514 3515
f 3514 1593 1785
f 1818 1819 1820
f 3468 1818 1821
f 3468 1694 1818
f 1694 3468 1662
f 2880 3036 2881
f 2619 3332 2968
f 3333 2620 3513
f 2620 3333 2619
f 1988 3449 2446
f 3449 1988 2282
f 2446 3300 1988
f 3300 2446 1693
f 3356 1817 1816
f 2971 1246 1983
f 3332 2619 3333
f 2886 2456 2458
f 2310 2879 2881
f 3475 2310 2881
f 2888 3477 2059
f 3014 1679 2178
f 3430 2892 2739
f 2892 3430 2521
f 3430 2738 2489
f 2738 3430 2739
f 3477 2888 2890
f 3471 2382 2383
f 1679 3014 1950
f 2850 2382 2851
f 1660 3470 1671
f 3465 2454 3461
f 3464 3459 3461
f 3459 3464 3355
f 3464 3463 1662
f 3463 3464 3461
f 3460 3462 3461
f 3462 3460 3412
f 2594 1689 1637
f 2978 1822 2093
f 1679 2897 2178
f 3340 1329 1328
f 3393 2878 2877
f 2878 3393 2679
f 3474 3371 2626
f 2875 3474 2626
f 3472 2873 2872
f 2873 3472 2874
f 3473 2870 2869
f 2870 3473 1726
f 3478 1329 3339
f 3472 2866 2869
f 2382 3471 2851
f 3036 2880 2884
f 3476 3036 2242
f 3036 3476 2881
f 2897 1679 2898
f 3265 3479 1562
f 3479 3265 3339
f 1329 3340 3339
f 2866 3472 2726
f 2973 1822 2974
f 3341 1600 1826
f 1600 3341 2357
f 3163 3500 3382
f 3500 3163 2379
f 3163 3383 1423
f 3383 3163 3382
f 2378 3384 3382
f 3384 2378 1811
f 2378 3500 2379
f 3500 2378 3382
f 3501 3139 3433
f 2394 2392 1696
f 3256 2655 1723
f 2935 3491 2934
f 3503 2026 2123
f 2700 3473 2701
f 3156 3505 2031
f 3504 3156 2031
f 2936 2657 1316
f 2123 2657 2936
f 2655 3256 2217
f 2657 2123 2026
f 3139 3501 1937
f 3139 3502 3433
f 1503 3511 1441
f 3511 1503 1791
f 2337 2955 2139
f 2136 3510 2137
f 2464 3510 2136
f 3510 2464 2951
f 3345 3508 3509
f 3508 3345 1975
f 3502 3139 3141
f 3345 2751 2588
f 2348 3508 1975
f 3508 2348 3509
f 2844 3374 2845
f 3473 2940 2701
f 2940 3473 2794
f 3473 2700 1726
f 3256 2931 2764
f 2931 3256 1723
f 2751 3345 3509
f 3460 3459 3355
f 2122 3503 2123
f 1758 3503 2122
f 2976 1822 2977
f 1822 2973 1571
f 1226 1825 1061
f 1825 1226 1094
f 2982 1601 1695
f 1827 2563 1830
f 3527 3322 2985
f 3321 3526 2603
f 1822 2976 2974
f 3321 2605 3005
f 1649 2569 1939
f 2569 1649 1832
f 2563 1827 1699
f 1601 2982 1824
f 1096 3342 1699
f 3342 1096 1201
f 1096 1827 1829
f 1827 1096 1699
f 2605 3321 2603
f 3491 2935 1756
f 1819 1566 1820
f 2970 1566 3357
f 3503 1758 1760
f 2462 3469 3422
f 3469 2462 2455
f 1667 3470 2455
f 3470 1667 1671
f 1599 3511 1791
f 1405 3512 1406
f 3512 1405 1813
f 1566 1819 342
f 1822 2978 2977
f 1808 2464 3525
f 1596 3524 1582
f 3524 1583 1582
f 1566 3356 3357
f 3356 1566 1817
f 1808 3524 1596
f 3524 1808 3525
f 1566 2970 1820
f 2464 1808 2951
f 3459 3460 3461
f 3223 3457 3458
f 3457 3223 2292
f 3572 3295 2497
f 3295 3572 3296
f 3572 2497 2834
f 3206 3572 2834
f 3573 3206 2350
f 1946 3575 1895
f 3214 1946 1537
f 1897 3279 2249
f 2497 3295 2499
f 3216 1899 1898
f 2289 3577 3302
f 3577 2289 1903
f 2289 3302 2841
f 1902 3216 1871
f 1899 3216 1902
f 3217 1901 1948
f 3279 1897 1896
f 3217 1900 1901
f 3302 3577 1869
f 1900 3217 1898
f 3209 1893 2350
f 1894 3209 1464
f 3416 1713 2441
f 1384 3407 1377
f 3404 2775 2776
f 2775 3404 1552
f 3404 2916 2576
f 2916 3404 2776
f 3407 1795 1796
f 3407 1384 1795
f 3209 1894 1893
f 3322 3527 3321
f 3322 3528 2985
f 3572 3573 3296
f 3576 3574 3296
f 3574 3575 1472
f 3213 3574 1472
f 3294 3213 1719
f 3294 3574 3213
f 3574 3294 3296
f 3528 3322 1354
f 3484 2397 2135
f 2842 1899 1903
f 1900 2842 1773
f 3184 3183 1447
f 3186 1920 1922
f 3571 3239 3236
f 3239 3571 3197
f 3571 3258 3201
f 3258 3571 3236
f 3571 3202 2276
f 3202 3571 3201
f 3184 1921 3183
f 3569 3186 2266
f 3569 1920 3186
f 1920 3569 1910
f 3569 3570 1910
f 2263 3570 3569
f 3570 2263 2265
f 2263 3569 2266
f 3578 3198 3063
f 3578 3233 1487
f 3183 1921 1908
f 2842 1900 1899
f 1921 3184 1922
f 1882 3262 1883
f 3279 1896 2247
f 3573 3572 3206
f 3571 3196 3197
f 3238 3578 1487
f 3196 3571 2276
f 2493 1891 1431
f 1891 3568 1578
f 1933 3567 2750
f 3262 1882 2215
f 3567 1933 2588
f 3434 2752 1426
f 2752 3567 2588
f 3567 3434 2750
f 2954 1889 1917
f 2954 1890 1889
f 1890 2954 2336
f 1883 3234 2025
f 3234 1883 3236
f 3434 3567 2752
f 2120 3167 1424
f 2397 3484 2460
f 2397 3485 2135
f 3265 3478 3339
f 1689 2594 2593
f 1799 3006 1628
f 3487 3409 3427
f 3490 3491 3492
f 3415 3489 2399
f 3489 3415 3412
f 3415 3358 1711
f 3466 3462 3412
f 3358 3415 2399
f 3359 3460 3355
f 3460 3489 3412
f 3489 3460 2399
f 3466 3487 3427
f 3487 3466 3412
f 3466 3428 3422
f 3428 3466 3427
f 3409 3488 3427
f 3460 3359 2399
f 3488 3409 2063
f 3465 3466 3422
f 3467 3464 1821
f 2451 1956 2449
f 1956 2451 2148
f 2451 2860 1780
f 2860 2451 2450
f 2454 3465 3422
f 3463 2454 1662
f 2454 3463 3461
f 2970 3354 1821
f 3466 3465 3461
f 3470 1660 2455
f 3469 2454 3422
f 3354 3467 1821
f 3467 3354 3355
f 3354 2970 3357
f 3464 3468 1821
f 3462 3466 3461
f 3468 3464 1662
f 3464 3467 3355
f 2454 3469 2455
f 3485 2397 1583
f 3491 3490 2549
f 3491 3493 3492
f 3482 1788 1790
f 2235 3482 1790
f 3482 2235 3483
f 1788 2911 1789
f 1786 3481 1747
f 3481 1786 3480
f 3481 3442 1747
f 3480 3442 3481
f 1788 3482 3483
f 1517 2904 1717
f 3361 1517 1717
f 1689 2592 1652
f 2909 2327 1357
f 2707 1793 1280
f 1793 2707 1794
f 1713 3416 1711
f 3486 2952 2381
f 2952 3486 2135
f 2904 1517 1516
f 3493 3491 1756
f 1792 2909 1789
f 3484 3486 2460
f 1841 2346 3292
f 3006 1799 1801
f 1628 3006 1627
f 2428 3498 3436
f 3497 2428 3436
f 3496 1841 1847
f 2346 1841 3496
f 3495 2346 3496
f 2909 1792 2327
f 2919 2442 2921
f 3365 2922 2872
f 2922 3365 2531
f 3494 2061 2063
f 3494 2442 2061
f 2442 3494 2921
f 3409 3487 3412
f 3486 3484 2135
f 2592 1689 2593
f 2346 3495 2345
f 5994 4802 4764
f 1581 3352 2401
f 1709 3358 2399
f 4840 4841 4842
f 5998 4712 4836
f 4837 5998 4836
f 5998 4837 4842
f 4839 5997 4302
f 5997 4839 4713
f 4841 5997 4713
f 5997 4841 4302
f 4840 4268 4270
f 4268 4840 4269
f 4837 4579 4269
f 4579 4837 4834
f 4835 4708 4834
f 4708 4835 4707
f 4832 4700 4299
f 4700 4832 4701
f 4712 5998 4842
f 4229 4793 4591
f 4572 4228 4231
f 4224 4821 4227
f 3397 3363 2904
f 3390 2681 2223
f 2699 3392 2696
f 3392 2699 2701
f 3395 3363 3396
f 1383 3399 3055
f 1268 3399 3400
f 3399 1268 3055
f 1268 3402 1269
f 4841 4840 4303
f 3402 1268 3400
f 3401 1383 1379
f 3399 1383 3400
f 3363 3395 1278
f 1378 3395 3396
f 3395 1378 1278
f 1378 3398 1379
f 3398 1378 3396
f 3363 3397 3396
f 1383 3401 3400
f 6018 6016 5461
f 5748 4719 3974
f 4873 4872 4173
f 462 4665 4954
f 4665 462 461
f 4665 5315 4954
f 4811 4480 4274
f 4480 4811 4175
f 4416 5728 4106
f 5728 4416 4444
f 4892 5995 3870
f 5319 4606 4608
f 4740 4678 4123
f 4572 4223 4228
f 5974 5790 4235
f 5790 5974 5137
f 5974 5734 4689
f 5734 5974 4235
f 4686 4793 4229
f 4793 4686 4794
f 4223 4572 4822
f 4678 4740 4679
f 2675 3390 2668
f 4606 5319 4813
f 4558 4210 3866
f 4732 5759 4731
f 5759 4732 5758
f 4723 5933 4450
f 5933 4723 4307
f 4863 5750 4864
f 5750 4863 4862
f 4875 4305 4819
f 4217 4455 5193
f 4210 4558 4446
f 4455 4217 4456
f 4131 4217 5193
f 4698 4578 4831
f 4578 4698 4577
f 4791 5411 4792
f 5411 4791 4475
f 5995 4892 4352
f 4677 5995 4352
f 5995 4677 3870
f 4217 4131 4130
f 3390 2675 2677
f 2694 3392 2690
f 3392 2694 2696
f 1296 3381 1297
f 3381 1296 3382
f 2641 1295 1297
f 3379 3375 3376
f 3375 1810 3376
f 3375 3379 1811
f 3379 3378 1297
f 3378 3379 3376
f 3383 1296 1423
f 1810 3377 3376
f 1810 3375 1811
f 2051 2669 2049
f 3391 2046 2048
f 3413 3415 1711
f 2702 2431 1731
f 2433 3405 2052
f 3404 2703 1733
f 2703 3404 2576
f 3377 1810 3291
f 3404 2704 1552
f 1296 3383 3382
f 1295 3380 1409
f 2638 3372 2634
f 3373 2638 2011
f 3373 3372 2638
f 3372 3373 2012
f 2631 3372 2012
f 2412 2624 2626
f 2624 2412 1959
f 2412 3371 2411
f 3384 3379 3382
f 3371 2412 2626
f 3369 2412 2407
f 2321 3370 2407
f 3370 2321 2322
f 2409 3370 2322
f 3370 2409 2407
f 3372 2632 2634
f 2633 3374 2634
f 3374 2637 2634
f 2412 3369 1959
f 5996 4681 4815
f 2704 3404 1733
f 2706 1732 1387
f 2436 2913 1729
f 2433 3407 1796
f 2060 2709 2056
f 2434 2709 2060
f 2431 2702 1382
f 1385 3403 1731
f 2681 3390 2677
f 3403 1385 1387
f 3408 3409 3410
f 3392 2941 2692
f 1497 3394 1498
f 3394 1497 1725
f 3393 2693 2690
f 2693 3393 1325
f 3393 2689 2679
f 2689 3393 2690
f 3392 2688 2690
f 2688 3392 2692
f 2941 3392 2701
f 1732 2706 1733
f 3409 3408 2063
f 3411 3409 3412
f 2914 1732 1734
f 2914 1728 1732
f 1728 2914 1729
f 1727 2913 1730
f 2913 1727 1729
f 3403 1727 1731
f 3403 1728 1727
f 1728 3403 1387
f 2709 2434 2435
f 1538 2708 1280
f 1729 2915 2436
f 3409 3411 3410
f 3415 3411 3412
f 3411 3415 3410
f 2440 3414 3410
f 3414 2440 1392
f 2440 3413 1711
f 3413 2440 3410
f 2437 3406 2434
f 4820 5397 4222
f 5397 4820 4461
f 4816 5388 3887
f 5168 4732 4730
f 4714 5123 4362
f 4712 5219 4836
f 5219 4712 4709
f 5408 4691 4693
f 4691 4119 4594
f 4690 5224 5104
f 5224 4690 4625
f 4732 5168 4191
f 4687 4811 4274
f 4686 4706 4794
f 4706 4686 4462
f 4821 5399 4464
f 5399 4821 4822
f 4821 5903 4227
f 5903 4821 4464
f 4571 5899 5901
f 5899 4571 4227
f 4811 4687 4812
f 4571 5930 4271
f 5428 4805 4333
f 4729 5167 4730
f 5224 5103 5104
f 5924 5224 4627
f 5924 5103 5224
f 5103 5924 5975
f 5922 4590 5975
f 4590 5816 4591
f 4714 4480 4323
f 5431 4727 4490
f 5428 4334 4489
f 4727 5431 4969
f 4734 4877 4492
f 5126 4735 4370
f 4745 5932 4494
f 5932 4745 4746
f 4745 5762 4747
f 5762 4745 4494
f 4877 4734 4198
f 4334 5428 4333
f 5167 4729 4172
f 5928 5988 4624
f 4691 5408 4692
f 4574 5360 4124
f 4775 5594 5595
f 5594 4775 3999
f 4772 3998 3997
f 3998 4772 5846
f 5584 4770 4284
f 4767 5571 3951
f 5571 4767 3953
f 4768 4767 3950
f 4000 4774 4001
f 4767 4768 4186
f 5539 4759 4152
f 4275 4391 3903
f 4275 3903 356
f 5600 5983 5602
f 5994 3935 5556
f 4810 4180 4184
f 4558 4047 4559
f 4659 5620 4417
f 4759 5539 3928
f 5360 4574 4675
f 4774 4000 3999
f 4774 4003 4096
f 4706 5865 4794
f 4710 5415 4967
f 5415 4710 4709
f 4835 5220 5216
f 5220 4835 4836
f 4706 5919 4944
f 5919 4706 4707
f 5865 4706 4944
f 4003 4774 4004
f 5912 4574 4695
f 5931 4700 4488
f 5200 4697 4965
f 5916 4694 4829
f 4694 5915 4695
f 4574 5912 4675
f 4735 5126 4424
f 4735 4422 4187
f 5159 4795 4797
f 4700 5931 4300
f 3379 3384 1811
f 5988 5928 4306
f 5988 5982 4624
f 3880 6012 3883
f 6013 3978 3885
f 3978 6013 3887
f 6014 3883 3884
f 6018 4220 3889
f 5461 6017 5464
f 6017 5461 6016
f 3889 6015 6016
f 6005 4153 4154
f 6015 3889 3891
f 3884 6012 3888
f 6013 3884 3887
f 6012 3884 3883
f 4192 6011 3883
f 6011 4192 4005
f 3886 6014 3884
f 6014 3886 4192
f 3884 6013 3885
f 3883 6014 4192
f 3858 6003 5453
f 4153 6005 4746
f 6006 3868 4046
f 5388 4816 4683
f 5996 4570 4214
f 4681 5996 4214
f 4582 4876 4042
f 4876 4582 4583
f 4733 4877 4179
f 6004 4356 4848
f 6012 3880 3888
f 4746 6005 4743
f 3881 6011 4005
f 3872 6010 4749
f 6010 3872 3874
f 6008 6009 5379
f 6008 3870 6009
f 3870 6008 3871
f 3869 6007 3870
f 6007 3869 4207
f 3868 6006 3866
f 6011 3881 3883
f 5982 5988 4623
f 4877 4733 4334
f 4350 5180 5893
f 4565 6000 6001
f 6000 4565 5048
f 5213 4710 4966
f 4668 5879 4890
f 4962 5809 4961
f 5809 4963 4961
f 4431 5771 4349
f 5999 5771 4203
f 6001 6000 5000
f 4347 5771 5999
f 4121 4193 4115
f 4193 4121 4122
f 4422 4735 4424
f 5123 4714 4323
f 5988 5929 5901
f 5929 5988 4306
f 5988 5902 4623
f 5902 5988 5901
f 5771 4347 4349
f 6003 3858 3860
f 4599 4598 5113
f 4308 6002 4310
f 5180 4350 4115
f 4914 5834 4246
f 5834 4914 4913
f 4614 5683 4166
f 5683 4614 4790
f 4886 5437 4887
f 5437 4886 4448
f 4734 5761 4198
f 6002 4308 4724
f 5761 4734 4494
f 4278 5760 4330
f 5760 4278 4878
f 4878 5102 4879
f 5102 4878 4275
f 5101 4663 4665
f 4663 5101 4957
f 5879 4668 4670
f 4710 5213 4711
f 4880 5760 4878
f 3353 3354 1816
f 2674 3391 2048
f 3385 3079 2014
f 1515 2904 1516
f 2370 2923 1843
f 2923 2370 2924
f 3325 2167 2154
f 3325 2287 2167
f 2287 3325 1871
f 3324 2904 3323
f 2904 1515 3323
f 2344 3319 3320
f 1354 3321 2315
f 3321 1354 3322
f 1511 3319 1634
f 3319 1511 1513
f 3319 1639 1634
f 3320 3319 1513
f 1836 3311 1837
f 1631 1888 3310
f 3319 2344 1639
f 2865 3318 1681
f 2865 2375 3318
f 3312 1353 3123
f 1590 2967 1591
f 2969 3301 1869
f 3170 2370 2255
f 3311 1836 1324
f 2375 2865 1495
f 1567 3315 3289
f 3315 1567 1654
f 1653 3317 1655
f 3301 2969 2968
f 3317 1653 1651
f 3315 2362 3289
f 2362 3314 2363
f 1645 3000 1614
f 3000 1645 1644
f 1641 3313 1642
f 3313 1641 2374
f 2992 2370 1843
f 1353 3312 1664
f 3316 3314 1654
f 1888 1631 1630
f 3304 1831 2342
f 1831 3304 1829
f 2987 1283 1287
f 1265 2984 2359
f 3305 1614 1616
f 2984 1265 2602
f 1957 3306 1955
f 3306 1957 1618
f 1620 3306 1618
f 3306 1620 1955
f 3307 1586 1585
f 1614 3305 1645
f 2406 3368 2155
f 3369 2406 1959
f 2749 1425 3168
f 1439 2981 1823
f 2981 1439 1441
f 1439 3439 1447
f 3439 1439 1823
f 3292 3438 1842
f 3368 2406 2408
f 3207 1479 1466
f 1586 3307 3308
f 3309 1629 1323
f 1096 3304 361
f 3304 1096 1829
f 1572 1598 1573
f 1584 3289 2355
f 3289 1584 1568
f 1507 3303 2179
f 1595 3303 1507
f 3303 1595 1698
f 3308 3307 2159
f 1595 2894 2109
f 1580 1269 1514
f 3301 3302 1869
f 3302 3301 2841
f 2983 1609 2182
f 2983 1610 1609
f 1610 2983 1648
f 2359 2984 1665
f 1629 3309 1835
f 2894 1595 1509
f 1363 3211 1364
f 1560 1559 401
f 1567 3289 1568
f 3115 3282 3109
f 3160 1492 1413
f 3160 1256 1492
f 1256 3160 1257
f 3033 1349 1351
f 3033 1468 1349
f 1468 3033 1469
f 2349 1292 2286
f 3282 3115 1340
f 1292 2349 1962
f 3074 3295 3294
f 2555 3297 2553
f 2553 3297 2557
f 3297 1535 2557
f 1592 3299 3298
f 2967 1590 1693
f 2967 2374 1591
f 1582 2959 1597
f 3294 3295 3296
f 2959 1582 1581
f 2288 3159 2247
f 3159 2187 1257
f 2606 2189 2004
f 3267 2005 2004
f 2005 3267 3268
f 3267 3360 2191
f 3360 3267 2004
f 2400 3359 3355
f 3358 1709 1711
f 3354 3353 3355
f 3159 2288 2187
f 2400 3353 1816
f 2400 2958 2401
f 2958 2400 1816
f 3354 3356 1816
f 3356 3354 3357
f 2369 3007 2163
f 3007 2369 1627
f 2370 3170 2924
f 3074 3294 1719
f 3353 2400 3355
f 3438 3292 2903
f 2401 2959 1581
f 2558 3299 1944
f 3285 3253 2764
f 1550 3253 3285
f 1253 3228 1304
f 3228 1253 2184
f 3221 1347 1465
f 3221 1465 1466
f 1292 3207 2286
f 1570 2347 389
f 3285 1551 1550
f 3293 1574 3049
f 1444 1572 1571
f 388 2903 3292
f 2903 388 391
f 2347 2253 2348
f 2347 1570 2253
f 3207 1292 1479
f 1569 3290 3291
f 3290 1569 354
f 3293 1446 1442
f 3292 2346 388
f 1551 3285 2764
f 3286 2481 2479
f 1535 3297 1374
f 2558 3298 3299
f 1950 1580 1514
f 1576 1892 1577
f 1892 1576 1438
f 1576 1891 1578
f 1891 1576 1432
f 3295 3074 2499
f 2481 3286 1314
f 2270 3051 2269
f 1574 3293 1442
f 1347 3221 1348
f 2337 2938 2338
f 2335 3288 2034
f 2335 3146 2336
f 1553 3287 1742
f 1486 3097 1803
f 3097 1486 1312
f 3300 2357 1988
f 1841 3292 1842
f 1735 2992 1842
f 2992 1735 1737
f 3446 2773 2771
f 2773 3446 2768
f 3446 2769 2545
f 2769 3446 2771
f 1551 2762 2763
f 2762 1551 2764
f 1551 2765 1552
f 2781 1751 1753
f 2770 3286 2546
f 2781 1749 1751
f 1755 3448 1756
f 2810 3391 2811
f 1759 2777 1760
f 2777 1759 1748
f 1759 2787 1761
f 1758 2787 1759
f 2787 1758 2463
f 3448 1755 1757
f 1749 2781 1750
f 1751 2784 3447
f 3286 2770 2771
f 3445 2652 1802
f 2854 1776 1775
f 2859 2103 2105
f 1776 2859 1777
f 3454 1563 2833
f 3220 2843 2845
f 3220 2944 2520
f 2944 3220 2845
f 1772 2847 2504
f 2652 3445 1722
f 2847 1772 1771
f 2967 3313 2374
f 3313 2446 1642
f 2765 1551 2763
f 3391 2812 2811
f 3446 2917 2776
f 2917 3446 2545
f 3446 2774 2768
f 2774 3446 2776
f 2506 3455 2837
f 1776 2854 2078
f 1755 2777 1750
f 2777 1754 1760
f 2659 1553 2030
f 1553 2659 1286
f 2788 2416 2425
f 3389 2428 2429
f 2222 2669 2051
f 2669 2222 2223
f 3390 2043 2042
f 2043 3390 2223
f 3079 3385 3081
f 3390 2666 2668
f 2663 2423 2417
f 2664 2418 2322
f 3388 2416 2417
f 2421 2906 2420
f 2906 2421 2424
f 2423 3192 2424
f 3192 2423 2427
f 3388 2421 2041
f 2666 3390 2042
f 1754 2777 1755
f 2015 3079 3078
f 2649 3269 2014
f 1752 3447 2080
f 3447 1752 1751
f 3447 2784 2080
f 2440 3416 2441
f 3415 3413 3410
f 2406 3369 2407
f 3379 3381 3382
f 2221 3387 2030
f 3079 2015 2014
f 2935 1754 1756
f 2653 1720 1724
f 2414 2650 3078
f 2650 2414 2020
f 2330 3386 2020
f 3386 2330 2019
f 3269 3385 2014
f 3385 3269 3081
f 3269 2649 3268
f 1720 2653 1721
f 3381 3379 1297
f 1779 2930 3456
f 2930 1778 1781
f 2314 3440 1739
f 3440 2314 2113
f 1425 2749 2750
f 1425 3434 1426
f 2767 3445 2768
f 3434 1425 2750
f 3420 3426 3424
f 3426 3420 3427
f 3441 1744 1739
f 2462 3419 3421
f 2462 3425 1668
f 3425 2462 3421
f 3420 3423 3421
f 3423 3420 3424
f 3420 3419 3422
f 3419 3420 3421
f 2442 3418 2443
f 1393 2920 2921
f 3419 2462 3422
f 2920 1393 2242
f 1744 3441 1745
f 1741 3440 2113
f 1735 3438 2903
f 3438 1735 1842
f 3174 3437 3436
f 3437 3174 1437
f 3174 3435 1543
f 3435 3174 3436
f 1572 1443 1823
f 1443 1572 1444
f 1738 3441 1739
f 3439 1443 1447
f 2760 3445 2763
f 1743 3444 1746
f 3444 1743 1745
f 1743 3443 1744
f 3443 1743 1747
f 3442 3443 1747
f 1744 3442 2445
f 1443 3439 1823
f 3442 1744 3443
f 2930 1779 1778
f 1393 3417 1392
f 3428 3420 3422
f 3453 3454 2596
f 2825 2447 2092
f 1765 3452 2571
f 3452 1765 1764
f 3452 2821 2571
f 1764 2821 3452
f 2821 1764 2824
f 1764 3451 2824
f 3454 3453 1647
f 3451 1764 1644
f 1644 3450 3451
f 3450 1644 1646
f 2281 3449 2282
f 3449 2281 2446
f 2830 3454 2833
f 3454 2830 2596
f 1563 3454 1939
f 2859 1776 2103
f 3451 3450 2824
f 3417 1393 2921
f 2446 3313 2967
f 3445 2767 2763
f 3420 3428 3427
f 2733 3429 2730
f 3430 2747 2746
f 1419 3432 1420
f 3432 1419 3433
f 2366 2152 2168
f 2152 2366 2367
f 2366 3431 2368
f 3416 2440 1711
f 3431 2366 2168
f 3429 2728 2730
f 3430 2745 2521
f 2745 3430 2746
f 3153 2744 2746
f 2748 3153 2746
f 3429 2737 2739
f 2893 3429 2739
f 3445 2760 1722
f 2747 3430 2489
f 6435 6389 6421
f 6447 6391 6422
f 6420 6446 6421
f 4353 5775 4354
f 5775 4353 4500
f 5775 4434 4354
f 4266 5438 5774
f 5438 4266 4705
f 4344 5768 4345
f 5436 5768 4500
f 4602 5287 4413
f 5436 4345 5768
f 4773 5763 4335
f 4333 5693 3969
f 5693 4333 4805
f 5762 4768 4747
f 5762 4493 4768
f 4493 5762 4494
f 4331 5761 4494
f 5761 4331 4198
f 5108 4292 4294
f 4266 5773 4267
f 4292 5108 4597
f 4356 5281 4357
f 5334 4890 4889
f 4890 5334 4958
f 4887 5437 4866
f 4885 5770 4469
f 4197 5770 4120
f 5770 4197 4469
f 4485 5769 4486
f 5769 4485 4592
f 4328 5760 4880
f 4884 5769 4592
f 5772 4352 4206
f 4352 5772 4451
f 5773 4266 5774
f 4744 4600 4646
f 5287 4815 4382
f 5776 5777 5121
f 5776 5118 5029
f 5118 5776 5121
f 5769 4884 4486
f 5760 4328 4330
f 4236 4968 4969
f 5763 4773 5596
f 5276 3902 3903
f 5786 5139 5141
f 5139 5786 5143
f 5786 5791 5137
f 5791 5786 5141
f 4235 5790 4728
f 4235 5789 4236
f 5789 4235 4728
f 3902 5276 4643
f 5787 5788 5141
f 5152 4371 4865
f 4371 5152 4372
f 3907 5155 4988
f 4238 5793 4898
f 5701 5794 4609
f 5794 5701 5488
f 5485 5794 5488
f 5794 5485 4609
f 5788 5787 4281
f 5334 4889 4739
f 5140 5787 5141
f 5778 5704 5779
f 5763 5596 4002
f 5763 4008 4335
f 4187 4325 4063
f 4345 5436 4454
f 4340 5435 4341
f 4339 5767 4340
f 5767 4339 4113
f 5767 4882 4340
f 5185 4249 4251
f 5432 4064 3897
f 4008 5763 4002
f 5764 5765 4335
f 4337 5765 5764
f 5765 4337 5766
f 5765 4773 4335
f 4336 5764 4335
f 5764 4336 4337
f 4815 5287 4602
f 4325 4187 4178
f 5444 4427 4428
f 4427 5444 4585
f 5771 4351 4203
f 4397 5831 4400
f 5831 4397 4399
f 5599 4916 4912
f 5836 5837 4930
f 5837 5836 5144
f 4926 5297 4931
f 5601 5840 4925
f 5840 5601 4921
f 5832 4279 4281
f 4926 5842 4925
f 4929 5836 4930
f 5836 4929 5144
f 5297 4926 4927
f 5838 5837 5839
f 5695 4920 4922
f 4923 5841 5322
f 5841 4923 4921
f 4920 5840 4921
f 5842 4926 4930
f 5840 4920 4925
f 4279 5832 4910
f 4912 5833 4931
f 5800 5797 3936
f 5797 5307 5306
f 5307 5797 4419
f 5801 5802 4419
f 5802 5801 3891
f 5814 3990 5228
f 3990 5814 3992
f 5813 3990 3991
f 5833 4912 4910
f 5830 4398 4397
f 5835 4912 4916
f 4918 5240 5242
f 5240 4918 4916
f 4913 5835 4916
f 5835 4913 4911
f 5834 5402 4246
f 4913 5402 5834
f 5402 4913 4917
f 4912 5835 4911
f 4241 5298 4242
f 5837 5838 4930
f 4398 5830 4394
f 4398 5829 4399
f 5829 4398 5827
f 4393 5828 5827
f 5828 4393 4608
f 4393 5826 4394
f 4392 5318 4393
f 4019 5286 4653
f 5318 4392 4396
f 5826 4398 4394
f 4393 5318 4608
f 5825 4017 4951
f 5823 4010 4014
f 4010 5824 4011
f 5288 4381 4383
f 4381 5185 4384
f 5185 4381 4249
f 5768 4344 4500
f 4351 5771 4431
f 4017 5825 4018
f 5830 4397 4401
f 5826 4393 5827
f 5819 5822 5374
f 3990 5813 5228
f 4398 5826 5827
f 5819 5821 4959
f 5821 5819 5374
f 5819 5820 4421
f 5820 5819 4959
f 5819 5229 4528
f 5229 5819 4421
f 5823 4019 4653
f 5818 4008 4007
f 5814 3994 3992
f 3994 5225 3995
f 5225 3994 5228
f 3996 5817 3992
f 4823 5816 4908
f 3988 5815 4627
f 5815 3988 3992
f 5822 5819 4528
f 3994 5814 5228
f 5298 4241 4898
f 5793 4238 4917
f 5335 4374 3964
f 5859 5881 4882
f 5889 4447 4448
f 5890 4451 5685
f 5878 5316 5117
f 4460 5201 4389
f 5157 4466 4239
f 5404 4466 4468
f 5404 4237 4466
f 5881 5859 5858
f 4237 5404 4247
f 5904 4234 4236
f 4228 4708 4462
f 4708 4228 4225
f 5900 5903 4464
f 5903 5900 4227
f 5900 4463 4623
f 4463 5900 4464
f 5900 5902 5901
f 4234 5904 4812
f 5902 5900 4623
f 4451 5857 5685
f 5772 5857 4451
f 4425 5232 5234
f 5232 4425 4396
f 4890 5879 4891
f 5316 5878 5877
f 5316 5877 4868
f 5338 5723 5339
f 5723 5344 5339
f 5880 5881 5858
f 5857 5880 5858
f 5882 4205 4956
f 5881 5876 4882
f 5876 5881 4956
f 4205 5883 4956
f 5883 4205 4111
f 4205 5882 4206
f 5880 5857 5772
f 5881 5880 4206
f 5880 5772 4206
f 5882 5881 4206
f 5128 4813 3849
f 5900 5899 4227
f 4680 4253 4470
f 5892 5895 4350
f 5895 5892 5896
f 5892 5894 5893
f 5894 5892 4350
f 5892 5891 4739
f 5891 5892 5893
f 5747 4345 4453
f 4345 5747 4346
f 5897 5892 4739
f 5747 5380 5285
f 5685 5376 4452
f 5376 5685 5285
f 5890 5685 4452
f 5898 4201 5384
f 5382 4201 4351
f 4201 5382 5384
f 4460 4134 4589
f 5895 4431 4350
f 5380 5747 4453
f 4466 5157 4467
f 5892 5897 5896
f 4451 5890 4452
f 4253 4680 4255
f 5908 5909 4471
f 5908 5906 5441
f 5906 5911 4128
f 5911 5906 4471
f 5909 5910 4471
f 5910 5909 4251
f 5909 5908 5441
f 5390 4460 4461
f 5907 5905 5861
f 5905 5907 5441
f 5907 5860 4858
f 5860 5907 5861
f 5906 5862 5861
f 5862 5906 4128
f 5906 5905 5441
f 5899 5900 5901
f 5201 4460 4589
f 5905 5906 5861
f 5797 5800 4419
f 4813 5128 4814
f 4425 5328 4426
f 5781 5782 5779
f 5704 5780 5779
f 5780 5704 4826
f 5354 3874 3873
f 3874 5354 5353
f 5782 5352 5583
f 5786 5296 5143
f 5296 5786 5135
f 5782 5781 4749
f 5320 4895 4896
f 5433 4367 4370
f 5433 3897 3896
f 5784 5782 4749
f 4361 5416 4362
f 5416 4361 3882
f 5785 4361 4363
f 5785 3880 4361
f 3880 5785 3888
f 4367 5433 3896
f 5843 5601 4399
f 5778 5782 5583
f 5783 3878 5779
f 4182 5156 4183
f 4379 5792 4377
f 4375 5792 4376
f 5792 4375 4377
f 4375 5335 4378
f 4374 5335 4375
f 5787 5140 5144
f 5786 5133 5135
f 5782 5778 5779
f 5704 5778 5583
f 5784 3874 5353
f 4871 5783 5779
f 5783 4871 3879
f 4871 5780 4826
f 5780 4871 5779
f 3878 5781 5779
f 5781 3878 4749
f 3878 5783 3879
f 5133 5786 5137
f 5328 4425 5329
f 5601 5843 4921
f 5252 5885 4441
f 5821 4208 4959
f 5258 5364 5888
f 4208 5370 5372
f 5370 4208 5374
f 5867 4209 4442
f 4505 5371 4031
f 4443 5371 4505
f 5371 4443 5372
f 4978 4210 4359
f 5884 5395 4685
f 4447 5889 5121
f 5881 5882 4956
f 4429 5806 4387
f 5806 4429 4200
f 5806 4200 3966
f 4427 5156 4378
f 5156 4427 4183
f 4425 5234 5329
f 5395 4432 4137
f 4432 5395 5884
f 4210 4978 4211
f 4447 5777 4110
f 5355 5252 4441
f 4439 5887 4440
f 5887 4439 4319
f 4439 5886 4319
f 5886 4439 4441
f 5885 5886 4441
f 5885 4319 5886
f 4319 5885 4320
f 5777 4447 5121
f 4437 5445 4438
f 5445 4432 4434
f 4433 4685 4435
f 4433 5884 4685
f 5884 4433 4432
f 5885 5252 5251
f 5885 5251 4320
f 5364 5258 5356
f 4208 5821 5374
f 4432 5445 4437
f 4322 5123 4323
f 5801 5800 3936
f 4900 5244 4901
f 5178 5175 5179
f 5175 5176 5177
f 5174 4383 4384
f 5171 5170 5173
f 5017 5171 5173
f 5172 5017 3919
f 5172 5171 5017
f 5171 5172 5073
f 5170 5171 5073
f 4730 5167 5164
f 5168 4730 5164
f 5169 5168 5163
f 5169 5163 4994
f 5181 5174 4384
f 5182 5181 5177
f 5174 5182 4194
f 5183 5175 5181
f 5176 5178 5180
f 5176 5175 5178
f 5192 4131 5193
f 5163 5168 5164
f 5214 5215 5216
f 5214 5210 5212
f 5131 5132 5222
f 5127 5221 5130
f 5131 5221 5127
f 5221 5131 5222
f 5218 5210 5214
f 5218 5214 5216
f 5189 5188 5190
f 5210 5218 4711
f 5219 5218 5220
f 5219 5220 4836
f 5220 5218 5216
f 5218 5219 4711
f 5215 5214 5217
f 5215 5217 4874
f 5194 5196 3939
f 4131 5192 4386
f 5217 5214 5212
f 5189 5190 5191
f 5190 5188 5187
f 5188 5189 4865
f 5075 5074 5076
f 5074 5069 4066
f 5072 5071 5068
f 5072 5068 5070
f 5068 5071 4541
f 5071 5072 5073
f 5068 5067 5069
f 5083 5080 5016
f 5069 5075 5070
f 5084 5083 5085
f 5087 4977 4502
f 5091 5090 4539
f 5036 5090 5091
f 4502 5088 3844
f 5088 5089 3844
f 5088 4068 5089
f 4068 5088 4069
f 5047 4977 5087
f 5080 5084 5081
f 5213 5210 4711
f 5069 5074 5075
f 5080 5077 5016
f 4257 5186 4258
f 5186 4257 5187
f 5183 5181 4384
f 5174 5181 5182
f 5181 5175 5177
f 5175 5183 5179
f 5184 5183 5185
f 5184 5185 4251
f 5077 5078 5079
f 5185 5183 4384
f 5132 5131 3848
f 5128 5127 5129
f 5044 5045 5009
f 5069 5067 4066
f 5082 5078 5081
f 5082 5079 5078
f 5078 5077 5080
f 5078 5080 5081
f 5183 5184 5179
f 5210 5211 5212
f 5197 3947 5198
f 5197 5198 5195
f 4733 4179 4436
f 4179 4877 4198
f 4751 4876 4583
f 4582 4042 4584
f 4042 4876 4043
f 5044 5041 5038
f 5044 5043 5041
f 5045 5037 4999
f 4177 4219 4218
f 4702 5153 4478
f 5151 5152 4865
f 5151 4372 5152
f 4372 5151 4478
f 4988 4833 372
f 4833 5153 4702
f 5154 5155 4372
f 5155 5154 4988
f 4467 5157 4971
f 5153 4833 4988
f 5163 5162 5165
f 4878 4879 4880
f 4735 4187 4736
f 4873 4173 846
f 4872 4873 4874
f 4170 4729 4731
f 4729 4170 4172
f 4871 4855 3879
f 4855 4871 4857
f 4825 4856 4857
f 4856 4825 4261
f 4768 4493 4186
f 4221 4804 4805
f 4177 4325 4178
f 4503 4324 4218
f 4324 4503 4327
f 4275 4878 4278
f 4884 4883 4885
f 4883 4884 4592
f 4881 4340 4882
f 4064 4187 4063
f 4804 4221 3961
f 5080 5083 5084
f 5163 5165 4994
f 5162 5163 5164
f 5133 5134 5135
f 4725 5162 5164
f 5168 5169 4191
f 5131 5127 3848
f 5194 5195 5196
f 5207 5206 5209
f 5207 5209 4317
f 5209 5206 4962
f 5136 5133 5137
f 5206 5207 5208
f 3970 5203 5029
f 5203 5204 5205
f 5202 5201 4589
f 4387 5201 5202
f 5201 4387 4389
f 5200 4575 4577
f 4965 4575 5200
f 4151 5199 4800
f 5204 5203 3970
f 5165 5162 5166
f 5134 5136 5138
f 5139 5140 5141
f 4609 5161 4610
f 4971 5160 4467
f 5158 5157 5159
f 4478 5154 4372
f 5158 5159 4797
f 5159 5157 4239
f 5157 5158 4971
f 5156 4377 4378
f 5134 5133 5136
f 5154 5153 4988
f 5167 4725 5164
f 5146 5145 5147
f 5146 5147 5149
f 5147 5145 5148
f 5145 5146 3905
f 5140 5139 5142
f 5140 5142 5144
f 5142 5139 5143
f 5154 4478 5153
f 4977 5047 4975
f 5086 5048 5047
f 5087 5086 5047
f 5906 5908 4471
f 4615 5358 5725
f 5132 3876 5222
f 4265 5809 4962
f 5809 4265 4267
f 4265 5206 5208
f 5206 4265 4962
f 5776 5203 5205
f 3937 5549 3938
f 5203 5776 5029
f 3972 5807 5205
f 5807 3972 5684
f 3972 5204 3970
f 5204 3972 5205
f 4388 5806 3966
f 5806 4388 4387
f 4388 5396 4389
f 3876 5132 4809
f 5808 5776 5205
f 5743 4615 4905
f 5550 5549 3941
f 3903 350 356
f 5095 5094 4543
f 5094 5071 5073
f 4662 5098 4631
f 424 5099 448
f 5100 4173 4320
f 4995 5045 4999
f 5103 350 3902
f 350 5103 351
f 4173 5100 5101
f 5086 5003 5048
f 5007 5045 4995
f 5007 4995 4997
f 5045 5007 5009
f 4173 5101 461
f 4563 5102 4275
f 4563 4275 356
f 5102 4563 4879
f 372 4833 365
f 3843 5003 5086
f 5071 5095 4541
f 5759 5757 4731
f 5812 5227 5228
f 5797 5796 3936
f 5796 5797 4949
f 4131 3925 3927
f 3925 4131 4385
f 4864 5186 5187
f 5186 4864 4258
f 4864 5188 4865
f 5188 4864 5187
f 5798 5797 5306
f 4381 5288 4382
f 3932 5796 4949
f 5800 5801 4419
f 5558 5293 5294
f 4404 5411 4696
f 5411 4404 4792
f 5803 5199 5562
f 5197 5803 5562
f 3944 5611 3945
f 5796 3932 3936
f 5358 5743 5359
f 5797 5798 4949
f 3932 5799 3933
f 5812 4092 5227
f 4092 5812 4083
f 5813 5812 5228
f 3991 5812 5813
f 5812 3991 4083
f 4273 4687 4274
f 4687 4273 4688
f 5591 5811 4495
f 5799 3932 4949
f 5591 5434 3995
f 5810 4618 4620
f 5810 3976 4618
f 3976 5810 5590
f 5358 4615 5743
f 5396 4388 3959
f 5396 3959 3961
f 5805 4790 4904
f 5804 4903 4904
f 5434 5591 4495
f 5194 5558 5294
f 5071 5094 5095
f 5040 4984 4030
f 4069 5055 5056
f 5056 5055 4041
f 5056 4041 4070
f 4070 5063 4071
f 4075 5066 4076
f 5064 5065 4140
f 5064 4554 5065
f 5064 4067 4071
f 5037 5044 5038
f 5064 4068 4067
f 5063 5062 4071
f 4045 3867 448
f 4163 5062 5063
f 5062 4163 4162
f 5058 5057 5060
f 5058 5060 5061
f 5060 5057 5025
f 5057 5058 5059
f 4068 5064 4140
f 5092 5093 4567
f 5037 5045 5044
f 5046 4565 4531
f 5087 3844 5086
f 3844 5087 4502
f 5086 3844 3843
f 5068 5069 5070
f 5067 5068 4541
f 5091 5092 5036
f 4076 5066 4079
f 5055 4069 4410
f 5046 4975 5047
f 5053 5052 5054
f 5054 5052 4807
f 5052 5053 4161
f 5050 5049 5051
f 5050 5051 4037
f 5051 5049 4082
f 5049 5050 4660
f 5048 5046 5047
f 4565 5046 5048
f 5053 5054 4037
f 5096 4522 4521
f 5093 5091 4539
f 371 4987 372
f 5125 5124 4801
f 4366 5124 5125
f 5119 5120 4888
f 4362 5123 4363
f 5122 4601 4413
f 5119 5118 5120
f 4987 371 4888
f 5093 5092 5091
f 5126 4369 4605
f 5103 3902 5104
f 5092 5001 5034
f 5092 5034 5036
f 5034 5001 4999
f 5001 5092 4567
f 5033 5039 4526
f 5032 5039 5033
f 5097 4515 4514
f 5013 5043 5009
f 5077 4569 5016
f 5128 5129 4814
f 5126 4370 4369
f 5129 5127 5130
f 5116 4888 5117
f 4360 4978 4359
f 5115 4358 4357
f 5114 5112 4297
f 5114 4599 5112
f 4599 5114 4600
f 5112 4599 5113
f 5110 5111 4405
f 5127 5128 3848
f 5110 4893 5111
f 4406 5108 5109
f 5108 4406 4597
f 5107 5106 4893
f 5105 5106 5107
f 4888 5116 4987
f 5118 5119 5029
f 5120 5118 5121
f 5124 4366 4365
f 5109 5108 4294
f 4818 4875 4819
f 5123 4322 4363
f 5785 4817 3888
f 4817 5729 4683
f 5729 4817 4321
f 5686 4213 5343
f 4723 4450 4724
f 5375 4450 5728
f 5375 5728 4445
f 5728 4450 4106
f 4450 5375 4724
f 4445 5728 4444
f 4416 4348 5727
f 4348 4416 4116
f 5389 5730 4457
f 5730 5422 4457
f 5422 5730 5731
f 5398 4233 5732
f 5734 4234 4689
f 4823 5733 4230
f 4818 5729 4321
f 3887 5388 3978
f 5458 5389 4216
f 5389 5458 5730
f 4266 5340 4705
f 4265 5340 4266
f 5340 4265 5208
f 5189 4479 4865
f 5741 4832 4296
f 5741 4831 4832
f 5741 5413 4699
f 4260 5740 4474
f 4233 5733 3993
f 5741 4295 5413
f 5411 4475 4477
f 4262 5409 5410
f 3921 5409 4262
f 5409 3921 3923
f 5735 5402 4917
f 4247 5735 4237
f 5742 5637 4788
f 4234 5734 4235
f 4295 5741 4296
f 4232 5732 4233
f 5732 4232 4465
f 5398 5732 4465
f 5751 4371 3909
f 4141 5751 3909
f 5751 4141 4862
f 4864 5750 4258
f 4861 5750 4862
f 5423 4972 4850
f 4972 5423 4486
f 5688 4972 4797
f 4371 5751 4862
f 5427 4870 5166
f 5703 4316 4826
f 4871 5756 4857
f 5756 4871 4826
f 4825 5756 4826
f 5756 4825 4857
f 4314 5755 4942
f 4972 5688 4850
f 5755 4314 4315
f 4316 5703 4317
f 4831 5741 4699
f 5752 4867 4309
f 5753 4987 4868
f 4233 5398 4822
f 5731 5730 5458
f 4223 4821 4224
f 4821 4223 4822
f 5397 3961 4222
f 4221 4684 4222
f 4684 4221 4459
f 4028 5731 5458
f 4867 5752 4145
f 5637 5742 4286
f 4350 4348 4116
f 5749 4457 5410
f 3908 5754 4867
f 5754 3908 4988
f 5753 5754 4988
f 5753 4867 5754
f 4867 5753 4868
f 4987 5317 4868
f 5585 5742 4905
f 5740 4260 4259
f 5740 5406 4474
f 5740 4829 5406
f 5621 5619 4807
f 4036 5618 4040
f 5619 5620 4660
f 5619 5050 4037
f 5050 5619 4660
f 4038 5051 4082
f 5051 4038 4035
f 5051 4035 4037
f 5619 5054 4807
f 4021 5609 5608
f 5587 4092 4085
f 5607 4021 5608
f 5596 3997 4000
f 4002 5596 4000
f 3998 5594 3999
f 5594 3998 5595
f 3981 4771 3985
f 4771 3981 3982
f 4021 5607 3914
f 3984 5593 3985
f 5053 4039 4161
f 4036 5053 4037
f 4778 5612 4777
f 5612 4778 4169
f 4778 5614 5615
f 5614 4778 4779
f 4033 5613 4169
f 5613 4033 4032
f 5613 5612 4169
f 4032 5612 5613
f 4039 5053 4036
f 5612 4032 4777
f 4029 4527 4526
f 4527 4029 4031
f 4035 5617 5618
f 5618 5617 4040
f 5618 4036 4035
f 5054 5619 4037
f 4409 5055 4410
f 5055 4409 4041
f 5610 5611 4901
f 5425 5755 4315
f 5593 3984 5138
f 5592 3985 5593
f 5597 4012 5598
f 5089 4139 3844
f 5735 4247 5402
f 4829 5740 4259
f 5739 4316 4318
f 5739 4830 4827
f 4259 5738 4827
f 5738 4259 4261
f 5597 5598 4101
f 4825 5738 4261
f 4250 5405 4254
f 4249 5405 4250
f 5405 4249 4382
f 5737 4244 4245
f 4240 5736 4243
f 5736 4240 4798
f 4238 5735 4917
f 5735 4238 4237
f 5738 4825 4827
f 5592 5593 5138
f 5598 4015 4101
f 5599 4931 5241
f 3985 5592 3983
f 5588 5226 4092
f 5226 5588 5591
f 5226 5591 3995
f 4092 5587 5588
f 3997 5596 4773
f 4775 4006 4004
f 4006 4775 3982
f 4015 5598 4012
f 5601 5600 5602
f 5606 4027 4028
f 4027 5604 4023
f 5604 4027 5605
f 5601 5603 4399
f 5603 5601 5602
f 5600 5601 4925
f 4012 5597 4014
f 4931 5599 4912
f 4027 5606 5605
f 5426 5755 5425
f 4311 5424 4850
f 4260 5424 4311
f 5718 5471 4896
f 5717 4896 5471
f 5717 5324 5321
f 4923 5716 4922
f 5716 4923 4938
f 5715 4938 4923
f 5322 5715 4923
f 5715 5322 5321
f 5471 5718 5470
f 4813 5319 4426
f 4195 5714 848
f 5714 4195 4355
f 4953 5713 5527
f 5470 5718 4814
f 4428 5719 4200
f 5719 4428 5336
f 5721 4202 5187
f 5472 5724 5725
f 5101 4665 461
f 5582 5722 5723
f 4190 5712 4515
f 5705 3898 5706
f 3931 5555 3935
f 5555 3931 5691
f 5567 4054 4153
f 3960 5693 4805
f 5693 3960 3969
f 3956 5478 4155
f 5478 3956 3958
f 5478 4613 4155
f 5714 4435 848
f 4054 5567 4055
f 5555 5691 3894
f 5570 5692 4055
f 5692 5570 5577
f 5692 5622 4055
f 5577 5622 5692
f 3892 5691 3931
f 5691 3892 3894
f 3916 5564 3912
f 5567 4153 4747
f 3929 5690 3930
f 5722 5582 5583
f 5190 4202 5191
f 4052 5574 5707
f 5574 4052 4053
f 4164 5705 4165
f 5705 4164 4162
f 3900 5706 3898
f 5710 5709 4943
f 4016 4810 4184
f 4810 4016 4018
f 5707 5574 3900
f 4943 5711 4314
f 5638 4314 5711
f 4314 5638 4078
f 5709 5710 5511
f 4561 5306 4176
f 4077 5709 5511
f 4833 5708 365
f 4833 3975 5708
f 3975 4833 4263
f 5638 5711 4077
f 4202 5190 5187
f 5707 3901 4052
f 4417 5620 5150
f 4202 5721 4203
f 4257 5721 5187
f 5719 5336 3964
f 4202 5720 5191
f 5720 4202 4201
f 5720 5579 5191
f 4201 5579 5720
f 3963 5719 3964
f 3901 5707 3900
f 5719 3963 4200
f 4189 5712 4190
f 5705 5706 4165
f 5712 4189 4513
f 4806 4989 4060
f 5627 4806 4060
f 5052 4806 4807
f 4033 5305 4034
f 5305 4033 4168
f 5713 4953 4081
f 5616 4778 5615
f 5687 4141 3909
f 4142 5687 4145
f 5580 5748 3974
f 5285 5685 4112
f 4796 5745 4851
f 5747 5285 4346
f 4293 5420 4291
f 5420 4293 4292
f 5420 4292 5105
f 4853 5746 4857
f 5748 5580 4720
f 4287 5746 4074
f 4354 5714 4355
f 4139 5089 4068
f 5694 4927 4936
f 5699 5700 5605
f 5700 5699 5491
f 5699 5698 5300
f 5698 5699 5605
f 5697 5457 4656
f 4348 5726 5727
f 5457 5697 4028
f 5748 4720 4719
f 5745 4796 4798
f 5424 4260 4474
f 4457 5749 4455
f 5742 5585 4286
f 4853 5744 4851
f 4311 5744 4261
f 5744 4311 4851
f 4280 5417 4491
f 4279 5417 4280
f 4719 4118 365
f 5417 4279 4911
f 5416 3980 4843
f 3980 5416 3882
f 5742 5654 5359
f 5654 5742 4788
f 5742 5743 4905
f 5743 5742 5359
f 5745 4854 4851
f 4854 5745 4798
f 5416 4843 4481
f 4141 5687 4142
f 5697 5304 5300
f 5697 5698 5605
f 5701 5516 5488
f 5516 5701 5514
f 4927 5694 5241
f 5242 5694 4936
f 3898 5705 4162
f 5694 5242 5241
f 5690 3929 3942
f 5690 5449 3930
f 5702 5701 3857
f 3942 5449 5690
f 4147 5689 4148
f 5689 4147 4801
f 4796 5688 4797
f 5688 4796 4850
f 3908 5687 3909
f 4142 5290 4143
f 5290 4142 4144
f 4310 5290 4144
f 5449 3942 3862
f 5304 5697 4656
f 5701 5702 5514
f 3854 5702 3857
f 5698 5697 5300
f 5697 5606 4028
f 5606 5697 5605
f 5242 5696 4918
f 5696 5242 5267
f 5695 4936 4927
f 5492 5699 4514
f 5699 5492 5491
f 5702 3854 5514
f 5097 5699 5300
f 4039 5564 3916
f 5564 4039 4040
f 5704 5581 4317
f 5581 5704 5583
f 5704 5703 4826
f 5703 5704 4317
f 5523 3854 3855
f 5699 5097 4514
f 3854 5523 5514
f 4817 5785 4363
f 4778 5616 4169
f 5609 4021 4023
f 4193 5122 4412
f 5122 4193 4122
f 5866 5869 4652
f 4442 5869 5866
f 5869 4442 4984
f 5867 5866 5286
f 5867 5286 5868
f 5286 5866 4652
f 5866 5867 4442
f 4138 5865 4944
f 5865 4138 4794
f 4134 5393 4137
f 5393 4134 5392
f 4412 5174 4194
f 5291 5803 5294
f 5134 3984 5135
f 4929 5833 4910
f 4412 5122 4413
f 5174 4412 4383
f 5696 4898 4918
f 4940 5864 4649
f 5820 4422 4421
f 4422 5820 4959
f 3869 4195 577
f 4866 5877 4887
f 5877 4866 4868
f 5876 5875 4882
f 4956 5875 5876
f 5875 4956 4955
f 4918 5793 4917
f 4195 3869 4499
f 5126 4423 4424
f 5303 5758 5302
f 4190 5301 5302
f 5301 4190 4515
f 4190 5874 4191
f 5874 4190 5302
f 4423 5126 4605
f 4898 5696 5267
f 5758 5874 5302
f 5793 4918 4898
f 5787 5871 4910
f 5871 5787 5144
f 4065 5074 4066
f 5074 4065 5076
f 4065 5631 4784
f 5631 4065 3895
f 4064 4783 3897
f 4783 4064 4062
f 5634 5060 5025
f 4067 5056 4070
f 5632 4065 4784
f 5757 4170 4731
f 5649 5650 5547
f 5648 5649 5547
f 5645 5641 5642
f 5643 5645 5642
f 5645 5647 5646
f 5644 5645 5646
f 5640 5643 5642
f 5641 5640 5642
f 5636 4286 4073
f 4810 5825 4951
f 4065 5632 5076
f 5634 5633 5061
f 5787 5832 4281
f 5832 5787 4910
f 5833 4929 4931
f 3984 5134 5138
f 4929 5871 5144
f 5871 4929 4910
f 4895 5870 5827
f 5828 4895 5827
f 5633 5634 5447
f 3984 5295 5135
f 5758 5757 5759
f 3939 5551 3937
f 5056 4067 4069
f 5060 5634 5061
f 5634 5021 5023
f 5021 5634 5025
f 5634 5635 5447
f 5635 5634 5023
f 5295 3984 3986
f 5455 4045 4289
f 4045 5455 4048
f 3890 5872 5873
f 5176 4115 5177
f 4940 5863 4943
f 4118 5862 4128
f 5862 4118 5861
f 4118 5860 5861
f 5860 4118 4858
f 4115 5176 5180
f 4115 5182 5177
f 5115 4408 4410
f 4408 5115 4357
f 5767 5859 4882
f 5767 5858 5859
f 5858 5767 4113
f 4113 5857 5858
f 5857 4113 5685
f 5603 5851 5831
f 5831 5851 4400
f 5863 5710 4943
f 5182 4115 4194
f 5851 5603 5602
f 5856 4408 4411
f 5851 5852 4400
f 4431 5895 5896
f 5877 5878 4887
f 4888 5878 5117
f 5603 5831 4399
f 4409 5856 4584
f 4403 4596 4406
f 4596 4403 4405
f 4403 5855 4404
f 5856 4409 4408
f 5855 4403 4407
f 4792 4402 4133
f 5837 5277 5279
f 5277 5837 5144
f 5837 5854 5839
f 5854 5837 5279
f 5852 5853 4641
f 5853 5852 5839
f 5852 5851 5602
f 5855 4792 4404
f 5640 5075 5076
f 4936 5266 5242
f 4934 5656 4935
f 5766 5270 5269
f 5847 5766 5269
f 5659 5845 5274
f 5845 5659 5846
f 5659 5273 3986
f 5273 5659 5274
f 5710 5863 5284
f 5878 4888 4887
f 4939 5323 5324
f 5825 4810 4018
f 5798 4561 4949
f 4948 5799 4949
f 5799 4948 3933
f 4418 5802 3891
f 5802 4418 4419
f 4418 5873 4420
f 5873 4418 3890
f 5873 5872 4420
f 4561 5798 5306
f 5266 4936 4935
f 5278 5848 5279
f 5848 5849 5279
f 5656 4934 4636
f 4932 5403 4242
f 5403 4932 4245
f 4870 5264 5263
f 5264 4870 4300
f 4870 5844 5166
f 5844 4870 5263
f 5250 4957 5101
f 5849 5848 4639
f 5355 5250 5252
f 5716 4934 4922
f 4934 5716 4938
f 5323 4939 4938
f 5848 5278 5143
f 5848 5272 5274
f 5272 5848 5143
f 5848 5850 4639
f 5850 5848 5274
f 5255 5250 5355
f 5639 5640 5076
f 4076 5638 4077
f 5638 4076 4078
f 3957 5568 3951
f 3956 5568 3957
f 5568 3956 4156
f 3952 5571 3953
f 5576 5578 4525
f 5030 3971 3970
f 3971 5030 4360
f 5584 4286 5585
f 4903 5572 5573
f 5590 5589 3976
f 5587 5586 5588
f 4085 5586 5587
f 5586 4085 3977
f 5584 5585 4905
f 4286 5584 4284
f 3974 5579 5580
f 5582 5207 4317
f 5207 5582 5208
f 5589 5590 5588
f 5582 5581 5583
f 5573 5572 4156
f 4155 5573 4156
f 4089 5657 4094
f 5660 4001 4093
f 4007 5660 4093
f 5660 4007 4002
f 5659 5658 5595
f 5658 5659 3986
f 4094 5657 4007
f 5248 4052 4167
f 5573 4155 4903
f 4050 5622 4053
f 5570 5569 4156
f 5578 5576 5577
f 5578 5572 4525
f 5577 5572 5578
f 5576 5575 4053
f 5575 5576 4769
f 5575 5574 4053
f 4769 5574 5575
f 5622 4050 4049
f 4001 5660 4002
f 5581 5582 4317
f 5579 3974 3973
f 5565 5198 3947
f 3949 5568 5569
f 5568 3949 3951
f 3950 5567 4747
f 3949 5567 3950
f 3948 5565 3947
f 5565 3948 5566
f 5565 5195 5198
f 5556 5557 5560
f 4150 5561 4151
f 5563 3948 3946
f 5563 5564 4040
f 5563 3912 5564
f 3912 5563 3946
f 5562 5561 4900
f 5589 3977 3976
f 5586 5589 5588
f 5622 4049 4055
f 3948 5563 4040
f 5579 3973 5191
f 5557 5559 5560
f 5551 3939 5196
f 5571 3952 3951
f 5569 5570 3949
f 3977 5589 5586
f 5569 5568 4156
f 4152 5559 5553
f 5554 5558 5557
f 5555 5554 5556
f 5555 5556 3935
f 5553 5559 3939
f 5556 5554 5557
f 3938 5552 3939
f 5552 3938 3942
f 5552 5553 3939
f 5552 4152 5553
f 4152 5552 3942
f 3940 5551 5195
f 5551 3940 3937
f 5551 5196 5195
f 5554 5555 3894
f 5617 4035 3941
f 5662 5661 5663
f 5662 5489 5486
f 4056 5626 4060
f 5647 5649 5646
f 5649 5651 5646
f 5652 4080 5081
f 5667 5666 5663
f 5677 5679 5495
f 5679 5677 5674
f 5677 5676 5678
f 5628 4057 4059
f 5676 5677 5495
f 5675 5672 5615
f 5672 5673 5674
f 5673 5672 5534
f 5672 5671 5615
f 5671 5672 5453
f 5667 5670 5518
f 5670 5667 5663
f 5667 5669 4059
f 5672 5675 5534
f 5669 5667 5518
f 4057 5628 5521
f 5626 5627 4060
f 4072 5636 4073
f 5637 5636 4788
f 4286 5636 5637
f 4062 5630 4784
f 5630 4062 4061
f 5630 5629 4784
f 4061 5629 5630
f 4957 5254 4667
f 5629 4061 4327
f 4054 5625 4154
f 5625 5624 4154
f 4049 5624 5625
f 5624 4049 4051
f 4050 5623 4051
f 5623 4050 4052
f 5623 5248 4051
f 4052 5248 5623
f 5626 4557 5627
f 5625 4054 4049
f 5489 5662 5491
f 5667 5668 5482
f 5677 5680 5674
f 4785 5654 4786
f 3861 5550 4038
f 5550 3861 3862
f 5550 3941 4038
f 3940 5653 3941
f 5653 3940 5566
f 5653 5617 3941
f 5566 5617 5653
f 4786 5654 4788
f 4080 5082 5081
f 5082 3904 3906
f 4935 5655 5267
f 5656 4932 4935
f 5657 4089 4090
f 5661 5662 5486
f 5665 5662 5663
f 5662 5664 5491
f 5664 5662 5608
f 5082 4080 3904
f 5680 5677 5541
f 5655 4242 5267
f 5655 4935 4932
f 5681 5677 5678
f 3869 4111 4207
f 4125 5686 5343
f 5686 4125 4255
f 5685 4113 4112
f 4111 3869 577
f 4107 4446 4108
f 5677 5681 5541
f 4242 5655 4932
f 4446 4107 5684
f 4600 4104 4103
f 5683 4790 4758
f 4015 5682 4100
f 5682 4015 4013
f 5668 5667 4059
f 5666 5667 5482
f 4080 5652 5537
f 5662 5665 5608
f 4104 4600 4297
f 4875 4818 4321
f 4875 4174 3847
f 4174 4875 4321
f 6175 6180 4942
f 6020 5872 3890
f 5874 6150 4191
f 6150 5874 5758
f 5872 6020 5987
f 5870 5320 5322
f 6180 4476 4942
f 5320 5870 4895
f 5828 4607 4895
f 4607 5828 4608
f 5291 5199 5803
f 5199 5291 4800
f 4476 6180 5412
f 6143 4213 5686
f 5469 5724 5472
f 5178 6163 4738
f 5454 6101 4848
f 5426 6180 6175
f 6180 5426 5412
f 6151 5695 4927
f 5695 6151 4920
f 4970 5158 4972
f 4328 6182 5239
f 6182 4328 5925
f 4401 6182 5925
f 6182 4401 5239
f 5599 5240 4916
f 5863 4648 5284
f 4648 5863 4940
f 6043 5543 5545
f 5855 6179 4792
f 4402 6179 4407
f 6179 4402 4792
f 5270 6108 4338
f 6108 5270 5766
f 5847 6176 5766
f 6176 5847 4773
f 5250 6168 4957
f 6168 5250 5255
f 6179 5855 4407
f 5543 4802 4763
f 4802 5543 4803
f 5027 6041 5026
f 5565 6076 5195
f 6076 5565 5566
f 5561 5244 4900
f 5244 5561 4150
f 5559 6082 5560
f 4876 4985 4043
f 6101 5454 4976
f 4158 6132 4530
f 6052 5567 3949
f 5444 6123 4430
f 4560 6023 4562
f 6023 4560 4364
f 5352 6165 5583
f 6165 5352 5346
f 5338 4703 5340
f 4703 5338 5337
f 4347 6164 4256
f 6164 4347 5999
f 6002 5375 4310
f 5158 4970 4971
f 6082 5559 4152
f 5572 5804 4525
f 6041 5027 5511
f 6141 4520 4518
f 4521 6141 4757
f 6141 4521 4520
f 5169 4991 4189
f 4991 5169 4994
f 5477 6026 4613
f 6026 5477 5476
f 5567 6052 4055
f 4985 4876 4751
f 5293 5554 3894
f 5554 5293 5558
f 5804 5572 4903
f 6132 4531 4530
f 5572 6083 4156
f 6083 5572 5577
f 5574 6055 3900
f 6055 5574 4769
f 5543 6043 5544
f 5817 5815 3992
f 4503 5460 4504
f 4979 5940 4603
f 5427 6149 4870
f 5823 5824 4010
f 6149 5427 4313
f 4961 5739 4318
f 5737 6072 4244
f 6072 5737 4787
f 5401 6145 4754
f 6145 5401 3902
f 5303 5757 5758
f 5401 6025 3989
f 5733 4907 3993
f 4907 5733 4823
f 5733 6144 4230
f 6144 5733 4233
f 5729 4682 4683
f 4682 5729 4818
f 4255 6143 5686
f 6143 4255 4680
f 6025 5401 4754
f 5739 4961 4830
f 6177 4511 5161
f 6177 4609 5485
f 5435 4881 5311
f 4881 5435 4340
f 5765 6176 4773
f 6176 5765 5766
f 5757 5303 4215
f 6112 5156 4182
f 3857 6178 4535
f 5286 6062 5868
f 4511 6177 5485
f 6062 5286 4019
f 6061 5823 4014
f 5805 4789 4790
f 4789 5805 4013
f 6178 3857 5701
f 5156 6112 4377
f 4609 6178 5701
f 6178 4609 4535
f 4609 6177 5161
f 5823 6061 4019
f 4257 6164 5999
f 4824 5739 4827
f 4852 5746 4853
f 5912 5915 5913
f 4267 6181 5809
f 6181 4267 5913
f 4963 6181 5913
f 6181 4963 5809
f 4134 5390 5392
f 5390 4134 4460
f 5258 4342 5259
f 5915 5912 4695
f 4342 5258 5888
f 5922 5924 5923
f 5815 5817 5923
f 5460 4503 4220
f 5502 6183 5941
f 6183 5502 5173
f 5170 6183 5173
f 6183 5170 5941
f 5940 4979 4981
f 5924 5922 5975
f 5739 4824 4316
f 4828 5916 4829
f 5110 5918 4964
f 5755 6175 4942
f 6175 5755 5426
f 5753 4988 4987
f 3846 4270 4271
f 4270 3846 4301
f 5746 4852 4074
f 5746 6148 4857
f 6166 4295 4297
f 5916 4828 4830
f 6148 5746 4287
f 4856 5744 4853
f 5189 6146 4479
f 6146 5189 5191
f 4295 6166 5413
f 5824 5823 4653
f 5240 5599 5241
f 5724 5469 5130
f 5918 5110 4405
f 5744 4856 4261
f 6164 4257 4256
f 5999 5721 4257
f 5721 5999 4203
f 5350 5354 5351
f 5354 5350 5353
f 5353 5347 5346
f 5347 5353 5350
f 5346 5352 5353
f 5350 5351 5349
f 5347 5350 5349
f 5345 5347 5348
f 5351 5354 3873
f 5345 5348 5342
f 5178 4737 5180
f 5178 4738 4737
f 5333 5334 4738
f 5333 4958 5334
f 4426 5318 4396
f 5116 5316 5317
f 5116 5317 4987
f 5317 5316 4868
f 5348 5347 5349
f 5316 5116 5117
f 5255 5355 5356
f 5356 5253 5255
f 5337 4125 4703
f 4125 4704 4703
f 4704 4125 5343
f 4125 5341 5342
f 5341 4125 5339
f 5338 5340 5208
f 5337 5338 5339
f 5202 4430 4387
f 5253 5356 5258
f 5336 5335 3964
f 5335 4428 4378
f 5333 5330 5332
f 5333 5179 5330
f 5345 5344 5346
f 5341 5344 5345
f 5223 4682 4819
f 5347 5345 5346
f 5357 5358 5359
f 4428 5335 5336
f 4125 5337 5339
f 5315 4664 4954
f 4954 4664 4955
f 3850 5325 5326
f 5325 3850 3849
f 5128 3849 3848
f 4674 5360 4675
f 5360 4674 4740
f 5360 4740 4124
f 5376 5377 4452
f 4601 5387 4602
f 5132 3850 4809
f 5387 4601 4679
f 4351 5386 5385
f 5383 5382 5385
f 5383 5385 4891
f 5385 5382 4351
f 5382 5383 5384
f 4454 5381 4453
f 5378 5380 5381
f 5378 5381 5379
f 5385 5386 4891
f 4664 5315 4665
f 3850 5132 3848
f 5323 5321 5324
f 4664 5314 4955
f 4309 5313 4307
f 5313 4309 4866
f 3869 5312 4499
f 5257 5259 4496
f 5256 5257 4496
f 5309 5256 5310
f 5318 4426 5319
f 5325 4426 5327
f 5318 5319 4608
f 5328 5327 4426
f 5331 5330 5184
f 5331 5184 4251
f 5184 5330 5179
f 5330 5331 5332
f 5327 5328 5326
f 5326 5328 5329
f 5325 5327 5326
f 5320 5321 5322
f 5445 5775 4500
f 5344 5341 5339
f 5911 4252 4128
f 5722 6165 5346
f 5647 5650 5649
f 5695 6152 4936
f 6152 5695 4922
f 5622 6056 4053
f 6056 5622 5577
f 5687 6106 4145
f 6106 5687 3908
f 6063 5611 5610
f 5656 4635 4932
f 5654 6096 5359
f 6096 5654 4785
f 5617 6051 4040
f 6051 5617 5566
f 5651 6174 5678
f 6055 5706 3900
f 5706 6055 4165
f 4989 5052 4161
f 4635 5656 4636
f 6161 5717 5321
f 6132 4158 4160
f 5393 5395 4137
f 5333 6163 5179
f 6163 5333 4738
f 5375 6002 4724
f 6124 5386 4351
f 5386 6124 5896
f 5162 5427 5166
f 6123 5444 4428
f 5439 6162 5332
f 5394 5390 4461
f 6162 5439 4958
f 6107 5428 4459
f 5427 5162 4725
f 5419 6128 4289
f 5390 5394 5391
f 6128 5419 4717
f 5112 6166 4297
f 6166 5112 5413
f 5395 5393 5391
f 5428 6107 4805
f 5341 5345 5342
f 6165 5722 5583
f 5344 5722 5346
f 4072 6170 5636
f 6173 5644 5943
f 6174 5648 5678
f 5641 6173 5943
f 6173 5641 5645
f 5643 5647 5645
f 5647 5643 5960
f 5644 6173 5645
f 6170 4072 4787
f 5643 6171 5956
f 6171 5643 5640
f 5641 6172 5640
f 6172 5641 5070
f 5075 6172 5070
f 6172 5075 5640
f 5639 6171 5640
f 5910 4250 4471
f 4252 5911 4471
f 6171 5639 5956
f 5722 5344 5723
f 4788 6170 4787
f 5620 6167 5150
f 5579 5898 5580
f 5898 5579 4201
f 5717 6161 4896
f 5717 6024 5324
f 5052 4989 4806
f 6024 5717 5471
f 5709 5711 4943
f 5711 5709 4077
f 6167 5620 5619
f 6174 5651 5649
f 5611 6063 3945
f 5648 6174 5649
f 6170 4788 5636
f 5626 6169 4557
f 5254 6168 5255
f 6168 5254 4957
f 5621 6167 5619
f 6167 5621 5150
f 5650 5647 5960
f 5381 5380 4453
f 5775 5445 4434
f 5777 5808 4110
f 6145 3902 4754
f 4229 5816 4823
f 5816 4229 4591
f 4572 6144 4233
f 6144 4572 4230
f 4214 6143 4680
f 6143 4214 4213
f 4892 6007 4207
f 6007 4892 3870
f 4677 6009 3870
f 6009 4677 5379
f 4558 6006 4046
f 6099 4839 4838
f 4839 6099 4713
f 6147 4843 3983
f 6149 4869 4870
f 4177 6021 4219
f 3973 6146 5191
f 6146 4264 4479
f 4264 6146 3973
f 5432 4187 4064
f 4066 6153 4982
f 6156 5173 5015
f 5010 6036 5011
f 6036 5010 4140
f 5004 6155 3843
f 6155 5004 4997
f 5003 6000 5048
f 6000 5003 5000
f 6021 4177 5987
f 4991 6154 4992
f 4631 6154 4993
f 6154 4631 4992
f 4989 6032 4060
f 6032 4989 3915
f 4979 6153 4980
f 6153 4979 4982
f 6050 4899 3947
f 4187 5432 4736
f 6154 4991 4993
f 4732 6150 5758
f 6150 4732 4191
f 4869 6149 4313
f 5197 6050 3947
f 6050 5197 5562
f 5194 6118 5195
f 6118 5194 5294
f 5237 5233 4395
f 6067 5244 5243
f 5244 6067 4901
f 5230 6121 4605
f 5561 5199 4151
f 5325 6122 4426
f 5323 5715 5321
f 5715 5323 4938
f 5320 6161 5321
f 6161 5320 4896
f 6121 5230 4421
f 6116 5238 4400
f 5265 6159 4662
f 6159 5265 5059
f 6122 5325 3849
f 5002 5945 5000
f 5199 5561 5562
f 4319 6160 5213
f 3847 4305 4875
f 4843 6147 4844
f 4305 3847 3846
f 4855 6148 4287
f 6148 4855 4857
f 4847 6004 4848
f 4844 6147 4273
f 5173 6156 5017
f 6160 4319 5211
f 6156 5014 5017
f 6113 5022 5026
f 5233 5237 5236
f 5597 6120 4951
f 6120 5597 4101
f 5597 6114 4014
f 6114 5597 4951
f 5210 6160 5211
f 6160 5210 5213
f 5014 6156 5015
f 6153 4066 4980
f 6126 4697 4699
f 4899 6050 4900
f 6310 6453 6319
f 6348 6453 6454
f 6450 6309 6348
f 6453 6348 6319
f 6397 6452 6360
f 6452 6397 6362
f 6310 6309 6451
f 6451 6450 6310
f 6455 6353 6456
f 6309 6450 6451
f 6389 6429 6390
f 6415 6416 6402
f 6366 6324 6326
f 6394 6429 6393
f 6425 6424 6427
f 6427 6424 6428
f 6424 6425 6426
f 6326 6325 6360
f 6400 6439 6388
f 6317 6423 6352
f 6353 6455 6365
f 6457 6353 6325
f 6397 6345 6362
f 6443 6445 6442
f 6408 6440 6442
f 6440 6408 6433
f 6321 6443 6442
f 6443 6321 6444
f 6440 6441 6442
f 6417 6340 6322
f 6457 6455 6456
f 6340 6417 6385
f 6363 6376 6323
f 6425 6363 6426
f 6439 6400 6417
f 6447 6412 6413
f 6448 6441 6449
f 6448 6382 6383
f 6453 6310 6454
f 6353 6457 6456
f 6321 6417 6322
f 5109 6117 4407
f 6423 6350 6352
f 6316 6315 6350
f 6432 6433 6374
f 6431 6332 6338
f 5019 4519 4516
f 5945 5002 4566
f 5795 6113 5026
f 4697 6126 4964
f 4941 5864 4940
f 5864 4941 4476
f 6434 6336 6335
f 4933 6152 4922
f 4924 6151 4927
f 6151 4924 4920
f 4907 5817 3996
f 5817 4907 4908
f 4906 6147 3983
f 6147 4906 4273
f 4899 5611 3944
f 5611 4899 4901
f 6152 4933 4936
f 6313 6319 6348
f 6435 6436 6393
f 6434 6401 6418
f 6422 6391 6392
f 6330 6392 6347
f 6392 6330 6329
f 6419 6420 6421
f 6401 6387 6418
f 6417 6416 6385
f 6429 6394 6430
f 6429 6430 6390
f 6436 6373 6393
f 6366 6326 6360
f 6324 6366 6365
f 6355 6357 6369
f 6438 6356 6328
f 6359 6438 6328
f 6438 6359 6354
f 6414 6424 6426
f 6425 6338 6437
f 6431 6427 6428
f 6363 6414 6426
f 6117 5109 4294
f 5238 6116 4641
f 5022 6113 4946
f 4859 6140 5937
f 6140 4859 4581
f 5990 6140 4581
f 6035 4545 4757
f 4545 6035 4011
f 4761 6044 4763
f 6115 5983 5839
f 6142 4771 3982
f 6130 5992 4967
f 4634 6097 4785
f 4776 5530 4779
f 5983 6115 5602
f 4775 6142 3982
f 6044 4761 4759
f 6142 4775 5595
f 3952 6054 3957
f 6054 3952 3955
f 4764 6046 4765
f 6097 4634 4636
f 6046 4764 4803
f 5992 6130 5937
f 4645 5107 4744
f 6123 4429 4430
f 4813 6122 3849
f 4423 6121 4421
f 6118 5803 5197
f 6121 4423 4605
f 4952 6120 4101
f 6120 4952 4951
f 6118 5197 5195
f 5107 4645 5105
f 6079 5967 5453
f 4771 6142 5595
f 3851 5456 4743
f 4517 6141 4518
f 6141 4517 4757
f 5993 5792 4379
f 5792 5993 4376
f 5993 6027 4376
f 6027 5993 5476
f 5040 5972 4984
f 4429 6123 4428
f 6044 4759 4760
f 5456 3851 4199
f 4835 6127 4707
f 6127 4835 5216
f 4687 6125 4812
f 4575 4902 4696
f 4657 5049 4658
f 5049 4657 4082
f 4612 6139 4904
f 6139 4612 4611
f 5167 4726 4725
f 4902 4575 4965
f 5333 6162 4958
f 6163 5178 5179
f 5757 4215 4170
f 5474 5145 3905
f 5352 5784 5353
f 5784 5352 5782
f 5784 6010 3874
f 6010 5784 4749
f 6162 5333 5332
f 6140 5990 5937
f 4726 5167 4172
f 6125 4687 4689
f 5972 5040 5042
f 4877 6129 4492
f 6138 4148 5689
f 4342 4129 4339
f 5969 6137 5231
f 6137 5969 5032
f 4552 6085 4553
f 6085 4552 4162
f 6129 4877 4334
f 4549 6136 4546
f 5077 6136 4569
f 5077 4546 6136
f 4546 5077 5079
f 4551 6135 3906
f 6135 4551 5079
f 4545 6134 4521
f 6134 4545 4544
f 4148 6138 4312
f 6136 4549 4569
f 5808 5777 5776
f 6098 4433 4435
f 6122 4813 4426
f 4501 5115 4410
f 5098 6159 5059
f 5110 4598 4893
f 4598 5110 5113
f 5106 6111 4597
f 6111 5106 5105
f 5003 6155 4997
f 6155 5003 3843
f 5115 4501 4358
f 6006 4558 3866
f 5627 4556 4806
f 4431 6124 4351
f 5939 6003 3860
f 6003 5939 5453
f 4838 6130 4967
f 6130 4838 5937
f 4332 6129 4334
f 6129 4332 4492
f 4556 5627 4557
f 4288 6128 4717
f 6159 5098 4662
f 6158 5039 5032
f 5022 6119 5023
f 6137 5031 5231
f 6119 5022 4946
f 5090 6158 5032
f 6158 5090 5036
f 5082 6135 5079
f 6135 5082 3906
f 5066 6040 5059
f 5039 6158 5036
f 6040 5066 4075
f 6133 5064 4071
f 5040 6157 5041
f 6157 5040 4029
f 5038 6157 4029
f 6157 5038 5041
f 5039 6066 4526
f 6066 5039 5038
f 5031 6137 5032
f 5064 6133 4554
f 4433 6098 4434
f 6128 4288 4289
f 6127 5920 4707
f 6124 4431 5896
f 5967 6079 5674
f 4402 6117 4102
f 6117 4402 4407
f 6117 4294 4102
f 5852 6116 4400
f 6116 5852 4641
f 5852 6115 5839
f 6125 4234 4812
f 6115 5852 5602
f 6114 4017 4014
f 4277 5818 4390
f 5818 4277 4008
f 4388 6058 3959
f 6058 4388 3966
f 6104 4415 4414
f 4415 6104 4143
f 5803 6118 5294
f 4017 6114 4951
f 5920 6127 5216
f 6001 4564 4565
f 6033 4520 4522
f 5113 6126 4699
f 6126 5113 4964
f 4234 6125 4689
f 6086 4755 4081
f 4755 6086 4945
f 5146 3906 3905
f 4565 6131 4531
f 4552 6133 4071
f 4564 6001 5000
f 6133 4552 4554
f 6132 5952 4531
f 4529 6131 4532
f 6131 4529 4531
f 6131 4565 4532
f 3906 5146 4550
f 5947 6075 5537
f 6075 5947 4081
f 4520 6033 5011
f 5952 6132 4160
f 5380 5378 5285
f 5377 5376 5378
f 5377 5378 5379
f 4668 4890 4958
f 4663 4957 4667
f 4954 4955 4956
f 4952 4950 4951
f 4950 4952 4181
f 4810 4950 4181
f 4950 4810 4951
f 4443 4505 4442
f 4817 4960 4321
f 4619 5223 4620
f 4960 4322 4321
f 4502 4977 4358
f 4977 4974 4358
f 4975 4974 4977
f 4974 4975 4976
f 4169 4973 4168
f 4970 4972 4486
f 4672 4508 3853
f 4508 4672 4628
f 4422 4208 4188
f 4208 4422 4959
f 5436 4497 4454
f 5436 4498 4497
f 4498 5436 4500
f 5438 4705 4742
f 5445 4500 4438
f 5365 5366 4312
f 3858 5449 5450
f 5449 3858 3930
f 4884 4970 4486
f 5366 3926 4312
f 5448 3856 3857
f 5446 3856 5447
f 3926 5283 3927
f 3926 5366 5283
f 5223 4624 4620
f 5223 4619 4682
f 5549 3937 3941
f 4960 4817 4363
f 3856 5448 5447
f 4970 4884 4971
f 4968 4727 4969
f 4716 4293 4291
f 4919 4920 4921
f 4918 4915 4916
f 4936 4933 4935
f 4937 4934 4938
f 4934 4937 4636
f 4138 4873 846
f 4937 4939 4636
f 4873 4138 4944
f 4920 4919 4922
f 4941 4940 4943
f 4648 4940 4649
f 4115 4350 4116
f 4939 4937 4938
f 3867 426 448
f 426 3867 4211
f 4211 4360 426
f 3842 5004 3843
f 5028 5027 5026
f 4941 4942 4476
f 4307 5437 4448
f 4919 4923 4922
f 4920 4924 4925
f 4966 4710 4967
f 4697 4964 4965
f 4830 4961 4963
f 4961 4318 4962
f 4322 4960 4363
f 4561 4947 4949
f 4947 4561 4562
f 4948 4947 4562
f 4923 4919 4921
f 4947 4948 4949
f 4933 4934 4935
f 4932 4635 4245
f 4926 4928 4930
f 4928 4926 4931
f 4929 4928 4931
f 4928 4929 4930
f 4926 4924 4927
f 4924 4926 4925
f 4934 4933 4922
f 5437 4307 5313
f 5437 5313 4866
f 4738 5334 4739
f 5280 5419 5099
f 4717 5419 5280
f 4717 5280 4718
f 5418 5417 4911
f 4246 5417 5418
f 5417 4246 4491
f 4713 5415 4709
f 4696 5411 4477
f 5416 4481 4362
f 5219 4709 4711
f 5414 4488 4701
f 5112 4699 5413
f 4699 5112 5113
f 5412 4477 4476
f 4195 4498 4353
f 3896 4982 4368
f 3859 5450 3862
f 5457 5458 4656
f 5340 4703 4705
f 3867 3866 4211
f 4385 5409 3923
f 5409 4386 5410
f 4482 5420 4645
f 4498 4195 4499
f 5420 4482 4291
f 4474 5406 4472
f 5408 5407 4692
f 4693 5407 5408
f 5407 4693 4695
f 4694 5406 4829
f 4386 5409 4385
f 4693 5406 4694
f 4681 5405 4382
f 4470 5405 4681
f 5405 4470 4254
f 4197 5404 4468
f 5404 4197 4247
f 4469 5160 4885
f 4469 4467 5160
f 4467 4469 4468
f 5406 4693 4472
f 4075 5027 5028
f 4743 5456 4746
f 5455 3863 4048
f 4799 5292 5465
f 5292 4799 4800
f 5461 5463 5462
f 5463 5461 5464
f 5461 5460 4220
f 5460 5461 5462
f 5451 3861 4082
f 5450 3859 3858
f 4215 5459 4216
f 4195 4353 4355
f 5444 4430 4585
f 5439 5442 5443
f 5439 5443 4958
f 5443 5442 4669
f 5442 5439 5441
f 5439 5440 5441
f 5439 5332 5440
f 5438 4742 4212
f 5450 5449 3862
f 3863 5455 3864
f 5465 5292 3894
f 5466 3892 3933
f 3864 5455 4289
f 4356 5454 4848
f 5454 4356 4358
f 4974 5454 4358
f 4976 5454 4974
f 4744 5107 4893
f 3858 5452 3930
f 5452 3858 5453
f 3893 5465 3894
f 3859 5451 3860
f 5458 5457 4028
f 5459 5458 4216
f 5458 5459 4656
f 5465 3893 4799
f 4982 3896 3895
f 4982 3895 4066
f 4799 5125 4801
f 3892 5466 3893
f 3861 5451 3859
f 5027 4075 4077
f 5022 5021 5024
f 5022 5024 5026
f 4828 4259 4827
f 4825 4824 4827
f 4824 4825 4826
f 4229 4823 4230
f 4572 4233 4822
f 4263 4702 4264
f 4834 4708 4225
f 4835 4834 4836
f 4259 4828 4829
f 4842 4841 4713
f 4844 4272 4481
f 4843 4844 4481
f 4843 3980 3983
f 4840 4842 4269
f 4712 4842 4713
f 4834 4837 4836
f 4842 4837 4269
f 4839 4302 4304
f 4272 4844 4273
f 4302 4841 4303
f 4830 4828 4827
f 4475 4791 4649
f 4371 4863 4865
f 4863 4371 4862
f 4860 4141 4143
f 4859 4129 4581
f 4863 4864 4865
f 4860 4861 4862
f 4170 4217 4130
f 4129 4859 4304
f 4316 4824 4826
f 4845 4283 4282
f 4726 4171 4313
f 4845 4846 4781
f 4702 4263 4833
f 4832 4831 4701
f 4832 4299 4296
f 4299 4700 4300
f 4698 4831 4699
f 4831 4578 4701
f 4846 4845 4282
f 4307 4723 4308
f 4840 4270 4303
f 4579 4834 4225
f 4909 4912 4911
f 4279 4909 4911
f 4909 4279 4910
f 4907 3996 3993
f 4907 4823 4908
f 4626 3988 4627
f 4903 4612 4904
f 4273 4906 4688
f 4912 4909 4910
f 4618 3976 3978
f 3876 4808 339
f 4808 3876 4809
f 4790 4614 4904
f 4889 4890 4891
f 4485 4593 4592
f 4870 4869 4300
f 4593 4485 4594
f 4325 4177 4326
f 4905 4615 4617
f 4838 4839 4304
f 3988 4626 3989
f 4902 4404 4696
f 4298 4869 4313
f 4171 4726 4172
f 4913 4914 4911
f 4886 4887 4888
f 4899 4900 4901
f 4241 4897 4898
f 4897 4241 4239
f 4238 4897 4239
f 4404 4902 4405
f 4897 4238 4898
f 4815 4602 4894
f 4744 4598 4600
f 4598 4744 4893
f 4204 4892 4207
f 4892 4204 4352
f 4427 4587 4183
f 4587 4427 4585
f 4899 3944 3947
f 4895 4607 4896
f 5421 4457 5422
f 4866 4867 4868
f 4869 4298 4300
f 5037 5034 4999
f 5034 5035 5036
f 4528 5033 4526
f 5031 5033 4528
f 5031 5032 5033
f 5030 3970 4360
f 5008 5013 5009
f 5004 3842 5006
f 4360 3970 426
f 4978 4360 4211
f 4998 4995 4999
f 4995 4996 4997
f 4993 4662 4631
f 4993 4991 4994
f 4991 4992 4513
f 4990 4989 4161
f 3915 4989 4990
f 4987 4988 372
f 5010 4139 4140
f 4986 4985 4752
f 5035 5037 5038
f 5035 5039 5036
f 5024 5021 5025
f 5021 5022 5023
f 5020 5019 4518
f 4554 5019 5020
f 5019 4554 4553
f 5014 5018 3919
f 5014 4569 5018
f 4569 5014 5016
f 5038 5039 5035
f 5017 5014 3919
f 3970 371 426
f 4888 3970 5029
f 3970 4888 371
f 5035 5034 5037
f 5041 5043 5042
f 5043 5044 5009
f 4029 5040 4030
f 5040 5041 5042
f 5014 5015 5016
f 4867 4866 4309
f 4163 4985 4986
f 4984 4983 4030
f 4913 4915 4917
f 4915 4913 4916
f 4847 4848 4282
f 4722 4118 4719
f 4856 4853 4857
f 4855 4287 3879
f 4796 4849 4850
f 4849 4796 4851
f 4915 4918 4917
f 4854 4852 4851
f 4852 4853 4851
f 4311 4849 4851
f 4849 4311 4850
f 4283 4845 4781
f 4118 4722 4858
f 3974 4719 3975
f 4573 4119 4692
f 4141 4860 4862
f 4852 4854 4074
f 4985 4163 4043
f 4998 5002 5000
f 5000 5003 4996
f 4983 4984 4442
f 4982 4979 4368
f 4979 4980 4981
f 4996 4998 5000
f 4996 4995 4998
f 5001 4998 4999
f 5005 5007 4997
f 5010 3842 4139
f 4998 5001 5002
f 3842 5010 5006
f 5010 5011 5012
f 5008 5007 5005
f 5008 5005 5006
f 5007 5008 5009
f 5002 5001 4567
f 5005 5004 5006
f 4997 5004 5005
f 4996 5003 4997
f 5010 5012 5006
f 4318 5209 4962
f 4872 4319 4173
f 5211 4872 5212
f 5237 4392 4394
f 5233 5236 4563
f 5245 5147 5246
f 5245 5246 4781
f 5246 5147 5247
f 5147 5245 5149
f 5238 4401 4400
f 5243 5244 4150
f 5237 4395 4392
f 5240 5241 5242
f 4401 5238 5239
f 5275 5272 5143
f 5273 5272 5275
f 5230 5308 5231
f 5291 5292 4800
f 5299 4655 5302
f 5097 5299 5301
f 5097 5301 4515
f 5239 5238 4338
f 5301 5299 5302
f 5224 4625 4627
f 5227 5225 5228
f 5263 5264 4487
f 5261 5263 4487
f 5262 5261 4487
f 5248 4628 5249
f 5273 5275 3986
f 5147 5148 5247
f 5234 5233 4563
f 4563 5235 4879
f 5225 5226 3995
f 5235 4563 5236
f 5232 4395 5233
f 4395 5232 4396
f 5031 5229 5230
f 5031 5230 5231
f 5230 5229 4421
f 5229 5031 4528
f 5226 5225 5227
f 5226 5227 4092
f 5232 5233 5234
f 5066 4632 4079
f 5299 5097 5300
f 5298 5267 4242
f 5289 5290 4310
f 4643 4391 4390
f 5289 4143 5290
f 4600 5114 4297
f 4600 4647 4646
f 4647 4600 4103
f 5109 4407 4406
f 5099 4102 5280
f 5293 5291 5294
f 5280 4102 4718
f 5278 5277 5142
f 5278 5142 5143
f 5142 5277 5144
f 5277 5278 5279
f 5238 5271 4338
f 5238 4641 5271
f 4391 5276 3903
f 4391 4643 5276
f 4102 5099 424
f 5267 5298 4898
f 4658 5305 4168
f 5305 4659 4034
f 5241 5297 4927
f 5297 5241 4931
f 5296 5295 5275
f 5296 5275 5143
f 5275 5295 3986
f 5295 5296 5135
f 5292 5291 5293
f 5292 5293 3894
f 5305 4658 4659
f 4655 5303 5302
f 5304 4655 5299
f 5230 4605 5308
f 5234 4563 343
f 5307 4419 4420
f 5306 5307 4420
f 5265 4662 4632
f 4658 5049 4660
f 5304 5299 5300
f 4655 5304 4656
f 4136 5285 4112
f 4632 5066 5265
f 4078 5261 5262
f 5283 5365 5367
f 5365 5283 5366
f 5351 3873 5349
f 5348 3873 4125
f 5348 4125 5342
f 4125 3873 341
f 3873 5348 5349
f 5363 5364 5356
f 5289 4445 4415
f 5361 5355 4441
f 5356 5361 5363
f 5361 5362 5363
f 5361 4440 5362
f 4440 5361 4441
f 4136 4344 4346
f 5283 4560 4132
f 4560 5283 5367
f 5368 5124 4365
f 5361 5356 5355
f 5234 5326 5329
f 4344 4136 4438
f 5378 5376 5285
f 4602 5387 4894
f 4619 5388 4683
f 4456 5389 4457
f 5397 5396 3961
f 4625 5401 4626
f 5401 4625 3902
f 5400 4689 4688
f 5398 5399 4822
f 4445 5289 4310
f 5398 4464 5399
f 4461 5396 5397
f 5389 4217 4216
f 5396 4461 4389
f 5395 5391 4685
f 5391 5394 4685
f 5391 5393 5392
f 5390 5391 5392
f 4217 5389 4456
f 4464 5398 4465
f 5265 5066 5059
f 4310 5375 4445
f 5371 5373 4031
f 5256 5253 5257
f 5253 5254 5255
f 5251 5250 5100
f 5251 5100 4320
f 5100 5250 5101
f 5250 5251 5252
f 5248 5249 4051
f 5260 4630 4629
f 5254 5256 4667
f 5260 4629 5061
f 5267 5266 4935
f 5272 5273 5274
f 4640 5271 4641
f 5271 5270 4338
f 4640 5270 5271
f 5270 4640 5269
f 4640 5268 5269
f 5266 5267 5242
f 5261 4078 4079
f 5371 5370 5373
f 5254 5253 5256
f 5258 5259 5257
f 5373 5370 5374
f 5370 5371 5372
f 5326 5234 343
f 3850 5326 343
f 5369 5368 5367
f 4364 4560 4365
f 4560 5368 4365
f 5368 4560 5367
f 5253 5258 5257
f 5124 5368 5369
f 5309 5310 5311
f 5310 5256 4496
f 5256 5309 4667
f 4628 5248 4167
f 4630 5260 4610
f 4992 4512 4513
f 4992 4630 4512
f 4630 4992 4631
f 5124 5369 4801
f 2911 1599 1791
f 4143 5289 4415
f 4383 5287 5288
f 5539 3929 3928
f 5533 5538 5537
f 5524 5512 5514
f 5524 5523 3855
f 4568 5018 4569
f 5523 5524 5514
f 5024 5510 5026
f 5510 5057 5059
f 3929 5539 4152
f 5057 5510 5025
f 5028 5510 4075
f 5509 5065 4554
f 5065 5509 4140
f 5509 5020 4518
f 5020 5509 4554
f 5509 5508 5011
f 5508 5509 4518
f 5094 3920 4543
f 5510 5028 5026
f 5172 5094 5073
f 5540 3928 5541
f 5542 3928 3930
f 5531 5526 5528
f 5530 5526 4779
f 5526 5529 5527
f 5526 5525 5528
f 5525 5526 5527
f 5524 5522 5515
f 5533 5535 5534
f 5536 5533 5537
f 3928 5540 4760
f 5533 5536 5496
f 3862 5549 5550
f 5549 3862 3938
f 5545 5548 5547
f 5546 5545 5547
f 4763 4802 4762
f 5545 5543 4763
f 3928 5542 5541
f 5538 5533 5528
f 4803 5543 5544
f 5526 5531 4779
f 5172 3920 5094
f 5510 5024 5025
f 4488 5425 4315
f 5424 5423 4850
f 4474 5423 5424
f 5423 4474 4484
f 4486 5423 4484
f 4457 5421 5410
f 5430 4490 4491
f 4490 5430 5431
f 5425 4488 5414
f 5431 5430 4969
f 5310 5435 5311
f 5310 4341 5435
f 4341 5310 4496
f 4465 5434 4495
f 4370 5432 5433
f 5209 4318 4317
f 5432 4370 4736
f 4319 4872 5211
f 5433 5432 3897
f 3920 5172 3919
f 5425 5414 5426
f 4315 5262 4487
f 5511 5027 4077
f 5512 5513 5514
f 5513 5512 5515
f 5513 5519 5518
f 5519 5513 5515
f 5513 5517 5488
f 5517 5513 5518
f 5513 5516 5514
f 5262 4315 4078
f 5516 5513 5488
f 4986 3898 4163
f 4240 5403 4245
f 4645 5420 5105
f 4280 5429 4281
f 4490 5429 4280
f 5429 4490 4728
f 4459 5428 4489
f 5427 4725 4313
f 5467 4986 4752
f 5288 5287 4382
f 5532 5533 5534
f 5535 5533 5496
f 5492 5490 5491
f 5490 4509 4511
f 4509 5490 4514
f 5490 5484 5486
f 5484 5490 4511
f 5494 5500 5085
f 5083 5501 5085
f 5501 5083 5016
f 5490 5492 4514
f 5504 5503 4522
f 5507 3918 5506
f 3918 5505 5506
f 3917 5505 3918
f 5505 3917 4533
f 5503 5504 5013
f 5503 5012 5011
f 5499 5501 5498
f 5012 5503 5006
f 3918 5507 3920
f 5501 5015 5173
f 4189 4991 4513
f 5493 5494 5495
f 5287 4383 4413
f 5286 4652 4653
f 5285 4136 4346
f 4647 4644 4646
f 4131 5283 4132
f 5283 4131 3927
f 4450 4109 4106
f 4647 5282 4482
f 5169 4189 4191
f 4626 5401 3989
f 5403 4240 4242
f 5489 5490 5486
f 5500 5494 5496
f 5494 5499 5498
f 5499 5494 5085
f 5494 5497 5495
f 5497 5494 5498
f 5494 5493 5496
f 5402 4247 4246
f 5533 5532 5528
f 5015 5501 5016
f 5502 5501 5173
f 5485 5484 4511
f 5484 5485 5486
f 3913 5483 5482
f 5483 3913 3914
f 3913 5481 3915
f 5481 3913 5482
f 3911 4990 3916
f 5477 5478 3958
f 3916 4990 4161
f 4990 3911 3915
f 4952 5480 4379
f 5480 4952 4101
f 5479 5477 3958
f 5477 5479 5476
f 3920 5507 4543
f 3917 5018 4568
f 3898 4986 5467
f 5512 5524 5515
f 5159 4239 4243
f 5501 5502 5498
f 5477 4613 5478
f 5475 4100 5476
f 5501 5499 5085
f 5490 5489 5491
f 5485 5487 5486
f 5018 3917 3919
f 5487 5485 5488
f 3907 4988 3908
f 5473 5474 3905
f 5469 5472 5471
f 4100 5475 4101
f 5129 5469 5470
f 5470 5469 5471
f 5469 5129 5130
f 4985 4751 4752
f 3901 5468 4167
f 3899 5468 3901
f 5468 3899 4752
f 3899 5467 4752
f 5467 3899 3898
f 5129 5470 4814
f 8784 9404 8786
f 1599 2911 1598
f 3507 1809 1807
f 9749 9750 9751
f 9756 9750 9754
f 9750 9756 9751
f 9755 9754 9753
f 9753 9754 9752
f 9754 9750 9752
f 9752 9746 9753
f 9799 9806 9807
f 9489 9809 9490
f 9715 9716 9714
f 9530 9832 9528
f 9444 9841 9839
f 9457 9838 9455
f 9838 9445 9444
f 9838 9840 9445
f 9840 9838 9457
f 9838 9444 9839
f 9756 9453 9751
f 9757 9615 9616
f 9758 9759 9760
f 9759 9761 9760
f 9734 9733 9736
f 9733 9734 9735
f 9727 9731 9730
f 9731 9732 9730
f 9730 9720 9727
f 9576 9728 9729
f 9725 9726 9727
f 9722 9723 9724
f 9539 9837 9540
f 9719 9720 9721
f 9680 9716 9687
f 9742 9743 9741
f 9744 9568 9745
f 9746 9747 9748
f 9453 9756 9454
f 9763 9765 9764
f 9758 9763 9764
f 9761 9759 9762
f 9620 9717 9718
f 157 9835 216
f 9835 157 9518
f 9835 9518 9836
f 9843 9564 9563
f 9517 9832 9530
f 9832 9517 9516
f 9810 3845 3847
f 9830 9831 9526
f 9503 9818 9504
f 204 9817 192
f 9815 9816 9814
f 9844 9843 9845
f 9460 9815 9814
f 9815 9460 9459
f 9460 9814 9589
f 9813 9498 9812
f 9484 9812 9497
f 9497 9812 9498
f 9812 9484 9486
f 9493 9811 9494
f 9811 9493 9496
f 9815 9459 9591
f 9606 9737 9738
f 9846 9604 9565
f 9847 9443 9547
f 9501 9833 9504
f 9833 9501 9538
f 9833 9834 9505
f 9833 9505 9504
f 9540 9833 9538
f 9440 9841 9444
f 9439 9841 9440
f 9842 9437 9545
f 9847 9448 9443
f 9560 9849 9559
f 9564 9851 9848
f 9851 9564 9566
f 9850 9849 9847
f 9849 9448 9847
f 9448 9849 9560
f 9565 9848 9846
f 9842 9545 9544
f 9564 9848 9565
f 9851 9850 9848
f 9739 9740 9737
f 9740 9738 9737
f 9741 9722 9724
f 9433 9308 9306
f 9433 9390 9307
f 9305 8639 9119
f 8639 9305 9389
f 8640 9314 9121
f 8786 9343 8776
f 9353 8797 9408
f 8797 9353 8794
f 9390 9433 9306
f 9357 9185 8807
f 8108 8104 8759
f 8104 8108 8110
f 9126 9128 9177
f 8677 8597 8679
f 8597 8677 8598
f 9185 9357 9428
f 8469 8876 9420
f 9400 8796 8793
f 8847 8108 8764
f 8796 9400 9428
f 9138 9307 9390
f 9140 9302 9392
f 8545 8991 8302
f 8129 8891 8130
f 8272 8976 8343
f 8976 8272 8270
f 8267 8567 8268
f 8567 8267 8271
f 8920 8183 8185
f 8183 8920 8219
f 9307 9138 8703
f 9007 8361 8543
f 9314 8640 9389
f 8108 8847 8109
f 9343 8786 9404
f 9333 9198 8836
f 9198 9333 9399
f 9298 9297 9103
f 9297 9298 9393
f 9302 9140 9315
f 9022 9003 9023
f 9811 9808 9494
f 9395 9317 8743
f 9551 9549 9552
f 9806 9799 9798
f 9802 9806 9798
f 9804 9503 9805
f 192 9803 193
f 9798 9801 9802
f 9801 9798 9800
f 9797 9787 9793
f 9788 9789 9786
f 9798 9799 9800
f 9795 9481 9649
f 9792 9787 9786
f 9787 9792 9793
f 9791 9532 9648
f 9783 9789 9788
f 9771 9772 9770
f 9767 9768 9769
f 9808 9809 9494
f 9765 9763 9766
f 9794 9795 9796
f 9317 9395 9424
f 9789 9790 9786
f 9768 9784 9769
f 9553 9554 9555
f 9554 9553 9556
f 9768 9767 9770
f 9784 9768 9785
f 9783 9784 9785
f 9781 9782 9677
f 9646 9781 9677
f 9781 9646 9780
f 9786 9787 9788
f 9762 9779 9644
f 9646 9779 9780
f 9778 9777 9696
f 9696 9777 9776
f 9776 9693 9696
f 9775 9765 9766
f 9765 9774 9764
f 9771 9770 9767
f 9773 9771 9767
f 9779 9646 9644
f 9810 3847 9491
f 9818 9503 9804
f 9807 9818 9804
f 9693 9695 9696
f 9697 9506 9508
f 9705 9704 9707
f 9713 9660 9670
f 9713 9707 9704
f 9660 9713 9661
f 9712 9710 9709
f 9711 9712 9709
f 9695 9693 9692
f 9708 9709 9710
f 9698 9699 9697
f 9703 9691 9700
f 9701 9688 9702
f 9688 9701 9700
f 9688 9700 9691
f 9510 9698 9508
f 9508 9698 9697
f 9675 9676 9672
f 9704 9705 9706
f 9653 9674 9672
f 9646 9677 9645
f 9678 9679 9663
f 9583 9582 9569
f 9569 9582 9567
f 9636 9448 9560
f 9450 9636 9560
f 9707 9713 9670
f 9654 9674 9653
f 9692 9693 9694
f 9689 9688 9691
f 9660 9678 9671
f 9688 9689 9690
f 9680 9686 9681
f 9686 9683 9681
f 9684 9682 9681
f 9684 9685 9682
f 9683 9684 9681
f 9680 9681 9682
f 9679 9678 9659
f 9678 9660 9659
f 9686 9680 9687
f 9585 9553 9555
f 9637 4106 4108
f 9653 9483 9654
f 9667 9668 9666
f 9522 9666 9523
f 9572 9665 9657
f 9655 9652 9651
f 9662 9663 9664
f 9659 9660 9661
f 9657 9658 9656
f 9570 9657 9656
f 9522 9667 9666
f 9657 9570 9572
f 6439 6476 6388
f 6476 6439 6419
f 6439 6420 6419
f 2841 3724 1477
f 1477 3723 1478
f 3723 1477 3336
f 3301 3722 3336
f 3722 3301 2968
f 9570 9656 9575
f 9674 9675 9672
f 9667 9522 9669
f 9672 9673 9653
f 9650 9651 9652
f 9483 9649 9481
f 9647 9482 9481
f 9647 9514 9482
f 9514 9647 9648
f 9644 9646 9645
f 9643 9644 9645
f 9549 9641 9642
f 9670 9660 9671
f 4130 9640 9479
f 9480 9639 9478
f 9638 9469 9477
f 9638 9470 9469
f 9470 9638 9488
f 9483 9655 9654
f 9654 9655 9651
f 9655 9513 9652
f 9581 9665 9572
f 9640 4130 9541
f 8392 8379 8377
f 9586 9585 9563
f 9460 9587 9461
f 9620 9621 9622
f 9617 9598 9619
f 9598 9617 9618
f 9615 9613 9616
f 9613 9615 9614
f 9612 9613 9614
f 9610 9608 9607
f 9610 9611 9608
f 9623 9624 9621
f 9609 9610 9607
f 9604 9603 9586
f 9603 9604 9605
f 9599 9601 9597
f 9624 9622 9621
f 9626 9627 9628
f 9553 9629 9558
f 9468 9632 9465
f 9448 9636 9634
f 9606 9607 9608
f 9636 9465 9632
f 9624 9625 9622
f 9557 9553 9558
f 9512 9819 9511
f 9802 9824 9803
f 9827 9828 9829
f 180 9826 210
f 9826 180 9520
f 9801 9825 9519
f 9519 9825 9520
f 9825 9801 9800
f 9600 9601 9599
f 9824 193 9803
f 193 9824 168
f 168 9824 9519
f 210 9823 156
f 156 9823 9516
f 9534 9527 9822
f 9821 9514 9648
f 9716 9680 9714
f 9714 9680 9682
f 9820 9819 9512
f 9587 9588 9461
f 9634 9635 9633
f 9448 9634 9449
f 9561 9452 9454
f 9561 9466 9452
f 9466 9561 9562
f 9559 9450 9560
f 9450 9559 9451
f 9553 9557 9556
f 9552 9580 9551
f 9581 9580 9552
f 9563 9564 9565
f 9582 9583 9584
f 9594 9437 9436
f 9594 9436 9542
f 9588 9592 9461
f 9461 9592 9462
f 9592 9588 9593
f 9463 9591 9459
f 9587 9460 9589
f 9582 9579 9567
f 9590 4184 4135
f 9449 9634 9633
f 9566 9453 9451
f 9570 9571 9572
f 9633 9441 9449
f 9631 9468 9467
f 9629 9586 9603
f 9468 9631 9488
f 9488 9631 9487
f 9630 4120 9464
f 9630 4196 4120
f 9586 9629 9585
f 9567 9568 9569
f 9629 9553 9585
f 9597 9598 9599
f 9636 9450 9465
f 9456 9595 9596
f 9577 9576 9579
f 9576 9577 9578
f 9573 9570 9575
f 9570 9573 9571
f 9573 9574 9571
f 9601 9602 9597
f 1269 3656 1267
f 8379 8392 8381
f 8711 8400 9432
f 8318 8334 8555
f 9206 9207 8415
f 9207 9206 9205
f 9058 9077 8376
f 9077 9058 8369
f 8912 8225 8525
f 8225 8912 8224
f 8185 8907 8908
f 8907 8185 8187
f 9076 9075 9280
f 9435 4114 3845
f 9436 4132 4176
f 9575 9852 9573
f 9439 9440 9441
f 9462 9463 9459
f 9459 9460 9461
f 9458 9456 9455
f 8334 8318 8317
f 9411 9196 9355
f 9196 9411 9194
f 9434 4112 4114
f 10027 9625 9618
f 10027 9911 10024
f 10026 10025 9619
f 9619 10025 9617
f 10025 10026 9724
f 9620 10024 9717
f 10022 9711 9709
f 9910 10024 9911
f 9455 9456 9457
f 9717 10024 9910
f 10023 9506 9697
f 10023 9697 9909
f 10022 9709 10017
f 9576 9854 9728
f 9853 9852 9575
f 8829 9407 9197
f 9436 9437 9438
f 4114 9435 9434
f 9506 10023 9512
f 9454 9452 9451
f 9453 9454 9451
f 9450 9451 9452
f 9041 8324 8573
f 9018 8347 8346
f 8347 9018 8570
f 8343 9001 8997
f 9053 9052 9054
f 9052 9053 8587
f 9356 9415 9201
f 9100 9121 9293
f 8324 9041 8325
f 8578 9272 9052
f 9361 9205 9204
f 9205 9361 9207
f 9415 9356 8806
f 9193 9192 9194
f 8591 9277 9076
f 9192 9193 9191
f 9111 8721 9110
f 8721 9111 9113
f 9272 8578 9273
f 10027 9618 9617
f 9119 8644 8643
f 8927 8223 8928
f 9449 9441 9440
f 9443 9449 9440
f 9448 9449 9443
f 9446 9439 9441
f 9439 9446 9447
f 9442 9444 9445
f 9444 9442 9440
f 9440 9442 9443
f 8644 9119 8642
f 9075 9076 9385
f 9433 9124 9308
f 9121 9100 8640
f 9001 8343 9000
f 8940 8293 8295
f 8293 8940 8994
f 8448 8446 8167
f 8446 8448 8950
f 8223 8927 8225
f 9124 9433 9307
f 10024 9620 9622
f 9908 10022 10017
f 9704 10022 9908
f 9556 9996 9875
f 9598 9995 9599
f 9995 9598 9618
f 9599 9995 9992
f 9995 9993 9992
f 9658 10014 9656
f 10015 9679 9659
f 9747 10036 9920
f 9996 9556 9557
f 9726 10028 9723
f 9561 10032 9915
f 10031 9722 9745
f 9722 10031 9723
f 9723 10031 9914
f 9720 10030 9721
f 10030 9720 9730
f 10030 9730 9913
f 9732 10029 9729
f 9754 10032 9756
f 9729 10029 9912
f 9625 9995 9618
f 9875 9996 9994
f 9991 9874 9990
f 9910 9990 9717
f 9990 9910 9719
f 9456 9989 9457
f 9989 9456 9596
f 9989 9596 9873
f 9988 9607 9984
f 9988 9609 9607
f 9996 9557 9993
f 9872 9988 9984
f 9994 9623 9628
f 9994 9628 9875
f 9996 9993 9994
f 9466 9485 9878
f 9998 9495 9877
f 9998 9484 9497
f 9997 9620 9718
f 9620 9997 9621
f 9623 9994 9624
f 8605 8391 9077
f 10029 9732 9731
f 9724 10028 10025
f 10015 9897 10012
f 9622 10027 10024
f 10020 9661 9713
f 10021 10020 9702
f 9702 10020 9701
f 10020 10021 9661
f 10019 9706 9906
f 10019 9711 9706
f 9625 10027 9622
f 9708 10018 9904
f 10017 9708 9904
f 9708 10017 9709
f 10017 9903 9908
f 10017 9904 9903
f 10016 9783 9785
f 9783 10016 9789
f 9900 10015 10012
f 10020 9713 9908
f 10018 9708 9933
f 10028 9724 9723
f 10028 9911 10025
f 9598 10033 9619
f 10028 9725 9911
f 10028 9726 9725
f 10032 9454 9756
f 9454 10032 9561
f 10033 9597 9917
f 9919 10035 10033
f 10034 9748 9747
f 10034 9742 9919
f 10033 9598 9597
f 10034 9743 9742
f 10035 9619 10033
f 10035 10026 9619
f 10026 10035 9742
f 10033 9917 9919
f 9742 10035 9919
f 10034 9739 9748
f 9739 10034 9740
f 9740 10034 9919
f 9743 10034 9747
f 8391 8605 9083
f 9277 8591 8604
f 9461 9462 9459
f 8698 9423 9304
f 9296 9102 9294
f 8611 9384 9383
f 9290 9079 9081
f 9366 8908 9234
f 9370 8890 8889
f 8890 9370 9223
f 9419 8132 8159
f 9188 9406 9345
f 8132 9419 9221
f 8144 8871 9218
f 8136 9214 8137
f 9214 8136 9213
f 8429 8425 8105
f 8425 8429 9209
f 9360 9408 9200
f 9408 9360 9409
f 9415 8806 8835
f 8871 8144 8873
f 9407 8829 8831
f 9406 9188 8818
f 8815 9350 9347
f 9133 8669 9311
f 9122 9125 8656
f 9125 9122 9308
f 9423 8698 9137
f 9185 9182 9184
f 9401 8778 9338
f 8778 9401 8779
f 8432 8096 1924
f 9350 8815 9348
f 8516 9248 8264
f 8852 8080 1944
f 8080 8852 9362
f 8080 8431 6196
f 8431 8080 9362
f 8096 8432 9361
f 9191 9193 9345
f 9357 9414 9413
f 9414 9357 9356
f 9248 8516 9374
f 8669 9133 8661
f 8908 9366 8920
f 9241 8295 8292
f 9011 8515 8255
f 8264 8089 8176
f 8089 8264 8087
f 8082 8873 8164
f 8873 8082 8085
f 8116 8115 1512
f 8115 8116 8118
f 9190 9409 9359
f 8515 9011 8303
f 9409 9190 9353
f 9101 8581 8583
f 8361 9007 8370
f 8445 8454 8173
f 8454 8445 8444
f 8891 8129 8191
f 8991 8545 8552
f 6193 8113 6263
f 8113 6193 8431
f 8581 9101 8623
f 8295 9241 9240
f 8150 8916 8156
f 9003 9022 9004
f 8593 9069 9276
f 9079 9290 9289
f 9284 9282 9283
f 9282 9284 9286
f 9072 8615 8352
f 8615 9072 9277
f 9069 8593 8602
f 9381 9273 9057
f 8916 8150 8152
f 9250 8266 9249
f 8564 8541 8354
f 8541 8564 9265
f 8977 9250 8973
f 9250 8977 9252
f 8266 9250 8267
f 9384 8380 9065
f 9384 8611 8380
f 8444 8881 8443
f 9273 9381 9274
f 8400 8711 8398
f 9132 8674 9312
f 8713 9299 8710
f 9549 9551 9550
f 9548 9549 9550
f 9442 9547 9443
f 9546 9442 9445
f 9544 9447 9446
f 9544 9543 9447
f 9542 4176 4178
f 144 9537 9500
f 9543 9544 9545
f 4176 9542 9436
f 9538 9500 9537
f 9538 9501 9500
f 9539 9538 9537
f 9538 9539 9540
f 9511 9506 9512
f 9509 9508 9507
f 9466 9467 9452
f 9509 9510 9508
f 9541 4130 4132
f 4103 9479 9478
f 186 9537 144
f 9536 9535 9534
f 9464 4120 4117
f 9465 9450 9452
f 9506 9511 9507
f 9535 9517 9530
f 9527 9534 9530
f 9531 9532 9533
f 9528 9527 9530
f 9527 9528 9529
f 9535 9530 9534
f 9524 9525 9526
f 169 9520 180
f 9520 169 9519
f 168 9519 169
f 156 9516 157
f 157 9516 9518
f 9516 9517 9518
f 9514 9513 9482
f 9513 9514 9515
f 9521 9522 9523
f 9299 8713 9316
f 9479 4105 4130
f 9478 4559 4103
f 9470 9487 9471
f 9491 4175 9492
f 9491 3847 4175
f 9490 9471 9487
f 9490 9475 9471
f 9489 9490 9487
f 9487 9470 9488
f 8495 8883 8884
f 9493 9494 9495
f 8883 8495 8496
f 9102 9296 9099
f 9182 9185 9338
f 9332 9174 9176
f 9174 9332 9335
f 9165 8785 8786
f 8785 9165 9326
f 9109 9394 8734
f 9394 9109 9318
f 8881 8444 8446
f 9479 9480 9478
f 9498 9499 9496
f 144 9500 145
f 9473 9476 9469
f 9469 9476 9477
f 9476 9473 9474
f 9472 4117 4116
f 9475 9472 9473
f 9472 9475 9464
f 9473 9472 9474
f 4117 9472 9464
f 9497 9498 9496
f 9469 9470 9471
f 9467 9468 9465
f 9479 4103 4105
f 9481 9482 9483
f 9484 9485 9486
f 9496 9493 9497
f 9506 9507 9508
f 9503 9504 9505
f 9501 9502 9500
f 9452 9467 9465
f 9715 9991 9721
f 3656 1269 1579
f 1535 3671 1372
f 3772 1945 2995
f 2121 3644 2003
f 3613 3740 1291
f 2978 2089 2098
f 3740 3613 3433
f 3594 3763 2582
f 3763 3594 3492
f 2115 3771 2322
f 3771 2115 2039
f 2089 2978 2090
f 2201 3767 1936
f 1918 3683 2890
f 2985 3528 1665
f 3683 1918 1917
f 3762 3539 3540
f 3530 3761 2618
f 3761 3530 3531
f 1945 3772 3614
f 3773 2339 3614
f 2339 3773 2340
f 3772 2134 3614
f 2181 3769 2565
f 1984 2389 1985
f 2389 1984 1564
f 1664 3528 2365
f 3528 1664 1665
f 2988 3325 2154
f 2988 1870 3325
f 1870 2988 1872
f 1831 2990 2342
f 3583 3768 1878
f 2129 3697 2514
f 3697 2129 2130
f 1935 3767 1913
f 3767 1935 1936
f 1954 3350 1619
f 3770 2037 2036
f 2037 3770 2417
f 3644 2121 2019
f 3768 3583 1547
f 2990 1831 1828
f 3517 3760 1800
f 3760 3517 2971
f 3328 3765 2180
f 3765 3328 1863
f 1801 3764 2163
f 3764 1801 2925
f 2134 3772 2995
f 2600 3618 2602
f 2309 3787 2308
f 3070 2009 1626
f 3720 1873 1875
f 2484 3635 3140
f 3784 2238 2240
f 1355 3783 3128
f 3783 1355 1357
f 2230 3116 2294
f 3116 2230 1342
f 3111 3782 1339
f 3782 3111 1337
f 1336 3782 1337
f 2238 3784 1373
f 3350 1954 2002
f 1873 3720 3562
f 3563 1873 3069
f 3517 3759 3024
f 3759 3517 3334
f 1593 3758 1594
f 3758 1593 3515
f 3491 3757 2934
f 3757 3491 2549
f 3365 3756 2616
f 3756 3365 2872
f 3764 1839 2163
f 3539 3762 1757
f 3542 3763 3492
f 1873 3563 1874
f 1389 3766 1390
f 3766 1389 1916
f 1915 3766 1916
f 3766 1915 1390
f 1884 3699 1885
f 3699 1884 2035
f 3763 3542 2582
f 3767 2201 1913
f 2955 2334 2336
f 2334 2955 2337
f 2849 3801 1775
f 3801 2849 2851
f 2854 3801 2851
f 3801 2854 1775
f 2836 3747 1962
f 3747 2836 2837
f 2871 3756 2872
f 3752 2678 2668
f 3645 2857 2450
f 2678 3752 2877
f 3803 2896 2899
f 2178 3803 2899
f 3803 2178 2897
f 2895 2216 2217
f 2216 2895 2107
f 2894 2216 2107
f 2889 3802 2711
f 3753 3248 2877
f 2216 2894 1509
f 3802 2889 2888
f 2857 3645 2853
f 2862 3748 3458
f 2426 3497 2427
f 2426 2663 2429
f 3790 2398 2401
f 2663 2426 2423
f 2419 2664 2041
f 2664 2419 2418
f 2415 3791 2221
f 3791 2415 1742
f 3748 2862 1348
f 2398 3790 1709
f 3797 2498 2499
f 2498 3797 2538
f 3793 2835 2834
f 3756 2871 2616
f 2868 3749 2869
f 3749 2868 2874
f 2866 3750 2869
f 3750 2866 2794
f 2645 3797 2499
f 3782 1336 1339
f 2059 3802 2888
f 3248 3754 2877
f 2740 2718 2721
f 3741 2751 3509
f 2779 3745 2080
f 2782 3800 2778
f 3800 2782 2714
f 2713 3800 2714
f 3800 2713 2778
f 2782 2383 2173
f 2718 2740 2727
f 2383 2782 2780
f 2751 3741 1426
f 2772 3743 1802
f 3743 2772 2768
f 2772 3742 2771
f 3742 2772 1314
f 2754 1763 1762
f 1763 2754 2067
f 1850 1555 2339
f 3745 2779 2778
f 3802 2059 2711
f 2652 2024 1803
f 2663 3770 2036
f 3754 3248 1325
f 3248 3753 2304
f 2835 3793 2496
f 2806 3796 2047
f 2024 2652 1721
f 3796 2806 2630
f 2680 3799 2223
f 3799 2680 2673
f 3770 2663 2417
f 2670 3799 2673
f 2049 2671 2050
f 2671 2049 2672
f 2664 3771 2039
f 3771 2664 2322
f 2662 3798 2088
f 3798 2662 2036
f 2038 3798 2036
f 3798 2038 2088
f 3799 2670 2223
f 3566 2526 1306
f 2526 3566 1454
f 3566 3781 2209
f 3606 2062 2061
f 2062 3606 3424
f 3605 2712 2714
f 3608 3432 3433
f 2749 3168 1932
f 1931 2749 1932
f 2065 2754 2066
f 2072 2753 2073
f 3606 2061 2443
f 2753 2072 2071
f 2789 2069 1979
f 2789 2070 2069
f 2070 2789 1763
f 2754 2065 2067
f 3437 2257 3436
f 2064 2755 2065
f 2755 2064 2125
f 2065 2755 2068
f 2073 2753 2068
f 2257 3497 3436
f 3488 2062 3427
f 3426 2062 3424
f 2785 2103 2078
f 2785 2104 2103
f 2104 2785 2084
f 2097 3348 2098
f 3348 2097 2099
f 2829 2089 2091
f 3603 2783 2172
f 2783 3603 2714
f 2062 3488 2063
f 3603 3609 1668
f 3432 3608 1420
f 3608 3502 3141
f 3502 3608 3433
f 2248 3431 2168
f 3431 2248 2368
f 2248 3607 2249
f 3607 2248 2168
f 2062 3426 3427
f 3609 3603 2172
f 3471 2076 2851
f 3497 2257 2427
f 3475 2241 1390
f 2143 3616 2363
f 3616 2143 2142
f 2143 3592 2960
f 3592 2143 2363
f 2143 2962 2144
f 2962 2143 2960
f 3512 2140 1406
f 3485 2136 2135
f 2140 3512 1815
f 1919 3615 2139
f 3615 2138 2139
f 3615 1874 2138
f 1874 3615 1875
f 2136 3485 1583
f 2126 2939 2127
f 2124 2628 2013
f 2649 2114 3268
f 2045 2628 2124
f 3615 1919 1875
f 2257 3437 1437
f 1940 2949 1806
f 1940 1332 405
f 2956 2112 2197
f 2112 2956 1814
f 2939 2126 1502
f 1332 1940 1806
f 2947 1940 845
f 1940 3450 1646
f 2386 3011 1852
f 3011 2386 2176
f 2949 1940 1646
f 2386 3506 1559
f 2134 2945 3614
f 2945 2134 2133
f 2134 2993 1846
f 2993 2134 2995
f 2132 3555 2133
f 3555 2132 2131
f 2339 1945 3614
f 1945 2339 1554
f 3506 2386 1852
f 3792 2432 2052
f 2076 3471 2383
f 2076 2855 2851
f 3780 1936 1937
f 3758 3631 1594
f 2164 3777 3625
f 3777 2164 2166
f 1613 3776 1611
f 3776 1613 2164
f 3623 3775 1746
f 3775 3623 3632
f 3618 2600 2603
f 3622 3775 3632
f 3621 3762 3540
f 3762 3621 1757
f 2361 3774 3591
f 3774 2361 2142
f 3586 3761 3531
f 3761 3586 2618
f 3631 3758 3515
f 3778 2372 3627
f 3775 3622 1746
f 2372 3778 3632
f 1936 3780 2200
f 3608 3686 1420
f 3781 3566 1306
f 3635 2484 2486
f 3712 3635 3145
f 3635 3712 3141
f 3701 2316 1522
f 3787 2309 3128
f 2110 3786 1741
f 3786 2110 2111
f 2009 3070 2074
f 1914 2879 2310
f 2316 3701 3244
f 2298 2510 2299
f 3686 3608 3164
f 2510 2298 1490
f 2192 3785 1484
f 3785 2192 2194
f 2291 3695 1480
f 3695 2291 2292
f 2879 1914 2883
f 2855 2076 2078
f 3035 3779 3037
f 3780 3613 2200
f 2786 2081 2083
f 2786 2085 2081
f 2085 2786 1761
f 2081 2864 2082
f 2864 2081 2086
f 2082 2864 2084
f 2077 2779 2080
f 2779 2077 2076
f 2088 2064 2066
f 2779 2076 2383
f 2097 2829 2100
f 3655 1262 2540
f 2829 2097 2089
f 2241 3476 2242
f 2457 2889 2891
f 2889 2457 2890
f 1888 3611 3310
f 3611 1888 2106
f 3610 2095 2094
f 3613 3780 1937
f 2671 2088 2050
f 3610 2090 2092
f 2190 3058 2317
f 3058 2190 2189
f 3596 3718 2975
f 3718 3596 3049
f 1994 3779 3035
f 3778 3631 3632
f 3779 1994 1996
f 1609 3769 2181
f 2090 2978 2093
f 3769 1609 2096
f 3646 3633 3340
f 3631 3778 3627
f 1271 3656 1272
f 3656 1271 1267
f 1262 3655 1340
f 2095 3610 2092
f 3610 2094 2091
f 2090 3610 2091
f 3633 3646 3105
f 1272 3656 1579
f 2432 3792 1538
f 2438 3405 2433
f 1851 3733 1607
f 3733 1851 1853
f 2387 3733 1853
f 3733 2387 1607
f 2176 3732 1853
f 3732 2176 2175
f 1661 3731 1656
f 1660 3731 1661
f 3731 1660 1671
f 3734 3723 3336
f 3735 3734 3334
f 3723 3735 1478
f 1710 3737 1712
f 1391 3739 1396
f 3739 1391 2441
f 1834 3706 1322
f 3706 1834 3367
f 3308 1828 1686
f 1828 3308 2159
f 3300 1675 2357
f 1675 3300 1693
f 3393 3754 1325
f 3754 3393 2877
f 3703 3753 2877
f 3753 3703 2304
f 3752 3703 2877
f 3223 3748 1348
f 3472 3751 2726
f 3751 3472 2872
f 3246 3738 2616
f 3473 3750 2794
f 3472 3749 2874
f 3749 3472 2869
f 1427 3741 3509
f 1419 3740 3433
f 3556 3731 1671
f 3740 1419 1291
f 3021 3722 2968
f 3722 3021 3336
f 3750 3473 2869
f 3738 3246 2149
f 3737 1710 1709
f 3723 3734 3735
f 1371 3671 1374
f 3671 1371 1372
f 1365 3670 1366
f 3676 1395 1397
f 1395 3676 2486
f 3675 3486 1397
f 3139 3678 3140
f 3477 3681 2244
f 3672 3055 1381
f 3681 3477 2890
f 3680 2437 3477
f 3144 3679 3145
f 3679 3144 2381
f 3678 3139 1937
f 3486 3675 2460
f 1397 3677 3144
f 3677 1397 3486
f 3144 3676 1397
f 2437 3680 1403
f 3660 1786 1787
f 3055 3672 1383
f 1380 3672 1381
f 1708 3644 2019
f 3644 1708 1705
f 1261 3736 2099
f 3736 1261 1260
f 3347 3736 1260
f 3736 3347 2099
f 2324 3707 2325
f 3707 2324 1310
f 3672 1380 1383
f 1307 3271 1305
f 1394 3675 1397
f 3675 1394 2460
f 1388 3674 1389
f 3674 1388 1391
f 1396 3674 1391
f 3674 1396 1389
f 1386 3673 1550
f 3673 1386 1506
f 1266 3670 1368
f 1786 3660 3480
f 3703 3752 2668
f 3748 3223 3458
f 3548 3725 1704
f 3725 3548 1619
f 1595 2929 1698
f 2929 1595 2109
f 1934 1915 2351
f 3282 3655 2540
f 3655 3282 1340
f 3718 3717 2975
f 3726 1619 3548
f 1273 3711 3658
f 3658 1381 3055
f 1382 3711 2431
f 3711 1382 1381
f 2431 3657 1275
f 3657 2431 1273
f 1358 3710 1535
f 3710 1358 1360
f 1529 3709 2403
f 3711 1273 2431
f 3709 1529 1458
f 1619 3726 1617
f 1622 2927 1623
f 3671 1535 1374
f 2201 3721 1913
f 3721 2201 3562
f 3250 3720 1875
f 3720 3250 3562
f 3719 2352 2351
f 1915 1934 1913
f 3724 2841 3301
f 2927 1622 2394
f 3724 3336 1477
f 3336 3724 3301
f 3730 1649 1939
f 1648 3729 1461
f 3729 1648 1647
f 1648 3728 1610
f 3728 1648 1461
f 1836 3727 1324
f 3727 1836 2696
f 2235 3755 3483
f 3676 3144 2486
f 1528 3709 1458
f 2324 3708 2213
f 3741 1427 1426
f 3455 3747 2837
f 3454 3730 1939
f 3730 3454 1647
f 1764 3746 1644
f 3746 1764 1766
f 1752 3745 2778
f 3745 1752 2080
f 1657 3731 3556
f 1749 3744 1751
f 3445 3743 2768
f 3743 3445 1802
f 3286 3742 1314
f 3742 3286 2771
f 1740 3440 1741
f 3440 1740 1739
f 3647 1779 3456
f 1779 3647 2148
f 3744 1749 2083
f 3709 1528 2403
f 3731 1657 1656
f 2380 3679 2381
f 3708 2324 2326
f 3658 3711 1381
f 3712 3166 3141
f 3166 3712 3145
f 1930 3714 1929
f 3049 3717 3718
f 3717 3049 1574
f 1549 3716 1553
f 1649 3730 1647
f 3716 1549 1448
f 3715 3286 2479
f 1264 3714 1930
f 3679 2380 3145
f 3714 1264 1266
f 3145 3713 3166
f 3713 3145 2380
f 2379 3713 2380
f 3713 2379 3166
f 3286 3715 2546
f 2381 3677 3486
f 3677 2381 3144
f 3670 1365 1368
f 3755 2235 3125
f 3739 1394 1396
f 1902 3577 1903
f 3694 1544 2273
f 3648 2561 3004
f 1691 2449 340
f 1546 3768 1547
f 3768 1546 1878
f 3174 1892 1437
f 2527 3708 2326
f 2497 3793 2834
f 3793 2497 2496
f 2485 3719 1398
f 3719 2485 2484
f 3719 2484 2352
f 2482 3707 1310
f 3707 2482 2325
f 2478 3664 2213
f 3708 2527 2213
f 3664 2478 2209
f 3687 1577 2259
f 3688 1450 1449
f 3683 2244 3681
f 2244 3683 1917
f 3680 3682 1403
f 3680 2244 3682
f 1422 3686 3164
f 3685 3166 2379
f 3166 3685 3164
f 3690 1450 1745
f 1577 3687 1931
f 3693 1435 2907
f 3692 1303 1298
f 3190 3691 1455
f 3691 3190 1451
f 1450 3690 1738
f 1450 3689 1448
f 1892 3174 2259
f 3689 1450 1738
f 1450 3688 1745
f 1303 3692 1451
f 3683 3681 2890
f 2561 3648 2333
f 1394 3739 2441
f 3643 2388 1830
f 1961 3747 3455
f 3747 1961 1962
f 3789 1650 3625
f 3593 3314 3316
f 3314 3593 2363
f 3623 3688 1449
f 3688 3623 1745
f 2388 3643 1684
f 2361 3788 2362
f 3650 3788 3591
f 1916 3719 2351
f 3719 1916 1398
f 1950 2394 1580
f 3331 1621 1579
f 1621 3331 1622
f 3497 2426 2428
f 3729 2101 1461
f 3788 2361 3591
f 1544 3694 1702
f 2394 1950 2392
f 2938 2138 2128
f 1701 2583 1545
f 3797 2645 2538
f 2629 3796 2630
f 3796 2629 2047
f 2609 3738 2149
f 3738 2609 2616
f 2600 3648 2604
f 3648 2600 2333
f 2101 3729 1647
f 2599 3795 1616
f 3794 2590 2589
f 3047 3794 1612
f 3794 3047 2590
f 1833 3794 2589
f 3794 1833 1612
f 2583 1701 1700
f 2971 2145 1246
f 2138 2938 2337
f 3795 2599 1805
f 3405 2438 2435
f 2300 3151 2301
f 2748 3151 3153
f 3669 1343 1345
f 1343 3117 1346
f 3117 1343 1342
f 1333 3668 3104
f 3668 1333 3105
f 1331 3667 3104
f 3667 3103 3104
f 1308 3664 2209
f 3667 1331 1330
f 3667 1688 3103
f 1326 3666 1324
f 3666 1326 1500
f 1313 3665 1311
f 3665 1313 1317
f 3682 1404 1403
f 1889 3682 2244
f 3271 1307 1526
f 2424 3693 2907
f 1688 3667 1330
f 1496 3700 2874
f 3664 1308 2213
f 1290 3663 2200
f 3670 1266 1366
f 1404 3682 1889
f 1343 3669 1341
f 3663 1290 3069
f 2196 3662 2445
f 3662 2196 2197
f 3480 3661 2196
f 3661 3480 1714
f 2200 3663 2201
f 1281 3661 1714
f 1714 3660 1787
f 3660 1714 3480
f 2196 3659 3480
f 3659 2196 2445
f 1271 3658 3055
f 3658 1271 1273
f 1270 3657 1273
f 3657 1270 1275
f 3661 1281 2196
f 3151 2300 2516
f 3700 1496 3244
f 2035 3698 3699
f 3703 3702 3474
f 1505 3704 3254
f 3704 1505 2313
f 1915 3475 1390
f 3475 1915 2310
f 3703 2875 2304
f 2875 3703 3474
f 3694 1762 1702
f 3705 3256 2764
f 3693 2424 1433
f 1435 3693 1433
f 3686 1422 1420
f 3163 3685 2379
f 3685 3163 3164
f 3684 2528 2199
f 3156 2528 3684
f 2528 3156 3157
f 3151 2748 2492
f 2244 3680 3477
f 3699 3698 1885
f 3662 2314 2445
f 3706 2408 1322
f 3698 2035 2301
f 3697 2512 2514
f 3697 2299 2512
f 2299 3697 2130
f 1485 3696 1484
f 3696 1485 1487
f 3223 3695 2292
f 3695 3223 1480
f 2314 3662 2197
f 2281 3651 1643
f 1762 3694 2273
f 3701 3246 3244
f 3246 3701 1522
f 3702 3703 2668
f 3256 3705 3254
f 1525 3270 1527
f 3270 1525 1524
f 2408 3706 3367
f 3651 2281 2283
f 3612 1424 1428
f 9719 9991 9990
f 9557 9992 9993
f 9264 9031 8339
f 9031 9264 9029
f 9263 8326 8332
f 9263 8562 8326
f 9263 8332 9026
f 9261 9003 8316
f 9262 8560 8559
f 8560 9262 9025
f 9262 8550 8549
f 8550 9262 8559
f 9262 9024 9025
f 9262 8549 9024
f 8930 9236 8232
f 8232 9236 8231
f 9236 8930 8929
f 8118 9207 8115
f 8113 9210 8430
f 9264 8341 9028
f 8341 9264 8339
f 8562 9263 9027
f 9003 9261 9023
f 8540 9265 9032
f 9260 9017 9020
f 9259 9005 9014
f 9259 9006 9005
f 8315 9259 8554
f 9259 8315 9002
f 9006 9259 9002
f 8554 9259 9014
f 9210 8113 8431
f 9258 8294 8293
f 9258 8293 8995
f 8539 9258 8555
f 9257 9010 9009
f 9010 9257 9256
f 9257 8329 8561
f 8329 9257 9009
f 9261 8316 8563
f 9261 8563 9027
f 9258 8539 8294
f 8853 9210 9209
f 8430 9210 8853
f 9209 8429 8853
f 8176 9212 8177
f 9212 8472 8177
f 8472 9212 8903
f 9207 8118 8415
f 8414 9206 8415
f 8866 9215 8145
f 9206 8414 8417
f 9195 8826 9193
f 9212 8176 8089
f 9194 9195 9193
f 8760 9191 8756
f 9191 8760 9192
f 9190 8093 8418
f 8419 9190 8418
f 8093 9190 8822
f 9189 8750 8816
f 9189 8751 8750
f 8751 9189 8753
f 9193 8826 8830
f 8546 9257 8561
f 9213 8182 8865
f 9212 8089 8864
f 8425 9209 8852
f 9208 8421 8851
f 9208 8099 8421
f 9208 8101 8097
f 8101 9208 8100
f 8099 9208 8097
f 8100 9208 8851
f 8115 9207 8432
f 9213 8140 8180
f 8086 9211 8456
f 8903 9214 8865
f 8141 9215 9216
f 9215 8141 8145
f 9215 8868 8869
f 9214 8903 8864
f 8137 9214 8864
f 8865 9214 9213
f 9213 8180 8182
f 8903 9212 8864
f 9032 9265 9033
f 8565 9265 8564
f 9269 9043 9044
f 8481 9238 8480
f 9238 8481 8935
f 8458 9238 8457
f 9238 8458 8480
f 8932 9238 8935
f 8457 9238 8932
f 9237 8202 9224
f 8202 9237 8232
f 8227 9239 8229
f 8487 9242 8485
f 9242 8942 8941
f 9244 8221 8924
f 9245 8515 8960
f 8515 9245 8963
f 8966 9245 8964
f 9245 8966 8963
f 9244 8481 8221
f 9244 8230 8481
f 8485 9242 8943
f 8230 9244 8955
f 8930 9239 8227
f 9239 8232 9237
f 9255 9001 8998
f 8997 9255 9254
f 9001 9255 8997
f 8345 9254 8568
f 8349 9254 8345
f 9254 8349 8997
f 8269 9253 8270
f 9253 8269 8989
f 9239 8930 8232
f 9253 8986 8975
f 8987 9253 8989
f 9246 8276 8962
f 8276 9246 8258
f 8240 9245 8960
f 9245 8240 8964
f 8937 9240 9241
f 9240 8939 8938
f 8295 9240 8938
f 8270 9253 8975
f 8818 9188 8819
f 8942 9242 8487
f 9243 8222 8954
f 8323 9266 9020
f 8347 9268 9040
f 9268 8347 8350
f 8579 9269 9042
f 9272 9056 9052
f 9274 9051 9272
f 8367 9274 8603
f 9274 8367 9051
f 9266 8331 9034
f 9273 8578 8585
f 9056 9272 9051
f 9045 9271 9043
f 9042 9269 9044
f 9043 9271 9044
f 9271 9045 9047
f 9048 9270 9047
f 8580 9269 8579
f 9269 8580 9043
f 9273 8585 9057
f 8222 9243 8223
f 8560 9266 8323
f 8557 9267 9038
f 9243 8482 8928
f 8223 9243 8928
f 8953 9243 8954
f 8482 9243 8953
f 9010 9256 9012
f 9257 9013 9256
f 9257 8546 9013
f 9265 8565 9033
f 8331 9266 8560
f 9037 9268 9036
f 9008 9268 8330
f 9268 9008 9036
f 8330 9268 8350
f 8342 9267 8567
f 9267 8342 9039
f 8268 9267 8557
f 9267 8268 8567
f 9038 9267 9039
f 9268 9037 9040
f 8808 9187 8809
f 9187 8808 9186
f 9184 9187 9186
f 8789 9341 9181
f 8830 9345 9193
f 9188 9345 8830
f 9346 8753 9189
f 9350 9349 9347
f 9352 9350 9351
f 9331 9352 9351
f 9350 9352 9349
f 9341 9337 8798
f 9351 9350 9348
f 9349 9346 9347
f 9349 9157 9346
f 8753 9346 9157
f 9349 9158 9157
f 9348 8815 8819
f 9348 8819 9197
f 9189 9347 9346
f 8815 9347 8816
f 9331 9351 8842
f 8816 9347 9189
f 9337 9341 8788
f 8770 9342 9178
f 9223 9224 8914
f 9222 8497 8882
f 8497 9222 8883
f 8502 9222 8503
f 9274 9272 9273
f 9059 9275 9062
f 8594 9276 9066
f 9339 9340 9179
f 9341 8789 8788
f 9344 8809 9187
f 8801 9344 8812
f 8776 9343 8777
f 8777 9343 9183
f 8637 9342 8770
f 9342 8637 9172
f 9342 9340 9178
f 9340 9342 9181
f 9342 9172 9181
f 9344 8801 8809
f 9225 8888 8890
f 9340 9339 9178
f 8419 9353 9190
f 9336 8790 9173
f 8834 9336 9334
f 9336 9173 9334
f 9174 9335 9173
f 9333 8834 9334
f 8404 9330 9168
f 8834 9333 8836
f 9332 9331 8842
f 8790 9336 8788
f 9331 9332 9176
f 9330 8814 9171
f 9330 8404 8402
f 9352 9158 9349
f 9353 8419 8794
f 8732 9324 9151
f 9222 9365 9364
f 9369 9368 8929
f 8929 9368 9236
f 8814 9330 8783
f 9338 8778 9182
f 9337 9336 8834
f 9330 8402 8783
f 9336 9337 8788
f 9170 9329 9167
f 9329 9156 9167
f 9329 8749 9156
f 8768 9328 8765
f 8767 9328 8768
f 9327 9162 9325
f 8774 9327 9325
f 9173 9335 9334
f 9327 8774 8762
f 9327 8763 9160
f 9327 9160 9162
f 9326 9165 9325
f 9162 9326 9325
f 8775 9325 9165
f 8774 9325 8775
f 9329 9170 9166
f 9168 9330 9171
f 8763 9327 8762
f 9255 8998 8999
f 9225 8890 9223
f 8886 9225 8887
f 8465 9231 8914
f 9230 8463 8913
f 8463 9230 8894
f 8453 9230 8892
f 9230 8453 8894
f 8892 9230 8913
f 8195 9229 8196
f 9229 8195 9228
f 8438 9227 8436
f 8196 9229 8460
f 8911 9229 9228
f 8462 9229 8911
f 9228 8203 8231
f 9228 8231 8911
f 8174 9227 8165
f 9231 8887 9225
f 9231 8200 8887
f 8200 9231 8465
f 8460 9229 8462
f 9233 8857 8916
f 8231 9236 8911
f 9215 8866 8868
f 8826 9195 8824
f 9196 9194 9192
f 8760 9196 9192
f 9200 9201 9199
f 9205 9203 9204
f 9203 8411 9204
f 8428 9202 8102
f 9202 8103 8102
f 8208 9217 8872
f 8821 9202 8846
f 9199 8840 8843
f 9196 8760 8755
f 9198 8839 8845
f 8837 9198 8845
f 9198 8837 8836
f 8829 9197 8830
f 9197 9188 8830
f 9188 9197 8819
f 9202 8428 8846
f 9222 8502 8883
f 8925 9235 8924
f 9234 8908 8174
f 9219 8475 8871
f 8160 9219 8085
f 9219 8160 8476
f 9219 8871 8873
f 8085 9219 8873
f 8866 9218 9217
f 9218 8872 9217
f 9218 8871 8872
f 8475 9219 8476
f 8133 9221 8863
f 8132 9221 8128
f 8888 9225 8886
f 8436 9227 8905
f 9226 8472 8902
f 8186 9226 8455
f 8455 9226 8902
f 8894 8245 8463
f 8894 8171 8245
f 8128 9221 8133
f 9234 8174 8173
f 9220 8868 8879
f 9220 8139 8869
f 9234 8173 8899
f 8857 9233 8148
f 8148 9233 8146
f 8146 9233 8878
f 9223 9231 9225
f 8208 9232 8468
f 9232 8208 8872
f 8870 9232 8872
f 9220 8879 8880
f 9232 8870 8915
f 8914 9231 9223
f 9227 8174 8907
f 9227 8438 8165
f 8155 9217 8208
f 8905 9227 8907
f 9220 8140 8139
f 8140 9220 8880
f 8868 9220 8869
f 8468 9232 8915
f 9368 8911 9236
f 8545 9256 9013
f 8304 9256 8545
f 8533 8983 8536
f 8983 8243 8984
f 8243 8983 8927
f 9102 8623 9101
f 9311 8673 9132
f 8657 9126 8658
f 9126 8657 9127
f 9129 8701 9123
f 8701 9129 9124
f 8643 9118 9119
f 9118 8643 9120
f 8676 8588 9053
f 8588 8676 9120
f 9304 8695 8697
f 8695 9304 9117
f 9313 8637 8636
f 8637 9313 9114
f 8862 8859 8858
f 8859 8862 8861
f 8134 8863 8862
f 8863 8134 8133
f 8642 8638 8644
f 8666 9432 8667
f 9432 8666 8711
f 9091 8394 8393
f 8394 9091 9290
f 8600 8375 8378
f 8375 8600 8613
f 9077 8369 8605
f 8717 8748 8718
f 8547 8561 8562
f 8799 9337 8834
f 9337 8799 8798
f 8120 9215 8869
f 9419 8158 8441
f 8158 9419 8159
f 9215 8120 9216
f 8137 8088 8138
f 8088 8137 8864
f 8093 8820 8079
f 8748 8717 9113
f 8673 9311 8675
f 8698 9304 8699
f 9260 8569 9015
f 8569 9260 9018
f 9260 9015 9017
f 8565 9015 8340
f 9015 8565 9016
f 8303 9012 8304
f 9012 8303 9011
f 9006 8543 9005
f 9004 9022 8309
f 8543 9006 9007
f 8486 8507 8484
f 8507 8486 8985
f 8534 8535 8536
f 8540 9030 8298
f 8340 8339 9033
f 9286 8621 9041
f 9070 8352 8351
f 9048 9097 8396
f 9006 9002 9004
f 8638 8642 8641
f 9030 8540 9032
f 8535 8534 8985
f 8719 9318 8721
f 9174 8791 9175
f 8766 9339 9180
f 8800 9403 8798
f 9403 8800 9179
f 8412 9400 8793
f 9400 8412 9401
f 8791 9174 9173
f 9422 9092 9098
f 9177 8658 9126
f 8658 9177 9175
f 9328 8632 8765
f 8632 9328 9167
f 9329 8746 8749
f 8746 9329 9166
f 9139 9318 8719
f 8623 9102 9099
f 9092 9422 9094
f 9318 9139 9148
f 9410 8796 9413
f 8796 9410 8797
f 8783 8818 8817
f 9392 9110 9301
f 9392 8722 9140
f 8733 9392 9301
f 9394 9147 9145
f 9155 9396 9324
f 8741 9396 9155
f 8742 9395 8743
f 9395 8742 9149
f 8381 9388 8382
f 9395 9149 9320
f 9147 9394 9148
f 9392 8733 8722
f 9148 9394 9318
f 8731 9393 8728
f 9393 8731 9297
f 8728 9393 9142
f 9142 9393 9316
f 9393 9298 9316
f 8734 9394 9145
f 9216 8434 8127
f 9388 9090 9292
f 9389 8640 8639
f 9404 8812 9344
f 8798 9403 9341
f 9340 9403 9179
f 9162 9397 9326
f 8696 9396 8741
f 9388 8381 8392
f 9396 8696 9321
f 9110 9392 9302
f 9090 9388 8392
f 9293 9391 9294
f 8670 9391 8648
f 9391 8670 9130
f 8648 9391 9293
f 9391 9130 9309
f 8647 9390 8704
f 9390 8647 9138
f 8704 9390 9306
f 9117 9389 9305
f 9294 9391 9309
f 9097 9048 9096
f 8142 9216 8127
f 8235 8947 8959
f 8510 8519 8508
f 8519 8510 8970
f 8279 8521 8528
f 8521 8279 8969
f 8262 8942 8487
f 8942 8262 8964
f 9373 8963 8966
f 8963 9373 8962
f 8522 8452 8971
f 8510 8949 8168
f 8947 8949 8959
f 8949 8947 8948
f 8201 9224 8202
f 9224 8201 8914
f 8449 8888 8886
f 8888 8449 8891
f 8820 8093 8822
f 8818 8783 8401
f 8949 8510 8958
f 9929 10090 9776
f 8452 8522 8450
f 8234 8947 8235
f 8940 8239 8241
f 8239 8940 8938
f 9371 8934 8933
f 8934 9371 8931
f 8934 8191 8190
f 8191 8934 8931
f 8501 9235 8921
f 9235 8501 8922
f 8983 8533 8982
f 8921 9235 8925
f 8477 8474 8919
f 9226 8470 8472
f 8470 9226 8918
f 8215 8473 8217
f 8473 8215 8917
f 8944 8490 8492
f 8947 8234 8946
f 9216 8142 8141
f 8474 8477 8471
f 9088 8619 8620
f 8619 9088 9089
f 9289 9082 9079
f 8929 8226 9369
f 8219 8920 8479
f 8214 8152 8207
f 8152 8214 8469
f 8196 8459 8194
f 8097 9204 8411
f 9352 9176 9158
f 8611 8381 8380
f 8226 8929 8227
f 9159 9177 9128
f 8681 9115 8678
f 8388 8667 9432
f 8667 8388 8397
f 9290 8620 8394
f 8620 9290 9081
f 8559 9084 8550
f 9084 8559 8622
f 8396 9270 9048
f 9115 8681 9116
f 9270 8396 8395
f 8459 8196 8460
f 8943 8486 8485
f 8855 8164 8163
f 8164 8855 8433
f 8420 1514 1516
f 1514 8420 8418
f 8779 8416 8780
f 8416 8779 8417
f 8849 8118 8117
f 8118 8849 8415
f 9240 8936 8939
f 9204 8097 8101
f 8892 8895 8453
f 8895 8892 8193
f 8936 9240 8937
f 8960 8303 8305
f 8303 8960 8515
f 8505 8251 8500
f 8251 8505 8504
f 8486 8943 8288
f 8193 8892 8195
f 8189 8435 8434
f 9046 9096 9048
f 8385 8604 8386
f 9252 8267 9250
f 9251 8292 8297
f 8292 9251 9241
f 9251 8297 8975
f 8986 9251 8975
f 9249 8973 9250
f 9249 8514 8973
f 9249 8321 8514
f 8961 9373 8965
f 9249 8266 8321
f 8084 9247 8161
f 8161 9247 8967
f 9246 8259 8258
f 8259 9246 8961
f 9252 8977 8978
f 8269 9252 8978
f 9373 8966 8965
f 8986 9253 8987
f 9248 8087 8264
f 9096 9046 8389
f 9374 8516 8967
f 9123 8686 8684
f 8604 8385 8616
f 8381 8611 8379
f 8741 8700 8696
f 8700 8741 8690
f 8695 9321 8696
f 8759 8755 8760
f 9177 9159 9158
f 8817 8813 8814
f 8683 9128 8684
f 8813 8817 8815
f 8811 8406 8407
f 8755 8759 8104
f 8713 8715 9143
f 9321 8695 9116
f 8715 8713 8706
f 8743 8691 8690
f 8691 8743 8693
f 8686 9123 8702
f 8406 8811 8784
f 9256 8304 9012
f 8435 8189 8123
f 8880 8157 8180
f 8284 8988 8290
f 8276 8974 8257
f 8974 8276 8274
f 8978 8989 8269
f 8989 8978 8280
f 8320 9036 9008
f 8323 8558 8560
f 8558 8323 8325
f 8988 8284 8937
f 9055 8598 8677
f 9067 9093 8372
f 9280 8603 8589
f 8603 9280 8363
f 8593 9050 8602
f 9050 8593 8592
f 8598 9055 8592
f 9009 8330 8329
f 8358 9279 8544
f 9093 9067 8610
f 9279 8358 8360
f 8542 8544 8300
f 8305 8302 8238
f 9082 9289 9083
f 8352 9070 9072
f 8621 9286 8622
f 9275 9059 9060
f 8587 9053 8588
f 9056 8601 9050
f 8601 9056 9051
f 8582 9045 9043
f 8302 8305 8304
f 9045 8582 9049
f 8541 9265 8540
f 9252 8271 8267
f 9036 8320 8322
f 9002 8316 9003
f 8316 9002 8315
f 8563 8312 8313
f 8312 8563 8316
f 9004 8309 8307
f 8561 8547 8546
f 8157 8880 8440
f 8604 8616 8615
f 8356 9016 8565
f 8910 8954 8222
f 8487 8263 8262
f 8258 8275 8276
f 8247 8503 8248
f 8503 8247 8252
f 8513 8235 8959
f 8235 8513 8236
f 8954 8910 8499
f 8464 8203 8893
f 8203 8464 8201
f 9369 8500 8499
f 8221 8147 8149
f 8147 8221 8481
f 8900 8874 8212
f 8874 8900 8205
f 8608 9093 8607
f 8377 8379 8375
f 9176 9352 9331
f 8500 9369 8226
f 9016 8356 8357
f 8893 9228 8195
f 8189 8434 8119
f 8330 9009 9008
f 8271 9252 8269
f 9093 8608 8372
f 8263 8487 8484
f 8918 9226 8186
f 8885 8493 8448
f 8493 8885 8199
f 8164 8433 8082
f 9228 8893 8203
f 8157 8440 8158
f 8858 8480 8458
f 8480 8858 8148
f 9217 8867 8866
f 8867 9217 8155
f 8145 9218 8866
f 9218 8145 8144
f 9213 8136 8140
f 8904 8159 8132
f 8156 8916 8857
f 9721 9991 9719
f 9368 8910 8911
f 8924 9367 9244
f 9691 9927 9689
f 9926 9766 9763
f 9568 9922 9569
f 9926 9925 9766
f 9925 9926 9757
f 9924 9762 9759
f 9762 9924 9779
f 9923 9761 9889
f 9761 9923 9760
f 9734 9915 9735
f 9726 9914 9727
f 9892 9650 9523
f 9727 9914 9731
f 9885 9900 9899
f 9898 9885 9899
f 9695 9897 9896
f 9896 9696 9695
f 9772 9927 9691
f 9778 9928 9777
f 9928 9778 9690
f 9928 9690 9689
f 9921 9583 9569
f 9920 9743 9747
f 9740 9919 9917
f 9746 9918 9753
f 9918 9746 9748
f 9918 9755 9753
f 9917 9738 9740
f 9917 9602 9738
f 9896 9778 9696
f 9602 9917 9597
f 9916 9869 9736
f 9915 9755 9735
f 9915 9734 9562
f 9921 9844 9845
f 9922 9749 9921
f 9569 9922 9921
f 9927 9772 9771
f 9929 9930 9775
f 9916 9736 9733
f 9778 9896 9690
f 9683 9895 9694
f 9895 9683 9686
f 9668 9906 9907
f 9906 9705 9907
f 9705 9906 9706
f 9600 9987 9601
f 9987 9600 9558
f 9987 9558 9629
f 9699 10050 9710
f 10056 10057 10055
f 9704 9908 9713
f 9434 10056 9861
f 10054 9511 9819
f 9511 10054 9937
f 10053 9936 10052
f 10053 9803 9936
f 10053 9802 9803
f 9802 10053 9806
f 9502 10052 9936
f 10051 9533 10049
f 9591 10055 9862
f 9844 9921 9749
f 9699 9909 9697
f 9902 9905 9700
f 9895 9686 9894
f 9894 9575 9656
f 9894 9853 9575
f 9853 9894 9687
f 9687 9894 9686
f 9893 9707 9670
f 9892 9523 9666
f 9772 9901 9770
f 9719 9910 9725
f 9902 9903 9904
f 9579 9912 9567
f 9914 9726 9723
f 9913 9729 9728
f 9913 9732 9729
f 9732 9913 9730
f 9576 9912 9579
f 9912 9576 9729
f 9911 9725 9910
f 9700 9905 9703
f 9583 9921 9845
f 9915 9562 9561
f 9930 9929 9776
f 9441 9879 9446
f 9879 9441 9633
f 9466 9878 9467
f 9467 9878 9631
f 9877 9487 9631
f 9648 9883 9791
f 9883 9648 9647
f 9885 9886 9664
f 9880 4559 9478
f 9888 9761 9762
f 9581 9891 9665
f 9662 9890 9889
f 9890 9662 9665
f 9888 9762 9644
f 9889 9888 9887
f 9761 9888 9889
f 9886 9658 9657
f 9887 9671 9678
f 9891 9581 9552
f 9887 9643 9671
f 9880 9478 9639
f 9880 4108 4559
f 9972 9453 9566
f 9968 9579 9582
f 9971 9845 9843
f 9970 9556 9875
f 9627 9970 9875
f 9970 9856 9969
f 9970 9627 9856
f 9579 9968 9577
f 4108 9880 9637
f 9932 9790 9933
f 9930 9776 9777
f 9489 9877 9495
f 9883 9884 9791
f 9882 9479 9640
f 9882 9480 9479
f 9881 9468 9488
f 9881 9488 9638
f 9880 9474 9637
f 9931 9782 9781
f 10051 9510 9533
f 9663 9887 9678
f 9662 9886 9665
f 9865 9543 9545
f 9871 9870 9846
f 9627 9875 9628
f 9874 9612 9718
f 9612 9874 9613
f 9611 9873 9596
f 9873 9611 9610
f 9601 9872 9602
f 9543 9865 9593
f 9870 9604 9846
f 9604 9870 9605
f 9869 9868 9867
f 9867 9868 9595
f 9463 9866 9864
f 9866 9463 9462
f 9437 9865 9545
f 9891 9642 9890
f 9650 9892 9651
f 9865 9437 9594
f 9886 9662 9664
f 9592 9865 9594
f 9627 9855 9856
f 9886 9657 9665
f 9877 9489 9487
f 9623 9876 9628
f 9665 9891 9890
f 9628 9876 9626
f 9593 9865 9592
f 9863 9463 9864
f 9463 9863 9591
f 9854 9574 9728
f 9591 9862 9815
f 4135 9861 9590
f 9860 9859 9589
f 9589 9859 9587
f 9578 9858 9854
f 9857 9858 9578
f 9858 9857 9580
f 9855 9857 9856
f 9855 9550 9551
f 9862 9816 9815
f 10051 9935 10050
f 9698 10051 10050
f 9935 10051 10049
f 9536 10064 9966
f 10070 9588 9978
f 9588 10070 9593
f 9640 10071 9882
f 9843 10074 9971
f 10076 9979 10075
f 9496 10076 9811
f 10076 9496 9979
f 10064 9834 9966
f 9862 10075 9979
f 9563 10074 9843
f 10073 10074 9555
f 10072 9554 9969
f 10074 10073 9971
f 10074 9563 9585
f 9555 10074 9585
f 10073 10072 9584
f 9584 10072 9968
f 10075 9862 10055
f 10072 9969 9968
f 9834 10064 9950
f 9822 10065 9534
f 9892 10088 10003
f 10087 9883 10002
f 10087 9884 9883
f 9884 10087 9793
f 9610 10078 9873
f 9445 10077 9546
f 9950 10064 9953
f 9546 10077 9985
f 9958 10065 9822
f 9543 10070 9447
f 9967 10070 9978
f 9447 10070 9967
f 10068 9832 10069
f 10068 9528 9832
f 10067 9825 9955
f 9825 10067 9956
f 9828 10066 9829
f 9829 10066 9955
f 10070 9543 9593
f 9666 10088 9892
f 9746 10036 9747
f 9603 9988 9872
f 9894 10014 9895
f 9897 10013 10011
f 10012 9899 9900
f 10012 9692 9899
f 9695 10012 9897
f 10009 9685 9684
f 10011 9896 9897
f 10011 9690 9896
f 9656 10014 9894
f 9766 10010 9775
f 10010 9929 9775
f 10009 9684 10008
f 10000 9635 9632
f 9633 9999 9879
f 9679 10015 9900
f 9485 9466 9562
f 9624 9994 9993
f 9992 9600 9599
f 10010 9766 10007
f 9920 10036 9922
f 10014 9658 9898
f 9685 10009 9616
f 9635 9999 9633
f 10007 9925 10008
f 10006 9707 9893
f 10006 9705 9707
f 10005 10006 9893
f 10004 9782 9676
f 9782 10004 9677
f 10004 9645 9677
f 9692 10012 9695
f 10003 9654 9651
f 10003 9651 9892
f 9481 10002 9647
f 10002 9481 9795
f 9647 10002 9883
f 9477 10001 9638
f 9638 10001 9881
f 9925 10007 9766
f 9616 10009 9757
f 9654 10003 9674
f 9547 9973 9847
f 10088 9668 9907
f 9668 10088 9666
f 9765 10044 9774
f 10044 9765 9775
f 10044 9775 9930
f 10043 9777 9928
f 9777 10043 9930
f 9615 10041 10042
f 10041 9615 9757
f 9769 10040 9767
f 10050 9935 10048
f 10040 9769 10039
f 9924 10040 10039
f 10039 10038 9780
f 10038 10039 9769
f 10037 9760 9923
f 10037 9758 9760
f 9794 10045 9797
f 10045 9794 9796
f 10045 9796 9931
f 10040 9773 9767
f 9708 10048 9933
f 9521 10063 9952
f 9510 10051 9698
f 10057 10058 10059
f 10058 10057 10056
f 9434 10058 10056
f 10061 9806 10053
f 10062 9834 9950
f 10062 9950 9947
f 9946 10061 10052
f 10052 10061 10053
f 9710 10050 10048
f 10061 9807 9806
f 9818 10061 9946
f 10058 9434 9435
f 10060 9813 9943
f 9813 10060 9944
f 10060 9860 9589
f 9860 10060 9943
f 10060 9589 9814
f 10058 9810 10059
f 9807 10061 9818
f 9793 10087 9797
f 10050 9699 9698
f 10049 9532 9791
f 9715 10080 9991
f 9685 10080 9682
f 9682 10080 9714
f 9840 10079 10077
f 10079 9457 9989
f 10079 9840 9457
f 9609 10078 9610
f 10078 9609 9986
f 10080 9715 9714
f 10085 9879 9999
f 10087 9794 9797
f 10088 9675 9674
f 10090 9929 10010
f 10089 9645 10004
f 10089 9643 9645
f 9670 10089 9893
f 9893 10089 10004
f 10088 9674 10003
f 10086 9477 9476
f 9532 10049 9533
f 10081 9612 9614
f 10082 9484 9998
f 10049 9934 9935
f 10049 9791 9934
f 10048 9708 9710
f 9932 10048 9935
f 9781 10046 9931
f 9933 10048 9932
f 10047 9782 9931
f 9673 10047 9796
f 10082 9878 9485
f 9796 10047 9931
f 9780 10046 9781
f 9834 10062 9505
f 9830 10063 9521
f 10036 9746 9752
f 9840 10077 9445
f 10083 9842 10084
f 9877 10082 9998
f 9484 10082 9485
f 10038 10046 9780
f 9367 8924 9235
f 9973 9846 9848
f 9973 9850 9847
f 8365 9280 9075
f 8360 9278 9279
f 9278 8360 9074
f 8301 9278 8572
f 9278 8301 9279
f 9073 9278 9074
f 8572 9278 9073
f 8615 9277 8604
f 8573 9282 9041
f 9282 9087 9283
f 9080 9284 9081
f 9287 9044 9271
f 9288 8392 8391
f 9288 9090 8392
f 9288 8391 9083
f 9090 9288 9091
f 9287 8384 8383
f 9280 8589 9076
f 8363 9280 8365
f 8366 9281 9086
f 9281 8359 9062
f 9109 9301 9110
f 8710 9300 8709
f 9300 8710 9299
f 8398 9300 9107
f 9104 9297 8739
f 9300 8711 8709
f 9107 9300 9299
f 9298 9107 9299
f 8384 9287 9089
f 9298 9106 9107
f 9297 8731 8739
f 9291 8399 9095
f 9289 9091 9288
f 9303 9108 9112
f 9289 9290 9091
f 9282 8573 9087
f 9281 8360 8359
f 9281 8366 8360
f 9106 9298 9103
f 9287 8383 9044
f 9285 8616 8617
f 9286 9041 9282
f 9143 9315 9140
f 9315 9112 9302
f 8685 9319 8687
f 8688 9319 9139
f 9319 8688 8687
f 9322 8739 9151
f 8680 9323 9150
f 9323 9136 9154
f 9315 9143 8715
f 9323 8682 9136
f 9152 9322 9151
f 9322 9152 9154
f 8727 9322 8725
f 8736 9320 9149
f 8725 9322 9154
f 9322 9104 8739
f 9104 9322 8727
f 9321 9116 9153
f 9150 9323 9154
f 9301 9109 8734
f 9315 8708 9112
f 9299 9316 9298
f 9080 9286 9284
f 9286 9080 8622
f 8614 9285 9087
f 9087 9285 9283
f 8616 9285 8614
f 9302 9111 9110
f 8629 9303 8714
f 9323 8680 8682
f 8708 9315 8715
f 8646 9314 9137
f 9139 9319 9148
f 9319 9144 9148
f 9318 9109 8721
f 9317 8693 8743
f 9317 8702 8693
f 8702 9317 9146
f 9143 9316 8713
f 9316 9143 9142
f 9319 8685 9144
f 8733 9301 8734
f 9111 9302 9112
f 9300 8398 8711
f 9237 9371 9239
f 9371 8229 9239
f 9371 8933 8229
f 9370 9224 9223
f 9224 9370 9237
f 8246 9365 8882
f 8882 9365 9222
f 8844 9354 8823
f 8931 9371 9237
f 8248 9364 8491
f 9360 9200 9199
f 9359 8822 9190
f 9359 8844 8823
f 9359 8823 8822
f 8840 9358 8845
f 9358 8840 9199
f 9358 8837 8845
f 9358 9199 9201
f 9203 9205 9206
f 8806 9356 8807
f 9370 8931 9237
f 9372 8281 8943
f 8504 9367 8922
f 8922 9367 9235
f 9367 8955 9244
f 9367 8504 8955
f 9366 8479 8920
f 8916 8469 9233
f 9365 8951 9364
f 9365 8494 8951
f 9372 8943 9242
f 9365 8246 8494
f 8499 9368 9369
f 9370 8889 8931
f 8941 9372 9242
f 9373 8961 9246
f 8962 9373 9246
f 9372 8939 8936
f 8939 9372 8941
f 8281 9372 8936
f 9368 8499 8910
f 8735 9320 8736
f 9356 9357 8807
f 8755 9355 9196
f 8397 9295 8667
f 9295 8397 9099
f 8667 9295 8665
f 9295 9099 9296
f 9294 9100 9293
f 9294 9102 9100
f 8648 9293 9121
f 9292 8393 8396
f 9083 9289 9288
f 9292 9090 8393
f 9291 8389 8618
f 8389 9291 9096
f 9291 8400 8399
f 8400 9291 8618
f 9291 9095 9096
f 8663 9295 9296
f 9295 8663 8665
f 9297 9104 9103
f 9292 8396 9097
f 8103 9355 8755
f 9276 8594 8593
f 9324 8732 8740
f 9354 8824 9195
f 9354 8844 8824
f 8417 9203 9206
f 9361 8432 9207
f 8101 9361 9204
f 9363 8138 8456
f 9364 8248 8503
f 9364 8503 9222
f 9324 8740 9155
f 8491 9364 8951
f 9363 8189 8188
f 9361 8101 8096
f 8189 9363 8856
f 9363 8456 9211
f 8856 9363 9211
f 9362 9209 9210
f 9362 8852 9209
f 8431 9362 9210
f 8138 9363 8188
f 9320 8735 9145
f 9314 8646 9121
f 9134 9313 9131
f 9958 9961 9515
f 9962 9961 9960
f 9523 9963 9521
f 9566 9974 9851
f 9859 9977 9978
f 9977 9839 9978
f 9860 9977 9859
f 9976 9572 9571
f 9940 9490 9809
f 9976 9581 9572
f 9574 9976 9571
f 9976 9574 9854
f 9580 9976 9858
f 9976 9854 9858
f 9975 9574 9573
f 9574 9975 9728
f 9975 9573 9852
f 9850 9974 9849
f 9581 9976 9580
f 9974 9850 9851
f 9486 9942 9812
f 9734 9942 9486
f 9934 9884 9793
f 9884 9934 9791
f 9790 9932 9786
f 9786 9932 9792
f 9464 9940 9630
f 9630 9940 9941
f 9475 9940 9464
f 9499 9944 9816
f 9812 9942 9813
f 9945 9458 9943
f 9945 9869 9867
f 9945 9813 9942
f 9944 9498 9813
f 9944 9499 9498
f 9860 9943 9455
f 9940 9475 9490
f 9455 9943 9458
f 9942 9734 9736
f 9945 9867 9458
f 9934 9793 9792
f 9977 9860 9455
f 9980 9981 9590
f 9965 9540 9837
f 9965 9966 9540
f 9536 9965 9535
f 9965 9536 9966
f 216 9964 186
f 9964 216 9835
f 9964 9539 9537
f 186 9964 9537
f 9836 9965 9837
f 9650 9963 9523
f 9963 9830 9521
f 9830 9963 9831
f 9967 9439 9447
f 9577 9968 9969
f 9584 9968 9582
f 9844 9972 9843
f 9871 9973 9547
f 9973 9871 9846
f 9963 9650 9962
f 9499 9979 9496
f 9535 9965 9836
f 9974 9451 9559
f 9606 9984 9607
f 9601 9987 9872
f 9986 9605 9870
f 9986 9609 9605
f 9985 9871 9546
f 9871 9985 9870
f 9984 9606 9738
f 9984 9602 9872
f 9439 9967 9841
f 9982 9864 9866
f 9983 9596 9595
f 9983 9611 9596
f 9983 9595 9868
f 9982 4178 4188
f 4178 9982 9542
f 9451 9974 9566
f 9974 9559 9849
f 9963 9962 9831
f 9984 9738 9602
f 9850 9973 9848
f 9935 9792 9932
f 9502 9936 9817
f 9313 8636 9131
f 9132 9312 9135
f 9312 8649 9135
f 9312 8654 8649
f 8654 9312 8656
f 9134 9311 9132
f 8635 9310 8634
f 9311 9134 9133
f 9114 9313 9135
f 9311 8669 8675
f 9131 9310 9133
f 9310 8664 9133
f 9310 8707 8664
f 9339 8766 9178
f 9186 8807 9185
f 8807 9186 8808
f 9954 9515 9514
f 9948 9953 9531
f 8634 9310 9131
f 9531 9953 9821
f 9312 8674 8656
f 8663 9309 8668
f 9303 8630 9108
f 9313 9134 9135
f 9309 9296 9294
f 8668 9309 9130
f 9129 9308 9124
f 9308 9129 9125
f 9308 9122 9306
f 8694 9307 8703
f 9310 8635 8707
f 9307 8694 9124
f 8672 9306 9122
f 9305 9118 9117
f 9118 9305 9119
f 9304 8697 8699
f 9303 8708 8714
f 8708 9303 9112
f 8630 9303 8629
f 9309 8663 9296
f 9306 8672 8704
f 9792 9935 9934
f 9953 9948 9950
f 9952 9522 9521
f 9957 9524 9526
f 9524 9957 9829
f 9957 9526 9831
f 9829 9957 9827
f 9956 9520 9825
f 9520 9956 9826
f 9524 9955 9800
f 9946 9501 9504
f 9958 9959 9960
f 9869 9945 9736
f 9813 9945 9943
f 9939 9807 9804
f 9939 9799 9807
f 9799 9939 9525
f 9937 9507 9511
f 9937 9938 9507
f 192 9936 9803
f 9936 192 9817
f 9736 9945 9942
f 9522 9952 9669
f 9959 9958 9822
f 9527 9959 9822
f 9951 9509 9949
f 9951 9510 9509
f 9510 9951 9533
f 9533 9951 9531
f 9507 9938 9509
f 9949 9938 9947
f 9509 9938 9949
f 9948 9947 9950
f 9959 9527 9529
f 9947 9948 9949
f 9954 9514 9821
f 9800 9955 9825
f 9854 9576 9578
f 9955 9524 9829
f 9961 9958 9960
f 9513 9961 9652
f 9961 9513 9515
f 9828 9959 9529
f 9946 9504 9818
f 3594 3490 3492
f 3490 3594 2549
f 2118 2887 2891
f 3112 3108 2228
f 3108 3110 3109
f 3110 3108 3111
f 3108 3107 3072
f 3107 3108 3109
f 1333 3106 3105
f 3106 1333 1335
f 3101 3105 1328
f 1333 3103 1334
f 2826 2227 2229
f 3112 2227 3111
f 2227 3112 2228
f 3118 1344 1348
f 1344 3120 1347
f 3120 1344 1346
f 3119 3120 1346
f 3119 1347 3120
f 3108 3112 3111
f 3113 3108 3072
f 3108 3113 2228
f 3114 1337 3111
f 3133 1368 1373
f 1929 3133 1373
f 2239 3132 2555
f 3132 2239 1369
f 2239 3130 2240
f 3127 3128 2309
f 1361 3127 1363
f 3127 1361 1362
f 1347 3119 1557
f 1363 3127 2309
f 3129 1359 1361
f 1359 3129 1360
f 3121 1349 1557
f 3119 1350 3121
f 3103 1333 3104
f 1350 3119 1346
f 2227 3114 3111
f 1337 3114 2225
f 3129 1361 1364
f 1344 3118 1345
f 2863 3118 1348
f 3110 1339 3109
f 3199 3263 2376
f 3263 3260 2900
f 3260 3263 3201
f 1741 3098 1742
f 1510 2551 406
f 3200 3194 2276
f 2551 3265 1562
f 2318 3271 1527
f 3263 3199 3201
f 3271 2318 1305
f 3086 1526 1301
f 3085 1524 1523
f 3270 1524 2317
f 3269 3266 3083
f 3266 3269 3268
f 3269 3092 3081
f 3092 3269 3083
f 3267 3082 3083
f 1526 3086 1523
f 1368 3133 1266
f 3264 3263 2898
f 2896 3263 2900
f 2863 1345 3118
f 3117 1342 2231
f 3116 1342 1341
f 1339 3115 3109
f 3115 1339 1340
f 1339 3110 3111
f 3202 3200 2276
f 3194 3200 2278
f 3263 3264 2376
f 3577 1867 1869
f 2899 1507 2179
f 2899 1508 1507
f 1508 2899 2900
f 1508 3261 2215
f 3261 1508 2900
f 1508 3096 1509
f 3096 1508 2215
f 3263 2896 2898
f 1332 1510 405
f 1373 3134 1929
f 3131 2239 2555
f 3127 1355 3128
f 3099 2907 1435
f 2221 3098 2111
f 2660 2220 2034
f 2660 2219 2220
f 3088 3091 2206
f 3093 3091 3089
f 1331 3102 1332
f 3091 3092 3083
f 2907 3099 1318
f 2205 3082 2191
f 3079 3080 3076
f 3080 3079 3081
f 3079 3077 3078
f 3077 3079 3076
f 2414 3077 3076
f 3077 2414 3078
f 2414 3075 2294
f 3075 2414 3076
f 3082 2205 3083
f 2647 3074 1719
f 3100 1321 2420
f 1321 3100 1318
f 3096 2214 1509
f 2208 3094 1305
f 3094 2208 2209
f 2208 3095 1309
f 3095 2208 2211
f 3094 1306 1305
f 1306 2526 1301
f 3091 3088 3089
f 2219 2660 1887
f 2219 2901 1401
f 2901 2218 2111
f 3100 2907 1318
f 3102 1510 1332
f 1327 1510 3102
f 3101 1328 1327
f 1324 2695 1325
f 2908 2222 2425
f 2907 3100 2420
f 2901 2219 2218
f 3082 3267 2191
f 3074 2645 2499
f 3073 2203 3072
f 3119 3121 1557
f 3126 1352 3125
f 3124 3126 3125
f 3123 3126 3124
f 3126 3123 1353
f 3124 2234 3123
f 3124 2235 2234
f 2235 3124 3125
f 1374 3132 1369
f 2234 3122 3123
f 3122 1534 1533
f 3122 2233 3123
f 3122 1532 2233
f 1532 3122 1533
f 3117 1350 1346
f 1349 3121 1350
f 1352 3126 1353
f 1355 3127 1362
f 1534 3122 2234
f 2203 3073 2538
f 3103 1688 1334
f 3086 1299 1523
f 2203 2646 1881
f 3084 2205 2206
f 2205 3084 3083
f 3085 2205 2191
f 3088 1302 3089
f 3092 3091 3081
f 3091 3084 2206
f 3084 3091 3083
f 3102 1331 1327
f 1302 3090 3089
f 1302 3088 2206
f 1303 3087 1298
f 2205 3085 1523
f 3087 1303 1302
f 3087 1302 2206
f 1299 3087 2206
f 3087 1299 1298
f 1299 3086 1301
f 3090 1302 1304
f 3267 3266 3268
f 3266 3267 3083
f 1269 1515 1514
f 2115 2665 2044
f 2868 3247 2874
f 1726 3247 2868
f 3247 1726 1497
f 3211 3212 1364
f 3217 1896 1898
f 3217 2288 1896
f 2288 3217 1948
f 3276 1319 1458
f 1897 3216 1898
f 3216 2287 1871
f 1470 3215 1475
f 3215 1470 1472
f 3214 3215 1472
f 3214 1475 3215
f 1475 3214 1537
f 3213 1473 1719
f 3213 1471 1473
f 2287 3216 1897
f 1471 3213 1472
f 1319 3276 1323
f 1529 3276 1458
f 3272 2322 2418
f 3271 1526 1527
f 3195 2320 3063
f 2320 3270 2317
f 3270 2320 1527
f 3274 1322 2408
f 1322 3274 1321
f 2665 2321 2411
f 3276 1529 1323
f 2910 3277 1790
f 3129 1475 3278
f 1475 3129 1364
f 1535 3031 2557
f 1534 3277 1356
f 3277 1534 1790
f 2910 1356 3277
f 2321 2665 2115
f 1356 2910 1357
f 3129 3278 1360
f 2322 3272 2409
f 1470 3212 1471
f 2840 1774 2289
f 3205 3204 1610
f 3205 1336 3204
f 1336 3205 1460
f 1338 3204 1336
f 3204 1338 1610
f 2284 3027 1338
f 2828 2224 2225
f 2828 2284 2224
f 3205 1461 1460
f 2284 2828 2091
f 1459 1988 357
f 3200 3203 2278
f 3203 3200 2376
f 2349 2838 1962
f 3206 2349 2350
f 2349 3206 2834
f 2285 3209 2350
f 3208 1467 1464
f 1988 1459 2282
f 1774 2840 1770
f 2838 2349 2834
f 3222 3223 1348
f 2840 2289 2841
f 2847 2846 2504
f 3221 1480 3222
f 1480 3221 1466
f 3220 2517 2502
f 2517 3220 2520
f 2501 3220 2502
f 2846 1769 2640
f 1471 3211 1474
f 2847 1769 2846
f 1769 2847 1770
f 3219 2503 2472
f 1772 2503 3219
f 2503 1772 2504
f 3218 3219 2472
f 3218 1772 3219
f 3212 1470 1364
f 3211 1471 3212
f 1772 3218 1773
f 2214 3096 2215
f 3273 2420 1321
f 2409 3274 2408
f 1505 3257 2313
f 3259 3260 3201
f 3260 3259 2900
f 3259 3258 3236
f 3258 3259 3201
f 3257 1504 1539
f 3257 1505 1504
f 3257 2312 2313
f 3253 1505 3254
f 1505 3253 1506
f 2928 2312 1623
f 3256 3255 2217
f 3255 3256 3254
f 3255 2895 2217
f 3254 2895 3255
f 3193 2318 2280
f 2318 3193 2211
f 3062 2320 2317
f 2312 3057 1623
f 1793 3066 1280
f 1417 3252 1418
f 3247 1496 2874
f 3259 3262 2215
f 3262 3259 3236
f 3259 3261 2900
f 3261 3259 2215
f 3251 2500 2502
f 2518 3251 2502
f 3251 2525 2474
f 2470 3251 2474
f 3252 1417 1411
f 3250 2886 2883
f 3249 2308 2311
f 2648 1911 1912
f 2648 2305 1911
f 2305 2648 1474
f 3248 1326 1325
f 3248 1499 1326
f 1499 3248 2304
f 1496 3247 1497
f 2886 3250 2456
f 2420 3273 2418
f 3281 3280 2534
f 2256 3175 3176
f 3187 1282 1284
f 3281 3073 3072
f 3282 2539 2534
f 2539 3282 2540
f 3282 3280 3109
f 3280 3282 2534
f 3281 2537 2538
f 2537 3281 2534
f 2330 3116 1341
f 1274 3136 1275
f 2320 3062 3063
f 3278 1536 1360
f 3275 3272 3273
f 3275 3273 1321
f 3273 3272 2418
f 3272 3275 2409
f 3274 3275 1321
f 3274 2409 3275
f 1536 3278 1475
f 3280 3281 3109
f 3283 1708 1341
f 2331 3284 2332
f 3175 2256 2255
f 2256 3182 1548
f 3182 2256 3176
f 2188 3181 3176
f 3181 2188 2000
f 2188 3177 2591
f 3177 2188 3176
f 3279 1540 2249
f 3284 2331 1454
f 3279 1541 1540
f 3136 1504 1506
f 3136 1274 1504
f 3107 3281 3072
f 3281 3107 3109
f 3073 3281 2538
f 3116 2330 2294
f 2331 3191 1454
f 3191 2331 2240
f 1541 3279 2247
f 3208 1468 1467
f 2654 2214 1724
f 1311 3097 1312
f 1757 3829 3539
f 3735 3499 1478
f 3829 1757 2781
f 3525 3828 3524
f 3828 3525 2464
f 1583 3828 2464
f 3828 1583 3524
f 3499 3735 3334
f 1934 3142 1935
f 3046 2586 2584
f 3600 2577 2118
f 2172 3840 3609
f 3840 2172 1672
f 1666 3840 1672
f 3840 1666 3609
f 3625 3776 2164
f 3776 3625 1611
f 1753 3829 2781
f 3764 1982 1839
f 1982 3764 2925
f 3726 3549 1617
f 2253 3826 2348
f 3826 2253 1427
f 2943 2633 2636
f 2633 2943 3374
f 2844 2637 3374
f 2637 2844 2640
f 3505 3684 2199
f 3684 3505 3156
f 3619 3774 2142
f 3504 3155 3156
f 3496 3804 3495
f 3804 3496 1847
f 2311 3827 1503
f 3827 1791 1503
f 1791 3827 1792
f 3829 1753 3539
f 3830 3548 3550
f 3549 3726 3548
f 3155 3504 1885
f 3774 3619 3591
f 1602 3839 1825
f 3839 1602 2146
f 3788 3289 2362
f 3505 2659 2031
f 2577 3600 1991
f 2586 3046 1978
f 3475 3838 2241
f 3599 2650 2023
f 3599 2905 2015
f 2905 3599 2086
f 3289 3788 3650
f 3346 2972 2974
f 2918 1994 2884
f 1994 2918 1995
f 1664 3835 1663
f 3835 1664 2233
f 1367 3835 2233
f 3835 1367 1663
f 1618 3834 1954
f 3834 1618 1957
f 2972 3346 3596
f 3826 3509 2348
f 2161 1942 3638
f 3777 3640 3625
f 1061 3839 2146
f 3839 1061 1825
f 2947 3450 1940
f 3450 2947 2824
f 2659 3505 2198
f 3783 3637 3128
f 3637 3783 1357
f 3787 3637 2308
f 1942 2161 3588
f 3640 3789 3625
f 3522 3841 1590
f 3841 3522 3521
f 1676 3841 1677
f 3841 1676 1590
f 3841 3521 1677
f 3789 3640 3316
f 3637 3787 3128
f 3640 3777 2166
f 3842 3843 3844
f 3509 3826 1427
f 3827 2311 1792
f 3548 3830 3547
f 3993 3994 3995
f 3988 3987 3990
f 3988 3990 3992
f 3990 3987 3991
f 4010 4009 4012
f 4015 4012 4013
f 4016 4017 4018
f 4025 4024 4027
f 3994 3993 3996
f 4032 4033 4034
f 4020 3943 3945
f 3943 3910 3912
f 3910 4020 3914
f 4029 4030 4031
f 4025 4027 4023
f 4019 4017 4016
f 4027 4024 4028
f 4024 4025 4026
f 4020 3910 3943
f 4021 4020 4022
f 3994 3996 3992
f 4000 3997 3999
f 4067 4068 4069
f 3861 4038 4082
f 3904 4080 4081
f 4078 4076 4079
f 4075 4076 4077
f 4072 4073 4074
f 4067 4070 4071
f 4041 4042 4043
f 3997 3998 3999
f 4035 4038 3941
f 4035 4036 4037
f 4010 4012 4014
f 4012 4009 4013
f 4009 4010 4011
f 4007 4008 4002
f 4004 4006 4005
f 4003 4004 4005
f 4000 4001 4002
f 3987 3988 3989
f 3456 3834 1957
f 4021 4022 4023
f 4020 4021 3914
f 3233 3064 2296
f 2456 3833 2457
f 3833 2456 1918
f 2890 3833 1918
f 3833 2890 2457
f 3580 3721 3562
f 3721 3580 1913
f 3064 3233 3578
f 3832 2493 1547
f 2493 3832 1891
f 3198 3238 3197
f 3214 3575 1946
f 3575 3214 1472
f 3576 3575 3574
f 3575 3576 1895
f 1848 3551 2174
f 3830 3458 3547
f 3142 1934 2352
f 3238 3198 3578
f 4022 4020 3945
f 3568 3832 1547
f 3551 1848 1850
f 3851 3852 3853
f 3845 3846 3847
f 2919 3823 2442
f 3458 3830 3550
f 1724 3831 2653
f 3831 1724 1883
f 2025 3831 1883
f 3831 2025 2653
f 3832 3568 1891
f 2839 2639 2640
f 3563 3068 2126
f 3068 3563 3069
f 3561 3663 3069
f 3663 3561 2201
f 3012 1859 1858
f 1859 3012 1860
f 3553 3732 2175
f 3732 3553 1853
f 2639 2839 1964
f 3834 3456 1954
f 2650 3599 3078
f 1886 3504 2029
f 1452 3130 1455
f 3191 1452 1454
f 1452 3191 2240
f 2279 3195 3063
f 3200 3199 2376
f 3199 3200 3201
f 2279 3198 3197
f 3198 2279 3063
f 2270 3186 1922
f 2279 3196 2276
f 3195 2279 2280
f 3192 1433 2424
f 2274 3194 2278
f 3194 2274 2276
f 3193 2274 2211
f 1456 2258 1457
f 2258 1456 1435
f 1433 3192 2427
f 3196 2279 3197
f 3052 2268 2269
f 3185 2268 2228
f 3187 1449 1448
f 2912 1402 1406
f 2912 1403 1402
f 1403 2912 2437
f 1429 1932 3168
f 2493 2256 1548
f 2256 2493 1431
f 2264 3185 2228
f 3130 1452 2240
f 2268 3185 2266
f 3190 3131 2555
f 3190 2554 1254
f 2554 3190 2555
f 3190 3189 1451
f 3189 3190 1254
f 3188 3189 1254
f 3188 1451 3189
f 1451 3188 1304
f 1449 3187 1284
f 3131 3190 1455
f 1405 3147 1783
f 3185 2264 2266
f 2264 3113 3072
f 1445 3184 1447
f 1439 3183 1440
f 3183 1439 1447
f 3180 3178 1548
f 3179 3180 2000
f 3178 3180 1636
f 3180 3182 3176
f 3182 3180 1548
f 3184 1445 2262
f 3180 3181 2000
f 3180 3179 1636
f 3135 3136 1506
f 3135 1275 3136
f 1275 3135 1385
f 3091 3093 3081
f 1311 2480 1314
f 3097 1315 1803
f 3097 1311 1315
f 3181 3180 3176
f 3171 1433 2427
f 3184 2262 1922
f 1440 3183 1908
f 1546 3178 1636
f 3178 1546 1548
f 2261 2757 2591
f 2757 2261 1737
f 2261 3177 3176
f 3177 2261 2591
f 2261 3175 2255
f 3175 2261 3176
f 3113 2264 2228
f 3174 3173 2259
f 3172 3173 1543
f 3172 2259 3173
f 1436 2532 2271
f 2532 1436 1438
f 1433 3171 1434
f 3179 1635 1636
f 1635 3179 2001
f 2001 3179 2000
f 3173 3174 1543
f 2214 2654 2217
f 3147 1405 3148
f 3147 1399 1783
f 1541 3158 1542
f 3160 1414 1257
f 3160 1412 1414
f 1412 3160 1413
f 1414 3159 1257
f 3158 1410 1542
f 3158 1407 1410
f 1407 3158 1415
f 3158 1541 2246
f 1407 2245 1408
f 3157 2490 2491
f 2528 3157 2491
f 3156 3155 3157
f 3161 1540 1542
f 2248 3161 2368
f 3200 3202 3201
f 2250 1416 1420
f 1932 1429 1432
f 2245 1407 1415
f 1430 3170 2255
f 3158 2246 1415
f 6420 6439 6384
f 3504 1886 1885
f 3837 2891 2887
f 3838 3475 2881
f 3476 3838 2881
f 3838 3476 2241
f 2458 3837 2887
f 3837 2458 2457
f 2891 3837 2457
f 1540 3161 2248
f 2671 2064 2088
f 2064 2671 2125
f 3600 2711 2055
f 2711 3600 2891
f 3389 3836 2272
f 3836 3389 2429
f 2662 3836 2429
f 1909 3565 1912
f 1867 3577 1902
f 3836 2662 2272
f 3147 3148 1404
f 3170 1430 2924
f 3169 1430 1429
f 1386 3137 1387
f 3137 1386 1550
f 3137 2705 1387
f 1550 2705 3137
f 2705 1550 1552
f 1386 3135 1506
f 3135 1386 1385
f 1400 3146 1401
f 3138 3139 3140
f 1400 3147 1404
f 1402 3148 1405
f 3152 3154 2516
f 3152 3153 3154
f 3151 3149 2301
f 3149 3151 2492
f 3150 3149 2492
f 1885 3149 3150
f 3148 1402 1404
f 3147 1400 1399
f 3169 1429 3168
f 3139 3138 3141
f 3140 3142 2352
f 1430 3169 2924
f 1425 3167 3168
f 3167 1425 1424
f 3166 3165 3141
f 3165 3166 3164
f 3164 3162 1422
f 3162 3164 3163
f 1423 3162 3163
f 2484 3140 2352
f 3162 1423 1422
f 3150 3155 1885
f 2492 3155 3150
f 3151 3154 3153
f 3154 3151 2516
f 3144 3143 2486
f 3143 3144 3145
f 1395 2485 1398
f 2485 1395 2486
f 1416 2250 1417
f 4083 4084 4085
f 1468 3208 1557
f 1467 3210 1894
f 2193 3060 3059
f 3058 2189 3059
f 1621 3057 1539
f 3057 1621 1623
f 1621 3056 1272
f 3056 1621 1539
f 1270 3056 1274
f 3056 1270 1272
f 1274 3056 1539
f 1267 3054 1268
f 3054 1267 1271
f 3055 3054 1271
f 3061 3058 3059
f 3062 3061 3063
f 3061 3062 2317
f 2198 1285 1286
f 3068 1289 1502
f 3060 2193 2192
f 3060 2192 2296
f 3058 3061 2317
f 2601 1264 2333
f 2180 3016 3017
f 3018 2979 1819
f 3018 1864 2979
f 1864 3018 1656
f 3017 2166 2180
f 1862 3016 1863
f 3017 3016 2960
f 3014 3013 3015
f 3068 1290 1289
f 3011 1853 1852
f 3015 3013 1697
f 3013 3014 2178
f 1670 3012 1858
f 2990 1828 2159
f 1853 3011 2176
f 3038 3040 1996
f 1256 3041 1575
f 3002 1240 1963
f 3014 3015 1950
f 1290 3068 3069
f 1290 3067 1291
f 3067 1290 2200
f 2522 3043 2474
f 3043 3042 2475
f 3042 3043 3044
f 3042 3041 2475
f 3042 1575 3041
f 3041 1255 2475
f 1797 2583 2584
f 3046 1700 1979
f 3043 2522 2524
f 1700 3046 2584
f 1258 3053 2269
f 3053 1258 1261
f 3053 3052 2269
f 1261 3052 3053
f 3052 1261 2229
f 1258 3050 1259
f 3051 3050 2269
f 2590 2188 2591
f 3050 1258 2269
f 3010 3009 1483
f 2473 3043 2475
f 1255 3045 2475
f 1285 2198 1288
f 1279 3066 2141
f 3064 3061 2296
f 3066 1279 1280
f 1279 3065 1281
f 3065 1279 2141
f 3061 3060 2296
f 3060 3061 3059
f 3043 2473 2474
f 3061 3064 3063
f 1262 2476 2540
f 3041 1256 1255
f 2476 1262 1239
f 2583 1797 1545
f 1797 2587 2588
f 2587 1797 2584
f 3045 2187 1948
f 3045 1255 2187
f 3054 3055 1268
f 2174 3009 3010
f 3009 2174 2176
f 2106 2865 1681
f 2799 2798 2735
f 2803 2802 2804
f 2802 2635 2630
f 2791 2801 2792
f 2801 2798 2792
f 2797 2798 2799
f 2797 2799 2800
f 1933 1797 2588
f 2635 2803 2636
f 1545 1798 1543
f 3022 3019 3023
f 3028 3030 1537
f 3028 3029 3030
f 1609 3027 2096
f 3027 1609 1338
f 3026 1953 2131
f 1953 3026 1608
f 3026 3025 1608
f 1800 2925 1801
f 3025 3026 2283
f 2802 2805 2804
f 2806 2802 2630
f 2793 2790 2692
f 2790 2791 2792
f 2789 1702 1763
f 2051 2788 2425
f 2050 2788 2051
f 2788 2050 2038
f 2114 2787 2463
f 2087 2787 2114
f 2805 2802 2806
f 2787 2087 1761
f 1748 2786 1749
f 2790 2796 2692
f 2797 2795 2792
f 2798 2797 2792
f 2635 2802 2803
f 2807 2808 2800
f 2807 2805 2808
f 2805 2807 2804
f 1749 2786 2083
f 1446 3050 3051
f 1251 2563 1136
f 1250 1220 1221
f 3020 3022 3024
f 3019 3020 3021
f 3040 3038 2543
f 1249 1960 2156
f 3008 1809 1811
f 3008 1812 1809
f 1812 3008 2170
f 3006 3007 1627
f 1252 3032 2186
f 3006 2163 3007
f 1843 2923 1847
f 2605 2687 3005
f 2604 2687 2605
f 2687 2604 3004
f 2686 2687 3004
f 2683 3003 2325
f 2686 3003 2683
f 3003 2686 3004
f 2163 3006 1801
f 2563 1251 1830
f 2556 1252 1254
f 3033 2185 1865
f 1220 1250 1136
f 2468 1603 1605
f 1603 1224 1167
f 3020 3019 3022
f 3030 1536 1537
f 1536 3030 3029
f 3031 3029 2557
f 3036 3035 3037
f 2185 3033 1351
f 3040 2547 2549
f 3039 2541 2543
f 2541 3039 2545
f 3039 3038 1996
f 3038 3039 2543
f 3035 3036 2884
f 3029 3032 2557
f 3034 2185 1351
f 3033 1865 1469
f 2547 3040 2543
f 3050 1446 1259
f 1259 3048 1260
f 3048 1259 3049
f 2993 1844 1845
f 1638 2622 1965
f 2622 1638 2371
f 2983 1832 1648
f 1598 2981 1441
f 2957 2956 2197
f 2981 1598 1823
f 2495 1589 2817
f 1844 2993 2994
f 2144 2965 2142
f 2961 2158 2964
f 2158 2961 1862
f 2965 2964 2966
f 2965 2966 2354
f 2966 2964 2158
f 2964 2965 2144
f 1862 2963 2158
f 2962 2961 2144
f 2961 2964 2144
f 2960 2961 2962
f 2994 2993 2995
f 2992 1843 1842
f 2987 2149 2151
f 2986 2984 2602
f 2985 2984 2986
f 2984 2985 1665
f 2586 1972 2147
f 2570 2983 2182
f 1832 2983 2570
f 2684 1632 2685
f 1846 2993 1845
f 1632 2684 1630
f 2997 2819 2820
f 2999 3000 2819
f 3000 2999 1614
f 2819 2997 2999
f 2998 2996 1986
f 2998 2997 2996
f 2997 2998 2999
f 2996 2997 2820
f 2991 1857 2161
f 2149 2987 2610
f 2958 2959 2401
f 1597 2958 1816
f 2950 1808 1807
f 1569 3507 1807
f 3507 1569 3291
f 1804 2599 1688
f 2599 1804 1805
f 1804 2948 1806
f 2948 1804 1330
f 2948 1330 1332
f 1810 3507 3291
f 1563 2552 2833
f 1558 3506 1852
f 3506 1558 1559
f 1558 1851 1606
f 1851 1558 1852
f 3374 2943 2845
f 1808 2950 2951
f 3507 1810 1809
f 2861 2449 1691
f 2552 1563 433
f 2958 1597 2959
f 3188 1253 1304
f 3134 2331 1929
f 1589 2495 1587
f 2967 1693 2446
f 2968 2969 2619
f 1698 2929 1696
f 1597 2980 1596
f 2980 1597 1817
f 1659 2979 1658
f 1658 2979 1864
f 2331 3134 2240
f 2979 1659 342
f 2977 2978 2098
f 1820 2970 1821
f 2976 2977 2098
f 2973 2972 2975
f 2972 2973 2974
f 2926 2971 1983
f 1249 2156 1924
f 1247 1249 1924
f 1819 2979 342
f 2791 2793 2794
f 2610 2987 1287
f 2989 1960 1959
f 2680 2815 2673
f 2340 2945 2946
f 2950 1812 2169
f 2954 2955 2336
f 2954 2139 2955
f 2139 2954 1917
f 2953 2131 1846
f 2952 2135 2137
f 2682 2815 2680
f 2950 2169 2951
f 2946 2945 2133
f 2949 1805 1806
f 2948 1332 1806
f 2823 2947 1938
f 2947 2823 2824
f 2832 2552 2560
f 2552 2832 2833
f 2801 2942 2742
f 1812 2950 1807
f 2743 2867 2726
f 2942 2801 2791
f 2741 2801 2742
f 1998 2590 3047
f 2188 2590 1998
f 1240 3002 1969
f 3001 2164 1613
f 2925 1800 2926
f 2743 2942 2867
f 2815 2682 2816
f 2682 2676 2816
f 2942 2791 2794
f 2796 2676 2691
f 2691 2676 2679
f 2676 2796 2816
f 2944 2943 2731
f 2944 2731 2520
f 2731 2943 2636
f 2943 2944 2845
f 2798 2741 2735
f 2801 2741 2798
f 2796 2691 2692
f 2988 2154 2153
f 1815 2957 2141
f 2934 2548 2933
f 2940 2941 2701
f 2939 2130 2127
f 2938 2127 2129
f 2007 2936 2008
f 2127 2938 2128
f 2073 2937 2074
f 2075 2937 2073
f 2937 2075 2013
f 2793 2940 2794
f 2936 1316 2194
f 1814 2956 1815
f 2957 1815 2956
f 2819 3000 1766
f 1824 2982 1604
f 2990 2963 2342
f 2990 2158 2963
f 2158 2990 2159
f 1960 2989 2155
f 2008 2936 2194
f 2867 2942 2794
f 2941 2793 2692
f 2942 2743 2742
f 2935 2934 2028
f 2658 2932 2479
f 2028 2932 2658
f 2932 2028 2934
f 2933 2932 2934
f 2546 2932 2933
f 1720 2931 1723
f 2931 2761 2764
f 2941 2940 2793
f 2003 2930 1781
f 2928 2929 2109
f 2929 2927 1696
f 2927 2928 1623
f 2925 2926 1983
f 2933 2548 2546
f 1802 2652 1803
f 2936 2007 2123
f 2938 2129 2338
f 2928 2927 2929
f 1894 3210 1895
f 2791 2790 2793
f 2790 2795 2796
f 2876 2625 1248
f 2625 2875 2626
f 2875 2876 2304
f 2871 2873 2874
f 2871 2872 2873
f 2868 2870 1726
f 2868 2869 2870
f 2867 2866 2726
f 2794 2866 2867
f 1494 2865 2106
f 2865 1494 1495
f 2854 2851 2855
f 2850 2849 2852
f 2850 2852 1692
f 2852 2849 2853
f 2506 2837 2507
f 2535 2835 2496
f 2876 2875 2625
f 2678 2877 2878
f 2678 2878 2679
f 2879 2880 2881
f 2860 2857 1780
f 2450 2857 2860
f 1691 2852 2853
f 2852 1691 1692
f 2858 2859 2105
f 2858 1777 2859
f 1777 2858 1781
f 2849 2856 2853
f 2507 2835 2535
f 2849 1775 2856
f 2857 2848 1780
f 2848 2856 1775
f 2856 2857 2853
f 2854 2855 2078
f 1620 2290 346
f 2863 2862 1707
f 1293 1242 346
f 2864 2022 2084
f 2857 2856 2848
f 2835 2507 2837
f 2836 2835 2837
f 2834 2835 2836
f 2842 1771 1773
f 2102 2840 2841
f 1768 2840 2102
f 2840 1768 1770
f 1769 2839 2640
f 2882 2879 2883
f 2880 2882 2884
f 2880 2879 2882
f 1771 2842 1774
f 2087 2905 2085
f 2914 2915 1729
f 2914 2058 2915
f 2058 2914 1734
f 1730 2913 1796
f 1794 2912 1406
f 2911 1791 1789
f 2910 2909 1357
f 1790 2909 2910
f 2916 2574 2576
f 2861 1691 2450
f 1768 2839 1769
f 2846 2843 2504
f 2831 2830 2832
f 2831 2832 2560
f 2832 2830 2833
f 2830 2831 2596
f 2827 2099 2100
f 2828 2829 2091
f 2828 2100 2829
f 2100 2828 2225
f 1774 2842 1903
f 2827 2826 2229
f 2836 2838 2834
f 2839 1768 1625
f 2843 2844 2845
f 2849 2850 2851
f 1777 2848 1775
f 2847 1771 1770
f 2844 2843 2846
f 2844 2846 2640
f 2836 1962 2838
f 1348 2862 2863
f 3070 1626 1627
f 2203 3071 3072
f 3240 1488 1490
f 1491 3240 1502
f 1486 3237 1487
f 3237 1486 2025
f 3235 3239 3197
f 3239 3235 3236
f 3152 3242 2524
f 3044 3242 3241
f 1488 3240 1491
f 2508 3044 3241
f 3245 3246 2616
f 2871 3245 2616
f 2871 3244 3245
f 1496 2316 3244
f 2316 1496 1498
f 1493 2482 1310
f 2302 3243 1495
f 3203 2375 2278
f 2482 1493 1494
f 3243 2302 2278
f 2512 2299 2511
f 1489 2509 1490
f 3210 1467 1469
f 1462 3209 2285
f 1463 3207 1466
f 3209 1462 1464
f 3208 1465 1557
f 3208 1463 1465
f 1463 3208 1464
f 3207 1462 2286
f 2299 2510 2511
f 3207 1463 1462
f 3223 3222 1480
f 3246 3245 3244
f 3238 3235 3197
f 2516 3242 3152
f 3241 2515 2511
f 2508 3241 2511
f 1492 2509 1489
f 2509 1492 1575
f 3221 3222 1348
f 2909 1790 1789
f 2302 3095 2211
f 2375 3243 2278
f 3232 3080 3081
f 3230 3232 3227
f 2295 3225 2184
f 3235 3234 3236
f 3234 3235 2025
f 1484 3233 2296
f 1484 2550 1312
f 2295 3231 3227
f 3080 3232 3076
f 3231 2295 2231
f 3232 3230 3076
f 2295 3034 1351
f 3034 2295 2184
f 3232 3093 3089
f 3093 3232 3081
f 3232 3229 3227
f 3229 3232 3089
f 2646 2203 2538
f 3225 2295 3227
f 3095 2302 1309
f 1482 3224 1483
f 3226 3225 3227
f 3243 2375 1495
f 2375 3203 2376
f 3235 3238 1487
f 3235 3237 2025
f 3224 1482 1849
f 3237 3235 1487
f 2293 3231 2231
f 3231 2293 3227
f 3225 3226 2184
f 2293 3075 3076
f 2293 3230 3227
f 3230 2293 3076
f 3226 3229 3089
f 3229 3226 3227
f 3226 3090 1304
f 3090 3226 3089
f 3226 3228 2184
f 3228 3226 1304
f 3075 2293 2294
f 2040 2908 2425
f 2039 2908 2040
f 2908 2039 2044
f 2737 2738 2739
f 2729 2736 2730
f 2736 2732 2730
f 2523 2744 2524
f 2745 2523 2521
f 2745 2744 2523
f 2753 2067 2068
f 2124 2755 2125
f 2720 2737 2721
f 2075 2755 2124
f 2754 1762 2066
f 2070 2753 2071
f 2067 2753 2070
f 2751 2752 2588
f 2747 2748 2746
f 2751 1426 2752
f 1933 2749 1931
f 2749 1933 2750
f 2755 2075 2068
f 2748 2747 2488
f 2738 2720 2489
f 2740 2741 2742
f 2780 2779 2383
f 2778 2779 2780
f 2777 1748 1750
f 2766 2774 2775
f 2766 2775 1552
f 2775 2774 2776
f 1746 2758 1747
f 1737 2756 2757
f 2738 2737 2720
f 2079 2785 2077
f 2744 2745 2746
f 2724 2743 2726
f 2727 2743 2724
f 2743 2727 2742
f 2727 2740 2742
f 2741 2740 2734
f 2741 2734 2735
f 2734 2740 2721
f 2756 1737 1736
f 2774 2766 2768
f 2748 2488 2492
f 2785 2079 2084
f 2822 2823 1938
f 2823 2821 2824
f 2821 2822 2571
f 2566 2568 2820
f 2567 2566 2820
f 2819 2567 2820
f 2567 1766 1767
f 2795 2814 2816
f 1766 2567 2819
f 2469 2818 2558
f 2495 2817 2469
f 2796 2795 2816
f 2814 2797 2800
f 2814 2795 2797
f 2799 2809 2807
f 2807 2809 2804
f 2786 1748 1761
f 2809 2799 2735
f 2818 2469 2817
f 2488 2747 2489
f 2815 2814 2813
f 2813 2814 2800
f 2077 2785 2078
f 2822 2821 2823
f 2799 2807 2800
f 2814 2815 2816
f 2808 2812 2813
f 2808 2813 2800
f 2813 2812 2673
f 2812 2808 2811
f 2815 2813 2673
f 2808 2805 2811
f 2806 2810 2811
f 2806 2047 2810
f 2803 2729 2636
f 2803 2736 2729
f 2736 2803 2804
f 2732 2809 2735
f 2736 2809 2732
f 2809 2736 2804
f 2805 2806 2811
f 2795 2790 2792
f 2781 1757 1750
f 2714 2782 2783
f 2885 2886 2458
f 1784 2758 1785
f 2896 2897 2898
f 2108 2895 2313
f 2107 2895 2108
f 2894 2107 2109
f 2893 2892 2519
f 2893 2519 2520
f 2905 2087 2016
f 2519 2892 2521
f 2889 2711 2891
f 2888 2889 2890
f 2887 2117 2458
f 2117 2885 2458
f 2886 2885 2882
f 2886 2882 2883
f 2882 2885 2884
f 2899 2896 2900
f 2892 2893 2739
f 2899 2179 2178
f 2085 2905 2086
f 2885 2918 2884
f 2907 2906 2424
f 2906 2907 2420
f 2917 2916 2776
f 2574 2917 2545
f 2574 2916 2917
f 2722 2530 2491
f 1797 1933 1798
f 2120 2923 2924
f 2117 2918 2885
f 2119 2923 2120
f 2725 2922 2531
f 2726 2922 2725
f 2487 2722 2491
f 2918 2117 1997
f 2579 2919 2920
f 2579 2920 2242
f 2920 2919 2921
f 2919 2579 2582
f 2923 2119 1847
f 2780 2782 2778
f 1782 2901 2111
f 2758 1784 1747
f 2766 2765 2767
f 2766 2767 2768
f 2767 2765 2763
f 2765 2766 1552
f 2761 2760 2762
f 2761 2762 2764
f 2762 2760 2763
f 2760 2761 1722
f 2769 2544 2545
f 2758 2759 1785
f 2772 2773 2768
f 2772 1802 1315
f 2772 1315 1314
f 2782 2173 2172
f 2082 2784 2083
f 2079 2784 2082
f 2784 2079 2080
f 2783 2782 2172
f 2758 1746 2759
f 1244 2903 391
f 2770 2769 2771
f 2544 2769 2770
f 2904 2608 1717
f 1243 1736 1244
f 2903 1736 1735
f 1736 2903 1244
f 2756 1243 2591
f 2902 1813 1783
f 2901 1782 1399
f 2902 1814 1813
f 2544 2770 2546
f 1814 2902 2113
f 2902 1782 2110
f 1782 2902 1783
f 2901 1399 1401
f 2100 2826 2827
f 2826 2100 2225
f 2825 2092 2093
f 2757 2756 2591
f 2772 2771 2773
f 2902 2110 2113
f 4084 4086 4087
f 4084 4083 4086
f 4088 4086 3991
f 3630 3631 3515
f 2360 3626 3627
f 3626 2360 2151
f 2360 3629 1284
f 2395 3628 3627
f 2644 2160 1856
f 3628 2395 1594
f 2395 3626 2151
f 3626 2395 3627
f 1987 3013 2178
f 3013 1987 1697
f 2160 2644 3588
f 2896 3803 2897
f 2756 1736 1243
f 3406 2912 1794
f 4185 4333 3969
f 4332 4185 4186
f 3631 3630 3632
f 3514 3622 3515
f 3629 2360 3627
f 1685 1250 1854
f 3622 3514 1785
f 3551 2175 2174
f 1668 3609 1666
f 2169 3510 2951
f 3510 2169 2137
f 2171 2952 2137
f 2952 2171 2381
f 2167 3607 2168
f 4198 4331 4199
f 3607 2167 2249
f 3611 1682 3310
f 2165 3001 3329
f 3001 2165 2164
f 1611 3625 1650
f 1985 3544 2999
f 3544 1985 2389
f 2175 3551 2340
f 1250 1685 1684
f 1682 3611 2106
f 4328 4329 4330
f 4177 4218 4326
f 4218 4324 4326
f 4337 4330 4329
f 4330 4337 4336
f 4278 4336 4276
f 4336 4335 4276
f 4314 4078 4315
f 4298 4171 4105
f 4298 4313 4171
f 4312 3926 4148
f 4337 4329 4338
f 4298 4104 4299
f 4299 4104 4296
f 4104 4298 4105
f 4295 4104 4297
f 4104 4295 4296
f 4292 4293 4294
f 3864 4288 4290
f 3864 4290 3865
f 4290 4288 4291
f 4298 4299 4300
f 1985 2998 1986
f 4278 4330 4336
f 4339 4340 4341
f 4325 4324 4061
f 4325 4061 4063
f 4061 4324 4327
f 4324 4325 4326
f 4174 4322 4323
f 4174 4321 4322
f 4173 4319 4320
f 4316 4317 4318
f 3995 4232 3993
f 4333 4332 4334
f 3987 4088 3991
f 4335 4008 4276
f 4349 4348 4350
f 4347 4348 4349
f 4344 4345 4346
f 4343 4339 4341
f 4342 4339 4343
f 4113 4339 4114
f 4185 4332 4333
f 3630 3622 3632
f 3629 2372 1284
f 3099 3634 1318
f 3617 2146 1824
f 2146 1166 1061
f 1166 2146 1167
f 1566 2980 1817
f 2980 1566 1596
f 1941 3557 3513
f 3557 1941 3023
f 3022 2145 3024
f 2146 3617 1167
f 3618 2986 2602
f 3618 3527 2985
f 2966 2157 2354
f 2965 3619 2142
f 2354 3619 2965
f 3619 2354 2353
f 2361 3616 2142
f 3616 2361 2363
f 2157 2966 2158
f 3527 3618 3321
f 3586 2620 2618
f 3617 1603 1167
f 2365 3528 1354
f 2385 2568 2384
f 3623 3444 1745
f 3444 3623 1746
f 2759 3622 1785
f 3621 3541 3492
f 2991 2161 2368
f 2160 3588 2161
f 3620 3606 2443
f 1603 3617 1824
f 3606 3620 3424
f 3543 3620 2443
f 3589 3377 3291
f 3590 3619 2353
f 3624 2996 2820
f 3591 3619 3590
f 2986 3618 2985
f 3618 3526 3321
f 3526 3618 2603
f 3620 3543 3540
f 4288 3864 4289
f 3364 2150 2149
f 3587 3529 2153
f 2372 3629 3627
f 3071 1880 2265
f 1880 3071 2203
f 1456 3099 1435
f 1358 2237 1359
f 3143 3635 2486
f 3635 3138 3140
f 3138 3635 3141
f 3628 3631 3627
f 2237 2236 1362
f 2237 1358 1372
f 2236 1356 1355
f 3099 1456 3634
f 1356 2236 1533
f 2043 2908 2044
f 2908 2043 2222
f 1319 3634 1456
f 3634 1319 1318
f 2236 2237 1531
f 2620 3586 3513
f 3631 3628 1594
f 3558 3633 2467
f 3529 3587 3531
f 3587 2152 2367
f 2152 3587 2153
f 2150 3364 1522
f 2385 2996 3624
f 2998 1985 2999
f 3635 3143 3145
f 3622 3630 3515
f 3326 3633 3105
f 3613 3067 2200
f 3596 3048 3049
f 3048 3596 1260
f 1994 3035 2884
f 2183 1252 2186
f 1252 2183 1253
f 3633 3560 2467
f 3560 3633 3326
f 3633 3558 3340
f 3067 3613 1291
f 4285 3877 3879
f 4073 4287 4074
f 4285 4287 4073
f 4006 3881 4005
f 4136 4134 4137
f 4112 4134 4136
f 4103 4104 4105
f 4015 4100 4101
f 4093 4001 4096
f 4095 4099 4098
f 4098 4099 3886
f 4006 3979 3881
f 4099 4095 4096
f 4089 4094 4087
f 4094 4093 4095
f 4094 4095 4087
f 4095 4093 4096
f 4093 4094 4007
f 4092 4083 4085
f 4106 4107 4108
f 4107 4106 4109
f 4097 4098 3886
f 4107 4109 4110
f 4158 4159 4160
f 3898 4162 4163
f 3924 4149 4148
f 4146 4147 4148
f 4144 4142 4145
f 4141 4142 4143
f 4139 3842 3844
f 4139 4068 4140
f 3962 3955 3954
f 4157 3955 3962
f 4039 3916 4161
f 3979 4006 3982
f 4174 4175 3847
f 4173 461 846
f 4170 4171 4172
f 4170 4105 4171
f 4105 4170 4130
f 4052 3901 4167
f 3881 3979 3882
f 4164 4165 4166
f 4168 4033 4169
f 4149 3922 4150
f 348 4125 341
f 4130 4131 4132
f 4241 4240 4243
f 4240 4241 4242
f 4237 4238 4239
f 4234 4235 4236
f 4232 4233 3993
f 4229 4230 4231
f 4228 4223 4225
f 4226 4224 4227
f 4241 4243 4239
f 4126 4253 4255
f 4256 4257 4258
f 4275 4276 4277
f 4284 4285 4286
f 4279 4280 4281
f 4276 4008 4277
f 4276 4275 4278
f 4272 4273 4274
f 4259 4260 4261
f 4126 4252 4253
f 4134 4112 4135
f 4244 4240 4245
f 4246 4197 4248
f 4129 3845 4114
f 4127 4125 348
f 4126 4127 4128
f 4123 4121 4124
f 4111 577 462
f 4122 4121 4123
f 4117 4119 4121
f 4119 4117 4120
f 4197 4246 4247
f 365 4118 348
f 4112 4113 4114
f 4176 4177 4178
f 848 4179 370
f 4285 4284 3877
f 4221 4222 3961
f 4253 4252 4254
f 4252 4126 4128
f 4249 4250 4251
f 4115 4116 4117
f 2568 2385 3624
f 4151 4149 4150
f 4149 4146 4148
f 4200 4429 4428
f 4427 4378 4428
f 4396 4425 4426
f 4423 4422 4424
f 4421 4422 4423
f 4419 4418 4420
f 3890 4418 3891
f 4439 4440 4441
f 4430 4429 4387
f 4188 4208 4184
f 4453 4345 4454
f 4458 4435 4459
f 4455 4456 4457
f 4451 4452 4352
f 4444 4415 4445
f 4109 4449 4448
f 4449 4109 4450
f 4109 4447 4110
f 4442 4209 4443
f 4447 4109 4448
f 4431 4349 4350
f 4179 4435 4436
f 4260 4311 4261
f 4144 4308 4310
f 4307 4308 4309
f 4305 3846 4306
f 4301 4302 4303
f 4270 4301 4303
f 4301 3846 3845
f 4302 4301 4129
f 4432 4433 4434
f 4302 4129 4304
f 4351 4201 4203
f 4352 4204 4206
f 4353 4354 4355
f 4414 4415 4416
f 4136 4437 4438
f 4437 4136 4137
f 4432 4437 4137
f 4435 4179 848
f 4129 4301 3845
f 4149 4151 4146
f 4359 4210 4446
f 4383 4412 4413
f 4408 4357 4411
f 4408 4409 4410
f 4403 4406 4407
f 4387 4388 4389
f 4397 4400 4401
f 4397 4398 4399
f 4392 4395 4396
f 4392 4393 4394
f 4118 4128 4127
f 4390 4391 4277
f 4285 4073 4286
f 3877 4284 3875
f 351 4138 846
f 3956 4155 4156
f 4153 4054 4154
f 3892 3931 3933
f 3942 3929 4152
f 3926 3924 4148
f 4287 4285 3879
f 4415 4444 4416
f 4118 4127 348
f 4386 4385 4131
f 4193 4412 4194
f 4249 4381 4382
f 4380 4182 4181
f 4379 4377 4380
f 4377 4375 4378
f 4374 4375 4376
f 4373 3907 3909
f 4371 4373 3909
f 4403 4404 4405
f 4371 4372 4373
f 4367 3896 4368
f 4364 4365 4366
f 4361 4362 4363
f 4361 3880 3882
f 4359 3971 4360
f 4356 4357 4358
f 4383 4381 4384
f 3925 4385 3923
f 4367 4369 4370
f 4270 4268 4271
f 2568 3624 2820
f 3622 2759 1746
f 2046 2672 2049
f 2672 2046 2045
f 2672 2045 2125
f 3389 2272 2273
f 2272 2662 2066
f 2032 2661 2033
f 2661 2032 2514
f 2029 3387 1887
f 3387 2029 2030
f 2029 3504 2031
f 2027 3503 1760
f 3503 2027 2026
f 3600 2055 1991
f 2710 2055 2054
f 2055 2710 1991
f 3602 3603 3421
f 3423 3605 3421
f 3405 2053 2052
f 2053 3405 2435
f 2055 2711 2056
f 2864 2023 2022
f 1835 2343 1926
f 3308 1686 1683
f 2561 3003 3004
f 2323 3003 2561
f 3003 2323 2325
f 2323 2561 2326
f 2343 2364 1530
f 1835 2364 2343
f 3605 3604 2716
f 2391 3161 1542
f 1967 3001 1613
f 3001 1967 1923
f 3001 1923 3329
f 2391 2991 2368
f 2991 2391 1857
f 3594 2580 2581
f 1998 3595 1999
f 3605 3423 3424
f 1925 1835 1926
f 3604 3605 3424
f 3603 3425 3421
f 3425 3603 1668
f 3596 3346 1260
f 2358 2592 1999
f 2592 2358 1652
f 2358 3595 3047
f 3595 2358 1999
f 2001 2594 1637
f 1868 2969 1869
f 2969 1868 3598
f 2972 3596 2975
f 2969 3598 2619
f 2018 3386 2019
f 3386 2018 2020
f 2651 2017 2105
f 2651 2018 2017
f 2018 2651 2021
f 3599 2015 3078
f 2010 3373 2011
f 2617 1868 1872
f 2015 2905 2016
f 3161 2391 2368
f 3456 2002 1954
f 2002 2930 2003
f 3603 3602 2714
f 3601 3417 2921
f 3414 3601 3410
f 3417 3601 1392
f 3601 3494 2063
f 3494 3601 2921
f 3601 3408 3410
f 3408 3601 2063
f 2002 3456 2930
f 3601 3414 1392
f 3599 2023 2086
f 2594 2001 1999
f 2023 2650 2021
f 2005 3597 2463
f 3597 2005 3268
f 2005 2607 2006
f 2607 2005 2463
f 3350 2002 1705
f 2023 2864 2086
f 2233 3312 3123
f 3312 2233 1664
f 3570 1909 1910
f 3612 3495 2119
f 3613 3501 3433
f 3501 3613 1937
f 2328 3435 3436
f 3435 2328 1543
f 2328 3498 2273
f 3498 2328 3436
f 2712 3605 2716
f 2017 2858 2105
f 3605 3602 3421
f 3327 2390 1855
f 3590 2355 3591
f 2449 1955 345
f 1955 2449 1956
f 1247 1837 3311
f 1837 1247 1520
f 3311 1500 1247
f 1521 1837 1520
f 3602 3605 2714
f 3290 3589 3291
f 2858 2121 1781
f 2122 2607 2463
f 2887 2118 2117
f 3600 2118 2891
f 2118 2577 1997
f 2116 2710 2058
f 2710 2116 1991
f 1989 2703 2576
f 2116 2703 1989
f 2703 2116 1734
f 2607 2122 2007
f 2114 3597 3268
f 2114 2649 2016
f 1424 3612 2119
f 3495 1428 2345
f 1428 3495 3612
f 2858 2017 2121
f 2628 2045 2047
f 2659 2198 1286
f 2198 3505 2199
f 3597 2114 2463
f 3373 2010 2012
f 3588 3290 354
f 3585 3587 2367
f 3586 1941 3513
f 3327 1335 2390
f 3595 1998 3047
f 1586 3308 1683
f 1958 2627 1959
f 2627 1958 1248
f 3325 1870 1871
f 2586 1978 1972
f 3593 3017 2960
f 1978 3046 1979
f 2982 1951 1604
f 1952 2982 1695
f 3583 3568 1547
f 3568 3583 1578
f 1631 2315 1632
f 2315 1631 1949
f 3565 3570 2265
f 1909 3570 3565
f 1951 2982 1952
f 1942 3588 354
f 3303 1987 2179
f 1825 1093 1826
f 3585 3531 3587
f 1941 3585 353
f 1941 3531 3585
f 3531 1941 3586
f 2355 3590 2353
f 3592 3593 2960
f 3593 3592 2363
f 2575 1989 2576
f 1987 3303 1698
f 2580 3594 2582
f 3344 3594 2581
f 1995 2572 1996
f 2572 1995 1992
f 1995 2918 1997
f 2575 1990 1989
f 3017 3593 2166
f 1990 2575 1993
f 1093 1825 1094
f 3594 3344 2549
f 2010 2937 2013
f 2009 2937 2010
f 2937 2009 2074
f 3651 3026 1643
f 3591 3649 3650
f 3649 3591 2355
f 2465 1481 3479
f 2465 3479 3339
f 3593 3640 2166
f 1691 1659 1860
f 3642 1692 1673
f 3026 3651 2283
f 2173 3641 1672
f 2171 2377 2380
f 2377 2171 2170
f 2377 3008 2378
f 3008 2377 2170
f 2347 1973 1246
f 1973 2347 1975
f 2359 1366 1266
f 1366 2359 1663
f 3641 2173 2382
f 1678 3318 2375
f 3652 3026 2131
f 3648 3004 2604
f 2053 3406 1794
f 3406 2053 2434
f 2037 2788 2038
f 2788 2037 2416
f 2027 2935 2028
f 2935 2027 1754
f 3479 1481 1562
f 1328 3646 3340
f 3026 3652 1643
f 3647 1957 2148
f 1536 3031 1360
f 1259 3654 3049
f 3654 1259 1446
f 3043 3242 3044
f 3242 3043 2524
f 3036 3653 2242
f 3653 3036 3037
f 3031 1536 3029
f 1957 3647 3456
f 2915 2057 2436
f 3318 1678 1681
f 3317 1968 1655
f 3621 3448 1757
f 3448 3621 1756
f 3620 3538 2716
f 3538 3620 3540
f 3620 3604 3424
f 3604 3620 2716
f 1837 3394 1725
f 3394 1837 1498
f 3377 3589 3376
f 1925 3367 1834
f 3588 2644 2642
f 3588 3534 3290
f 3534 3588 2642
f 3589 3532 3376
f 3532 3589 3290
f 3493 3621 3492
f 3621 3493 1756
f 3541 3621 3540
f 3367 1925 2156
f 1968 3317 1651
f 3023 2145 3022
f 3159 2246 2247
f 1692 3642 2382
f 1672 3642 1673
f 3642 1672 3641
f 3643 1250 1684
f 1659 1691 340
f 2391 1690 1857
f 1690 2391 1410
f 2390 1687 1855
f 1412 2245 1415
f 1687 2390 1334
f 3643 1830 1251
f 3642 3641 2382
f 1555 3326 1556
f 1984 3523 1822
f 3523 1984 2384
f 3522 1590 1592
f 2356 1674 1695
f 1674 2356 1675
f 1250 3643 1251
f 2996 2385 1986
f 2057 2915 2058
f 2101 3453 2596
f 2360 2987 2151
f 3307 2157 2159
f 2162 2072 2369
f 2372 3639 1449
f 3639 2372 3632
f 3623 3639 3632
f 3639 3623 1449
f 1639 3366 2371
f 2987 2360 1283
f 3366 1639 2344
f 2157 3307 1585
f 2069 1977 1979
f 1977 2069 1838
f 2161 3638 2366
f 3638 1942 2366
f 2364 3309 1323
f 3309 2364 1835
f 3637 2327 2308
f 2072 2162 2071
f 1907 1440 1908
f 2327 3637 1357
f 2140 3066 1793
f 3598 2617 2619
f 1868 2617 3598
f 3518 2145 2971
f 2145 3518 3024
f 2145 3023 1941
f 1352 1354 1573
f 2358 1612 1611
f 1612 2358 3047
f 3066 2140 2141
f 2356 1601 1600
f 2262 3051 2270
f 3051 2262 1446
f 2346 1570 388
f 2343 1943 1926
f 2341 3304 2342
f 3304 2341 361
f 2307 3211 1363
f 3211 2307 1474
f 1601 2356 1695
f 3453 2101 1647
f 2373 1591 2374
f 2094 3027 2284
f 2306 3249 1906
f 3249 2306 2308
f 3636 2307 2309
f 2291 1479 1294
f 2306 3636 2309
f 3636 2306 2305
f 2303 2876 1248
f 2876 2303 2304
f 3252 2297 1418
f 2297 1488 1418
f 1591 2373 1640
f 3640 3593 3316
f 2245 1412 1411
f 1481 2465 1482
f 3646 1328 3105
f 1691 3645 2450
f 3645 1691 2853
f 2003 3644 1705
f 1488 2297 1489
f 1440 1907 1503
f 2297 3252 1411
f 2251 1289 1291
f 3027 2094 2096
f 2267 3186 2270
f 3186 2267 2266
f 2258 1436 2271
f 1436 2258 1434
f 2257 3171 2427
f 3171 2257 1434
f 2252 1428 1427
f 1289 2251 1491
f 1428 2252 2345
f 3165 3608 3141
f 2251 1416 1418
f 1416 2251 1419
f 2246 3159 1414
f 1477 2102 2841
f 2102 1477 1476
f 1479 2291 1480
f 2307 3636 2305
f 3608 3165 3164
f 4226 4268 4269
f 4265 4266 4267
f 4264 3973 3975
f 3807 3521 3519
f 3810 1702 2789
f 3042 3809 1575
f 3809 3042 3044
f 3034 2183 2185
f 2183 3034 2184
f 2556 3032 1252
f 3032 2556 2557
f 3032 3808 2186
f 3808 3032 3029
f 3028 3808 3029
f 3808 3028 2186
f 2468 1224 1603
f 1224 2468 1237
f 1589 3807 3519
f 3807 1589 1677
f 1702 3810 1700
f 3371 2667 2411
f 2667 3371 3474
f 2518 2525 3251
f 3821 1714 1787
f 3653 2578 2242
f 3737 3352 1712
f 3352 3737 1709
f 2398 3359 2400
f 2632 2631 2630
f 3388 2422 2421
f 2422 3388 2417
f 3387 2218 1887
f 3810 1979 1700
f 2218 3387 2221
f 2641 3380 1295
f 2631 2632 3372
f 3359 2398 2399
f 1716 3822 1715
f 3822 1716 1277
f 1281 3822 1277
f 3822 1281 1715
f 1714 3821 3361
f 3380 2641 1856
f 1979 3810 2789
f 3791 3098 2221
f 3811 3104 3101
f 2932 3715 2479
f 3715 2932 2546
f 2931 3805 2761
f 3805 2931 1720
f 1722 3805 1720
f 3805 1722 2761
f 2119 3804 1847
f 3804 2119 3495
f 3757 2548 2934
f 2922 3751 2872
f 2953 3652 2131
f 3299 2994 1944
f 2994 3299 1844
f 2963 1861 2342
f 3016 3765 1863
f 3765 3016 2180
f 3289 3649 2355
f 3649 3289 3650
f 3751 2922 2726
f 2578 3653 3037
f 2548 3757 2549
f 2945 3773 3614
f 1510 1329 3478
f 1329 1510 1327
f 2695 3727 2696
f 3727 2695 1324
f 3098 3791 1742
f 2480 3665 1317
f 1265 2601 2602
f 3665 2480 1311
f 3773 2945 2340
f 3094 3781 1306
f 2647 2645 3074
f 2645 2647 1881
f 2601 1265 1264
f 3521 3807 1677
f 3016 3806 2960
f 3811 1327 1331
f 3806 3016 1862
f 3652 2953 1643
f 3781 3094 2209
f 3779 3343 3037
f 3343 3779 1996
f 3820 2974 2976
f 3716 3287 1553
f 3253 3673 1506
f 3673 3253 1550
f 1706 3283 1707
f 3085 2190 1524
f 3187 1549 1282
f 1549 3187 1448
f 3031 3710 1360
f 3287 3716 1448
f 3710 3031 1535
f 2319 3195 2280
f 3769 2095 2565
f 2095 3769 2096
f 3819 2568 2447
f 3498 3389 2273
f 3690 3441 1738
f 2737 2733 2721
f 2733 2737 3429
f 3195 2319 2320
f 2893 2728 3429
f 2220 3146 2335
f 3283 1706 1708
f 3098 3786 2111
f 3786 3098 1741
f 3257 3817 2312
f 3817 3257 1539
f 3057 3817 1539
f 3817 3057 2312
f 2928 2108 2312
f 2108 2928 2109
f 3146 2220 1401
f 2895 3704 2313
f 3253 3705 2764
f 3705 3253 3254
f 2500 2470 2472
f 2470 2500 3251
f 2525 2518 2521
f 3478 2551 1510
f 2551 3478 3265
f 2190 3085 2191
f 3704 2895 3254
f 2926 3760 2971
f 2728 2893 2520
f 3823 3418 2442
f 2674 2812 3391
f 1753 3824 2713
f 3824 1753 1752
f 2778 3824 1752
f 3389 3498 2428
f 3388 2040 2416
f 2568 3819 2384
f 2040 3388 2041
f 2812 2674 2673
f 3352 3790 2401
f 3350 3725 1619
f 3725 3350 1704
f 3305 3795 1805
f 3795 3305 1616
f 3346 3820 3347
f 3820 3346 2974
f 2098 3820 2976
f 3820 2098 3347
f 3790 3352 1709
f 3418 3823 2582
f 3819 2825 2384
f 2825 3819 2447
f 2913 2438 1796
f 2438 2913 2436
f 3407 2432 1377
f 2432 3407 2433
f 2708 3792 2052
f 3792 2708 1538
f 2046 2810 2047
f 2810 2046 3391
f 3824 2778 2713
f 3441 3690 1745
f 2784 3744 2083
f 3825 2437 2060
f 3659 3442 3480
f 1517 3821 1787
f 3821 1517 3361
f 2059 3825 2060
f 3825 2059 3477
f 2437 3825 3477
f 3744 2784 1751
f 3760 2926 1800
f 1861 2963 1862
f 1598 2911 1573
f 3959 3960 3961
f 3968 3967 3969
f 3967 3965 3954
f 3963 3962 3965
f 3963 3965 3966
f 3965 3962 3954
f 3962 3963 3964
f 3925 3924 3926
f 3965 3968 3966
f 3921 3922 3923
f 3918 3920 3919
f 3880 3881 3882
f 3877 3878 3879
f 3872 3876 339
f 3872 3875 3876
f 3872 3873 3874
f 3869 3870 3871
f 3866 3867 3868
f 3984 3985 3986
f 3863 3864 3865
f 3970 3971 3972
f 3976 3977 3978
f 3946 3943 3912
f 3943 3944 3945
f 3942 3938 3862
f 3937 3940 3941
f 3937 3938 3939
f 3932 3931 3934
f 3932 3934 3936
f 3934 3931 3935
f 3973 3974 3975
f 3931 3932 3933
f 3925 3926 3927
f 3952 3953 3954
f 3955 3952 3954
f 3956 3957 3958
f 3965 3967 3968
f 3980 3981 3983
f 3981 3979 3982
f 3979 3980 3882
f 3928 3929 3930
f 3944 3946 3947
f 3861 3859 3862
f 3856 3854 3857
f 4058 4056 4060
f 4057 4058 4059
f 4049 4054 4055
f 4052 4050 4053
f 4049 4050 4051
f 4045 4047 4044
f 4044 4047 4046
f 4047 4045 4048
f 4058 4057 4056
f 3868 4044 4046
f 4044 3867 4045
f 4061 4062 4063
f 4062 4064 4063
f 3895 4065 4066
f 4086 4083 3991
f 4086 4088 4089
f 4086 4089 4087
f 4089 4088 4090
f 3867 4044 3868
f 3858 3859 3860
f 4039 4036 4040
f 3981 3985 3983
f 3883 3881 3880
f 3884 3885 3886
f 3887 3884 3888
f 3907 3908 3909
f 3917 3918 3919
f 3911 3916 3912
f 3911 3910 3913
f 3911 3913 3915
f 3848 3849 3850
f 3913 3910 3914
f 3889 3890 3891
f 3904 3905 3906
f 3902 350 3903
f 3899 3901 3900
f 3898 3899 3900
f 3895 3896 3897
f 3892 3893 3894
f 3980 3979 3981
f 3910 3911 3912
f 2334 3288 2335
f 3944 3943 3946
f 3949 3950 3951
f 2226 3052 2229
f 2265 3815 3071
f 3815 2265 2264
f 3205 3728 1461
f 2843 2501 2504
f 2501 2843 3220
f 3816 1495 1493
f 3702 2667 3474
f 3052 2226 2268
f 2871 3700 3244
f 1309 3816 1493
f 3816 1309 2302
f 1495 3816 2302
f 2508 3809 3044
f 3785 2550 1484
f 3809 2508 1575
f 3242 2515 3241
f 2515 3242 2516
f 3700 2871 2874
f 3233 3696 1487
f 1740 3287 1738
f 3689 3287 1448
f 2961 3806 1862
f 3806 2961 2960
f 1352 2911 3483
f 2911 1352 1573
f 1352 3755 3125
f 3755 1352 3483
f 3104 3811 1331
f 1327 3811 3101
f 3287 1740 1742
f 2667 3702 2668
f 3728 3205 1610
f 3193 2275 2274
f 2275 3193 2280
f 2494 3691 1451
f 3691 2494 1455
f 2494 3692 1298
f 3692 2494 1451
f 3287 3689 1738
f 3815 3072 3071
f 3946 3948 3947
f 3696 3233 1484
f 3072 3815 2264
f 1636 3814 1546
f 3814 1636 1966
f 3172 3687 2259
f 3687 3172 1931
f 3155 2490 3157
f 2490 3155 2492
f 2744 3152 2524
f 3132 3813 2555
f 3152 2744 3153
f 3149 3698 2301
f 3146 1890 2336
f 1890 3146 1400
f 3142 3678 1937
f 3678 3142 3140
f 3442 3659 2445
f 2911 1788 3483
f 3823 2919 2582
f 3924 3925 3923
f 3698 3149 1885
f 2550 3785 2194
f 3813 3132 1374
f 3784 3134 1373
f 1965 3814 1966
f 3668 3101 3104
f 3814 1965 1546
f 3133 3714 1266
f 3714 3133 1929
f 3131 3130 2239
f 3130 3131 1455
f 3117 2232 1350
f 3134 3784 2240
f 2232 3117 2231
f 3669 3283 1341
f 3283 3812 1707
f 3812 3283 1345
f 2863 3812 1345
f 3812 2863 1707
f 3114 2826 2225
f 2826 3114 2227
f 3101 3668 3105
f 3283 3669 1345
f 3288 2334 2338
f 3717 2973 2975
f 2973 3717 1574
f 4796 4795 4798
f 4180 4586 4135
f 4586 4180 4183
f 4180 4810 4181
f 3850 4808 4809
f 4808 3850 339
f 4047 4558 4046
f 4806 4556 4807
f 4601 4678 4679
f 4659 4417 4034
f 4519 4164 4166
f 3960 4804 3961
f 4804 3960 4805
f 4764 4802 4803
f 4147 4799 4801
f 4187 4422 4188
f 4121 4115 4117
f 4416 4106 4116
f 4164 4519 4553
f 4815 4681 4382
f 3952 3957 3951
f 4709 4712 4713
f 4682 4619 4683
f 4470 4681 4214
f 4703 4704 4705
f 4706 4462 4707
f 4462 4708 4707
f 4721 4722 4719
f 4730 4732 4731
f 4729 4730 4731
f 4768 3950 4747
f 4490 4727 4728
f 4723 4724 4308
f 4719 4720 4721
f 4709 4710 4711
f 4716 4717 4718
f 4246 4715 4491
f 4715 4246 4248
f 4480 4714 4481
f 4714 4362 4481
f 4725 4726 4313
f 4684 4435 4685
f 4820 4222 4685
f 4816 3887 3888
f 4001 4774 4096
f 4772 3997 4773
f 3985 4771 3986
f 4284 4770 3875
f 3876 4770 4617
f 4770 3876 3875
f 4782 4042 4041
f 4042 4782 4584
f 4004 4774 3999
f 4782 4409 4584
f 4793 4138 4591
f 4133 4791 4792
f 4791 4133 4649
f 4127 4255 4125
f 4255 4127 4126
f 4790 4789 4758
f 4009 4789 4013
f 4409 4782 4041
f 4100 4611 4613
f 4222 4684 4685
f 4775 4004 3999
f 4158 4530 4548
f 4682 4818 4819
f 4817 4816 3888
f 4816 4817 4683
f 4740 4123 4124
f 4811 4196 4175
f 4123 4678 4122
f 4606 4813 4814
f 4248 4197 4196
f 4391 4275 4277
f 4236 4811 4812
f 4799 4147 4800
f 4795 4796 4797
f 4769 4524 4165
f 4138 4793 4794
f 4159 4780 4781
f 4780 4159 4547
f 4778 4776 4779
f 4776 4778 4777
f 4196 4811 4236
f 4789 4009 4758
f 4435 4684 4459
f 4687 4688 4689
f 4192 4099 4003
f 4115 4193 4194
f 4205 4204 4111
f 4212 4213 4214
f 3866 4210 4211
f 4016 4208 4209
f 4208 4016 4184
f 4111 4204 4207
f 4192 4003 4005
f 4195 848 577
f 4201 4202 4203
f 4200 3963 3966
f 370 4198 4199
f 4196 4197 4120
f 4435 4458 4436
f 4460 4389 4461
f 4228 4462 4231
f 4370 4735 4736
f 4204 4205 4206
f 4750 4364 4366
f 4180 4181 4182
f 4180 4135 4184
f 4263 4264 3975
f 3921 4262 4026
f 4223 4224 4225
f 4218 4219 4220
f 339 3850 343
f 4215 4216 4217
f 4003 4099 4096
f 4099 4192 3886
f 4180 4182 4183
f 4189 4190 4191
f 3885 3977 4097
f 3885 4097 3886
f 4097 3977 4085
f 3977 3885 3978
f 3967 3953 4185
f 3967 4185 3969
f 4185 3953 4186
f 3953 3967 3954
f 4187 4188 4178
f 4462 4686 4231
f 3893 4750 4366
f 3872 4748 3875
f 4755 3904 4081
f 4757 4545 4521
f 4757 4517 4758
f 3917 4568 4533
f 4058 4756 4059
f 4756 4058 3915
f 3904 4755 3905
f 4734 4492 4494
f 4759 3928 4760
f 3953 4767 4186
f 4702 4478 4264
f 4488 4700 4701
f 4697 4698 4699
f 4575 4696 4477
f 4693 4694 4695
f 4693 4691 4472
f 4119 4691 4692
f 4625 4690 3902
f 4733 4489 4334
f 4748 3877 3875
f 4762 4761 4763
f 4764 4766 3935
f 4748 3872 4749
f 4153 4745 4747
f 4745 4153 4746
f 4645 4744 4646
f 4704 4742 4705
f 3851 4743 3852
f 4430 4588 4585
f 4742 4213 4212
f 4764 4765 4766
f 4674 4741 4679
f 4737 4738 4739
f 4751 4507 4752
f 4753 4091 4754
f 4091 4753 4090
f 4759 4761 4152
f 3950 4767 3951
f 3934 4766 4765
f 4766 3934 3935
f 4740 4674 4679
f 3511 1599 1441
f 4786 4788 4787
f 4634 4785 4786
f 4339 4129 4114
f 4129 4342 4581
f 4154 4580 3852
f 4224 4579 4225
f 4226 4579 4224
f 4579 4226 4269
f 4576 4578 4577
f 4575 4576 4577
f 4606 4607 4608
f 4573 4574 4124
f 4585 4586 4587
f 4595 4580 4051
f 4369 4604 4605
f 4603 4604 4368
f 4601 4602 4413
f 4598 4599 4600
f 4406 4596 4597
f 3853 4580 4595
f 4230 4572 4231
f 4587 4586 4183
f 4268 4571 4271
f 4652 4650 4653
f 4618 4619 4620
f 4615 4616 4617
f 4523 4614 4166
f 4644 4645 4646
f 4644 4647 4482
f 4133 4648 4649
f 4663 4664 4665
f 4673 4674 4675
f 4611 4612 4613
f 4595 4672 3853
f 4668 4669 4670
f 4666 4663 4667
f 4664 4663 4666
f 4661 4632 4662
f 4544 4650 4651
f 4659 4658 4660
f 4657 4658 4168
f 4654 4655 4656
f 4669 4671 4670
f 4621 4622 4623
f 4580 3853 3852
f 4119 4592 4593
f 1650 3818 1968
f 4091 3987 3989
f 3818 1650 3789
f 3335 3734 3336
f 3734 3335 3334
f 3020 3759 3334
f 3759 3020 3024
f 1632 3321 3005
f 3818 1654 1968
f 3321 1632 2315
f 3012 3330 2393
f 3327 3106 1335
f 3106 3327 3326
f 3002 1961 3455
f 1961 3002 1963
f 3002 2506 1969
f 2506 3002 3455
f 3818 3789 3316
f 3330 3012 1670
f 4119 4593 4594
f 2973 1444 1571
f 3654 3293 3049
f 4138 4590 4591
f 4134 4588 4589
f 3987 4091 4088
f 4088 4091 4090
f 2912 3406 2437
f 1654 3818 3316
f 3315 3314 2362
f 3314 3315 1654
f 1444 2973 1574
f 3000 3746 1766
f 2992 2260 2370
f 2260 2992 1737
f 3311 3666 1500
f 3666 3311 1324
f 1679 1950 1949
f 3297 3813 1374
f 3813 3297 2555
f 3293 3654 1446
f 3746 3000 1644
f 4634 4786 4787
f 4624 4622 4620
f 4506 4628 4167
f 4549 4546 4548
f 4550 4551 3906
f 4563 356 343
f 4570 4212 4214
f 3851 370 4199
f 4549 4568 4569
f 4542 4566 4567
f 4564 4532 4565
f 4546 4547 4548
f 4561 4560 4562
f 4176 4560 4561
f 4560 4176 4132
f 341 3872 339
f 4108 4558 4559
f 4555 4556 4557
f 4516 4519 4166
f 4509 4514 4515
f 4571 4226 4227
f 4552 4553 4554
f 4512 4510 4513
f 4520 4521 4522
f 4523 4165 4524
f 4783 3895 3897
f 4783 4062 4784
f 4680 4470 4214
f 4452 4677 4352
f 4463 4464 4465
f 4516 4517 4518
f 4544 4545 4011
f 4542 4538 4543
f 4165 4523 4166
f 4537 4540 4541
f 4535 4536 3857
f 4534 4070 4041
f 4043 4534 4041
f 4534 4043 4163
f 4529 4532 4533
f 4529 4530 4531
f 4526 4527 4528
f 4523 4524 4525
f 4537 4538 4539
f 4625 4626 4627
f 4473 4484 4474
f 3846 4483 4306
f 4492 4493 4494
f 4449 4307 4448
f 4353 4498 4500
f 4497 4498 4499
f 4497 3871 4454
f 4496 4343 4341
f 4495 4463 4465
f 4220 4503 4218
f 4344 4438 4500
f 4226 4571 4268
f 4535 4609 4610
f 4642 4643 4390
f 4637 4640 4641
f 4637 4638 4639
f 4634 4635 4636
f 4632 4633 4079
f 4512 4630 4610
f 4629 4630 4631
f 4676 4359 4446
f 4484 4485 4486
f 4501 4502 4358
f 4030 4505 4031
f 4483 3846 4271
f 4482 4290 4291
f 4272 4480 4481
f 4478 4479 4264
f 4475 4476 4477
f 4472 4473 4474
f 4471 4250 4254
f 4252 4471 4254
f 4503 4504 4327
f 4470 4253 4254
f 4466 4467 4468
f 4466 4237 4239
f 4487 4488 4315
f 4489 4458 4459
f 4490 4280 4491
f 4501 4410 4069
f 4509 4510 4511
f 4506 4507 4508
f 4468 4469 4197
f 8125 11387 11385

