# https://github.com/mikedh/trimesh
v 0.95523489 1.54896128 -9.73712349
v 0.78455538 1.48150551 -9.84252357
v 0.89365119 1.50812602 -9.62411022
v 0.72755587 1.44913888 -9.72594929
v 1.12169385 1.63068330 -9.63509655
v 1.05617559 1.57581246 -9.52506065
v 1.29225278 1.69854736 -9.52979279
v 1.22187650 1.62888181 -9.42334366
v 1.46913385 1.73295057 -9.41885185
v 1.39244330 1.65122855 -9.31708241
v 1.64724469 1.72300255 -9.30499458
v 1.56349552 1.63411272 -9.20863247
v 1.81924522 1.67126107 -9.19301224
v 1.72877073 1.57995701 -9.10209560
v 1.98190546 1.58892369 -9.08550262
v 1.88545573 1.49824500 -8.99973106
v 2.13449168 1.48373234 -8.98330402
v 2.03267360 1.39530933 -8.90240669
v 2.27562356 1.35850406 -8.88743401
v 2.16875386 1.27320504 -8.81126404
v 2.40295696 1.21417320 -8.79942608
v 2.29112744 1.13258600 -8.72791672
v 2.51254964 1.05062711 -8.72178745
v 2.39593387 0.97348237 -8.65476418
v 2.59737349 0.86723769 -8.65896034
v 2.47688842 0.79571593 -8.59573650
v 2.64776063 0.66606569 -8.61719608
v 2.52585244 0.60157776 -8.55609989
v 2.65772247 0.45528135 -8.60070324
v 2.53788877 0.39849392 -8.53936005
v 2.63200116 0.24525854 -8.60696316
v 2.51700783 0.19565731 -8.54340363
v 2.47068357 -0.00179948 -8.56371975
v 2.57945228 0.04157916 -8.63060474
v 2.40526700 -0.19208948 -8.59636593
v 2.50750875 -0.15412138 -8.66697693
v 2.32529640 -0.37490776 -8.63848877
v 2.42126107 -0.34188968 -8.71283722
v 2.23421335 -0.55070436 -8.68787956
v 2.32454109 -0.52256954 -8.76570415
v 2.13420749 -0.71990383 -8.74313450
v 2.21974015 -0.69695812 -8.82401848
v 2.02699304 -0.88301033 -8.80314732
v 2.10869050 -0.86592466 -8.88657188
v 1.91377127 -1.04037809 -8.86716080
v 1.99250412 -1.03003299 -8.95262909
v 1.87144935 -1.18916440 -9.02202606
v 1.79501665 -1.19183552 -8.93489838
v 1.74546146 -1.34285903 -9.09482384
v 1.67087328 -1.33694041 -9.00629330
v 1.61446106 -1.49055648 -9.17110157
v 1.54149377 -1.47524095 -9.08128548
v 1.47773445 -1.63074696 -9.25138569
v 1.40642703 -1.60543323 -9.16023254
v 1.33418012 -1.76092589 -9.33649826
v 1.26482701 -1.72521937 -9.24377155
v 1.18180764 -1.87587881 -9.42795849
v 1.11507034 -1.82979870 -9.33314323
v 1.01484573 -1.95820594 -9.53027630
v 0.95236146 -1.90401661 -9.43210888
v 0.83789742 -1.96165526 -9.64274979
v 0.78078806 -1.90839446 -9.53996468
v 0.67647564 -1.87571537 -9.74964428
v 0.62246394 -1.83376336 -9.64310455
v 0.53632760 -1.74849522 -9.84498405
v 0.48265606 -1.72103643 -9.73624992
v 0.40475520 -1.60959816 -9.93542767
v 0.35076645 -1.59574592 -9.82493973
v 0.27605629 -1.46694779 -10.02422428
v 0.22216222 -1.46483994 -9.91180229
v 0.14858393 -1.32277882 -10.11231232
v 0.09563792 -1.33036971 -9.99751759
v 0.02243997 -1.17698169 -10.19963264
v -0.02851641 -1.19236052 -10.08191586
v -0.10207609 -1.02923691 -10.28600979
v -0.14987023 -1.05069554 -10.16474628
v -0.22467761 -0.87926245 -10.37127781
v -0.26819724 -0.90549314 -10.24586582
v -0.34495774 -0.72666812 -10.45519257
v -0.38331118 -0.75683039 -10.32514286
v -0.46235973 -0.57094866 -10.53742599
v -0.49494806 -0.60461056 -10.40239525
v -0.60269374 -0.44854087 -10.47735023
v -0.57613820 -0.41147575 -10.61753368
v -0.70539534 -0.28777868 -10.54931164
v -0.68511802 -0.24732240 -10.69481182
v -0.80088115 -0.12094267 -10.61699486
v -0.78733063 -0.07708130 -10.76807594
v -0.88548857 0.05390741 -10.67820549
v -0.87912405 0.10147484 -10.83510780
v -0.95329422 0.23891982 -10.72932529
v -0.95417309 0.29104790 -10.89201069
v -1.00325763 0.49284148 -10.93297482
v -0.99598378 0.43475756 -10.76514149
v -1.01500821 0.70352042 -10.95060158
v -1.00405884 0.63811070 -10.77944279
v -0.97705239 0.91120946 -10.93644238
v -0.96692282 0.83839142 -10.76502705
v -0.88844532 1.09730077 -10.88899994
v -0.88342482 1.01909041 -10.72045612
v -0.76223344 1.25063741 -10.81604195
v -0.76419842 1.16966021 -10.65210247
v -0.61259902 1.37057483 -10.72656536
v -0.62116992 1.28823841 -10.56754684
v -0.44887140 1.45999241 -10.62664795
v -0.46336785 1.37709522 -10.47254658
v -0.27677140 1.52174270 -10.52006912
v -0.29700357 1.43952549 -10.37102318
v -0.09988271 1.55632555 -10.40913200
v -0.12605840 1.47710848 -10.26541424
v 0.07871675 1.56143641 -10.29568672
v 0.04627501 1.48912203 -10.15758610
v 0.25547630 1.53674185 -10.18197918
v 0.21673602 1.47615206 -10.04956627
v 0.42990869 1.49673152 -10.06901360
v 0.38510656 1.45016062 -9.94210625
v 0.60613501 1.46755052 -9.95542812
v 0.55520010 1.43238866 -9.83389759
v 0.67177188 1.41948366 -9.60870552
v 0.83371919 1.47054088 -9.51026249
v 0.99268514 1.52520156 -9.41408539
v 1.15397203 1.56455648 -9.31581402
v 1.31877577 1.57570124 -9.21401596
v 1.48336256 1.55185866 -9.11071110
v 1.64244902 1.49531770 -9.00936985
v 1.79359388 1.41398513 -8.91194534
v 1.93578947 1.31291699 -8.81932831
v 2.06711936 1.19350135 -8.73275948
v 2.18484282 1.05616093 -8.65390873
v 2.28520751 0.90106767 -8.58505821
v 2.36263728 0.72845256 -8.52965641
v 2.41040111 0.54079860 -8.49206066
v 2.42450857 0.34482381 -8.47513676
v 2.40827656 0.14861721 -8.47715569
v 2.36788917 -0.04311362 -8.49440384
v 2.30867887 -0.22844709 -8.52359867
v 2.23465753 -0.40675193 -8.56225586
v 2.14890981 -0.57811058 -8.60841370
v 2.05343962 -0.74260086 -8.66081142
v 1.94985068 -0.90038651 -8.71843624
v 1.83942151 -1.05161989 -8.78051567
v 1.72281384 -1.19607139 -8.84667015
v 1.60036957 -1.33331072 -8.91671371
v 1.47245812 -1.46298099 -8.99045944
v 1.33887482 -1.58396447 -9.06810570
v 1.19901562 -1.69415843 -9.15011692
v 1.05160367 -1.78915823 -9.23747635
v 0.89274377 -1.85588813 -9.33325577
v 0.72604859 -1.86110997 -9.43674755
v 0.57050270 -1.79688895 -9.53631020
v 0.43093395 -1.69749177 -9.62730694
v 0.29868293 -1.58469069 -9.71424389
v 0.17010242 -1.46454871 -9.79918003
v 0.04438839 -1.33896422 -9.88256359
v -0.07800615 -1.20810139 -9.96412945
v -0.19653837 -1.07203579 -10.04356194
v -0.31103057 -0.93124062 -10.12073898
v -0.42148209 -0.78620380 -10.19562340
v -0.52787650 -0.63718981 -10.26815796
v -0.63008350 -0.48420817 -10.33821774
v -0.72696936 -0.32650489 -10.40511703
v -0.81619185 -0.16274147 -10.46748924
v -0.89409947 0.00874386 -10.52317429
v -0.95515519 0.18958406 -10.56882095
v -0.99188864 0.37994632 -10.59977436
v -0.99650896 0.57654768 -10.61091328
v -0.96007127 0.76999319 -10.59618855
v -0.88126940 0.94572806 -10.55423641
v -0.76855373 1.09381092 -10.49015808
v -0.63178992 1.21131682 -10.41023922
v -0.47968540 1.29995990 -10.31991768
v -0.31883851 1.36338961 -10.22321320
v -0.15354899 1.40410650 -10.12266350
v 0.01291192 1.42276740 -10.02013588
v 0.17755651 1.42074263 -9.91745758
v 0.34039316 1.40766311 -9.81515503
v 0.50491768 1.40030003 -9.71198845
v 0.61720347 1.39253962 -9.49078941
v 0.77543890 1.43620574 -9.39558029
v 0.93122250 1.47885060 -9.30217171
v 1.08853936 1.50557137 -9.20720482
v 1.24813139 1.50636852 -9.10965061
v 1.40684581 1.47624052 -9.01122952
v 1.56028032 1.41734314 -8.91483498
v 1.70632017 1.33614409 -8.82214642
v 1.84383893 1.23655522 -8.73406792
v 1.97072065 1.11939299 -8.65192127
v 2.08410311 0.98489809 -8.57740402
v 2.18037009 0.83338314 -8.51267147
v 2.25462008 0.66544759 -8.46072006
v 2.30140686 0.48372829 -8.42507648
v 2.31758142 0.29427099 -8.40803337
v 2.30580735 0.10413821 -8.40821934
v 2.27106881 -0.08236326 -8.42265797
v 2.21774411 -0.26319426 -8.44867706
v 2.14934444 -0.43742213 -8.48413754
v 2.06863093 -0.60478812 -8.52730465
v 1.97743678 -0.76504922 -8.57704735
v 1.87726355 -0.91805321 -8.63243961
v 1.76945484 -1.06375861 -8.69269371
v 1.65484107 -1.20187199 -8.75734234
v 1.53395057 -1.33196974 -8.82608700
v 1.40735435 -1.45377672 -8.89862347
v 1.27507758 -1.56634057 -8.97500420
v 1.13674605 -1.66774321 -9.05553436
v 0.99140751 -1.75395763 -9.14095879
v 0.83599252 -1.81382048 -9.23371696
v 0.67367899 -1.81980181 -9.33309937
v 0.52059197 -1.76509202 -9.42926216
v 0.38116136 -1.67786109 -9.51815319
v 0.24850462 -1.57643247 -9.60333920
v 0.11987688 -1.46607435 -9.68635750
v -0.00516465 -1.34856248 -9.76745129
v -0.12602924 -1.22420430 -9.84627342
v -0.24208049 -1.09325755 -9.92245674
v -0.35317755 -0.95650482 -9.99589825
v -0.45947048 -0.81478822 -10.06663418
v -0.56114501 -0.66868627 -10.13471413
v -0.65830749 -0.51847774 -10.20013809
v -0.74984008 -0.36350098 -10.26222897
v -0.83326274 -0.20247766 -10.31955910
v -0.90495664 -0.03401582 -10.37001324
v -0.95975620 0.14304063 -10.41049576
v -0.99097216 0.32840773 -10.43687344
v -0.99235857 0.51883125 -10.44501209
v -0.95649779 0.70601487 -10.42992878
v -0.88197905 0.87721354 -10.39033890
v -0.77529949 1.02308965 -10.33020687
v -0.64445901 1.13981020 -10.25464153
v -0.49782401 1.22858655 -10.16876221
v -0.34227628 1.29333508 -10.07664013
v -0.18235447 1.33731973 -9.98087978
v -0.02137253 1.36237276 -9.88333702
v 0.13793778 1.37051344 -9.78565407
v 0.29576850 1.36923873 -9.68816185
v 0.45528767 1.37128472 -9.58969975
v 0.56385064 1.36830688 -9.37220383
v 0.71881026 1.40512061 -9.28006268
v 0.87178779 1.43675947 -9.18931866
v 1.02557850 1.45192635 -9.09751511
v 1.18051004 1.44323051 -9.00398827
v 1.33394527 1.40725815 -8.91018677
v 1.48226464 1.34603333 -8.81849194
v 1.62363434 1.26472199 -8.73033237
v 1.75682223 1.16622424 -8.64662647
v 1.87955725 1.05087996 -8.56874752
v 1.98890829 0.91879731 -8.49839973
v 2.08142209 0.77042866 -8.43760300
v 2.15283680 0.60670102 -8.38892746
v 2.19886923 0.43036684 -8.35514832
v 2.21710777 0.24683549 -8.33804989
v 2.20959997 0.06222032 -8.33659554
v 2.18022227 -0.11954838 -8.34848022
v 2.13246322 -0.29633093 -8.37160015
v 2.06935740 -0.46691838 -8.40413380
v 1.99337614 -0.63073707 -8.44455338
v 1.90619886 -0.78724891 -8.49184227
v 1.80923140 -0.93601042 -8.54515743
v 1.70387125 -1.07679403 -8.60369587
v 1.59109831 -1.20923734 -8.66691399
v 1.47161591 -1.33291781 -8.73441124
v 1.34618235 -1.44762790 -8.80577660
v 1.21503544 -1.55256140 -8.88092804
v 1.07801819 -1.64597368 -8.96002483
v 0.93448192 -1.72419679 -9.04359055
v 0.78210783 -1.77781379 -9.13349152
v 0.62367922 -1.78446996 -9.22902012
v 0.47273177 -1.73837256 -9.32195950
v 0.33333823 -1.66214454 -9.40879059
v 0.20023157 -1.57097113 -9.49222469
v 0.07148562 -1.46941674 -9.57333565
v -0.05302122 -1.35916436 -9.65217876
v -0.17258570 -1.24066925 -9.72834778
v -0.28649658 -1.11436105 -9.80143261
v -0.39463824 -0.98128575 -9.87134171
v -0.49727637 -0.84258366 -9.93817520
v -0.59475362 -0.69910008 -10.00206375
v -0.68736571 -0.55134952 -10.06310940
v -0.77400756 -0.39876699 -10.12064838
v -0.85209382 -0.24015129 -10.17320538
v -0.91806018 -0.07437162 -10.21872330
v -0.96709704 0.09928952 -10.25435162
v -0.99323440 0.28014180 -10.27643776
v -0.99160767 0.46496147 -10.28174114
v -0.95620239 0.64645636 -10.26624584
v -0.88555378 0.81354690 -10.22876358
v -0.78443569 0.95749617 -10.17225075
v -0.65917718 1.07371831 -10.10075569
v -0.51778364 1.16297507 -10.01908016
v -0.36731678 1.22936201 -9.93130207
v -0.21247485 1.27674794 -9.84006310
v -0.05657833 1.30793786 -9.74718952
v 0.09787983 1.32546461 -9.65415382
v 0.25123259 1.33488774 -9.56112576
v 0.40631008 1.34534276 -9.46703148
v 0.51171327 1.34678543 -9.25294685
v 0.66383338 1.37728560 -9.16371059
v 0.81438094 1.39892840 -9.07552719
v 0.96508962 1.40362144 -8.98674583
v 1.11591184 1.38628721 -8.89702797
v 1.26466107 1.34491169 -8.80758476
v 1.40840173 1.28138828 -8.72033882
v 1.54553652 1.19971883 -8.63650417
v 1.67473924 1.10192382 -8.55700397
v 1.79362929 0.98796237 -8.48324108
v 1.89925838 0.85785866 -8.41689873
v 1.98836327 0.71220428 -8.35985279
v 2.05728722 0.55221289 -8.31427765
v 2.10278869 0.38071427 -8.28227615
v 2.12308717 0.20251727 -8.26518726
v 2.11965442 0.02286354 -8.26228237
v 2.09535003 -0.15466900 -8.27187252
v 2.05283570 -0.32785714 -8.29236794
v 1.99469626 -0.49524069 -8.32224560
v 1.92314589 -0.65595734 -8.36015987
v 1.83972573 -0.80919993 -8.40519810
v 1.74575436 -0.95425814 -8.45658875
v 1.64267075 -1.09072626 -8.51352215
v 1.53158557 -1.21816742 -8.57538605
v 1.41336596 -1.33615470 -8.64168739
v 1.28894210 -1.44453490 -8.71191978
v 1.15874839 -1.54262722 -8.78587818
v 1.02283192 -1.62884998 -8.86358833
v 0.88082683 -1.69987559 -8.94537067
v 0.73108959 -1.74786794 -9.03258038
v 0.57604933 -1.75511432 -9.12450981
v 0.42692205 -1.71673048 -9.21440315
v 0.28746456 -1.65034211 -9.29921818
v 0.15386373 -1.56830680 -9.38090324
v 0.02492862 -1.47457588 -9.46011257
v -0.09918131 -1.37076998 -9.53674793
v -0.21767549 -1.25749636 -9.61035156
v -0.32978669 -1.13534606 -9.68048859
v -0.43541259 -1.00558341 -9.74707127
v -0.53489971 -0.86959022 -9.81024647
v -0.62870234 -0.72843117 -9.87020683
v -0.71725816 -0.58282351 -9.92713356
v -0.79947168 -0.43230289 -9.98037338
v -0.87268502 -0.27576232 -10.02842712
v -0.93341005 -0.11232355 -10.06930256
v -0.97717786 0.05833074 -10.10038757
v -0.99867529 0.23514856 -10.11846924
v -0.99425620 0.41493830 -10.12109852
v -0.95918506 0.59131771 -10.10514069
v -0.89199358 0.75472820 -10.06951237
v -0.79596227 0.89703065 -10.01628780
v -0.67594445 1.01304126 -9.94857979
v -0.53956443 1.10312545 -9.87087059
v -0.39396012 1.17147028 -9.78720093
v -0.24391012 1.22239137 -9.70021152
v -0.09270549 1.25946271 -9.61169338
v 0.05738264 1.28559613 -9.52295876
v 0.20678544 1.30461001 -9.43404770
v 0.35798499 1.32247424 -9.34398460
v 0.46079150 1.32797515 -9.13301945
v 0.61050826 1.35270059 -9.04652309
v 0.75900197 1.36535716 -8.96079731
v 0.90707254 1.36065674 -8.87489700
v 1.05433679 1.33553851 -8.78877068
v 1.19899309 1.28920102 -8.70342159
v 1.33869183 1.22340798 -8.62037659
v 1.47202659 1.14113438 -8.54066277
v 1.59758997 1.04365420 -8.46519947
v 1.71293676 0.93064010 -8.39539909
v 1.81515348 0.80208218 -8.33289909
v 1.90119374 0.65871000 -8.27942181
v 1.96797168 0.50198311 -8.23677158
v 2.01316500 0.33477050 -8.20645905
v 2.03552008 0.16131635 -8.18944454
v 2.03597093 -0.01393214 -8.18528175
v 2.01645184 -0.18772511 -8.19283485
v 1.97886181 -0.35777289 -8.21098042
v 1.92536092 -0.52238905 -8.23847198
v 1.85793984 -0.68044895 -8.27412319
v 1.77801764 -0.83090228 -8.31711388
v 1.68683243 -0.97279632 -8.36673355
v 1.58585322 -1.10555530 -8.42217159
v 1.47630286 -1.22866225 -8.48275757
v 1.35920036 -1.34168041 -8.54791546
v 1.23563361 -1.44449735 -8.61705208
v 1.10621643 -1.53653777 -8.68985462
v 0.97118753 -1.61637187 -8.76622295
v 0.83044231 -1.68099427 -8.84630108
v 0.68293792 -1.72398293 -8.93098354
v 0.53078932 -1.73173499 -9.01956749
v 0.38316283 -1.70016599 -9.10659122
v 0.24354039 -1.64245355 -9.18943691
v 0.10940113 -1.56843948 -9.26937199
v -0.01979411 -1.48155177 -9.34669018
v -0.14364491 -1.38337922 -9.42115688
v -0.26129866 -1.27468538 -9.49228668
v -0.37195078 -1.15621269 -9.55962372
v -0.47550061 -1.02939773 -9.62308693
v -0.57234055 -0.89580780 -9.68284798
v -0.66299117 -0.75667948 -9.73914337
v -0.74798489 -0.61289972 -9.79220963
v -0.82623261 -0.46410871 -9.84140587
v -0.89503646 -0.30931076 -9.88522434
v -0.95100623 -0.14787160 -9.92175388
v -0.98999864 0.02016429 -9.94860363
v -1.00729489 0.19342799 -9.96296692
v -1.00030422 0.36876181 -9.96308517
v -0.96544582 0.54059899 -9.94661331
v -0.90129840 0.70075738 -9.91258335
v -0.80987924 0.84169304 -9.86231995
v -0.69476086 0.95777911 -9.79811478
v -0.56316620 1.04903769 -9.72413349
v -0.42220622 1.11965990 -9.64433479
v -0.27666029 1.17424989 -9.56132793
v -0.12975401 1.21694756 -9.47684765
v 0.01644623 1.25090790 -9.39206791
v 0.16242704 1.27840555 -9.30692673
v 0.31031233 1.30267894 -9.22055912
v 0.41108528 1.31187630 -9.01242065
v 0.55883479 1.33136559 -8.92850018
v 0.70565087 1.33604598 -8.84512901
v 0.85152727 1.32303226 -8.76196766
v 0.99578482 1.29098451 -8.67921543
v 1.13694131 1.24012613 -8.59769917
v 1.27313483 1.17209244 -8.51860619
v 1.40310478 1.08896899 -8.44280624
v 1.52537441 0.99141514 -8.37121391
v 1.63747966 0.87891322 -8.30522346
v 1.73659337 0.75146788 -8.24640179
v 1.81991339 0.60994583 -8.19630909
v 1.88489008 0.45601180 -8.15641022
v 1.92999828 0.29253560 -8.12769794
v 1.95440614 0.12323274 -8.11082172
v 1.95854926 -0.04816671 -8.10559368
v 1.94352782 -0.21871673 -8.11136532
v 1.91054153 -0.38607815 -8.12743855
v 1.86135149 -0.54836351 -8.15281391
v 1.79775822 -0.70421189 -8.18644428
v 1.72107446 -0.85235596 -8.22758865
v 1.63246560 -0.99162501 -8.27559280
v 1.53341877 -1.12128115 -8.32964516
v 1.42525017 -1.24072170 -8.38902855
v 1.30911946 -1.34949505 -8.45309544
v 1.18625689 -1.44751549 -8.52117443
v 1.05743945 -1.53429329 -8.59285641
v 0.92308480 -1.60853946 -8.66793156
v 0.78332835 -1.66755271 -8.74637890
v 0.63765270 -1.70615888 -8.82870007
v 0.48789915 -1.71433187 -8.91419315
v 0.34145409 -1.68867886 -8.99852657
v 0.20156570 -1.63847923 -9.07944489
v 0.06684376 -1.57136905 -9.15763283
v -0.06268257 -1.49034441 -9.23306751
v -0.18641205 -1.39699221 -9.30540752
v -0.30345517 -1.29223657 -9.37415218
v -0.41298884 -1.17696083 -9.43883896
v -0.51490229 -1.05272889 -9.49938679
v -0.60959888 -0.92123646 -9.55598068
v -0.69762003 -0.78384513 -9.60887337
v -0.77954578 -0.64157820 -9.65833759
v -0.85429019 -0.49418443 -9.70374393
v -0.91914803 -0.34079665 -9.74359703
v -0.97084880 -0.18101579 -9.77607441
v -1.00555933 -0.01520982 -9.79899979
v -1.01909316 0.15498009 -9.80993080
v -1.00975180 0.32643190 -9.80770111
v -0.97498465 0.49430010 -9.79066277
v -0.91346836 0.65163445 -9.75797749
v -0.82618666 0.79148334 -9.71034622
v -0.71562636 0.90793175 -9.64936066
v -0.58858913 1.00071192 -9.57886887
v -0.45205513 1.07393086 -9.50270557
v -0.31072536 1.13232350 -9.42341042
v -0.16772386 1.18039203 -9.34265327
v -0.02492940 1.22140002 -9.26148129
v 0.11815739 1.25627434 -9.17976284
v 0.26329213 1.28595710 -9.09675407
v 0.36259457 1.29848862 -8.89115143
v 0.50881302 1.31328070 -8.80964279
v 0.65432763 1.31099463 -8.72852135
v 0.79845393 1.29074788 -8.64795780
v 0.94025594 1.25262511 -8.56836224
v 1.07850587 1.19768715 -8.49041557
v 1.21173084 1.12744164 -8.41502571
v 1.33877087 1.04322231 -8.34293556
v 1.45809269 0.94520682 -8.27504730
v 1.56725800 0.83278167 -8.21271324
v 1.66357815 0.70601571 -8.15740585
v 1.74452221 0.56591171 -8.11051464
v 1.80804229 0.41429886 -8.07319164
v 1.85328841 0.25400952 -8.04599285
v 1.87974548 0.08826642 -8.02931881
v 1.88738954 -0.07984017 -8.02321625
v 1.87657785 -0.24764383 -8.02746582
v 1.84787476 -0.41277295 -8.04174042
v 1.80266786 -0.57316399 -8.06526947
v 1.74260104 -0.72724622 -8.09712315
v 1.66889620 -0.87356097 -8.13662338
v 1.58265388 -1.01074421 -8.18316555
v 1.48536754 -1.13790369 -8.23594189
v 1.37842739 -1.25434601 -8.29419994
v 1.26312304 -1.35959864 -8.35722637
v 1.14081204 -1.45358920 -8.42428589
v 1.01241767 -1.53589356 -8.49488354
v 0.87852377 -1.60535288 -8.56871223
v 0.73948485 -1.65955079 -8.64560699
v 0.59523404 -1.69439554 -8.72573090
v 0.44737887 -1.70290518 -8.80838871
v 0.30179584 -1.68226933 -8.89020634
v 0.16154048 -1.63841891 -8.96924400
v 0.02619163 -1.57709563 -9.04568481
v -0.10373676 -1.50095379 -9.11924458
v -0.22748269 -1.41160882 -9.18949890
v -0.34414506 -1.31014979 -9.25594711
v -0.45290089 -1.19759059 -9.31813431
v -0.55361772 -1.07557666 -9.37597275
v -0.64667463 -0.94587618 -9.42964363
v -0.73258907 -0.80992806 -9.47939682
v -0.81194091 -0.66885889 -9.52551651
v -0.88364452 -0.52253008 -9.56738949
v -0.94501978 -0.37021992 -9.60354614
v -0.99293762 -0.21175610 -9.63226604
v -1.02385998 -0.04779162 -9.65157700
v -1.03407025 0.11980486 -9.65936184
v -1.02259874 0.28794864 -9.65494633
v -0.98780155 0.45242107 -9.63729000
v -0.92850333 0.60735947 -9.60569382
v -0.84488451 0.74640161 -9.56036663
v -0.73854089 0.86349928 -9.50231743
v -0.61583304 0.95814800 -9.43507767
v -0.48350683 1.03428316 -9.36231232
v -0.34610534 1.09661222 -9.28645992
v -0.20661509 1.14979649 -9.20911026
v -0.06674427 1.19707251 -9.13119888
v 0.07397649 1.23821640 -9.05255699
v 0.21692437 1.27230847 -8.97257042
v 0.31531942 1.28781223 -8.76921177
v 0.46044299 1.29844582 -8.68995094
v 0.60503227 1.29020321 -8.61097622
v 0.74785239 1.26380372 -8.53286839
v 0.88775015 1.22046041 -8.45621109
v 1.02368653 1.16188407 -8.38157177
v 1.15447962 1.08945560 -8.30963612
v 1.27902496 1.00389457 -8.24105167
v 1.39574468 0.90502912 -8.17669868
v 1.50227189 0.79224551 -8.11786842
v 1.59610796 0.66572565 -8.06591225
v 1.67502034 0.52660775 -8.02203941
v 1.73742843 0.37684435 -7.98711634
v 1.78303540 0.21919231 -7.96134377
v 1.81153810 0.05641741 -7.94493675
v 1.82249177 -0.10895252 -7.93815088
v 1.81560194 -0.27450642 -7.94113541
v 1.79086173 -0.43785727 -7.95388746
v 1.74931014 -0.59679049 -7.97584057
v 1.69246805 -0.74955195 -8.00615883
v 1.62148285 -0.89451730 -8.04421806
v 1.53739727 -1.03015387 -8.08945274
v 1.44169927 -1.15542305 -8.14106274
v 1.33583474 -1.26953506 -8.19827080
v 1.22121108 -1.37199104 -8.26031017
v 1.09929883 -1.46271849 -8.32638741
v 0.97115088 -1.54133880 -8.39593792
v 0.83750451 -1.60681188 -8.46856499
v 0.69891196 -1.65698874 -8.54398346
v 0.55568182 -1.68869317 -8.62207603
v 0.40922844 -1.69745469 -8.70215225
v 0.26418811 -1.68093717 -8.78163242
v 0.12346473 -1.64227259 -8.85883331
v -0.01255527 -1.58561909 -8.93352795
v -0.14295667 -1.51337993 -9.00522137
v -0.26685688 -1.42722905 -9.07343102
v -0.38336828 -1.32842505 -9.13767338
v -0.49168691 -1.21810198 -9.19750977
v -0.59164673 -1.09794128 -9.25284386
v -0.68356794 -0.96972692 -9.30383682
v -0.76789814 -0.83492827 -9.35071373
v -0.84517032 -0.69474179 -9.39374828
v -0.91429549 -0.54914558 -9.43234062
v -0.97265172 -0.39758062 -9.46507072
v -1.01727283 -0.24009252 -9.49032784
v -1.04490054 -0.07758108 -9.50633335
v -1.05222595 0.08790230 -9.51125813
v -1.03884518 0.25331202 -9.50481987
v -1.00389659 0.41496190 -9.48649406
v -0.94640338 0.56793237 -9.45573425
v -0.86597276 0.70644772 -9.41238117
v -0.76350456 0.82448167 -9.35698414
v -0.64489806 0.92134595 -9.29275990
v -0.51656133 1.00071681 -9.22315502
v -0.38280019 1.06711602 -9.15047550
v -0.24642767 1.12516069 -9.07621765
v -0.10899836 1.17792523 -9.00122070
v 0.02988433 1.22423172 -8.92530823
v 0.17120905 1.26173329 -8.84800720
v 0.26925981 1.27984715 -8.64660168
v 0.41372463 1.28686094 -8.56942368
v 0.55776477 1.27367175 -8.49249077
v 0.69972271 1.24219978 -8.41669846
v 0.83826751 1.19449043 -8.34276295
v 0.97248352 1.13271677 -8.27116776
v 1.10138154 1.05813444 -8.20243835
v 1.22386694 0.97098571 -8.13715267
v 1.33833039 0.87088209 -8.07616901
v 1.44252110 0.75730467 -8.02068996
v 1.53418255 0.63059777 -7.97192097
v 1.61140764 0.49203387 -7.93088245
v 1.67304850 0.34364823 -7.89818478
v 1.71923935 0.18808393 -7.87375021
v 1.74978399 0.02768570 -7.85767460
v 1.76385605 -0.13550377 -7.85039759
v 1.76060009 -0.29930452 -7.85237455
v 1.73950219 -0.46133110 -7.86387920
v 1.70127833 -0.61924309 -7.88452673
v 1.64735949 -0.77112895 -7.91355228
v 1.57883441 -0.91522491 -7.95037222
v 1.49669576 -1.04985404 -7.99445343
v 1.40241408 -1.17383921 -8.04500771
v 1.29747200 -1.28628874 -8.10124207
v 1.18338370 -1.38667238 -8.16234493
v 1.06171751 -1.47490346 -8.22747803
v 0.93363917 -1.55062878 -8.29601765
v 0.80002695 -1.61291671 -8.36749172
v 0.66160959 -1.65986633 -8.44150925
v 0.51899618 -1.68905163 -8.51773453
v 0.37344787 -1.69798040 -8.59548378
v 0.22863086 -1.68468261 -8.67280388
v 0.08733846 -1.65004039 -8.74821281
v -0.04939694 -1.59693956 -8.82116318
v -0.18034233 -1.52762294 -8.89099884
v -0.30453455 -1.44385302 -8.95720387
v -0.42112488 -1.34706235 -9.01933002
v -0.52934694 -1.23849499 -9.07696438
v -0.62898946 -1.11982250 -9.13000011
v -0.72027868 -0.99278873 -9.17856026
v -0.80354732 -0.85884577 -9.22282410
v -0.87923390 -0.71922696 -9.26303196
v -0.94624329 -0.57403105 -9.29859924
v -1.00204384 -0.42287871 -9.32817078
v -1.04385436 -0.26602510 -9.35026073
v -1.06868112 -0.10457821 -9.36327076
v -1.07356036 0.05927241 -9.36562061
v -1.05849111 0.22252202 -9.35732269
v -1.02326965 0.38192260 -9.33827686
v -0.96716851 0.53335315 -9.30809689
v -0.88945138 0.67162174 -9.26638985
v -0.79051739 0.79087889 -9.21336269
v -0.67578417 0.89030582 -9.15191364
v -0.55121857 0.97323191 -9.08523369
v -0.42080995 1.04383492 -9.01545811
v -0.28716159 1.10648477 -8.94397640
v -0.15169168 1.16395831 -8.87154675
v -0.01411907 1.21432042 -8.79801655
v 0.12614620 1.25423145 -8.72306442
v 0.22441573 1.27459335 -8.52332020
v 0.36865801 1.27852607 -8.44806099
v 0.51252508 1.26140022 -8.37306786
v 0.65406483 1.22593594 -8.29944897
v 0.79180795 1.17471504 -8.22801685
v 0.92489678 1.11018527 -8.15920353
v 1.05243623 1.03347790 -8.09343052
v 1.17329705 0.94449574 -8.03124046
v 1.28584981 0.84276575 -7.97345781
v 1.38800585 0.72795922 -7.92117643
v 1.47780216 0.60063201 -7.87543154
v 1.55368423 0.46219006 -7.83704424
v 1.61490238 0.31471050 -7.80639696
v 1.66190028 0.16068441 -7.78321266
v 1.69448316 0.00207128 -7.76753235
v 1.71148217 -0.15949391 -7.75995588
v 1.71157241 -0.32203811 -7.76118326
v 1.69379628 -0.48319450 -7.77171564
v 1.65857244 -0.64052176 -7.79132748
v 1.60727525 -0.79197735 -7.81930304
v 1.54095089 -0.93568391 -7.85508680
v 1.46054935 -1.06984472 -7.89816809
v 1.36751199 -1.19315219 -7.94777584
v 1.26333928 -1.30460715 -8.00311279
v 1.14964092 -1.40364254 -8.06333065
v 1.02806795 -1.49014401 -8.12755871
v 0.89988250 -1.56376362 -8.19512272
v 0.76609111 -1.62366712 -8.26548958
v 0.62757772 -1.66818380 -8.33818436
v 0.48517701 -1.69547093 -8.41270828
v 0.34003717 -1.70448256 -8.48838520
v 0.19512412 -1.69350541 -8.56372166
v 0.05316167 -1.66172218 -8.63738346
v -0.08433338 -1.61105704 -8.70858955
v -0.21589370 -1.54368258 -8.77657509
v -0.34051576 -1.46148062 -8.84081841
v -0.45741481 -1.36606169 -8.90091610
v -0.56588095 -1.25876951 -8.95650005
v -0.66564590 -1.14122057 -9.00744152
v -0.75680691 -1.01506162 -9.05381393
v -0.83953655 -0.88168055 -9.09572792
v -0.91413176 -0.74231428 -9.13336754
v -0.97948772 -0.59718639 -9.16616440
v -1.03319609 -0.44611424 -9.19284630
v -1.07268226 -0.28955376 -9.21206284
v -1.09520149 -0.12878302 -9.22238731
v -1.09807336 0.03391520 -9.22244930
v -1.08153653 0.19557865 -9.21245480
v -1.04592073 0.35330316 -9.19263649
v -0.99079871 0.50362182 -9.16278267
v -0.91532046 0.64192367 -9.12239265
v -0.81957924 0.76269096 -9.07145119
v -0.70849133 0.86502761 -9.01254082
v -0.58747864 0.95182830 -8.94854832
v -0.46013463 1.02676904 -8.88140678
v -0.32881689 1.09376860 -8.81238651
v -0.19482422 1.15517163 -8.74217701
v -0.05803372 1.20848227 -8.67068291
v 0.08173580 1.24980295 -8.59774303
v 0.18078722 1.27205086 -8.39936829
v 0.32524312 1.27344131 -8.32586384
v 0.46931332 1.25338852 -8.25270557
v 0.61087888 1.21501219 -8.18111992
v 0.74837148 1.16113436 -8.11197376
v 0.88092625 1.09428966 -8.04567909
v 1.00764382 1.01548612 -7.98261452
v 1.12731504 0.92442459 -7.92331314
v 1.23830307 0.82068002 -7.86856556
v 1.33872604 0.70420909 -7.81932878
v 1.42696655 0.57582837 -7.77644444
v 1.50185001 0.43707639 -7.74052429
v 1.56299031 0.29003119 -7.71175289
v 1.61101806 0.13699372 -7.68973064
v 1.64563560 -0.02042583 -7.67451048
v 1.66537023 -0.18092294 -7.66682625
v 1.66851878 -0.34270719 -7.66756105
v 1.65374386 -0.50344741 -7.67739677
v 1.62119246 -0.66062647 -7.69624329
v 1.57221544 -0.81209713 -7.72341156
v 1.50783229 -0.95589423 -7.75836039
v 1.42895794 -1.09012592 -7.80059671
v 1.33699298 -1.21336186 -7.84936810
v 1.23343658 -1.32449031 -7.90388346
v 1.11998260 -1.42290163 -7.96326923
v 0.99835014 -1.50844014 -8.02662849
v 0.86988097 -1.58074331 -8.09325409
v 0.73569703 -1.63906336 -8.16256046
v 0.59681642 -1.68194103 -8.23400784
v 0.45422435 -1.70795119 -8.30699444
v 0.30899632 -1.71696091 -8.38085461
v 0.16366787 -1.70740569 -8.45438480
v 0.02093436 -1.67731810 -8.52634430
v -0.11736459 -1.62797141 -8.59580708
v -0.24961081 -1.56155908 -8.66195202
v -0.37480050 -1.48011196 -8.72427273
v -0.49223810 -1.38542306 -8.78243256
v -0.60128891 -1.27892566 -8.83611488
v -0.70161599 -1.16213524 -8.88516903
v -0.79315263 -1.03654552 -8.92959785
v -0.87586594 -0.90343267 -8.96942520
v -0.94986379 -0.76400387 -9.00475597
v -1.01402891 -0.61861163 -9.03503513
v -1.06610858 -0.46728718 -9.05909824
v -1.10375643 -0.31067857 -9.07573700
v -1.12446189 -0.15019549 -9.08368492
v -1.12576520 0.01183065 -9.08174419
v -1.10798144 0.17248192 -9.07021618
v -1.07184994 0.32910359 -9.04957294
v -1.01729405 0.47873846 -9.01979065
v -0.94357997 0.61735356 -8.98038960
v -0.85069025 0.73991787 -8.93125057
v -0.74301952 0.84551126 -8.87464142
v -0.62534148 0.93650609 -8.81309891
v -0.50077415 1.01591814 -8.74832249
v -0.37139353 1.08701229 -8.68144703
v -0.23839599 1.15156531 -8.61311150
v -0.10185963 1.20671749 -8.54330635
v 0.03797785 1.24844778 -8.47204304
v 0.13837424 1.27221954 -8.27474594
v 0.28347990 1.27160656 -8.20283127
v 0.42812943 1.24963689 -8.13140488
v 0.57016474 1.20942879 -8.06170940
v 0.70795816 1.15374827 -7.99463177
v 0.84057194 1.08502984 -7.93059492
v 0.96700448 1.00415909 -7.86998892
v 1.08592105 0.91077232 -7.81337214
v 1.19568992 0.80462503 -7.76149178
v 1.29468167 0.68605435 -7.71514702
v 1.38167596 0.55618691 -7.67495918
v 1.45590496 0.41669279 -7.64132309
v 1.51731205 0.26961032 -7.61425209
v 1.56659281 0.11701189 -7.59330416
v 1.60324132 -0.03980564 -7.57860899
v 1.62552023 -0.19979087 -7.57100821
v 1.63143921 -0.36131176 -7.57150793
v 1.61934519 -0.52208984 -7.58092260
v 1.58913827 -0.67955720 -7.59927416
v 1.54217994 -0.83148819 -7.62587738
v 1.47947860 -0.97585589 -7.66019440
v 1.40192175 -1.11069751 -7.70173979
v 1.31085694 -1.23446846 -7.74978399
v 1.20776391 -1.34593832 -7.80355406
v 1.09440887 -1.44444954 -7.86215925
v 0.97256410 -1.52979195 -7.92468834
v 0.84363449 -1.60156798 -7.99041080
v 0.70884466 -1.65910518 -8.05870438
v 0.56932569 -1.70113790 -8.12898064
v 0.42613819 -1.72649229 -8.20059586
v 0.28032535 -1.73541558 -8.27289200
v 0.13426211 -1.72638357 -8.34479332
v -0.00934348 -1.69682813 -8.41509533
v -0.14849056 -1.64768279 -8.48281670
v -0.28149366 -1.58125234 -8.54712868
v -0.40738875 -1.49974692 -8.60756874
v -0.52559477 -1.40514660 -8.66388035
v -0.63557094 -1.29896343 -8.71580982
v -0.73689973 -1.18256676 -8.76318169
v -0.82931578 -1.05724049 -8.80591297
v -0.91253537 -0.92410201 -8.84391594
v -0.98643011 -0.78429568 -8.87719536
v -1.04986680 -0.63830680 -8.90521336
v -1.10078120 -0.48639753 -8.92692566
v -1.13707697 -0.32939950 -8.94128036
v -1.15646219 -0.16881564 -8.94716263
v -1.15663564 -0.00698123 -8.94350624
v -1.13782585 0.15323181 -8.93060684
v -1.10105729 0.30932391 -8.90908813
v -1.04665434 0.45870295 -8.87912178
v -0.97422981 0.59791130 -8.84038067
v -0.88385028 0.72255969 -8.79276085
v -0.77936882 0.83175677 -8.73821449
v -0.66480714 0.92726523 -8.67888641
v -0.54272860 1.01128244 -8.61620522
v -0.41489151 1.08621585 -8.55115986
v -0.28240699 1.15313923 -8.48435020
v -0.14559679 1.20902598 -8.41588783
v -0.00512765 1.25016594 -8.34596348
v 0.09717680 1.27509964 -8.14945221
v 0.24336840 1.27302182 -8.07896423
v 0.38897341 1.25014520 -8.00916576
v 0.53192246 1.20918536 -7.94122028
v 0.67056793 1.15255690 -7.87599277
v 0.80383390 1.08240592 -7.81395006
v 0.93051797 0.99949682 -7.75555420
v 1.04911506 0.90353894 -7.70141697
v 1.15801060 0.79460067 -7.65223694
v 1.25587273 0.67349494 -7.60863066
v 1.34193015 0.54170763 -7.57097578
v 1.41584921 0.40103927 -7.53944016
v 1.47786760 0.25344783 -7.51389503
v 1.52862442 0.10073891 -7.49393368
v 1.56730032 -0.05606815 -7.47982740
v 1.59193206 -0.21609768 -7.47250175
v 1.60033369 -0.37785184 -7.47302485
v 1.59060001 -0.53912181 -7.48229361
v 1.56241000 -0.69731402 -7.50041962
v 1.51716876 -0.85015064 -7.52670050
v 1.45588994 -0.99556881 -7.56058788
v 1.37944067 -1.13155973 -7.60159636
v 1.28910410 -1.25647175 -7.64902353
v 1.18632126 -1.36895096 -7.70212460
v 1.07291961 -1.46828640 -7.76000071
v 0.95070982 -1.55419934 -7.82173777
v 0.82114309 -1.62623739 -7.88659382
v 0.68553400 -1.68379271 -7.95392036
v 0.54510546 -1.72577465 -8.02310276
v 0.40091857 -1.75109410 -8.09351063
v 0.25402424 -1.75984645 -8.16449928
v 0.10690685 -1.75043881 -8.23494720
v -0.03767184 -1.72025204 -8.30363655
v -0.17771131 -1.67019105 -8.36961746
v -0.31154224 -1.60276222 -8.43210506
v -0.43828052 -1.52038562 -8.49070549
v -0.55748481 -1.42523205 -8.54525757
v -0.66872692 -1.31888282 -8.59558487
v -0.77149719 -1.20251489 -8.64147949
v -0.86529648 -1.07714653 -8.68275833
v -0.94954491 -0.94368863 -8.71920013
v -1.02383065 -0.80318975 -8.75068665
v -1.08700144 -0.65627182 -8.77669811
v -1.13721406 -0.50344533 -8.79632950
v -1.17264378 -0.34571657 -8.80869484
v -1.19120252 -0.18464346 -8.81282043
v -1.19068480 -0.02252044 -8.80773354
v -1.17106974 0.13782835 -8.79362583
v -1.13354266 0.29396406 -8.77118015
v -1.07887971 0.44351536 -8.74077606
v -1.00727010 0.58359700 -8.70236588
v -0.91905946 0.71061629 -8.65598202
v -0.81753922 0.82376426 -8.60326004
v -0.70587558 0.92410570 -8.54590893
v -0.58599800 1.01286185 -8.48505402
v -0.45931086 1.09137928 -8.42152214
v -0.32685721 1.15989351 -8.35589314
v -0.18924519 1.21540773 -8.28842640
v -0.04758070 1.25495744 -8.21950531
v 0.05676812 1.27941990 -8.02371788
v 0.20436840 1.27629328 -7.95464325
v 0.35121423 1.25319850 -7.88649702
v 0.49540156 1.21220410 -7.82029963
v 0.63528675 1.15519547 -7.75686979
v 0.76962006 1.08392847 -7.69673157
v 0.89694780 0.99906236 -7.64045334
v 1.01558018 0.90047312 -7.58871222
v 1.12393332 0.78861600 -7.54215479
v 1.22098756 0.66481394 -7.50120831
v 1.30642998 0.53092098 -7.46600103
v 1.38035429 0.38885728 -7.43648148
v 1.44325149 0.24047367 -7.41240311
v 1.49562526 0.08729579 -7.39344692
v 1.53629398 -0.06989649 -7.38005543
v 1.56310463 -0.23034547 -7.37321520
v 1.57374346 -0.39266667 -7.37400770
v 1.56610477 -0.55473059 -7.38337469
v 1.53966641 -0.71393657 -7.40149593
v 1.49588931 -0.86797220 -7.42764187
v 1.43580103 -1.01475430 -7.46124649
v 1.36025369 -1.15224254 -7.50182199
v 1.27046287 -1.27868545 -7.54869509
v 1.16781795 -1.39260101 -7.60115433
v 1.05419898 -1.49321783 -7.65830135
v 0.93145198 -1.58018517 -7.71922398
v 0.80106777 -1.65298891 -7.78317976
v 0.66444230 -1.71107948 -7.84950161
v 0.52287441 -1.75352323 -7.91756248
v 0.37737778 -1.77920675 -7.98678541
v 0.22903758 -1.78773737 -8.05653572
v 0.08061843 -1.77739310 -8.12554932
v -0.06504174 -1.74586618 -8.19255924
v -0.20604873 -1.69422817 -8.25670528
v -0.34080121 -1.62522805 -8.31728649
v -0.46851465 -1.54150248 -8.37399006
v -0.58889484 -1.44540727 -8.42675686
v -0.70163268 -1.33858347 -8.47548962
v -0.80612624 -1.22200024 -8.51995182
v -0.90163279 -1.09638751 -8.55985355
v -0.98725927 -0.96242702 -8.59483433
v -1.06229174 -0.82105356 -8.62464428
v -1.12555742 -0.67302150 -8.64878082
v -1.17544329 -0.51908803 -8.66648674
v -1.21039879 -0.36042097 -8.67704582
v -1.22852409 -0.19860582 -8.67961311
v -1.22766984 -0.03586731 -8.67328453
v -1.20747077 0.12502055 -8.65809059
v -1.16917467 0.28161636 -8.63470745
v -1.11401439 0.43166319 -8.60372066
v -1.04287565 0.57281703 -8.56542873
v -0.95649511 0.70234293 -8.52007008
v -0.85761046 0.81953758 -8.46897888
v -0.74850732 0.92473871 -8.41341782
v -0.63046604 1.01813352 -8.35420132
v -0.50453687 1.09992766 -8.29199600
v -0.37171286 1.16947246 -8.22737026
v -0.23290542 1.22393119 -8.16074657
v -0.08964436 1.26132870 -8.09269905
v 0.01627539 1.28258121 -7.89801311
v 0.16537513 1.27857053 -7.83064938
v 0.31356147 1.25529015 -7.76444149
v 0.45906746 1.21423483 -7.70027733
v 0.60024548 1.15682757 -7.63892698
v 0.73569721 1.08450699 -7.58095884
v 0.86376512 0.99787205 -7.52702284
v 0.98262352 0.89697081 -7.47784376
v 1.09073436 0.78259939 -7.43401432
v 1.18734360 0.65650010 -7.39579868
v 1.27251780 0.52082181 -7.36311579
v 1.34670329 0.37757277 -7.33572912
v 1.41058898 0.22849956 -7.31329870
v 1.46455312 0.07488499 -7.29558086
v 1.50711644 -0.08268771 -7.28315687
v 1.53596723 -0.24356100 -7.27705002
v 1.54868472 -0.40645006 -7.27833605
v 1.54298925 -0.56929928 -7.28798008
v 1.51816487 -0.72950590 -7.30621767
v 1.47569799 -0.88472319 -7.33230209
v 1.41662502 -1.03284204 -7.36565924
v 1.34178221 -1.17178512 -7.40580273
v 1.25233316 -1.29970598 -7.45208693
v 1.14961505 -1.41499245 -7.50383377
v 1.03555608 -1.51680195 -7.56014347
v 0.91205961 -1.60472858 -7.62010813
v 0.78067023 -1.67821765 -7.68298435
v 0.64286458 -1.73677981 -7.74809170
v 0.50001216 -1.77962363 -7.81479263
v 0.35308698 -1.80561471 -7.88255739
v 0.20320702 -1.81394231 -7.95076466
v 0.05338522 -1.80279136 -8.01803493
v -0.09347989 -1.77014482 -8.08306885
v -0.23559266 -1.71720064 -8.14509869
v -0.37140694 -1.64688885 -8.20350266
v -0.50021571 -1.56202328 -8.25804901
v -0.62184268 -1.46511495 -8.30876637
v -0.73607945 -1.35786033 -8.35562611
v -0.84225523 -1.24106443 -8.39837170
v -0.93942529 -1.11521637 -8.43662548
v -1.02642405 -0.98079658 -8.46991253
v -1.10227644 -0.83863884 -8.49786949
v -1.16578960 -0.68960845 -8.52001381
v -1.21554291 -0.53467041 -8.53572083
v -1.25022292 -0.37513074 -8.54442406
v -1.26810265 -0.21259823 -8.54540253
v -1.26709390 -0.04923118 -8.53782177
v -1.24653387 0.11225019 -8.52157879
v -1.20768464 0.26940191 -8.49733543
v -1.15214837 0.42005324 -8.46584225
v -1.08140409 0.56231242 -8.42769241
v -0.99652004 0.69417149 -8.38330078
v -0.89974570 0.81499487 -8.33373547
v -0.79262149 0.92448318 -8.27987671
v -0.67589521 1.02193856 -8.22227955
v -0.55033499 1.10659587 -8.16147423
v -0.41690487 1.17705846 -8.09802341
v -0.27678317 1.23064637 -8.03249264
v -0.13185658 1.26622558 -7.96561337
v -0.02432724 1.28450656 -7.77235222
v 0.12635586 1.27976894 -7.70700502
v 0.27597687 1.25631607 -7.64302921
v 0.42287463 1.21515179 -7.58119154
v 0.56538874 1.15731013 -7.52221394
v 0.70199925 1.08399069 -7.46669149
v 0.83089501 0.99577832 -7.41533184
v 0.95016521 0.89289558 -7.36888790
v 1.05833340 0.77643025 -7.32789803
v 1.15486157 0.64844948 -7.29248953
v 1.24011505 0.51132107 -7.26241159
v 1.31481600 0.36710960 -7.23728085
v 1.37979484 0.21746065 -7.21668577
v 1.43531775 0.06345328 -7.20044708
v 1.47967601 -0.09448316 -7.18924665
v 1.51042902 -0.25577468 -7.18412161
v 1.52506912 -0.41922256 -7.18612432
v 1.52116835 -0.58283925 -7.19622374
v 1.49782407 -0.74402446 -7.21469450
v 1.45651662 -0.90039688 -7.24078751
v 1.39828527 -1.04981530 -7.27392912
v 1.32394993 -1.19015884 -7.31363821
v 1.23463786 -1.31949186 -7.35929728
v 1.13163412 -1.43606889 -7.41025639
v 1.01691103 -1.53896618 -7.46561766
v 0.89245188 -1.62774003 -7.52447748
v 0.75986940 -1.70181692 -7.58609152
v 0.62072068 -1.76076996 -7.64976883
v 0.47644114 -1.80393457 -7.71486521
v 0.32797426 -1.83016360 -7.78088999
v 0.17646860 -1.83830881 -7.84723806
v 0.02514763 -1.82650161 -7.91244698
v -0.12304631 -1.79298353 -7.97520351
v -0.26640505 -1.73903179 -8.03482533
v -0.40342271 -1.66769254 -8.09077740
v -0.53344655 -1.58191586 -8.14290237
v -0.65638810 -1.48433876 -8.19129848
v -0.77212018 -1.37670732 -8.23599720
v -0.87992758 -1.25970864 -8.27673149
v -0.97870654 -1.13364065 -8.31305695
v -1.06706154 -0.99881154 -8.34440613
v -1.14379847 -0.85596788 -8.37032604
v -1.20770574 -0.70606375 -8.39035511
v -1.25751519 -0.55023229 -8.40398026
v -1.29211271 -0.38989386 -8.41077137
v -1.30992866 -0.22667684 -8.41012478
v -1.30894232 -0.06267749 -8.40127754
v -1.28824425 0.09944150 -8.38401985
v -1.24906468 0.25723547 -8.35899353
v -1.19328451 0.40859398 -8.32707787
v -1.12286592 0.55198669 -8.28910255
v -1.03914487 0.68599617 -8.24562263
v -0.94394988 0.81001526 -8.19748020
v -0.83821577 0.92320055 -8.14524174
v -0.72227842 1.02412379 -8.08924866
v -0.59669822 1.11122775 -8.02992439
v -0.46243116 1.18250883 -7.96782970
v -0.32088450 1.23543632 -7.90365171
v -0.17423329 1.26955736 -7.83824873
v -0.06503977 1.28519595 -7.64673424
v 0.08731060 1.27988875 -7.58371019
v 0.23846044 1.25627649 -7.52226114
v 0.38682309 1.21495485 -7.46304274
v 0.53071654 1.15664315 -7.40672970
v 0.66852611 1.08237946 -7.35392904
v 0.79833740 0.99278110 -7.30538082
v 0.91820538 0.88824755 -7.26184464
v 1.02673006 0.77010858 -7.22380543
v 1.12354147 0.64066201 -7.19127989
v 1.20922172 0.50241882 -7.16388845
v 1.28469217 0.35746774 -7.14113617
v 1.35086906 0.20735696 -7.12256384
v 1.40791917 0.05300065 -7.10804510
v 1.45397234 -0.10528287 -7.09832478
v 1.48649013 -0.26698652 -7.09442997
v 1.50289679 -0.43098417 -7.09737349
v 1.50064206 -0.59535044 -7.10810518
v 1.47864413 -0.75749224 -7.12692595
v 1.43834507 -0.91499317 -7.15309858
v 1.38078165 -1.06567383 -7.18605566
v 1.30675673 -1.20736396 -7.22532892
v 1.21737707 -1.33804309 -7.27032614
v 1.11387527 -1.45583045 -7.32042265
v 0.99826378 -1.55971062 -7.37472486
v 0.87262869 -1.64921963 -7.43233204
v 0.73866528 -1.72378659 -7.49250078
v 0.59801060 -1.78304970 -7.55453300
v 0.45216125 -1.82645619 -7.61777973
v 0.30203959 -1.85285330 -7.68178368
v 0.14882232 -1.86083686 -7.74595594
v -0.00409435 -1.84852386 -7.80878448
v -0.15374100 -1.81438231 -7.86896181
v -0.29848582 -1.75972140 -7.92588568
v -0.43684858 -1.68763924 -7.97911072
v -0.56820720 -1.60118055 -8.02855015
v -0.69253111 -1.50307858 -8.07435417
v -0.80975491 -1.39512444 -8.11660290
v -0.91914326 -1.27793300 -8.15503120
v -1.01947665 -1.15166044 -8.18914890
v -1.10917175 -1.01647186 -8.21831608
v -1.18685770 -0.87304056 -8.24201584
v -1.25130570 -0.72238749 -8.25980377
v -1.30136001 -0.56577367 -8.27126503
v -1.33606815 -0.40471026 -8.27608967
v -1.35400200 -0.24084161 -8.27377987
v -1.35321510 -0.07620624 -8.26364994
v -1.33260202 0.08659446 -8.24541378
v -1.29331470 0.24511702 -8.21968365
v -1.23742270 0.39728534 -8.18742847
v -1.16726112 0.54183990 -8.14965820
v -1.08436978 0.67781699 -8.10703468
v -0.99022287 0.80459863 -8.06021500
v -0.88529015 0.92089075 -8.00951195
v -0.76961565 1.02468956 -7.95510817
v -0.64362663 1.11382329 -7.89734602
v -0.50829178 1.18582356 -7.83678913
v -0.36520943 1.23830104 -7.77422523
v -0.21677451 1.27132416 -7.71060514
v -0.10586220 1.28464937 -7.52116013
v 0.04823935 1.27892971 -7.46076536
v 0.20101219 1.25517118 -7.40213633
v 0.35091284 1.21364415 -7.34583139
v 0.49622887 1.15482664 -7.29247522
v 0.63527781 1.07967329 -7.24267197
v 0.76609242 0.98888046 -7.19716930
v 0.88674396 0.88302666 -7.15671396
v 0.99592471 0.76363438 -7.12173653
v 1.09338319 0.63313770 -7.09217072
v 1.17983782 0.49411505 -7.06754637
v 1.25633192 0.34864718 -7.04729557
v 1.32381177 0.19818845 -7.03093338
v 1.38235748 0.04352711 -7.01837492
v 1.43000567 -0.11508682 -7.01039076
v 1.46415043 -0.27719650 -7.00797558
v 1.48216760 -0.44173491 -7.01208305
v 1.48141038 -0.60683292 -7.02362442
v 1.46062481 -0.76990932 -7.04291296
v 1.42118347 -0.92851222 -7.06923485
v 1.36411417 -1.08041775 -7.10203981
v 1.29020262 -1.22340035 -7.14087391
v 1.20055079 -1.35535955 -7.18517256
v 1.09633851 -1.47427702 -7.23433256
v 0.97961450 -1.57903528 -7.28746462
v 0.85259014 -1.66916740 -7.34367180
v 0.71705782 -1.74412680 -7.40221214
v 0.57473433 -1.80361927 -7.46238422
v 0.42717257 -1.84718847 -7.52353716
v 0.27528301 -1.87368393 -7.58523798
v 0.12026822 -1.88152659 -7.64691782
v -0.03434070 -1.86885810 -7.70704794
v -0.18556397 -1.83434117 -7.76434422
v -0.33183506 -1.77926958 -7.81828022
v -0.47168446 -1.70672870 -7.86850309
v -0.60449773 -1.61981714 -7.91499138
v -0.73027170 -1.52133441 -7.95793247
v -0.84898365 -1.41311181 -7.99744415
v -0.95990241 -1.29573739 -8.03327179
v -1.06173551 -1.16927576 -8.06490135
v -1.15275443 -1.03377759 -8.09164333
v -1.23145425 -0.88985699 -8.11293697
v -1.29658937 -0.73857969 -8.12835884
v -1.34707749 -0.58129454 -8.13757515
v -1.38208914 -0.41958001 -8.14037895
v -1.40032268 -0.25509259 -8.13636875
v -1.39991212 -0.08981743 -8.12493992
v -1.37960696 0.07370909 -8.10575962
v -1.34043467 0.23304656 -8.07940388
v -1.28456306 0.38612738 -8.04689407
v -1.21458972 0.53187191 -8.00935936
v -1.13219464 0.66963404 -7.96753883
v -1.03856480 0.79874510 -7.92193794
v -0.93384463 0.91755390 -7.87268782
v -0.81790704 1.02363563 -7.81985855
v -0.69112015 1.11438262 -7.76373959
v -0.55448669 1.18700278 -7.70490217
v -0.40975794 1.23924053 -7.64421225
v -0.25948021 1.27152598 -7.58268261
v -0.14679453 1.28286684 -7.39562941
v 0.00914211 1.27689207 -7.33817005
v 0.16363211 1.25300026 -7.28265572
v 0.31514388 1.21121967 -7.22955656
v 0.46192575 1.15186048 -7.17945051
v 0.60225433 1.07587230 -7.13291979
v 0.73415995 0.98407632 -7.09069729
v 0.85578102 0.87723285 -7.05349636
v 0.96591711 0.75700766 -7.02169180
v 1.06438673 0.62587655 -6.99516106
v 1.15196323 0.48640975 -6.97338533
v 1.22973526 0.34064791 -6.95575905
v 1.29862297 0.18995517 -6.94179392
v 1.35863256 0.03503264 -6.93143654
v 1.40777600 -0.12389502 -6.92544508
v 1.44341004 -0.28640464 -6.92475796
v 1.46288157 -0.45147473 -6.93025255
v 1.46347320 -0.61728662 -6.94278145
v 1.44376636 -0.78127557 -6.96265507
v 1.40503168 -0.94095385 -6.98919630
v 1.34828293 -1.09404719 -7.02188063
v 1.27428770 -1.23826802 -7.06027460
v 1.18415904 -1.37144125 -7.10383749
v 1.07902384 -1.49140871 -7.15198612
v 0.96096313 -1.59694004 -7.20383692
v 0.83233619 -1.68758321 -7.25849676
v 0.69504714 -1.76283741 -7.31522608
v 0.55089188 -1.82247853 -7.37332249
v 0.40147507 -1.86613131 -7.43213606
v 0.24770451 -1.89265549 -7.49125290
v 0.09080626 -1.90037787 -7.55012465
v -0.06559143 -1.88750434 -7.60723734
v -0.21851520 -1.85286009 -7.66135073
v -0.36645269 -1.79767644 -7.71200895
v -0.50793040 -1.72496104 -7.75895405
v -0.64231801 -1.63782573 -7.80222607
v -0.76960987 -1.53910637 -7.84203339
v -0.88980639 -1.43066919 -7.87851954
v -1.00220490 -1.31312191 -7.91145277
v -1.10548317 -1.18648648 -7.94031286
v -1.19780982 -1.05072868 -7.96438646
v -1.27758801 -0.90641713 -7.98309088
v -1.34355700 -0.75464022 -7.99602270
v -1.39466763 -0.59679484 -8.00291252
v -1.43017590 -0.43450305 -8.00363731
v -1.44889081 -0.26942977 -7.99789047
v -1.44903362 -0.10351107 -7.98514700
v -1.42925918 0.06078537 -7.96505785
v -1.39042461 0.22102410 -7.93815565
v -1.33470547 0.37512004 -7.90547419
v -1.26485169 0.52208281 -7.86820745
v -1.18261945 0.66144723 -7.82713413
v -1.08897555 0.79245466 -7.78264952
v -0.98387915 0.91318989 -7.73476887
v -0.86715239 1.02096200 -7.68349934
v -0.73917884 1.11290574 -7.62910509
v -0.60101593 1.18604624 -7.57216835
v -0.45453006 1.23825467 -7.51361370
v -0.30235043 1.27016282 -7.45448160
v -0.18783677 1.27984834 -7.27014208
v -0.02998112 1.27377558 -7.21592474
v 0.12632023 1.24976361 -7.16381836
v 0.27951622 1.20768130 -7.11421919
v 0.42780712 1.14774489 -7.06765461
v 0.56945568 1.07097638 -7.02467346
v 0.70253998 0.97836870 -6.98596525
v 0.82531643 0.87086618 -6.95219135
v 0.93670732 0.75022840 -6.92367125
v 1.03655207 0.61887854 -6.90025139
v 1.12559807 0.47930291 -6.88140488
v 1.20490229 0.33346996 -6.86652613
v 1.27530253 0.18265709 -6.85514593
v 1.33674455 0.02751726 -6.84722996
v 1.38728321 -0.13170746 -6.84348726
v 1.42426872 -0.29461095 -6.84477711
v 1.44503880 -0.46020368 -6.85188293
v 1.44683075 -0.62671155 -6.86557627
v 1.42806876 -0.79159105 -6.88615227
v 1.38988972 -0.95231819 -6.91298342
v 1.33328795 -1.10656202 -6.94557858
v 1.25901186 -1.25196695 -6.98352957
v 1.16820180 -1.38628829 -7.02632046
v 1.06193125 -1.50722539 -7.07338333
v 0.94230968 -1.61342514 -7.12384176
v 0.81186682 -1.70446706 -7.17680693
v 0.67263305 -1.77991843 -7.23154211
v 0.52648324 -1.83962750 -7.28734779
v 0.37506875 -1.88328481 -7.34357738
v 0.21930405 -1.90976799 -7.39982891
v 0.06043646 -1.91739070 -7.45557547
v -0.09784654 -1.90446258 -7.50935268
v -0.25259471 -1.86993909 -7.55998087
v -0.40233877 -1.81494176 -7.60707188
v -0.54558641 -1.74233639 -7.65046406
v -0.68166810 -1.65520620 -7.69025517
v -0.81054556 -1.55639434 -7.72665691
v -0.93222314 -1.44779670 -7.75983000
v -1.04605079 -1.33008659 -7.78957415
v -1.15071964 -1.20329273 -7.81538486
v -1.24433780 -1.06732523 -7.83654642
v -1.32525909 -0.92272097 -7.85247660
v -1.39220834 -0.77056926 -7.86279345
v -1.44413030 -0.61227465 -7.86727428
v -1.48032820 -0.44947940 -7.86586666
v -1.49970627 -0.28385311 -7.85834503
v -1.50057960 -0.11728714 -7.84427166
v -1.48155868 0.04782331 -7.82330847
v -1.44328463 0.20904961 -7.79593849
v -1.38784993 0.36426336 -7.76316929
v -1.31804717 0.51247263 -7.72620153
v -1.23564422 0.65325660 -7.68582010
v -1.14145517 0.78572720 -7.64235067
v -1.03539383 0.90779871 -7.59575510
v -0.91735184 1.01666880 -7.54603100
v -0.78780264 1.10939252 -7.49344254
v -0.64787942 1.18295419 -7.43858814
v -0.49952579 1.23534358 -7.38242865
v -0.34538513 1.26723456 -7.32600164
v -0.22898890 1.27559376 -7.14469862
v -0.06913035 1.26958036 -7.09402943
v 0.08907650 1.24546146 -7.04562521
v 0.24402985 1.20302916 -6.99981833
v 0.39387304 1.14247954 -6.95708895
v 0.53688192 1.06498551 -6.91793156
v 0.67123264 0.97175765 -6.88297272
v 0.79535025 0.86392671 -6.85279894
v 0.90829533 0.74329656 -6.82767439
v 1.00987935 0.61214375 -6.80744171
v 1.10074222 0.47279453 -6.79160595
v 1.18183279 0.32711330 -6.77959728
v 1.25385046 0.17629422 -6.77098942
v 1.31669331 0.02098096 -6.76575565
v 1.36852729 -0.13852416 -6.76451778
v 1.40672672 -0.30181539 -6.76803350
v 1.42863917 -0.46792173 -6.77697325
v 1.43148291 -0.63510776 -6.79200888
v 1.41353178 -0.80085576 -6.81340456
v 1.37575769 -0.96260518 -6.84059572
v 1.31912911 -1.11796224 -6.87313366
v 1.24437511 -1.26449704 -6.91063976
v 1.15267897 -1.39990056 -6.95262146
v 1.04506063 -1.52172720 -6.99852419
v 0.92365408 -1.62849033 -7.04747963
v 0.79118204 -1.71981907 -7.09860229
v 0.64981574 -1.79536998 -7.15116024
v 0.50150841 -1.85506618 -7.20446014
v 0.34795359 -1.89864898 -7.25786114
v 0.19008167 -1.92502129 -7.31096506
v 0.02915881 -1.93256521 -7.36327076
v -0.13110603 -1.91973281 -7.41339397
v -0.28780249 -1.88557816 -7.46023464
v -0.43949327 -1.83106577 -7.50346851
v -0.58465248 -1.75885451 -7.54303265
v -0.72254807 -1.67195868 -7.57907772
v -0.85307890 -1.57319844 -7.61180353
v -0.97623390 -1.46449447 -7.64137506
v -1.09143996 -1.34663129 -7.66763592
v -1.19744492 -1.21969438 -7.69011641
v -1.29233849 -1.08356702 -7.70812273
v -1.37446749 -0.93876851 -7.72109413
v -1.44254363 -0.78636664 -7.72867155
v -1.49546564 -0.62773401 -7.73066282
v -1.53254616 -0.46450910 -7.72706556
v -1.55276918 -0.29836267 -7.71773291
v -1.55454981 -0.13114566 -7.70231390
v -1.53650558 0.03482291 -7.68051147
v -1.49901462 0.19712314 -7.65275192
v -1.44399655 0.35355732 -7.61997890
v -1.37417603 0.50304127 -7.58334112
v -1.29126906 0.64506209 -7.54359770
v -1.19600368 0.77856284 -7.50104046
v -1.08838856 0.90138048 -7.45564747
v -0.96850538 1.01075602 -7.40745306
v -0.83699161 1.10384309 -7.35675144
v -0.69507724 1.17772663 -7.30416155
v -0.54474509 1.23050725 -7.25065756
v -0.38858432 1.26274145 -7.19724321
v -0.27025095 1.27010334 -7.01929808
v -0.10830557 1.26430655 -6.97248363
v 0.05190096 1.24009359 -6.92807531
v 0.20868477 1.19726324 -6.88635492
v 0.36012346 1.13606477 -6.84775209
v 0.50453299 1.05789983 -6.81269550
v 0.64023781 0.96424311 -6.78172016
v 0.76588255 0.85641432 -6.75531960
v 0.88068116 0.73621225 -6.73370123
v 0.98436838 0.60567206 -6.71673155
v 1.07739592 0.46688461 -6.70398760
v 1.16052675 0.32157797 -6.69497204
v 1.23426688 0.17086656 -6.68932438
v 1.29847896 0.01542375 -6.68701315
v 1.35150838 -0.14434510 -6.68853617
v 1.39078391 -0.30801800 -6.69452667
v 1.41368270 -0.47462890 -6.70552397
v 1.41742969 -0.64247519 -6.72207975
v 1.40015566 -0.80906969 -6.74441195
v 1.36263549 -0.97181487 -6.77203369
v 1.30580652 -1.12824786 -6.80454540
v 1.23037755 -1.27585852 -6.84160519
v 1.13759065 -1.41227818 -6.88274097
v 1.02841222 -1.53491414 -6.92740870
v 0.90499645 -1.64213586 -6.97474957
v 0.77028191 -1.73363924 -7.02388287
v 0.62659508 -1.80919206 -7.07408094
v 0.47596741 -1.86879456 -7.12465954
v 0.32012963 -1.91222382 -7.17498732
v 0.16003735 -1.93841553 -7.22466278
v -0.00302668 -1.94590127 -7.27321053
v -0.16536990 -1.93331516 -7.31936121
v -0.32413855 -1.89977741 -7.36211300
v -0.47791618 -1.84604824 -7.40119934
v -0.62512863 -1.77451563 -7.43666029
v -0.76495779 -1.68808317 -7.46869421
v -0.89720976 -1.58951855 -7.49747276
v -1.02183867 -1.48076224 -7.52315474
v -1.13837254 -1.36275601 -7.54563761
v -1.24565899 -1.23569155 -7.56450796
v -1.34181178 -1.09945428 -7.57911491
v -1.42521310 -0.95455974 -7.58894396
v -1.49456275 -0.80203247 -7.59365749
v -1.54867363 -0.64317280 -7.59307671
v -1.58682978 -0.47959208 -7.58723545
v -1.60807943 -0.31295839 -7.57605410
v -1.61094439 -0.14508662 -7.55927324
v -1.59409964 0.02178417 -7.53666687
v -1.55761456 0.18524465 -7.50859642
v -1.50314522 0.34300193 -7.47590303
v -1.43323827 0.49378884 -7.43962669
v -1.34949386 0.63686377 -7.40046597
v -1.25262105 0.77096158 -7.35871935
v -1.14286339 0.89393508 -7.31444502
v -1.02061296 1.00322366 -7.26776600
v -0.88674575 1.09625733 -7.21903276
v -0.74260932 1.17036331 -7.16888809
v -0.59018803 1.22374558 -7.11830091
v -0.43194801 1.25668323 -7.06820583
v -0.31048101 1.26414859 -6.89364433
v -0.14648037 1.25858879 -6.85106516
v 0.01570274 1.23422670 -6.81099272
v 0.17428756 1.19093478 -6.77366638
v 0.32728609 1.12906659 -6.73946857
v 0.47307312 1.05029190 -6.70874739
v 0.61015046 0.95636439 -6.68193054
v 0.73740733 0.84878105 -6.65940189
v 0.85421312 0.72929662 -6.64131498
v 0.96019167 0.59964573 -6.62757635
v 1.05555236 0.46163779 -6.61786270
v 1.14082158 0.31684712 -6.61177731
v 1.21627581 0.16631515 -6.60903883
v 1.28175199 0.01077357 -6.60960531
v 1.33582067 -0.14923890 -6.61382866
v 1.37599385 -0.31326929 -6.62220383
v 1.39970434 -0.48034561 -6.63513565
v 1.40421450 -0.64879525 -6.65304279
v 1.38753211 -0.81616968 -6.67609215
v 1.35021484 -0.97984189 -6.70388126
v 1.29315388 -1.13728154 -6.73606443
v 1.21702623 -1.28589737 -6.77233744
v 1.12312829 -1.42326224 -6.81225252
v 1.01236761 -1.54663467 -6.85527611
v 0.88691521 -1.65423501 -6.90057039
v 0.74993306 -1.74583089 -6.94726658
v 0.60390693 -1.82130551 -6.99464941
v 0.45094502 -1.88072813 -7.04205465
v 0.29281533 -1.92389631 -7.08886814
v 0.13051106 -1.94978881 -7.13468552
v -0.03466619 -1.95714760 -7.17906141
v -0.19906527 -1.94481862 -7.22086859
v -0.35989925 -1.91196799 -7.25921774
v -0.51576364 -1.85913086 -7.29389572
v -0.66502833 -1.78839517 -7.32503271
v -0.80678076 -1.70252895 -7.35286379
v -0.94071889 -1.60422361 -7.37752295
v -1.06675088 -1.49543369 -7.39915514
v -1.18452036 -1.37728393 -7.41771841
v -1.29300094 -1.25010228 -7.43286943
v -1.39036036 -1.11379623 -7.44402122
v -1.47504425 -0.96888626 -7.45072317
v -1.54573905 -0.81633729 -7.45266151
v -1.60114598 -0.65735120 -7.44966078
v -1.64049542 -0.49349612 -7.44177389
v -1.66288865 -0.32643425 -7.42897892
v -1.66695690 -0.15794770 -7.41110563
v -1.65147102 0.00980603 -7.38801622
v -1.61617053 0.17443177 -7.36000204
v -1.56238806 0.33352765 -7.32777452
v -1.49241209 0.48558313 -7.29222202
v -1.40767896 0.62953472 -7.25395679
v -1.30892622 0.76388645 -7.21330643
v -1.19672382 0.88657379 -7.17045164
v -1.07184803 0.99533594 -7.12563133
v -0.93545622 1.08799314 -7.07926273
v -0.78902465 1.16220176 -7.03200722
v -0.63451385 1.21624863 -6.98480129
v -0.47423211 1.25003695 -6.93848419
v -0.34631431 1.26000345 -6.76686192
v -0.18063015 1.25429833 -6.72912073
v -0.01683910 1.22953033 -6.69385576
v 0.14321497 1.18566847 -6.66127729
v 0.29750514 1.12315357 -6.63171816
v 0.44445947 1.04384911 -6.60544872
v 0.58272338 0.94971043 -6.58278799
v 0.71138072 0.84235889 -6.56401396
v 0.82991791 0.72349644 -6.54922581
v 0.93785697 0.59460121 -6.53836775
v 1.03519225 0.45724452 -6.53120613
v 1.12223732 0.31287128 -6.52743816
v 1.19906425 0.16246620 -6.52685738
v 1.26548290 0.00681815 -6.52941561
v 1.32026899 -0.15340769 -6.53534222
v 1.36104119 -0.31771818 -6.54501772
v 1.38533306 -0.48513195 -6.55873585
v 1.39049184 -0.65401286 -6.57680988
v 1.37445831 -0.82196981 -6.59936428
v 1.33758664 -0.98637611 -6.62607336
v 1.28068137 -1.14465904 -6.65663958
v 1.20434225 -1.29416025 -6.69079208
v 1.10985601 -1.43238461 -6.72811270
v 0.99805188 -1.55644274 -6.76809978
v 0.87111527 -1.66441524 -6.80996656
v 0.73239481 -1.75610948 -6.85289192
v 0.58450884 -1.83147764 -6.89620399
v 0.42963785 -1.89061797 -6.93928623
v 0.26960126 -1.93333399 -6.98156786
v 0.10545125 -1.95866406 -7.02266121
v -0.06147562 -1.96556413 -7.06216288
v -0.22755727 -1.95309210 -7.09909725
v -0.39006460 -1.92047477 -7.13269854
v -0.54760230 -1.86807871 -7.16279173
v -0.69849819 -1.79776931 -7.18954277
v -0.84177989 -1.71220052 -7.21319485
v -0.97706634 -1.61398065 -7.23385429
v -1.10423291 -1.50507128 -7.25165510
v -1.22302246 -1.38674700 -7.26660490
v -1.33251405 -1.25944400 -7.27843237
v -1.43091977 -1.12308431 -7.28662634
v -1.51673639 -0.97818685 -7.29080534
v -1.58862758 -0.82565844 -7.29068899
v -1.64519691 -0.66661555 -7.28610754
v -1.68563592 -0.50258994 -7.27712154
v -1.70909762 -0.33523625 -7.26375008
v -1.71431768 -0.16630395 -7.24589205
v -1.70016193 0.00212681 -7.22348166
v -1.66609526 0.16768321 -7.19674301
v -1.61315656 0.32787627 -7.16625929
v -1.54338241 0.48098156 -7.13276958
v -1.45804632 0.62564796 -7.09679461
v -1.35790241 0.76017570 -7.05867243
v -1.24379814 0.88257086 -7.01867008
v -1.11682820 0.99081844 -6.97710562
v -0.97838247 1.08305204 -6.93442774
v -0.83004701 1.15718257 -6.89127874
v -0.67377216 1.21152258 -6.84852076
v -0.51177049 1.24568152 -6.80688524
v -0.37753123 1.25781631 -6.63889408
v -0.21055746 1.25155723 -6.60660744
v -0.04554967 1.22611332 -6.57663155
v 0.11562219 1.18157053 -6.54915619
v 0.27092060 1.11843455 -6.52446651
v 0.41881984 1.03868151 -6.50275660
v 0.55807114 0.94438499 -6.48423910
v 0.68789768 0.83723462 -6.46908808
v 0.80786240 0.71887338 -6.45735073
v 0.91739744 0.59057373 -6.44900084
v 1.01631427 0.45371723 -6.44388533
v 1.10474265 0.30964726 -6.44178677
v 1.18257916 0.15930840 -6.44256639
v 1.24960458 0.00354363 -6.44617558
v 1.30477500 -0.15686470 -6.45274830
v 1.34584010 -0.32137439 -6.46257210
v 1.37047946 -0.48899192 -6.47586393
v 1.37617385 -0.65812451 -6.49285221
v 1.36085570 -0.82645780 -6.51363468
v 1.32469165 -0.99139714 -6.53795338
v 1.26835692 -1.15035391 -6.56554985
v 1.19232702 -1.30061746 -6.59618282
v 1.09781075 -1.43961477 -6.62947083
v 0.98553854 -1.56430900 -6.66496420
v 0.85770798 -1.67265213 -6.70196056
v 0.71781468 -1.76445663 -6.73972464
v 0.56858075 -1.83969331 -6.77765751
v 0.41225460 -1.89844763 -6.81522036
v 0.25072181 -1.94051480 -6.85191441
v 0.08511569 -1.96501005 -6.88739061
v -0.08317531 -1.97110224 -6.92129612
v -0.25054336 -1.95806026 -6.95281887
v -0.41430685 -1.92518818 -6.98132420
v -0.57307738 -1.87274575 -7.00666142
v -0.72515607 -1.80246019 -7.02897692
v -0.86954802 -1.71689570 -7.04848719
v -1.00582516 -1.61857200 -7.06528568
v -1.13384497 -1.50945067 -7.07949781
v -1.25343120 -1.39091861 -7.09116983
v -1.36374414 -1.26348937 -7.10010242
v -1.46302879 -1.12708938 -7.10587168
v -1.54981780 -0.98222899 -7.10817051
v -1.62274218 -0.82975930 -7.10676050
v -1.68032467 -0.67072731 -7.10148335
v -1.72173476 -0.50663656 -7.09239388
v -1.74617767 -0.33913240 -7.07953405
v -1.75248682 -0.16993175 -7.06285477
v -1.73962057 -0.00104210 -7.04234076
v -1.70682812 0.16519472 -7.01815176
v -1.65489113 0.32622680 -6.99074841
v -1.58560634 0.48015115 -6.96072340
v -1.50008798 0.62537128 -6.92850399
v -1.39909160 0.76001459 -6.89441633
v -1.28368342 0.88214010 -6.85877419
v -1.15520203 0.98991436 -6.82193136
v -1.01521492 1.08169520 -6.78433037
v -0.86539739 1.15556288 -6.74655533
v -0.70770496 1.20979631 -6.70935154
v -0.54432380 1.24380469 -6.67333031
v -0.40413174 1.25758719 -6.50973988
v -0.23626232 1.25036538 -6.48352480
v -0.07042898 1.22397590 -6.45931911
v 0.09150920 1.17864072 -6.43730307
v 0.24753249 1.11490965 -6.41771460
v 0.39615425 1.03478909 -6.40067244
v 0.53619373 0.94038808 -6.38628483
v 0.66695827 0.83340836 -6.37462425
v 0.78804666 0.71542758 -6.36568880
v 0.89881307 0.58756310 -6.35947609
v 0.99891859 0.45105591 -6.35590076
v 1.08833754 0.30717498 -6.35482264
v 1.16682053 0.15684173 -6.35616541
v 1.23411679 0.00095001 -6.35988474
v 1.28933895 -0.15960991 -6.36604548
v 1.33039045 -0.32423791 -6.37486792
v 1.35514367 -0.49192545 -6.38651896
v 1.36126065 -0.66113019 -6.40117073
v 1.34672451 -0.82963371 -6.41890383
v 1.31152987 -0.99490505 -6.43952131
v 1.25618064 -1.15436602 -6.46279478
v 1.18098044 -1.30526912 -6.48850965
v 1.08699238 -1.44495273 -6.51632690
v 0.97482753 -1.57023370 -6.54586840
v 0.84669328 -1.67894578 -6.57655287
v 0.70619267 -1.77087212 -6.60776329
v 0.55612278 -1.84595251 -6.63900900
v 0.39879522 -1.90421724 -6.66985703
v 0.23617700 -1.94543910 -6.69990873
v 0.06950440 -1.96882677 -6.72887278
v -0.09976526 -1.97376215 -6.75646114
v -0.26802349 -1.95972323 -6.78203392
v -0.43262598 -1.92610824 -6.80509520
v -0.59218884 -1.87313211 -6.82550573
v -0.74500191 -1.80246782 -6.84333420
v -0.89008504 -1.71661437 -6.85874033
v -1.02699542 -1.61799777 -6.87181711
v -1.15558684 -1.50857174 -6.88268280
v -1.27574635 -1.38979900 -6.89141273
v -1.38669121 -1.26223838 -6.89787960
v -1.48668754 -1.12581134 -6.90175772
v -1.57428849 -0.98101276 -6.90281868
v -1.64808309 -0.82863998 -6.90087652
v -1.70652926 -0.66968656 -6.89578772
v -1.74879205 -0.50563598 -6.88759089
v -1.77412891 -0.33812270 -6.87633181
v -1.78146434 -0.16883111 -6.86199379
v -1.76984680 0.00029930 -6.84459305
v -1.73836935 0.16696627 -6.82422829
v -1.68759179 0.32857922 -6.80124187
v -1.61908376 0.48309180 -6.77608347
v -1.53380406 0.62870485 -6.74908543
v -1.43249381 0.76340306 -6.72053909
v -1.31637979 0.88528156 -6.69076300
v -1.18696964 0.99262381 -6.66010857
v -1.04595363 1.08392262 -6.62897158
v -0.89507568 1.15734279 -6.59783697
v -0.73631233 1.21106982 -6.56729412
v -0.57189214 1.24440670 -6.53781986
v -0.42611581 1.25931621 -6.37940073
v -0.25774473 1.25072289 -6.35987329
v -0.09147703 1.22311795 -6.34191847
v 0.07087600 1.17687917 -6.32571745
v 0.22734077 1.11257875 -6.31146145
v 0.37646270 1.03217196 -6.29919529
v 0.51709104 0.93771964 -6.28892374
v 0.64856243 0.83088005 -6.28062248
v 0.77047068 0.71315891 -6.27424049
v 0.88210386 0.58556944 -6.26979303
v 0.98300505 0.44926056 -6.26725149
v 1.07302189 0.30545452 -6.26654673
v 1.15178835 0.15506619 -6.26765490
v 1.21901977 -0.00096272 -6.27054358
v 1.27396083 -0.16164333 -6.27523518
v 1.31469226 -0.32630873 -6.28190517
v 1.33932555 -0.49393257 -6.29070139
v 1.34575224 -0.66302979 -6.30176449
v 1.33206451 -0.83149755 -6.31517172
v 1.29810119 -0.99689990 -6.33077669
v 1.24415243 -1.15669549 -6.34837484
v 1.17030251 -1.30811512 -6.36777210
v 1.07740104 -1.44839847 -6.38868093
v 0.96591890 -1.57421672 -6.41081285
v 0.83807117 -1.68329608 -6.43374300
v 0.69752878 -1.77535605 -6.45700932
v 0.54713482 -1.85025525 -6.48025894
v 0.38925979 -1.90792680 -6.50319624
v 0.22596680 -1.94810653 -6.52555037
v 0.05861736 -1.97011435 -6.54710817
v -0.11124546 -1.97354376 -6.56765795
v -0.27999768 -1.95808089 -6.58674192
v -0.44502202 -1.92323506 -6.60401106
v -0.60493678 -1.86923766 -6.61932421
v -0.75803578 -1.79779220 -6.63261557
v -0.90339112 -1.71135664 -6.64395523
v -1.04057705 -1.61225796 -6.65344858
v -1.16945863 -1.50243461 -6.66121054
v -1.28996813 -1.38338792 -6.66733408
v -1.40135515 -1.25569105 -6.67176390
v -1.50189602 -1.11925042 -6.67428350
v -1.59014845 -0.97453821 -6.67474937
v -1.66465008 -0.82230049 -6.67303610
v -1.72381067 -0.66349322 -6.66902018
v -1.76680779 -0.49958813 -6.66271210
v -1.79295111 -0.33220714 -6.65414238
v -1.80125022 -0.16300203 -6.64330864
v -1.79084063 0.00615103 -6.63023901
v -1.76071882 0.17299791 -6.61497307
v -1.71125865 0.33493355 -6.59773922
v -1.64381492 0.48980361 -6.57885027
v -1.55919445 0.63564849 -6.55853891
v -1.45810902 0.77034122 -6.53703976
v -1.34188700 0.89199513 -6.51463747
v -1.21213090 0.99894667 -6.49163771
v -1.07059872 1.08973432 -6.46835041
v -0.91908193 1.16252232 -6.44512463
v -0.75959420 1.21534324 -6.42234802
v -0.59447539 1.24748719 -6.40035391
v -0.44348350 1.26300323 -6.24787521
v -0.27500466 1.25262976 -6.23565292
v -0.10869382 1.22353935 -6.22443056
v 0.05372260 1.17628586 -6.21440029
v 0.21034548 1.11144197 -6.20570755
v 0.35974514 1.03083014 -6.19832563
v 0.50076312 0.93637973 -6.19215727
v 0.63271022 0.82964975 -6.18708229
v 0.75513440 0.71206748 -6.18300581
v 0.86726975 0.58459270 -6.17995167
v 0.96857375 0.44833121 -6.17793894
v 1.05879593 0.30448583 -6.17695856
v 1.13748252 0.15398179 -6.17703438
v 1.20431340 -0.00219454 -6.17815161
v 1.25864041 -0.16296495 -6.18031645
v 1.29874563 -0.32758689 -6.18368340
v 1.32302511 -0.49501330 -6.18841124
v 1.32964849 -0.66382349 -6.19463396
v 1.31687570 -0.83204925 -6.20243835
v 1.28440583 -0.99738157 -6.21171951
v 1.23227239 -1.15734220 -6.22228956
v 1.16029334 -1.30915546 -6.23397064
v 1.06903660 -1.44995201 -6.24653196
v 0.95881265 -1.57625806 -6.25979757
v 0.83184165 -1.68570316 -6.27353048
v 0.69182295 -1.77790833 -6.28746176
v 0.54161692 -1.85260153 -6.30140686
v 0.38364822 -1.90957630 -6.31523848
v 0.22009122 -1.94851744 -6.32883930
v 0.05245457 -1.96887279 -6.34209728
v -0.11761592 -1.97044706 -6.35488701
v -0.28646594 -1.95313323 -6.36694336
v -0.45149493 -1.91656852 -6.37807226
v -0.61132115 -1.86106253 -6.38811684
v -0.76425767 -1.78843319 -6.39682055
v -0.90946615 -1.70112252 -6.40413046
v -1.04657006 -1.60135257 -6.41018009
v -1.17546046 -1.49103916 -6.41508055
v -1.29609632 -1.37168562 -6.41893387
v -1.40773618 -1.24384725 -6.42175531
v -1.50865400 -1.10740650 -6.42344952
v -1.59739769 -0.96280515 -6.42396355
v -1.67244315 -0.81074077 -6.42323971
v -1.73216891 -0.65214735 -6.42118216
v -1.77578211 -0.48849306 -6.41775751
v -1.80264449 -0.32138574 -6.41296625
v -1.81184447 -0.15244450 -6.40680027
v -1.80260193 0.01651306 -6.39927816
v -1.77387643 0.18328960 -6.39038563
v -1.72589159 0.34528977 -6.38024044
v -1.65979970 0.50028652 -6.36902332
v -1.57625926 0.64620239 -6.35686445
v -1.47593725 0.78082895 -6.34391880
v -1.36020529 0.90228087 -6.33039761
v -1.23068583 1.00888300 -6.31651783
v -1.08914995 1.09913027 -6.30246782
v -0.93741614 1.17110145 -6.28841734
v -0.77755064 1.22261631 -6.27451324
v -0.61207366 1.25304651 -6.26093197
v -0.45623478 1.26864839 -6.11516428
v -0.28804216 1.25608599 -6.11086369
v -0.12207934 1.22524035 -6.10685396
v 0.04004899 1.17686081 -6.10335112
v 0.19654657 1.11149931 -6.10045290
v 0.34600163 1.03076363 -6.09806299
v 0.48721004 0.93636835 -6.09598446
v 0.61940163 0.82971746 -6.09400415
v 0.74203795 0.71215320 -6.09198475
v 0.85431087 0.58463287 -6.08995247
v 0.95562458 0.44826782 -6.08796167
v 1.04565954 0.30426890 -6.08605766
v 1.12390327 0.15358853 -6.08430433
v 1.18999767 -0.00274548 -6.08270931
v 1.24337792 -0.16357478 -6.08128929
v 1.28255045 -0.32807234 -6.08020306
v 1.30624235 -0.49516761 -6.07964802
v 1.31294954 -0.66351110 -6.07977915
v 1.30115819 -0.83128893 -6.08070326
v 1.27044368 -0.99635017 -6.08235073
v 1.22054040 -1.15630627 -6.08453941
v 1.15095282 -1.30839026 -6.08710480
v 1.06189907 -1.44961333 -6.08988142
v 0.95350873 -1.57635784 -6.09282303
v 0.82800478 -1.68616688 -6.09591627
v 0.68907529 -1.77852917 -6.09912109
v 0.53956908 -1.85299122 -6.10245371
v 0.38196057 -1.90916574 -6.10598326
v 0.21855026 -1.94667161 -6.10977554
v 0.05101604 -1.96510196 -6.11383915
v -0.11887664 -1.96447206 -6.11814737
v -0.28742826 -1.94488037 -6.12263727
v -0.45204476 -1.90610874 -6.12727880
v -0.61134201 -1.84860671 -6.13188362
v -0.76366752 -1.77439106 -6.13594866
v -0.90831017 -1.68591201 -6.13926744
v -1.04497457 -1.58528149 -6.14201164
v -1.17359221 -1.47438550 -6.14429331
v -1.29413104 -1.35469198 -6.14621210
v -1.40583408 -1.22670710 -6.14785385
v -1.50696182 -1.09027958 -6.14925623
v -1.59603620 -0.94581378 -6.15046024
v -1.67146242 -0.79396081 -6.15148783
v -1.73160398 -0.63564891 -6.15227222
v -1.77571476 -0.47235075 -6.15272760
v -1.80320895 -0.30565846 -6.15280342
v -1.81324708 -0.13715851 -6.15246773
v -1.80513096 0.03138541 -6.15171099
v -1.77784228 0.19784136 -6.15046597
v -1.73149061 0.35964790 -6.14874649
v -1.66703808 0.51454055 -6.14660263
v -1.58499849 0.66036642 -6.14406204
v -1.48597860 0.79486632 -6.14117575
v -1.37133443 0.91613877 -6.13804245
v -1.24263453 1.02243280 -6.13474989
v -1.10160744 1.11211038 -6.13132286
v -0.95007825 1.18308008 -6.12771559
v -0.79018158 1.23288929 -6.12379074
v -0.62468690 1.26108444 -6.11955404
v -0.46436965 1.27625144 -5.98126745
v -0.29685718 1.26109147 -5.98550510
v -0.13163358 1.22822082 -5.98919010
v 0.02985518 1.17860401 -5.99256992
v 0.18594408 1.11275053 -5.99569750
v 0.33523214 1.03197229 -5.99840784
v 0.47643173 0.93768543 -6.00040579
v 0.60863662 0.83108306 -6.00138855
v 0.73118120 0.71341616 -6.00117683
v 0.84322715 0.58569002 -5.99979496
v 0.94415766 0.44907042 -5.99732065
v 1.03361273 0.30480379 -5.99384451
v 1.11105037 0.15388639 -5.98946428
v 1.17607260 -0.00261551 -5.98421621
v 1.22817338 -0.16347282 -5.97815418
v 1.26610684 -0.32776511 -5.97146368
v 1.28897727 -0.49439552 -5.96441269
v 1.29565525 -0.66209280 -5.95720005
v 1.28491199 -0.82921648 -5.94996691
v 1.25621474 -0.99380559 -5.94266939
v 1.20895660 -1.15358770 -5.93512440
v 1.14228106 -1.30581939 -5.92717552
v 1.05598855 -1.44738245 -5.91872835
v 0.95000714 -1.57451582 -5.90988827
v 0.82656044 -1.68468738 -5.90089989
v 0.68928570 -1.77721834 -5.89198685
v 0.54099125 -1.85142446 -5.88339901
v 0.38419682 -1.90669513 -5.87543058
v 0.22134393 -1.94256902 -5.86835909
v 0.05430176 -1.95880187 -5.86233473
v -0.11502761 -1.95561886 -5.85743999
v -0.28288463 -1.93332219 -5.85382462
v -0.44667149 -1.89185560 -5.85163069
v -0.60499924 -1.83187008 -5.85062456
v -0.75626534 -1.75566554 -5.85000086
v -0.89992315 -1.66572511 -5.84936571
v -1.03579032 -1.56404471 -5.84894276
v -1.16385388 -1.45247364 -5.84884834
v -1.28407240 -1.33240688 -5.84916830
v -1.39564896 -1.20427060 -5.85005951
v -1.49681926 -1.06786966 -5.85170317
v -1.58606398 -0.92356402 -5.85423994
v -1.66170788 -0.77196062 -5.85777998
v -1.72211599 -0.61399788 -5.86229086
v -1.76660585 -0.45116118 -5.86762190
v -1.79464447 -0.28502533 -5.87365389
v -1.80545807 -0.11714409 -5.88031101
v -1.79842746 0.05076808 -5.88753748
v -1.77261651 0.21665318 -5.89521408
v -1.72805583 0.37800792 -5.90325642
v -1.66553009 0.53256565 -5.91158819
v -1.58541203 0.67814064 -5.92013168
v -1.48823285 0.81245333 -5.92881155
v -1.37527466 0.93356884 -5.93757343
v -1.24797690 1.03959608 -5.94633341
v -1.10797119 1.12867486 -5.95491648
v -0.95706832 1.19845831 -5.96301937
v -0.79748708 1.24616218 -5.97017908
v -0.63231504 1.27160120 -5.97622061
v -0.46787378 1.28588939 -5.84625196
v -0.30143264 1.26773274 -5.85962582
v -0.13733612 1.23257375 -5.87147093
v 0.02316468 1.18161118 -5.88207579
v 0.17856349 1.11529088 -5.89144850
v 0.32746294 1.03454864 -5.89935637
v 0.46845481 0.94042170 -5.90540934
v 0.60044283 0.83383757 -5.90921593
v 0.72259450 0.71594983 -5.91056108
v 0.83405334 0.58786196 -5.90945816
v 0.93421364 0.45084193 -5.90599775
v 1.02270341 0.30619851 -5.90030956
v 1.09897983 0.15498818 -5.89251709
v 1.16260290 -0.00168779 -5.88269138
v 1.21310139 -0.16253887 -5.87094879
v 1.24949992 -0.32654276 -5.85752583
v 1.27132428 -0.49257350 -5.84278822
v 1.27786636 -0.65944463 -5.82700586
v 1.26823914 -0.82570797 -5.81036425
v 1.24181771 -0.98962283 -5.79283714
v 1.19761217 -1.14905858 -5.77423334
v 1.13435900 -1.30131030 -5.75440121
v 1.05137515 -1.44312024 -5.73332405
v 0.94836777 -1.57058573 -5.71127796
v 0.82755905 -1.68111038 -5.68879890
v 0.69249666 -1.77381468 -5.66641045
v 0.54592019 -1.84773493 -5.64462566
v 0.39038989 -1.90199649 -5.62399483
v 0.22850278 -1.93604422 -5.60503149
v 0.06234062 -1.94981265 -5.58804846
v -0.10604171 -1.94373620 -5.57324886
v -0.27281034 -1.91831982 -5.56100464
v -0.43535370 -1.87368536 -5.55163527
v -0.59227651 -1.81074476 -5.54485178
v -0.74204117 -1.73216045 -5.53949261
v -0.88430077 -1.64047205 -5.53494787
v -1.01901698 -1.53755677 -5.53150463
v -1.14624691 -1.42522013 -5.52928162
v -1.26592278 -1.30474865 -5.52834129
v -1.37718415 -1.17645729 -5.52891016
v -1.47823036 -1.04009771 -5.53132486
v -1.56748652 -0.89597857 -5.53583050
v -1.64318717 -0.74466503 -5.54263306
v -1.70371580 -0.58712089 -5.55174065
v -1.74846995 -0.42485228 -5.56292486
v -1.77696908 -0.25941509 -5.57598114
v -1.78849828 -0.09233058 -5.59077168
v -1.78251445 0.07473128 -5.60717392
v -1.75822163 0.23979476 -5.62502146
v -1.71560764 0.40043849 -5.64413357
v -1.65529180 0.55442870 -5.66431379
v -1.57751024 0.69958872 -5.68537426
v -1.48270345 0.83364916 -5.70709372
v -1.37202239 0.95462471 -5.72922373
v -1.24670410 1.06042123 -5.75146961
v -1.10822892 1.14886916 -5.77341652
v -0.95837301 1.21728301 -5.79446650
v -0.79945421 1.26248884 -5.81379080
v -0.63494533 1.28466153 -5.83101892
v -0.46607000 1.30119050 -5.71326447
v -0.30096108 1.28009546 -5.73552799
v -0.13821918 1.24269736 -5.75526190
v 0.02109046 1.19040823 -5.77278423
v 0.17561054 1.12360823 -5.78804684
v 0.32393748 1.04286814 -5.80075073
v 0.46453717 0.94886458 -5.81042719
v 0.59612554 0.84227782 -5.81662750
v 0.71771187 0.72417861 -5.81912184
v 0.82843512 0.59577829 -5.81792927
v 0.92771977 0.45845142 -5.81316757
v 1.01519704 0.31356540 -5.80500603
v 1.09033275 0.16222844 -5.79358768
v 1.15264869 0.00556494 -5.77901602
v 1.20169783 -0.15508805 -5.76146889
v 1.23675811 -0.31861410 -5.74122667
v 1.25774586 -0.48385790 -5.71874380
v 1.26434076 -0.64970934 -5.69435215
v 1.25597119 -0.81489652 -5.66827726
v 1.23191965 -0.97788465 -5.64050722
v 1.19082153 -1.13667333 -5.61084700
v 1.13101935 -1.28858912 -5.57916164
v 1.05137646 -1.43024695 -5.54553032
v 0.95141935 -1.55763972 -5.51041222
v 0.83338064 -1.66813898 -5.47462893
v 0.70071471 -1.76068628 -5.43899250
v 0.55608898 -1.83405685 -5.40426731
v 0.40209514 -1.88712788 -5.37124491
v 0.24147224 -1.91925979 -5.34066248
v 0.07649862 -1.93056500 -5.31297684
v -0.09063495 -1.92167699 -5.28849554
v -0.25603408 -1.89329743 -5.26778650
v -0.41707829 -1.84574139 -5.25131178
v -0.57239658 -1.78012431 -5.23877192
v -0.72052050 -1.69931543 -5.22884607
v -0.86123461 -1.60590875 -5.22077274
v -0.99462616 -1.50176501 -5.21478224
v -1.12084448 -1.38868380 -5.21091461
v -1.23980522 -1.26784658 -5.20918131
v -1.35059297 -1.13945985 -5.20986032
v -1.45138347 -1.00322700 -5.21342421
v -1.54055619 -0.85940444 -5.22020721
v -1.61626780 -0.70851517 -5.23050833
v -1.67692578 -0.55154389 -5.24438095
v -1.72199726 -0.39001226 -5.26153803
v -1.75103283 -0.22545776 -5.28170681
v -1.76335192 -0.05937612 -5.30469990
v -1.75846875 0.10659673 -5.33032751
v -1.73573422 0.27056208 -5.35837126
v -1.69511259 0.43018723 -5.38854980
v -1.63708615 0.58328998 -5.42054367
v -1.56177831 0.72772598 -5.45405579
v -1.46954978 0.86125445 -5.48871756
v -1.36141407 0.98184544 -5.52408981
v -1.23839343 1.08720279 -5.55966806
v -1.10180044 1.17484975 -5.59480095
v -0.95336074 1.24177170 -5.62860155
v -0.79547316 1.28442740 -5.65988159
v -0.63196743 1.30334210 -5.68807793
v -0.45858705 1.32414401 -5.58403158
v -0.29499978 1.30041969 -5.61447191
v -0.13375224 1.26100278 -5.64141989
v 0.02424264 1.20747650 -5.66519690
v 0.17774625 1.14016318 -5.68568039
v 0.32533741 1.05932951 -5.70250320
v 0.46536845 0.96536458 -5.71514845
v 0.59640020 0.85875964 -5.72315121
v 0.71731943 0.74052799 -5.72630215
v 0.82727468 0.61197710 -5.72465372
v 0.92573273 0.47456828 -5.71837664
v 1.01233578 0.32970721 -5.70768785
v 1.08655751 0.17853172 -5.69274473
v 1.14788771 0.02217291 -5.67367268
v 1.19590116 -0.13800378 -5.65069818
v 1.23009002 -0.30080417 -5.62412262
v 1.25068855 -0.46504518 -5.59445477
v 1.25768721 -0.62967581 -5.56206608
v 1.25075710 -0.79356587 -5.52720451
v 1.22907925 -0.95534700 -5.48987389
v 1.19095004 -1.11311746 -5.44988680
v 1.13436329 -1.26421607 -5.40714645
v 1.05781150 -1.40515542 -5.36185122
v 0.96071273 -1.53187966 -5.31464911
v 0.84532982 -1.64177310 -5.26662254
v 0.71503997 -1.73364902 -5.21883440
v 0.57244784 -1.80607808 -5.17226458
v 0.42016539 -1.85773528 -5.12791061
v 0.26104477 -1.88791943 -5.08669376
v 0.09752467 -1.89690948 -5.04917955
v -0.06810345 -1.88552284 -5.01574612
v -0.23191381 -1.85465026 -4.98711443
v -0.39128983 -1.80481327 -4.96382904
v -0.54493338 -1.73720908 -4.94565582
v -0.69144320 -1.65463066 -4.93144941
v -0.83061051 -1.55970848 -4.92041254
v -0.96260232 -1.45444763 -4.91252756
v -1.08768630 -1.34070385 -4.90762949
v -1.20578694 -1.21957839 -4.90564156
v -1.31595969 -1.09119141 -4.90686560
v -1.41638184 -0.95520860 -4.91187096
v -1.50541139 -0.81183875 -4.92106152
v -1.58115101 -0.66156000 -4.93481541
v -1.64203238 -0.50536233 -4.95323801
v -1.68756604 -0.34477073 -4.97601604
v -1.71730185 -0.18130575 -5.00284910
v -1.73055863 -0.01644862 -5.03352690
v -1.72688115 0.14818548 -5.06780195
v -1.70574439 0.31076208 -5.10539722
v -1.66710043 0.46903449 -5.14591980
v -1.61133134 0.62088203 -5.18892050
v -1.53848267 0.76420546 -5.23399544
v -1.44885910 0.89680445 -5.28064251
v -1.34336019 1.01662278 -5.32825470
v -1.22281301 1.12119842 -5.37614250
v -1.08836734 1.20779908 -5.42344379
v -0.94168520 1.27313983 -5.46901035
v -0.78520972 1.31338036 -5.51133347
v -0.62304688 1.32932925 -5.54966211
v -0.44542491 1.35475004 -5.45855284
v -0.28354874 1.32870543 -5.49645853
v -0.12393530 1.28749025 -5.52994585
v 0.03262123 1.23281598 -5.55931377
v 0.18497062 1.16495585 -5.58434916
v 0.33166271 1.08393264 -5.60461378
v 0.47094867 0.98992163 -5.61957407
v 0.60126698 0.88328302 -5.62878752
v 0.72141713 0.76499808 -5.63210201
v 0.83057195 0.63645846 -5.62963152
v 0.92825240 0.49919251 -5.62162495
v 1.01411963 0.35462385 -5.60835552
v 1.08765388 0.20389801 -5.58998775
v 1.14831984 0.04813610 -5.56666183
v 1.19571149 -0.11128603 -5.53863716
v 1.22949588 -0.27311301 -5.50621319
v 1.25015235 -0.43613529 -5.46992159
v 1.25790560 -0.59934402 -5.43014765
v 1.25259662 -0.76171607 -5.38714600
v 1.23329651 -0.92200989 -5.34093714
v 1.19799793 -1.07839108 -5.29135323
v 1.14439070 -1.22819138 -5.23835564
v 1.07068014 -1.36784565 -5.18228626
v 0.97624797 -1.49330556 -5.12398863
v 0.86340672 -1.60201263 -5.06477976
v 0.73547238 -1.69270313 -5.00593615
v 0.59499675 -1.76379848 -4.94861698
v 0.44460058 -1.81381869 -4.89399195
v 0.28722036 -1.84202290 -4.84312630
v 0.12541875 -1.84884584 -4.79665565
v -0.03844720 -1.83527386 -4.75499964
v -0.20044948 -1.80237806 -4.71898890
v -0.35798836 -1.75090075 -4.68918657
v -0.50988680 -1.68199921 -4.66550446
v -0.65480930 -1.59810615 -4.64730263
v -0.79242855 -1.50187123 -4.63386679
v -0.92294538 -1.39560485 -4.62474108
v -1.04677248 -1.28128028 -4.61942673
v -1.16386819 -1.15994418 -4.61772203
v -1.27328444 -1.03165162 -4.61992502
v -1.37322557 -0.89604264 -4.62666607
v -1.46205235 -0.75328153 -4.63839388
v -1.53783691 -0.60379952 -4.65555477
v -1.59903562 -0.44857627 -4.67831135
v -1.64517617 -0.28912768 -4.70635891
v -1.67577600 -0.12695909 -4.73940802
v -1.69011843 0.03645194 -4.77725172
v -1.68775153 0.19949752 -4.81959724
v -1.66825223 0.36039481 -4.86609936
v -1.63157129 0.51698035 -4.91624308
v -1.57802749 0.66720480 -4.96944427
v -1.50762296 0.80902708 -5.02519321
v -1.42063129 0.94029933 -5.08286905
v -1.31786072 1.05895686 -5.14171839
v -1.19996297 1.16240823 -5.20089293
v -1.06792986 1.24771714 -5.25934410
v -0.92334646 1.31138754 -5.31569433
v -0.76866382 1.34934771 -5.36814690
v -0.60818368 1.36262310 -5.41577101
v -0.42658359 1.39300847 -5.33682823
v -0.26660794 1.36495268 -5.38148737
v -0.10876835 1.32215953 -5.42083883
v 0.04622624 1.26642680 -5.45513439
v 0.19728363 1.19798601 -5.48405218
v 0.34291345 1.11667752 -5.50708246
v 0.48127782 1.02253580 -5.52370262
v 0.61072570 0.91584796 -5.53353548
v 0.73000503 0.79758883 -5.53652143
v 0.83832699 0.66922224 -5.53286219
v 0.93527883 0.53232408 -5.52291298
v 1.02054846 0.38831538 -5.50700903
v 1.09362185 0.23832734 -5.48531675
v 1.15394509 0.08345451 -5.45798302
v 1.20112872 -0.07493481 -5.42528534
v 1.23497534 -0.23554061 -5.38749838
v 1.25613713 -0.39712822 -5.34514380
v 1.26499593 -0.55871397 -5.29859686
v 1.26148999 -0.71934700 -5.24810171
v 1.24457145 -0.87787342 -5.19369745
v 1.21196485 -1.03249407 -5.13524675
v 1.16110182 -1.18051493 -5.07278967
v 1.08998239 -1.31831765 -5.00683546
v 0.99802500 -1.44191742 -4.93843079
v 0.88761133 -1.54885769 -4.86910057
v 0.76201200 -1.63784850 -4.80029774
v 0.62373579 -1.70721805 -4.73332548
v 0.47540078 -1.75537825 -4.66948795
v 0.31999898 -1.78157043 -4.60995865
v 0.16018087 -1.78637433 -4.55540609
v -0.00166620 -1.77092993 -4.50625706
v -0.16164114 -1.73648095 -4.46340895
v -0.31717387 -1.68400395 -4.42738438
v -0.46725696 -1.61449456 -4.39831638
v -0.61061877 -1.52974176 -4.37640619
v -0.74668872 -1.43239701 -4.36113644
v -0.87565553 -1.32523656 -4.35142279
v -0.99810290 -1.21041322 -4.34630585
v -1.11404884 -1.08894396 -4.34542322
v -1.22256696 -0.96084076 -4.34903860
v -1.32191455 -0.82572913 -4.35780954
v -1.41047895 -0.68373287 -4.37220335
v -1.48632538 -0.53523380 -4.39272594
v -1.54793549 -0.38118568 -4.41960049
v -1.59482789 -0.22308309 -4.45256710
v -1.62645531 -0.06241778 -4.49138308
v -1.64203131 0.09932554 -4.53587532
v -1.64107978 0.26053286 -4.58571339
v -1.62325764 0.41946021 -4.64047766
v -1.58852530 0.57402480 -4.69951963
v -1.53717446 0.72225839 -4.76211500
v -1.46919942 0.86219090 -4.82765007
v -1.38486636 0.99173892 -4.89539671
v -1.28491557 1.10884762 -4.96448088
v -1.16984320 1.21083224 -5.03391933
v -1.04048777 1.29460394 -5.10250282
v -0.89834446 1.35651481 -5.16865253
v -0.74583548 1.39232934 -5.23032141
v -0.58737779 1.40322351 -5.28640461
v -0.40206310 1.43891931 -5.21885824
v -0.24417742 1.40916133 -5.26955843
v -0.08825139 1.36501086 -5.31409883
v 0.06505766 1.30830884 -5.35265970
v 0.21468531 1.23925388 -5.38479090
v 0.35908952 1.15756428 -5.40991020
v 0.49635589 1.06320703 -5.42753506
v 0.62477654 0.95645446 -5.43739605
v 0.74308306 0.83830023 -5.43956041
v 0.85053974 0.71026850 -5.43434620
v 0.94681197 0.57396305 -5.42224026
v 1.03162241 0.43078181 -5.40364790
v 1.10446155 0.28181970 -5.37873220
v 1.16476357 0.12812816 -5.34763718
v 1.21215296 -0.02895011 -5.31064320
v 1.24652863 -0.18808696 -5.26797867
v 1.26864314 -0.34802401 -5.22012138
v 1.27895820 -0.50778568 -5.16741323
v 1.27743697 -0.66645873 -5.11007214
v 1.26290417 -0.82293743 -5.04815483
v 1.23285115 -0.97542655 -4.98156643
v 1.18449652 -1.12118685 -4.91044855
v 1.11571836 -1.25657129 -4.83549929
v 1.02604389 -1.37771535 -4.75797558
v 0.91794360 -1.48230803 -4.67958498
v 0.79465884 -1.56908512 -4.60191870
v 0.65866482 -1.63633692 -4.52638960
v 0.51256591 -1.68241382 -4.45440006
v 0.35938063 -1.70656192 -4.38719177
v 0.20181103 -1.70949471 -4.32543087
v 0.04223955 -1.69249105 -4.26951838
v -0.11548874 -1.65695894 -4.22037506
v -0.26884633 -1.60412288 -4.17842293
v -0.41704381 -1.53469515 -4.14409256
v -0.55887163 -1.44953763 -4.11876011
v -0.69339091 -1.35128593 -4.10222101
v -0.82073259 -1.24334276 -4.09257221
v -0.94167775 -1.12810242 -4.08826685
v -1.05632877 -1.00657785 -4.08874416
v -1.16380751 -0.87875873 -4.09420681
v -1.26244879 -0.74426806 -4.10530090
v -1.35069120 -0.60319269 -4.12249136
v -1.42661643 -0.45586276 -4.14632940
v -1.48873186 -0.30319059 -4.17710638
v -1.53652096 -0.14663698 -4.21464062
v -1.56933987 0.01231820 -4.25877523
v -1.58629727 0.17217217 -4.30939770
v -1.58686614 0.33129150 -4.36615086
v -1.57076073 0.48795834 -4.42853260
v -1.53796220 0.64016777 -4.49574995
v -1.48877227 0.78604275 -4.56693268
v -1.42321193 0.92369694 -4.64136505
v -1.34156454 1.05112338 -4.71822643
v -1.24452484 1.16629517 -4.79654217
v -1.13245392 1.26647031 -4.87522125
v -1.00604129 1.34845936 -4.95291996
v -0.86667919 1.40852165 -5.02788544
v -0.71672469 1.44232523 -5.09785748
v -0.56062931 1.45113063 -5.16156292
v -0.37186342 1.49248266 -5.10464239
v -0.21625713 1.46133149 -5.16067171
v -0.06238443 1.41604400 -5.20972681
v 0.08911549 1.35846210 -5.25188875
v 0.23717563 1.28875935 -5.28656387
v 0.38019103 1.20659292 -5.31309557
v 0.51618290 1.11193538 -5.33107138
v 0.64341938 1.00510252 -5.34036875
v 0.76065129 0.88713223 -5.34121895
v 0.86721027 0.75959724 -5.33408308
v 0.96285188 0.62410933 -5.31960678
v 1.04734147 0.48202309 -5.29827309
v 1.12017286 0.33437505 -5.27023363
v 1.18077517 0.18215702 -5.23562336
v 1.22878397 0.02666805 -5.19471073
v 1.26415575 -0.13075206 -5.14765358
v 1.28767025 -0.28882265 -5.09485483
v 1.29979241 -0.44655916 -5.03659773
v 1.30043781 -0.60305130 -4.97305727
v 1.28829443 -0.75720203 -4.90430880
v 1.26065660 -0.90718842 -4.83031273
v 1.21457481 -1.05020690 -4.75133181
v 1.14788806 -1.18260670 -4.66827726
v 1.06030452 -1.30069923 -4.58262300
v 0.95440358 -1.40236390 -4.49623251
v 0.83341289 -1.48641300 -4.41079950
v 0.69978398 -1.55115497 -4.32780933
v 0.55609602 -1.59492540 -4.24872684
v 0.40536538 -1.61699736 -4.17482567
v 0.25030923 -1.61820722 -4.10672903
v 0.09327004 -1.59995735 -4.04478264
v -0.06199231 -1.56381202 -3.98988748
v -0.21300580 -1.51125741 -3.94230127
v -0.35924736 -1.44260120 -3.90283298
v -0.49956787 -1.35749364 -3.87436366
v -0.63253522 -1.25853777 -3.85712051
v -0.75817668 -1.14992332 -3.84818983
v -0.87749690 -1.03434813 -3.84531045
v -0.99070811 -0.91284561 -3.84768581
v -1.09700584 -0.78540552 -3.85542989
v -1.19482839 -0.65165937 -3.86914015
v -1.28268909 -0.51166099 -3.88925695
v -1.35871017 -0.36568642 -3.91636491
v -1.42142487 -0.21459094 -3.95082903
v -1.47025561 -0.05978934 -3.99257874
v -1.50442970 0.09724882 -4.04158401
v -1.52291644 0.25499186 -4.09781790
v -1.52511048 0.41177341 -4.16090870
v -1.51076138 0.56588918 -4.23026323
v -1.47988200 0.71540934 -4.30493402
v -1.43282092 0.85855788 -4.38389730
v -1.36966050 0.99354511 -4.46633911
v -1.29072559 1.11845255 -4.55135679
v -1.19668853 1.23129928 -4.63790226
v -1.08779490 1.32932246 -4.72479916
v -0.96459031 1.40928340 -4.81059456
v -0.82835072 1.46740806 -4.89339304
v -0.68133146 1.49933553 -4.97075462
v -0.52793813 1.50634456 -5.04124594
v -0.33598456 1.55369854 -4.99418068
v -0.18284710 1.52146316 -5.05482769
v -0.03116746 1.47525907 -5.10772181
v 0.11839972 1.41688669 -5.15282202
v 0.26475462 1.34650242 -5.18937206
v 0.40621790 1.26376319 -5.21663952
v 0.54075885 1.16872084 -5.23431110
v 0.66665423 1.06179202 -5.24245358
v 0.78270966 0.94408494 -5.24149752
v 0.88833851 0.81720853 -5.23207331
v 0.98339856 0.68276304 -5.21501303
v 1.06770551 0.54203928 -5.19088364
v 1.14075589 0.39599347 -5.15982151
v 1.20197999 0.24554111 -5.12194157
v 1.25102198 0.09191969 -5.07748747
v 1.28785658 -0.06353591 -5.02652311
v 1.31321847 -0.21952412 -4.96934366
v 1.32749867 -0.37503439 -4.90614986
v 1.33049226 -0.52912462 -4.83705616
v 1.32074249 -0.68066722 -4.76215982
v 1.29538119 -0.82777971 -4.68148613
v 1.25133657 -0.96757537 -4.59543943
v 1.18649125 -1.09642386 -4.50516987
v 1.10080707 -1.21086907 -4.41237307
v 0.99699122 -1.30902517 -4.31904364
v 0.87827408 -1.38983214 -4.22694016
v 0.74709320 -1.45167232 -4.13758469
v 0.60599107 -1.49291289 -4.05246925
v 0.45795316 -1.51287675 -3.97285986
v 0.30567545 -1.51251173 -3.89930177
v 0.15142527 -1.49332881 -3.83205104
v -0.00115184 -1.45704019 -3.77194571
v -0.14965221 -1.40540779 -3.71902037
v -0.80556035 -0.92915010 -3.61743593
v -0.91718692 -0.80774736 -3.62224770
v -1.02216220 -0.68078113 -3.63270712
v -1.11905324 -0.54790318 -3.64932775
v -1.20647264 -0.40913776 -3.67250037
v -1.28260660 -0.26470479 -3.70283246
v -1.34601438 -0.11538676 -3.74076748
v -1.39603162 0.03745981 -3.78638220
v -1.43172467 0.19237411 -3.83980942
v -1.45188856 0.34778461 -3.90113711
v -1.45581269 0.50197864 -3.96998787
v -1.44325960 0.65325266 -4.04567051
v -1.41428494 0.79974949 -4.12707090
v -1.36932039 0.93980378 -4.21300888
v -1.30854511 1.07173550 -4.30257082
v -1.23234963 1.19372654 -4.39478874
v -1.14140666 1.30386019 -4.48856068
v -1.03586626 1.39938891 -4.58265305
v -0.91613483 1.47707617 -4.67552757
v -0.78335899 1.53317392 -4.76517487
v -0.63965583 1.56336021 -4.84901285
v -0.48930424 1.56886494 -4.92545414
v -0.29442653 1.62256670 -4.88747358
v -0.14394733 1.58955622 -4.95202541
v 0.00539951 1.54265606 -5.00808477
v 0.15291037 1.48358250 -5.05545950
v 0.29742226 1.41248322 -5.09321499
v 0.43717018 1.32907534 -5.12054205
v 0.57008368 1.23356330 -5.13725424
v 0.69448113 1.12652314 -5.14365101
v 0.80925822 1.00915837 -5.14039516
v 0.91392452 0.88310224 -5.12831688
v 1.00845194 0.74992406 -5.10845852
v 1.09271467 0.61083031 -5.08148003
v 1.16621053 0.46667489 -5.04749537
v 1.22837794 0.31828043 -5.00659275
v 1.27886701 0.16680481 -4.95897388
v 1.31763124 0.01356147 -4.90458727
v 1.34528768 -0.14012843 -4.84358788
v 1.36207676 -0.29321134 -4.77606916
v 1.36760056 -0.44467875 -4.70206976
v 1.36024809 -0.59333301 -4.62170744
v 1.33702505 -0.73720038 -4.53508568
v 1.29478204 -0.87329203 -4.44277191
v 1.23152828 -0.99802285 -4.34617662
v 1.14755142 -1.10822499 -4.24722576
v 1.04570651 -1.20229197 -4.14801836
v 0.92924249 -1.27934253 -4.05034065
v 0.80059248 -1.33788896 -3.95571518
v 0.66225111 -1.37637663 -3.86562681
v 0.51714396 -1.39420021 -3.78129458
v 0.36790973 -1.39240825 -3.70314813
v -1.12204182 -0.29562303 -3.47222137
v -1.19830561 -0.15291789 -3.50573182
v -1.26250064 -0.00557806 -3.54692268
v -1.31384909 0.14511050 -3.59605074
v -1.35122478 0.29769406 -3.65345120
v -1.37321377 0.45055041 -3.71935463
v -1.37897289 0.60190719 -3.79338789
v -1.36825550 0.75004888 -3.87475348
v -1.34117091 0.89318818 -3.96216178
v -1.29827082 1.02978039 -4.05426741
v -1.23986590 1.15826797 -4.15006161
v -1.16643655 1.27694523 -4.24852228
v -1.07867908 1.38397777 -4.34851837
v -0.97666800 1.47666931 -4.44878292
v -0.86067492 1.55183768 -4.54771852
v -0.73170406 1.60581946 -4.64323139
v -0.59169769 1.63439918 -4.73263264
v -0.44472775 1.63869214 -4.81418705
v -0.24718930 1.69908738 -4.78452063
v -0.09955781 1.66561079 -4.85226583
v 0.04731648 1.61823499 -4.91081476
v 0.19264743 1.55854952 -4.95980120
v 0.33517855 1.48670149 -4.99809313
v 0.47304785 1.40252936 -5.02480268
v 0.60415751 1.30646300 -5.03990126
v 0.72690010 1.19929588 -5.04396057
v 0.84029698 1.08235240 -5.03791285
v 0.94396830 0.95727843 -5.02281332
v 1.03801215 0.82559246 -4.99994326
v 1.12236881 0.68839622 -4.97006226
v 1.19653690 0.54641932 -4.93325520
v 1.25996912 0.40037498 -4.88957596
v 1.31231880 0.25132337 -4.83916950
v 1.35347962 0.10054010 -4.78184652
v 1.38387811 -0.05063558 -4.71758795
v 1.40352678 -0.20109005 -4.64635658
v 1.41176248 -0.34971365 -4.56809807
v 1.40681148 -0.49519929 -4.48295212
v 1.38558817 -0.63545054 -4.39111185
v 1.34491098 -0.76735699 -4.29332924
v 1.28299880 -0.88740349 -4.19129753
v 1.20053756 -0.99276680 -4.08718109
v 1.10054958 -1.08216405 -3.98315668
v 0.98631811 -1.15494418 -3.88100052
v 0.86028188 -1.20980477 -3.78220177
v 0.72487611 -1.24531627 -3.68819976
v 0.58293784 -1.26096749 -3.60012984
v -1.17088342 0.11483517 -3.36929417
v -1.22370803 0.26316270 -3.42158437
v -1.26293015 0.41320863 -3.48250985
v -1.28689206 0.56328923 -3.55247045
v -1.29459119 0.71155900 -3.63110900
v -1.28574908 0.85627782 -3.71751308
v -1.26053977 0.99572545 -3.81020617
v -1.21967208 1.12848783 -3.90767288
v -1.16362274 1.25314271 -4.00881100
v -1.09298658 1.36810875 -4.11255693
v -1.00850594 1.47165203 -4.21777487
v -0.91020012 1.56116402 -4.32318830
v -0.79821044 1.63356793 -4.42716742
v -0.67338586 1.68534446 -4.52756262
v -0.53745717 1.71245241 -4.62161350
v -0.39420858 1.71582592 -4.70744467
v -0.19427291 1.78326058 -4.68532228
v -0.04967855 1.74962687 -4.75554895
v 0.09458347 1.70199573 -4.81591177
v 0.23761091 1.64178777 -4.86584711
v 0.37802351 1.56915748 -4.90400553
v 0.51385093 1.48412514 -4.92942190
v 0.64298022 1.38741970 -4.94225168
v 0.76391107 1.28011012 -4.94338179
v 0.87582588 1.16366708 -4.93404961
v 0.97846979 1.03973711 -4.91556311
v 1.07207906 0.90976822 -4.88946772
v 1.15666807 0.77473700 -4.85663033
v 1.23173487 0.63522679 -4.81710148
v 1.29675341 0.49182475 -4.77089119
v 1.35137761 0.34547544 -4.71807480
v 1.39540172 0.19739997 -4.65830040
v 1.42898965 0.04895443 -4.59134340
v 1.45184886 -0.09867051 -4.51701117
v 1.46297824 -0.24422938 -4.43514013
v 1.46043241 -0.38626614 -4.34589338
v 1.44107044 -0.52253008 -4.24956512
v 1.40172362 -0.64977026 -4.14711094
v 1.34090304 -0.76456589 -4.04053307
v 1.25976551 -0.86449462 -3.93223882
v 1.16152036 -0.94864172 -3.82445836
v 1.04950094 -1.01663721 -3.71892023
v 0.92616129 -1.06741977 -3.61704373
v -1.16684067 0.53891790 -3.32698488
v -1.19292343 0.68600112 -3.40048480
v -1.20266736 0.83093411 -3.48315072
v -1.19574010 0.97193944 -3.57394862
v -1.17239165 1.10736132 -3.67120385
v -1.13352418 1.23592615 -3.77322555
v -1.07981563 1.35635960 -3.87881851
v -1.01199937 1.46721709 -3.98689294
v -0.93088710 1.56688297 -4.09632969
v -0.83646256 1.65287280 -4.20587015
v -0.72874159 1.72226679 -4.31387472
v -0.60840446 1.77174914 -4.41816807
v -0.47693416 1.79752004 -4.51595545
v -0.33774674 1.80026639 -4.60522699
v -0.13596405 1.87423527 -4.59016323
v 0.00545139 1.84069765 -4.66221523
v 0.14700234 1.79299808 -4.72377586
v 0.28764218 1.73235250 -4.77406311
v 0.42584184 1.65893006 -4.81150341
v 0.55951458 1.57298398 -4.83505249
v 0.68654430 1.47560167 -4.84507656
v 0.80556566 1.36817408 -4.84280682
v 0.91595149 1.25233734 -4.82981253
v 1.01758325 1.12972689 -4.80767345
v 1.11084354 1.00170374 -4.77821541
v 1.19582534 0.86910397 -4.74241495
v 1.27202332 0.73234820 -4.70027971
v 1.33893454 0.59188640 -4.65176630
v 1.39620745 0.44853425 -4.59686708
v 1.44350135 0.30344403 -4.53505468
v 1.48065865 0.15798442 -4.46587753
v 1.50702155 0.01343457 -4.38897419
v 1.52119529 -0.12879805 -4.30406094
v 1.52106094 -0.26707777 -4.21132469
v 1.50345492 -0.39897507 -4.11116934
v 1.46526241 -0.52108550 -4.00477076
v 1.40535557 -0.63010550 -3.89445448
v 1.32541835 -0.72405928 -3.78287315
v 1.22885907 -0.80243486 -3.67228508
v 1.11907077 -0.86518455 -3.56433964
v 0.99852663 -0.91153407 -3.46035695
v -1.09178758 0.81809443 -3.26270008
v -1.10368586 0.95941442 -3.34887290
v -1.09873712 1.09640074 -3.44347501
v -1.07727599 1.22745991 -3.54462934
v -1.04042327 1.35146463 -3.65046930
v -0.98908001 1.46729732 -3.75971150
v -0.92413211 1.57365787 -3.87124920
v -0.84647489 1.66906381 -3.98399949
v -0.75607514 1.75118756 -4.09673977
v -0.65283275 1.81731319 -4.20784378
v -0.53725290 1.86438096 -4.31513643
v -0.41054362 1.88889277 -4.41582060
v -0.27568704 1.89123297 -4.50776052
v -0.07421409 1.96622121 -4.50098896
v 0.06420496 1.93265176 -4.57459068
v 0.20322482 1.88484156 -4.63712406
v 0.34166190 1.82381344 -4.68762159
v 0.47784901 1.74975181 -4.72432804
v 0.60959798 1.66312540 -4.74614286
v 0.73479837 1.56534827 -4.75362015
v 0.85221499 1.45809960 -4.74830008
v 0.96139890 1.34315622 -4.73204899
v 1.06235838 1.22213387 -4.70668030
v 1.15560436 1.09631169 -4.67424583
v 1.24129021 0.96640146 -4.63579369
v 1.31889069 0.83268565 -4.59126616
v 1.38789928 0.69550061 -4.54055262
v 1.44792461 0.55555415 -4.48356009
v 1.49848425 0.41392836 -4.41963053
v 1.53913403 0.27198195 -4.34815407
v 1.56890070 0.13105528 -4.26864719
v 1.58605754 -0.00731373 -4.18073845
v 1.58835506 -0.14133766 -4.08464193
v 1.57262623 -0.26843315 -3.98085809
v 1.53581691 -0.38507101 -3.87075806
v 1.47713661 -0.48807475 -3.75695300
v 1.39874172 -0.57588983 -3.64230847
v 1.30420160 -0.64837629 -3.52909732
v 1.19693315 -0.70578039 -3.41889191
v -0.98674899 0.95554334 -3.13436842
v -1.00094247 1.09279335 -3.22391319
v -0.99819869 1.22535384 -3.32210755
v -0.97893226 1.35169458 -3.42690539
v -0.94442672 1.47081327 -3.53630424
v -0.89574039 1.58172679 -3.64894843
v -0.83385468 1.68326318 -3.76371241
v -0.75970733 1.77406526 -3.87953115
v -0.67325604 1.85196996 -3.99520063
v -0.57432657 1.91447973 -4.10910273
v -0.46328717 1.95880139 -4.21906757
v -0.34110901 1.98174369 -4.32230759
v -0.21037608 1.98341298 -4.41658640
v -0.00939003 2.05812907 -4.41816473
v 0.12627614 2.02432871 -4.49311209
v 0.26299730 1.97632241 -4.55646753
v 0.39946702 1.91496122 -4.60711861
v 0.53389740 1.84044373 -4.64318323
v 0.66401809 1.75342441 -4.66352940
v 0.78773278 1.65559459 -4.66886854
v 0.90392506 1.54887307 -4.66100121
v 1.01230443 1.43514442 -4.64204645
v 1.11299253 1.31599617 -4.61400080
v 1.20660555 1.19263506 -4.57907438
v 1.29333520 1.06567121 -4.53834200
v 1.37261724 0.93528026 -4.49165630
v 1.44390833 0.80171597 -4.43882132
v 1.50673914 0.66560483 -4.37966156
v 1.56048298 0.52796066 -4.31344366
v 1.60446215 0.39010581 -4.23948336
v 1.63745904 0.25340730 -4.15723419
v 1.65749776 0.11949118 -4.06627798
v 1.66225040 -0.00974240 -3.96685982
v 1.64856267 -0.13159046 -3.85955906
v 1.61344171 -0.24243562 -3.74590945
v 1.55639291 -0.33923587 -3.62876105
v 1.47996986 -0.42081943 -3.51115155
v 1.38785565 -0.48737496 -3.39535761
v -0.89505744 1.23027956 -3.10745192
v -0.89477545 1.35798836 -3.20909667
v -0.87806368 1.47925138 -3.31735921
v -0.84629762 1.59316504 -3.43014693
v -0.80061024 1.69885242 -3.54605150
v -0.74200797 1.79524934 -3.66392303
v -0.67141926 1.88111055 -3.78268957
v -0.58879864 1.95444143 -3.90114069
v -0.49394569 2.01297164 -4.01765680
v -0.38713846 2.05417514 -4.13007450
v -0.26916143 2.07516479 -4.23562384
v -0.14225523 2.07580733 -4.33199453
v 0.05850810 2.14995885 -4.34169054
v 0.19166492 2.11572814 -4.41777897
v 0.32631978 2.06744075 -4.48180580
v 0.46105754 2.00579596 -4.53255463
v 0.59398711 1.93100572 -4.56806898
v 0.72277504 1.84388113 -4.58721161
v 0.84534746 1.74634075 -4.59082222
v 0.96069598 1.64049447 -4.58091116
v 1.06866813 1.52830195 -4.55980539
v 1.16948569 1.41131389 -4.52963495
v 1.26384735 1.29067397 -4.49270105
v 1.35196030 1.16691303 -4.45006037
v 1.43320298 1.04013205 -4.40144968
v 1.50696170 0.91053236 -4.34657240
v 1.57265103 0.77868634 -4.28517056
v 1.62949765 0.64554095 -4.21649361
v 1.67664325 0.51235598 -4.13986444
v 1.71269643 0.38049066 -4.05473566
v 1.73551619 0.25161669 -3.96068025
v 1.74274707 0.12770802 -3.85797858
v 1.73126423 0.01155301 -3.74727201
v 1.69813681 -0.09317930 -3.63022494
v 1.64312434 -0.18358886 -3.50987792
v 1.56910288 -0.25884807 -3.38940215
v 1.47982121 -0.31943092 -3.27106643
v -0.78603059 1.37187314 -2.99948883
v -0.78846741 1.49430442 -3.10444236
v -0.77467024 1.61013031 -3.21599078
v -0.74603593 1.71851993 -3.33199739
v -0.70368946 1.81867445 -3.45102096
v -0.64859200 1.90961611 -3.57188058
v -0.58161062 1.99019969 -3.69347429
v -0.50270289 2.05860209 -3.81455970
v -0.41169009 2.11278844 -3.93350601
v -0.30880675 2.15050244 -4.04815674
v -0.19470085 2.16915631 -4.15576935
v -0.07132449 2.16841602 -4.25398445
v 0.12948032 2.24171066 -4.27156591
v 0.26037133 2.20685029 -4.34859180
v 0.39319229 2.15819621 -4.41313934
v 0.52643353 2.09631753 -4.46392918
v 0.65811801 2.02143788 -4.49898577
v 0.78586882 1.93449557 -4.51719046
v 0.90764254 1.83758664 -4.51948118
v 1.02252758 1.73296380 -4.50802994
v 1.13048995 1.62262881 -4.48532581
v 1.23183787 1.50808692 -4.45358324
v 1.32732964 1.39042830 -4.41512585
v 1.41716564 1.27012706 -4.37094784
v 1.50064766 1.14724088 -4.32064629
v 1.57705939 1.02194989 -4.26380539
v 1.64566040 0.89479864 -4.20008755
v 1.70552826 0.76666921 -4.12878084
v 1.75567734 0.63873249 -4.04929781
v 1.79461312 0.51230532 -3.96115065
v 1.82011259 0.38906276 -3.86394477
v 1.82984507 0.27101356 -3.75799847
v 1.82073081 0.16099727 -3.64399719
v 1.78990221 0.06269794 -3.52370453
v 1.73733103 -0.02113374 -3.40030408
v 1.66614068 -0.08997571 -3.27706051
v -0.67927462 1.63430190 -3.00814462
v -0.66875196 1.74433148 -3.12279987
v -0.64364165 1.84687793 -3.24185586
v -0.60497802 1.94119275 -3.36385655
v -0.55360675 2.02636361 -3.48758531
v -0.49028149 2.10133266 -3.61188579
v -0.41496891 2.16445184 -3.73545766
v -0.32755983 2.21393037 -3.85665035
v -0.22829208 2.24778342 -3.97331476
v -0.11772728 2.26371813 -4.08274364
v 0.00241615 2.26123881 -4.18255663
v 0.20352662 2.33338451 -4.20779181
v 0.33239532 2.29769516 -4.28555107
v 0.46361479 2.24858928 -4.35046816
v 0.59559488 2.18652582 -4.40124273
v 0.72629023 2.11174035 -4.43593359
v 0.85329932 2.02526784 -4.45346498
v 0.97461790 1.92933226 -4.45484495
v 1.08942008 1.82628107 -4.44235706
v 1.19776988 1.71812487 -4.41860723
v 1.30004919 1.60631526 -4.38584518
v 1.39705241 1.49189806 -4.34634924
v 1.48895121 1.37531316 -4.30100536
v 1.57495141 1.25660706 -4.24924612
v 1.65420139 1.13596833 -4.19052076
v 1.72576714 1.01394176 -4.12441254
v 1.78857481 0.89134544 -4.05030489
v 1.84156430 0.76923531 -3.96778369
v 1.88320911 0.64885128 -3.87648010
v 1.91128719 0.53182942 -3.77607203
v 1.92354441 0.42017427 -3.66691899
v 1.91696262 0.31674233 -3.54973459
v 1.88873780 0.22519611 -3.42634821
v 1.83901298 0.14812951 -3.30003953
v 1.77108335 0.08579762 -3.17412639
v -0.56719697 1.77798080 -2.92020345
v -0.56030893 1.88185477 -3.03778672
v -0.53911483 1.97823906 -3.15972209
v -0.50447607 2.06640720 -3.28455830
v -0.45705217 2.14549184 -3.41103697
v -0.39743182 2.21450949 -3.53792357
v -0.32559663 2.27199078 -3.66383457
v -0.24155490 2.31639743 -3.78708935
v -0.14559442 2.34601760 -3.90554857
v -0.03824073 2.35885024 -4.01654720
v 0.07896668 2.35427594 -4.11771107
v 0.28064701 2.42498016 -4.15036726
v 0.40773693 2.38826275 -4.22865582
v 0.53758729 2.33861947 -4.29379177
v 0.66854161 2.27642107 -4.34449530
v 0.79850370 2.20191288 -4.37891197
v 0.92506659 2.11619759 -4.39603567
v 1.04627359 2.02157784 -4.39691353
v 1.16137326 1.92044628 -4.38389254
v 1.27050793 1.81479025 -4.35965061
v 1.37411952 1.70599902 -4.32642078
v 1.47301567 1.59508324 -4.28637075
v 1.56731689 1.48247147 -4.24023247
v 1.65611422 1.36823022 -4.18724918
v 1.73838782 1.25258803 -4.12671852
v 1.81297135 1.13611567 -4.05814600
v 1.87863731 1.01956964 -3.98106575
v 1.93430412 0.90386450 -3.89532161
v 1.97848415 0.79012859 -3.80072355
v 2.00903964 0.67991668 -3.69706154
v 2.02384520 0.57519013 -3.58474064
v 2.01995945 0.47878814 -3.46448421
v 1.99464369 0.39431521 -3.33815575
v 1.94817007 0.32420087 -3.20908403
v 1.88393080 0.26847193 -3.08059978
v -0.45223451 1.92534125 -2.84061909
v -0.44934103 2.02270031 -2.96095133
v -0.43245545 2.11260319 -3.08559608
v -0.40218344 2.19431806 -3.21312618
v -0.35892832 2.26700091 -3.34223604
v -0.30306160 2.32973003 -3.47158790
v -0.23458603 2.38121867 -3.59969068
v -0.15367527 2.42018986 -3.72482371
v -0.06071378 2.44520569 -3.84485793
v 0.04375881 2.45455265 -3.95717955
v 0.15832710 2.44752765 -4.05944729
v 0.36084148 2.51649785 -4.09929323
v 0.48639616 2.47855306 -4.17790651
v 0.61510980 2.42828727 -4.24311066
v 0.74527383 2.36600304 -4.29368687
v 0.87475842 2.29195571 -4.32792091
v 1.00117075 2.20728517 -4.34490252
v 1.12260962 2.11432290 -4.34568739
v 1.23838723 2.01545954 -4.33263683
v 1.34870422 1.91262507 -4.30845451
v 1.45404887 1.80713809 -4.27531052
v 1.55521941 1.69998395 -4.23519039
v 1.65226269 1.59160197 -4.18862915
v 1.74413621 1.48211062 -4.13465548
v 1.82961845 1.37180865 -4.07239819
v 1.90727282 1.26132047 -4.00128698
v 1.97571576 1.15134180 -3.92106366
v 2.03389692 1.04261994 -3.83191180
v 2.08043838 0.93613720 -3.73388100
v 2.11337042 0.83332455 -3.62691355
v 2.13074708 0.73606110 -3.51146293
v 2.12972140 0.64713478 -3.38824582
v 2.10762000 0.57005525 -3.25912762
v 2.06480241 0.50708038 -3.12743783
v -0.33584833 2.16686797 -2.89229369
v -0.32366347 2.24997067 -3.01947784
v -0.29810026 2.32492518 -3.14956045
v -0.25923517 2.39089060 -3.28118229
v -0.20717087 2.44699454 -3.41287851
v -0.14193714 2.49213600 -3.54302549
v -0.06392095 2.52530718 -3.66985297
v 0.02634984 2.54534698 -3.79124308
v 0.12827134 2.55082536 -3.90464115
v 0.24049743 2.54099321 -4.00776577
v 0.44411004 2.60793757 -4.05456877
v 0.56837296 2.56856585 -4.13330317
v 0.69618231 2.51759219 -4.19842482
v 0.82579142 2.45527196 -4.24881697
v 0.95505434 2.38186860 -4.28296089
v 1.08161163 2.29853034 -4.30006504
v 1.20362592 2.20756793 -4.30116653
v 1.32046199 2.11132073 -4.28858948
v 1.43235862 2.01162910 -4.26502037
v 1.53983724 1.90973246 -4.23251390
v 1.64366376 1.80659997 -4.19280815
v 1.74378872 1.70270455 -4.14619541
v 1.83901715 1.59824824 -4.09146547
v 1.92789352 1.49363041 -4.02756023
v 2.00867176 1.38955605 -3.95383644
v 2.07981014 1.28666198 -3.87029839
v 2.14034271 1.18550181 -3.77755427
v 2.18907189 1.08687711 -3.67595243
v 2.22427917 0.99205297 -3.56562781
v 2.24425030 0.90278721 -3.44708633
v 2.24624825 0.82178217 -3.32101965
v 2.22766638 0.75241619 -3.18926358
v 2.18891001 0.69676799 -3.05510044
v -0.21983081 2.31435776 -2.83181357
v -0.21273896 2.39034104 -2.96136761
v -0.19222645 2.45822859 -3.09386086
v -0.15797275 2.51716089 -3.22787547
v -0.10975961 2.56630278 -3.36179590
v -0.04764994 2.60474229 -3.49383950
v 0.02770805 2.63174963 -3.62217736
v 0.11559644 2.64644194 -3.74470377
v 0.21529685 2.64766836 -3.85893178
v 0.32547763 2.63467336 -3.96266627
v 0.53045267 2.69929934 -4.01619434
v 0.65366745 2.65830135 -4.09484577
v 0.78080481 2.60653472 -4.15973425
v 0.91009438 2.54422784 -4.20988607
v 1.03939164 2.47165179 -4.24403143
v 1.16638923 2.38993311 -4.26152372
v 1.28932250 2.30131292 -4.26335049
v 1.40759754 2.20802975 -4.25175095
v 1.52147114 2.11180234 -4.22934771
v 1.63148475 2.01378226 -4.19803143
v 1.73834860 1.91493165 -4.15922403
v 1.84189487 1.81577933 -4.11293173
v 1.94075727 1.71664286 -4.05767822
v 2.03321290 1.61805320 -3.99220467
v 2.11716819 1.52082253 -3.91579366
v 2.19092035 1.42553020 -3.82877016
v 2.25364137 1.33250988 -3.73224926
v 2.30438447 1.24234831 -3.62693810
v 2.34176612 1.15610194 -3.51320457
v 2.36435485 1.07536852 -3.39161038
v 2.36954045 1.00273037 -3.26280570
v 2.35478306 0.94139802 -3.12856364
v 2.32049274 0.89326376 -2.99207258
v -0.10128847 2.46516991 -2.77951121
v -0.09968188 2.53371477 -2.91126513
v -0.08456205 2.59422827 -3.04602742
v -0.05514102 2.64581203 -3.18231583
v -0.01082781 2.68765497 -3.31833959
v 0.04827555 2.71903777 -3.45213270
v 0.12121174 2.73951721 -3.58179665
v 0.20702602 2.74849033 -3.70524001
v 0.30483535 2.74508166 -3.82005143
v 0.41326776 2.72856784 -3.92414880
v 0.61986941 2.79058313 -3.98417020
v 0.74227947 2.74775958 -4.06253433
v 0.86897737 2.69511437 -4.12703848
v 0.99818283 2.63287044 -4.17689419
v 1.12777007 2.56130505 -4.21113253
v 1.25550365 2.48149371 -4.22927856
v 1.37969947 2.39555740 -4.23223972
v 1.49979377 2.30558681 -4.22212076
v 1.61604178 2.21314502 -4.20143604
v 1.72899115 2.11928749 -4.17186260
v 1.83927393 2.02497864 -4.13443804
v 1.94658124 1.93082631 -4.08883715
v 2.04935646 1.83729482 -4.03329420
v 2.14557648 1.74507713 -3.96633124
v 2.23276186 1.65511966 -3.88715911
v 2.30904651 1.56794631 -3.79647899
v 2.37379289 1.48364437 -3.69599628
v 2.42637634 1.40255094 -3.58683801
v 2.46583104 1.32547152 -3.46964407
v 2.49106073 1.25380492 -3.34503555
v 2.49959779 1.18997931 -3.21360373
v 2.48897004 1.13700080 -3.07702780
v 2.45955086 1.09656763 -2.93835378
v 0.01977869 2.61930418 -2.73538637
v 0.01550777 2.68009138 -2.86917043
v 0.02489296 2.73292398 -3.00606012
v 0.04925999 2.77684402 -3.14450336
v 0.08962452 2.81105089 -3.28250980
v 0.14583935 2.83502221 -3.41790462
v 0.21659011 2.84860992 -3.54871106
v 0.30063859 2.85149217 -3.67285204
v 0.39688683 2.84306526 -3.78800011
v 0.50386775 2.82267642 -3.89221334
v 0.71236020 2.88178873 -3.95849609
v 0.83420914 2.83694053 -4.03636837
v 0.96069986 2.78333163 -4.10033798
v 1.09005666 2.72119999 -4.14984083
v 1.22018981 2.65082836 -4.18426466
v 1.34895492 2.57321215 -4.20332956
v 1.47475684 2.49030185 -4.20783424
v 1.59705091 2.40399194 -4.19969893
v 1.71607053 2.31565690 -4.18128586
v 1.83235669 2.22624779 -4.15400743
v 1.94643974 2.13674116 -4.11845064
v 2.05784774 2.04784536 -4.07391262
v 2.16481471 1.96020377 -4.01831388
v 2.26498461 1.87470210 -3.94993997
v 2.35545278 1.79244769 -3.86793232
v 2.43418884 1.71391034 -3.77342463
v 2.50079751 1.63890505 -3.66879559
v 2.55504751 1.56748474 -3.55565166
v 2.59647393 1.50016177 -3.43494558
v 2.62436795 1.43809652 -3.30736136
v 2.63642001 1.38352907 -3.17341399
v 2.63022733 1.33922458 -3.03465581
v 2.60608411 1.30667961 -2.89394403
v 0.16584983 2.71736550 -2.56804585
v 0.14337066 2.77676058 -2.69943953
v 0.13282998 2.82947111 -2.83508372
v 0.13613856 2.87431622 -2.97395921
v 0.15523030 2.91025662 -3.11443806
v 0.19159737 2.93649077 -3.25430655
v 0.24504143 2.95269585 -3.39115572
v 0.31384316 2.95902777 -3.52292061
v 0.39643413 2.95544744 -3.64753985
v 0.49145129 2.94161916 -3.76277781
v 0.59727764 2.91699934 -3.86686015
v 0.80792511 2.97291636 -3.93917179
v 0.92945641 2.92584419 -4.01634884
v 1.05597246 2.87118626 -4.07963276
v 1.18571591 2.80921626 -4.12872648
v 1.31665087 2.74022222 -4.16342783
v 1.44674289 2.66508794 -4.18367672
v 1.57449436 2.58554602 -4.19013357
v 1.69936872 2.50324488 -4.18448591
v 1.82155752 2.41933823 -4.16889668
v 1.94158125 2.33466363 -4.14446592
v 2.05984616 2.25021911 -4.11126137
v 2.17569447 2.16683674 -4.06815767
v 2.28713202 2.08537006 -4.01273632
v 2.39143682 2.00692821 -3.94303107
v 2.48524141 1.93280661 -3.85811377
v 2.56634688 1.86342239 -3.75960732
v 2.63465476 1.79829216 -3.65064716
v 2.69039774 1.73714995 -3.53337955
v 2.73369503 1.68017244 -3.40910983
v 2.76427650 1.62824321 -3.27858829
v 2.78000736 1.58337951 -3.14223647
v 2.77855492 1.54806924 -3.00144815
v 2.76009250 1.52359974 -2.85884356
v 2.72701693 1.50943828 -2.71700096
v 0.29812112 2.88681483 -2.53860116
v 0.26948747 2.93753910 -2.67167020
v 0.25228477 2.98185396 -2.80900455
v 0.24917477 3.01840472 -2.94972444
v 0.26276988 3.04604983 -3.09211993
v 0.29509076 3.06397438 -3.23372984
v 0.34588182 3.07205892 -3.37188578
v 0.41297090 3.07077074 -3.50442505
v 0.49441266 3.06035638 -3.62930298
v 0.58852875 3.04074335 -3.74438477
v 0.69349742 3.01153660 -3.84808898
v 0.90656406 3.06396604 -3.92619753
v 1.02802122 3.01447034 -4.00247478
v 1.15479493 2.95867801 -4.06492233
v 1.28516054 2.89691949 -4.11355114
v 1.41715312 2.82948589 -4.14862156
v 1.54886770 2.75712180 -4.17031956
v 1.67891228 2.68128991 -4.17913771
v 1.80674732 2.60334587 -4.17648172
v 1.93250263 2.52418876 -4.16426945
v 2.05666494 2.44453502 -4.14323854
v 2.17949295 2.36541247 -4.11287022
v 2.30012131 2.28780007 -4.07157230
v 2.41630840 2.21279335 -4.01656246
v 2.52493358 2.14175510 -3.94560432
v 2.62212729 2.07619619 -3.85770321
v 2.70552087 2.01648259 -3.75502682
v 2.77536511 1.96180558 -3.64155102
v 2.83242726 1.91154647 -3.52002168
v 2.87749434 1.86550391 -3.39213634
v 2.91078639 1.82424510 -3.25871611
v 2.93035984 1.78953087 -3.12007093
v 2.93395281 1.76353478 -2.97740459
v 2.92157626 1.74732792 -2.83305216
v 2.89519811 1.74041939 -2.68932772
v 0.43327722 3.05994534 -2.51751280
v 0.39812908 3.10163975 -2.65207839
v 0.37387210 3.13724017 -2.79093361
v 0.36400157 3.16518950 -2.93335581
v 0.37187877 3.18422389 -3.07754898
v 0.40010467 3.19350195 -3.22077966
v 0.44836050 3.19311070 -3.36009479
v 0.51397336 3.18383884 -3.49322462
v 0.59457415 3.16621876 -3.61814189
v 0.68811923 3.14043784 -3.73282051
v 0.79252714 3.10628796 -3.83589983
v 1.00594735 3.15587878 -3.91821527
v 1.12747252 3.10396051 -3.99346375
v 1.25462055 3.04706478 -4.05498838
v 1.38569736 2.98558235 -4.10314417
v 1.51881731 2.91980314 -4.13867855
v 1.65222406 2.85031915 -4.16201305
v 1.78464544 2.77830815 -4.17343616
v 1.91553903 2.70482016 -4.17402315
v 2.04495883 2.63050151 -4.16539431
v 2.17333269 2.55595350 -4.14790058
v 2.30075216 2.48223066 -4.12045240
v 2.42614150 2.41045380 -4.08101654
v 2.54702401 2.34195757 -4.02647734
v 2.65989542 2.27835608 -3.95435214
v 2.76040030 2.22137380 -3.86359048
v 2.84600663 2.17133403 -3.75689507
v 2.91731644 2.12711310 -3.63906598
v 2.97562599 2.08774590 -3.51343846
v 3.02237797 2.05265474 -3.38209844
v 3.05827951 2.02207971 -3.24594665
v 3.08159781 1.99750054 -3.10519695
v 3.09016156 1.98075593 -2.96085811
v 3.08381677 1.97269773 -2.81496358
v 3.06408048 1.97289729 -2.66954613
v 0.56786215 3.23365879 -2.50311518
v 0.52632135 3.26632357 -2.63899589
v 0.49519056 3.29321218 -2.77918649
v 0.47875246 3.31257963 -2.92311835
v 0.48107961 3.32304430 -3.06891608
v 0.50532603 3.32374048 -3.21358609
v 0.55111724 3.31495142 -3.35389900
v 0.61530393 3.29776812 -3.48748231
v 0.69511586 3.27298951 -3.61232615
v 0.78817129 3.24104285 -3.72650075
v 0.89214778 3.20192456 -3.82883930
v 1.10180759 3.25037861 -3.91273761
v 1.22335684 3.19640517 -3.98696518
v 1.35078382 3.13864970 -4.04759741
v 1.48239326 3.07753682 -4.09536219
v 1.61636913 3.01334119 -4.13146067
v 1.75112391 2.94652367 -4.15647411
v 1.88552952 2.87801957 -4.17044401
v 2.01906228 2.80862951 -4.17406607
v 2.15169621 2.73881292 -4.16859198
v 2.28375435 2.66908765 -4.15401125
v 2.41514611 2.60050702 -4.12883329
v 2.54462051 2.53428102 -4.09073830
v 2.66953444 2.47191763 -4.03641033
v 2.78610325 2.41521525 -3.96321630
v 2.88960052 2.36606288 -3.87007880
v 2.97735548 2.32475996 -3.76010346
v 3.05022907 2.28994346 -3.63872147
v 3.10990095 2.26038456 -3.50971198
v 3.15828371 2.23521280 -3.37546563
v 3.19646502 2.21437860 -3.23698711
v 3.22295094 2.19907832 -3.09446192
v 3.23571610 2.19082046 -2.94875574
v 3.23450804 2.19024539 -2.80163598
v 3.22046781 2.19697285 -2.65487862
v 3.19459987 2.21037149 -2.50981665
v 0.74926442 3.37426281 -2.35903454
v 0.69554567 3.40227818 -2.49235606
v 0.64861655 3.42657304 -2.62936592
v 0.61184126 3.44534349 -2.77067947
v 0.59000844 3.45674491 -2.91583443
v 0.58766639 3.45933485 -3.06290817
v 0.60834944 3.45224905 -3.20872402
v 0.65166032 3.43593168 -3.34984756
v 0.71413010 3.41170812 -3.48383307
v 0.79273582 3.38058615 -3.60868549
v 0.88492733 3.34318137 -3.72252274
v 0.98829502 3.29967403 -3.82424521
v 1.19405317 3.34750271 -3.90971112
v 1.31557894 3.29184890 -3.98292875
v 1.44318485 3.23348188 -4.04270124
v 1.57514250 3.17283249 -4.09015894
v 1.70969558 3.11014652 -4.12692261
v 1.84544551 3.04577470 -4.15365458
v 1.98143268 2.98045421 -4.17010593
v 2.11717415 2.91479516 -4.17654467
v 2.25255990 2.84913421 -4.17378378
v 2.38776183 2.78394151 -4.16147566
v 2.52249289 2.72023821 -4.13790131
v 2.65536284 2.65927100 -4.10061407
v 2.78363085 2.60265279 -4.04623127
v 2.90333796 2.55230021 -3.97206712
v 3.00950408 2.51021433 -3.87704587
v 3.09934402 2.47669125 -3.76454329
v 3.17388296 2.45020485 -3.64042115
v 3.23503637 2.42934704 -3.50875831
v 3.28499579 2.41304016 -3.37216282
v 3.32512259 2.40098429 -3.23176670
v 3.35418844 2.39408803 -3.08779860
v 3.37037063 2.39353776 -2.94103169
v 3.37338591 2.39976788 -2.79300570
v 3.36407804 2.41243386 -2.64526582
v 3.34314513 2.43103266 -2.49903393
v 0.87404197 3.54552078 -2.35079074
v 0.81619215 3.56568193 -2.48517036
v 0.76489788 3.58228064 -2.62312269
v 0.72373003 3.59353876 -2.76534653
v 0.69769621 3.59760332 -2.91143537
v 0.69158113 3.59302711 -3.05945420
v 0.70912349 3.57897544 -3.20612025
v 0.74993640 3.55601621 -3.34786701
v 0.81039101 3.52564096 -3.48220515
v 0.88736308 3.48900628 -3.60715222
v 0.97830695 3.44686675 -3.72082424
v 1.08088171 3.39956307 -3.82206011
v 1.28268433 3.44725060 -3.90913582
v 1.40413857 3.39029193 -3.98135448
v 1.53182364 3.33156157 -4.04030037
v 1.66394508 3.27146983 -4.08753490
v 1.79879677 3.21021914 -4.12506342
v 1.93518889 3.14807200 -4.15355444
v 2.07235479 3.08561230 -4.17242146
v 2.20987415 3.02331686 -4.18145895
v 2.34755015 2.96146584 -4.18096924
v 2.48535538 2.90051460 -4.17029333
v 2.62279296 2.84142423 -4.14765739
v 2.75836825 2.78542352 -4.11064434
v 2.88931322 2.73416305 -4.05594063
v 3.01159954 2.68961096 -3.98090410
v 3.12011075 2.65382862 -3.88449168
v 3.21197176 2.62712765 -3.77021408
v 3.28827786 2.60789728 -3.64416528
v 3.35103178 2.59463382 -3.51057720
v 3.40251422 2.58613706 -3.37218952
v 3.44425201 2.58189654 -3.23028564
v 3.47531056 2.58253002 -3.08520699
v 3.49412513 2.58890772 -2.93768644
v 3.50045085 2.60126543 -2.78907299
v 3.49491072 2.61928058 -2.64070773
v 3.47795558 2.64255786 -2.49370837
v 3.44829988 2.67122459 -2.34945250
v 0.99121338 3.71072149 -2.34643722
v 0.92980146 3.72387028 -2.48155785
v 0.87516540 3.73344660 -2.62026668
v 0.83085680 3.73779821 -2.76318765
v 0.80181587 3.73515487 -2.90992165
v 0.79282379 3.72412133 -3.05855417
v 0.80764806 3.70391965 -3.20577478
v 0.84594554 3.67520475 -3.34795666
v 0.90408671 3.63956642 -3.48259854
v 0.97899777 3.59825063 -3.60772657
v 1.06831014 3.55209899 -3.72140503
v 1.16990781 3.50159168 -3.82228470
v 1.36770082 3.54962254 -3.91101193
v 1.48903596 3.49173403 -3.98224235
v 1.61670017 3.43288875 -4.04039526
v 1.74880099 3.37344837 -4.08748960
v 1.88367271 3.31355882 -4.12588406
v 2.02035403 3.25341582 -4.15617275
v 2.15829587 3.19349408 -4.17739105
v 2.29716277 3.13419437 -4.18880892
v 2.43666649 3.07580757 -4.19014883
v 2.57653499 3.01880717 -4.18046427
v 2.71604586 2.96406507 -4.15810108
v 2.85363698 2.91273856 -4.12082863
v 2.98658156 2.86644888 -4.06553793
v 3.11088800 2.82714748 -3.98972774
v 3.22142076 2.79690528 -3.89241648
v 3.31523871 2.77606964 -3.77711606
v 3.39341378 2.76302075 -3.64995384
v 3.45788765 2.75624466 -3.51516867
v 3.51083875 2.75450325 -3.37554622
v 3.55385351 2.75711560 -3.23254347
v 3.58631730 2.76440382 -3.08668709
v 3.60697961 2.77693009 -2.93871975
v 3.61570263 2.79473805 -2.78983808
v 3.61296606 2.81751275 -2.64120436
v 3.59903193 2.84494710 -2.49383926
v 3.57244945 2.87726164 -2.34908772
v 1.17253876 3.85941529 -2.21444774
v 1.10077858 3.86986470 -2.34597468
v 1.03637373 3.87684321 -2.48151875
v 0.97941905 3.88007045 -2.62079787
v 0.93322158 3.87812185 -2.76420283
v 0.90236735 3.86939979 -2.91129279
v 0.89139438 3.85261750 -3.06020808
v 0.90392327 3.82708144 -3.20768762
v 0.93968767 3.79349756 -3.35011721
v 0.99521720 3.75348473 -3.48501325
v 1.06763983 3.70831871 -3.61040807
v 1.15493679 3.65887833 -3.72426534
v 1.25537348 3.60575986 -3.82491827
v 1.44910276 3.65461826 -3.91533899
v 1.57027102 3.59617543 -3.98559237
v 1.69781446 3.53746343 -4.04298496
v 1.82971025 3.47876835 -4.09002352
v 1.96432316 3.42016602 -4.12938404
v 2.10094070 3.36180615 -4.16151094
v 2.23925591 3.30409908 -4.18501472
v 2.37903976 3.24742794 -4.19859505
v 2.51990914 3.19215918 -4.20132256
v 2.66130066 3.13881922 -4.19198895
v 2.80225205 3.08816075 -4.16923285
v 2.94116879 3.04121637 -4.13116693
v 3.07543612 2.99950981 -4.07502317
v 3.20120335 2.96491003 -3.99853778
v 3.31343389 2.93944478 -3.90082002
v 3.40914512 2.92351675 -3.78524923
v 3.48929095 2.91557527 -3.65778685
v 3.55560350 2.91417980 -3.52253294
v 3.60996985 2.91813922 -3.38223267
v 3.65392709 2.92664099 -3.23854065
v 3.68720841 2.93970966 -3.09223866
v 3.70893407 2.95760512 -2.94413137
v 3.71914124 2.98018551 -2.79530048
v 3.71824408 3.00713038 -2.64675546
v 3.70637345 3.03820014 -2.49942732
v 3.68200088 3.07367778 -2.35461092
v 3.64218354 3.11418319 -2.21456051
v 1.27763903 4.01742077 -2.21829581
v 1.20273757 4.02295065 -2.34940267
v 1.13590896 4.02460051 -2.48505282
v 1.07765889 4.02215242 -2.62471581
v 1.03082442 4.01450968 -2.76839185
v 0.99935067 4.00033760 -2.91554928
v 0.98729295 3.97851539 -3.06441569
v 0.99794906 3.94846082 -3.21185851
v 1.03116274 3.91089439 -3.35434794
v 1.08378255 3.86739588 -3.48944879
v 1.15328932 3.81921077 -3.61519718
v 1.23818707 3.76720428 -3.72940493
v 1.33727860 3.71206760 -3.82996130
v 1.52689016 3.76223826 -3.92211747
v 1.64784372 3.70361614 -3.99140429
v 1.77516651 3.64528561 -4.04806948
v 1.90667284 3.58742976 -4.09513617
v 2.04074836 3.53004026 -4.13556337
v 2.17694902 3.47324276 -4.16956758
v 2.31523490 3.41742754 -4.19529247
v 2.45550513 3.36301732 -4.21081686
v 2.59727836 3.31052113 -4.21449041
v 2.73965216 3.26055074 -4.20486736
v 2.88141108 3.21371126 -4.18105173
v 3.02096367 3.17085671 -4.14165974
v 3.15587640 3.13334608 -4.08439684
v 3.28254557 3.10289836 -4.00733423
v 3.39615035 3.08144665 -3.90970254
v 3.49369097 3.06946945 -3.79461360
v 3.57590938 3.06556106 -3.66766429
v 3.64417958 3.06843877 -3.53266978
v 3.69990706 3.07704449 -3.39224863
v 3.74447250 3.09047318 -3.24827719
v 3.77798390 3.10844779 -3.10186195
v 3.79998851 3.13093281 -2.95392179
v 3.81076694 3.15760827 -2.80546069
v 3.81074452 3.18813372 -2.65736151
v 3.79998064 3.22231698 -2.51047206
v 3.77695441 3.26047277 -2.36602211
v 3.73880649 3.30321908 -2.22617483
v 1.46239877 4.16183233 -2.10317540
v 1.37494278 4.16836262 -2.22659850
v 1.29709041 4.16997910 -2.35672116
v 1.22840703 4.16714239 -2.49216008
v 1.16988480 4.15969324 -2.63202095
v 1.12366521 4.14696169 -2.77575493
v 1.09276581 4.12796879 -2.92269087
v 1.08051944 4.10181522 -3.07117748
v 1.08972538 4.06805801 -3.21828771
v 1.12037086 4.02739525 -3.36064959
v 1.16978264 3.98129964 -3.49590588
v 1.23594618 3.93092656 -3.62209344
v 1.31806076 3.87707734 -3.73682427
v 1.41562319 3.82051468 -3.83741355
v 1.60106301 3.87248230 -3.93134713
v 1.72175407 3.81405592 -3.99967861
v 1.84875631 3.75635529 -4.05564976
v 1.97968876 3.69943261 -4.10282803
v 2.11294818 3.64318180 -4.14442205
v 2.24837923 3.58772588 -4.18034363
v 2.38623285 3.53347945 -4.20822430
v 2.52655911 3.48096299 -4.22547483
v 2.66877365 3.43089318 -4.22965193
v 2.81158996 3.38400149 -4.21909904
v 2.95352316 3.34071636 -4.19355869
v 3.09302187 3.30165982 -4.15230656
v 3.22790289 3.26795745 -4.09365797
v 3.35491490 3.24111247 -4.01611757
v 3.46956992 3.22291112 -3.91906381
v 3.56887627 3.21392727 -3.80520892
v 3.65326881 3.21297765 -3.67958617
v 3.72361588 3.21902204 -3.54557943
v 3.78065085 3.23121929 -3.40559459
v 3.82549000 3.24861217 -3.26175261
v 3.85864401 3.27061796 -3.11555672
v 3.88014293 3.29691315 -2.96809053
v 3.89057946 3.32700586 -2.82031846
v 3.89046788 3.36052251 -2.67302227
v 3.87985325 3.39729786 -2.52697349
v 3.85730958 3.43764663 -2.38332105
v 3.82016635 3.48215795 -2.24409318
v 3.76638246 3.53103232 -2.11208344
v 1.55485356 4.30832815 -2.11803365
v 1.46445000 4.31224060 -2.23935533
v 1.38383710 4.31095028 -2.36793017
v 1.31386805 4.30446863 -2.50284076
v 1.25609696 4.29269171 -2.64271307
v 1.21174407 4.27547741 -2.78629208
v 1.18261278 4.25229263 -2.93271780
v 1.17107379 4.22251701 -3.08049297
v 1.17925239 4.18587303 -3.22697520
v 1.20731199 4.14300060 -3.36902165
v 1.25321746 4.09519625 -3.50438404
v 1.31561053 4.04346609 -3.63109732
v 1.39455807 3.98849702 -3.74652290
v 1.49040711 3.93110132 -3.84727502
v 1.67162120 3.98535037 -3.94302797
v 1.79200208 3.92749476 -4.01041508
v 1.91858387 3.87067246 -4.06572485
v 2.04875803 3.81477690 -4.11309862
v 2.18092275 3.75959063 -4.15596008
v 2.31523108 3.70525551 -4.19383907
v 2.45225000 3.65225458 -4.22381020
v 2.59220123 3.60126448 -4.24256802
v 2.73439550 3.55327535 -4.24680758
v 2.87711358 3.50917172 -4.23468399
v 3.01858854 3.46917653 -4.20675325
v 3.15734315 3.43362546 -4.16310740
v 3.29151535 3.40334439 -4.10280800
v 3.41831088 3.37955260 -4.02488708
v 3.53369260 3.36383843 -3.92890406
v 3.63470078 3.35689044 -3.81703544
v 3.72136950 3.35782552 -3.69355249
v 3.79391241 3.36592937 -3.56126165
v 3.85220075 3.38066363 -3.42227030
v 3.89697957 3.40105772 -3.27896738
v 3.92918873 3.42621994 -3.13332319
v 3.94939756 3.45554590 -2.98663807
v 3.95857882 3.48837852 -2.83987379
v 3.95741367 3.52429700 -2.69373751
v 3.94599152 3.56314254 -2.54893184
v 3.92306685 3.60519958 -2.40650797
v 3.88626313 3.65099978 -2.26831579
v 3.83385825 3.70070601 -2.13684916
v 3.76518154 3.75402021 -2.01510692
v 1.74229193 4.43880558 -2.02833462
v 1.63945377 4.44670343 -2.13808155
v 1.54616058 4.44905519 -2.25656676
v 1.46297753 4.44586372 -2.38302994
v 1.39229190 4.43657970 -2.51709461
v 1.33629525 4.42114830 -2.65679216
v 1.29506099 4.40005779 -2.80000305
v 1.26889169 4.37331009 -2.94562960
v 1.25895619 4.34062052 -3.09236240
v 1.26652992 4.30190563 -3.23792100
v 1.29198611 4.25770998 -3.37946415
v 1.33408713 4.20908546 -3.51488328
v 1.39228213 4.15682983 -3.64220834
v 1.46767879 4.10146379 -3.75850105
v 1.56163061 4.04382753 -3.85954595
v 1.73856497 4.10084248 -3.95716023
v 1.85858786 4.04393291 -4.02361345
v 1.98464918 3.98823690 -4.07829523
v 2.11388063 3.93346238 -4.12594843
v 2.24467206 3.87926650 -4.17017746
v 2.37750459 3.82583141 -4.21005344
v 2.51328611 3.77375340 -4.24204969
v 2.65243196 3.72392201 -4.26209736
v 2.79414344 3.67766738 -4.26595688
v 2.93622303 3.63606143 -4.25162268
v 3.07660675 3.59909129 -4.22063541
v 3.21392775 3.56675363 -4.17406273
v 3.34671378 3.53950644 -4.11184549
v 3.47273397 3.51821828 -4.03364277
v 3.58851862 3.50422812 -3.93922305
v 3.69116473 3.49835896 -3.83009315
v 3.78021121 3.50010419 -3.70956302
v 3.85506916 3.50916076 -3.57971668
v 3.91455722 3.52537751 -3.44227552
v 3.95894098 3.54780984 -3.29992127
v 3.98961782 3.57525420 -3.15516138
v 4.00775194 3.60683131 -3.00956392
v 4.01476479 3.64172602 -2.86412668
v 4.01158190 3.67945695 -2.71950769
v 3.99839497 3.71985102 -2.57634711
v 3.97422624 3.76313162 -2.43558288
v 3.93709707 3.80974436 -2.29884267
v 3.88569760 3.85980296 -2.16824746
v 3.81961632 3.91304183 -2.04633260
v 1.93489850 4.55722570 -1.96038902
v 1.82134914 4.56970596 -2.05716848
v 1.71619952 4.57695818 -2.16331935
v 1.62007451 4.57880640 -2.27823234
v 1.53451169 4.57472038 -2.40202022
v 1.46367872 4.56347513 -2.53492165
v 1.41047978 4.54506302 -2.67425847
v 1.37361586 4.52070236 -2.81688809
v 1.35160232 4.49102068 -2.96142673
v 1.34416652 4.45612574 -3.10678577
v 1.35155797 4.41615629 -3.25112510
v 1.37439322 4.37152338 -3.39197755
v 1.41239166 4.32296753 -3.52740383
v 1.46596122 4.27101755 -3.65542698
v 1.53742313 4.21597767 -3.77275872
v 1.62929356 4.15869331 -3.87422585
v 1.80189407 4.21895838 -3.97374344
v 1.92151129 4.16337013 -4.03927422
v 2.04695225 4.10904884 -4.09336090
v 2.17505646 4.05548954 -4.14137697
v 2.30419588 4.00220966 -4.18707466
v 2.43519998 3.94945383 -4.22898674
v 2.56934094 3.89797568 -4.26294327
v 2.70725107 3.84893560 -4.28406239
v 2.84801793 3.80406976 -4.28710032
v 2.98891878 3.76467061 -4.26991463
v 3.12757802 3.73046088 -4.23520517
v 3.26277542 3.70104456 -4.18517256
v 3.39349818 3.67644382 -4.12077141
v 3.51818395 3.65710998 -4.04238510
v 3.63404799 3.64408040 -3.95002103
v 3.73826814 3.63833284 -3.84438205
v 3.82979393 3.63981414 -3.72761798
v 3.90708613 3.64871645 -3.60094428
v 3.96771979 3.66536069 -3.46561074
v 4.01137447 3.68886852 -3.32461429
v 4.03993130 3.71772051 -3.18107104
v 4.05520630 3.75076938 -3.03686833
v 4.05913830 3.78704882 -2.89307737
v 4.05297327 3.82600260 -2.75033236
v 4.03706408 3.86742353 -2.60921931
v 4.01078749 3.91144252 -2.47054577
v 3.97266817 3.95839190 -2.33567357
v 3.92190051 4.00832319 -2.20627809
v 3.85839176 4.06100607 -2.08433390
v 3.78212523 4.11617374 -1.97150743
v 3.73483777 4.14657497 -1.91711676
v 3.72958827 4.14225245 -1.91202533
v 3.72669172 4.13987112 -1.90921569
v 2.12800050 4.66294813 -1.91408956
v 2.00704408 4.67932034 -1.99856782
v 1.89246380 4.69148064 -2.09196496
v 1.78509068 4.69909239 -2.19374657
v 1.68619192 4.70149374 -2.30435252
v 1.59843981 4.69751930 -2.42490125
v 1.52802849 4.68515491 -2.55632210
v 1.47865033 4.66443634 -2.69511151
v 1.44740880 4.63741064 -2.83694720
v 1.43074477 4.60542440 -2.98010898
v 1.42670476 4.56903315 -3.12376285
v 1.43433666 4.52862406 -3.26658726
v 1.45453334 4.48444128 -3.40656114
v 1.48813093 4.43684244 -3.54194570
v 1.53664768 4.38602877 -3.67075300
v 1.60379100 4.33203793 -3.78929591
v 1.69339597 4.27569818 -3.89131546
v 1.86094832 4.33926392 -3.99321628
v 1.98005557 4.28523636 -4.05790234
v 2.10475159 4.23243427 -4.11148119
v 2.23157239 4.18012857 -4.15994167
v 2.35886645 4.12769747 -4.20713520
v 2.48780918 4.07546377 -4.25101233
v 2.62003493 4.02437067 -4.28675365
v 2.75639391 3.97588110 -4.30866861
v 2.89585853 3.93217134 -4.31050301
v 3.03516340 3.89476967 -4.29001141
v 3.17162371 3.86311865 -4.25115204
v 3.30418968 3.83639979 -4.19734478
v 3.43235087 3.81415749 -4.13063622
v 3.55527973 3.79638243 -4.05218935
v 3.67095494 3.78377342 -3.96226716
v 3.77665901 3.77747107 -3.86068702
v 3.87069440 3.77792311 -3.74830890
v 3.95048141 3.78587031 -3.62538552
v 4.01223803 3.80216122 -3.49263668
v 4.05498314 3.82601547 -3.35337734
v 4.08107901 3.85560751 -3.21136427
v 4.09301186 3.88953710 -3.06883550
v 4.09327507 3.92669463 -2.92696571
v 4.08348751 3.96644020 -2.78638959
v 4.06420660 4.00851536 -2.64764643
v 4.03522348 4.05293417 -2.51140594
v 3.99563694 4.09989452 -2.37873650
v 3.94520473 4.14937592 -2.25082207
v 3.88418961 4.20118093 -2.12901449
v 3.81587243 4.21733856 -2.02135205
v 3.83499837 4.23814535 -2.05071831
v 3.83374572 4.23678112 -2.04879498
v 3.80550408 4.20769835 -2.00538254
v 3.80111361 4.20364714 -1.99861896
v 3.77296782 4.17721415 -1.96389079
v 2.31571889 4.76074600 -1.88487053
v 2.19154716 4.77912092 -1.96032250
v 2.07136798 4.79466677 -2.04305434
v 1.95597959 4.80711699 -2.13259959
v 1.84653223 4.81577682 -2.22947693
v 1.74501097 4.81944799 -2.33527160
v 1.65531421 4.81627178 -2.45217776
v 1.58578646 4.80338621 -2.58184886
v 1.54093635 4.78086758 -2.71989202
v 1.51614237 4.75164747 -2.86071992
v 1.50560892 4.71783972 -3.00224853
v 1.50555980 4.68048143 -3.14391685
v 1.51373541 4.64022350 -3.28496981
v 1.53131807 4.59711742 -3.42388201
v 1.56035531 4.55109549 -3.55913544
v 1.60356915 4.50199413 -3.68873215
v 1.66614950 4.44955254 -3.80856156
v 1.75332952 4.39456701 -3.91121936
v 1.91277194 4.45981359 -4.01754045
v 2.03101301 4.40697908 -4.08176088
v 2.15472841 4.35537720 -4.13515902
v 2.28023458 4.30411625 -4.18413448
v 2.40587306 4.25249290 -4.23252678
v 2.53306007 4.20091343 -4.27779961
v 2.66366696 4.15047312 -4.31465483
v 2.79867506 4.10286093 -4.33683395
v 2.93694901 4.06058025 -4.33735180
v 3.07479286 4.02533150 -4.31393003
v 3.20928693 3.99631953 -4.27155972
v 3.33952904 3.97237945 -4.21464872
v 3.46543074 3.95265222 -4.14614534
v 3.58679199 3.93672800 -4.06786728
v 3.70226002 3.92500043 -3.98030043
v 3.80923843 3.91872191 -3.88252139
v 3.90549231 3.91876292 -3.77428293
v 3.98757410 3.92632604 -3.65501380
v 4.05057001 3.94270611 -3.52496982
v 4.09291410 3.96722317 -3.38769031
v 4.11730957 3.99781656 -3.24743652
v 4.12676477 4.03287840 -3.10673666
v 4.12423182 4.07117414 -2.96686721
v 4.11163330 4.11198902 -2.82847476
v 4.08970451 4.15501261 -2.69206858
v 4.05860233 4.20014763 -2.55820608
v 4.01791143 4.24746609 -2.42770815
v 3.96786451 4.29687595 -2.30134439
v 3.90828538 4.34390259 -2.17845821
v 3.91001558 4.34731770 -2.18201947
v 3.88932681 4.30718374 -2.14476776
v 3.87973189 4.29391050 -2.12808323
v 3.85472846 4.25954819 -2.08462048
v 3.86385536 4.27201462 -2.10048032
v 3.90027189 4.32835436 -2.16421604
v 2.37982988 4.78540134 -1.87225187
v 2.38873172 4.83893728 -1.90007138
v 2.39056039 4.84777451 -1.90451109
v 2.37134600 4.88704395 -1.93582642
v 2.38022208 4.79759455 -1.87928092
v 2.39396429 4.86391544 -1.91218138
v 2.40229702 4.88236761 -1.91890562
v 2.24896240 4.90339851 -2.01156473
v 2.12945747 4.91779757 -2.09250188
v 2.01343560 4.92998505 -2.17851710
v 1.90233636 4.93896484 -2.27101731
v 1.79876173 4.94309807 -2.37253165
v 1.70760846 4.93997908 -2.48611116
v 1.63894629 4.92607641 -2.61397719
v 1.59791625 4.90151882 -2.75101709
v 1.57848537 4.86996508 -2.89062238
v 1.57301629 4.83416748 -3.03040648
v 1.57620621 4.79556990 -3.17003512
v 1.58469367 4.75504398 -3.30923629
v 1.59987533 4.71248055 -3.44692206
v 1.62481427 4.66745377 -3.58177781
v 1.66326845 4.61949539 -3.71180701
v 1.72166574 4.56810760 -3.83256626
v 1.80637074 4.51406431 -3.93575287
v 1.95700908 4.58037376 -4.04695225
v 2.07399702 4.52829027 -4.11112261
v 2.19648290 4.47751427 -4.16469526
v 2.32065868 4.42705870 -4.21425629
v 2.44487691 4.37620640 -4.26351070
v 2.57067895 4.32544708 -4.30954885
v 2.70003200 4.27598619 -4.34678841
v 2.83395243 4.22964621 -4.36866856
v 2.97120309 4.18912888 -4.36779022
v 3.10778666 4.15623236 -4.34191465
v 3.24063277 4.12997341 -4.29680014
v 3.36895680 4.10893059 -4.23757410
v 3.49299788 4.09192896 -4.16786575
v 3.61305428 4.07823086 -4.08999920
v 3.72832632 4.06796503 -4.00464344
v 3.83635592 4.06244087 -3.91030860
v 3.93449831 4.06285524 -3.80585861
v 4.01864338 4.07077026 -3.69006705
v 4.08301210 4.08782959 -3.56280470
v 4.12554693 4.11345243 -3.42773175
v 4.14913464 4.14542007 -3.28945565
v 4.15714025 4.18196630 -3.15072513
v 4.15285969 4.22175360 -3.01291108
v 4.13843536 4.26399994 -2.87668371
v 4.11474752 4.30834579 -2.74253893
v 4.08225679 4.35459280 -2.61095119
v 4.04092693 4.40269756 -2.48254967
v 3.99135542 4.45249796 -2.35778117
v 3.93575907 4.49480152 -2.23987031
v 3.93565321 4.49004650 -2.23951650
v 3.93416953 4.42636395 -2.23463964
v 3.91833425 4.36552811 -2.19989038
v 3.91740012 4.36196661 -2.19784069
v 3.92213631 4.38004494 -2.20823121
v 3.93183398 4.41731262 -2.22951269
v 3.93561816 4.50262117 -2.23986602
v 3.93588972 4.50113010 -2.24039245
v 2.40979719 4.89892483 -1.92469656
v 2.41945648 4.92019272 -1.93212354
v 2.42302179 4.92808008 -1.93505597
v 2.42150331 5.02345228 -1.99210644
v 2.46641064 4.98713207 -1.94893301
v 2.49495339 5.01368904 -1.95080483
v 2.45076537 4.96586323 -1.94394350
v 2.30049133 5.03762913 -2.06762385
v 2.18150401 5.05046320 -2.14674830
v 2.06501770 5.06169510 -2.22965002
v 1.95272148 5.07009602 -2.31842875
v 1.84771264 5.07370090 -2.41631866
v 1.75562024 5.06972599 -2.52697325
v 1.68774784 5.05417871 -2.65300512
v 1.64965963 5.02725267 -2.78877831
v 1.63427746 4.99315310 -2.92694497
v 1.63258386 4.95511913 -3.06489182
v 1.63809896 4.91491270 -3.20245361
v 1.64660227 4.87357759 -3.33974338
v 1.65961862 4.83088350 -3.47604108
v 1.68099606 4.78612518 -3.61021113
v 1.71532917 4.73860216 -3.74027181
v 1.76999843 4.68765259 -3.86155200
v 1.85219193 4.63404131 -3.96513391
v 1.99365973 4.70094442 -4.08145142
v 2.10900784 4.64917088 -4.14598751
v 2.23001552 4.59884501 -4.20009089
v 2.35284472 4.54895687 -4.25030661
v 2.47587848 4.49883795 -4.30008650
v 2.60066557 4.44906473 -4.34626055
v 2.72913027 4.40090990 -4.38315439
v 2.86222529 4.35623741 -4.40417337
v 2.99862051 4.31781721 -4.40181828
v 3.13414526 4.28747272 -4.37396526
v 3.26566148 4.26408052 -4.32687283
v 3.39247322 4.24605370 -4.26612043
v 3.51505208 4.23198700 -4.19579697
v 3.63406658 4.22089052 -4.11858463
v 3.74915409 4.21266699 -4.03529644
v 3.85801148 4.20862818 -3.94404840
v 3.95771265 4.21020031 -3.84303617
v 4.04368973 4.21920300 -3.73054481
v 4.10956383 4.23753214 -3.60614109
v 4.15288115 4.26470327 -3.47350144
v 4.17655420 4.29841709 -3.33742166
v 4.18413830 4.33680153 -3.20080066
v 4.17915726 4.37843180 -3.06509757
v 4.16389322 4.42247343 -2.93101645
v 4.13933611 4.46851540 -2.79905701
v 4.10618782 4.51627016 -2.66964126
v 4.06468201 4.56558990 -2.54326105
v 4.01567745 4.61624336 -2.42013216
v 3.93480635 4.50704956 -2.23832297
v 3.96005416 4.66802263 -2.30039907
v 3.89986539 4.63644361 -2.18367982
v 3.90803361 4.61375427 -2.19699764
v 3.89695454 4.72104931 -2.18461776
v 3.88778448 4.66705608 -2.16376376
v 3.89276075 4.65615845 -2.17209458
v 3.92048216 4.57918119 -2.21729469
v 3.92683887 4.54720116 -2.22659540
v 3.93466067 4.50778198 -2.23810816
v 3.85734344 4.72872782 -2.12280560
v 3.86421752 4.71469212 -2.13204145
v 3.87218928 4.69852543 -2.14276576
v 3.84434557 4.75196075 -2.10495329
v 3.83668995 4.76573181 -2.09444857
v 2.58894706 5.08469391 -1.94574428
v 2.61282349 5.09659386 -1.94211757
v 2.58885765 5.15602255 -1.98388934
v 2.65845537 5.11949968 -1.93527317
v 2.66059923 5.12056017 -1.93494320
v 2.56598020 5.06902838 -1.94697905
v 2.66174555 5.12113333 -1.93477011
v 2.70958018 5.13751984 -1.92352152
v 2.71373177 5.13897038 -1.92256045
v 2.56289053 5.06693172 -1.94715095
v 2.52134800 5.03823900 -1.95152938
v 2.51750445 5.03470564 -1.95144701
v 2.52274275 5.03952789 -1.95156276
v 2.46619105 5.16997051 -2.05371070
v 2.34613371 5.18181276 -2.12849975
v 2.22750783 5.19266319 -2.20579362
v 2.11072540 5.20224714 -2.28599882
v 1.99768758 5.20917034 -2.37171102
v 1.89186394 5.21125603 -2.46663260
v 1.79934967 5.20551109 -2.57476425
v 1.73219121 5.18769264 -2.69893265
v 1.69616640 5.15806913 -2.83317566
v 1.68351877 5.12121105 -2.96968794
v 1.68431187 5.08069420 -3.10570407
v 1.69123805 5.03850937 -3.24117208
v 1.69946098 4.99582434 -3.37649107
v 1.71054792 4.95232630 -3.51123857
v 1.72890067 4.90710974 -3.64443517
v 1.75975144 4.85931540 -3.77412653
v 1.81114769 4.80818748 -3.89551878
v 1.89079285 4.75449800 -3.99936295
v 2.13604546 4.76961994 -4.18635511
v 2.02272391 4.82152462 -4.12103796
v 2.25532579 4.71936989 -4.24134541
v 2.37679243 4.66981030 -4.29228544
v 2.49887729 4.62038803 -4.34225464
v 2.62301993 4.57176638 -4.38793468
v 2.75096154 4.52524471 -4.42375326
v 2.88349438 4.48263407 -4.44334793
v 3.01920152 4.44664526 -4.43943501
v 3.15386844 4.41905212 -4.41008091
v 3.28437304 4.39864016 -4.36177778
v 3.41007805 4.38374805 -4.30028820
v 3.53159332 4.37282705 -4.22993898
v 3.64982891 4.36470699 -4.15362310
v 3.76474333 4.35910702 -4.07225895
v 3.87420511 4.35728359 -3.98374081
v 3.97513509 4.36079836 -3.88581562
v 4.06271267 4.37162447 -3.77644753
v 4.13022566 4.39181280 -3.65497923
v 4.17491674 4.42097473 -3.52499938
v 4.19956875 4.45680857 -3.39133477
v 4.20775843 4.49738312 -3.25696349
v 4.20312500 4.54121017 -3.12342644
v 4.18800735 4.58740902 -2.99147272
v 4.16346979 4.63552141 -2.86162329
v 4.13039446 4.68517923 -2.73427653
v 4.08917809 4.73614264 -2.60984206
v 4.04083061 4.78811121 -2.48839736
v 3.98627806 4.84083748 -2.36992264
v 3.92455745 4.89443541 -2.25488806
v 3.85266805 4.94905949 -2.14539385
v 3.82535744 4.78605175 -2.07914376
v 3.83024287 4.77726078 -2.08573723
v 3.77435732 4.86474419 -2.02921486
v 3.77515721 4.86358643 -2.03000998
v 3.76775289 5.00386906 -2.04653335
v 3.77327943 4.86631680 -2.02814531
v 3.79909825 4.82679653 -2.05342245
v 3.74967480 4.90108252 -2.00478387
v 3.81786823 4.79823256 -2.07182956
v 3.81810856 4.79784250 -2.07206082
v 3.82373643 4.78866386 -2.07755494
v 3.71771884 4.94098234 -1.98474395
v 3.73035169 4.92612743 -1.99288893
v 3.74911380 4.90180206 -2.00443673
v 3.70917606 4.95111609 -1.97925758
v 3.68611741 4.97877789 -1.96400476
v 3.66716027 5.05762529 -1.96447587
v 3.68192339 4.98389721 -1.96125078
v 3.65821600 5.00899076 -1.94479287
v 3.66636157 5.00038815 -1.95045221
v 3.69407153 4.96918583 -1.96925461
v 3.63381076 5.03062916 -1.93616390
v 3.57014203 5.07791615 -1.91020799
v 3.57961369 5.07104445 -1.91411567
v 3.54997873 5.10829830 -1.90636790
v 3.54662657 5.09076977 -1.89931035
v 3.55204654 5.08776093 -1.90180886
v 3.62873411 5.03515959 -1.93431044
v 3.53432322 5.09621668 -1.89673758
v 3.41723180 5.13425875 -1.86710703
v 3.43748999 5.12978601 -1.87292993
v 3.42092252 5.15374613 -1.87487137
v 3.41707778 5.13429165 -1.86706233
v 3.49711466 5.11164522 -1.88842463
v 3.50563598 5.10897350 -1.89061284
v 3.39905000 5.13691950 -1.86486030
v 3.27776551 5.15086985 -1.84863377
v 3.29375291 5.14929247 -1.85086846
v 3.28645611 5.19353342 -1.86578941
v 3.36621118 5.14171076 -1.86083817
v 3.34712672 5.14380121 -1.85824656
v 3.23453641 5.15296412 -1.84794128
v 3.27674198 5.15092134 -1.84861803
v 3.14960504 5.15870285 -1.84742749
v 3.18091178 5.15638542 -1.84753656
v 3.15049529 5.22790480 -1.87498534
v 3.21294594 5.15410376 -1.84768379
v 3.14364123 5.15917063 -1.84741712
v 3.21902013 5.15370274 -1.84772408
v 3.13621688 5.15993214 -1.84747553
v 3.07092905 5.16426563 -1.85490680
v 3.09029388 5.16282415 -1.85263669
v 2.99621344 5.16949558 -1.86388373
v 3.03206682 5.16672182 -1.85946310
v 3.01522851 5.25713968 -1.89970219
v 3.06589365 5.16463280 -1.85551810
v 2.95102811 5.16989374 -1.87311518
v 2.97516131 5.16975451 -1.86821795
v 2.92029595 5.17007208 -1.87935197
v 2.90980268 5.17028093 -1.88154829
v 2.98691750 5.16989803 -1.86592782
v 2.86531639 5.16760731 -1.88953686
v 2.90531468 5.17036152 -1.88251555
v 2.88225865 5.28129292 -1.93838477
v 2.85661578 5.16712332 -1.89111733
v 2.81287003 5.16233873 -1.90255487
v 2.82265830 5.16438770 -1.90047002
v 2.79591131 5.15898609 -1.90626311
v 2.71646905 5.13991404 -1.92200172
v 2.74087381 5.14811373 -1.91830134
v 2.76090074 5.15196228 -1.91386867
v 2.71531105 5.13952398 -1.92218328
v 2.75280404 5.30043745 -1.98975611
v 2.62734056 5.31518078 -2.05150294
v 2.50540876 5.32659960 -2.12063909
v 2.38588953 5.33595037 -2.19419289
v 2.26746845 5.34439754 -2.26963758
v 2.15055871 5.35164070 -2.34756303
v 2.03723454 5.35618734 -2.43086410
v 1.93121529 5.35576344 -2.52347302
v 1.83879685 5.34733582 -2.62948418
v 1.77227628 5.32661819 -2.75175977
v 1.73743677 5.29396772 -2.88420868
v 1.72620916 5.25413942 -3.01885128
v 1.72820008 5.21089315 -3.15284324
v 1.73562348 5.16636038 -3.28619051
v 1.74327004 5.12178421 -3.41947985
v 1.75266302 5.07680845 -3.55251479
v 1.76852798 5.03040695 -3.68444967
v 1.79653513 4.98163462 -3.81337094
v 1.84511364 4.92971230 -3.93446684
v 1.92217362 4.87543440 -4.03843975
v 2.15510964 4.88963747 -4.23222589
v 2.04420137 4.94211531 -4.16571236
v 2.27241397 4.83908892 -4.28845882
v 2.39250207 4.78961897 -4.34019279
v 2.51387382 4.74085569 -4.39001513
v 2.63774252 4.69355249 -4.43457127
v 2.76552606 4.64899015 -4.46858406
v 2.89775896 4.60883617 -4.48619223
v 3.03294587 4.57561302 -4.48064137
v 3.16695642 4.55097055 -4.45026255
v 3.29676723 4.53365374 -4.40151596
v 3.42177129 4.52201366 -4.34007692
v 3.54262185 4.51444864 -4.27029181
v 3.66034150 4.50968075 -4.19511557
v 3.77509403 4.50728416 -4.11553144
v 3.88493681 4.50840664 -4.02938604
v 3.98676562 4.51464891 -3.93419695
v 4.07571268 4.52803421 -3.82777500
v 4.14499712 4.55067205 -3.70931911
v 4.19165421 4.58226824 -3.58222556
v 4.21817827 4.62059402 -3.45119476
v 4.22800064 4.66371250 -3.31921339
v 4.22476339 4.71008730 -3.18789792
v 4.21077728 4.75880671 -3.05805302
v 4.18714952 4.80936384 -2.93023753
v 4.15487719 4.86132002 -2.80485678
v 4.11441422 4.91435575 -2.68229294
v 4.06681490 4.96810150 -2.56257701
v 4.01296997 5.02225256 -2.44564414
v 3.95185351 5.07687330 -2.33195662
v 3.88047051 5.13209391 -2.22362494
v 3.79605460 5.18704987 -2.12567639
v 3.69609094 5.24049807 -2.04409194
v 3.57969165 5.29048586 -1.98585033
v 3.45141912 5.33497143 -1.95378876
v 3.31763697 5.37348080 -1.94403362
v 3.18226862 5.40620232 -1.95253587
v 3.04752970 5.43346262 -1.97650361
v 2.91503954 5.45539188 -2.01437306
v 2.78600287 5.47216320 -2.06476736
v 2.66086578 5.48445559 -2.12526941
v 2.53915715 5.49333906 -2.19289184
v 2.41975904 5.50004101 -2.26470280
v 2.30138636 5.50566626 -2.33828044
v 2.18451786 5.50987625 -2.41434312
v 2.07136226 5.51114798 -2.49588847
v 1.96576703 5.50722313 -2.58684039
v 1.87396157 5.49519920 -2.69113302
v 1.80800319 5.47095585 -2.81148672
v 1.77347064 5.43494892 -2.94187784
v 1.76234865 5.39193821 -3.07443500
v 1.76424873 5.34571552 -3.20630932
v 1.77125514 5.29846573 -3.33750916
v 1.77802920 5.25145769 -3.46870899
v 1.78596425 5.20433044 -3.59986973
v 1.79987800 5.15601730 -3.73025489
v 1.82568038 5.10555935 -3.85800552
v 1.87189603 5.05222750 -3.97839594
v 1.94633424 4.99685049 -4.08236456
v 2.16620064 5.00922441 -4.28359938
v 2.05809259 5.06271648 -4.21547413
v 2.28128004 4.95800161 -4.34143162
v 2.39997363 4.90838242 -4.39402914
v 2.52086759 4.86024189 -4.44336748
v 2.64483285 4.81442261 -4.48617029
v 2.77282381 4.77214622 -4.51764774
v 2.90501976 4.73484421 -4.53270626
v 3.03985381 4.70472050 -4.52543688
v 3.17340899 4.68322802 -4.49450970
v 3.30284429 4.66911983 -4.44608593
v 3.42755318 4.66085148 -4.38548708
v 3.54813743 4.65685177 -4.31685591
v 3.66560388 4.65581083 -4.24306202
v 3.78020620 4.65719938 -4.16511345
v 3.89020634 4.66199827 -4.08098412
v 3.99260449 4.67175198 -3.98818016
v 4.08268929 4.68843317 -3.88452721
v 4.15387869 4.71411037 -3.76916051
v 4.20309353 4.74858284 -3.64517999
v 4.23238182 4.78977346 -3.51700187
v 4.24486542 4.83578825 -3.38755059
v 4.24407196 4.88506460 -3.25851178
v 4.23220348 4.93666697 -3.13075709
v 4.21037388 4.99004269 -3.00489974
v 4.17963552 5.04469252 -2.88138175
v 4.14039040 5.10022879 -2.76061392
v 4.09363031 5.15621471 -2.64267063
v 4.04012966 5.21226788 -2.52756333
v 3.97884297 5.26836205 -2.41582322
v 3.90698910 5.32455397 -2.30952835
v 3.82214522 5.37992430 -2.21349645
v 3.72213578 5.43324423 -2.13330889
v 3.60618973 5.48267603 -2.07548881
v 3.47858977 5.52627850 -2.04292727
v 3.34540033 5.56352472 -2.03222299
v 3.21047926 5.59457541 -2.03955507
v 3.07605696 5.61982965 -2.06215167
v 2.94375157 5.63952351 -2.09842491
v 2.81473374 5.65395594 -2.14690375
v 2.68943286 5.66384697 -2.20518923
v 2.56743550 5.67018890 -2.27046847
v 2.44774222 5.67408466 -2.34002972
v 2.32926106 5.67646933 -2.41172218
v 2.21260285 5.67695379 -2.48633862
v 2.10007095 5.67405128 -2.56678367
v 1.99551892 5.66563511 -2.65673470
v 1.90484393 5.64910173 -2.75971055
v 1.83937192 5.62070465 -2.87811327
v 1.80426800 5.58101225 -3.00618291
v 1.79193723 5.53460741 -3.13643932
v 1.79245758 5.48516083 -3.26610279
v 1.79813313 5.43482494 -3.39512777
v 1.80373859 5.38484383 -3.52417898
v 1.81045127 5.33489227 -3.65330362
v 1.82295084 5.28394032 -3.78185105
v 1.84718704 5.23109007 -3.90803003
v 1.89149499 5.17573261 -4.02730608
v 1.96327484 5.11874628 -4.13113689
v 2.16931820 5.12837982 -4.34047604
v 2.06439710 5.18332767 -4.27032328
v 2.28192401 5.07610846 -4.40026283
v 2.39920712 5.02610159 -4.45379400
v 2.51985884 4.97854614 -4.50231171
v 2.64429116 4.93437672 -4.54273176
v 2.77285480 4.89471340 -4.57094383
v 2.90527606 4.86065769 -4.58289003
v 3.03992534 4.83396816 -4.57382202
v 3.17322612 4.81582451 -4.54282236
v 3.30260420 4.80503941 -4.49548864
v 3.42742348 4.80026007 -4.43651819
v 3.54814005 4.80003691 -4.36963081
v 3.66561651 4.80309820 -4.29746151
v 3.78007984 4.80885220 -4.22100544
v 3.89001393 4.81805801 -4.13853455
v 3.99265146 4.83210754 -4.04776525
v 4.08364248 4.85281992 -3.94670439
v 4.15686989 4.88212729 -3.83450389
v 4.20923376 4.91991854 -3.71386290
v 4.24218035 4.96434689 -3.58875608
v 4.25835228 5.01361132 -3.46197486
v 4.26105118 5.06614113 -3.33526826
v 4.25228548 5.12098932 -3.20958495
v 4.23314381 5.17755795 -3.08560991
v 4.20466995 5.23529720 -2.96385193
v 4.16710711 5.29376268 -2.84480453
v 4.12127733 5.35245085 -2.72867870
v 4.06775713 5.41088343 -2.61568046
v 4.00552511 5.46890259 -2.50648832
v 3.93222380 5.52644014 -2.40310383
v 3.84602475 5.58249235 -2.30999374
v 3.74529505 5.63586283 -2.23212695
v 3.62947297 5.68486977 -2.17528367
v 3.50243425 5.72766733 -2.14228678
v 3.36974597 5.76366663 -2.13035727
v 3.23512697 5.79302454 -2.13604259
v 3.10081005 5.81624079 -2.15664601
v 2.96839452 5.83368874 -2.19054031
v 2.83899641 5.84581518 -2.23616529
v 2.71304250 5.85335541 -2.29126215
v 2.59024429 5.85714912 -2.35336947
v 2.46983886 5.85808182 -2.42017341
v 2.35109305 5.85680723 -2.48996282
v 2.23481345 5.85287285 -2.56355000
v 2.12336063 5.84489822 -2.64354992
v 2.02047110 5.83099985 -2.73315549
v 1.93144393 5.80904341 -2.83521724
v 1.86638236 5.77586555 -2.95163941
v 1.82982886 5.73215866 -3.07712388
v 1.81497502 5.68214655 -3.20486379
v 1.81282687 5.62923050 -3.33222294
v 1.81625748 5.57543850 -3.45904660
v 1.82039821 5.52194405 -3.58588982
v 1.82612443 5.46849394 -3.71281600
v 1.83774638 5.41417694 -3.83923769
v 1.86105514 5.35822678 -3.96344447
v 1.90391064 5.30022764 -4.08119726
v 1.97299516 5.24112177 -4.18475723
v 2.16446280 5.24710417 -4.40285587
v 2.06311512 5.30394888 -4.33025980
v 2.27434564 5.19340944 -4.46495342
v 2.39020252 5.14277601 -4.51948738
v 2.51084757 5.09576893 -4.56684828
v 2.63611722 5.05341482 -4.60425520
v 2.76561880 5.01669073 -4.62847233
v 2.89852834 4.98627663 -4.63674307
v 3.03316045 4.96335506 -4.62579632
v 3.16640782 4.94876051 -4.59520054
v 3.29604697 4.94141150 -4.54972410
v 3.42138243 4.94024086 -4.49317074
v 3.54262996 4.94400358 -4.42861652
v 3.66037917 4.95154285 -4.35831451
v 3.77471471 4.96224213 -4.28320694
v 3.88435984 4.97658539 -4.20203781
v 3.98690677 4.99571609 -4.11295176
v 4.07857227 5.02119589 -4.01430607
v 4.15397120 5.05472279 -3.90534878
v 4.21007586 5.09627581 -3.78827405
v 4.24757385 5.14431429 -3.66645694
v 4.26846123 5.19718122 -3.54248643
v 4.27570009 5.25331688 -3.41816735
v 4.27102375 5.31177378 -3.29453635
v 4.25545931 5.37190962 -3.17236805
v 4.22998047 5.43313408 -3.05226707
v 4.19456387 5.49495649 -2.93486476
v 4.14975500 5.55680943 -2.82060099
v 4.09585285 5.61809969 -2.70999527
v 4.03190088 5.67849398 -2.60395169
v 3.95617437 5.73775196 -2.50435209
v 3.86769342 5.79475498 -2.41516805
v 3.76556849 5.84835482 -2.34054613
v 3.64954138 5.89706659 -2.28523469
v 3.52295280 5.93913794 -2.25186706
v 3.39067435 5.97390556 -2.23843670
v 3.25621152 6.00154924 -2.24199891
v 3.12178874 6.02269602 -2.25998712
v 2.98896861 6.03788710 -2.29071927
v 2.85879111 6.04774046 -2.33255219
v 2.73169398 6.05298042 -2.38348794
v 2.60758328 6.05421925 -2.44159484
v 2.48604918 6.05203247 -2.50513434
v 2.36688185 6.04667950 -2.57300210
v 2.25114989 6.03763390 -2.64597678
v 2.14123106 6.02368784 -2.72618699
v 2.04062343 6.00331640 -2.81610346
v 1.95376158 5.97502375 -2.91765261
v 1.88903463 5.93643808 -3.03206539
v 1.85015321 5.88838720 -3.15470099
v 1.83146203 5.83455563 -3.27970862
v 1.82535648 5.77792311 -3.40467024
v 1.82562804 5.72030592 -3.52926540
v 1.82800806 5.66275692 -3.65384126
v 1.83298337 5.60513496 -3.77840686
v 1.84426475 5.54672623 -3.90241504
v 1.86728477 5.48696947 -4.02424908
v 1.90914273 5.42571306 -4.14006948
v 1.97549534 5.36397696 -4.24322510
v 2.05582309 5.42298937 -4.39470625
v 2.15353870 5.36400080 -4.46978140
v 2.26069593 5.30868864 -4.53421068
v 2.37520361 5.25731087 -4.58967638
v 2.49599624 5.21082354 -4.63569450
v 2.62229180 5.17034245 -4.66984272
v 2.75290728 5.13668203 -4.68983078
v 2.88643789 5.11006451 -4.69429731
v 3.02114916 5.09103632 -4.68156338
v 3.15446067 5.08004522 -4.65170670
v 3.28453684 5.07612658 -4.60855103
v 3.41061544 5.07852650 -4.55489349
v 3.53262949 5.08625889 -4.49306202
v 3.65083051 5.09833431 -4.42485237
v 3.76509261 5.11415625 -4.35112333
v 3.87436533 5.13392496 -4.27116156
v 3.97665048 5.15849733 -4.18364620
v 4.06882477 5.18911743 -4.08736801
v 4.14636517 5.22718811 -3.98171997
v 4.20638037 5.27276325 -3.86835599
v 4.24874687 5.32463789 -3.74998641
v 4.27474356 5.38131952 -3.62896156
v 4.28693581 5.44127321 -3.50713348
v 4.28674126 5.50355387 -3.38562703
v 4.27511120 5.56747532 -3.26531100
v 4.25291538 5.63241339 -3.14689803
v 4.21982288 5.69784021 -3.03118110
v 4.17605019 5.76312399 -2.91886854
v 4.12158537 5.82755041 -2.81084609
v 4.05555534 5.89059210 -2.70827460
v 3.97695637 5.95180798 -2.61289454
v 3.88576102 6.00994778 -2.52812171
v 3.78191209 6.06392050 -2.45719123
v 3.66550112 6.11245918 -2.40369701
v 3.53928614 6.15390491 -2.37001491
v 3.40735841 6.18752337 -2.35496068
v 3.27297115 6.21352816 -2.35616064
v 3.13833022 6.23267555 -2.37121296
v 3.00495195 6.24567747 -2.39838290
v 2.87379622 6.25332022 -2.43595934
v 2.74532676 6.25629044 -2.48227048
v 2.61968088 6.25494576 -2.53599143
v 2.49685597 6.24951982 -2.59603167
v 2.37723255 6.23984909 -2.66195488
v 2.26215768 6.22533894 -2.73447013
v 2.15399313 6.20499468 -2.81512332
v 2.05592918 6.17770290 -2.90555668
v 1.97141933 6.14267254 -3.00667310
v 1.90692818 6.09840727 -3.11895967
v 1.86525404 6.04586744 -3.23852563
v 1.84206283 5.98811436 -3.36060309
v 1.83135700 5.92763329 -3.48303008
v 1.82801604 5.86598921 -3.60529685
v 1.82849169 5.80409241 -3.72749496
v 1.83285165 5.74193335 -3.84954047
v 1.84409702 5.67903471 -3.97090960
v 1.86719275 5.61507845 -4.09008551
v 1.90834141 5.55020857 -4.20367670
v 1.97204149 5.48553371 -4.30623960
v 2.04488659 5.53806305 -4.46279478
v 2.13940406 5.47697449 -4.53981829
v 2.24420166 5.42012310 -4.60609674
v 2.35757685 5.36806393 -4.66221189
v 2.47854853 5.32208109 -4.70692587
v 2.60578561 5.28336620 -4.73814487
v 2.73740721 5.25259018 -4.75441504
v 2.87149668 5.22956562 -4.75559950
v 3.00627732 5.21424341 -4.74142694
v 3.13964438 5.20669270 -4.71243429
v 3.27012062 5.20601797 -4.67160749
v 3.39690113 5.21171856 -4.62085915
v 3.51967239 5.22306395 -4.56184149
v 3.63837767 5.23925877 -4.49592113
v 3.75268507 5.25977182 -4.42386103
v 3.86171412 5.28459311 -4.34540844
v 3.96380377 5.31433153 -4.25970697
v 4.05641794 5.34992075 -4.16594315
v 4.13582563 5.39246082 -4.06365395
v 4.19928789 5.44204569 -3.95402217
v 4.24597692 5.49775934 -3.83916593
v 4.27652502 5.55825996 -3.72121453
v 4.29313087 5.62203121 -3.60205317
v 4.29692364 5.68812847 -3.48287988
v 4.28878546 5.75582170 -3.36464381
v 4.26949930 5.82445240 -3.24815106
v 4.23847532 5.89345694 -3.13433266
v 4.19564104 5.96214485 -3.02412844
v 4.14070797 6.02968788 -2.91874027
v 4.07286835 6.09537792 -2.81954813
v 3.99174237 6.15858507 -2.72816443
v 3.89814258 6.21792603 -2.64750767
v 3.79275918 6.27236223 -2.58000064
v 3.67601061 6.32083607 -2.52820325
v 3.55014586 6.36179066 -2.49424958
v 3.41855836 6.39444160 -2.47767854
v 3.28426290 6.41902637 -2.47663403
v 3.14943910 6.43639946 -2.48888183
v 3.01556230 6.44739819 -2.51266360
v 2.88352990 6.45293522 -2.54622889
v 2.75384927 6.45363712 -2.58821487
v 2.62687922 6.44964600 -2.63783026
v 2.50298381 6.44091988 -2.69454551
v 2.38305163 6.42695904 -2.75849342
v 2.26865506 6.40714025 -2.83030558
v 2.16211224 6.38067865 -2.91100049
v 2.06631732 6.34683514 -3.00148416
v 1.98385131 6.30543375 -3.10176301
v 1.91946220 6.25575066 -3.21167588
v 1.87515056 6.19885254 -3.32801509
v 1.84777486 6.13723946 -3.44699097
v 1.83279443 6.07295227 -3.56668019
v 1.82607794 6.00733089 -3.68640947
v 1.82473421 5.94116402 -3.80604339
v 1.82846427 5.87456465 -3.92541170
v 1.83963025 5.80727291 -4.04401112
v 1.86275434 5.73919344 -4.16041756
v 1.90323174 5.67074537 -4.27165031
v 1.96453297 5.60312366 -4.37334919
v 2.03032851 5.64914560 -4.53451681
v 2.12208676 5.58600426 -4.61295176
v 2.22489405 5.52769423 -4.68059301
v 2.33735514 5.47501898 -4.73707294
v 2.45853662 5.42952633 -4.78052330
v 2.58662772 5.39246893 -4.80914879
v 2.71914530 5.36439514 -4.82221985
v 2.85372901 5.34475565 -4.82064915
v 2.98856807 5.33294916 -4.80539083
v 3.12198114 5.32867384 -4.77738428
v 3.25281835 5.33105421 -4.73889017
v 3.38025665 5.33978367 -4.69106007
v 3.50377393 5.35438108 -4.63494301
v 3.62303495 5.37427521 -4.57150888
v 3.73750687 5.39904165 -4.50141144
v 3.84642243 5.42853498 -4.42477322
v 3.94838548 5.46315956 -4.34113312
v 4.04137182 5.50354099 -4.25003242
v 4.12237072 5.55047083 -4.15115166
v 4.18880987 5.60405064 -4.04527187
v 4.23926687 5.66360426 -3.93399382
v 4.27379894 5.72792530 -3.81924415
v 4.29427004 5.79551220 -3.70292568
v 4.30154657 5.86541748 -3.58629513
v 4.29645014 5.93686581 -3.47036862
v 4.27969265 6.00916576 -3.35603023
v 4.25047779 6.08171892 -3.24432468
v 4.20848417 6.15378046 -3.13638711
v 4.15317917 6.22441816 -3.03368258
v 4.08380318 6.29275608 -2.93777370
v 4.00050497 6.35798550 -2.85015631
v 3.90481782 6.41859055 -2.77331281
v 3.79809499 6.47357988 -2.70895386
v 3.68105721 6.52209711 -2.65872931
v 3.55551958 6.56269550 -2.62454700
v 3.42426157 6.59456158 -2.60656786
v 3.29007530 6.61794758 -2.60339999
v 3.15510583 6.63377285 -2.61297917
v 3.02079225 6.64295435 -2.63355255
v 2.88798738 6.64649153 -2.66335988
v 2.75726056 6.64492655 -2.70132709
v 2.62918162 6.63822460 -2.74712396
v 2.50443959 6.62613821 -2.80069208
v 2.38434863 6.60791779 -2.86263394
v 2.27065015 6.58295059 -2.93349576
v 2.16559339 6.55066061 -3.01382494
v 2.07178760 6.51064062 -3.10388517
v 1.99105191 6.46324301 -3.20291734
v 1.92663062 6.40840912 -3.31020761
v 1.87984300 6.34728718 -3.42316365
v 1.84860790 6.28187752 -3.53886676
v 1.82968795 6.21382618 -3.65561461
v 1.81983995 6.14428043 -3.77259636
v 1.81676424 6.07392502 -3.88947868
v 1.81984794 6.00298595 -4.00601292
v 1.83088779 5.93140221 -4.12171221
v 1.85398901 5.85928154 -4.23523998
v 1.89383054 5.78729391 -4.34398603
v 1.95298851 5.71672106 -4.44454908
v 2.01214862 5.75623846 -4.60987282
v 2.10158658 5.69109058 -4.68918276
v 2.20277333 5.63140249 -4.75769949
v 2.31453848 5.57817602 -4.81425905
v 2.43596005 5.53315830 -4.85648727
v 2.56481814 5.49765015 -4.88285446
v 2.69812107 5.47209644 -4.89324474
v 2.83313489 5.45563555 -4.88944674
v 2.96802163 5.44715357 -4.87345457
v 3.10147095 5.44598913 -4.84655666
v 3.23262978 5.45123577 -4.81039953
v 3.36068249 5.46272087 -4.76549578
v 3.48493361 5.48021173 -4.71236706
v 3.60480213 5.50338268 -4.65161657
v 3.71955752 5.53196669 -4.58377457
v 3.82849026 5.56575108 -4.50925589
v 3.93039536 5.60498047 -4.42792368
v 4.02368641 5.64997768 -4.33963490
v 4.10600042 5.70121861 -4.24421263
v 4.17494583 5.75877762 -4.14210463
v 4.22861671 5.82217360 -4.03447056
v 4.26656532 5.89031601 -3.92304969
v 4.29035330 5.96171665 -3.80975080
v 4.30060911 6.03542042 -3.69587255
v 4.29810476 6.11060715 -3.58248520
v 4.28349543 6.18655300 -3.47053504
v 4.25583124 6.26262617 -3.36115766
v 4.21457863 6.33803129 -3.25564408
v 4.15899897 6.41174078 -3.15567327
v 4.08836079 6.48272610 -3.06295109
v 4.00324345 6.55000830 -2.97887015
v 3.90578699 6.61194086 -2.90553713
v 3.79791903 6.66757298 -2.84405112
v 3.68064070 6.71624184 -2.79527521
v 3.55540705 6.75661898 -2.76090693
v 3.42446852 6.78788328 -2.74162865
v 3.29040861 6.81029129 -2.73645902
v 3.15533042 6.82479525 -2.74350524
v 3.02064133 6.83234596 -2.76104999
v 2.88716865 6.83398819 -2.78735185
v 2.75556064 6.83015871 -2.82160687
v 2.62658834 6.82068205 -2.86387229
v 2.50122356 6.80517435 -2.91447139
v 2.38112307 6.78272533 -2.97437668
v 2.26814294 6.75277090 -3.04404092
v 2.16443610 6.71493959 -3.12359691
v 2.07233953 6.66911983 -3.21275973
v 1.99302089 6.61610031 -3.31013608
v 1.92843366 6.55638313 -3.41455460
v 1.87933147 6.49116993 -3.52397156
v 1.84456182 6.42202711 -3.63623023
v 1.82203770 6.35025549 -3.74983335
v 1.80930185 6.27683735 -3.86385751
v 1.80458152 6.20237494 -3.97780037
v 1.80700266 6.12719822 -4.09134436
v 1.81786966 6.05142307 -4.20401335
v 1.84089661 5.97534323 -4.31455278
v 1.88013792 5.89985466 -4.42068434
v 1.93740773 5.82632589 -4.51983929
v 1.99034727 5.85934019 -4.68886232
v 2.07790351 5.79223299 -4.76851034
v 2.17783928 5.73124743 -4.83741570
v 2.28912687 5.67753506 -4.89377069
v 2.41081905 5.63297749 -4.93481731
v 2.54035711 5.59890985 -4.95926142
v 2.67433476 5.57569456 -4.96748924
v 2.80971456 5.56220436 -4.96199226
v 2.94463778 5.55685663 -4.94561815
v 3.07811379 5.55863810 -4.91995144
v 3.20955539 5.56656313 -4.88613510
v 3.33817840 5.58053160 -4.84416676
v 3.46315193 5.60055447 -4.79411316
v 3.58367920 5.62658215 -4.73624372
v 3.69883752 5.65854597 -4.67095089
v 3.80791759 5.69624186 -4.59885645
v 3.90983343 5.73979425 -4.52007961
v 4.00336170 5.78923035 -4.43475151
v 4.08671379 5.84470415 -4.34283686
v 4.15769672 5.90622759 -4.24452114
v 4.21402597 5.97346640 -4.14059544
v 4.25482416 6.04543209 -4.03263187
v 4.28138018 6.12064457 -3.92252851
v 4.29411221 6.19813776 -3.81161237
v 4.29374981 6.27704668 -3.70099378
v 4.28090811 6.35661459 -3.59166622
v 4.25453520 6.43617916 -3.48483109
v 4.21392441 6.51489687 -3.38189960
v 4.15816689 6.59165668 -3.28471231
v 4.08654070 6.66528749 -3.19508028
v 3.99995828 6.73465443 -3.11430597
v 3.90104961 6.79797697 -3.04418039
v 3.79223156 6.85434198 -2.98529220
v 3.67476106 6.90327072 -2.93784070
v 3.54980826 6.94356155 -2.90332937
v 3.41917896 6.97440720 -2.88286114
v 3.28526282 6.99605703 -2.87581086
v 3.15011287 7.00946617 -2.88046002
v 3.01510978 7.01557302 -2.89515567
v 2.88107347 7.01542616 -2.91820526
v 2.74874973 7.00933313 -2.94905448
v 2.61909938 6.99701834 -2.98807526
v 2.49333549 6.97802877 -3.03588343
v 2.37337518 6.95138168 -3.09372139
v 2.26113343 6.91660070 -3.16194105
v 2.15864062 6.87351656 -3.24031615
v 2.06797361 6.82227278 -3.32810807
v 1.98975861 6.76400518 -3.42341900
v 1.92487121 6.69967222 -3.52471709
v 1.87361574 6.63050222 -3.63043857
v 1.83563673 6.55768967 -3.73908162
v 1.80984366 6.48224020 -3.84933639
v 1.79446375 6.40500164 -3.96019268
v 1.78818607 6.32651424 -4.07100916
v 1.78992844 6.24720097 -4.18140554
v 1.80057573 6.16733551 -4.29091454
v 1.82347739 6.08737803 -4.39835596
v 1.86215389 6.00842667 -4.50174522
v 1.91779101 5.93193817 -4.59921980
v 1.96492434 5.95845175 -4.77148581
v 2.05103803 5.88943195 -4.85093498
v 2.15009212 5.82722998 -4.91974163
v 2.26112056 5.77309656 -4.97560787
v 2.38311362 5.72898388 -5.01551390
v 2.51324415 5.69624853 -5.03837061
v 2.64778638 5.67518950 -5.04495430
v 2.78346777 5.66446209 -5.03828621
v 2.91841674 5.66205835 -5.02188206
v 3.05190969 5.66662073 -4.99756813
v 3.18359470 5.67703533 -4.96609640
v 3.31274414 5.69321442 -4.92707253
v 3.43842888 5.71541023 -4.88018227
v 3.55966616 5.74387312 -4.82538986
v 3.67534685 5.77877951 -4.76293945
v 3.78470445 5.82000637 -4.69357538
v 3.88669991 5.86760187 -4.61760044
v 3.98039722 5.92129993 -4.53538179
v 4.06451178 5.98092699 -4.44702482
v 4.13706160 6.04640007 -4.35252094
v 4.19549561 6.11748314 -4.25236893
v 4.23857594 6.19327354 -4.14798975
v 4.26735163 6.27229548 -4.04125881
v 4.28205538 6.35356903 -3.93351460
v 4.28338480 6.43618393 -3.82589436
v 4.27192974 6.51935053 -3.71942329
v 4.24658918 6.60237694 -3.61534548
v 4.20652246 6.68437767 -3.51515388
v 4.15068388 6.76416492 -3.42079949
v 4.07834339 6.84044123 -3.33416128
v 3.99064946 6.91192341 -3.25646377
v 3.89060593 6.97669935 -3.18924308
v 3.78103256 7.03388691 -3.13267732
v 3.66341829 7.08318377 -3.08642626
v 3.53872323 7.12352276 -3.05181432
v 3.40839291 7.15413237 -3.03026533
v 3.27463770 7.17524576 -3.02145553
v 3.13945293 7.18778610 -3.02384353
v 3.00419760 7.19263554 -3.03586984
v 2.86970210 7.19080544 -3.05591965
v 2.73682737 7.18244982 -3.08366990
v 2.60671449 7.16723299 -3.11973310
v 2.48077559 7.14470100 -3.16492844
v 2.36110473 7.11388731 -3.22066832
v 2.24962163 7.07444000 -3.28719568
v 2.14820695 7.02639103 -3.36398268
v 2.05868959 6.97009945 -3.44992995
v 1.98126483 6.90695858 -3.54276633
v 1.91594326 6.83827639 -3.64069486
v 1.86269605 6.76528311 -3.74256492
v 1.82183266 6.68886423 -3.84742093
v 1.79310584 6.60978031 -3.95412374
v 1.77532578 6.52877426 -4.06160212
v 1.76757801 6.44634295 -4.16910458
v 1.76862538 6.36299372 -4.27619696
v 1.77900624 6.27913952 -4.38241577
v 1.80173111 6.19538593 -4.48664951
v 1.83987844 6.11301088 -4.58716822
v 1.89413822 6.03355742 -4.68269110
v 1.93587983 6.05357265 -4.85774279
v 2.02098966 5.98268747 -4.93645668
v 2.11953163 5.91934919 -5.00467777
v 2.23051906 5.86486006 -5.05977011
v 2.35284376 5.82117701 -5.09857655
v 2.48347974 5.78966618 -5.12018156
v 2.61847615 5.77058125 -5.12563944
v 2.75439477 5.76240921 -5.11832762
v 2.88935828 5.76275873 -5.10224581
v 3.02285862 5.76993704 -5.07940769
v 3.15474796 5.78265285 -5.05028439
v 3.28438020 5.80077076 -5.01421309
v 3.41076398 5.82477856 -4.97057343
v 3.53276324 5.85525513 -4.91905594
v 3.64908504 5.89266825 -4.85974121
v 3.75885081 5.93704557 -4.79341221
v 3.86099458 5.98840237 -4.72048664
v 3.95479369 6.04618597 -4.64152575
v 4.03939438 6.10988760 -4.55677557
v 4.11304092 6.17929459 -4.46610451
v 4.17302513 6.25422382 -4.36979103
v 4.21781969 6.33383989 -4.26912451
v 4.24826670 6.41666985 -4.16594219
v 4.26443815 6.50171471 -4.06157923
v 4.26700974 6.58801842 -3.95718670
v 4.25656128 6.67476082 -3.85380626
v 4.23199415 6.76122046 -3.75270057
v 4.19237185 6.84647369 -3.65540648
v 4.13654947 6.92926598 -3.56393504
v 4.06376839 7.00818729 -3.48019409
v 3.97531700 7.08181524 -3.40534353
v 3.87445569 7.14810753 -3.34072471
v 3.76432180 7.20620775 -3.28620625
v 3.64661241 7.25598097 -3.24103141
v 3.52215195 7.29650307 -3.20636201
v 3.39211059 7.32705975 -3.18384099
v 3.25853348 7.34785700 -3.17339277
v 3.12335110 7.35975552 -3.17365551
v 2.98790479 7.36353397 -3.18319225
v 2.85305476 7.36012554 -3.20049524
v 2.71979380 7.34950876 -3.22545314
v 2.58943367 7.33132648 -3.25884581
v 2.46354389 7.30519104 -3.30160618
v 2.34431195 7.27024174 -3.35521722
v 2.23360753 7.22628880 -3.41980529
v 2.13313508 7.17356300 -3.49459648
v 2.04448771 7.11259985 -3.57822561
v 1.96753955 7.04495955 -3.66817808
v 1.90164983 6.97219563 -3.76248813
v 1.84657240 6.89551258 -3.86035037
v 1.80314946 6.81555080 -3.96124792
v 1.77182412 6.73287535 -4.06419516
v 1.75188768 6.64815378 -4.16808558
v 1.74275732 6.56186104 -4.27208662
v 1.74309349 6.47457743 -4.37571812
v 1.75316107 6.38683510 -4.47851658
v 1.77565777 6.29936695 -4.57943296
v 1.81331146 6.21360731 -4.67695332
v 1.86644936 6.13118458 -4.77025223
v 1.90321374 6.14470339 -4.94763327
v 1.98775840 6.07199907 -5.02507496
v 2.08615828 6.00760555 -5.09222364
v 2.19732261 5.95282555 -5.14625740
v 2.32000947 5.90955782 -5.18400574
v 2.45106363 5.87916231 -5.20469427
v 2.58640361 5.86186934 -5.20954418
v 2.72249532 5.85604572 -5.20211744
v 2.85746241 5.85895729 -5.18670940
v 2.99096036 5.86858702 -5.16546965
v 3.12301517 5.88341570 -5.13869905
v 3.25308609 5.90319920 -5.10558939
v 3.38015771 5.92865944 -5.06528711
v 3.50296998 5.96072960 -5.01724148
v 3.62005258 6.00021124 -4.96135569
v 3.73035669 6.04735899 -4.89836693
v 3.83271766 6.10219574 -4.82873726
v 3.92655063 6.16388845 -4.75318384
v 4.01136112 6.23158598 -4.67209005
v 4.08563471 6.30491209 -4.58527136
v 4.14661455 6.38368845 -4.49286127
v 4.19255638 6.46713161 -4.39603519
v 4.22412539 6.55376720 -4.29657793
v 4.24126148 6.64257479 -4.19580603
v 4.24462509 6.73255110 -4.09487104
v 4.23480177 6.82284546 -3.99481535
v 4.21074963 6.91270876 -3.89689636
v 4.17147303 7.00118494 -3.80265784
v 4.11576319 7.08696032 -3.71411896
v 4.04281569 7.16852474 -3.63317871
v 3.95396066 7.24432993 -3.56094527
v 3.85259938 7.31220198 -3.49862576
v 3.74209952 7.37130451 -3.44587898
v 3.62434363 7.42166185 -3.40165639
v 3.50009465 7.46250200 -3.36697197
v 3.37033153 7.49318838 -3.34358811
v 3.23694992 7.51389074 -3.33162308
v 3.10180688 7.52537346 -3.32989645
v 2.96623111 7.52826786 -3.33712316
v 2.83113098 7.52338648 -3.35193181
v 2.69764924 7.51051044 -3.37440395
v 2.56725717 7.48929882 -3.40541291
v 2.44164014 7.45949984 -3.44591641
v 2.32299662 7.42044449 -3.49736834
v 2.21309114 7.37214708 -3.55976987
v 2.11342478 7.31503248 -3.63215756
v 2.02536750 7.24977398 -3.71299481
v 1.94858289 7.17800856 -3.79965401
v 1.88199103 7.10142994 -3.89009690
v 1.82524455 7.02119112 -3.98379493
v 1.77958727 6.93774986 -4.08056307
v 1.74599862 6.85152626 -4.17955112
v 1.72414970 6.76314163 -4.27964354
v 1.71372390 6.67306757 -4.37995529
v 1.71333265 6.58195162 -4.47996950
v 1.72304022 6.49042177 -4.57921743
v 1.74525762 6.39932156 -4.67670727
v 1.78245306 6.31021547 -4.77110147
v 1.83472443 6.22481871 -4.86190414
v 1.86692607 6.23184347 -5.04115820
v 1.95134461 6.15736723 -5.11679077
v 2.04997134 6.09199858 -5.18237972
v 2.16153121 6.03699303 -5.23507023
v 2.28461075 5.99412537 -5.27180147
v 2.41599584 5.96473694 -5.29190826
v 2.55156898 5.94905424 -5.29666948
v 2.68776941 5.94537115 -5.28965473
v 2.82272935 5.95065498 -5.27527332
v 2.95621538 5.96257067 -5.25575352
v 3.08839607 5.97932339 -5.23133945
v 3.21886230 6.00050068 -5.20120001
v 3.34661007 6.02705336 -5.16432333
v 3.47028685 6.06029510 -5.11994648
v 3.58824921 6.10140896 -5.06778288
v 3.69922209 6.15094662 -5.00843954
v 3.80186892 6.20898294 -4.94235325
v 3.89566803 6.27440786 -4.87035561
v 3.98041177 6.34602213 -4.79296827
v 4.05484247 6.42325211 -4.71002150
v 4.11626339 6.50587702 -4.62158060
v 4.16278601 6.59314871 -4.52872229
v 4.19492865 6.68358803 -4.43316650
v 4.21252537 6.77614880 -4.33619499
v 4.21623087 6.86978149 -4.23894739
v 4.20665216 6.96360445 -4.14245033
v 4.18285513 7.05684280 -4.04793310
v 4.14382601 7.14851093 -3.95690751
v 4.08832598 7.23724699 -3.87135100
v 4.01548576 7.32145405 -3.79311538
v 3.92658067 7.39946795 -3.72326875
v 3.82503653 7.46898222 -3.66294575
v 3.71436572 7.52917671 -3.61169553
v 3.59661150 7.58022690 -3.56830120
v 3.47255111 7.62151957 -3.53364491
v 3.34305620 7.65251923 -3.50950694
v 3.20988727 7.67334700 -3.49614620
v 3.07482052 7.68463993 -3.49256587
v 2.93917704 7.68683720 -3.49766231
v 2.80393100 7.68058825 -3.51022959
v 2.67039347 7.66545439 -3.53052258
v 2.54018497 7.64115000 -3.55943489
v 2.41506457 7.60762596 -3.59785986
v 2.29715896 7.56449652 -3.64712143
v 2.18807244 7.51201534 -3.70708919
v 2.08907652 7.45079947 -3.77666616
v 2.00132942 7.38162136 -3.85423756
v 1.92439473 7.30610609 -3.93719459
v 1.85696673 7.22597980 -4.02352095
v 1.79871273 7.14231873 -4.11289883
v 1.75114608 7.05546141 -4.20536613
v 1.71562934 6.96573210 -4.30019140
v 1.69211161 6.87373638 -4.39627552
v 1.68047786 6.77996397 -4.49271107
v 1.67934287 6.68511629 -4.58895063
v 1.68864369 6.58990049 -4.68451786
v 1.71053040 6.49524927 -4.77847147
v 1.74730325 6.40283537 -4.86961174
v 1.79896331 6.31446028 -4.95764637
v 1.82701683 6.31499290 -5.13831615
v 1.91174793 6.23879194 -5.21160316
v 2.01097155 6.17252874 -5.27514553
v 2.12314487 6.11736250 -5.32620859
v 2.24664736 6.07488012 -5.36196327
v 2.37827635 6.04639053 -5.38182449
v 2.51397228 6.03213549 -5.38701487
v 2.65021729 6.03038597 -5.38094044
v 2.78515911 6.03785086 -5.36793661
v 2.91862321 6.05188847 -5.35025978
v 3.05089116 6.07037687 -5.32820606
v 3.18170834 6.09267521 -5.30104589
v 3.31012058 6.11995983 -5.26768208
v 3.43471360 6.15395212 -5.22717094
v 3.55367517 6.19626093 -5.17902327
v 3.66544700 6.24780846 -5.12363052
v 3.76844835 6.30876255 -5.06133413
v 3.86214638 6.37774324 -4.99304056
v 3.94654703 6.45319605 -4.91940928
v 4.02066517 6.53431416 -4.84035492
v 4.08197260 6.62078905 -4.75594807
v 4.12850761 6.71189117 -4.66718531
v 4.16067553 6.80613232 -4.57570744
v 4.17822886 6.90243721 -4.48274660
v 4.18182611 6.99970913 -4.38941574
v 4.17211199 7.09703732 -4.29671144
v 4.14831114 7.19362211 -4.20581007
v 4.10943079 7.28845215 -4.11815596
v 4.05423689 7.38012648 -4.03563118
v 3.98177838 7.46697521 -3.96000361
v 3.89317703 7.54722834 -3.89231443
v 3.79176736 7.61844873 -3.83368492
v 3.68112040 7.67982483 -3.78365636
v 3.56341648 7.73167610 -3.74096560
v 3.43952107 7.77355623 -3.70638013
v 3.31028438 7.80505180 -3.68159747
v 3.17734551 7.82622576 -3.66696215
v 3.04239225 7.83755589 -3.66166377
v 2.90674210 7.83924198 -3.66480994
v 2.77145457 7.83173132 -3.67538881
v 2.63802648 7.81434059 -3.69380903
v 2.50821686 7.78687954 -3.72091174
v 2.38381696 7.74957085 -3.75743580
v 2.26679897 7.70239735 -3.80447650
v 2.15855145 7.64589262 -3.86176324
v 2.06008983 7.58086395 -3.92812204
v 1.97237337 7.50814295 -4.00195408
v 1.89497519 7.42925119 -4.08079910
v 1.82657695 7.34584475 -4.16276073
v 1.76697671 7.25889492 -4.24766159
v 1.71782577 7.16868496 -4.33565664
v 1.68071616 7.07549334 -4.42611599
v 1.65577352 6.97993946 -4.51798153
v 1.64301920 6.88254929 -4.61035347
v 1.64112425 6.78407097 -4.70266199
v 1.64997137 6.68527079 -4.79441833
v 1.67147624 6.58715010 -4.88472652
v 1.70786190 6.49146700 -4.97248411
v 1.75916624 6.40010929 -5.05747890
v 1.78348601 6.39415169 -5.23910809
v 1.86896861 6.31627274 -5.30951214
v 1.96915841 6.24919605 -5.37052107
v 2.08216381 6.19393444 -5.41967201
v 2.20611978 6.15182209 -5.45449162
v 2.33790517 6.12412310 -5.47444248
v 2.47361326 6.11111355 -5.48058033
v 2.60983872 6.11109018 -5.47597408
v 2.74475145 6.12054586 -5.46470070
v 2.87818408 6.13653994 -5.44898891
v 3.01049995 6.15657520 -5.42929935
v 3.14162445 6.17972231 -5.40512705
v 3.27068973 6.20737886 -5.37536287
v 3.39625025 6.24170113 -5.33891487
v 3.51633000 6.28476763 -5.29507589
v 3.62903166 6.33794451 -5.24393892
v 3.73245621 6.40153599 -5.18567991
v 3.82598519 6.47389507 -5.12123966
v 3.90976667 6.55310726 -5.05141401
v 3.98310161 6.63809919 -4.97627211
v 4.04374170 6.72842550 -4.89596367
v 4.08972216 6.82335901 -4.81142473
v 4.12136602 6.92140007 -4.72420120
v 4.13837242 7.02143955 -4.63546085
v 4.14141226 7.12233496 -4.54627562
v 4.13118172 7.22314453 -4.45759869
v 4.10711813 7.32304621 -4.37052822
v 4.06828690 7.42100859 -4.28640270
v 4.01349688 7.51559877 -4.20695972
v 3.94169307 7.60508871 -4.13384390
v 3.85374975 7.68761206 -4.06808186
v 3.75279188 7.76060057 -4.01084328
v 3.64236355 7.82324886 -3.96176076
v 3.52475834 7.87600946 -3.91965008
v 3.40100503 7.91861200 -3.88517809
v 3.27201605 7.95078611 -3.85985947
v 3.13932443 7.97252703 -3.84407091
v 3.00452161 7.98412085 -3.83719063
v 2.86892676 7.98548222 -3.83856583
v 2.73370218 7.97681570 -3.84740901
v 2.60054803 7.95716953 -3.86426330
v 2.47135282 7.92648792 -3.88984323
v 2.34789753 7.88533306 -3.92464471
v 2.23191643 7.83414745 -3.96943378
v 2.12452817 7.77377939 -4.02379227
v 2.02646518 7.70522594 -4.08652496
v 1.93849909 7.62933779 -4.15614414
v 1.86032414 7.54744434 -4.23046827
v 1.79082167 7.46102476 -4.30781555
v 1.73003685 7.37092018 -4.38808393
v 1.67962646 7.27742052 -4.47143507
v 1.64125919 7.18081045 -4.55732489
v 1.61513555 7.08174992 -4.64476204
v 1.60134780 6.98082399 -4.73288250
v 1.59867668 6.87881660 -4.82110310
v 1.60702348 6.77653217 -4.90891886
v 1.62809515 6.67502451 -4.99547148
v 1.66412914 6.57611084 -5.07971954
v 1.71533298 6.48176575 -5.16140175
v 1.73788345 6.46962309 -5.34308386
v 1.82444417 6.39011049 -5.41019297
v 1.92586648 6.32227182 -5.46829414
v 2.03985667 6.26693964 -5.51530838
v 2.16428328 6.22515106 -5.54920578
v 2.29615760 6.19811106 -5.56947184
v 2.43179584 6.18614388 -5.57691574
v 2.56795764 6.18761015 -5.57414150
v 2.70284224 6.19883204 -5.56483126
v 2.83624864 6.21659088 -5.55114412
v 2.96859384 6.23799467 -5.53378439
v 3.09999323 6.26178741 -5.51255894
v 3.22969007 6.28957319 -5.48640490
v 3.35623479 6.32394123 -5.45410872
v 3.47750044 6.36745548 -5.41474247
v 3.59121919 6.42196321 -5.36804295
v 3.69512701 6.48793936 -5.31397152
v 3.78845906 6.56348896 -5.25347281
v 3.87143993 6.64634657 -5.18747234
v 3.94365430 6.73515463 -5.11624479
v 4.00320911 6.82929373 -5.04007196
v 4.04819870 6.92802191 -4.95984221
v 4.07889271 7.02982283 -4.87699795
v 4.09495926 7.13355160 -4.79263020
v 4.09708881 7.23801851 -4.70776129
v 4.08604145 7.34225321 -4.62328768
v 4.06150007 7.44541216 -4.54021358
v 4.02261829 7.54644537 -4.45974350
v 3.96827579 7.64389944 -4.38343287
v 3.89730954 7.73600245 -4.31277657
v 3.81027675 7.82080507 -4.24879503
v 3.71000910 7.89561176 -4.19274998
v 3.59995317 7.95961714 -4.14443827
v 3.48249030 8.01339436 -4.10284758
v 3.35886049 8.05684280 -4.06855726
v 3.23010135 8.08984566 -4.04282713
v 3.09765625 8.11232090 -4.02602291
v 2.96301842 8.12434673 -4.01771021
v 2.82751417 8.12552738 -4.01749277
v 2.69242048 8.11579895 -4.02482462
v 2.55965018 8.09393692 -4.04036570
v 2.43120813 8.06004620 -4.06465054
v 2.30883408 8.01507092 -4.09786987
v 2.19396806 7.95996618 -4.14039230
v 2.08742404 7.89591932 -4.19165039
v 1.98963881 7.82410812 -4.25047255
v 1.90121043 7.74537373 -4.31554985
v 1.82203329 7.66079235 -4.38507462
v 1.75134456 7.57159042 -4.45764828
v 1.68951786 7.47846317 -4.53319120
v 1.63811564 7.38175535 -4.61179161
v 1.59876728 7.28179312 -4.69297552
v 1.57167304 7.17930079 -4.77583742
v 1.55694985 7.07493639 -4.85957146
v 1.55352902 6.96951342 -4.94358873
v 1.56138289 6.86386204 -5.02736473
v 1.58202732 6.75907183 -5.11007452
v 1.61777687 6.65700006 -5.19070768
v 1.66910243 6.55970383 -5.26886272
v 1.69506049 6.54235458 -5.44883585
v 1.78267515 6.46124649 -5.51262379
v 1.88527262 6.39260626 -5.56779766
v 2.00019622 6.33710384 -5.61264086
v 2.12506843 6.29549265 -5.64554024
v 2.25702524 6.26890707 -5.66600513
v 2.39259982 6.25771284 -5.67461109
v 2.52871799 6.26034403 -5.67352200
v 2.66361213 6.27300119 -5.66603565
v 2.79704475 6.29224730 -5.65423584
v 2.92946458 6.31487179 -5.63905048
v 3.06114221 6.33932686 -5.62057590
v 3.19141865 6.36736584 -5.59779978
v 3.31885481 6.40192652 -5.56940556
v 3.44121170 6.44597054 -5.53426886
v 3.55590296 6.50176811 -5.49180174
v 3.66032624 6.56996632 -5.44176674
v 3.75355768 6.64848280 -5.38510561
v 3.83585238 6.73476219 -5.32285976
v 3.90702295 6.82719517 -5.25548935
v 3.96550512 6.92498493 -5.18340063
v 4.00947809 7.02735043 -5.10743523
v 4.03917742 7.13275337 -5.02893353
v 4.05425787 7.24001074 -4.94891262
v 4.05543423 7.34788799 -4.86834526
v 4.04352045 7.45538807 -4.78806973
v 4.01842356 7.56164503 -4.70900059
v 3.97938442 7.66559315 -4.63221407
v 3.92537045 7.76576805 -4.55909109
v 3.85513544 7.86037064 -4.49098015
v 3.76895094 7.94739008 -4.42889452
v 3.66936374 8.02402115 -4.37417412
v 3.55970716 8.08945560 -4.32677269
v 3.44241309 8.14435387 -4.28584194
v 3.31890154 8.18873978 -4.25188255
v 3.19033122 8.22261524 -4.22591114
v 3.05807590 8.24583054 -4.20828056
v 2.92354846 8.25827312 -4.19872713
v 2.78808737 8.25928020 -4.19709110
v 2.65307927 8.24855328 -4.20304775
v 2.52062678 8.22463322 -4.21735907
v 2.39283800 8.18777370 -4.24039030
v 2.27140951 8.13927174 -4.27205086
v 2.15751219 8.08054256 -4.31234312
v 2.05168796 8.01307297 -4.36056423
v 1.95410812 7.93820620 -4.41557312
v 1.86521435 7.85677576 -4.47623253
v 1.78508472 7.76962948 -4.54108858
v 1.71329057 7.67776251 -4.60901022
v 1.65050662 7.58173990 -4.67993402
v 1.59819961 7.48196030 -4.75387669
v 1.55796313 7.37878847 -4.83042860
v 1.53000450 7.27300882 -4.90876818
v 1.51447690 7.16535044 -4.98814726
v 1.51046646 7.05666542 -5.06797266
v 1.51800442 6.94781351 -5.14770555
v 1.53840744 6.83991909 -5.22655535
v 1.57403827 6.73486805 -5.30354261
v 1.62560380 6.63478470 -5.37813330
v 1.65536809 6.61241484 -5.55626106
v 1.74398696 6.52974796 -5.61673212
v 1.84767914 6.46026087 -5.66898298
v 1.96346986 6.40447855 -5.71163416
v 2.08875942 6.36289167 -5.74345493
v 2.22079659 6.33655167 -5.76397705
v 2.35632014 6.32585573 -5.77356482
v 2.49241948 6.32932043 -5.77397633
v 2.62736392 6.34307432 -5.76814747
v 2.76087809 6.36352491 -5.75808382
v 2.89342237 6.38722372 -5.74490833
v 3.02538419 6.41237307 -5.72897768
v 3.15618634 6.44081545 -5.70932913
v 3.28441334 6.47574663 -5.68456316
v 3.40775537 6.52043295 -5.65338421
v 3.52336431 6.57749701 -5.61491537
v 3.62833357 6.64776134 -5.56874418
v 3.72157001 6.72901773 -5.51580381
v 3.80331469 6.81848812 -5.45723391
v 3.87354755 6.91434574 -5.39366007
v 3.93100095 7.01561356 -5.32559729
v 3.97396088 7.12145138 -5.25384092
v 4.00264740 7.23028994 -5.17963409
v 4.01672220 7.34090614 -5.10392189
v 4.01692295 7.45202446 -5.02762604
v 4.00411129 7.56262302 -4.95153189
v 3.97839165 7.67181253 -4.87646580
v 3.93908930 7.77851248 -4.80338430
v 3.88527179 7.88125706 -4.73350286
v 3.81564188 7.97824001 -4.66803455
v 3.73022008 8.06741047 -4.60797787
v 3.63128567 8.14586926 -4.55473804
v 3.52204609 8.21280289 -4.50840759
v 3.40494680 8.26892757 -4.46829224
v 3.28154898 8.31433868 -4.43481827
v 3.15312505 8.34912491 -4.40878010
v 3.02099872 8.37307072 -4.39051580
v 2.88652134 8.38590336 -4.37991714
v 2.75105071 8.38673306 -4.37703514
v 2.61607385 8.37506866 -4.38174629
v 2.48386097 8.34925652 -4.39489937
v 2.35660839 8.30968857 -4.41670561
v 2.23596978 8.25797367 -4.44682217
v 2.12287879 8.19592762 -4.48492241
v 2.01764250 8.12529659 -4.53018808
v 1.92019832 8.04757023 -4.58150816
v 1.83085132 7.96358109 -4.63790798
v 1.74983883 7.87397957 -4.69825554
v 1.67703199 7.77955770 -4.76166630
v 1.61337113 7.68076563 -4.82809210
v 1.56023347 7.57805490 -4.89748430
v 1.51918864 7.47182131 -4.96949434
v 1.49046421 7.36290359 -5.04337835
v 1.47426558 7.25210047 -5.11844492
v 1.46983540 7.14030790 -5.19409943
v 1.47724676 7.02842617 -5.26979351
v 1.49760687 6.91761065 -5.34477139
v 1.53329217 6.80976725 -5.41808605
v 1.58520830 6.70706987 -5.48908806
v 1.61880636 6.67980337 -5.66536045
v 1.70837986 6.59561539 -5.72251701
v 1.81308603 6.52523565 -5.77185106
v 1.92967772 6.46906424 -5.81228924
v 2.05535674 6.42734909 -5.84294939
v 2.18747163 6.40104485 -5.86338758
v 2.32295728 6.39057255 -5.87377691
v 2.45906210 6.39453888 -5.87550449
v 2.59409785 6.40905094 -5.87116671
v 2.72774863 6.43042278 -5.86268806
v 2.86046767 6.45504999 -5.85135794
v 2.99271965 6.48092556 -5.83776331
v 3.12399292 6.50992298 -5.82099342
v 3.25291038 6.54540205 -5.79958105
v 3.37713122 6.59084272 -5.77208757
v 3.49360347 6.64914989 -5.73738432
v 3.59914875 6.72132397 -5.69490385
v 3.69249582 6.80509424 -5.64556742
v 3.77382660 6.89752436 -5.59059477
v 3.84322834 6.99660635 -5.53075647
v 3.89969659 7.10118055 -5.46666145
v 3.94164705 7.21032476 -5.39906025
v 3.96930408 7.32243204 -5.32910013
v 3.98235178 7.43623781 -5.25765753
v 3.98155546 7.55042839 -5.18560505
v 3.96781516 7.66395807 -5.11367369
v 3.94140458 7.77591467 -5.04260874
v 3.90173268 7.88520336 -4.97325277
v 3.84798002 7.99036694 -4.90666866
v 3.77882862 8.08961105 -4.84393930
v 3.69408441 8.18086529 -4.78604507
v 3.59577513 8.26115513 -4.73444080
v 3.48697019 8.32965946 -4.68934345
v 3.37009144 8.38711452 -4.65019798
v 3.24680328 8.43363857 -4.61736441
v 3.11848259 8.46937180 -4.59143305
v 2.98642397 8.49404144 -4.57272863
v 2.85193706 8.50723648 -4.56127930
v 2.71640372 8.50788784 -4.55732489
v 2.58140421 8.49534607 -4.56092072
v 2.44935298 8.46780682 -4.57298660
v 2.32251930 8.42578983 -4.59359646
v 2.20251489 8.37117481 -4.62218380
v 2.09006786 8.30612087 -4.65813112
v 1.98528695 8.23258877 -4.70052147
v 1.88790953 8.15220070 -4.74827862
v 1.79812133 8.06579018 -4.80057526
v 1.71629560 7.97384357 -4.85657501
v 1.64256895 7.87697506 -4.91561699
v 1.57811153 7.77554035 -4.97766495
v 1.52421725 7.67003918 -5.04261446
v 1.48244369 7.56089211 -5.11017179
v 1.45305216 7.44898558 -5.17966795
v 1.43631589 7.33518600 -5.25046396
v 1.43163574 7.22044230 -5.32196951
v 1.43910992 7.10570049 -5.39362860
v 1.45962572 6.99214745 -5.46472216
v 1.49553847 6.88169765 -5.53433800
v 1.54791594 6.77655983 -5.60172749
v 1.58537519 6.74452066 -5.77613401
v 1.67585361 6.65884876 -5.82997942
v 1.78149331 6.58753014 -5.87640142
v 1.89881968 6.53086090 -5.91460609
v 2.02485991 6.48886442 -5.94402361
v 2.15705085 6.46238661 -5.96423626
v 2.29251099 6.45186281 -5.97524691
v 2.42864609 6.45599985 -5.97810602
v 2.56381321 6.47093105 -5.97509336
v 2.69765663 6.49294138 -5.96804810
v 2.83060026 6.51835155 -5.95839977
v 2.96314812 6.54498529 -5.94693375
v 3.09483886 6.57468748 -5.93279266
v 3.22434592 6.61089230 -5.91446018
v 3.34933972 6.65719891 -5.89037991
v 3.46662021 6.71672678 -5.85920811
v 3.57277179 6.79065466 -5.82024574
v 3.66633511 6.87671185 -5.77439594
v 3.74738789 6.97187042 -5.72294283
v 3.81606531 7.07397604 -5.66677904
v 3.87159181 7.18168497 -5.60659409
v 3.91253662 7.29397011 -5.54309225
v 3.93914676 7.40918016 -5.47733116
v 3.95114732 7.52600622 -5.41012001
v 3.94933224 7.64309931 -5.34228134
v 3.93463159 7.75939369 -5.27449560
v 3.90746260 7.87395096 -5.20742941
v 3.86731458 7.98566532 -5.14182043
v 3.81349540 8.09309769 -5.07858849
v 3.74469566 8.19448280 -5.01869392
v 3.66054368 8.28775501 -4.96309614
v 3.56283188 8.36987972 -4.91328335
v 3.45447898 8.44002438 -4.86957979
v 3.33784652 8.49891567 -4.83156013
v 3.21466398 8.54663944 -4.79952097
v 3.08640385 8.58335876 -4.77387094
v 2.95435238 8.60874271 -4.75491858
v 2.81979561 8.62227345 -4.74281406
v 2.68414688 8.62274361 -4.73796082
v 2.54907060 8.60938358 -4.74057055
v 2.41710281 8.58028507 -4.75162077
v 2.29057050 8.53607655 -4.77106237
v 2.17104483 8.47887611 -4.79813528
v 2.05907941 8.41112137 -4.83196878
v 1.95462179 8.33494949 -4.87156487
v 1.85724175 8.25209808 -4.91588354
v 1.76702452 8.16340256 -4.96423531
v 1.68445516 8.06922054 -5.01604748
v 1.60990131 7.97001505 -5.07086134
v 1.54472768 7.86606407 -5.12865305
v 1.49015081 7.75791311 -5.18926716
v 1.44772840 7.64600039 -5.25246143
v 1.41776836 7.53125477 -5.31763697
v 1.40062773 7.41460752 -5.38420534
v 1.39586747 7.29706764 -5.45158195
v 1.40359378 7.17963648 -5.51921082
v 1.42446399 7.06352901 -5.58640814
v 1.46077716 6.95065928 -5.65229845
v 1.51372671 6.84325361 -5.71605110
v 1.55507469 6.80656672 -5.88858080
v 1.64640832 6.71944809 -5.93911839
v 1.75290096 6.64714479 -5.98263407
v 1.87089574 6.58986855 -6.01858377
v 1.99726915 6.54743767 -6.04667807
v 2.12953377 6.52057648 -6.06652308
v 2.26498103 6.50972748 -6.07797527
v 2.40117097 6.51370335 -6.08178186
v 2.53651071 6.52871513 -6.07992744
v 2.67060208 6.55108070 -6.07416439
v 2.80382013 6.57712746 -6.06603336
v 2.93667006 6.60455179 -6.05648899
v 3.06872392 6.63510942 -6.04472637
v 3.19872022 6.67221785 -6.02919912
v 3.32438040 6.71950245 -6.00826025
v 3.44241476 6.78022814 -5.98038721
v 3.54920316 6.85575342 -5.94476938
v 3.64308786 6.94387054 -5.90228939
v 3.72399902 7.04152679 -5.85427761
v 3.79205823 7.14645576 -5.80172777
v 3.84668684 7.25712776 -5.74539471
v 3.88662958 7.37238789 -5.68593788
v 3.91217566 7.49053383 -5.62432718
v 3.92310810 7.61021090 -5.56130838
v 3.92025280 7.73003721 -5.49765491
v 3.90456033 7.84892893 -5.43399715
v 3.87656546 7.96592188 -5.37092781
v 3.83583498 8.07989883 -5.30908728
v 3.78181767 8.18944931 -5.24926186
v 3.71324325 8.29285622 -5.19229937
v 3.62959814 8.38807964 -5.13913155
v 3.53245640 8.47204208 -5.09126472
v 3.42457318 8.54389763 -5.04911709
v 3.30821252 8.60433006 -5.01237726
v 3.18513107 8.65334320 -4.98128748
v 3.05688882 8.69108391 -4.95609283
v 2.92478347 8.71717453 -4.93708611
v 2.79009700 8.73101425 -4.92452145
v 2.65427971 8.73129940 -4.91894197
v 2.51907277 8.71718311 -4.92069578
v 2.38711023 8.68669033 -4.93080187
v 2.26076221 8.64055061 -4.94910336
v 2.14155984 8.58107662 -4.97467661
v 2.02991366 8.51093006 -5.00643587
v 1.92564690 8.43238068 -5.04331827
v 1.82819498 8.34726143 -5.08432388
v 1.73756063 8.25641918 -5.12888718
v 1.65431738 8.16011143 -5.17667294
v 1.57902908 8.05867767 -5.22739983
v 1.51321959 7.95233727 -5.28105593
v 1.45803440 7.84167624 -5.33744287
v 1.41504276 7.72714663 -5.39636326
v 1.38461268 7.60971069 -5.45728540
v 1.36720133 7.49036407 -5.51966810
v 1.36253071 7.37018394 -5.58293772
v 1.37069845 7.25023365 -5.64653969
v 1.39212155 7.13175583 -5.70982885
v 1.42900836 7.01665258 -5.77196741
v 1.48264062 6.90715218 -5.83205891
v 1.52790487 6.86594152 -6.00270224
v 1.62004411 6.77741337 -6.04993439
v 1.72730887 6.70407963 -6.09054899
v 1.84590602 6.64608669 -6.12422276
v 1.97258437 6.60306835 -6.15091181
v 2.10492063 6.57561493 -6.17024851
v 2.24036789 6.56416607 -6.18196201
v 2.37663722 6.56764936 -6.18653107
v 2.51218987 6.58240318 -6.18566895
v 2.64658475 6.60484028 -6.18103695
v 2.78012729 6.63137770 -6.17425871
v 2.91328502 6.65962505 -6.16642857
v 3.04564786 6.69118881 -6.15679502
v 3.17603278 6.72937822 -6.14379930
v 3.30225325 6.77775288 -6.12572956
v 3.42098689 6.83965349 -6.10092163
v 3.52844214 6.91662025 -6.06847572
v 3.62275410 7.00657082 -6.02924824
v 3.70365977 7.10649300 -5.98459911
v 3.77120733 7.21404457 -5.93560266
v 3.82498145 7.32750797 -5.88306332
v 3.86392593 7.44557810 -5.82759666
v 3.88839054 7.56649351 -5.77008867
v 3.89823461 7.68885183 -5.71122408
v 3.89431715 7.81124258 -5.65172672
v 3.87760186 7.93256474 -5.59217834
v 3.84871340 8.05182743 -5.53310442
v 3.80729413 8.16790390 -5.47505283
v 3.75294685 8.27942085 -5.41868925
v 3.68447137 8.38473129 -5.36475468
v 3.60124755 8.48183823 -5.31415033
v 3.50464797 8.56764221 -5.26838589
v 3.39725208 8.64128017 -5.22795534
v 3.28118920 8.70335770 -5.19265079
v 3.15820479 8.75374699 -5.16266489
v 3.02993774 8.79254818 -5.13809967
v 2.89771748 8.81933784 -5.11923122
v 2.76284122 8.83345699 -5.10640144
v 2.62680244 8.83355618 -5.10026932
v 2.49141097 8.81874371 -5.10129690
v 2.35937548 8.78702259 -5.11052990
v 2.23309445 8.73921013 -5.12771988
v 2.11405969 8.67777729 -5.15180826
v 2.00257015 8.60554695 -5.18153191
v 1.89836216 8.52488041 -5.21578121
v 1.80076921 8.43769073 -5.25359917
v 1.70972991 8.34483910 -5.29453182
v 1.62588239 8.24651527 -5.33845091
v 1.54995227 8.14296246 -5.38523293
v 1.48358738 8.03435993 -5.43487406
v 1.42786777 7.92132950 -5.48714066
v 1.38438666 7.80433083 -5.54187727
v 1.35358536 7.68435383 -5.59861279
v 1.33603644 7.56245661 -5.65685272
v 1.33162546 7.43979216 -5.71603584
v 1.34042394 7.31749249 -5.77561617
v 1.36259854 7.19682693 -5.83498478
v 1.40023208 7.07967663 -5.89334488
v 1.45465779 6.96825552 -5.94975138
v 1.50386560 6.92264509 -6.11849689
v 1.59676075 6.83274460 -6.16242695
v 1.70471728 6.75833464 -6.20014620
v 1.82385027 6.69951630 -6.23152351
v 1.95080566 6.65575743 -6.25672579
v 2.08321142 6.62750196 -6.27541208
v 2.21867132 6.61517859 -6.28720713
v 2.35504460 6.61783791 -6.29235411
v 2.49085093 6.63199472 -6.29231787
v 2.62560463 6.65422106 -6.28866529
v 2.75952172 6.68110323 -6.28307581
v 2.89299345 6.71020508 -6.27675247
v 3.02561116 6.74292564 -6.26899862
v 3.15628409 6.78237391 -6.25825977
v 3.28295875 6.83195066 -6.24278688
v 3.40233660 6.89500284 -6.22081089
v 3.51048946 6.97325468 -6.19136381
v 3.60533404 7.06481218 -6.15527201
v 3.68637013 7.16676950 -6.11390734
v 3.75351262 7.27674389 -6.06840324
v 3.80647588 7.39282656 -6.01959991
v 3.84442592 7.51354027 -5.96806860
v 3.86779165 7.63705873 -5.91461563
v 3.87652683 7.76192951 -5.85986567
v 3.87152529 7.88671494 -5.80449581
v 3.85375571 8.01030064 -5.74903917
v 3.82390594 8.13166618 -5.69395828
v 3.78169155 8.24967957 -5.63971710
v 3.72688317 8.36301422 -5.58687019
v 3.65837979 8.47010708 -5.53606081
v 3.57549191 8.56903172 -5.48815298
v 3.47940731 8.65668106 -5.44464588
v 3.37251616 8.73217106 -5.40609407
v 3.25677681 8.79599857 -5.37237978
v 3.13388515 8.84785271 -5.34365225
v 3.00555038 8.88775158 -5.31989050
v 2.87315440 8.91523170 -5.30135345
v 2.73802829 8.92960453 -5.28845406
v 2.60171509 8.92951393 -5.28194237
v 2.46608496 8.91406441 -5.28237295
v 2.33389854 8.88128281 -5.29080486
v 2.20756721 8.83205700 -5.30691147
v 2.08854437 8.76897812 -5.32952976
v 1.97704947 8.69497204 -5.35725689
v 1.87276781 8.61244965 -5.38895416
v 1.77496445 8.52338696 -5.42370939
v 1.68353224 8.42866325 -5.46116877
v 1.59915006 8.32843304 -5.50138140
v 1.52267098 8.22287083 -5.54435968
v 1.45583105 8.11213112 -5.59010696
v 1.39965117 7.99687243 -5.63836098
v 1.35576022 7.87755251 -5.68900347
v 1.32468629 7.75518417 -5.74161959
v 1.30713332 7.63088512 -5.79575920
v 1.30315149 7.50589085 -5.85087729
v 1.31277013 7.38141298 -5.90643930
v 1.33589506 7.25874329 -5.96187544
v 1.37444806 7.13973236 -6.01643133
v 1.42977798 7.02656317 -6.06912804
v 1.48295701 6.97667742 -6.23596573
v 1.57655835 6.88544178 -6.27659702
v 1.68512595 6.80990982 -6.31142569
v 1.80472875 6.75015640 -6.34048557
v 1.93193305 6.70550394 -6.36411953
v 2.06440616 6.67623758 -6.38201427
v 2.19989109 6.66276455 -6.39371014
v 2.33639336 6.66426849 -6.39925098
v 2.47249389 6.67749023 -6.39987421
v 2.60766196 6.69922209 -6.39704990
v 2.74200368 6.72630310 -6.39248514
v 2.87579489 6.75629234 -6.38746119
v 3.00861335 6.79031992 -6.38133669
v 3.13947392 6.83120489 -6.37258101
v 3.26649642 6.88209486 -6.35943270
v 3.38646412 6.94627619 -6.34005547
v 3.49534464 7.02565718 -6.31343460
v 3.59082723 7.11859512 -6.28036070
v 3.67212987 7.22235632 -6.24220276
v 3.73897386 7.33455229 -6.20012999
v 3.79117012 7.45308256 -6.15500402
v 3.82812929 7.57627487 -6.10735369
v 3.85037875 7.70222950 -6.05790758
v 3.85798454 7.82944345 -6.00723410
v 3.85187745 7.95645475 -5.95596218
v 3.83302236 8.08213615 -5.90458059
v 3.80214381 8.20544052 -5.85349035
v 3.75902772 8.32522678 -5.80308056
v 3.70362616 8.44022751 -5.75380516
v 3.63496852 8.54898548 -5.70621681
v 3.55233145 8.64966106 -5.66113949
v 3.45673394 8.73915768 -5.62004566
v 3.35036516 8.81657124 -5.58353329
v 3.23497510 8.88225269 -5.55156469
v 3.11217213 8.93566036 -5.52425003
v 2.98372674 8.97669315 -5.50146627
v 2.85109401 9.00485611 -5.48345375
v 2.71565843 9.01945496 -5.47067928
v 2.57901788 9.01917171 -5.46396160
v 2.44309497 9.00314808 -5.46392488
v 2.31067920 8.96947002 -5.47162628
v 2.18418050 8.91908932 -5.48667860
v 2.06501389 8.85467911 -5.50784159
v 1.95335114 8.77920532 -5.53361130
v 1.84886360 8.69508743 -5.56283665
v 1.75078058 8.60434914 -5.59465456
v 1.65896761 8.50789070 -5.62879801
v 1.57412052 8.40586376 -5.66546488
v 1.49718499 8.29840088 -5.70478106
v 1.42995036 8.18565178 -5.74675560
v 1.37338436 8.06830502 -5.79110432
v 1.32916331 7.94681168 -5.83774137
v 1.29791534 7.82220125 -5.88630533
v 1.28049171 7.69564867 -5.93638754
v 1.27710903 7.56848145 -5.98746204
v 1.28773713 7.44199467 -6.03900957
v 1.31201077 7.31750393 -6.09050083
v 1.35165668 7.19681931 -6.14122581
v 1.40800130 7.08207512 -6.19018936
v 1.46517897 7.02803802 -6.35510874
v 1.55943692 6.93550491 -6.39244366
v 1.66853499 6.85880470 -6.42438745
v 1.78854144 6.79800797 -6.45110893
v 1.91596639 6.75230837 -6.47309303
v 2.04850459 6.72182131 -6.49005461
v 2.18402767 6.70692492 -6.50147152
v 2.32068324 6.70694160 -6.50722122
v 2.45711875 6.71888924 -6.50833797
v 2.59275651 6.73984385 -6.50619078
v 2.72757268 6.76697826 -6.50248623
v 2.86168981 6.79788589 -6.49855423
v 2.99465489 6.83337116 -6.49380970
v 3.12560225 6.87587070 -6.48676252
v 3.25286651 6.92818642 -6.47566748
v 3.37336946 6.99347353 -6.45865536
v 3.48300767 7.07382727 -6.43468714
v 3.57923412 7.16791964 -6.40451479
v 3.66093946 7.27325296 -6.36948490
v 3.72759128 7.38747025 -6.33078289
v 3.77906394 7.50827646 -6.28927660
v 3.81503582 7.63378143 -6.24545193
v 3.83615208 7.76200628 -6.19996452
v 3.84260774 7.89139366 -6.15332890
v 3.83537364 8.02046204 -6.10612631
v 3.81540155 8.14807224 -6.05880117
v 3.78342628 8.27314949 -6.01170015
v 3.73930240 8.39454556 -5.96514273
v 3.68317628 8.51106262 -5.91949368
v 3.61423779 8.62136364 -5.87522316
v 3.53176618 8.72372341 -5.83311033
v 3.43662786 8.81507206 -5.79458427
v 3.33079910 8.89447975 -5.76027346
v 3.21578407 8.96212101 -5.73020506
v 3.09306550 9.01716805 -5.70445824
v 2.96446681 9.05937386 -5.68282652
v 2.83153653 9.08821106 -5.66553068
v 2.69573116 9.10300827 -5.65307665
v 2.55871034 9.10253143 -5.64632607
v 2.42244077 9.08599186 -5.64595270
v 2.28971767 9.05158520 -5.65299511
v 2.16293406 9.00030899 -5.66702080
v 2.04346848 8.93487930 -5.68674326
v 1.93147528 8.85824585 -5.71059465
v 1.82664967 8.77279472 -5.73742914
v 1.72821784 8.68057823 -5.76643467
v 1.63603616 8.58252144 -5.79741955
v 1.55079365 8.47880745 -5.83070087
v 1.47349453 8.36955357 -5.86649656
v 1.40594554 8.25492191 -5.90481853
v 1.34906745 8.13562775 -5.94536972
v 1.30459607 8.01210880 -5.98809195
v 1.27327275 7.88540554 -6.03267050
v 1.25611174 7.75674820 -6.07873774
v 1.25349808 7.62756300 -6.12578917
v 1.26532483 7.49923801 -6.17332745
v 1.29094601 7.37310982 -6.22086143
v 1.33185756 7.25093746 -6.26772881
v 1.38932776 7.13479185 -6.31293488
v 1.45053160 7.07672739 -6.47592497
v 1.54539645 6.98293400 -6.50996780
v 1.65494442 6.90501976 -6.53903198
v 1.77528811 6.84307003 -6.56339359
v 1.90290570 6.79617119 -6.58364677
v 2.03550696 6.76425362 -6.59953356
v 2.17108083 6.74765873 -6.61049128
v 2.30791426 6.74585724 -6.61626577
v 2.44472528 6.75619221 -6.61770964
v 2.58088851 6.77608633 -6.61608744
v 2.71622920 6.80312777 -6.61307907
v 2.85067797 6.83498669 -6.61003208
v 2.98373532 6.87208033 -6.60641766
v 3.11466908 6.91637182 -6.60080528
v 3.24206877 6.97022533 -6.59149027
v 3.36305237 7.03659534 -6.57661009
v 3.47347879 7.11776543 -6.55512190
v 3.57055426 7.21278524 -6.52773380
v 3.65279865 7.31945992 -6.49575377
v 3.71936464 7.43549824 -6.46036196
v 3.77015758 7.55840826 -6.42241716
v 3.80514598 7.68606091 -6.38236332
v 3.82511139 7.81638861 -6.34078646
v 3.83039641 7.94778061 -6.29815006
v 3.82201362 8.07873535 -6.25498819
v 3.80089331 8.20810890 -6.21170187
v 3.76775384 8.33479214 -6.16858768
v 3.72251558 8.45763588 -6.12590361
v 3.66553330 8.57551765 -6.08393669
v 3.59618759 8.68724442 -6.04307985
v 3.51379585 8.79122162 -6.00406456
v 3.41908956 8.88442516 -5.96826267
v 3.31381822 8.96589661 -5.93631458
v 3.19920373 9.03560257 -5.90830135
v 3.07656527 9.09237862 -5.88427687
v 2.94777083 9.13579273 -5.86397076
v 2.81448197 9.16529655 -5.84758568
v 2.67824697 9.18026543 -5.83564663
v 2.54079270 9.17959118 -5.82903671
v 2.40412259 9.16259670 -5.82845545
v 2.27101374 9.12762642 -5.83491087
v 2.14382815 9.07571411 -5.84793854
v 2.02390766 9.00957966 -5.86623526
v 1.91142201 8.93209457 -5.88820744
v 1.80612600 8.84557152 -5.91273165
v 1.70727599 8.75207233 -5.93904972
v 1.61473763 8.65255642 -5.96703291
v 1.52916944 8.54726505 -5.99708986
v 1.45159948 8.43632889 -6.02950621
v 1.38381660 8.31994057 -6.06429672
v 1.32670045 8.19883919 -6.10115814
v 1.28205836 8.07344341 -6.14005423
v 1.25075829 7.94479704 -6.18071508
v 1.23399341 7.81418324 -6.22280931
v 1.23231852 7.68313551 -6.26585960
v 1.24553335 7.55314302 -6.30939150
v 1.27270067 7.42556047 -6.35295677
v 1.31505108 7.30208731 -6.39594078
v 1.37375748 7.18471289 -6.43736458
v 1.43901491 7.12274551 -6.59841585
v 1.53443694 7.02772856 -6.62916851
v 1.64435410 6.94855499 -6.65535831
v 1.76496887 6.88534307 -6.67734003
v 1.89275110 6.83709145 -6.69577980
v 2.02541327 6.80353451 -6.71045065
v 2.16105056 6.78496695 -6.72076893
v 2.29808640 6.78101492 -6.72638369
v 2.43531370 6.78939915 -6.72798824
v 2.57205796 6.80794954 -6.72674036
v 2.70797300 6.83475208 -6.72426367
v 2.84275913 6.86759377 -6.72189426
v 2.97585511 6.90644646 -6.71916008
v 3.10667467 6.95270777 -6.71470833
v 3.23410368 7.00821066 -6.70690155
v 3.35551310 7.07564116 -6.69391966
v 3.46675777 7.15747166 -6.67473888
v 3.56478810 7.25319195 -6.65001822
v 3.64770746 7.36097670 -6.62100935
v 3.71429420 7.47863579 -6.58886671
v 3.76445103 7.60347795 -6.55442524
v 3.79845977 7.73311186 -6.51808786
v 3.81725693 7.86537695 -6.48037386
v 3.82135081 7.99860382 -6.44169807
v 3.81179738 8.13127708 -6.40254784
v 3.78949738 8.26224518 -6.36328220
v 3.75512624 8.39036942 -6.32415295
v 3.70866728 8.51449776 -6.28536415
v 3.65069747 8.63359356 -6.24713278
v 3.58081770 8.74662590 -6.20978689
v 3.49842048 8.85215473 -6.17400265
v 3.40411854 8.94721603 -6.14107990
v 3.29942226 9.03082275 -6.11165667
v 3.18523431 9.10269833 -6.08585358
v 3.06267166 9.16129017 -6.06370592
v 2.93363833 9.20595169 -6.04489994
v 2.79993033 9.23611355 -6.02961779
v 2.66320562 9.25122547 -6.01838970
v 2.52526498 9.25035286 -6.01209307
v 2.38814020 9.23296356 -6.01143408
v 2.25456762 9.19759655 -6.01737356
v 2.12686276 9.14530659 -6.02943087
v 2.00633192 9.07877922 -6.04631710
v 1.89319122 9.00075150 -6.06644917
v 1.78729260 8.91341686 -6.08874416
v 1.68795514 8.81883430 -6.11249971
v 1.59507227 8.71799469 -6.13763905
v 1.50924802 8.61123657 -6.16463137
v 1.43149984 8.49872684 -6.19380951
v 1.36356342 8.38070869 -6.22519016
v 1.30628335 8.25794125 -6.25846863
v 1.26155031 8.13081551 -6.29362869
v 1.23037207 8.00037575 -6.33043909
v 1.21413672 7.86795425 -6.36860323
v 1.21357036 7.73519945 -6.40767288
v 1.22836268 7.60370922 -6.44720316
v 1.25727463 7.47485638 -6.48678684
v 1.30123687 7.35026789 -6.52586126
v 1.36129022 7.23183823 -6.56347895
v 1.43062878 7.16609240 -6.72257996
v 1.52655840 7.06988955 -6.75004625
v 1.63676429 6.98941040 -6.77336693
v 1.75758386 6.92482710 -6.79294729
v 1.88550258 6.87506962 -6.80949306
v 2.01822329 6.83966398 -6.82280636
v 2.15393686 6.81884861 -6.83230495
v 2.29119968 6.81241512 -6.83757591
v 2.42888403 6.81850958 -6.83917427
v 2.56626439 6.83543348 -6.83814955
v 2.70280385 6.86185074 -6.83604050
v 2.83793378 6.89570808 -6.83414125
v 2.97101378 6.93647003 -6.83203793
v 3.10161853 6.98487902 -6.82847166
v 3.22897077 7.04214334 -6.82190180
v 3.35075140 7.11061049 -6.81058502
v 3.46284509 7.19294596 -6.79353809
v 3.56193542 7.28914022 -6.77136755
v 3.64566588 7.39780378 -6.74525213
v 3.71237969 7.51688337 -6.71629763
v 3.76194406 7.64348602 -6.68530178
v 3.79497671 7.77493572 -6.65262556
v 3.81258869 7.90897131 -6.61872673
v 3.81547093 8.04386330 -6.58397245
v 3.80472517 8.17808533 -6.54880476
v 3.78121424 8.31048107 -6.51354265
v 3.74554372 8.43988132 -6.47839594
v 3.69775772 8.56513023 -6.44352293
v 3.63866830 8.68529034 -6.40908337
v 3.56812811 8.79950905 -6.37534428
v 3.48564029 8.90652180 -6.34292507
v 3.39171481 9.00344563 -6.31303692
v 3.28761148 9.08925724 -6.28629923
v 3.17387557 9.16340637 -6.26286125
v 3.05138469 9.22390270 -6.24274540
v 2.92206979 9.26984787 -6.22561359
v 2.78788137 9.30066109 -6.21162748
v 2.65060711 9.31588936 -6.20130491
v 2.51212692 9.31481457 -6.19549561
v 2.37449384 9.29709148 -6.19488811
v 2.24037933 9.26149273 -6.20038271
v 2.11203766 9.20908451 -6.21149921
v 1.99074113 9.14247894 -6.22698879
v 1.87678289 9.06421661 -6.24531984
v 1.77014947 8.97633266 -6.26546621
v 1.67025530 8.88086128 -6.28678465
v 1.57703996 8.77883625 -6.30923748
v 1.49102938 8.67072010 -6.33332586
v 1.41319573 8.55674744 -6.35940790
v 1.34518600 8.43722630 -6.38749838
v 1.28781617 8.31293201 -6.41730213
v 1.24307191 8.18422604 -6.44881535
v 1.21211421 8.05214119 -6.48184252
v 1.19654167 7.91806030 -6.51611853
v 1.19725370 7.78375483 -6.55122900
v 1.21381271 7.65093708 -6.58676195
v 1.24466801 7.52099657 -6.62235212
v 1.29041517 7.39548016 -6.65748978
v 1.35192609 7.27616835 -6.69127750
v 1.42537332 7.20676804 -6.84841824
v 1.52176070 7.10941601 -6.87260056
v 1.63217473 7.02758598 -6.89305830
v 1.75313294 6.96152210 -6.91021633
v 1.88116002 6.91010571 -6.92478609
v 2.01393747 6.87264156 -6.93660021
v 2.14973974 6.84930468 -6.94509935
v 2.28725433 6.84005785 -6.94984150
v 2.42543626 6.84352398 -6.95126772
v 2.56350851 6.85853767 -6.95031500
v 2.70072222 6.88442469 -6.94840860
v 2.83620167 6.91932917 -6.94677258
v 2.96921158 6.96215153 -6.94504976
v 3.09950113 7.01288557 -6.94209576
v 3.22667003 7.07202291 -6.93649006
v 3.34876728 7.14150429 -6.92660522
v 3.46174002 7.22418785 -6.91151905
v 3.56199622 7.32062960 -6.89178228
v 3.64667392 7.42994070 -6.86848164
v 3.71362162 7.55024004 -6.84265423
v 3.76263666 7.67843151 -6.81504631
v 3.79469705 7.81153154 -6.78597641
v 3.81110644 7.94717073 -6.75584459
v 3.81275654 8.08355999 -6.72497368
v 3.80079675 8.21916103 -6.69375944
v 3.77604365 8.35281754 -6.66248274
v 3.73900604 8.48332787 -6.63131666
v 3.68978643 8.60953426 -6.60038090
v 3.62944627 8.73060799 -6.56978750
v 3.55811906 8.84589386 -6.53975201
v 3.47545505 8.95432472 -6.51083088
v 3.38187861 9.05311298 -6.48413277
v 3.27838564 9.14120102 -6.46024227
v 3.16512752 9.21772861 -6.43932486
v 3.04270434 9.28021717 -6.42139482
v 2.91306496 9.32748413 -6.40611172
v 2.77833533 9.35893917 -6.39361477
v 2.64045143 9.37425613 -6.38439274
v 2.50137901 9.37297726 -6.37924337
v 2.36318326 9.35497952 -6.37881804
v 2.22844863 9.31931686 -6.38393927
v 2.09935308 9.26704884 -6.39414263
v 1.97713518 9.20067883 -6.40825081
v 1.86219716 9.12248993 -6.42481947
v 1.75469661 9.03431606 -6.44289827
v 1.65417647 8.93815517 -6.46190500
v 1.56064069 8.83508205 -6.48182869
v 1.47451341 8.72571850 -6.50317287
v 1.39668691 8.61039066 -6.52629995
v 1.32868445 8.48949242 -6.55122185
v 1.27129877 8.36381340 -6.57765818
v 1.22662306 8.23367405 -6.60561419
v 1.19598448 8.10009289 -6.63492489
v 1.18120813 7.96450233 -6.66535568
v 1.18336844 7.82880116 -6.69652796
v 1.20188355 7.69482660 -6.72806740
v 1.23488081 7.56398201 -6.75965214
v 1.28258586 7.43772364 -6.79082727
v 1.34566522 7.31770277 -6.82076025
v 1.42324841 7.24477196 -6.97593021
v 1.52004409 7.14630842 -6.99683237
v 1.63058555 7.06308126 -7.01443148
v 1.75161624 6.99542761 -7.02914667
v 1.87972355 6.94219971 -7.04165936
v 2.01255536 6.90246773 -7.05183268
v 2.14845920 6.87633419 -7.05915213
v 2.28625011 6.86394310 -7.06318092
v 2.42497015 6.86444187 -7.06426907
v 2.56378961 6.87726259 -7.06323624
v 2.70172787 6.90247297 -7.06136894
v 2.83756256 6.93845701 -7.05978823
v 2.97044873 6.98348999 -7.05819702
v 3.10032225 7.03672695 -7.05558062
v 3.22720194 7.09784937 -7.05066681
v 3.34956098 7.16832256 -7.04198027
v 3.46344304 7.25119781 -7.02868271
v 3.56497049 7.34766054 -7.01126146
v 3.65073156 7.45738792 -6.99069834
v 3.71801925 7.57870674 -6.96793747
v 3.76652932 7.70831490 -6.94365883
v 3.79762101 7.84289980 -6.91814089
v 3.81281018 7.97997618 -6.89172745
v 3.81320763 8.11769199 -6.86470127
v 3.80001235 8.25450420 -6.83741188
v 3.77398562 8.38925457 -6.81010294
v 3.73551321 8.52070808 -6.78291559
v 3.68475389 8.64770985 -6.75593758
v 3.62303114 8.76954651 -6.72924519
v 3.55079031 8.88577938 -6.70301008
v 3.46786499 8.99556160 -6.67772102
v 3.37460995 9.09621811 -6.65436840
v 3.27174473 9.18665314 -6.63348627
v 3.15899038 9.26566410 -6.61524391
v 3.03663039 9.33023357 -6.59965515
v 2.90662408 9.37885857 -6.58639383
v 2.77129197 9.41094780 -6.57557917
v 2.63273859 9.42632675 -6.56765318
v 2.49302101 9.42483997 -6.56333733
v 2.35420871 9.40663052 -6.56322289
v 2.21877551 9.37106800 -6.56804228
v 2.08880901 9.31920052 -6.57736111
v 1.96551418 9.25337791 -6.59010315
v 1.84943390 9.17557049 -6.60494852
v 1.74093390 9.08736992 -6.62103987
v 1.63971853 8.99071598 -6.63785982
v 1.54587460 8.88673115 -6.65541172
v 1.45970011 8.77622890 -6.67417288
v 1.38197362 8.65965652 -6.69448614
v 1.31405866 8.53750801 -6.71636057
v 1.25673139 8.41058445 -6.73953676
v 1.21220386 8.27915955 -6.76402521
v 1.18198299 8.14423275 -6.78968620
v 1.16813636 8.00728035 -6.81631517
v 1.17191458 7.87033892 -6.84356976
v 1.19257522 7.73537731 -6.87112045
v 1.22791290 7.60381222 -6.89868736
v 1.27774906 7.47699833 -6.92587328
v 1.34250736 7.35644197 -6.95192766
v 1.42425418 7.28010511 -7.10511637
v 1.52140844 7.18056726 -7.12274075
v 1.63199675 7.09589672 -7.13748741
v 1.75303352 7.02654457 -7.14973831
v 1.88119304 6.97135162 -7.16011190
v 2.01407695 6.92914248 -7.16850328
v 2.15009522 6.89993811 -7.17446280
v 2.28818703 6.88407087 -7.17759418
v 2.42748594 6.88126373 -7.17817736
v 2.56710839 6.89160824 -7.17691374
v 2.70582104 6.91599607 -7.17492151
v 2.84201694 6.95309162 -7.17318869
v 2.97472477 7.00048590 -7.17147875
v 3.10408187 7.05640364 -7.16892624
v 3.23056602 7.11962318 -7.16443253
v 3.35313249 7.19106436 -7.15671062
v 3.46795416 7.27397537 -7.14502811
v 3.57085848 7.37023258 -7.12980652
v 3.65783882 7.48014545 -7.11190128
v 3.72557330 7.60228300 -7.09214640
v 3.77362132 7.73313618 -7.07113886
v 3.80374813 7.86904001 -7.04911804
v 3.81770039 8.00738716 -7.02637529
v 3.81682444 8.14626122 -7.00315523
v 3.80237150 8.28411484 -6.97976160
v 3.77504015 8.41979218 -6.95640278
v 3.73506522 8.55202293 -6.93319225
v 3.68265986 8.67965698 -6.91019344
v 3.61942291 8.80210590 -6.88745689
v 3.54614210 8.91916656 -6.86511850
v 3.46286988 9.03023338 -6.84359503
v 3.36990881 9.13276100 -6.82374287
v 3.26768875 9.22561455 -6.80603123
v 3.15546393 9.30721283 -6.79061937
v 3.03316283 9.37395096 -6.77752542
v 2.90274668 9.42397213 -6.76646090
v 2.76675177 9.45668793 -6.75752163
v 2.62746859 9.47210026 -6.75108576
v 2.48705292 9.47040462 -6.74777699
v 2.34756994 9.45204163 -6.74810362
v 2.21136045 9.41674709 -6.75269270
v 2.08040547 9.36553764 -6.76115513
v 1.95587802 9.30057812 -6.77254534
v 1.83849311 9.22345924 -6.78570700
v 1.72886157 9.13549232 -6.79989147
v 1.62688172 9.03854179 -6.81465006
v 1.53274155 8.93378353 -6.82998705
v 1.44658959 8.82225323 -6.84632540
v 1.36905575 8.70454407 -6.86396646
v 1.30130875 8.58127308 -6.88291407
v 1.24411380 8.45324421 -6.90293741
v 1.19981420 8.32068253 -6.92404795
v 1.17010975 8.18455887 -6.94612741
v 1.15732610 8.04639339 -6.96899605
v 1.16289222 7.90836763 -6.99235487
v 1.18588758 7.77258968 -7.01592016
v 1.22376454 7.64048719 -7.03945732
v 1.27590466 7.51330471 -7.06262732
v 1.34245276 7.39238548 -7.08477926
v 1.42778111 7.31304646 -7.23556900
v 1.52523041 7.21250057 -7.24999619
v 1.63578546 7.12639904 -7.26196337
v 1.75675976 7.05531883 -7.27179718
v 1.88493121 6.99810839 -7.28002739
v 2.01784706 6.95334435 -7.28658056
v 2.15396857 6.92095804 -7.29108763
v 2.29235291 6.90146923 -7.29321480
v 2.43222547 6.89519262 -7.29319286
v 2.57264972 6.90290546 -7.29160261
v 2.71213412 6.92636108 -7.28937817
v 2.84867048 6.96453190 -7.28735447
v 2.98115063 7.01431084 -7.28535414
v 3.10991144 7.07296038 -7.28267050
v 3.23590040 7.13831377 -7.27839422
v 3.35858250 7.21070433 -7.27145243
v 3.47428727 7.29356146 -7.26122999
v 3.57855606 7.38947010 -7.24808025
v 3.66678214 7.49939632 -7.23272514
v 3.73500991 7.62217140 -7.21587181
v 3.78264403 7.75408792 -7.19802666
v 3.81185365 7.89112902 -7.17939091
v 3.82461786 8.03056717 -7.16020679
v 3.82251573 8.17042255 -7.14068317
v 3.80683970 8.30914783 -7.12108040
v 3.77822018 8.44558620 -7.10157204
v 3.73673940 8.57843685 -7.08224869
v 3.68266964 8.70655346 -7.06315565
v 3.61788559 8.82947826 -7.04432631
v 3.54352188 8.94725037 -7.02586651
v 3.45986462 9.05950737 -7.00812006
v 3.36717272 9.16383839 -6.99180222
v 3.26558518 9.25905609 -6.97730446
v 3.15388393 9.34319687 -6.96476889
v 3.03163481 9.41205502 -6.95422316
v 2.90079665 9.46341991 -6.94542742
v 2.76412725 9.49671555 -6.93845510
v 2.62411094 9.51213932 -6.93361235
v 2.48299789 9.51025295 -6.93140554
v 2.34284210 9.49181366 -6.93224812
v 2.20583510 9.45693398 -6.93665266
v 2.07384467 9.40658855 -6.94428635
v 1.94801486 9.34272385 -6.95435381
v 1.82925308 9.26652431 -6.96588612
v 1.71843505 9.17899609 -6.97825480
v 1.61567354 9.08191967 -6.99107933
v 1.52126825 8.97652435 -7.00435734
v 1.43520665 8.86408710 -7.01843643
v 1.35794902 8.74536419 -7.03356123
v 1.29044783 8.62110424 -7.04972839
v 1.23346221 8.49211597 -7.06674337
v 1.18946981 8.35856915 -7.08461237
v 1.16036606 8.22140598 -7.10323477
v 1.14873528 8.08218670 -7.12245512
v 1.15617657 7.94323874 -7.14201832
v 1.18158484 7.80680943 -7.16168833
v 1.22207594 7.67433548 -7.18127584
v 1.27657926 7.54694653 -7.20050097
v 1.34494066 7.42581654 -7.21882057
v 1.43206131 7.34440994 -7.36610651
v 1.52970183 7.24300528 -7.37763929
v 1.64014435 7.15565109 -7.38709974
v 1.76098084 7.08304644 -7.39475965
v 1.88908839 7.02405834 -7.40106630
v 2.02196383 6.97704172 -7.40597343
v 2.15810800 6.94183922 -7.40918589
v 2.29668140 6.91912222 -7.41043139
v 2.43698931 6.90971947 -7.40989399
v 2.57805133 6.91501617 -7.40804529
v 2.71815157 6.93753481 -7.40564680
v 2.85492992 6.97654629 -7.40339088
v 2.98714638 7.02836609 -7.40115356
v 3.11529112 7.08942890 -7.39837408
v 3.24070430 7.15673399 -7.39431763
v 3.36330247 7.23006773 -7.38810873
v 3.47958112 7.31297445 -7.37924290
v 3.58486223 7.40863323 -7.36801052
v 3.67404199 7.51857519 -7.35500765
v 3.74263525 7.64186192 -7.34082556
v 3.78991365 7.77463150 -7.32588720
v 3.81838250 7.91258049 -7.31035662
v 3.83020210 8.05288887 -7.29443407
v 3.82711649 8.19353294 -7.27829361
v 3.81041265 8.33295727 -7.26215458
v 3.78066206 8.46999836 -7.24616098
v 3.73785782 8.60332680 -7.23038101
v 3.68236256 8.73181629 -7.21484613
v 3.61628342 8.85512638 -7.19957352
v 3.54103684 8.97349739 -7.18464327
v 3.45709324 9.08677006 -7.17033243
v 3.36465502 9.19262600 -7.15722609
v 3.26359820 9.28979874 -7.14564610
v 3.15232253 9.37599659 -7.13571692
v 3.03011107 9.44653606 -7.12747478
v 2.89892602 9.49893188 -7.12072515
v 2.76171660 9.53264809 -7.11552191
v 2.62112522 9.54807186 -7.11210155
v 2.47947335 9.54607868 -7.11086607
v 2.33879209 9.52768517 -7.11214113
v 2.20113254 9.49331474 -7.11633396
v 2.06826234 9.44388008 -7.12316561
v 1.94131029 9.38111210 -7.13197947
v 1.82136023 9.30583286 -7.14198112
v 1.70952582 9.21878433 -7.15265322
v 1.60611653 9.12167263 -7.16367865
v 1.51153278 9.01577759 -7.17504835
v 1.42562342 8.90258884 -7.18703938
v 1.34869933 8.78301334 -7.19984531
v 1.28151441 8.65792274 -7.21345711
v 1.22482312 8.52813053 -7.22771120
v 1.18121588 8.39376450 -7.24261045
v 1.15275645 8.25574112 -7.25806999
v 1.14224088 8.11566067 -7.27395487
v 1.15140533 7.97597218 -7.29005098
v 1.17898250 7.83904076 -7.30616617
v 1.22180402 7.70631027 -7.32215214
v 1.27839911 7.57880878 -7.33778286
v 1.34834492 7.45755768 -7.35261631
v 1.43698239 7.37424612 -7.49665403
v 1.53470778 7.27213764 -7.50560951
v 1.64495873 7.18372059 -7.51284790
v 1.76558173 7.10980940 -7.51858997
v 1.89354742 7.04930162 -7.52320671
v 2.02630591 7.00036001 -7.52667570
v 2.16238856 6.96273661 -7.52876902
v 2.30104113 6.93721914 -7.52926874
v 2.44163775 6.92506647 -7.52831841
v 2.58316302 6.92818546 -7.52628851
v 2.72371364 6.94976950 -7.52378464
v 2.86063027 6.98937416 -7.52136850
v 2.99254823 7.04286718 -7.51896238
v 3.12006044 7.10600233 -7.51613617
v 3.24481893 7.17506361 -7.51231480
v 3.36712670 7.24933434 -7.50680113
v 3.48365426 7.33240557 -7.49919128
v 3.58957338 7.42792892 -7.48971891
v 3.67939401 7.53789949 -7.47886610
v 3.74821448 7.66157579 -7.46711731
v 3.79519677 7.79498577 -7.45481920
v 3.82310867 7.93360996 -7.44210529
v 3.83423948 8.07456684 -7.42913437
v 3.83042574 8.21580315 -7.41605043
v 3.81289983 8.35575676 -7.40303516
v 3.78218389 8.49323940 -7.39020395
v 3.73825026 8.62690639 -7.37760878
v 3.68158484 8.75566387 -7.36526585
v 3.61448050 8.87926960 -7.35318041
v 3.53856683 8.99812889 -7.34141016
v 3.45444441 9.11223698 -7.33017111
v 3.36224461 9.21932697 -7.31993151
v 3.26161075 9.31802177 -7.31095076
v 3.15065718 9.40576458 -7.30333853
v 3.02846813 9.47752094 -7.29713583
v 2.89701748 9.53061676 -7.29219151
v 2.75941133 9.56458950 -7.28853893
v 2.61841393 9.58000183 -7.28635454
v 2.47639155 9.57798862 -7.28594542
v 2.33534098 9.55976677 -7.28755903
v 2.19718528 9.52599621 -7.29150820
v 2.06360412 9.47751045 -7.29756403
v 1.93572509 9.41582584 -7.30519629
v 1.81479216 9.34145260 -7.31376934
v 1.70212579 9.25491619 -7.32286692
v 1.59821212 9.15785313 -7.33222818
v 1.50353980 9.05159473 -7.34183979
v 1.41784453 8.93781281 -7.35191536
v 1.34130955 8.81754971 -7.36260223
v 1.27451086 8.69178772 -7.37388659
v 1.21819925 8.56134796 -7.38563490
v 1.17505538 8.42632675 -7.39784527
v 1.14728081 8.28762627 -7.41044617
v 1.13783538 8.14687729 -7.42332172
v 1.14855587 8.00663185 -7.43629360
v 1.17803705 7.86934710 -7.44921064
v 1.22288263 7.73647213 -7.46195936
v 1.28127682 7.60894680 -7.47436428
v 1.35256231 7.48766041 -7.48607492
v 1.44254446 7.40255547 -7.62721109
v 1.54024827 7.29989862 -7.63390732
v 1.65022862 7.21060705 -7.63920832
v 1.77056229 7.13560820 -7.64328861
v 1.89830816 7.07383823 -7.64644861
v 2.03087378 7.02329874 -7.64868736
v 2.16681027 6.98365068 -7.64983606
v 2.30543208 6.95576000 -7.64972687
v 2.44617057 6.94123363 -7.64846516
v 2.58798480 6.94241333 -7.64633226
v 2.72882032 6.96306467 -7.64379168
v 2.86577153 7.00301504 -7.64128685
v 2.99735594 7.05781412 -7.63877964
v 3.12421989 7.12268019 -7.63595676
v 3.24824405 7.19330168 -7.63238478
v 3.37005520 7.26850414 -7.62752867
v 3.48650694 7.35185480 -7.62107515
v 3.59268951 7.44735765 -7.61320543
v 3.68283892 7.55736971 -7.60430002
v 3.75174761 7.68131304 -7.59474659
v 3.79849339 7.81515169 -7.58482361
v 3.82603264 7.95421839 -7.57463598
v 3.83673000 8.09560108 -7.56430721
v 3.83244348 8.23723507 -7.55395365
v 3.81430125 8.37754536 -7.54372168
v 3.78278565 8.51531124 -7.53370190
v 3.73791718 8.64917755 -7.52393103
v 3.68033624 8.77809429 -7.51441479
v 3.61247706 8.90190792 -7.50514793
v 3.53611207 9.02114391 -7.49616671
v 3.45191789 9.13590813 -7.48763561
v 3.35994172 9.24394131 -7.47991800
v 3.25962329 9.34372520 -7.47321844
v 3.14888835 9.43249893 -7.46763229
v 3.02670646 9.50500870 -7.46320677
v 2.89507151 9.55847454 -7.45982647
v 2.75721145 9.59253788 -7.45750666
v 2.61597681 9.60792923 -7.45637178
v 2.47375226 9.60598373 -7.45664406
v 2.33248949 9.58805752 -7.45850134
v 2.19399309 9.55497837 -7.46217537
v 2.05986977 9.50747871 -7.46748161
v 1.93125927 9.44686413 -7.47400475
v 1.80954897 9.37338448 -7.48125076
v 1.69623494 9.28739071 -7.48889446
v 1.59196019 9.19046211 -7.49672747
v 1.49728942 9.08397675 -7.50473118
v 1.41186988 8.96975994 -7.51306391
v 1.33577955 8.84897137 -7.52183104
v 1.26943731 8.72269821 -7.53101778
v 1.21359086 8.59176731 -7.54051495
v 1.17098832 8.45625782 -7.55031633
v 1.14393938 8.31706047 -7.56036329
v 1.13551855 8.17583752 -7.57055521
v 1.14762783 8.03521729 -7.58074665
v 1.17874849 7.89772844 -7.59082127
v 1.22531164 7.76482105 -7.60069799
v 1.28521264 7.63736153 -7.61024570
v 1.35759282 7.51612520 -7.61919641
v 1.44874740 7.42933846 -7.75777864
v 1.54632342 7.32628775 -7.76253176
v 1.65595400 7.23631144 -7.76618004
v 1.77592254 7.16044283 -7.76885509
v 1.90337062 7.09766912 -7.77079248
v 2.03566742 7.04585838 -7.77200842
v 2.17137289 7.00458097 -7.77238798
v 2.30985427 6.97474480 -7.77180529
v 2.45058799 6.95822048 -7.77033424
v 2.59251642 6.95769978 -7.76817608
v 2.73347163 6.97742033 -7.76566792
v 2.87035394 7.01746988 -7.76314592
v 3.00156975 7.07320690 -7.76060629
v 3.12776923 7.13946247 -7.75783587
v 3.25097990 7.21144867 -7.75452852
v 3.37208819 7.28757668 -7.75029230
v 3.48813868 7.37132263 -7.74489450
v 3.59421062 7.46691942 -7.73847055
v 3.68437600 7.57698536 -7.73130989
v 3.75323486 7.70107317 -7.72371340
v 3.79980326 7.83512831 -7.71589994
v 3.82715416 7.97440577 -7.70794916
v 3.83767366 8.11599159 -7.69995356
v 3.83316946 8.25782681 -7.69200325
v 3.81461668 8.39832306 -7.68421364
v 3.78246737 8.53621292 -7.67665434
v 3.73685813 8.67013931 -7.66934824
v 3.67861676 8.79910946 -7.66229343
v 3.61027312 8.92304039 -7.65547562
v 3.53367209 9.04254246 -7.64891386
v 3.44951367 9.15778351 -7.64272594
v 3.35774589 9.26646805 -7.63718510
v 3.25763583 9.36690903 -7.63244915
v 3.14701557 9.45620251 -7.62859964
v 3.02482581 9.52900028 -7.62568760
v 2.89308786 9.58250618 -7.62362957
v 2.75511694 9.61649513 -7.62242556
v 2.61381435 9.63185310 -7.62215328
v 2.47155547 9.63006401 -7.62296152
v 2.33023739 9.61255932 -7.62496948
v 2.19155574 9.58026123 -7.62833595
v 2.05705929 9.53378487 -7.63291836
v 1.92791295 9.47422791 -7.63840485
v 1.80563068 9.40162659 -7.64442587
v 1.69185305 9.31620789 -7.65073729
v 1.58736098 9.21949959 -7.65717649
v 1.49278164 9.11292267 -7.66372252
v 1.40769958 8.99842930 -7.67048454
v 1.33210957 8.87727928 -7.67753267
v 1.26629364 8.75065422 -7.68484974
v 1.21099794 8.61939049 -7.69235039
v 1.16901457 8.48355675 -7.70002460
v 1.14273214 8.34404469 -7.70782137
v 1.13529062 8.20254135 -7.71565628
v 1.14862144 8.06173038 -7.72341013
v 1.18111694 7.92418528 -7.73099804
v 1.22909117 7.79135704 -7.73836756
v 1.29020631 7.66405201 -7.74542713
v 1.36343634 7.54295206 -7.75198126
v 1.45559132 7.45459414 -7.88835573
v 1.55293310 7.35130501 -7.89148378
v 1.66213489 7.26083279 -7.89376402
v 1.78166246 7.18431234 -7.89528942
v 1.90873480 7.12079287 -7.89623785
v 2.04068661 7.06803894 -7.89663935
v 2.17607665 7.02552748 -7.89642382
v 2.31430769 6.99417400 -7.89550447
v 2.45488977 6.97602701 -7.89392662
v 2.59675813 6.97404528 -7.89182091
v 2.73766756 6.99283648 -7.88941336
v 2.87437701 7.03273773 -7.88694620
v 3.00518942 7.08904552 -7.88444138
v 3.13070846 7.15634918 -7.88177347
v 3.25302649 7.22950459 -7.87874556
v 3.37322569 7.30655241 -7.87509155
v 3.48854995 7.39080858 -7.87064934
v 3.59413671 7.48661375 -7.86551428
v 3.68400598 7.59674740 -7.85989523
v 3.75267601 7.72085714 -7.85401821
v 3.79912639 7.85491657 -7.84804773
v 3.82647324 7.99417162 -7.84204435
v 3.83707023 8.13573837 -7.83607244
v 3.83260417 8.27758026 -7.83019924
v 3.81384659 8.41809082 -7.82451200
v 3.78122902 8.55594444 -7.81906128
v 3.73507333 8.68979073 -7.81386089
v 3.67642641 8.81870842 -7.80890131
v 3.60786867 8.94266891 -7.80416298
v 3.53124738 9.06232548 -7.79965067
v 3.44723177 9.17786312 -7.79544210
v 3.35565734 9.28690815 -7.79173374
v 3.25564814 9.38757229 -7.78864288
v 3.14503908 9.47687244 -7.78623962
v 3.02282619 9.54949379 -7.78457832
v 2.89106631 9.60271168 -7.78360081
v 2.75312805 9.63646030 -7.78329563
v 2.61192608 9.65177441 -7.78369856
v 2.46980143 9.65022850 -7.78489780
v 2.32858443 9.63327122 -7.78696203
v 2.18987370 9.60184383 -7.78998947
v 2.05517268 9.55642986 -7.79387474
v 1.92568600 9.49791622 -7.79839563
v 1.80303705 9.42618084 -7.80329418
v 1.68898046 9.34136868 -7.80839396
v 1.58441424 9.24496460 -7.81357527
v 1.49001658 9.13843346 -7.81881428
v 1.40533364 9.02382183 -7.82417774
v 1.33029938 8.90247345 -7.82970667
v 1.26507998 8.77565670 -7.83538294
v 1.21042025 8.64421558 -7.84114218
v 1.16913426 8.50822353 -7.84696913
v 1.14365900 8.36857891 -7.85282087
v 1.13715136 8.22698784 -7.85862350
v 1.15153670 8.08616924 -7.86428356
v 1.18514216 7.94871712 -7.86974144
v 1.23422110 7.81608009 -7.87496853
v 1.29625809 7.68901920 -7.87990808
v 1.37009299 7.56814051 -7.88442898
v 1.46307611 7.47832346 -8.01894283
v 1.56007743 7.37495041 -8.02076340
v 1.66877127 7.28417158 -8.02196026
v 1.78778207 7.20721817 -8.02259159
v 1.91440082 7.14321041 -8.02278519
v 2.04593158 7.08984041 -8.02257919
v 2.18092155 7.04649019 -8.02194405
v 2.31879258 7.01404715 -8.02082443
v 2.45907617 6.99465418 -8.01924133
v 2.60070968 6.99144888 -8.01726627
v 2.74140811 7.00931358 -8.01502800
v 2.87784147 7.04881907 -8.01268768
v 3.00821495 7.10532999 -8.01028538
v 3.13303757 7.17334032 -8.00777054
v 3.25438356 7.24746943 -8.00503635
v 3.37346721 7.32543087 -8.00192642
v 3.48774028 7.41031313 -7.99833965
v 3.59246802 7.50644064 -7.99433613
v 3.68172836 7.61665440 -7.99005604
v 3.75007129 7.74066448 -7.98566008
v 3.79646325 7.87451601 -7.98126793
v 3.82398987 8.01351643 -7.97692204
v 3.83492017 8.15484142 -7.97266483
v 3.83074713 8.29649448 -7.96854162
v 3.81199074 8.43684864 -7.96461582
v 3.77907062 8.57450581 -7.96092272
v 3.73256254 8.70813370 -7.95746803
v 3.67376542 8.83689213 -7.95423889
v 3.60526371 8.96079159 -7.95121098
v 3.52883768 9.08049202 -7.94837761
v 3.44507241 9.19614697 -7.94578457
v 3.35367632 9.30526161 -7.94356346
v 3.25366020 9.40571594 -7.94179916
v 3.14295888 9.49451065 -7.94055319
v 3.02070761 9.56649208 -7.93987846
v 2.88900733 9.61908913 -7.93974066
v 2.75124454 9.65243244 -7.94011593
v 2.61031222 9.66769409 -7.94100809
v 2.46848989 9.66647720 -7.94245291
v 2.32753062 9.65019226 -7.94447947
v 2.18894672 9.61972809 -7.94713640
v 2.05420995 9.57541370 -7.95035028
v 1.92457855 9.51792908 -7.95397854
v 1.80176830 9.44704723 -7.95785570
v 1.68761694 9.36287117 -7.96186590
v 1.58311999 9.26685810 -7.96592426
v 1.48899400 9.16050816 -7.97000599
v 1.40477192 9.04593563 -7.97414351
v 1.33034921 8.92455387 -7.97835302
v 1.26579618 8.79770470 -7.98261690
v 1.21185815 8.66624260 -7.98688984
v 1.17134738 8.53025913 -7.99115038
v 1.14671993 8.39066219 -7.99536085
v 1.14110100 8.24917793 -7.99945831
v 1.15637350 8.10853481 -8.00336742
v 1.19082439 7.97132444 -8.00705051
v 1.24070156 7.83899021 -8.01049995
v 1.30336773 7.71226215 -8.01368904
v 1.37756264 7.59169102 -8.01653957
v 1.47120190 7.50052547 -8.14953899
v 1.56775618 7.39722395 -8.15036964
v 1.67586303 7.30632782 -8.15076828
v 1.79428148 7.22915888 -8.15076256
v 1.92036843 7.16492176 -8.15043354
v 2.05140209 7.11126280 -8.14982986
v 2.18590736 7.06746960 -8.14894867
v 2.32330871 7.03436422 -8.14776421
v 2.46314716 7.01410055 -8.14627838
v 2.60437155 7.00991106 -8.14451218
v 2.74469328 7.02685118 -8.14251232
v 2.88074660 7.06571388 -8.14036942
v 3.01064658 7.12205982 -8.13813877
v 3.13475680 7.19043636 -8.13582516
v 3.25505114 7.26534271 -8.13339996
v 3.37281322 7.34421253 -8.13079739
v 3.48571014 7.42983580 -8.12796497
v 3.58920407 7.52640057 -8.12493610
v 3.67754316 7.63670778 -8.12179279
v 3.74542046 7.76049519 -8.11863995
v 3.79181314 7.89392614 -8.11555958
v 3.81970406 8.03244019 -8.11258221
v 3.83122301 8.17330074 -8.10972977
v 3.82759857 8.31457043 -8.10703087
v 3.80904889 8.45459557 -8.10452557
v 3.77599216 8.59189796 -8.10223866
v 3.72932625 8.72516632 -8.10017014
v 3.67063355 8.85365868 -8.09830570
v 3.60245800 8.97740936 -8.09661865
v 3.52644300 9.09704304 -8.09509468
v 3.44303560 9.21263409 -8.09375286
v 3.35180259 9.32152748 -8.09267426
v 3.25167227 9.42134094 -8.09191895
v 3.14077473 9.50911617 -8.09153938
v 3.01847029 9.57999229 -8.09158897
v 2.88691044 9.63164139 -8.09204960
v 2.74946642 9.66441345 -8.09288788
v 2.60897279 9.67961025 -8.09408092
v 2.46762085 9.67881107 -8.09562683
v 2.32707644 9.66332340 -8.09752178
v 2.18877459 9.63391304 -8.09977627
v 2.05417109 9.59073448 -8.10234547
v 1.92459059 9.53426743 -8.10515213
v 1.80182433 9.46422386 -8.10811043
v 1.68776250 9.38071728 -8.11115265
v 1.58347845 9.28517914 -8.11422253
v 1.48971403 9.17914772 -8.11729813
v 1.40601444 9.06477261 -8.12038136
v 1.33225882 8.94352055 -8.12347126
v 1.26844239 8.81679916 -8.12655258
v 1.21531129 8.68547344 -8.12959385
v 1.17565382 8.54966164 -8.13256836
v 1.15191507 8.41029549 -8.13544273
v 1.14713931 8.26911163 -8.13815975
v 1.16313183 8.12882614 -8.14066124
v 1.19816351 7.99200630 -8.14292622
v 1.24853253 7.86008787 -8.14496326
v 1.31153548 7.73378134 -8.14676952
v 1.38584530 7.61360312 -8.14831352
v 1.47996855 7.52120113 -8.28014565
v 1.57596958 7.41812515 -8.28030300
v 1.68341041 7.32730103 -8.28018761
v 1.80116057 7.25013590 -8.27980042
v 1.92663777 7.18592644 -8.27918434
v 2.05709839 7.13230562 -8.27838898
v 2.19103432 7.08846521 -8.27743721
v 2.32785606 7.05512571 -8.27632523
v 2.46710277 7.03436708 -8.27503872
v 2.60774326 7.02943230 -8.27355862
v 2.74752307 7.04544973 -8.27186584
v 2.88309288 7.08342218 -8.26999283
v 3.01248431 7.13923597 -8.26800060
v 3.13586593 7.20763636 -8.26593876
v 3.25502968 7.28312540 -8.26383686
v 3.37126350 7.36289740 -8.26170349
v 3.48245907 7.44937706 -8.25952625
v 3.58434534 7.54649353 -8.25731564
v 3.67145061 7.65690660 -8.25510502
v 3.73872352 7.78034925 -8.25295734
v 3.78517652 7.91314793 -8.25092411
v 3.81361580 8.05094242 -8.24902439
v 3.82597923 8.19111538 -8.24726772
v 3.82315850 8.33180618 -8.24566555
v 3.80502129 8.47133160 -8.24424171
v 3.77199364 8.60811901 -8.24300957
v 3.72536397 8.74089050 -8.24196720
v 3.66703081 8.86900997 -8.24110222
v 3.59945178 8.99252224 -8.24038696
v 3.52406335 9.11197758 -8.23980141
v 3.44112086 9.22732639 -8.23934650
v 3.35003614 9.33570671 -8.23906612
v 3.24968410 9.43444538 -8.23900127
v 3.13848710 9.52068996 -8.23919868
v 3.01611400 9.58999634 -8.23970890
v 2.88477588 9.64036560 -8.24052620
v 2.74779367 9.67240238 -8.24160957
v 2.60790777 9.68752384 -8.24291897
v 2.46719456 9.68722916 -8.24442005
v 2.32722139 9.67266560 -8.24608994
v 2.18935776 9.64439869 -8.24790859
v 2.05505610 9.60239506 -8.24985981
v 1.92572188 9.54693031 -8.25191784
v 1.80320525 9.47771263 -8.25405884
v 1.68941724 9.39490604 -8.25625324
v 1.58548939 9.29992867 -8.25847149
v 1.49217665 9.19435215 -8.26068974
v 1.40906131 9.08033276 -8.26289177
v 1.33602834 8.95937347 -8.26506329
v 1.27301836 8.83293915 -8.26718903
v 1.22077990 8.70190620 -8.26925278
v 1.18205369 8.56643295 -8.27122307
v 1.15924430 8.42747784 -8.27306461
v 1.15526640 8.28678894 -8.27472782
v 1.17181182 8.14704514 -8.27616596
v 1.20715952 8.01076412 -8.27736855
v 1.25771391 7.87937212 -8.27835751
v 1.32076108 7.75357676 -8.27915001
v 1.39494121 7.63387775 -8.27974987
v 1.58471763 7.43765497 -8.41056347
v 1.48937619 7.54034948 -8.41076279
v 1.69141316 7.34709215 -8.41021919
v 1.80841923 7.27014780 -8.40970707
v 1.93320894 7.20622492 -8.40903664
v 2.06302023 7.15296936 -8.40825748
v 2.19630218 7.10947704 -8.40741062
v 2.33243465 7.07633066 -8.40650654
v 2.47094297 7.05545378 -8.40552235
v 2.61082506 7.05001163 -8.40440559
v 2.74989748 7.06510878 -8.40308857
v 2.88488030 7.10194349 -8.40155697
v 3.01372790 7.15685797 -8.39987183
v 3.13636470 7.22494125 -8.39811039
v 3.25431871 7.30081654 -8.39634800
v 3.36881828 7.38148546 -8.39464474
v 3.47798729 7.46893644 -8.39302254
v 3.57789135 7.56671906 -8.39147282
v 3.66345072 7.67725086 -8.38999367
v 3.72998047 7.80022669 -8.38861179
v 3.77655339 7.93218040 -8.38735962
v 3.80572510 8.06902313 -8.38624954
v 3.81918836 8.20828724 -8.38527870
v 3.81742692 8.34820366 -8.38444710
v 3.79990816 8.48705673 -8.38376331
v 3.76707506 8.62317085 -8.38323402
v 3.72067595 8.75530434 -8.38286018
v 3.66295743 8.88294506 -8.38262844
v 3.59624529 9.00613022 -8.38251495
v 3.52169871 9.12529564 -8.38249779
v 3.43932867 9.24022198 -8.38256645
v 3.34837699 9.34779835 -8.38273907
v 3.24769568 9.44502926 -8.38304615
v 3.13609552 9.52923012 -8.38353062
v 3.01363897 9.59650326 -8.38423824
v 2.88260365 9.64526367 -8.38517094
v 2.74622655 9.67639923 -8.38628292
v 2.60711694 9.69143391 -8.38751984
v 2.46721077 9.69173241 -8.38883305
v 2.32796574 9.67821693 -8.39018250
v 2.19069600 9.65118504 -8.39153481
v 2.05686522 9.61039257 -8.39289284
v 1.92797279 9.55591869 -8.39427471
v 1.80591083 9.48751259 -8.39570045
v 1.69258118 9.40543652 -8.39716911
v 1.58915305 9.31110668 -8.39867020
v 1.49638188 9.20612049 -8.40018272
v 1.41391253 9.09261513 -8.40167522
v 1.34165764 8.97211266 -8.40312672
v 1.27952445 8.84612465 -8.40452671
v 1.22826385 8.71554089 -8.40586853
v 1.19054687 8.58057308 -8.40711403
v 1.16870761 8.44221020 -8.40822792
v 1.16548228 8.30220890 -8.40916348
v 1.18241346 8.16318989 -8.40987968
v 1.21781254 8.02759647 -8.41037655
v 1.26824570 7.89684343 -8.41068268
v 1.33104479 7.77164841 -8.41082954
v 1.40485013 7.65251398 -8.41085052
v 1.59400010 7.45581293 -8.54115105
v 1.49942482 7.55797148 -8.54138851
v 1.69987142 7.36570024 -8.54086304
v 1.81605780 7.28919601 -8.54048157
v 1.94008172 7.22581673 -8.53999043
v 2.06916785 7.17325354 -8.53943634
v 2.20171142 7.13050556 -8.53886795
v 2.33704448 7.09798002 -8.53830814
v 2.47466755 7.07736063 -8.53772736
v 2.61361694 7.07165003 -8.53705215
v 2.75181627 7.08582830 -8.53618050
v 2.88610864 7.12127876 -8.53506184
v 3.01437759 7.17492580 -8.53375149
v 3.13625360 7.24235058 -8.53234100
v 3.25291824 7.31841660 -8.53093147
v 3.36547709 7.39997625 -8.52962303
v 3.47229505 7.48851395 -8.52845478
v 3.56984258 7.58707762 -8.52740765
v 3.65354323 7.69774103 -8.52645683
v 3.71919155 7.82012749 -8.52560425
v 3.76594353 7.95102453 -8.52486801
v 3.79603195 8.08668232 -8.52425671
v 3.81085062 8.22481537 -8.52376175
v 3.81040359 8.36376095 -8.52337456
v 3.79370904 8.50177193 -8.52309036
v 3.76123667 8.63705254 -8.52291393
v 3.71526217 8.76840878 -8.52284718
v 3.65841317 8.89546394 -8.52288342
v 3.59283781 9.01823330 -8.52300358
v 3.51934934 9.13699818 -8.52318478
v 3.43765903 9.25132275 -8.52341270
v 3.34682512 9.35780334 -8.52369308
v 3.24570727 9.45309448 -8.52405453
v 3.13360023 9.53473949 -8.52453518
v 3.01104498 9.59951401 -8.52517700
v 2.88039374 9.64633560 -8.52598476
v 2.74476480 9.67640400 -8.52690697
v 2.60660052 9.69134235 -8.52788544
v 2.46766949 9.69231987 -8.52886391
v 2.32930946 9.67997837 -8.52979946
v 2.19278932 9.65427208 -8.53065395
v 2.05959797 9.61472893 -8.53144646
v 1.93134308 9.56123161 -8.53222370
v 1.80994129 9.49362373 -8.53303528
v 1.69725418 9.41231155 -8.53389931
v 1.59446907 9.31871223 -8.53481865
v 1.50232971 9.21445370 -8.53577423
v 1.42056799 9.10161972 -8.53673077
v 1.34914696 8.98173714 -8.53766251
v 1.28796029 8.85635662 -8.53856564
v 1.23776317 8.72637939 -8.53944016
v 1.20113361 8.59208012 -8.54024220
v 1.18030524 8.45449162 -8.54093266
v 1.17778695 8.31537342 -8.54146481
v 1.19493663 8.17726135 -8.54180431
v 1.23012245 8.04250431 -8.54195118
v 1.28012800 7.91250181 -8.54193974
v 1.34238636 7.78799629 -8.54181004
v 1.41557205 7.66951180 -8.54161263
v 1.60381722 7.47259903 -8.67206669
v 1.51011419 7.57406616 -8.67202568
v 1.70878518 7.38312626 -8.67211819
v 1.82407594 7.30727911 -8.67212391
v 1.94725621 7.24470234 -8.67204571
v 2.07554102 7.19315910 -8.67192364
v 2.20726156 7.15154982 -8.67181015
v 2.34168553 7.12007332 -8.67173100
v 2.47827673 7.10008669 -8.67165565
v 2.61611867 7.09434652 -8.67150021
v 2.75327992 7.10760832 -8.67114162
v 2.88677788 7.14142704 -8.67050743
v 3.01443315 7.19343948 -8.66964054
v 3.13553238 7.25986481 -8.66863060
v 3.25082850 7.33592510 -8.66758919
v 3.36124039 7.41836977 -8.66663647
v 3.46538186 7.50811005 -8.66582298
v 3.56019878 7.60756874 -8.66512203
v 3.64172840 7.71837711 -8.66449642
v 3.70635653 7.84005165 -8.66393375
v 3.75334716 7.96967983 -8.66344738
v 3.78453636 8.10392094 -8.66304588
v 3.80096602 8.24069881 -8.66271877
v 3.80208898 8.37847996 -8.66244888
v 3.78642416 8.51547718 -8.66222382
v 3.75447798 8.64976406 -8.66204739
v 3.70912242 8.78020477 -8.66192913
v 3.65339804 8.90656662 -8.66186810
v 3.58923006 9.02883053 -8.66185188
v 3.51701474 9.14708424 -8.66186237
v 3.43611145 9.26062679 -8.66188526
v 3.34538054 9.36572075 -8.66192913
v 3.24371862 9.45864010 -8.66202641
v 3.13100123 9.53721523 -8.66221333
v 3.00833201 9.59902763 -8.66252613
v 2.87814617 9.64358044 -8.66296673
v 2.74340868 9.67241669 -8.66348171
v 2.60635853 9.68724728 -8.66401482
v 2.46857095 9.68899250 -8.66451359
v 2.33125257 9.67794991 -8.66494274
v 2.19563770 9.65365982 -8.66526699
v 2.06325459 9.61540413 -8.66551876
v 1.93583274 9.56287003 -8.66576290
v 1.81529665 9.49604702 -8.66606331
v 1.70343626 9.41552830 -8.66644382
v 1.60143781 9.32274532 -8.66691685
v 1.51002014 9.21935177 -8.66746712
v 1.42902780 9.10734653 -8.66805840
v 1.35849619 8.98824883 -8.66867065
v 1.29832613 8.86363411 -8.66930580
v 1.24927795 8.73441982 -8.66996765
v 1.21381366 8.60095596 -8.67060566
v 1.19403684 8.46432304 -8.67117786
v 1.19218040 8.32628059 -8.67163467
v 1.20938134 8.18925858 -8.67193890
v 1.24408925 8.05548668 -8.67209244
v 1.29336083 7.92634726 -8.67212772
v 1.35478604 7.80262041 -8.67208958
v 1.42710710 7.68487215 -8.67203903
v 1.61416888 7.48801327 -8.80330849
v 1.52144468 7.58863449 -8.80267143
v 1.71815443 7.39936924 -8.80398655
v 1.83247375 7.32439804 -8.80463409
v 1.95473254 7.26288128 -8.80520248
v 2.08213997 7.21268511 -8.80572128
v 2.21295261 7.17261076 -8.80623627
v 2.34635806 7.14261055 -8.80677414
v 2.48177028 7.12363338 -8.80730724
v 2.61833048 7.11810207 -8.80774879
v 2.75428796 7.13044930 -8.80797291
v 2.88688803 7.16238880 -8.80789375
v 3.01389480 7.21239853 -8.80753803
v 3.13420129 7.27748299 -8.80697823
v 3.24804950 7.35334301 -8.80632019
v 3.35610819 7.43666697 -8.80568504
v 3.45724821 7.52772474 -8.80512524
v 3.54895997 7.62819290 -8.80461407
v 3.62800598 7.73915863 -8.80411148
v 3.69147563 7.85999918 -8.80360126
v 3.73876405 7.98814583 -8.80309963
v 3.77123857 8.12073803 -8.80261707
v 3.78953457 8.25593948 -8.80214882
v 3.79248261 8.39236069 -8.80166912
v 3.77805352 8.52817154 -8.80116272
v 3.74679923 8.66130543 -8.80063629
v 3.70225716 8.79069042 -8.80010605
v 3.64791203 8.91625404 -8.79958248
v 3.58542180 9.03792381 -8.79906082
v 3.51469541 9.15555382 -8.79852867
v 3.43468642 9.26813602 -8.79798317
v 3.34404349 9.37155247 -8.79744530
v 3.24172997 9.46166515 -8.79696083
v 3.12829828 9.53665924 -8.79656506
v 3.00550008 9.59504414 -8.79628563
v 2.87586069 9.63699818 -8.79611683
v 2.74215770 9.66443729 -8.79600716
v 2.60639095 9.67915058 -8.79590797
v 2.46991491 9.68174934 -8.79578304
v 2.33379483 9.67213154 -8.79560947
v 2.19924092 9.64934826 -8.79537201
v 2.06783533 9.61241722 -8.79510975
v 1.94144189 9.56083298 -8.79489422
v 1.82197666 9.49478149 -8.79478455
v 1.71112752 9.41508770 -8.79480267
v 1.61005902 9.32320786 -8.79496479
v 1.51945305 9.22081375 -8.79525948
v 1.43929195 9.10979652 -8.79565907
v 1.36970520 8.99164677 -8.79615116
v 1.31062198 8.86795712 -8.79674721
v 1.26280808 8.73966217 -8.79745102
v 1.22858703 8.60719872 -8.79820728
v 1.20990264 8.47170448 -8.79896450
v 1.20866263 8.33493042 -8.79967022
v 1.22574770 8.19918346 -8.80028439
v 1.25971293 8.06654453 -8.80079937
v 1.30794406 7.93837976 -8.80124664
v 1.36824358 7.81552076 -8.80166912
v 1.43945527 7.69859409 -8.80212784
v 1.62496209 7.50203514 -8.93485165
v 1.53331077 7.60166979 -8.93333435
v 1.72789705 7.41439247 -8.93640614
v 1.84117973 7.34049654 -8.93792152
v 1.96244919 7.28027439 -8.93934059
v 2.08891344 7.23172283 -8.94067955
v 2.21874475 7.19354486 -8.94197273
v 2.35103559 7.16541338 -8.94324112
v 2.48513937 7.14779329 -8.94446278
v 2.62026262 7.14269781 -8.94556141
v 2.75486875 7.15414381 -8.94641876
v 2.88647890 7.18398952 -8.94695091
v 3.01280761 7.23166943 -8.94715786
v 3.13231134 7.29510355 -8.94708347
v 3.24464822 7.37057924 -8.94681263
v 3.35017848 7.45476866 -8.94645214
v 3.44803548 7.54723978 -8.94604492
v 3.53631520 7.64881611 -8.94557095
v 3.61260247 7.75995016 -8.94499779
v 3.67478871 7.87984848 -8.94431591
v 3.72242355 8.00632668 -8.94354916
v 3.75634098 8.13706303 -8.94271755
v 3.77672553 8.27048969 -8.94181919
v 3.78172326 8.40537643 -8.94082928
v 3.76871681 8.53984833 -8.93972874
v 3.73831248 8.67168808 -8.93852901
v 3.69476962 8.79989433 -8.93725967
v 3.64204311 8.92456627 -8.93594074
v 3.58147883 9.04556370 -8.93457890
v 3.51243639 9.16247272 -8.93317223
v 3.43341637 9.27392960 -8.93172932
v 3.34284544 9.37540436 -8.93030071
v 3.23978329 9.46232224 -8.92894936
v 3.12554479 9.53327656 -8.92771244
v 3.00260401 9.58782005 -8.92660809
v 2.87358332 9.62688160 -8.92562008
v 2.74104190 9.65277481 -8.92469692
v 2.60670781 9.66735744 -8.92380524
v 2.47169256 9.67088318 -8.92293358
v 2.33691025 9.66279125 -8.92208481
v 2.20355773 9.64158344 -8.92126751
v 2.07328272 9.60599709 -8.92052746
v 1.94809556 9.55533981 -8.91992950
v 1.82988667 9.49004078 -8.91951466
v 1.72021258 9.41119862 -8.91929340
v 1.62019777 9.32030010 -8.91927910
v 1.53047597 9.21903419 -8.91946602
v 1.45119095 9.10915279 -8.91983986
v 1.38258922 8.99210167 -8.92040348
v 1.32465041 8.86948204 -8.92117596
v 1.27814865 8.74224663 -8.92215919
v 1.24524474 8.61093140 -8.92329311
v 1.22769284 8.47673702 -8.92451668
v 1.22702897 8.34140682 -8.92577076
v 1.24384367 8.20709705 -8.92700863
v 1.27681947 8.07572460 -8.92821312
v 1.32372272 7.94863176 -8.92940426
v 1.38262212 7.82671690 -8.93062401
v 1.45249641 7.71068525 -8.93192101
v 1.63511074 7.51442385 -9.06637859
v 1.54448426 7.61310530 -9.06409359
v 1.73705375 7.42776108 -9.06868362
v 1.84935737 7.35491610 -9.07092857
v 1.96969032 7.29595232 -9.07305336
v 2.09526372 7.24900150 -9.07506371
v 2.22417092 7.21267939 -9.07698250
v 2.35541081 7.18639803 -9.07882595
v 2.48827744 7.17016268 -9.08057976
v 2.62203503 7.16558838 -9.08217907
v 2.75535011 7.17627573 -9.08351803
v 2.88601279 7.20419693 -9.08451653
v 3.01169991 7.24968433 -9.08515072
v 3.13046265 7.31152725 -9.08543396
v 3.24140835 7.38658333 -9.08542728
v 3.34459782 7.47152805 -9.08522320
v 3.43940043 7.56528664 -9.08485985
v 3.52447081 7.66788101 -9.08432293
v 3.59815741 7.77916574 -9.08359528
v 3.65909958 7.89818001 -9.08267593
v 3.70700216 8.02308941 -9.08159542
v 3.74221253 8.15207577 -9.08037853
v 3.76451182 8.28381824 -9.07902813
v 3.77142692 8.41723919 -9.07751656
v 3.75981116 8.55042934 -9.07582474
v 3.73032355 8.68104076 -9.07397366
v 3.68787241 8.80814362 -9.07200432
v 3.63681388 8.93199348 -9.06995010
v 3.57817101 9.05237293 -9.06782341
v 3.51076722 9.16859531 -9.06562710
v 3.43268180 9.27895451 -9.06338501
v 3.34215927 9.37853909 -9.06117058
v 3.23837137 9.46238136 -9.05906296
v 3.12335920 9.52946758 -9.05710220
v 3.00027919 9.58033943 -9.05529881
v 2.87184501 9.61663437 -9.05362701
v 2.74040556 9.64103889 -9.05203438
v 2.60742879 9.65545940 -9.05050182
v 2.47379804 9.65980148 -9.04903698
v 2.34029198 9.65306854 -9.04766369
v 2.20810032 9.63324165 -9.04641724
v 2.07892966 9.59881687 -9.04534721
v 1.95491910 9.54894829 -9.04451084
v 1.83791935 9.48431778 -9.04393196
v 1.72934604 9.40629387 -9.04360867
v 1.63027716 9.31638527 -9.04354763
v 1.54130697 9.21627617 -9.04374695
v 1.46274900 9.10755920 -9.04420090
v 1.39499056 8.99161148 -9.04492378
v 1.33810949 8.87002277 -9.04593468
v 1.29290676 8.74378681 -9.04723454
v 1.26134729 8.61356068 -9.04876232
v 1.24495924 8.48061371 -9.05045509
v 1.24489152 8.34667397 -9.05224991
v 1.26143074 8.21374416 -9.05409431
v 1.29337764 8.08357430 -9.05596256
v 1.33888793 7.95748472 -9.05786514
v 1.39632285 7.83643866 -9.05983257
v 1.46482992 7.72123098 -9.06190109
v 1.55461276 7.62292147 -9.19497108
v 1.64430320 7.52511120 -9.19780064
v 1.74534965 7.43935061 -9.20061970
v 1.85676670 7.36746788 -9.20335102
v 1.97625053 7.30964899 -9.20593739
v 2.10101986 7.26415634 -9.20837498
v 2.22909713 7.22953415 -9.21068192
v 2.35939622 7.20496702 -9.21286774
v 2.49115396 7.19005060 -9.21492863
v 2.62368178 7.18604279 -9.21681118
v 2.75582623 7.19615126 -9.21842194
v 2.88562250 7.22242785 -9.21968460
v 3.01072335 7.26599312 -9.22055531
v 3.12882757 7.32641029 -9.22101974
v 3.23855472 7.40105391 -9.22111988
v 3.33969545 7.48661709 -9.22093487
v 3.43181825 7.58147192 -9.22050095
v 3.51405978 7.68494034 -9.21981907
v 3.58542824 7.79634905 -9.21888447
v 3.64521265 7.91458607 -9.21770763
v 3.69326735 8.03810978 -9.21632099
v 3.72953272 8.16553879 -9.21474934
v 3.75346041 8.29577065 -9.21299839
v 3.76205730 8.42786503 -9.21103859
v 3.75173759 8.55989170 -9.20884991
v 3.72320700 8.68940067 -9.20646667
v 3.68191338 8.81553078 -9.20394516
v 3.63251829 8.93867302 -9.20132542
v 3.57571912 9.05852699 -9.19862461
v 3.50984001 9.17413807 -9.19584942
v 3.43259168 9.28348160 -9.19302654
v 3.34209204 9.38131809 -9.19024754
v 3.23763514 9.46234894 -9.18760777
v 3.12191892 9.52592182 -9.18514824
v 2.99870825 9.57345963 -9.18287468
v 2.87079859 9.60723400 -9.18075275
v 2.74034810 9.63026428 -9.17873383
v 2.60858798 9.64448547 -9.17679977
v 2.47620153 9.64948177 -9.17497349
v 2.34385252 9.64386082 -9.17329407
v 2.21272898 9.62514687 -9.17181587
v 2.08458495 9.59164143 -9.17059517
v 1.96166170 9.54239368 -9.16968536
v 1.84575665 9.47832775 -9.16909409
v 1.73814178 9.40107059 -9.16880989
v 1.63984454 9.31214333 -9.16882992
v 1.55143476 9.21319103 -9.16915226
v 1.47339892 9.10563087 -9.16977406
v 1.40628970 8.99074745 -9.17071247
v 1.35033846 8.87010193 -9.17198086
v 1.30639589 8.74474621 -9.17357635
v 1.27619433 8.61549187 -9.17544556
v 1.26099932 8.48367596 -9.17752934
v 1.26156461 8.35100746 -9.17976856
v 1.27786613 8.21933651 -9.18210888
v 1.30880451 8.09025097 -9.18451691
v 1.35292053 7.96504784 -9.18699169
v 1.40888679 7.84475231 -9.18954754
v 1.47605360 7.73025608 -9.19220543
v 1.56369615 7.63111877 -9.32596874
v 1.65253937 7.53409672 -9.32911777
v 1.75278449 7.44916105 -9.33221436
v 1.86340785 7.37815285 -9.33518982
v 1.98212969 7.32136393 -9.33799171
v 2.10618138 7.27718735 -9.34061527
v 2.23352289 7.24410963 -9.34307098
v 2.36299133 7.22111988 -9.34536743
v 2.49376869 7.20745707 -9.34750938
v 2.62520313 7.20406151 -9.34945583
v 2.75629663 7.21377039 -9.35112858
v 2.88530755 7.23868132 -9.35245514
v 3.00987816 7.28059530 -9.35337162
v 3.12740588 7.33975363 -9.35384178
v 3.23608708 7.41399002 -9.35388947
v 3.33547139 7.50003529 -9.35358524
v 3.42528892 7.59579563 -9.35297012
v 3.50508237 7.69999409 -9.35205841
v 3.57441521 7.81150150 -9.35086536
v 3.63312793 7.92906666 -9.34940910
v 3.68121934 8.05138683 -9.34772587
v 3.71830153 8.17745209 -9.34583092
v 3.74357080 8.30634785 -9.34373093
v 3.75361466 8.43725491 -9.34139442
v 3.74449611 8.56823635 -9.33880424
v 3.71696329 8.69676685 -9.33600807
v 3.67689204 8.82205677 -9.33307934
v 3.62915587 8.94460678 -9.33006573
v 3.57412362 9.06402588 -9.32698250
v 3.50965452 9.17910194 -9.32383633
v 3.43314600 9.28751087 -9.32065392
v 3.34264326 9.38374329 -9.31753349
v 3.23757505 9.46222496 -9.31458378
v 3.12122393 9.52263832 -9.31185055
v 2.99789119 9.56717968 -9.30933475
v 2.87044430 9.59868145 -9.30700016
v 2.74086881 9.62045097 -9.30479527
v 2.61018538 9.63443661 -9.30270004
v 2.47890282 9.63992500 -9.30074310
v 2.34759164 9.63517094 -9.29897404
v 2.21744347 9.61729908 -9.29746246
v 2.09024858 9.58447266 -9.29627132
v 1.96832323 9.53567410 -9.29545212
v 1.85339868 9.47207069 -9.29500008
v 1.74659967 9.39552879 -9.29489517
v 1.64890015 9.30757141 -9.29512501
v 1.56085908 9.20977688 -9.29568100
v 1.48314059 9.10336876 -9.29656029
v 1.41648686 8.98951054 -9.29777145
v 1.36133730 8.86971760 -9.29931641
v 1.31861579 8.74512577 -9.30118561
v 1.28978598 8.61672306 -9.30334377
v 1.27581310 8.48592377 -9.30574226
v 1.27704847 8.35440826 -9.30832863
v 1.29314983 8.22387409 -9.31105232
v 1.32309997 8.09575462 -9.31387615
v 1.36582041 7.97132111 -9.31678295
v 1.42031407 7.85165787 -9.31976986
v 1.48616755 7.73776102 -9.32283401
v 1.57173455 7.63769627 -9.45708466
v 1.65981936 7.54138088 -9.46033001
v 1.75935841 7.45719194 -9.46346760
v 1.86928058 7.38696957 -9.46644402
v 1.98732781 7.33109760 -9.46921730
v 2.11074853 7.28809404 -9.47178268
v 2.23744869 7.25640535 -9.47414970
v 2.36619639 7.23485661 -9.47632408
v 2.49612212 7.22238255 -9.47832203
v 2.62659883 7.21964407 -9.48011494
v 2.75676179 7.22913313 -9.48163986
v 2.88506866 7.25295830 -9.48282814
v 3.00916409 7.29349184 -9.48360062
v 3.12619781 7.35155630 -9.48390102
v 3.23400593 7.42539215 -9.48373795
v 3.33192587 7.51178217 -9.48317623
v 3.41981244 7.60825729 -9.48226547
v 3.49753833 7.71304178 -9.48104095
v 3.56511831 7.82462215 -9.47953606
v 3.62284541 7.94162178 -9.47778225
v 3.67085814 8.06292152 -9.47580814
v 3.70851898 8.18781757 -9.47362232
v 3.73484325 8.31554890 -9.47122574
v 3.74609876 8.44540787 -9.46858501
v 3.73808670 8.57546234 -9.46568775
v 3.71159220 8.70313931 -9.46259785
v 3.67280889 8.82772064 -9.45940876
v 3.62672687 8.94979382 -9.45617104
v 3.57338405 9.06887054 -9.45289898
v 3.51021075 9.18348598 -9.44958973
v 3.43434477 9.29104328 -9.44626522
v 3.34381318 9.38581181 -9.44302654
v 3.23819089 9.46201134 -9.43999100
v 3.12127471 9.51961803 -9.43720913
v 2.99782825 9.56150055 -9.43467999
v 2.87078166 9.59097481 -9.43236732
v 2.74196839 9.61159992 -9.43021774
v 2.61222100 9.62531185 -9.42820168
v 2.48190165 9.63113117 -9.42634678
v 2.35150933 9.62699699 -9.42470455
v 2.22224379 9.60969925 -9.42335892
v 2.09592056 9.57730865 -9.42237663
v 1.97490370 9.52879047 -9.42181110
v 1.86084557 9.46554756 -9.42165089
v 1.75471985 9.38966942 -9.42186546
v 1.65744376 9.30267143 -9.42243385
v 1.56958032 9.20603466 -9.42333508
v 1.49197412 9.10077190 -9.42455864
v 1.42558193 8.98790073 -9.42610073
v 1.37110627 8.86887169 -9.42793941
v 1.32956672 8.74492455 -9.43006325
v 1.30212224 8.61725616 -9.43245602
v 1.28940058 8.48735714 -9.43509102
v 1.29134309 8.35687637 -9.43792915
v 1.30728197 8.22735786 -9.44092464
v 1.33626401 8.10008526 -9.44403934
v 1.37758780 7.97630405 -9.44723988
v 1.43060470 7.85715580 -9.45049763
v 1.49517179 7.74374485 -9.45378780
v 1.57872784 7.64265442 -9.58831978
v 1.66614318 7.54696274 -9.59143543
v 1.76507127 7.46344423 -9.59437943
v 1.87438512 7.39391947 -9.59711361
v 1.99184501 7.33885002 -9.59961319
v 2.11472130 7.29687691 -9.60187817
v 2.24087453 7.26642132 -9.60391712
v 2.36901140 7.24617767 -9.60573864
v 2.49821353 7.23482656 -9.60736561
v 2.62786937 7.23279095 -9.60878754
v 2.75722146 7.24223995 -9.60995388
v 2.88490534 7.26525784 -9.61080360
v 3.00858116 7.30468225 -9.61124134
v 3.12520313 7.36181831 -9.61119556
v 3.23231077 7.43526030 -9.61066246
v 3.32905817 7.52185822 -9.60970688
v 3.41538882 7.61885786 -9.60838890
v 3.49142790 7.72408438 -9.60676670
v 3.55753732 7.83571148 -9.60489845
v 3.61436510 7.95225143 -9.60282707
v 3.66218400 8.07271385 -9.60056973
v 3.70018530 8.19663334 -9.59812260
v 3.72727776 8.32337475 -9.59548092
v 3.73950982 8.45232487 -9.59260941
v 3.73250914 8.58156967 -9.58950043
v 3.70709372 8.70851898 -9.58623600
v 3.66966391 8.83252335 -9.58293247
v 3.62523150 8.95423412 -9.57964230
v 3.57350039 9.07306099 -9.57637215
v 3.51150894 9.18729019 -9.57310963
v 3.43618822 9.29407883 -9.56986237
v 3.34560180 9.38752556 -9.56672764
v 3.23948288 9.46170616 -9.56382942
v 3.12207055 9.51686001 -9.56122398
v 2.99851918 9.55642128 -9.55891037
v 2.87181091 9.58411503 -9.55685520
v 2.74364638 9.60371113 -9.55500221
v 2.61469483 9.61711121 -9.55330563
v 2.48519850 9.62309933 -9.55178356
v 2.35560560 9.61934090 -9.55048561
v 2.22713017 9.60234737 -9.54950333
v 2.10160089 9.57015133 -9.54891014
v 1.98140311 9.52174282 -9.54876232
v 1.86809707 9.45875740 -9.54904461
v 1.76250219 9.38349152 -9.54972076
v 1.66547549 9.29744339 -9.55075645
v 1.57759809 9.20196342 -9.55211353
v 1.49989951 9.09784126 -9.55377007
v 1.43357491 8.98591900 -9.55569935
v 1.37964499 8.86756229 -9.55785179
v 1.33924854 8.74414349 -9.56020832
v 1.31320298 8.61709118 -9.56278324
v 1.30176163 8.48797703 -9.56557846
v 1.30444837 8.35841084 -9.56857014
v 1.32026255 8.22978687 -9.57172680
v 1.34829676 8.10324192 -9.57500744
v 1.38822246 7.97999716 -9.57836246
v 1.43975842 7.86124516 -9.58173180
v 1.50306630 7.74820805 -9.58506584
v 1.58467615 7.64599371 -9.71967316
v 1.67151070 7.55084324 -9.72243690
v 1.76992321 7.46791697 -9.72494984
v 1.87872136 7.39900160 -9.72719955
v 1.99568129 7.34462070 -9.72918034
v 2.11809969 7.30353594 -9.73090172
v 2.24380016 7.27415800 -9.73237514
v 2.37143636 7.25508261 -9.73361015
v 2.50004363 7.24478912 -9.73464203
v 2.62901425 7.24350166 -9.73547363
v 2.75767589 7.25308990 -9.73607159
v 2.88481760 7.27558088 -9.73638058
v 3.00812960 7.31416655 -9.73629379
v 3.12442207 7.37054062 -9.73572636
v 3.23100209 7.44359493 -9.73466587
v 3.32686901 7.53026342 -9.73317623
v 3.41201806 7.62759686 -9.73133850
v 3.48675084 7.73312140 -9.72923565
v 3.55167246 7.84476900 -9.72695160
v 3.60768700 7.96095610 -9.72454166
v 3.65519643 8.08076382 -9.72201061
v 3.69330001 8.20390034 -9.71933365
v 3.72087455 8.32982540 -9.71649933
v 3.73384786 8.45800495 -9.71346951
v 3.72776389 8.58655930 -9.71024227
v 3.70346761 8.71290588 -9.70692253
v 3.66745687 8.83646393 -9.70365143
v 3.62466931 8.95792866 -9.70047951
v 3.57447290 9.07659721 -9.69740295
v 3.51354909 9.19051552 -9.69439411
v 3.43867612 9.29661560 -9.69144535
v 3.34800935 9.38888454 -9.68863773
v 3.24145079 9.46131039 -9.68610001
v 3.12361217 9.51436615 -9.68389606
v 2.99996400 9.55194187 -9.68202496
v 2.87353182 9.57810211 -9.68046284
v 2.74590278 9.59678268 -9.67914867
v 2.61760688 9.60983467 -9.67801094
v 2.48879313 9.61583042 -9.67705345
v 2.35988045 9.61219978 -9.67631626
v 2.23210239 9.59524250 -9.67589569
v 2.10728931 9.56299973 -9.67587280
v 1.98782146 9.51453209 -9.67630672
v 1.87515342 9.45169926 -9.67718315
v 1.76994669 9.37699509 -9.67846107
v 1.67299533 9.29188633 -9.68009186
v 1.58491266 9.19756413 -9.68201637
v 1.50691664 9.09457588 -9.68419361
v 1.44046581 8.98356342 -9.68656731
v 1.38695371 8.86579132 -9.68905163
v 1.34766126 8.74278259 -9.69161987
v 1.32302833 8.61622620 -9.69432545
v 1.31289649 8.48778248 -9.69720268
v 1.31636429 8.35901260 -9.70025253
v 1.33209145 8.23116207 -9.70345688
v 1.35919809 8.10522652 -9.70678043
v 1.39772451 7.98240042 -9.71014977
v 1.44777560 7.86392593 -9.71347237
v 1.50985110 7.75115061 -9.71666908
v 1.58957946 7.64771318 -9.85114670
v 1.67592204 7.55302191 -9.85333252
v 1.77391422 7.47061062 -9.85517883
v 1.88228917 7.40221643 -9.85670090
v 1.99883652 7.34840965 -9.85791779
v 2.12088346 7.30807114 -9.85885334
v 2.24622560 7.27961493 -9.85952187
v 2.37347102 7.26157141 -9.85993862
v 2.50161195 7.25227070 -9.86014938
v 2.63003349 7.25177670 -9.86017323
v 2.75812483 7.26168442 -9.85999298
v 2.88480568 7.28392744 -9.85956001
v 3.00780892 7.32194424 -9.85875893
v 3.12385464 7.37772179 -9.85749435
v 3.23007965 7.45039511 -9.85574722
v 3.32535815 7.53699732 -9.85358620
v 3.40969992 7.63447380 -9.85111523
v 3.48350739 7.74015236 -9.84844875
v 3.54752350 7.85179520 -9.84569645
v 3.60281110 7.96773529 -9.84292698
v 3.64989591 8.08707047 -9.84012890
v 3.68786359 8.20961857 -9.83725548
v 3.71563315 8.33489990 -9.83427906
v 3.72911239 8.46244907 -9.83116341
v 3.72385049 8.59042931 -9.82791328
v 3.70071435 8.71629906 -9.82465839
v 3.66618776 8.83954334 -9.82156372
v 3.62504077 8.96087646 -9.81868172
v 3.57630157 9.07947922 -9.81599140
v 3.51633096 9.19316101 -9.81344509
v 3.44180870 9.29865646 -9.81101227
v 3.35103536 9.38988781 -9.80875492
v 3.24409437 9.46082306 -9.80680180
v 3.12589908 9.51213360 -9.80522346
v 3.00216293 9.54806328 -9.80402470
v 2.87594485 9.57293606 -9.80319118
v 2.74873805 9.59081650 -9.80265617
v 2.62095714 9.60348320 -9.80231857
v 2.49268556 9.60932350 -9.80215645
v 2.36433387 9.60557652 -9.80219841
v 2.23716068 9.58838463 -9.80253792
v 2.11298609 9.55585384 -9.80326271
v 1.99415886 9.50715637 -9.80444336
v 1.88201451 9.44437504 -9.80606556
v 1.77705359 9.37018108 -9.80808640
v 1.68000317 9.28600121 -9.81044006
v 1.59152389 9.19283676 -9.81304359
v 1.51302576 9.09097576 -9.81582928
v 1.44625473 8.98083496 -9.81870556
v 1.39303243 8.86355686 -9.82154083
v 1.35480499 8.74084091 -9.82429981
v 1.33159828 8.61466312 -9.82708168
v 1.32280493 8.48677349 -9.82996368
v 1.32709110 8.35868073 -9.83297539
v 1.34276867 8.23148251 -9.83611679
v 1.36896813 8.10603714 -9.83935833
v 1.40609396 7.98351383 -9.84260273
v 1.45465589 7.86519909 -9.84572029
v 1.51552606 7.75257206 -9.84859657
v 1.59343767 7.64781380 -9.98273849
v 1.67937708 7.55349874 -9.98412323
v 1.77704418 7.47152519 -9.98506546
v 1.88508880 7.40356350 -9.98561859
v 2.00131083 7.35021734 -9.98582649
v 2.12307310 7.31048203 -9.98573303
v 2.24815083 7.28279209 -9.98535824
v 2.37511587 7.26564455 -9.98472500
v 2.50291896 7.25727081 -9.98388863
v 2.63092732 7.25761509 -9.98288631
v 2.75856853 7.26802206 -9.98171902
v 2.88486934 7.29029655 -9.98034096
v 3.00761962 7.32801628 -9.97863579
v 3.12350059 7.38336325 -9.97649765
v 3.22954321 7.45566130 -9.97390556
v 3.32452536 7.54206085 -9.97093582
v 3.40843487 7.63948917 -9.96771908
v 3.48169732 7.74517775 -9.96440506
v 3.54509068 7.85679007 -9.96113205
v 3.59973741 7.97258902 -9.95798397
v 3.64628196 8.09163570 -9.95492744
v 3.68387580 8.21378708 -9.95188618
v 3.71155357 8.33859921 -9.94882011
v 3.72530389 8.46565628 -9.94569111
v 3.72076917 8.59318161 -9.94251347
v 3.69883370 8.71869946 -9.93944263
v 3.66585684 8.84176064 -9.93667221
v 3.62634540 8.96307755 -9.93424892
v 3.57898641 9.08170605 -9.93213654
v 3.51985455 9.19522667 -9.93026257
v 3.44558573 9.30019855 -9.92856503
v 3.35468030 9.39053631 -9.92708015
v 3.24741435 9.46024609 -9.92593384
v 3.12893128 9.51016521 -9.92520809
v 3.00511551 9.54478550 -9.92490959
v 2.87904954 9.56861782 -9.92504025
v 2.75215173 9.58581257 -9.92552471
v 2.62474561 9.59805584 -9.92622757
v 2.49687552 9.60357952 -9.92709351
v 2.36896586 9.59946918 -9.92813015
v 2.24230480 9.58177471 -9.92942810
v 2.11869121 9.54871368 -9.93108177
v 2.00041509 9.49961662 -9.93317223
v 1.88868034 9.43678379 -9.93569183
v 1.78382254 9.36304855 -9.93859673
v 1.68649924 9.27978802 -9.94180202
v 1.59743178 9.18778133 -9.94519520
v 1.51822662 9.08704090 -9.94867802
v 1.45094156 8.97773457 -9.95211411
v 1.39788103 8.86086082 -9.95531845
v 1.36067951 8.73831844 -9.95824718
v 1.33891273 8.61240196 -9.96105289
v 1.33148718 8.48495007 -9.96386242
v 1.33662844 8.35741615 -9.96673870
v 1.35229433 8.23074818 -9.96970463
v 1.37760675 8.10567570 -9.97274017
v 1.41333067 7.98333693 -9.97572041
v 1.46039951 7.86506414 -9.97847366
v 1.52009141 7.75247335 -9.98084831
v 1.59625077 7.64629459 -10.11444950
v 1.68187594 7.55227375 -10.11480808
v 1.77931321 7.47066021 -10.11461163
v 1.88712013 7.40304327 -10.11395168
v 2.00310421 7.35004330 -10.11290646
v 2.12466812 7.31076908 -10.11154079
v 2.24957609 7.28368998 -10.10988426
v 2.37637043 7.26730156 -10.10796833
v 2.50396395 7.25978947 -10.10585880
v 2.63169575 7.26101828 -10.10361290
v 2.75900674 7.27210379 -10.10124779
v 2.88500881 7.29468870 -10.09872532
v 3.00756145 7.33238220 -10.09592438
v 3.12335992 7.38746405 -10.09273720
v 3.22939324 7.45939398 -10.08914185
v 3.32437110 7.54545307 -10.08522415
v 3.40822268 7.64264345 -10.08115005
v 3.48132086 7.74819803 -10.07710457
v 3.54437399 7.85975313 -10.07325840
v 3.59846592 7.97551727 -10.06971169
v 3.64435506 8.09445763 -10.06640339
v 3.68133664 8.21640682 -10.06322670
v 3.70863628 8.34092236 -10.06012344
v 3.72242236 8.46762753 -10.05705452
v 3.71852016 8.59481621 -10.05404282
v 3.69782543 8.72010612 -10.05127525
v 3.66646385 8.84311676 -10.04897404
v 3.62858367 8.96453285 -10.04718208
v 3.58252716 9.08327866 -10.04584026
v 3.52412009 9.19671345 -10.04484463
v 3.45000720 9.30124378 -10.04410267
v 3.35894370 9.39082909 -10.04361343
v 3.25141001 9.45957756 -10.04349899
v 3.13270903 9.50845909 -10.04384804
v 3.00882220 9.54210758 -10.04467964
v 2.88284636 9.56514549 -10.04600906
v 2.75614381 9.58176899 -10.04775620
v 2.62897229 9.59355354 -10.04973888
v 2.50136352 9.59859848 -10.05186367
v 2.37377667 9.59387875 -10.05411339
v 2.24753499 9.57541180 -10.05656719
v 2.12440443 9.54157829 -10.05932999
v 2.00659037 9.49191284 -10.06249332
v 1.89515090 9.42892647 -10.06606197
v 1.79025376 9.35559845 -10.06999302
v 1.69248331 9.27324486 -10.07417774
v 1.60263646 9.18239689 -10.07847214
v 1.52251935 9.08277225 -10.08273983
v 1.45452631 8.97426033 -10.08679199
v 1.40149951 8.85770130 -10.09038353
v 1.36528504 8.73521614 -10.09346199
v 1.34497190 8.60944080 -10.09623909
v 1.33894300 8.48231220 -10.09889889
v 1.34497654 8.35521889 -10.10154343
v 1.36066842 8.22895908 -10.10422230
v 1.38511407 8.10414028 -10.10692692
v 1.41943479 7.98187017 -10.10950470
v 1.46500647 7.86352062 -10.11173344
v 1.52354693 7.75085402 -10.11342525
v 1.59801888 7.64315653 -10.24627876
v 1.68341851 7.54934692 -10.24538708
v 1.78072119 7.46801662 -10.24381542
v 1.88838327 7.40065575 -10.24170017
v 2.00421643 7.34788799 -10.23915672
v 2.12566876 7.30893230 -10.23627567
v 2.25050116 7.28230810 -10.23309994
v 2.37723470 7.26654243 -10.22966862
v 2.50474763 7.25982714 -10.22606182
v 2.63233876 7.26198483 -10.22235394
v 2.75943947 7.27392912 -10.21858025
v 2.88522387 7.29710436 -10.21471119
v 3.00763464 7.33504200 -10.21062565
v 3.12343287 7.39002419 -10.20621395
v 3.22962928 7.46159220 -10.20145607
v 3.32489491 7.54717445 -10.19645309
v 3.40906334 7.64393568 -10.19140816
v 3.48237801 7.74921227 -10.18654728
v 3.54537344 7.86068487 -10.18207550
v 3.59899664 7.97652006 -10.17811012
v 3.64411473 8.09553623 -10.17455864
v 3.68024611 8.21747780 -10.17127800
v 3.70688105 8.34187031 -10.16818905
v 3.72046757 8.46836185 -10.16525173
v 3.71710300 8.59533215 -10.16250134
v 3.69769001 8.72052002 -10.16015625
v 3.66800880 8.84361076 -10.15847111
v 3.63175535 8.96524048 -10.15748119
v 3.58692384 9.08419609 -10.15710068
v 3.52912736 9.19762039 -10.15719414
v 3.45507312 9.30179119 -10.15762615
v 3.36382604 9.39076710 -10.15835476
v 3.25608182 9.45881748 -10.15949440
v 3.13723207 9.50701523 -10.16114521
v 3.01328278 9.54002953 -10.16333389
v 2.88733482 9.56252003 -10.16609859
v 2.76071453 9.57868862 -10.16934872
v 2.63363719 9.58997440 -10.17285156
v 2.50614929 9.59437943 -10.17646694
v 2.37876582 9.58880520 -10.18014622
v 2.25285101 9.56929684 -10.18395424
v 2.13012624 9.53445053 -10.18800545
v 2.01268458 9.48404503 -10.19240761
v 1.90142620 9.42080116 -10.19717598
v 1.79634726 9.34782982 -10.20227337
v 1.69795549 9.26637459 -10.20756626
v 1.60713780 9.17668533 -10.21287251
v 1.52590394 9.07816982 -10.21801376
v 1.45700896 8.97041321 -10.22274017
v 1.40388799 8.85408020 -10.22673798
v 1.36862147 8.73153305 -10.22994423
v 1.34977543 8.60578156 -10.23263931
v 1.34517241 8.47886086 -10.23507214
v 1.35213542 8.35208893 -10.23738861
v 1.36789083 8.22611618 -10.23966885
v 1.39148998 8.10143185 -10.24191856
v 1.42440629 7.97911358 -10.24395275
v 1.46847665 7.86056948 -10.24550056
v 1.52589273 7.74771357 -10.24632740
v 1.59874189 7.63839912 -10.37822819
v 1.68400490 7.54471874 -10.37586212
v 1.78126824 7.46359348 -10.37267780
v 1.88887799 7.39640045 -10.36886501
v 2.00464773 7.34375143 -10.36457729
v 2.12607503 7.30497169 -10.35993862
v 2.25092626 7.27864695 -10.35500431
v 2.37770915 7.26336765 -10.34982681
v 2.50526953 7.25738382 -10.34449577
v 2.63285637 7.26051617 -10.33910847
v 2.75986671 7.27349806 -10.33371639
v 2.88551474 7.29754305 -10.32829857
v 3.00783873 7.33599567 -10.32273769
v 3.12371922 7.39104414 -10.31692600
v 3.23025179 7.46225691 -10.31084728
v 3.32609701 7.54722500 -10.30462170
v 3.41095686 7.64336634 -10.29849339
v 3.48486853 7.74822092 -10.29273319
v 3.54808879 7.85958529 -10.28758430
v 3.60132957 7.97559786 -10.28317928
v 3.64556146 8.09487343 -10.27939224
v 3.68060422 8.21700001 -10.27603817
v 3.70628786 8.34144211 -10.27301598
v 3.71943974 8.46786022 -10.27028275
v 3.71651793 8.59472847 -10.26788902
v 3.69842720 8.71994019 -10.26608562
v 3.67049193 8.84324360 -10.26516342
v 3.63586020 8.96520329 -10.26514530
v 3.59217691 9.08445930 -10.26591778
v 3.53487659 9.19794750 -10.26730824
v 3.46078372 9.30184078 -10.26913452
v 3.36932683 9.39034939 -10.27130318
v 3.26142955 9.45796776 -10.27392101
v 3.14250088 9.50583458 -10.27709866
v 3.01849747 9.53855324 -10.28087330
v 2.89251518 9.56074142 -10.28530884
v 2.76586390 9.57656860 -10.29030228
v 2.63874030 9.58732128 -10.29556656
v 2.51123285 9.59092236 -10.30090332
v 2.38393354 9.58424759 -10.30622959
v 2.25825286 9.56342983 -10.31159115
v 2.13585615 9.52732754 -10.31711006
v 2.01869774 9.47601318 -10.32291412
v 1.90750635 9.41240978 -10.32903481
v 1.80210292 9.33974266 -10.33543873
v 1.70291579 9.25917530 -10.34196854
v 1.61093581 9.17064476 -10.34839821
v 1.52838027 9.07323265 -10.35449982
v 1.45838964 8.96619415 -10.35995770
v 1.40504646 8.84999561 -10.36438084
v 1.37068880 8.72727013 -10.36769390
v 1.35332370 8.60142326 -10.37025356
v 1.35017562 8.47459507 -10.37238312
v 1.35810494 8.34802532 -10.37427521
v 1.37396169 8.22221851 -10.37604427
v 1.39673460 8.09755039 -10.37771416
v 1.42824519 7.97506714 -10.37906742
v 1.47081017 7.85620975 -10.37977314
v 1.52712882 7.74305296 -10.37955284
v 1.59841990 7.63202190 -10.51029587
v 1.68363512 7.53838873 -10.50623131
v 1.78095424 7.45739126 -10.50119877
v 1.88860452 7.39027786 -10.49544525
v 2.00439811 7.33763313 -10.48916912
v 2.12588692 7.29888678 -10.48252964
v 2.25085115 7.27270603 -10.47559929
v 2.37779331 7.25777674 -10.46844196
v 2.50552988 7.25245857 -10.46116161
v 2.63324833 7.25661087 -10.45387554
v 2.76028872 7.27081060 -10.44665623
v 2.88588142 7.29600477 -10.43948936
v 3.00817418 7.33524323 -10.43226242
v 3.12421918 7.39052391 -10.42487431
v 3.23126030 7.46138716 -10.41731644
v 3.32797742 7.54560423 -10.40972900
v 3.41390300 7.64093542 -10.40240574
v 3.48879242 7.74522400 -10.39566326
v 3.55252028 7.85645390 -10.38978386
v 3.60546470 7.97275019 -10.38491917
v 3.64869499 8.09246731 -10.38090515
v 3.68241119 8.21497250 -10.37750912
v 3.70685649 8.33963871 -10.37460423
v 3.71933866 8.46612167 -10.37214947
v 3.71676469 8.59300804 -10.37020493
v 3.70003700 8.71836758 -10.36906338
v 3.67391300 8.84201431 -10.36905003
v 3.64089870 8.96441841 -10.37017536
v 3.59828591 9.08406830 -10.37229347
v 3.54136753 9.19769573 -10.37518883
v 3.46713877 9.30139351 -10.37862778
v 3.37544656 9.38957691 -10.38246059
v 3.26745319 9.45702648 -10.38677979
v 3.14851475 9.50491714 -10.39170837
v 3.02446580 9.53767586 -10.39729786
v 2.89838719 9.55981064 -10.40363884
v 2.77159190 9.57541084 -10.41061783
v 2.64428186 9.58559132 -10.41788292
v 2.51661420 9.58822823 -10.42517376
v 2.38927984 9.58020687 -10.43236351
v 2.26374078 9.55780888 -10.43947601
v 2.14159441 9.52021027 -10.44664383
v 2.02463007 9.46781731 -10.45401382
v 1.91339111 9.40375042 -10.46163750
v 1.80752087 9.33133793 -10.46948910
v 1.70736420 9.25164700 -10.47738361
v 1.61403060 9.16427517 -10.48504734
v 1.52994847 9.06796074 -10.49219894
v 1.45866823 8.96160126 -10.49844456
v 1.40497482 8.84544849 -10.50331116
v 1.37148702 8.72242641 -10.50671101
v 1.35561645 8.59636688 -10.50908375
v 1.35395253 8.46951485 -10.51083088
v 1.36288524 8.34302902 -10.51220131
v 1.37888086 8.21726704 -10.51334858
v 1.40084779 8.09249592 -10.51431465
v 1.43095148 7.96973085 -10.51484585
v 1.47200692 7.85044193 -10.51455212
v 1.52725518 7.73687124 -10.51310444
v 1.59705293 7.62402582 -10.64248276
v 1.68230903 7.53035688 -10.63649464
v 1.77977931 7.44940948 -10.62937832
v 1.88756263 7.38228750 -10.62144184
v 2.00346732 7.32953310 -10.61293221
v 2.12510443 7.29067802 -10.60404873
v 2.25027585 7.26448584 -10.59488297
v 2.37748742 7.24976969 -10.58551407
v 2.50552869 7.24505234 -10.57605934
v 2.63351464 7.25026989 -10.56665707
v 2.76070523 7.26586723 -10.55739975
v 2.88632345 7.29248953 -10.54828167
v 3.00864077 7.33278465 -10.53919983
v 3.12493277 7.38846350 -10.53005886
v 3.23265529 7.45898390 -10.52086353
v 3.33053613 7.54231262 -10.51177692
v 3.41790223 7.63664293 -10.50314426
v 3.49414992 7.74022150 -10.49533558
v 3.55866766 7.85129118 -10.48867416
v 3.61140203 7.96797705 -10.48332977
v 3.65351510 8.08831882 -10.47909641
v 3.68566680 8.21139622 -10.47568989
v 3.70858741 8.33646011 -10.47295475
v 3.72016430 8.46314621 -10.47084999
v 3.71784377 8.59016800 -10.46945095
v 3.70251918 8.71580219 -10.46908951
v 3.67827201 8.83992290 -10.47013092
v 3.64687061 8.96288776 -10.47257042
v 3.60525107 9.08302307 -10.47622585
v 3.54860044 9.19686413 -10.48083496
v 3.47413826 9.30044937 -10.48610687
v 3.38218498 9.38844967 -10.49182606
v 3.27415299 9.45599365 -10.49806976
v 3.15527415 9.50426292 -10.50497437
v 3.03118825 9.53739929 -10.51260662
v 2.90495133 9.55972576 -10.52108955
v 2.77789831 9.57521439 -10.53029537
v 2.65026140 9.58478642 -10.53980064
v 2.52229333 9.58629704 -10.54927731
v 2.39480495 9.57668304 -10.55854797
v 2.26931477 9.55243683 -10.56760979
v 2.14734077 9.51309872 -10.57660484
v 2.03048110 9.45945740 -10.58570480
v 1.91908073 9.39482498 -10.59498310
v 1.81260097 9.32261467 -10.60442448
v 1.71130073 9.24379063 -10.61381245
v 1.61642206 9.15757847 -10.62282181
v 1.53060865 9.06235409 -10.63111019
v 1.45784473 8.95663548 -10.63820171
v 1.40367305 8.84043980 -10.64353085
v 1.37101626 8.71700287 -10.64699650
v 1.35665381 8.59061146 -10.64912701
v 1.35650301 8.46362019 -10.65041637
v 1.36647618 8.33709908 -10.65116978
v 1.38264847 8.21126080 -10.65158272
v 1.40382969 8.08626842 -10.65172005
v 1.43252504 7.96310425 -10.65129089
v 1.47206688 7.84326601 -10.64983749
v 1.52627182 7.72916889 -10.64697933
v 1.59464085 7.61441040 -10.77478886
v 1.68002677 7.52062321 -10.76665306
v 1.77774346 7.43964911 -10.75721645
v 1.88575256 7.37242985 -10.74685383
v 2.00185585 7.31945181 -10.73586559
v 2.12372732 7.28034544 -10.72449589
v 2.24920058 7.25398588 -10.71285629
v 2.37679148 7.23934698 -10.70104408
v 2.50526595 7.23516464 -10.68918800
v 2.63365579 7.24149275 -10.67745209
v 2.76111650 7.25866747 -10.66594696
v 2.88684154 7.28699732 -10.65467644
v 3.00923848 7.32861996 -10.64354801
v 3.12585974 7.38486242 -10.63248062
v 3.23443627 7.45504665 -10.62148857
v 3.33377314 7.53735065 -10.61076450
v 3.42295432 7.63048887 -10.60071087
v 3.50094104 7.73321342 -10.59175205
v 3.56653118 7.84409666 -10.58425522
v 3.61914158 7.96127844 -10.57841206
v 3.66002226 8.08242702 -10.57396603
v 3.69037080 8.20627117 -10.57058048
v 3.71148014 8.33190536 -10.56806755
v 3.72191691 8.45893478 -10.56638527
v 3.71975493 8.58621025 -10.56562614
v 3.70587420 8.71224308 -10.56616497
v 3.68356919 8.83697128 -10.56840611
v 3.65377593 8.96061039 -10.57233143
v 3.61307216 9.08132267 -10.57771587
v 3.55657506 9.19545269 -10.58424759
v 3.48178220 9.29900646 -10.59156990
v 3.38954210 9.38696575 -10.59939861
v 3.28152871 9.45487118 -10.60779095
v 3.16277909 9.50387096 -10.61689663
v 3.03866458 9.53772354 -10.62680054
v 2.91220713 9.56048775 -10.63766003
v 2.78478312 9.57598019 -10.64933491
v 2.65667915 9.58490562 -10.66132164
v 2.52827024 9.58512783 -10.67321396
v 2.40050840 9.57367611 -10.68478203
v 2.27497458 9.54731083 -10.69599152
v 2.15309572 9.50599289 -10.70699501
v 2.03625107 9.45093346 -10.71798897
v 1.92457509 9.38563251 -10.72907448
v 1.81734335 9.31357288 -10.74024487
v 1.71472526 9.23560619 -10.75125408
v 1.61811030 9.15055275 -10.76172066
v 1.53036046 9.05641365 -10.77123356
v 1.45591915 8.95129776 -10.77922916
v 1.40114129 8.83496761 -10.78503895
v 1.36927640 8.71099854 -10.78854847
v 1.35643578 8.58415699 -10.79038620
v 1.35782731 8.45691109 -10.79113960
v 1.36887789 8.33023643 -10.79117775
v 1.38526440 8.20419979 -10.79074478
v 1.40568018 8.07886791 -10.78992939
v 1.43296599 7.95518780 -10.78840065
v 1.47099030 7.83468199 -10.78563023
v 1.52417874 7.71994591 -10.78117943
v 1.59118605 7.60318613 -10.90720749
v 1.67678916 7.50920010 -10.89670944
v 1.77484572 7.42812252 -10.88472652
v 1.88317144 7.36072016 -10.87170506
v 1.99955857 7.30740643 -10.85800552
v 2.12174892 7.26790857 -10.84391689
v 2.24761558 7.24122763 -10.82957745
v 2.37569308 7.22653103 -10.81510067
v 2.50472569 7.22281837 -10.80063057
v 2.63365197 7.23029900 -10.78635406
v 2.76149988 7.24922371 -10.77240181
v 2.88741064 7.27953291 -10.75878906
v 3.00994134 7.32274580 -10.74543571
v 3.12697172 7.37971306 -10.73227501
v 3.23657060 7.44956732 -10.71933842
v 3.33764768 7.53071213 -10.70684814
v 3.42900896 7.62247276 -10.69526958
v 3.50910592 7.72420263 -10.68508530
v 3.57604456 7.83487415 -10.67670727
v 3.62861586 7.95265484 -10.67034912
v 3.66815257 8.07478905 -10.66570282
v 3.69646716 8.19958687 -10.66237164
v 3.71548605 8.32596207 -10.66013336
v 3.72455311 8.45347118 -10.65894699
v 3.72245574 8.58111572 -10.65892220
v 3.71005607 8.70766926 -10.66047764
v 3.68975306 8.83313179 -10.66406250
v 3.66155887 8.95755863 -10.66963768
v 3.62169147 9.07893753 -10.67693710
v 3.56523371 9.19342899 -10.68559170
v 3.49001455 9.29703140 -10.69517708
v 3.39746261 9.38509083 -10.70532894
v 3.28952527 9.45361710 -10.71608353
v 3.17097449 9.50369644 -10.72760582
v 3.04684114 9.53859806 -10.74000072
v 2.92010355 9.56204510 -10.75346088
v 2.79219842 9.57765388 -10.76783276
v 2.66349053 9.58589745 -10.78252888
v 2.53450394 9.58467388 -10.79705715
v 2.40635276 9.57114410 -10.81112862
v 2.28068447 9.54240036 -10.82467270
v 2.15882468 9.49886894 -10.83785343
v 2.04190779 9.44222736 -10.85089397
v 1.92984414 9.37615967 -10.86392784
v 1.82172179 9.30420208 -10.87695980
v 1.71761751 9.22708035 -10.88970947
v 1.61908162 9.14318371 -10.90173435
v 1.52919841 9.05012321 -10.91255379
v 1.45289278 8.94556999 -10.92150307
v 1.39738441 8.82901859 -10.92780781
v 1.36627197 8.70440292 -10.93133831
v 1.35496402 8.57699394 -10.93282795
v 1.35792363 8.44938183 -10.93296814
v 1.37008607 8.32243633 -10.93219662
v 1.38672352 8.19608212 -10.93080807
v 1.40639508 8.07029438 -10.92891693
v 1.43227267 7.94598389 -10.92615223
v 1.46877801 7.82469511 -10.92190933
v 1.52097845 7.70921040 -10.91569138
v 1.58678901 7.59079933 -11.03947735
v 1.67263687 7.49660349 -11.02678585
v 1.77105081 7.41541243 -11.01246262
v 1.87970269 7.34781456 -10.99701691
v 1.99637353 7.29414606 -10.98085690
v 2.11887121 7.25421619 -10.96431446
v 2.24511170 7.22715282 -10.94754982
v 2.37365198 7.21231556 -10.93069172
v 2.50322080 7.20897579 -10.91389751
v 2.63266611 7.21750259 -10.89737606
v 2.76088905 7.23807764 -10.88127613
v 2.88697362 7.27028561 -10.86561966
v 3.00962210 7.31503153 -10.85033989
v 3.12703872 7.37268734 -10.83538342
v 3.23762774 7.44219685 -10.82079506
v 3.34040284 7.52218533 -10.80682278
v 3.43389702 7.61257601 -10.79398918
v 3.51606441 7.71331072 -10.78282547
v 3.58433867 7.82375479 -10.77378845
v 3.63689899 7.94210672 -10.76710701
v 3.67515159 8.06520081 -10.76242733
v 3.70150280 8.19093800 -10.75929451
v 3.71848607 8.31805038 -10.75745201
v 3.72619915 8.44604874 -10.75685692
v 3.72412181 8.57407761 -10.75762939
v 3.71308422 8.70116138 -10.76022625
v 3.69460201 8.82734489 -10.76512909
v 3.66780448 8.95251846 -10.77228737
v 3.62859821 9.07451344 -10.78139782
v 3.57207203 9.18933582 -10.79204559
v 3.49639583 9.29300213 -10.80374622
v 3.40355992 9.38122749 -10.81606102
v 3.29576206 9.45048809 -10.82900429
v 3.17748308 9.50179291 -10.84274960
v 3.05339336 9.53789711 -10.85741615
v 2.92641425 9.56214809 -10.87322617
v 2.79804969 9.57793903 -10.89001274
v 2.66875863 9.58552265 -10.90711689
v 2.16305161 9.49066353 -10.97088242
v 2.04604673 9.43257141 -10.98567677
v 1.93359089 9.36582756 -11.00036240
v 1.82460654 9.29399395 -11.01496220
v 1.71909297 9.21767139 -11.02916622
v 1.61875296 9.13484859 -11.04247856
v 1.52687109 9.04277706 -11.05435181
v 1.44881797 8.93872929 -11.06403255
v 1.39262009 8.82194710 -11.07064724
v 1.36220157 8.69670010 -11.07405472
v 1.35231519 8.56873131 -11.07508945
v 1.35672677 8.44073868 -11.07453537
v 1.36992049 8.31349945 -11.07289696
v 1.38679922 8.18680382 -11.07051373
v 1.40579188 8.06054688 -11.06752682
v 1.43037224 7.93560457 -11.06352711
v 1.46548045 7.81354141 -11.05784321
v 1.51678491 7.69731617 -11.04993153
v 1.58150351 7.57748795 -11.17145824
v 1.66759145 7.48310900 -11.15694714
v 1.76633966 7.40182781 -11.14072132
v 1.87528396 7.33406353 -11.12333202
v 1.99219286 7.28006983 -11.10522366
v 2.11493492 7.23972130 -11.08675671
v 2.24147010 7.21226215 -11.06810856
v 2.37038112 7.19723082 -11.04942131
v 2.50038528 7.19415045 -11.03086281
v 2.63025165 7.20353842 -11.01265812
v 2.75876856 7.22551680 -10.99497223
v 2.88496709 7.25935602 -10.97783279
v 3.00767994 7.30540657 -10.96118069
v 3.12540483 7.36361027 -10.94497204
v 3.23684502 7.43274879 -10.92926121
v 3.34110165 7.51165724 -10.91431236
v 3.43646145 7.60078764 -10.90069008
v 3.52044106 7.70060158 -10.88896751
v 3.58988452 7.81080866 -10.87963390
v 3.64243150 7.92963505 -10.87293339
v 3.67955089 8.05355453 -10.86847019
v 3.70417047 8.18010616 -10.86573696
v 3.71935058 8.30786419 -10.86444759
v 3.72585654 8.43629456 -10.86454964
v 3.72378039 8.56466675 -10.86616898
v 3.71390271 8.69222641 -10.86978054
v 3.69693160 8.81904125 -10.87588882
v 3.67122602 8.94484425 -10.88443851
v 3.63245487 9.06733036 -10.89510250
v 3.57575488 9.18239784 -10.90743732
v 3.49962616 9.28610706 -10.92091274
v 1.38696432 8.81341076 -11.21292210
v 1.35717094 8.68761635 -11.21600151
v 1.34853005 8.55915737 -11.21644306
v 1.35420191 8.43082714 -11.21511555
v 1.36828494 8.30331898 -11.21257210
v 1.38537085 8.17631054 -11.20919418
v 1.40377319 8.04962349 -11.20514202
v 1.42722619 7.92410851 -11.19997978
v 1.46112454 7.80134630 -11.19299030
v 1.51165867 7.68445063 -11.18358898
v 1.57532942 7.56325293 -11.30315018
v 1.66165304 7.46871662 -11.28719521
v 1.76071227 7.38736916 -11.26950264
v 1.86991537 7.31946707 -11.25065136
v 1.98701680 7.26517820 -11.23110580
v 2.10994005 7.22442436 -11.21124363
v 2.23669124 7.19655561 -11.19125366
v 2.36588001 7.18127632 -11.17128849
v 2.49621892 7.17834234 -11.15152454
v 2.62640905 7.18840599 -11.13220024
v 2.75513840 7.21154118 -11.11349201
v 2.88139105 7.24674511 -11.09542847
v 3.00411487 7.29387093 -11.07795715
v 3.12207007 7.35248137 -11.06104183
v 3.23422265 7.42122412 -11.04473591
v 3.33974433 7.49912691 -11.02931404
v 3.43670273 7.58710861 -11.01537132
v 3.52223587 7.68607664 -11.00350952
v 3.59268188 7.79603624 -10.99424362
v 3.64521337 7.91524029 -10.98782825
v 3.68135047 8.03985023 -10.98382950
v 3.70447040 8.16709137 -10.98169994
v 3.71807981 8.29540253 -10.98112011
v 3.72352529 8.42420578 -10.98202610
v 3.72143126 8.55288410 -10.98453999
v 3.71251202 8.68086624 -10.98913956
v 3.69674206 8.80822277 -10.99634171
v 1.36517942 8.29189491 -11.35122108
v 1.38243818 8.16460037 -11.34684849
v 1.40033925 8.03752708 -11.34176254
v 1.42283428 7.91149616 -11.33551216
v 1.45571017 7.78810930 -11.32734776
v 1.50559974 7.67061472 -11.31666565
v 1.56826675 7.54809284 -11.43455410
v 1.65482152 7.45342636 -11.41752911
v 1.75416875 7.37203646 -11.39880657
v 1.86359692 7.30402517 -11.37897491
v 1.98084521 7.24947119 -11.35850334
v 2.10388684 7.20832443 -11.33777523
v 2.23077488 7.18003368 -11.31698513
v 2.36014891 7.16445208 -11.29629421
v 2.49072170 7.16155195 -11.27588367
v 2.62113786 7.17210627 -11.25600338
v 2.74999881 7.19615126 -11.23683453
v 2.87624526 7.23245192 -11.21840763
v 2.99892688 7.28042459 -11.20067120
v 3.11703444 7.33930063 -11.18359184
v 3.22976089 7.40762234 -11.16721916
v 3.33633065 7.48459530 -11.15182972
v 3.43462038 7.57153845 -11.13803387
v 3.52144909 7.66973448 -11.12645340
v 3.59273100 7.77943707 -11.11761856
v 3.64524460 7.89892149 -11.11179161
v 3.68055034 8.02408791 -11.10850716
v 3.70240211 8.15189457 -11.10718250
v 3.71467352 8.28066444 -11.10746861
v 3.71920538 8.40978336 -11.10928631
v 1.44923735 7.77383089 -11.46091747
v 1.49860799 7.65580797 -11.44916058
v 1.64709687 7.43723869 -11.54794884
v 1.74670899 7.35582924 -11.52863312
v 1.85632849 7.28773785 -11.50830269
v 1.97367799 7.23294878 -11.48741627
v 2.09677505 7.19142199 -11.46635056
v 2.22372127 7.16269636 -11.44530296
v 2.35318780 7.14675856 -11.42443752
v 2.48389387 7.14377832 -11.40394020
v 2.61443830 7.15463829 -11.38406563
v 2.74334955 7.17934656 -11.36500072
v 2.86952972 7.21647739 -11.34676933
v 2.99211597 7.26506805 -11.32932281
v 3.11029816 7.32406855 -11.31262207
v 3.22345901 7.39194298 -11.29671192
v 3.33086085 7.46806145 -11.28185844
v 3.43021488 7.55407715 -11.26867771
v 3.51808047 7.65157604 -11.25779724
v 3.59003162 7.76101112 -11.24975872
v 3.64252520 7.88067961 -11.24482250
v 3.67715073 8.00626850 -11.24250221
v 2.21553016 7.14454317 -11.57620811
v 2.34499645 7.12819481 -11.55571938
v 2.47573543 7.12502241 -11.53569412
v 2.60631037 7.13600254 -11.51638889
v 2.73519087 7.16112757 -11.49798965
v 2.86124468 7.19882059 -11.48051453
v 2.98368216 7.24780035 -11.46391010
v 3.10186100 7.30678463 -11.44813251
v 3.21531773 7.37418699 -11.43321323
v 3.32333493 7.44952583 -11.41940117
v 3.93653750 4.42889833 -2.22385502
v 3.92553115 4.58517933 -2.19315720
v 3.94863439 4.51609421 -2.18012547
v 3.94966292 4.44420481 -2.16200995
v 3.92951512 4.37609529 -2.14056373
v 3.89502907 4.31386328 -2.11762190
v 2.38321877 4.80093384 -1.86516273
v 2.39951396 4.87012815 -1.88591707
v 2.42869735 4.93447351 -1.90805495
v 2.47018909 4.99142075 -1.93085980
v 3.89937353 4.66458607 -2.13953304
v 3.93812370 4.60124969 -2.13118815
v 3.96121144 4.53213453 -2.11838818
v 3.96224403 4.46018744 -2.10057569
v 3.94211769 4.39198780 -2.07947540
v 3.90765858 4.32964277 -2.05689573
v 3.86534119 4.27268028 -2.03397846
v 3.81804562 4.22000313 -2.01105094
v 2.41426015 4.88412285 -1.82794833
v 2.44343019 4.94851637 -1.84968889
v 2.48486757 5.00555420 -1.87209141
v 2.53686643 5.05331898 -1.89435709
v 2.59624100 5.09192610 -1.91587329
v 3.86540747 4.73941898 -2.08319259
v 3.91173577 4.68125105 -2.07776523
v 3.95027018 4.61790037 -2.06958103
v 3.97323084 4.54879332 -2.05702615
v 3.97428083 4.47684622 -2.03955221
v 3.95430422 4.40859175 -2.01884747
v 3.92005396 4.34613276 -1.99668264
v 3.87793207 4.28902197 -1.97417796
v 3.83078408 4.23619032 -1.95165503
v 3.78048825 4.18663406 -1.92928123
v 2.46046734 4.96260214 -1.79208148
v 2.50178814 5.01970625 -1.81404066
v 2.55363345 5.06759834 -1.83587658
v 2.61285400 5.10637283 -1.85698915
v 2.67779779 5.13546371 -1.87692511
v 2.74715900 5.15393353 -1.89523983
v 3.77557802 4.86413860 -2.02806187
v 3.82766557 4.81138372 -2.02530169
v 3.87795472 4.75673389 -2.02169657
v 3.92384124 4.69849920 -2.01636505
v 3.96197033 4.63513231 -2.00833607
v 3.98469257 4.56607008 -1.99603879
v 3.98577309 4.49418116 -1.97893965
v 3.96607447 4.42590618 -1.95867968
v 3.93221545 4.36333370 -1.93698251
v 3.89046383 4.30605173 -1.91493964
v 3.84360218 4.25304270 -1.89286613
v 2.57256150 5.08189583 -1.77807486
v 2.63154435 5.12085342 -1.79874897
v 2.69622564 5.15022182 -1.81828809
v 2.76527071 5.16914797 -1.83626187
v 2.83708930 5.17730474 -1.85230911
v 2.91009355 5.17496395 -1.86619115
v 3.73589063 4.93331623 -1.96875954
v 3.78920770 4.88230896 -1.96685326
v 3.84077621 4.82944345 -1.96413898
v 3.89045286 4.77466345 -1.96058214
v 3.93569016 4.71632957 -1.95533240
v 3.97322440 4.65294504 -1.94745302
v 3.99559665 4.58396482 -1.93542659
v 3.99672079 4.51219225 -1.91873777
v 3.97742891 4.44393158 -1.89897227
v 3.94414282 4.38124514 -1.87779546
v 3.90293646 4.32376957 -1.85626364
v 2.65231228 5.13536739 -1.74115288
v 2.71663880 5.16505909 -1.76026607
v 2.78525805 5.18454266 -1.77787828
v 2.85659623 5.19354820 -1.79364300
v 2.92912912 5.19231176 -1.80732822
v 3.00156856 5.18449402 -1.81951010
v 3.07356811 5.17288303 -1.83073103
v 3.14534521 5.16110754 -1.84182620
v 3.57184362 5.07998276 -1.90373755
v 3.63559651 5.04366207 -1.90736532
v 3.69492507 5.00041008 -1.90856862
v 3.75040960 4.95229864 -1.90792489
v 3.80315375 4.90117979 -1.90605450
v 3.85403466 4.84816360 -1.90337384
v 3.90290213 4.79320812 -1.89984906
v 3.94728231 4.73474360 -1.89466715
v 3.98403215 4.67133904 -1.88693190
v 4.00594330 4.60247803 -1.87518942
v 4.00712442 4.53087902 -1.85894680
v 3.98836708 4.46266747 -1.83972514
v 2.80712152 5.20011854 -1.72008920
v 2.87785625 5.21014404 -1.73556125
v 2.94979715 5.21024609 -1.74905097
v 3.02171779 5.20389318 -1.76110029
v 3.09331369 5.19364786 -1.77221501
v 3.16477919 5.18290043 -1.78317714
v 3.23635101 5.17384052 -1.79450691
v 3.30802774 5.16614103 -1.80613065
v 3.37967300 5.15764380 -1.81754267
v 3.45098424 5.14576197 -1.82811761
v 3.52117014 5.12744761 -1.83703160
v 3.58864236 5.10024405 -1.84345150
v 3.65179205 5.06365871 -1.84697044
v 3.71052694 5.02024698 -1.84814024
v 3.76538730 4.97201395 -1.84750843
v 3.81741667 4.92075109 -1.84566534
v 3.86744142 4.86754322 -1.84300601
v 3.91530228 4.81236744 -1.83949745
v 3.95861769 4.75374031 -1.83436942
v 3.99439406 4.69031382 -1.82677281
v 4.01573181 4.62160969 -1.81532717
v 4.01698303 4.55024242 -1.79956651
v 2.97209764 5.22876596 -1.69135928
v 3.04339266 5.22413778 -1.70328414
v 3.11450005 5.21549892 -1.71430278
v 3.18558717 5.20595694 -1.72513616
v 3.25683236 5.19744682 -1.73625314
v 3.32814360 5.18972301 -1.74758399
v 3.39932609 5.18074179 -1.75864387
v 3.47005343 5.16816759 -1.76885474
v 3.53953624 5.14912367 -1.77743840
v 3.60626578 5.12136889 -1.78361809
v 3.66869068 5.08445740 -1.78701115
v 3.72671223 5.04084682 -1.78813756
v 3.78082347 4.99246216 -1.78750992
v 3.83199620 4.94102287 -1.78568578
v 3.88099599 4.88758278 -1.78303576
v 3.92765331 4.83214188 -1.77952719
v 3.96969652 4.77331972 -1.77443922
v 4.00430965 4.70986938 -1.76697576
v 4.02496290 4.64135933 -1.75584006
v 3.20776868 5.23027706 -1.66770303
v 3.27862835 5.22238827 -1.67859912
v 3.34950900 5.21462011 -1.68961668
v 3.42014790 5.20506144 -1.70029402
v 3.49019170 5.19166803 -1.71010578
v 3.55885243 5.17176342 -1.71832478
v 3.62471414 5.14335680 -1.72423720
v 3.68629265 5.10605764 -1.72748756
v 3.74348116 5.06220913 -1.72856033
v 3.79671836 5.01364326 -1.72792959
v 3.84689236 4.96199512 -1.72611606
v 3.89469838 4.90828228 -1.72346282
v 3.93995523 4.85253143 -1.71993840
v 3.51139903 5.21626282 -1.65187085
v 3.57911873 5.19536686 -1.65969086
v 3.64398766 5.16620874 -1.66530895
v 3.70459747 5.12845945 -1.66839957
v 3.76083350 5.08433437 -1.66940856
v 3.81307149 5.03555775 -1.66876733
v 0.84566069 -1.91696072 -9.63996029
v 0.92914164 -1.87579703 -9.58880138
v 0.85906762 -1.81218696 -9.63647079
v 0.93525386 -1.75471056 -9.59074116
v 0.86946768 -1.68526196 -9.63596344
v 0.94124484 -1.62017250 -9.59340668
v 1.00960815 -1.55007732 -9.55326462
v 0.94525868 -1.47875214 -9.59766293
v -0.95172679 0.90041059 -10.91980076
v -0.94585145 0.79507113 -10.91098785
v -0.88274550 0.87173945 -10.87450790
v -0.85820329 0.77084267 -10.85402679
v -0.78338605 0.83081138 -10.80928802
v -0.70152223 0.87552017 -10.75932884
v -0.66399771 0.78073364 -10.73087788
v -0.57794774 0.81160879 -10.67758846
v -0.53205103 0.72233069 -10.64407253
v -0.44360667 0.73962212 -10.58860397
v -0.35430694 0.74217755 -10.53188133
v -0.30320063 0.65705699 -10.49524879
v -0.21482086 0.64470971 -10.43839550
v -0.12760466 0.62470454 -10.38191223
v -0.07311475 0.54262787 -10.34327316
v -0.01622552 0.46289143 -10.30321980
v 0.07188764 0.44830093 -10.24642754
v 0.13058864 0.37044120 -10.20531082
v 1.01075888 -1.40490341 -9.55952454
v 0.94702268 -1.33281898 -9.60356808
v 0.19072869 0.29414403 -10.16335297
v 1.01001668 -1.25597167 -9.56716919
v 0.25202945 0.21915680 -10.12071896
v 0.34123963 0.22613430 -10.06426620
v 0.40349767 0.15226191 -10.02107811
v 0.94694465 -1.18307304 -9.61082935
v 1.32800233 0.14617056 -9.43227482
v 1.41334212 0.17989844 -9.37957478
v 1.49657154 0.22075945 -9.32856178
v 1.58185101 0.25469148 -9.27590942
v 1.67029166 0.27189308 -9.22043896
v 1.75934696 0.26691908 -9.16351032
v 1.84534729 0.24104834 -9.10751915
v 1.92667747 0.19987965 -9.05376434
v 2.00297046 0.14728397 -9.00266457
v 2.07353640 0.08466983 -8.95473003
v 2.13720322 0.01250440 -8.91072655
v 2.19199944 -0.06926864 -8.87190628
v 2.23441148 -0.16096336 -8.84049320
v 2.25960493 -0.26154935 -8.81961060
v 2.26458597 -0.36694151 -8.81136513
v 2.25172520 -0.47195292 -8.81449509
v 2.22545075 -0.57379264 -8.82631493
v 2.18947911 -0.67164290 -8.84450150
v 2.14635515 -0.76552701 -8.86743164
v 2.09799528 -0.85586697 -8.89386559
v 2.04559469 -0.94306123 -8.92302227
v 1.99006987 -1.02754450 -8.95429897
v 3.68085039 8.02906256 -11.24244577
v 3.69489428 8.11503711 -11.21860492
v 3.70649049 8.21978952 -11.18999469
v 3.71189243 8.27212688 -11.17573128
v 3.71397946 8.32455332 -11.16170744
v 3.71779778 8.40604501 -11.13986319
v 3.69895449 8.13838722 -11.21211039
v 3.41501365 7.52862751 -11.39582856
v 3.42418221 7.53672748 -11.39295973
v 3.34848420 7.47092053 -11.41636312
v 3.49287211 7.61337518 -11.36724697
v 3.51375742 7.63706333 -11.35932765
v 3.55811399 7.70526217 -11.33777960
v 3.58717900 7.75040661 -11.32353938
v 3.60993013 7.80311689 -11.30780037
v 3.64092479 7.87477966 -11.28639723
v 3.64919457 7.90530819 -11.27767106
v 3.67687765 8.00536367 -11.24902556
v 1.46152913 7.73414966 -11.49655236
v 1.49454606 7.64772077 -11.51677803
v 1.54394609 7.56484957 -11.53476292
v 1.56179742 7.53500616 -11.54123472
v 1.65932118 7.42404244 -11.56282583
v 1.74367847 7.34964924 -11.57579507
v 1.93883511 7.23323548 -11.59107757
v 1.96709485 7.21896587 -11.59260653
v 2.08632070 7.17489428 -11.59479311
v 2.08873845 7.17400636 -11.59483592
v 2.10272925 7.17047054 -11.59466010
v 1.79478414 7.31542376 -11.58078577
v 1.85140894 7.27748200 -11.58632076
v 3.71739221 8.53309457 -11.10631162
v 3.71735198 8.53962914 -11.10458749
v 3.71752495 8.51148863 -11.11201231
v 3.71250233 8.63432807 -11.07994008
v 3.71025528 8.67222488 -11.07010094
v 3.70377490 8.73477901 -11.05408000
v 3.69590886 8.80412138 -11.03637465
v 1.36498991 8.29137027 -11.35692138
v 1.37703637 8.19295956 -11.38197872
v 1.38102901 8.16049515 -11.39024333
v 1.38990619 8.09084093 -11.40795085
v 1.39741439 8.02952212 -11.42356368
v 1.40392329 7.98947820 -11.43363211
v 1.41777115 7.89916701 -11.45640548
v 1.42023342 7.88912144 -11.45886545
v 1.42800785 7.85594899 -11.46701705
v 1.61720834 7.46987863 -11.55405223
v 2.23274942 7.13941069 -11.59255046
v 2.34273260 7.12352513 -11.58802007
v 2.37646870 7.12224788 -11.58568001
v 2.47270326 7.11871521 -11.57897556
v 2.51593558 7.12209128 -11.57465173
v 2.60284083 7.12881243 -11.56597731
v 2.64967955 7.13800042 -11.55983094
v 2.73160224 7.15384022 -11.54914159
v 2.77709011 7.16774601 -11.54185536
v 2.85780915 7.19207904 -11.52901649
v 2.89833874 7.20865745 -11.52141733
v 2.98066584 7.24204845 -11.50605648
v 3.01371855 7.25882305 -11.49899891
v 3.09953702 7.30235233 -11.48068103
v 3.12346839 7.31671775 -11.47498427
v 3.21391727 7.37140407 -11.45334966
v 3.22768418 7.38107178 -11.44970143
v 3.32301659 7.44884355 -11.42422026
v 2.53915738 9.58289195 -10.92233052
v 2.53749348 9.58271636 -10.92250900
v 2.41057630 9.56741117 -10.93662830
v 2.40716898 9.56662771 -10.93710584
v 2.28399778 9.53600966 -10.95497556
v 2.26684416 9.52951808 -10.95805302
v 2.28486930 9.53632435 -10.95482320
v 2.57543495 9.58361060 -10.91926116
v 3.67218345 8.93287838 -11.00422267
v 3.67181207 8.93473128 -11.00376236
v 3.67320124 8.92755035 -11.00555027
v 3.67068959 8.93835892 -11.00289253
v 3.63296868 9.06099321 -10.97346984
v 3.60269881 9.12382581 -10.95926349
v 3.57592168 9.17930663 -10.94672325
v 3.50283129 9.28136179 -10.92554769
v 1.38676296 8.81310314 -11.21728047
v 1.36217089 8.71252178 -11.24581964
v 1.35557266 8.68482427 -11.25366480
v 1.34962310 8.60782562 -11.27449054
v 1.34598290 8.55352455 -11.28913319
v 1.34768509 8.50307860 -11.30233276
v 1.35121191 8.42215169 -11.32344473
v 1.35354280 8.39893416 -11.32939695
v 1.36289939 8.31153580 -11.35175683
v 1.61775441 9.12988767 -11.11520883
v 1.57862209 9.09020884 -11.12880335
v 1.52449929 9.03703816 -11.14715408
v 1.50128191 9.00588800 -11.15723098
v 1.43627630 8.91458995 -11.18652392
v 1.39536355 8.83072188 -11.21194056
v 1.44461796 8.93185692 -11.18129755
v 1.71892870 9.21345856 -11.08508770
v 1.66499321 9.16827764 -11.10131157
v 1.82484020 9.29064320 -11.05627869
v 1.75768889 9.24127467 -11.07465845
v 3.48838861 9.29678346 -10.92261752
v 3.40588526 9.37603496 -10.90821690
v 3.37560703 9.39574664 -10.90540962
v 3.29759523 9.44709753 -10.89802764
v 3.23772553 9.47341008 -10.89582422
v 3.17895476 9.49985963 -10.89349737
v 3.09621997 9.52421675 -10.89362568
v 3.05446567 9.53690507 -10.89358579
v 2.95432498 9.55623919 -10.89642339
v 2.92708476 9.56166485 -10.89715129
v 2.81303856 9.57585484 -10.90245237
v 2.79837436 9.57770042 -10.90312843
v 2.67347279 9.58516981 -10.91106761
v 2.16313397 9.49024484 -10.97666597
v 2.05891663 9.43779094 -10.99880329
v 2.04626292 9.43130014 -11.00152338
v 1.95499010 9.37625808 -11.02331742
v 1.93390088 9.36350192 -11.02836322
v 1.85469485 9.31041995 -11.04868138
v 3.71773706 8.42921520 -11.13374330
v 3.67765489 8.01017916 -11.24769096
v 1.44320839 7.79072821 -11.48305076
v 1.44770205 7.77070781 -11.48798620
v 1.64624690 7.43555348 -11.56082077
v 3.69048579 8.83435033 -11.02881449
v 1.36453025 8.29563544 -11.35583042
v 2.21433594 7.14211481 -11.59329716
v 3.32598415 7.45138571 -11.42331273
v 3.49962850 9.28581905 -10.92462368
v 1.38825116 8.81613337 -11.21636135
v 2.66884671 9.58542661 -10.91136690
v 2.16809164 9.49219156 -10.97575788
v 2.39839820 4.83136505 -1.83091483
v 2.40925817 4.86293081 -1.82170889
v 2.39019094 4.80756182 -1.83785830
v 2.37880705 4.75255436 -1.85330230
v 2.37906809 4.75395714 -1.85291078
v 2.43650868 4.91972877 -1.80453224
v 2.45990540 4.96136008 -1.79167056
v 2.41827173 4.88743262 -1.81451676
v 3.72846022 4.14157417 -1.90768254
v 3.72774546 4.14091449 -1.90791364
v 3.72756421 4.14074715 -1.90797227
v 3.72691867 4.14015305 -1.90818055
v 2.60426416 5.10311312 -1.74274219
v 2.63440043 5.12341136 -1.73498468
v 2.58366729 5.08943445 -1.74799275
v 3.95766591 4.40339955 -1.82028031
v 3.95635448 4.40092501 -1.82103851
v 3.95534065 4.39907811 -1.82160718
v 3.92835542 4.35982331 -1.83412549
v 3.90545183 4.32749936 -1.84448776
v 2.46076127 4.96281687 -1.79121755
v 2.49195566 5.00048137 -1.77878552
v 2.52489741 5.03794831 -1.76626703
v 2.53576067 5.04765560 -1.76283882
v 2.51692123 5.03089655 -1.76876415
v 3.81306742 4.22277546 -1.87950273
v 3.79964101 4.20878153 -1.88426750
v 3.78972945 4.19853191 -1.88776354
v 3.86707200 4.28160749 -1.85966489
v 3.84944328 4.26097572 -1.86651783
v 3.89043278 4.30944209 -1.85045303
v 3.51640086 5.22203120 -1.63891034
v 3.56415824 5.21070347 -1.63811410
v 3.58706174 5.20456451 -1.63791897
v 3.62606964 5.18826149 -1.63913233
v 3.65263238 5.17640894 -1.64015707
v 3.68816050 5.15339747 -1.64341991
v 3.73002421 5.12117910 -1.64861361
v 3.76555813 5.09036345 -1.65393892
v 3.77616337 5.07853327 -1.65622431
v 3.81441599 5.03736889 -1.66406937
v 2.81598213 5.20599970 -1.69874123
v 2.85097850 5.21342178 -1.69400159
v 2.89710914 5.22432301 -1.68745855
v 2.90668110 5.22509125 -1.68649574
v 2.93159310 5.22781420 -1.68379867
v 4.02511250 4.63339258 -1.75413156
v 4.02265849 4.58796006 -1.76633579
v 4.02099689 4.55887775 -1.77415517
v 2.65710032 5.13841641 -1.72921658
v 2.69533215 5.15728051 -1.72119561
v 2.74416763 5.18048287 -1.71118625
v 2.76063292 5.18636500 -1.70832452
v 2.73519423 5.17741660 -1.71270901
v 4.00026211 4.49024396 -1.79394330
v 3.99584823 4.47649402 -1.79792824
v 4.00614273 4.50942578 -1.78840610
v 3.83040157 5.01721817 -1.66812713
v 3.85438342 4.98720773 -1.67415650
v 3.88897792 4.93991097 -1.68391292
v 3.90305758 4.92117311 -1.68774849
v 3.92171763 4.89195758 -1.69399013
v 3.94390302 4.85929887 -1.70086211
v 3.85991357 4.98054567 -1.67547859
v 3.28863923 5.23377023 -1.65388504
v 3.32253231 5.23384569 -1.65117496
v 3.36600679 5.23374179 -1.64775180
v 3.38225110 5.23328869 -1.64658223
v 3.44211841 5.23057845 -1.64254690
v 3.44217504 5.23057299 -1.64254385
v 3.44242612 5.23054280 -1.64253190
v 3.21093384 5.23371476 -1.66006729
v 3.26283380 5.23356426 -1.65598770
v 3.98016199 4.79374324 -1.71531290
v 3.98042210 4.79330210 -1.71540887
v 3.97941002 4.79509640 -1.71501490
v 4.00085038 4.74270909 -1.72716100
v 4.00988349 4.72172182 -1.73199172
v 4.01573121 4.69111969 -1.73961682
v 4.02558470 4.64281952 -1.75160220
v 3.13361171 5.23487278 -1.66589834
v 3.14299973 5.23450082 -1.66525153
v 3.17545977 5.23400900 -1.66280514
v 2.97735938 5.23296661 -1.67880417
v 3.02389175 5.23391023 -1.67486140
v 3.05614998 5.23573447 -1.67181881
v 3.08332612 5.23484368 -1.66989727
v 0.24111638 -1.37580240 -3.64291865
v 0.21164347 -1.38196619 -3.64688727
v 0.18934000 -1.38321128 -3.64898665
v 0.03466152 -1.39380277 -3.66406340
v -0.08070198 -1.38352663 -3.67050360
v -0.80124648 -0.92283610 -3.60591712
v -0.88191508 -0.80862515 -3.58212984
v -0.89946992 -0.78240531 -3.57659234
v -0.95661094 -0.68447441 -3.55524105
v -0.98633831 -0.63069016 -3.54338344
v -1.02029031 -0.55723269 -3.52666080
v -1.05990223 -0.46692266 -3.50593267
v -1.07350742 -0.42765413 -3.49663245
v -1.11169804 -0.31197160 -3.46908464
v -0.29043962 -1.33980960 -3.67559478
v -0.29417100 -1.33869677 -3.67559678
v -0.29491367 -1.33831042 -3.67555360
v -0.43974598 -1.26454593 -3.66755053
v -0.45391899 -1.25413298 -3.66592295
v -0.57185332 -1.16594965 -3.65197353
v -0.58501886 -1.15369719 -3.64977973
v -0.69189293 -1.05081744 -3.63106765
v -0.69763828 -1.04443716 -3.62983713
v -0.75088907 -0.98301033 -3.61782640
v -1.13920513 0.39375435 -3.28471918
v -1.13438807 0.42298149 -3.27661106
v -1.14342354 0.36828896 -3.29178541
v -1.16389310 0.12401937 -3.35797935
v -1.15294550 0.25513306 -3.32245236
v 0.98929850 -0.92001990 -3.46305473
v 0.80058114 -1.09809182 -3.52510429
v -1.11775782 -0.28986574 -3.46372224
v -1.14018595 -0.15917994 -3.43095743
v -1.15116635 -0.09044209 -3.41365908
v -1.15594628 -0.02240691 -3.39605432
v -1.16388116 0.09921570 -3.36453490
v 0.55978519 -1.26048029 -3.58714170
v 0.39957091 -1.33077802 -3.61844034
v 0.79059451 -1.10663570 -3.52815540
v 0.73357222 -1.14582114 -3.54303945
v -0.53264018 1.78975837 -2.86756126
v -0.45091545 1.91403232 -2.82822459
v 1.88244526 0.26766768 -3.07821596
v 1.77858216 0.11628123 -3.12647659
v 1.99758077 0.44122612 -3.02319976
v 1.89735099 0.28954098 -3.07125097
v 2.01346043 0.46520604 -3.01560062
v 1.74856009 0.07253674 -3.14042272
v 1.67643723 -0.03185656 -3.17374211
v -0.62060174 1.65037938 -2.91138576
v -0.56430142 1.74093968 -2.88297879
v -0.22829349 2.22341097 -2.72877488
v -0.21445691 2.24191426 -2.72278557
v 2.28178056 0.86620370 -2.88830559
v 2.25096752 0.82023038 -2.90290367
v -0.37019681 2.03048689 -2.79103471
v -0.33894408 2.07425509 -2.77698463
v -0.33445367 2.08049666 -2.77497835
v 2.14613022 0.66424640 -2.95245692
v 2.11877343 0.62318616 -2.96548196
v -1.02736379 0.81683741 -3.16400612
v -0.98399374 0.94296808 -3.12722291
v -0.97166650 0.97532064 -3.11769254
v -0.91757322 1.09605753 -3.08148398
v -0.88674868 1.16400826 -3.06107557
v 1.28877233 -0.56736603 -3.34606600
v 1.22634129 -0.64922368 -3.37265915
v 1.32707857 -0.51765979 -3.32988644
v -1.08312113 0.64850580 -3.21292775
v -1.07496579 0.67530805 -3.20519565
v -1.06809504 0.69786739 -3.19868706
v 1.09668481 -0.79884269 -3.42249985
v 0.99875660 -0.91106785 -3.45993768
v 1.17000200 -0.71536043 -3.39461320
v 1.57710832 -0.17562567 -3.21962933
v 1.48924858 -0.30298922 -3.26026963
v 1.61337455 -0.12344014 -3.20295632
v -0.78311356 1.37566221 -2.99690217
v -0.70457405 1.51133823 -2.95480433
v -0.67584240 1.56028498 -2.93958548
v 1.47554939 -0.32139848 -3.26622319
v 1.38437022 -0.44163695 -3.30524355
v -0.85241769 1.23491956 -3.03960627
v -0.78582779 1.37052676 -2.99847508
v 2.37458948 4.75085442 -1.85408641
v 2.15899904 4.65796609 -1.89575184
v 2.23247406 4.69009417 -1.88142742
v 2.29408590 4.71916178 -1.86885359
v 3.03991333 1.98930722 -2.53125494
v 3.03410922 1.98014160 -2.53413843
v 0.63124606 3.23444395 -2.39329972
v 0.71397307 3.32699342 -2.36226941
v 0.60507339 3.20579013 -2.40295131
v 3.05525493 2.01305085 -2.52376097
v 0.45291344 3.03920004 -2.45906420
v 0.51544586 3.10672486 -2.43625168
v 0.34469839 2.91985029 -2.49920180
v 3.01981197 1.95866709 -2.54094971
v 0.75482192 3.37142514 -2.34728228
v 0.85317339 3.47905765 -2.31102485
v 3.37896219 2.56345180 -2.35257713
v 3.33546641 2.48434119 -2.37694123
v 3.31699248 2.45013277 -2.38745004
v 3.24116332 2.32151899 -2.42746595
v 3.18106304 2.21739352 -2.45976029
v 2.56695458 1.28547408 -2.75484271
v 2.56605183 1.28414510 -2.75526566
v 0.03473200 2.55862344 -2.61928949
v 0.15691560 2.70591911 -2.57065608
v 0.02153260 2.54222980 -2.62467057
v -0.10902475 2.37851766 -2.67830809
v -0.09171802 2.40080751 -2.67104242
v 2.42159881 1.07272161 -2.82261792
v 2.39814155 1.03794326 -2.83367292
v 2.87357584 1.74122671 -2.61003397
v 2.77230666 1.59066590 -2.65787048
v 2.57045704 1.29055410 -2.75322189
v 0.16753116 2.71848493 -2.56649191
v 0.30552969 2.87607528 -2.51388198
v 3.74458114 3.62558586 -2.04279725
v 3.73737113 3.55256186 -2.06267239
v 3.75780062 3.73611077 -2.01253230
v 1.65294933 4.32066038 -2.02507971
v 1.68813527 4.35164118 -2.01409761
v 1.63165133 4.30102773 -2.03195977
v 3.71353309 3.41641510 -2.10055293
v 3.70170182 3.36847072 -2.11416542
v 3.69506766 3.34067863 -2.12203843
v 1.48107512 4.15950562 -2.08132059
v 1.55748619 4.23230897 -2.05601120
v 3.75039769 3.97775685 -1.94924414
v 3.75267492 3.95959394 -1.95386450
v 3.74857358 4.00146223 -1.94312273
v 3.72593527 4.13935914 -1.90846846
v 3.72632985 4.13614559 -1.90928660
v 2.03725287 4.59356832 -1.92243764
v 2.11218084 4.63572181 -1.90534782
v 1.96521408 4.55280653 -1.93893026
v 3.75333394 3.86405721 -1.97906598
v 3.75861463 3.75840091 -2.00657561
v 1.84390637 4.47156028 -1.97003492
v 1.91260722 4.52056760 -1.95162765
v 1.79184105 4.43277327 -1.98442022
v 1.06480715 3.71638509 -2.23149302
v 1.10888182 3.76634106 -2.21478960
v 1.04773222 3.69719623 -2.23792059
v 3.59454579 3.02939801 -2.21229964
v 3.55950323 2.94558861 -2.23723485
v 3.54244220 2.90416271 -2.24953936
v 0.90311800 3.53507984 -2.29225200
v 0.96002087 3.59821713 -2.27104609
v 3.49120968 2.79499416 -2.28246293
v 3.43787190 2.67921463 -2.31730111
v 3.66103854 3.23100674 -2.15372959
v 3.62901455 3.12463680 -2.18438877
v 1.36481813 4.04142576 -2.12176082
v 1.42641236 4.10636300 -2.09970675
v 1.33586053 4.01038542 -2.13226430
v 1.19194954 3.85585306 -2.18453516
v 1.26647448 3.93599770 -2.15743491
v 2.37921892 4.75476759 -1.85268457
v 2.41435020 4.87676815 -1.81764702
v 2.56336098 5.07159087 -1.75432119
v 3.89904563 4.31969631 -1.84705886
v 2.46038419 4.96217304 -1.79141766
v 3.76384655 4.17442409 -1.89619046
v 3.83395043 4.24461008 -1.87207354
v 3.50283551 5.22389774 -1.63949365
v 3.71193545 5.13741726 -1.64575701
v 3.81727005 5.03363830 -1.66482897
v 2.79654136 5.19887255 -1.70216823
v 4.01496454 4.53812075 -1.78012079
v 2.64788653 5.13226505 -1.73157392
v 3.97976015 4.44491292 -1.80755319
v 3.95229617 4.84328606 -1.70442870
v 3.20295102 5.23360628 -1.66072957
v 4.02540809 4.63914058 -1.75258870
v 2.96475389 5.23123594 -1.68026217
v -0.13442478 -1.37987337 -3.67380196
v -0.79622183 -0.92911942 -3.60717922
v -1.16392211 0.11434118 -3.36053994
v 0.59138566 -1.24372240 -3.58020382
v 0.99821940 -0.91160290 -3.46012175
v -1.11616776 -0.29599467 -3.46521613
v 1.88468814 0.27094916 -3.07717052
v -0.43970815 1.93039750 -2.82300914
v -0.97909930 0.95587902 -3.12342160
v 1.19313818 -0.68814816 -3.38558367
v -1.10876379 0.53536895 -3.24486918
v 0.99846876 -0.91135498 -3.46003643
v 1.47989682 -0.31554721 -3.26433143
v -0.78503233 1.37204883 -2.99800961
v 2.32971986 4.73198129 -1.86263662
v 2.35733589 4.74359732 -1.85737416
v 2.37195361 4.74974552 -1.85458874
v 2.33924284 4.73598686 -1.86082195
v 2.35421751 4.74228563 -1.85796840
v 0.74420147 3.35959800 -2.35125158
v 3.41870550 2.64207675 -2.32863925
v 0.16611688 2.71684739 -2.56703702
v 2.71627862 1.50826991 -2.68409772
v 3.75806347 3.74889934 -2.00913096
v 1.74833069 4.39926191 -1.99673195
v 3.72741069 3.49921225 -2.07756518
v 3.73272801 4.08406053 -1.92254672
v 2.13454868 4.64594353 -1.90087049
v 1.94023956 4.53748186 -1.94496338
v 1.16678934 3.82857043 -2.19374394
v 3.61665660 3.09109203 -2.19423673
v 1.46179321 4.14091145 -2.08776613
f 7683 51 7682
f 3437 3387 3436
f 3387 3437 3388
f 3388 3437 3438
f 3388 3438 3389
f 3439 3389 3438
f 3389 3439 3390
f 3440 3390 3439
f 3390 3440 3391
f 3391 3440 3441
f 3391 3441 3392
f 3442 3392 3441
f 3392 3442 3393
f 3443 3393 3442
f 3428 3429 3378
f 3378 3377 3428
f 3427 3428 3377
f 3426 3427 3376
f 3417 3418 3367
f 3368 3367 3418
f 3418 3419 3368
f 3369 3368 3419
f 3370 3369 3420
f 3420 3421 3370
f 3370 3421 3371
f 3372 3371 3422
f 3421 3422 3371
f 3373 3372 3423
f 3386 3436 3387
f 3422 3423 3372
f 3436 3386 3435
f 3435 3385 3434
f 3351 3396 3352
f 3397 3352 3396
f 3352 3397 3353
f 3398 3353 3397
f 3353 3398 3354
f 3399 3354 3398
f 3354 3399 3355
f 3400 3355 3399
f 3355 3400 3356
f 3401 3356 3400
f 3356 3401 3357
f 3402 3357 3401
f 3357 3402 3358
f 3396 3351 3395
f 3342 3387 3343
f 3379 3378 3429
f 3429 3430 3379
f 3380 3379 3430
f 3380 3430 3381
f 3430 3431 3381
f 3381 3431 3382
f 3432 3382 3431
f 3382 3432 3338
f 3383 3338 3432
f 3383 3433 3384
f 3434 3384 3433
f 3384 3434 3385
f 3385 3435 3386
f 3350 3395 3351
f 3374 3373 3424
f 3375 3374 3425
f 3357 3313 3356
f 3356 3313 3312
f 3358 3314 3357
f 3313 3357 3314
f 3359 3315 3358
f 3314 3358 3315
f 3360 3316 3359
f 3315 3359 3316
f 3316 3360 3317
f 3317 3360 3361
f 3317 3361 3318
f 3362 3318 3361
f 3318 3362 3319
f 3356 3312 3355
f 3326 3325 3371
f 3371 3372 3326
f 3327 3326 3372
f 3372 3373 3327
f 3328 3327 3373
f 3329 3328 3374
f 3373 3374 3328
f 3330 3329 3375
f 3374 3375 3329
f 3331 3330 3376
f 3375 3376 3330
f 3376 3377 3331
f 3332 3331 3377
f 3311 3355 3312
f 3423 3424 3373
f 3310 3354 3311
f 3309 3353 3310
f 3424 3425 3374
f 3376 3375 3426
f 3425 3426 3375
f 3377 3376 3427
f 3419 3420 3369
f 3387 3342 3386
f 3341 3386 3342
f 3386 3341 3385
f 3365 3321 3364
f 3321 3365 3322
f 3366 3322 3365
f 3320 3364 3321
f 3364 3320 3363
f 3319 3363 3320
f 3319 3362 3363
f 3303 3347 3304
f 3349 3305 3348
f 3304 3348 3305
f 3350 3306 3349
f 3305 3349 3306
f 3351 3307 3350
f 3350 3307 3306
f 3352 3308 3351
f 3351 3308 3307
f 3353 3309 3352
f 3309 3308 3352
f 3354 3310 3353
f 3355 3311 3354
f 3377 3378 3332
f 3349 3394 3350
f 3393 3349 3348
f 3262 3222 3221
f 3264 3223 3263
f 3223 3222 3263
f 3265 3224 3264
f 3264 3224 3223
f 3266 3225 3265
f 3224 3265 3225
f 3267 3226 3266
f 3225 3266 3226
f 3268 3227 3267
f 3226 3267 3227
f 3219 3260 3220
f 3301 3260 3259
f 3245 3244 3287
f 3287 3288 3245
f 3245 3288 3246
f 3288 3289 3246
f 3247 3246 3289
f 3289 3290 3247
f 3248 3247 3290
f 3248 3290 3249
f 3291 3249 3290
f 3249 3291 3250
f 3292 3250 3291
f 3250 3292 3251
f 3293 3251 3292
f 3251 3293 3211
f 3263 3222 3262
f 3293 3252 3211
f 3261 3221 3220
f 3261 3220 3260
f 3232 3273 3233
f 3275 3234 3274
f 3233 3274 3234
f 3276 3235 3275
f 3234 3275 3235
f 3277 3236 3276
f 3235 3276 3236
f 3278 3237 3277
f 3236 3277 3237
f 3228 3269 3229
f 3270 3229 3269
f 3227 3268 3228
f 3269 3228 3268
f 3212 3253 3213
f 3254 3213 3253
f 3255 3214 3254
f 3254 3214 3213
f 3256 3215 3255
f 3214 3255 3215
f 3257 3216 3256
f 3216 3215 3256
f 3258 3217 3257
f 3216 3257 3217
f 3259 3218 3258
f 3217 3258 3218
f 3260 3219 3259
f 3218 3259 3219
f 3262 3221 3261
f 3395 3350 3394
f 3252 3294 3253
f 3253 3295 3254
f 3407 3362 3406
f 3362 3407 3363
f 3408 3363 3407
f 3363 3408 3364
f 3409 3364 3408
f 3364 3409 3365
f 3410 3365 3409
f 3365 3410 3366
f 3411 3366 3410
f 3413 3414 3412
f 3415 3412 3414
f 3359 3404 3360
f 3404 3359 3403
f 3358 3403 3359
f 3403 3358 3402
f 3388 3343 3387
f 3343 3388 3344
f 3389 3344 3388
f 3344 3389 3345
f 3390 3345 3389
f 3345 3390 3346
f 3391 3346 3390
f 3392 3347 3391
f 3346 3391 3347
f 3393 3348 3392
f 3392 3348 3347
f 3394 3349 3393
f 3361 3406 3362
f 3295 3253 3294
f 3406 3361 3405
f 3405 3360 3404
f 3296 3254 3295
f 3254 3296 3255
f 3255 3296 3297
f 3255 3297 3256
f 3298 3256 3297
f 3299 3257 3298
f 3298 3257 3256
f 3300 3258 3299
f 3257 3299 3258
f 3301 3259 3300
f 3258 3300 3259
f 3286 3287 3244
f 3244 3243 3286
f 3285 3286 3243
f 3243 3242 3285
f 3280 3281 3238
f 3239 3238 3281
f 3281 3282 3239
f 3240 3239 3282
f 3282 3283 3240
f 3240 3283 3241
f 3283 3284 3241
f 3242 3241 3284
f 3284 3285 3242
f 3347 3303 3346
f 3303 3302 3346
f 3348 3304 3347
f 3360 3405 3361
f 3274 3233 3273
f 3370 3371 3325
f 3334 3333 3379
f 3113 3112 3150
f 3152 3114 3151
f 3113 3151 3114
f 3153 3115 3152
f 3114 3152 3115
f 3154 3116 3153
f 3115 3153 3116
f 3155 3117 3154
f 3116 3154 3117
f 3156 3118 3155
f 3117 3155 3118
f 3157 3119 3156
f 3118 3156 3119
f 3151 3113 3150
f 3196 3236 3197
f 3237 3197 3236
f 3239 3240 3198
f 3199 3198 3240
f 3240 3241 3199
f 3199 3241 3200
f 3241 3242 3200
f 3201 3200 3242
f 3242 3243 3201
f 3201 3243 3202
f 3243 3244 3202
f 3203 3202 3244
f 3244 3245 3203
f 3149 3112 3111
f 3204 3203 3245
f 3125 3126 3087
f 3131 3094 3057
f 3135 3097 3134
f 3134 3096 3133
f 3095 3133 3096
f 3132 3133 3095
f 3120 3121 3082
f 3082 3121 3083
f 3121 3122 3083
f 3084 3083 3122
f 3122 3123 3084
f 3085 3084 3123
f 3123 3124 3085
f 3086 3085 3124
f 3124 3125 3086
f 3150 3112 3149
f 3087 3086 3125
f 3088 3087 3126
f 3088 3126 3089
f 3127 3089 3126
f 3089 3127 3090
f 3128 3090 3127
f 3090 3128 3091
f 3129 3091 3128
f 3091 3129 3092
f 3130 3092 3129
f 3092 3130 3093
f 3131 3093 3130
f 3093 3131 3057
f 3094 3132 3095
f 3110 3148 3111
f 3245 3246 3204
f 3246 3247 3205
f 3184 3224 3185
f 3226 3186 3225
f 3185 3225 3186
f 3227 3187 3226
f 3220 3180 3219
f 3186 3226 3187
f 3187 3227 3188
f 3229 3189 3228
f 3188 3228 3189
f 3230 3190 3229
f 3189 3229 3190
f 3231 3191 3230
f 3191 3190 3230
f 3232 3192 3231
f 3191 3231 3192
f 3233 3193 3232
f 3192 3232 3193
f 3234 3194 3233
f 3193 3233 3194
f 3235 3195 3234
f 3228 3188 3227
f 3211 3171 3251
f 3218 3179 3178
f 3177 3217 3178
f 3203 3163 3162
f 3203 3204 3163
f 3164 3163 3204
f 3225 3185 3224
f 3205 3204 3246
f 3183 3223 3184
f 3182 3222 3183
f 3206 3205 3247
f 3206 3247 3207
f 3248 3207 3247
f 3207 3248 3208
f 3249 3208 3248
f 3208 3249 3209
f 3250 3209 3249
f 3209 3250 3210
f 3251 3210 3250
f 3195 3235 3196
f 3236 3196 3235
f 3194 3234 3195
f 3198 3199 3158
f 3159 3158 3199
f 3199 3200 3159
f 3160 3159 3200
f 3200 3201 3160
f 3161 3160 3201
f 3201 3202 3161
f 3161 3202 3162
f 3202 3203 3162
f 3179 3219 3180
f 3221 3181 3220
f 3180 3220 3181
f 3222 3182 3221
f 3181 3221 3182
f 3223 3183 3222
f 3224 3184 3223
f 3333 3332 3378
f 3149 3111 3148
f 3148 3110 3147
f 3164 3165 3125
f 3126 3125 3165
f 3165 3166 3126
f 3127 3166 3128
f 3144 3183 3145
f 3185 3146 3184
f 3145 3184 3146
f 3186 3147 3185
f 3146 3185 3147
f 3187 3148 3186
f 3147 3186 3148
f 3188 3149 3187
f 3148 3187 3149
f 3189 3150 3188
f 3149 3188 3150
f 3190 3151 3189
f 3189 3151 3150
f 3191 3152 3190
f 3151 3190 3152
f 3192 3153 3191
f 3152 3191 3153
f 3193 3154 3192
f 3153 3192 3154
f 3194 3155 3193
f 3154 3193 3155
f 3195 3156 3194
f 3155 3194 3156
f 3124 3164 3125
f 3196 3157 3195
f 3163 3164 3124
f 3162 3163 3123
f 3334 3379 3335
f 3380 3335 3379
f 3335 3380 3336
f 3381 3336 3380
f 3336 3381 3337
f 3382 3337 3381
f 3337 3382 3294
f 3294 3382 3338
f 3338 3383 3339
f 3384 3339 3383
f 3339 3384 3340
f 3385 3340 3384
f 3340 3385 3341
f 3378 3379 3333
f 3253 3212 3252
f 3325 3324 3370
f 3324 3323 3369
f 3369 3370 3324
f 3368 3369 3323
f 3211 3252 3212
f 3210 3251 3171
f 3159 3160 3120
f 3121 3120 3160
f 3160 3161 3121
f 3121 3161 3122
f 3161 3162 3122
f 3123 3122 3162
f 3124 3123 3163
f 3109 3147 3110
f 3157 3156 3195
f 3143 3182 3144
f 3182 3143 3181
f 3175 3136 3174
f 3097 3096 3134
f 3136 3098 3135
f 3097 3135 3098
f 3137 3099 3136
f 3098 3136 3099
f 3138 3100 3137
f 3099 3137 3100
f 3139 3101 3138
f 3101 3100 3138
f 3140 3102 3139
f 3101 3139 3102
f 3141 3103 3140
f 3102 3140 3103
f 3142 3104 3141
f 3104 3103 3141
f 3143 3105 3142
f 3142 3105 3104
f 3144 3106 3143
f 3105 3143 3106
f 3145 3107 3144
f 3106 3144 3107
f 3146 3108 3145
f 3107 3145 3108
f 3147 3109 3146
f 3108 3146 3109
f 3141 3180 3142
f 3184 3145 3183
f 3181 3142 3180
f 3180 3141 3179
f 3183 3144 3182
f 3142 3181 3143
f 3167 3128 3166
f 3128 3167 3129
f 3129 3167 3168
f 3129 3168 3130
f 3130 3168 3169
f 3130 3169 3131
f 3169 3170 3131
f 3131 3170 3094
f 3132 3094 3170
f 3132 3171 3133
f 3172 3133 3171
f 3133 3172 3134
f 3173 3134 3172
f 3174 3135 3173
f 3127 3126 3166
f 3173 3135 3134
f 3135 3174 3136
f 3176 3137 3175
f 3136 3175 3137
f 3177 3138 3176
f 3137 3176 3138
f 3178 3139 3177
f 3138 3177 3139
f 3179 3140 3178
f 3139 3178 3140
f 3141 3140 3179
f 3231 3272 3232
f 3273 3232 3272
f 3230 3271 3231
f 2863 2862 2896
f 2896 2862 2895
f 2864 2863 2897
f 2896 2897 2863
f 2865 2864 2898
f 2897 2898 2864
f 2866 2865 2899
f 2898 2899 2865
f 2867 2866 2900
f 2899 2900 2866
f 2868 2867 2901
f 2900 2901 2867
f 2869 2868 2902
f 2901 2902 2868
f 2870 2869 2903
f 2902 2903 2869
f 2890 2857 2889
f 2855 2888 2856
f 2889 2856 2888
f 2854 2887 2855
f 2873 2840 2872
f 2840 2873 2841
f 2874 2841 2873
f 2841 2874 2842
f 2875 2842 2874
f 2842 2875 2843
f 2876 2843 2875
f 2861 2894 2862
f 2843 2876 2844
f 2895 2862 2894
f 2894 2861 2893
f 3022 3058 3059
f 3060 3023 3059
f 3059 3023 3022
f 3061 3024 3060
f 3060 3024 3023
f 3024 3061 3025
f 3063 3026 3062
f 3025 3062 3026
f 3064 3027 3063
f 3026 3063 3027
f 3065 3028 3064
f 3064 3028 3027
f 3066 3029 3065
f 3028 3065 3029
f 3067 3030 3066
f 3029 3066 3030
f 3068 3031 3067
f 3030 3067 3031
f 3069 3032 3068
f 3062 3025 3061
f 2856 2889 2857
f 2891 2858 2890
f 2857 2890 2858
f 2892 2859 2891
f 2858 2891 2859
f 2893 2860 2892
f 2859 2892 2860
f 2893 2861 2860
f 3021 3058 3022
f 2877 2844 2876
f 2845 2877 2878
f 2876 2910 2877
f 2877 2910 2911
f 2877 2911 2878
f 2912 2878 2911
f 2878 2912 2879
f 2913 2879 2912
f 2872 2839 2871
f 2849 2816 2848
f 2816 2849 2817
f 2850 2817 2849
f 2817 2850 2818
f 2851 2818 2850
f 2852 2819 2851
f 2818 2851 2819
f 2853 2820 2852
f 2819 2852 2820
f 2854 2821 2853
f 2853 2821 2820
f 2855 2822 2854
f 2821 2854 2822
f 2856 2823 2855
f 2822 2855 2823
f 2857 2824 2856
f 2823 2856 2824
f 2858 2825 2857
f 2824 2857 2825
f 2859 2826 2858
f 2910 2876 2909
f 2844 2877 2845
f 2875 2909 2876
f 2874 2908 2875
f 2845 2878 2846
f 2878 2879 2846
f 2846 2879 2847
f 2880 2847 2879
f 2848 2815 2880
f 2848 2881 2849
f 2882 2849 2881
f 2849 2882 2850
f 2883 2850 2882
f 2884 2851 2883
f 2850 2883 2851
f 2885 2852 2884
f 2851 2884 2852
f 2886 2853 2885
f 2852 2885 2853
f 2887 2854 2886
f 2853 2886 2854
f 2888 2855 2887
f 2847 2880 2815
f 2839 2872 2840
f 2905 2871 2904
f 2871 2905 2872
f 2906 2872 2905
f 2872 2906 2873
f 2907 2873 2906
f 2873 2907 2874
f 2908 2874 2907
f 2909 2875 2908
f 2825 2858 2826
f 3058 3021 3057
f 3020 2985 3056
f 3059 3095 3096
f 3097 3060 3096
f 3059 3096 3060
f 3098 3061 3097
f 3060 3097 3061
f 3099 3062 3098
f 3061 3098 3062
f 3100 3063 3099
f 3099 3063 3062
f 3101 3064 3100
f 3063 3100 3064
f 3102 3065 3101
f 3064 3101 3065
f 3103 3066 3102
f 3065 3102 3066
f 3051 3088 3052
f 3088 3051 3087
f 3050 3087 3051
f 3050 3049 3087
f 3104 3067 3103
f 3082 3083 3045
f 3046 3045 3083
f 3083 3084 3046
f 3047 3046 3084
f 3084 3085 3047
f 3048 3047 3085
f 3085 3086 3048
f 3058 3095 3059
f 3049 3048 3086
f 3095 3058 3094
f 3057 3020 3093
f 2966 3001 2967
f 3003 2968 3002
f 2967 3002 2968
f 2969 2968 3004
f 3003 3004 2968
f 2970 2969 3005
f 3004 3005 2969
f 2971 2970 3006
f 3005 3006 2970
f 2972 2971 3007
f 2971 3006 3007
f 2973 2972 3008
f 2964 2999 2965
f 2972 3007 3008
f 3015 3052 3016
f 3053 3016 3052
f 3016 3053 3017
f 3089 3052 3088
f 3052 3089 3053
f 3090 3053 3089
f 3053 3090 3054
f 3091 3054 3090
f 3054 3091 3055
f 3092 3055 3091
f 3055 3092 3056
f 3092 3093 3056
f 3056 3093 3020
f 3057 3094 3058
f 3020 3057 3021
f 3086 3087 3049
f 3104 3068 3067
f 3035 3072 3036
f 3074 3037 3073
f 3036 3073 3037
f 3075 3038 3074
f 3037 3074 3038
f 3076 3039 3075
f 3038 3075 3039
f 3077 3040 3076
f 3039 3076 3040
f 3078 3041 3077
f 3040 3077 3041
f 3079 3042 3078
f 3041 3078 3042
f 3080 3043 3079
f 3042 3079 3043
f 3081 3044 3080
f 3043 3080 3044
f 3071 3034 3070
f 3032 3069 3033
f 3070 3033 3069
f 3031 3068 3032
f 3054 3017 3053
f 3017 3054 3018
f 3055 3018 3054
f 3018 3055 3019
f 3056 3019 3055
f 3019 3056 2985
f 3073 3036 3072
f 3066 3103 3067
f 3034 3071 3035
f 3033 3070 3034
f 3106 3069 3105
f 3068 3105 3069
f 3107 3070 3106
f 3070 3069 3106
f 3108 3071 3107
f 3070 3107 3071
f 3109 3072 3108
f 3071 3108 3072
f 3110 3073 3109
f 3072 3109 3073
f 3111 3074 3110
f 3073 3110 3074
f 3112 3075 3111
f 3074 3111 3075
f 3105 3068 3104
f 3113 3076 3112
f 3114 3077 3113
f 3076 3113 3077
f 3115 3078 3114
f 3077 3114 3078
f 3116 3079 3115
f 3078 3115 3079
f 3117 3080 3116
f 3079 3116 3080
f 3118 3081 3117
f 3080 3117 3081
f 3075 3112 3076
f 3072 3035 3071
f 2860 2827 2859
f 2826 2859 2827
f 2861 2828 2860
f 2907 2941 2942
f 2907 2942 2908
f 4520 4519 4579
f 3321 3279 3320
f 3278 3320 3279
f 3277 3319 3278
f 3320 3278 3319
f 3276 3318 3277
f 3319 3277 3318
f 3304 3262 3303
f 3303 3262 3261
f 3305 3263 3304
f 3262 3304 3263
f 3306 3264 3305
f 3263 3305 3264
f 3307 3265 3306
f 3264 3306 3265
f 3308 3266 3307
f 3265 3307 3266
f 3309 3267 3308
f 3266 3308 3267
f 3310 3268 3309
f 3267 3309 3268
f 3311 3269 3310
f 3312 3270 3311
f 3269 3311 3270
f 3313 3271 3312
f 2906 2941 2907
f 3270 3312 3271
f 2941 2906 2940
f 2940 2905 2939
f 2917 2883 2916
f 2918 2884 2917
f 2883 2917 2884
f 2919 2885 2918
f 2884 2918 2885
f 2920 2886 2919
f 2885 2919 2886
f 2921 2887 2920
f 2886 2920 2887
f 2922 2888 2921
f 2887 2921 2888
f 2888 2922 2889
f 2924 2890 2923
f 2923 2890 2889
f 2925 2891 2924
f 2924 2891 2890
f 2926 2892 2925
f 2891 2925 2892
f 2927 2893 2926
f 2892 2926 2893
f 2928 2894 2927
f 2893 2927 2894
f 2929 2895 2928
f 2894 2928 2895
f 2930 2896 2929
f 2923 2889 2922
f 2904 2939 2905
f 2905 2940 2906
f 2882 2916 2883
f 3314 3272 3313
f 3315 3273 3314
f 3298 3342 3299
f 3343 3299 3342
f 3299 3343 3300
f 3344 3300 3343
f 3345 3301 3344
f 3300 3344 3301
f 3346 3302 3345
f 3331 3287 3286
f 3330 3331 3286
f 3285 3330 3286
f 3329 3330 3285
f 3324 3325 3280
f 3281 3280 3325
f 3325 3326 3281
f 3326 3282 3281
f 3326 3327 3282
f 3283 3282 3327
f 3327 3328 3283
f 3284 3283 3328
f 3328 3329 3284
f 3285 3284 3329
f 3301 3345 3302
f 3303 3261 3302
f 3302 3260 3301
f 3271 3230 3270
f 3229 3270 3230
f 3272 3231 3271
f 3342 3298 3341
f 3271 3313 3272
f 3297 3341 3298
f 3296 3340 3297
f 3314 3273 3272
f 3316 3274 3315
f 3273 3315 3274
f 3317 3275 3316
f 3274 3316 3275
f 3318 3276 3317
f 3275 3317 3276
f 3268 3310 3269
f 3260 3302 3261
f 3331 3332 3287
f 3288 3287 3332
f 3332 3333 3288
f 3288 3333 3289
f 3333 3334 3289
f 3290 3289 3334
f 3290 3334 3291
f 3335 3291 3334
f 3291 3335 3292
f 3336 3292 3335
f 3292 3336 3293
f 3293 3336 3337
f 3293 3337 3252
f 3294 3252 3337
f 3294 3338 3295
f 3339 3295 3338
f 3295 3339 3296
f 3339 3340 3296
f 3341 3297 3340
f 2916 2882 2915
f 2881 2915 2882
f 2848 2914 2881
f 2865 2866 2832
f 2834 2833 2867
f 2867 2833 2866
f 2835 2834 2868
f 2834 2867 2868
f 2836 2835 2869
f 2868 2869 2835
f 2837 2836 2870
f 2869 2870 2836
f 2832 2831 2865
f 2879 2913 2880
f 2914 2880 2913
f 2880 2914 2848
f 2926 2961 2927
f 2963 2928 2962
f 2962 2928 2927
f 2964 2929 2963
f 2928 2963 2929
f 2965 2930 2964
f 2929 2964 2930
f 2966 2931 2965
f 2930 2965 2931
f 2932 2931 2967
f 2966 2967 2931
f 2933 2932 2968
f 2967 2968 2932
f 2934 2933 2969
f 2833 2832 2866
f 2968 2969 2933
f 2865 2831 2864
f 2838 2871 2839
f 2827 2860 2828
f 2829 2828 2862
f 2862 2828 2861
f 2830 2829 2863
f 2862 2863 2829
f 2815 2848 2816
f 2815 2782 2847
f 2814 2847 2782
f 2847 2814 2846
f 2805 2838 2806
f 2831 2830 2864
f 2839 2806 2838
f 2840 2807 2839
f 2807 2840 2808
f 2840 2841 2808
f 2808 2841 2809
f 2842 2809 2841
f 2809 2842 2810
f 2842 2843 2810
f 2810 2843 2811
f 2844 2811 2843
f 2811 2844 2812
f 2845 2812 2844
f 2812 2845 2813
f 2846 2813 2845
f 2813 2846 2814
f 2806 2839 2807
f 2863 2864 2830
f 2935 2934 2970
f 2969 2970 2934
f 2936 2935 2971
f 2956 2922 2921
f 2958 2923 2957
f 2957 2923 2922
f 2959 2924 2958
f 2923 2958 2924
f 2960 2925 2959
f 2953 2918 2952
f 2909 2944 2910
f 2909 2943 2944
f 2908 2943 2909
f 2908 2942 2943
f 2931 2932 2897
f 2899 2898 2933
f 2932 2933 2898
f 2900 2899 2934
f 2933 2934 2899
f 2901 2900 2935
f 2934 2935 2900
f 2902 2901 2936
f 2935 2936 2901
f 2903 2902 2937
f 2936 2937 2902
f 2937 2938 2903
f 2898 2897 2932
f 2930 2931 2896
f 2897 2896 2931
f 2895 2929 2896
f 2957 2922 2956
f 2920 2955 2921
f 2956 2921 2955
f 2954 2920 2919
f 2935 2970 2971
f 2937 2936 2972
f 2971 2972 2936
f 2938 2937 2973
f 2937 2972 2973
f 2962 2927 2961
f 2925 2960 2926
f 2961 2926 2960
f 2924 2959 2925
f 2945 2910 2944
f 2910 2945 2911
f 2946 2911 2945
f 2911 2946 2912
f 3204 3205 3164
f 2947 2912 2946
f 2948 2913 2947
f 2913 2948 2914
f 2914 2948 2949
f 2914 2949 2881
f 2915 2881 2949
f 2915 2950 2916
f 2951 2916 2950
f 2916 2951 2917
f 2952 2917 2951
f 2917 2952 2918
f 2954 2919 2953
f 2918 2953 2919
f 2955 2920 2954
f 2912 2947 2913
f 3002 2967 3001
f 3165 3164 3205
f 3166 3165 3206
f 5784 5725 5783
f 5724 5783 5725
f 5785 5726 5784
f 5725 5784 5726
f 5786 5727 5785
f 5726 5785 5727
f 5772 5713 5771
f 5711 5770 5712
f 5771 5712 5770
f 5769 5711 5710
f 5696 5695 5755
f 5696 5755 5697
f 5756 5697 5755
f 5697 5756 5698
f 5698 5756 5757
f 5698 5757 5699
f 5758 5699 5757
f 5699 5758 5700
f 5759 5700 5758
f 5700 5759 5701
f 5701 5759 5760
f 5761 5702 5760
f 5760 5702 5701
f 5762 5703 5761
f 5695 5694 5754
f 5761 5703 5702
f 5703 5762 5704
f 5723 5782 5724
f 5764 5705 5763
f 5783 5724 5782
f 5782 5723 5781
f 5734 5735 5675
f 5676 5675 5735
f 5735 5736 5676
f 5677 5676 5736
f 5669 5728 5670
f 5720 5662 5661
f 5753 5754 5694
f 5754 5755 5695
f 5712 5771 5713
f 5773 5714 5772
f 5713 5772 5714
f 5774 5715 5773
f 5714 5773 5715
f 5775 5716 5774
f 5715 5774 5716
f 5776 5717 5775
f 5716 5775 5717
f 5777 5718 5776
f 5717 5776 5718
f 5778 5719 5777
f 5718 5777 5719
f 5779 5720 5778
f 5719 5778 5720
f 5780 5721 5779
f 5720 5779 5721
f 5781 5722 5780
f 5780 5722 5721
f 5722 5781 5723
f 5675 5674 5734
f 5705 5704 5763
f 5705 5764 5706
f 5680 5681 5621
f 5622 5621 5681
f 5681 5682 5622
f 5623 5622 5682
f 5682 5683 5623
f 5624 5623 5683
f 5683 5684 5624
f 5684 5625 5624
f 5684 5685 5625
f 5626 5625 5685
f 5685 5686 5626
f 5611 5670 5612
f 5671 5612 5670
f 5610 5669 5611
f 5670 5611 5669
f 5655 5596 5654
f 5596 5595 5654
f 5656 5597 5655
f 5596 5655 5597
f 5657 5598 5656
f 5656 5598 5597
f 5658 5599 5657
f 5598 5657 5599
f 5659 5600 5658
f 5599 5658 5600
f 5660 5601 5659
f 5600 5659 5601
f 5621 5620 5680
f 5765 5706 5764
f 5679 5680 5620
f 5678 5679 5619
f 5766 5707 5765
f 5765 5707 5706
f 5767 5708 5766
f 5707 5766 5708
f 5768 5709 5767
f 5708 5767 5709
f 5769 5710 5768
f 5768 5710 5709
f 5770 5711 5769
f 5763 5704 5762
f 5787 5728 5786
f 5721 5662 5720
f 5720 5661 5719
f 5672 5613 5671
f 5612 5671 5613
f 5673 5614 5672
f 5613 5672 5614
f 5674 5615 5673
f 5614 5673 5615
f 5674 5675 5615
f 5616 5615 5675
f 5675 5676 5616
f 5617 5616 5676
f 5676 5677 5617
f 5618 5617 5677
f 5677 5678 5618
f 5619 5618 5678
f 5620 5619 5679
f 5661 5602 5660
f 5733 5734 5674
f 5673 5732 5674
f 6090 6091 6031
f 6032 6031 6091
f 6091 6092 6032
f 6033 6032 6092
f 6092 6093 6033
f 6034 6033 6093
f 6093 6094 6034
f 6035 6034 6094
f 6094 6095 6035
f 6036 6035 6095
f 6095 6096 6036
f 6036 6096 6037
f 6096 6097 6037
f 6038 6037 6097
f 6089 6090 6030
f 6097 6098 6038
f 6098 6099 6039
f 6040 6039 6099
f 6099 6100 6040
f 6041 6040 6100
f 6100 6101 6041
f 6042 6041 6101
f 6101 6102 6042
f 6043 6042 6102
f 6102 6103 6043
f 6103 6044 6043
f 6103 6045 6044
f 6105 6106 6046
f 5986 6044 6045
f 6047 6046 6106
f 6106 6107 6047
f 6050 6049 6109
f 6108 6109 6049
f 6051 6050 6110
f 6109 6110 6050
f 6052 6051 6111
f 6110 6111 6051
f 6053 6052 6112
f 6112 6052 6111
f 6053 6112 6054
f 6113 6054 6112
f 6054 6113 6055
f 6114 6055 6113
f 6055 6114 6056
f 6056 6114 6115
f 6056 6115 6057
f 6116 6057 6115
f 6057 6116 6058
f 6117 6058 6116
f 6058 6117 6059
f 6118 6059 6117
f 6059 6118 6060
f 6060 6118 6119
f 6120 6061 6119
f 6060 6119 6061
f 6121 6062 6120
f 6061 6120 6062
f 6122 6063 6121
f 6048 6047 6107
f 5733 5674 5732
f 6104 6105 6045
f 6039 6038 6098
f 5752 5753 5693
f 5679 5678 5738
f 5737 5738 5678
f 5678 5677 5737
f 5736 5737 5677
f 5722 5663 5721
f 5662 5721 5663
f 5723 5664 5722
f 5663 5722 5664
f 5724 5665 5723
f 5664 5723 5665
f 5725 5666 5724
f 5724 5666 5665
f 5726 5667 5725
f 5666 5725 5667
f 5727 5668 5726
f 5667 5726 5668
f 5728 5669 5727
f 5668 5727 5669
f 5753 5694 5693
f 5729 5670 5728
f 5730 5671 5729
f 5729 5671 5670
f 5731 5672 5730
f 5671 5730 5672
f 5732 5673 5731
f 5672 5731 5673
f 5693 5692 5752
f 6046 6045 6105
f 5751 5752 5692
f 5750 5751 5691
f 5863 5862 5922
f 5921 5922 5862
f 5921 5862 5861
f 5738 5739 5679
f 5680 5679 5739
f 5739 5740 5680
f 5681 5680 5740
f 5740 5741 5681
f 5682 5681 5741
f 5741 5742 5682
f 5683 5682 5742
f 5742 5743 5683
f 5683 5743 5684
f 5743 5744 5684
f 5685 5684 5744
f 5744 5745 5685
f 5745 5686 5685
f 5745 5746 5686
f 5686 5746 5687
f 5746 5747 5687
f 5688 5687 5747
f 5747 5748 5688
f 5689 5688 5748
f 5748 5749 5689
f 5690 5689 5749
f 5749 5691 5690
f 5632 5690 5691
f 5692 5691 5751
f 6107 6108 6048
f 5601 5660 5602
f 5662 5603 5661
f 5908 5849 5907
f 5908 5909 5849
f 5850 5849 5909
f 5909 5910 5850
f 5850 5910 5851
f 5910 5911 5851
f 5852 5851 5911
f 5911 5912 5852
f 5853 5852 5912
f 5912 5913 5853
f 5854 5853 5913
f 5913 5914 5854
f 5855 5854 5914
f 5914 5915 5855
f 5856 5855 5915
f 5915 5916 5856
f 5857 5856 5916
f 5916 5917 5857
f 5858 5857 5917
f 5917 5918 5858
f 5859 5858 5918
f 5918 5919 5859
f 5859 5919 5860
f 5919 5920 5860
f 5861 5860 5920
f 5920 5921 5861
f 5905 5847 5846
f 5848 5907 5849
f 5906 5847 5905
f 5847 5906 5848
f 5829 5888 5830
f 5800 5799 5859
f 5859 5860 5800
f 5800 5860 5801
f 5860 5861 5801
f 5802 5801 5861
f 5861 5862 5802
f 5803 5802 5862
f 5862 5863 5803
f 5888 5829 5887
f 5803 5863 5804
f 5805 5804 5864
f 5864 5865 5805
f 5806 5805 5865
f 5865 5866 5806
f 5806 5866 5807
f 5866 5867 5807
f 5867 5808 5807
f 5867 5809 5808
f 5750 5808 5809
f 5868 5869 5809
f 5810 5809 5869
f 5869 5870 5810
f 5870 5811 5810
f 5870 5871 5811
f 5863 5864 5804
f 5855 5856 5796
f 5828 5887 5829
f 5907 5848 5906
f 5858 5859 5799
f 5846 5845 5904
f 5890 5831 5889
f 5854 5855 5795
f 5795 5794 5854
f 5805 5806 5746
f 5747 5746 5806
f 5806 5807 5747
f 5747 5807 5748
f 5807 5808 5748
f 5808 5749 5748
f 5808 5750 5749
f 5691 5749 5750
f 5809 5810 5750
f 5751 5750 5810
f 5810 5811 5751
f 5811 5752 5751
f 5811 5812 5752
f 5753 5752 5812
f 5812 5813 5753
f 5753 5813 5754
f 5813 5814 5754
f 5755 5754 5814
f 5814 5815 5755
f 5755 5815 5756
f 5756 5815 5757
f 5816 5757 5815
f 5757 5816 5758
f 5817 5758 5816
f 5758 5817 5759
f 5796 5795 5855
f 5905 5846 5904
f 5896 5838 5837
f 5904 5845 5903
f 5830 5889 5831
f 5891 5832 5890
f 5831 5890 5832
f 5892 5833 5891
f 5832 5891 5833
f 5893 5834 5892
f 5833 5892 5834
f 5894 5835 5893
f 5834 5893 5835
f 5895 5836 5894
f 5836 5835 5894
f 5896 5837 5895
f 5836 5895 5837
f 5889 5830 5888
f 5897 5838 5896
f 5898 5839 5897
f 5838 5897 5839
f 5899 5840 5898
f 5839 5898 5840
f 5900 5841 5899
f 5840 5899 5841
f 5901 5842 5900
f 5841 5900 5842
f 5902 5843 5901
f 5842 5901 5843
f 5903 5844 5902
f 5843 5902 5844
f 5844 5903 5845
f 5627 5626 5686
f 5799 5798 5858
f 5857 5798 5797
f 5712 5653 5711
f 5652 5711 5653
f 5713 5654 5712
f 5653 5712 5654
f 5714 5655 5713
f 5713 5655 5654
f 5715 5656 5714
f 5655 5714 5656
f 5716 5657 5715
f 5656 5715 5657
f 5717 5658 5716
f 5657 5716 5658
f 5718 5659 5717
f 5658 5717 5659
f 5719 5660 5718
f 5659 5718 5660
f 5705 5646 5704
f 5645 5644 5703
f 5704 5645 5703
f 5643 5702 5644
f 5688 5629 5628
f 5688 5689 5629
f 5629 5689 5630
f 5689 5690 5630
f 5631 5630 5690
f 5690 5632 5631
f 5573 5631 5632
f 5651 5710 5652
f 5691 5692 5632
f 5711 5652 5710
f 5710 5651 5709
f 5663 5604 5662
f 5603 5662 5604
f 5664 5605 5663
f 5604 5663 5605
f 5665 5606 5664
f 5605 5664 5606
f 5666 5607 5665
f 5606 5665 5607
f 5667 5608 5666
f 5666 5608 5607
f 5668 5609 5667
f 5608 5667 5609
f 5669 5610 5668
f 5610 5609 5668
f 5661 5603 5602
f 5660 5719 5661
f 5686 5687 5627
f 5687 5688 5628
f 5704 5646 5645
f 5706 5647 5705
f 5646 5705 5647
f 5707 5648 5706
f 5647 5706 5648
f 5708 5649 5707
f 5648 5707 5649
f 5709 5650 5708
f 5649 5708 5650
f 5650 5709 5651
f 5857 5858 5798
f 5633 5632 5692
f 5633 5693 5634
f 5818 5876 5877
f 5818 5877 5819
f 5878 5819 5877
f 5819 5878 5820
f 5879 5820 5878
f 5880 5821 5879
f 5879 5821 5820
f 5881 5822 5880
f 5880 5822 5821
f 5882 5823 5881
f 5822 5881 5823
f 5883 5824 5882
f 5823 5882 5824
f 5884 5825 5883
f 5824 5883 5825
f 5885 5826 5884
f 5825 5884 5826
f 5886 5827 5885
f 5826 5885 5827
f 5887 5828 5886
f 5827 5886 5828
f 5872 5873 5813
f 5813 5812 5872
f 5871 5872 5812
f 5811 5871 5812
f 5797 5796 5856
f 5856 5857 5797
f 5817 5876 5818
f 5692 5693 5633
f 5876 5817 5875
f 5816 5815 5875
f 5693 5694 5634
f 5694 5635 5634
f 5694 5695 5635
f 5687 5628 5627
f 5636 5635 5695
f 5696 5637 5695
f 5637 5696 5638
f 5697 5638 5696
f 5638 5697 5639
f 5698 5639 5697
f 5639 5698 5640
f 5640 5698 5699
f 5640 5699 5641
f 5700 5641 5699
f 5701 5642 5700
f 5641 5700 5642
f 5702 5643 5701
f 5643 5642 5701
f 5703 5644 5702
f 5636 5695 5637
f 5728 5727 5786
f 5788 5729 5787
f 5728 5787 5729
f 5814 5813 5873
f 5873 5874 5814
f 5815 5814 5874
f 5874 5875 5815
f 5816 5875 5817
f 6049 6048 6108
f 6031 6030 6090
f 6030 6029 6089
f 5979 5978 6038
f 5972 5971 6031
f 6055 5996 6054
f 5989 5930 5929
f 5929 5928 5988
f 5880 5939 5881
f 5941 5882 5940
f 5882 5881 5940
f 5942 5883 5941
f 5882 5941 5883
f 5943 5884 5942
f 5942 5884 5883
f 5944 5885 5943
f 5884 5943 5885
f 5945 5886 5944
f 5944 5886 5885
f 5946 5887 5945
f 5886 5945 5887
f 5947 5888 5946
f 5888 5887 5946
f 5948 5889 5947
f 5888 5947 5889
f 5949 5890 5948
f 5889 5948 5890
f 5950 5891 5949
f 5890 5949 5891
f 5951 5892 5950
f 6037 6038 5978
f 5891 5950 5892
f 5977 6037 5978
f 5976 6036 5977
f 5980 5979 6039
f 6038 6039 5979
f 5964 6023 5965
f 6024 5965 6023
f 5965 6024 5966
f 6025 5966 6024
f 5966 6025 5967
f 6026 5967 6025
f 6026 6027 5967
f 5968 5967 6027
f 6027 6028 5968
f 5969 5968 6028
f 6028 6029 5969
f 5970 5969 6029
f 6029 6030 5970
f 5971 5970 6030
f 6023 5964 6022
f 6030 6031 5971
f 6031 6032 5972
f 5972 6032 5973
f 6032 6033 5973
f 5974 5973 6033
f 6033 6034 5974
f 5975 5974 6034
f 6034 6035 5975
f 5976 5975 6035
f 6035 6036 5976
f 6036 6037 5977
f 6039 6040 5980
f 5952 5893 5951
f 5953 5894 5952
f 5876 5934 5935
f 5876 5935 5877
f 5935 5936 5877
f 5877 5936 5878
f 5878 5936 5937
f 5878 5937 5879
f 5930 5931 5871
f 5988 5989 5929
f 5954 5896 5895
f 5896 5955 5897
f 5973 5974 5914
f 5915 5914 5974
f 5974 5975 5915
f 5916 5915 5975
f 5975 5976 5916
f 5976 5917 5916
f 5976 5977 5917
f 5918 5917 5977
f 5977 5978 5918
f 5919 5918 5978
f 5978 5979 5919
f 5979 5920 5919
f 5979 5980 5920
f 5980 5921 5920
f 5980 5981 5921
f 5922 5921 5981
f 5981 5982 5922
f 5875 5934 5876
f 5892 5951 5893
f 5934 5875 5874
f 5874 5873 5933
f 5893 5952 5894
f 5954 5895 5953
f 5953 5895 5894
f 5940 5881 5939
f 5939 5880 5938
f 5879 5938 5880
f 5938 5879 5937
f 5864 5863 5923
f 5923 5924 5864
f 5865 5864 5924
f 5924 5925 5865
f 5866 5865 5925
f 5925 5926 5866
f 5867 5866 5926
f 5926 5868 5867
f 5809 5867 5868
f 5927 5928 5868
f 5869 5868 5928
f 5928 5929 5869
f 5869 5929 5870
f 5929 5930 5870
f 5955 5896 5954
f 5930 5871 5870
f 5872 5871 5931
f 5931 5932 5872
f 5873 5872 5932
f 5932 5933 5873
f 5933 5934 5874
f 5922 5982 5923
f 5981 5980 6040
f 6054 5995 6053
f 6010 5951 6009
f 5950 6009 5951
f 6011 5952 6010
f 5951 6010 5952
f 6012 5953 6011
f 5952 6011 5953
f 6013 5954 6012
f 5953 6012 5954
f 6014 5955 6013
f 5954 6013 5955
f 6015 5956 6014
f 5955 6014 5956
f 6016 5957 6015
f 5956 6015 5957
f 6017 5958 6016
f 5957 6016 5958
f 6018 5959 6017
f 5958 6017 5959
f 6019 5960 6018
f 5959 6018 5960
f 6020 5961 6019
f 5960 6019 5961
f 6021 5962 6020
f 5961 6020 5962
f 6007 5948 6006
f 5946 6005 5947
f 6006 5947 6005
f 5949 6008 5950
f 5945 6004 5946
f 6009 5950 6008
f 6008 5949 6007
f 3166 3206 3167
f 3167 3206 3207
f 3167 3207 3168
f 3208 3168 3207
f 3168 3208 3169
f 3209 3169 3208
f 3169 3209 3170
f 3219 3179 3218
f 3210 3170 3209
f 3171 3132 3210
f 3171 3211 3172
f 3212 3172 3211
f 3172 3212 3173
f 3173 3212 3213
f 3214 3174 3213
f 3213 3174 3173
f 3215 3175 3214
f 3174 3214 3175
f 3216 3176 3215
f 3175 3215 3176
f 3217 3177 3216
f 3177 3176 3216
f 3218 3178 3217
f 3170 3210 3132
f 4578 4579 4519
f 4579 4580 4520
f 5948 5947 6006
f 5948 6007 5949
f 5995 6054 5996
f 5990 5931 5930
f 5991 5932 5931
f 6040 6041 5981
f 6041 5982 5981
f 6041 6042 5982
f 5983 5982 6042
f 6042 6043 5983
f 5984 5983 6043
f 6043 6044 5984
f 5985 5984 6044
f 6044 5986 5985
f 5986 5927 5985
f 6045 6046 5986
f 5987 5986 6046
f 6046 6047 5987
f 5988 5987 6047
f 6047 6048 5988
f 5989 5988 6048
f 6048 6049 5989
f 5990 5989 6049
f 6049 6050 5990
f 5991 5990 6050
f 6050 6051 5991
f 5992 5991 6051
f 5993 5992 6052
f 5992 6051 6052
f 5993 6052 5994
f 5994 6052 6053
f 5994 6053 5995
f 5963 6022 5964
f 5990 5991 5931
f 5962 6021 5963
f 5938 5997 5939
f 5991 5992 5932
f 5932 5992 5933
f 5992 5993 5933
f 5933 5993 5934
f 5934 5993 5935
f 5994 5935 5993
f 5935 5994 5936
f 5936 5994 5995
f 5936 5995 5937
f 5996 5937 5995
f 5937 5996 5938
f 6022 5963 6021
f 5997 5938 5996
f 5939 5997 5998
f 5999 5940 5998
f 5939 5998 5940
f 6000 5941 5999
f 5940 5999 5941
f 6001 5942 6000
f 5941 6000 5942
f 6002 5943 6001
f 6001 5943 5942
f 6003 5944 6002
f 5943 6002 5944
f 6004 5945 6003
f 5944 6003 5945
f 6005 5946 6004
f 5989 5990 5930
f 5982 5983 5923
f 5924 5923 5983
f 5983 5984 5924
f 6162 6104 6103
f 6103 6104 6045
f 6105 6104 6163
f 6163 6104 6164
f 6156 6157 6097
f 6106 6105 6165
f 6107 6106 6166
f 6165 6166 6106
f 6108 6107 6167
f 6166 6167 6107
f 6109 6108 6168
f 6167 6168 6108
f 6110 6109 6169
f 6169 6109 6168
f 6111 6110 6170
f 6169 6170 6110
f 6112 6111 6171
f 6111 6170 6171
f 6112 6171 6113
f 6113 6171 6172
f 6163 6165 6105
f 6056 5997 6055
f 6063 6122 6064
f 6121 6063 6062
f 6014 6073 6015
f 6075 6016 6074
f 6015 6074 6016
f 6103 6102 6162
f 6076 6017 6075
f 6161 6162 6102
f 6160 6161 6101
f 6181 6122 6180
f 6121 6180 6122
f 6182 6123 6181
f 6122 6181 6123
f 6123 6182 6124
f 6183 6124 6182
f 6124 6183 6125
f 6184 6125 6183
f 6125 6184 6126
f 6185 6126 6184
f 6126 6185 6127
f 6186 6127 6185
f 6127 6186 6128
f 6128 6186 6187
f 6128 6187 6129
f 6188 6129 6187
f 6129 6188 6130
f 6174 6115 6173
f 6114 6173 6115
f 6173 6114 6172
f 6113 6172 6114
f 6157 6158 6098
f 6099 6098 6158
f 6158 6159 6099
f 6100 6099 6159
f 6159 6160 6100
f 6101 6100 6160
f 6102 6101 6161
f 6180 6121 6179
f 6075 6017 6016
f 6017 6076 6018
f 6060 6001 6059
f 6000 6059 6001
f 6061 6002 6060
f 6001 6060 6002
f 6062 6003 6061
f 6061 6003 6002
f 6063 6004 6062
f 6003 6062 6004
f 6064 6005 6063
f 6088 6089 6029
f 6063 6005 6004
f 6064 6006 6005
f 6066 6007 6065
f 6006 6065 6007
f 6067 6008 6066
f 6007 6066 6008
f 6068 6009 6067
f 6009 6008 6067
f 6069 6010 6068
f 6009 6068 6010
f 6070 6011 6069
f 6010 6069 6011
f 6071 6012 6070
f 6070 6012 6011
f 6072 6013 6071
f 6065 6006 6064
f 6123 6064 6122
f 5999 6058 6000
f 6077 6018 6076
f 6059 6000 6058
f 5998 6057 5999
f 6078 6019 6077
f 6077 6019 6018
f 6019 6078 6020
f 6079 6020 6078
f 6020 6079 6021
f 6079 6080 6021
f 6021 6080 6022
f 6081 6022 6080
f 6022 6081 6023
f 6081 6082 6023
f 6023 6082 6024
f 6083 6024 6082
f 6024 6083 6025
f 6084 6025 6083
f 6025 6084 6026
f 6085 6026 6084
f 6027 6026 6086
f 6085 6086 6026
f 6086 6087 6027
f 6087 6028 6027
f 6087 6088 6028
f 6028 6088 6029
f 6074 6015 6073
f 6072 6014 6013
f 6073 6014 6072
f 6012 6071 6013
f 5998 6056 6057
f 6058 5999 6057
f 6120 6179 6121
f 6178 6179 6120
f 6119 6178 6120
f 5966 5907 5965
f 5907 5966 5908
f 5908 5966 5967
f 5967 5968 5908
f 5908 5968 5909
f 5968 5969 5909
f 5910 5909 5969
f 5969 5970 5910
f 5970 5911 5910
f 5970 5971 5911
f 5912 5911 5971
f 5904 5963 5905
f 5922 5923 5863
f 5996 6055 5997
f 5997 6056 5998
f 6141 6082 6140
f 6082 6141 6083
f 6141 6142 6083
f 6083 6142 6084
f 6143 6084 6142
f 6085 6084 6144
f 6143 6144 6084
f 6086 6085 6145
f 6144 6145 6085
f 6087 6086 6146
f 6145 6146 6086
f 6146 6147 6087
f 5906 5965 5907
f 6088 6087 6147
f 5905 5964 5906
f 5964 5905 5963
f 5925 5924 5984
f 5984 5985 5925
f 5985 5926 5925
f 5985 5927 5926
f 5868 5926 5927
f 5986 5987 5927
f 5928 5927 5987
f 5987 5988 5928
f 5914 5913 5973
f 5972 5973 5913
f 5913 5912 5972
f 5971 5972 5912
f 5957 5898 5956
f 5897 5956 5898
f 5958 5899 5957
f 5957 5899 5898
f 5959 5900 5958
f 5958 5900 5899
f 5960 5901 5959
f 5900 5959 5901
f 5961 5902 5960
f 5901 5960 5902
f 5962 5903 5961
f 5902 5961 5903
f 5963 5904 5962
f 5903 5962 5904
f 5956 5897 5955
f 5965 5906 5964
f 6147 6148 6088
f 6088 6148 6089
f 6148 6149 6089
f 6071 6130 6072
f 6073 6072 6131
f 6133 6074 6132
f 6073 6132 6074
f 6134 6075 6133
f 6074 6133 6075
f 6135 6076 6134
f 6076 6075 6134
f 6076 6135 6077
f 6136 6077 6135
f 6077 6136 6078
f 6137 6078 6136
f 6078 6137 6079
f 6137 6138 6079
f 6079 6138 6080
f 6132 6073 6131
f 6124 6065 6123
f 6097 6096 6156
f 6098 6097 6157
f 6115 6174 6116
f 6175 6116 6174
f 6116 6175 6117
f 6176 6117 6175
f 6117 6176 6118
f 6177 6118 6176
f 6118 6177 6119
f 6177 6178 6119
f 6155 6156 6096
f 6131 6072 6130
f 6070 6129 6071
f 6130 6071 6129
f 6090 6089 6149
f 6149 6150 6090
f 6091 6090 6150
f 6150 6151 6091
f 6092 6091 6151
f 6151 6152 6092
f 6093 6092 6152
f 6152 6153 6093
f 6094 6093 6153
f 6153 6154 6094
f 6095 6094 6154
f 6154 6155 6095
f 6096 6095 6155
f 3205 3206 3165
f 6081 6140 6082
f 6080 6139 6081
f 6080 6138 6139
f 6064 6123 6065
f 6125 6066 6124
f 6065 6124 6066
f 6126 6067 6125
f 6066 6125 6067
f 6127 6068 6126
f 6126 6068 6067
f 6128 6069 6127
f 6068 6127 6069
f 6129 6070 6128
f 6128 6070 6069
f 6140 6081 6139
f 2965 3000 2966
f 3001 2966 3000
f 3000 2965 2999
f 3611 3612 3550
f 3552 3551 3613
f 3612 3613 3551
f 3553 3552 3614
f 3613 3614 3552
f 3554 3553 3615
f 3614 3615 3553
f 3555 3554 3616
f 3615 3616 3554
f 3556 3555 3617
f 3616 3617 3555
f 3557 3556 3618
f 3617 3618 3556
f 3558 3557 3619
f 3619 3557 3618
f 3559 3558 3620
f 3619 3620 3558
f 3560 3559 3621
f 3621 3559 3620
f 3561 3560 3622
f 3621 3622 3560
f 3547 3546 3608
f 3546 3606 3607
f 3545 3606 3546
f 3545 3486 3605
f 3591 3530 3590
f 3530 3591 3531
f 3551 3550 3612
f 3592 3531 3591
f 3610 3611 3549
f 3609 3610 3548
f 3713 3714 3715
f 3716 3713 3715
f 3714 3717 3715
f 3705 3630 3704
f 3718 3716 3715
f 3720 3715 3719
f 3720 3710 3715
f 3720 3721 3710
f 3711 3710 3721
f 3722 3723 3715
f 3724 3718 3715
f 3723 3724 3715
f 3725 3722 3715
f 3726 3727 3728
f 3729 3730 3727
f 3726 3715 3727
f 3728 3727 3730
f 3726 3731 3715
f 3725 3715 3731
f 3717 3719 3715
f 3597 3671 3598
f 3671 3597 3670
f 3596 3670 3597
f 3607 3608 3546
f 3548 3547 3609
f 3608 3609 3547
f 3549 3548 3610
f 3550 3549 3611
f 3638 3709 3710
f 3592 3593 3531
f 3593 3594 3532
f 3654 3649 3651
f 3653 3655 3651
f 3655 3656 3657
f 3651 3655 3657
f 3658 3654 3651
f 3659 3585 3660
f 3585 3661 3651
f 3587 3660 3585
f 3659 3661 3585
f 3658 3651 3661
f 3651 3662 3585
f 3646 3638 3645
f 3585 3662 3589
f 3589 3663 3590
f 3664 3590 3663
f 3590 3664 3591
f 3665 3591 3664
f 3591 3665 3592
f 3666 3592 3665
f 3592 3666 3593
f 3667 3593 3666
f 3593 3667 3594
f 3668 3594 3667
f 3594 3668 3595
f 3669 3595 3668
f 3595 3669 3596
f 3670 3596 3669
f 3653 3651 3652
f 3532 3531 3593
f 3650 3652 3651
f 3623 3624 3562
f 3533 3532 3594
f 3534 3533 3595
f 3594 3595 3533
f 3534 3595 3535
f 3596 3535 3595
f 3535 3596 3536
f 3597 3536 3596
f 3536 3597 3537
f 3562 3561 3623
f 3598 3537 3597
f 3599 3538 3598
f 3538 3599 3539
f 3600 3539 3599
f 3600 3601 3539
f 3540 3539 3601
f 3601 3602 3540
f 3541 3540 3602
f 3541 3602 3542
f 3603 3542 3602
f 3542 3603 3543
f 3604 3543 3603
f 3543 3604 3544
f 3605 3544 3604
f 3544 3605 3486
f 3537 3598 3538
f 3622 3623 3561
f 3563 3562 3624
f 3649 3650 3651
f 3663 3589 3662
f 3648 3710 3712
f 3648 3638 3710
f 3625 3624 3699
f 3698 3699 3624
f 3626 3625 3700
f 3699 3700 3625
f 3627 3626 3701
f 3700 3701 3626
f 3628 3627 3702
f 3701 3702 3627
f 3629 3628 3703
f 3702 3703 3628
f 3630 3629 3704
f 3688 3689 3614
f 3615 3614 3689
f 3687 3688 3613
f 3614 3613 3688
f 3598 3672 3599
f 3673 3599 3672
f 3599 3673 3600
f 3600 3673 3674
f 3600 3674 3601
f 3675 3601 3674
f 3601 3675 3602
f 3676 3602 3675
f 3602 3676 3603
f 3677 3603 3676
f 3603 3677 3604
f 3678 3604 3677
f 3697 3698 3623
f 3604 3678 3605
f 3624 3623 3698
f 3623 3622 3697
f 3434 3487 3435
f 3488 3435 3487
f 3435 3488 3436
f 3436 3488 3489
f 3436 3489 3437
f 3490 3437 3489
f 3437 3490 3438
f 3491 3438 3490
f 3438 3491 3439
f 3431 3484 3432
f 3528 3589 3529
f 3529 3589 3590
f 3529 3590 3530
f 3616 3615 3690
f 3689 3690 3615
f 3617 3616 3691
f 3690 3691 3616
f 3618 3617 3692
f 3692 3617 3691
f 3619 3618 3693
f 3692 3693 3618
f 3620 3619 3694
f 3693 3694 3619
f 3621 3620 3695
f 3695 3620 3694
f 3622 3621 3696
f 3695 3696 3621
f 3696 3697 3622
f 3711 3712 3710
f 3679 3605 3678
f 3605 3679 3545
f 3751 3749 3748
f 3749 3751 3742
f 3746 3742 3750
f 3752 3753 3749
f 3747 3749 3753
f 3754 3755 3756
f 3757 3756 3755
f 3758 3754 3756
f 3759 3749 3756
f 3760 3758 3756
f 3757 3759 3756
f 3752 3749 3759
f 3761 3762 3756
f 3762 3760 3756
f 3763 3764 3765
f 3761 3756 3765
f 3727 3735 3734
f 3736 3737 3735
f 3733 3734 3735
f 3732 3729 3727
f 3705 3706 3631
f 3633 3632 3707
f 3706 3707 3632
f 3635 3633 3708
f 3707 3708 3633
f 3709 3638 3635
f 3708 3709 3635
f 3750 3742 3751
f 3703 3704 3629
f 3747 3748 3749
f 3739 3735 3745
f 3607 3606 3680
f 3681 3680 3606
f 3608 3607 3682
f 3680 3682 3607
f 3609 3608 3683
f 3682 3683 3608
f 3610 3609 3684
f 3683 3684 3609
f 3611 3610 3685
f 3684 3685 3610
f 3612 3611 3686
f 3685 3686 3611
f 3613 3612 3687
f 3612 3686 3687
f 3606 3545 3679
f 3671 3672 3598
f 3631 3630 3705
f 3632 3631 3706
f 3737 3733 3735
f 3738 3727 3734
f 3732 3727 3738
f 3739 3736 3735
f 3740 3741 3742
f 3743 3740 3742
f 3735 3744 3745
f 3741 3744 3742
f 3742 3744 3735
f 3746 3743 3742
f 3487 3434 3486
f 3983 3982 4042
f 3646 3639 3638
f 4363 4422 4364
f 4424 4365 4423
f 4364 4423 4365
f 4425 4366 4424
f 4365 4424 4366
f 4366 4425 4367
f 4426 4367 4425
f 4367 4426 4368
f 4427 4368 4426
f 4361 4360 4419
f 4444 4385 4443
f 4378 4319 4377
f 4377 4318 4376
f 4329 4270 4328
f 4270 4329 4271
f 4271 4329 4330
f 4271 4330 4272
f 4331 4272 4330
f 4331 4332 4272
f 4273 4272 4332
f 4332 4333 4273
f 4274 4273 4333
f 4333 4275 4274
f 4216 4274 4275
f 4334 4335 4275
f 4335 4276 4275
f 4335 4336 4276
f 4423 4364 4422
f 4277 4276 4336
f 4362 4421 4363
f 4361 4420 4362
f 4441 4382 4440
f 4382 4441 4383
f 4442 4383 4441
f 4383 4442 4384
f 4384 4442 4443
f 4384 4443 4385
f 4429 4370 4428
f 4369 4428 4370
f 4428 4369 4427
f 4368 4427 4369
f 4354 4353 4413
f 4412 4413 4353
f 4355 4354 4414
f 4413 4414 4354
f 4356 4355 4415
f 4414 4415 4355
f 4357 4356 4416
f 4415 4416 4356
f 4358 4357 4417
f 4416 4417 4357
f 4359 4358 4418
f 4417 4418 4358
f 4360 4359 4419
f 4418 4419 4359
f 4353 4352 4412
f 4420 4361 4419
f 4421 4362 4420
f 4422 4363 4421
f 4381 4440 4382
f 4336 4337 4277
f 4337 4338 4278
f 4320 4261 4319
f 4261 4320 4262
f 4321 4262 4320
f 4262 4321 4263
f 4322 4263 4321
f 4263 4322 4264
f 4323 4264 4322
f 4264 4323 4265
f 4265 4323 4324
f 4265 4324 4266
f 4325 4266 4324
f 4266 4325 4267
f 4326 4267 4325
f 4267 4326 4268
f 4260 4319 4261
f 4318 4377 4319
f 4343 4344 4284
f 4344 4345 4285
f 4363 4304 4362
f 4303 4362 4304
f 4364 4305 4363
f 4304 4363 4305
f 4365 4306 4364
f 4305 4364 4306
f 4366 4307 4365
f 4306 4365 4307
f 4307 4366 4308
f 4319 4260 4318
f 4278 4277 4337
f 4285 4284 4344
f 4318 4259 4317
f 4279 4278 4338
f 4338 4339 4279
f 4280 4279 4339
f 4281 4280 4340
f 4339 4340 4280
f 4282 4281 4341
f 4341 4281 4340
f 4283 4282 4342
f 4341 4342 4282
f 4284 4283 4343
f 4342 4343 4283
f 4269 4328 4270
f 4328 4269 4327
f 4268 4327 4269
f 4327 4268 4326
f 4312 4253 4311
f 4253 4312 4254
f 4313 4254 4312
f 4254 4313 4255
f 4314 4255 4313
f 4255 4314 4256
f 4315 4256 4314
f 4256 4315 4257
f 4316 4257 4315
f 4257 4316 4258
f 4317 4258 4316
f 4258 4317 4259
f 4259 4318 4260
f 3638 3648 3644
f 4440 4381 4439
f 4439 4380 4438
f 4041 4042 3982
f 3984 3983 4043
f 3983 4042 4043
f 4337 4336 4396
f 4396 4397 4337
f 4338 4337 4397
f 4397 4398 4338
f 4339 4338 4398
f 4340 4339 4399
f 4398 4399 4339
f 4341 4340 4400
f 4399 4400 4340
f 4342 4341 4401
f 4400 4401 4341
f 4343 4342 4402
f 4401 4402 4342
f 4344 4343 4403
f 4343 4402 4403
f 4345 4344 4404
f 4344 4403 4404
f 4346 4345 4405
f 4404 4405 4345
f 4347 4346 4406
f 4405 4406 4346
f 4348 4347 4407
f 4406 4407 4347
f 4349 4348 4408
f 3631 3632 3570
f 4408 4348 4407
f 3644 3645 3638
f 3643 3634 3642
f 3564 3563 3625
f 3625 3563 3624
f 3565 3564 3626
f 3625 3626 3564
f 3566 3565 3627
f 3626 3627 3565
f 3567 3566 3628
f 3627 3628 3566
f 3568 3567 3629
f 3628 3629 3567
f 3569 3568 3630
f 3629 3630 3568
f 3570 3569 3631
f 3630 3631 3569
f 3647 3644 3648
f 3571 3570 3632
f 3572 3571 3633
f 3632 3633 3571
f 3634 3572 3635
f 3634 3580 3572
f 3572 3633 3635
f 3636 3637 3638
f 3639 3640 3638
f 3636 3638 3640
f 3637 3641 3638
f 3642 3638 3641
f 3635 3642 3634
f 3642 3635 3638
f 4380 4439 4381
f 4350 4349 4409
f 4351 4350 4410
f 4333 4332 4392
f 4392 4334 4333
f 4275 4333 4334
f 4393 4394 4334
f 4327 4386 4328
f 4319 4378 4320
f 4410 4411 4351
f 4352 4411 4412
f 4370 4429 4371
f 4430 4371 4429
f 4371 4430 4372
f 4372 4430 4431
f 4372 4431 4373
f 4373 4431 4432
f 4373 4432 4374
f 4433 4374 4432
f 4374 4433 4375
f 4434 4375 4433
f 4375 4434 4376
f 4435 4376 4434
f 4376 4435 4377
f 4436 4377 4435
f 4377 4436 4378
f 4437 4378 4436
f 4378 4437 4379
f 4438 4379 4437
f 4379 4438 4380
f 4391 4392 4332
f 4408 4409 4349
f 4332 4331 4391
f 4390 4331 4389
f 4409 4410 4350
f 4395 4396 4336
f 4336 4335 4395
f 4394 4395 4335
f 4335 4334 4394
f 4379 4320 4378
f 4320 4379 4321
f 4380 4321 4379
f 4321 4380 4322
f 4381 4322 4380
f 4322 4381 4323
f 4382 4323 4381
f 4323 4382 4324
f 4383 4324 4382
f 4324 4383 4325
f 4325 4383 4384
f 4325 4384 4326
f 4385 4326 4384
f 4326 4385 4327
f 4352 4351 4411
f 4386 4327 4385
f 4387 4328 4386
f 4328 4387 4329
f 4388 4329 4387
f 4329 4388 4330
f 4389 4330 4388
f 4330 4389 4331
f 4390 4391 4331
f 3433 3486 3434
f 3433 3383 3485
f 3432 3485 3383
f 3910 3851 3909
f 3851 3910 3852
f 3911 3852 3910
f 3852 3911 3853
f 3853 3911 3912
f 3853 3912 3854
f 3913 3854 3912
f 3854 3913 3855
f 3914 3855 3913
f 3855 3914 3856
f 3915 3856 3914
f 3856 3915 3857
f 3916 3857 3915
f 3940 3941 3881
f 3857 3916 3858
f 3858 3917 3859
f 3918 3859 3917
f 3859 3918 3860
f 3919 3860 3918
f 3919 3920 3860
f 3861 3860 3920
f 3920 3863 3861
f 3804 3861 3863
f 3862 3863 3921
f 3922 3921 3863
f 3864 3862 3923
f 3923 3862 3921
f 3850 3909 3851
f 3865 3864 3924
f 3866 3865 3925
f 3867 3866 3926
f 3927 3928 3868
f 3870 3869 3929
f 3928 3929 3869
f 3871 3870 3930
f 3929 3930 3870
f 3872 3871 3931
f 3930 3931 3871
f 3873 3872 3932
f 3931 3932 3872
f 3874 3873 3933
f 3933 3873 3932
f 3875 3874 3934
f 3874 3933 3934
f 3876 3875 3935
f 3934 3935 3875
f 3877 3876 3936
f 3936 3876 3935
f 3878 3877 3937
f 3936 3937 3877
f 3879 3878 3938
f 3937 3938 3878
f 3880 3879 3939
f 3938 3939 3879
f 3881 3880 3940
f 3939 3940 3880
f 3882 3881 3941
f 3925 3926 3866
f 3924 3925 3865
f 3869 3868 3928
f 3924 3864 3923
f 3975 3916 3974
f 3900 3959 3901
f 3959 3900 3958
f 3899 3958 3900
f 3958 3899 3957
f 3943 3883 3942
f 3885 3884 3944
f 3943 3944 3884
f 3886 3885 3945
f 3944 3945 3885
f 3887 3886 3946
f 3946 3886 3945
f 3888 3887 3947
f 3946 3947 3887
f 3889 3888 3948
f 3947 3948 3888
f 3890 3889 3949
f 3948 3949 3889
f 3891 3890 3950
f 3941 3942 3882
f 3949 3950 3890
f 3950 3951 3891
f 3892 3951 3893
f 3952 3893 3951
f 3893 3952 3894
f 3953 3894 3952
f 3894 3953 3895
f 3954 3895 3953
f 3915 3973 3974
f 3858 3916 3917
f 3914 3973 3915
f 3913 3972 3914
f 3883 3882 3942
f 3884 3883 3943
f 3960 3901 3959
f 3901 3960 3902
f 3961 3902 3960
f 3902 3961 3903
f 3962 3903 3961
f 3903 3962 3904
f 3904 3962 3963
f 3904 3963 3905
f 3964 3905 3963
f 3905 3964 3906
f 3965 3906 3964
f 3906 3965 3907
f 3966 3907 3965
f 3907 3966 3908
f 3967 3908 3966
f 3908 3967 3909
f 3967 3968 3909
f 3909 3968 3910
f 3969 3910 3968
f 3910 3969 3911
f 3970 3911 3969
f 3911 3970 3912
f 3971 3912 3970
f 3912 3971 3913
f 3972 3913 3971
f 3972 3973 3914
f 3895 3954 3896
f 3926 3927 3867
f 3915 3974 3916
f 3980 3982 3921
f 3924 3923 3983
f 3982 3983 3923
f 3948 4007 3949
f 3925 3924 3984
f 3926 3925 3985
f 3984 3985 3925
f 3927 3926 3986
f 3985 3986 3926
f 3928 3927 3987
f 3987 3927 3986
f 3929 3928 3988
f 3987 3988 3928
f 3930 3929 3989
f 3989 3929 3988
f 3931 3930 3990
f 3989 3990 3930
f 3932 3931 3991
f 3990 3991 3931
f 3983 3984 3924
f 3976 3917 3975
f 4009 3950 4008
f 4010 3951 4009
f 4027 3968 4026
f 3968 4027 3969
f 4028 3969 4027
f 3969 4028 3970
f 3923 3921 3982
f 4029 3970 4028
f 3981 3980 3922
f 3863 3920 3922
f 3999 4000 3940
f 3942 3941 4001
f 4000 4001 3941
f 3943 3942 4002
f 4001 4002 3942
f 4003 3944 4002
f 3943 4002 3944
f 4004 3945 4003
f 3944 4003 3945
f 4005 3946 4004
f 3945 4004 3946
f 4006 3947 4005
f 3947 3946 4005
f 4007 3948 4006
f 4006 3948 3947
f 4008 3949 4007
f 3933 3992 3993
f 3934 3933 3993
f 3991 3992 3932
f 3933 3932 3992
f 3917 3976 3918
f 3977 3918 3976
f 3977 3978 3918
f 3919 3918 3978
f 3978 3979 3919
f 3920 3919 3979
f 3979 3922 3920
f 3921 3922 3980
f 3868 3867 3927
f 3970 4029 3971
f 3971 4030 3972
f 4013 3954 4012
f 3954 4013 3955
f 4014 3955 4013
f 3955 4014 3956
f 4015 3956 4014
f 3956 4015 3957
f 4016 3957 4015
f 3957 4016 3958
f 3949 4008 3950
f 4017 3958 4016
f 4018 3959 4017
f 3959 4018 3960
f 4019 3960 4018
f 3960 4019 3961
f 4020 3961 4019
f 3961 4020 3962
f 4021 3962 4020
f 3962 4021 3963
f 4022 3963 4021
f 3963 4022 3964
f 3964 4022 4023
f 3964 4023 3965
f 4024 3965 4023
f 3965 4024 3966
f 3958 4017 3959
f 3849 3908 3850
f 3916 3975 3917
f 3953 4012 3954
f 4030 3971 4029
f 4012 3953 4011
f 4011 3952 4010
f 4031 3972 4030
f 3972 4031 3973
f 4032 3973 4031
f 3973 4032 3974
f 4033 3974 4032
f 3974 4033 3975
f 4034 3975 4033
f 3975 4034 3976
f 4035 3976 4034
f 3976 4035 3977
f 3977 4035 4036
f 4036 4037 3977
f 3978 3977 4037
f 4037 4038 3978
f 3979 3978 4038
f 4038 3981 3979
f 3922 3979 3981
f 4039 4040 3981
f 3980 3981 4040
f 3982 3980 4041
f 4041 3980 4040
f 3967 4026 3968
f 3967 4025 4026
f 3966 4025 3967
f 4025 3966 4024
f 3950 4009 3951
f 3951 4010 3952
f 3952 4011 3953
f 3955 3896 3954
f 3896 3955 3897
f 3956 3897 3955
f 3422 3421 3475
f 3461 3462 3412
f 3412 3411 3461
f 3461 3411 3460
f 3410 3460 3411
f 3395 3445 3396
f 3396 3445 3446
f 3396 3446 3397
f 3447 3397 3446
f 3397 3447 3398
f 3447 3448 3398
f 3398 3448 3399
f 3449 3399 3448
f 3399 3449 3400
f 3450 3400 3449
f 3400 3450 3401
f 3451 3401 3450
f 3401 3451 3402
f 3452 3402 3451
f 3475 3421 3474
f 3402 3452 3403
f 3403 3453 3404
f 3454 3404 3453
f 3404 3454 3405
f 3455 3405 3454
f 3405 3455 3406
f 3456 3406 3455
f 3473 3474 3420
f 3406 3456 3407
f 3421 3420 3474
f 3420 3419 3473
f 3501 3500 3560
f 3559 3560 3500
f 3502 3501 3561
f 3560 3561 3501
f 3503 3502 3562
f 3561 3562 3502
f 3504 3503 3563
f 3563 3503 3562
f 3505 3504 3564
f 3563 3564 3504
f 3506 3505 3565
f 3499 3498 3558
f 3589 3528 3585
f 3457 3456 3510
f 3456 3455 3509
f 3463 3464 3461
f 3462 3465 3412
f 3464 3462 3461
f 3466 3412 3465
f 3466 3467 3412
f 3467 3413 3412
f 3417 3416 3470
f 3469 3470 3416
f 3418 3417 3471
f 3470 3471 3417
f 3471 3472 3418
f 3419 3418 3472
f 3472 3473 3419
f 3558 3559 3499
f 3457 3407 3456
f 3458 3408 3457
f 3452 3505 3453
f 3506 3453 3505
f 3454 3453 3507
f 3506 3507 3453
f 3455 3454 3508
f 3507 3508 3454
f 3440 3493 3441
f 3493 3440 3492
f 3439 3492 3440
f 3492 3439 3491
f 3476 3477 3423
f 3425 3424 3478
f 3478 3424 3477
f 3426 3425 3479
f 3478 3479 3425
f 3427 3426 3480
f 3480 3426 3479
f 3428 3427 3481
f 3480 3481 3427
f 3429 3428 3482
f 3428 3481 3482
f 3430 3429 3483
f 3483 3429 3482
f 3430 3483 3431
f 3475 3476 3422
f 3484 3431 3483
f 3484 3485 3432
f 3505 3452 3504
f 3407 3457 3408
f 3451 3504 3452
f 3450 3503 3451
f 3408 3458 3409
f 3459 3409 3458
f 3409 3459 3410
f 3460 3410 3459
f 3403 3452 3453
f 3509 3455 3508
f 3423 3422 3476
f 3424 3423 3477
f 3494 3441 3493
f 3441 3494 3442
f 3495 3442 3494
f 3496 3443 3495
f 3442 3495 3443
f 3497 3444 3496
f 3443 3496 3444
f 3498 3445 3497
f 3497 3445 3444
f 3445 3498 3446
f 3498 3499 3446
f 3446 3499 3447
f 3500 3447 3499
f 3447 3500 3448
f 3501 3448 3500
f 3448 3501 3449
f 3449 3501 3502
f 3449 3502 3450
f 3450 3502 3503
f 3504 3451 3503
f 3500 3499 3559
f 3558 3498 3557
f 3556 3557 3497
f 3486 3545 3487
f 3546 3487 3545
f 3487 3546 3488
f 3547 3488 3546
f 3488 3547 3489
f 3532 3533 3473
f 3474 3473 3533
f 3473 3472 3532
f 3531 3532 3472
f 3458 3457 3511
f 3510 3511 3457
f 3459 3458 3512
f 3511 3512 3458
f 3460 3459 3513
f 3512 3513 3459
f 3461 3460 3513
f 3514 3461 3513
f 3515 3514 3513
f 3516 3517 3461
f 3518 3463 3461
f 3519 3518 3461
f 3517 3519 3461
f 3514 3520 3461
f 3489 3547 3548
f 3516 3461 3520
f 3522 3523 3524
f 3521 3525 3468
f 3544 3486 3433
f 3522 3524 3468
f 3485 3544 3433
f 3484 3543 3485
f 3897 3956 3898
f 3957 3898 3956
f 3898 3957 3899
f 3892 3891 3951
f 3767 3768 3765
f 3761 3765 3766
f 3766 3765 3764
f 3475 3474 3534
f 3474 3533 3534
f 3476 3475 3535
f 3534 3535 3475
f 3477 3476 3536
f 3535 3536 3476
f 3478 3477 3537
f 3477 3536 3537
f 3479 3478 3538
f 3537 3538 3478
f 3480 3479 3539
f 3539 3479 3538
f 3481 3480 3540
f 3539 3540 3480
f 3540 3541 3481
f 3482 3481 3541
f 3541 3542 3482
f 3483 3482 3542
f 3483 3542 3484
f 3543 3484 3542
f 3544 3485 3543
f 3522 3468 3525
f 3526 3527 3524
f 3523 3526 3524
f 3527 3582 3524
f 3583 3524 3582
f 3524 3584 3585
f 3586 3587 3585
f 3583 3584 3524
f 3588 3586 3585
f 3588 3585 3584
f 3528 3524 3585
f 3508 3507 3567
f 3565 3566 3506
f 3507 3506 3566
f 3565 3505 3564
f 3549 3550 3490
f 3492 3491 3551
f 3551 3491 3550
f 3493 3492 3552
f 3551 3552 3492
f 3494 3493 3553
f 3552 3553 3493
f 3495 3494 3554
f 3553 3554 3494
f 3496 3495 3555
f 3554 3555 3495
f 3497 3496 3556
f 3556 3496 3555
f 3498 3497 3557
f 3549 3490 3548
f 3573 3572 3581
f 3573 3513 3572
f 3580 3581 3572
f 3579 3513 3575
f 3469 3468 3528
f 3468 3524 3528
f 3470 3469 3529
f 3528 3529 3469
f 3529 3530 3470
f 3470 3530 3471
f 3530 3531 3471
f 3531 3472 3471
f 3509 3510 3456
f 3489 3548 3490
f 3491 3490 3550
f 3566 3567 3507
f 3509 3508 3568
f 4308 4366 4367
f 3508 3567 3568
f 3568 3569 3509
f 3511 3510 3570
f 3569 3570 3510
f 3512 3511 3571
f 3570 3571 3511
f 3572 3513 3512
f 3571 3572 3512
f 3573 3574 3513
f 3575 3513 3574
f 3576 3577 3513
f 3578 3576 3513
f 3515 3513 3577
f 3579 3578 3513
f 3510 3509 3569
f 4308 4367 4309
f 4368 4309 4367
f 4309 4368 4310
f 4200 4258 4259
f 4200 4259 4201
f 4193 4252 4194
f 4245 4186 4244
f 4218 4217 4277
f 4278 4219 4218
f 4237 4236 4296
f 4295 4296 4236
f 4238 4237 4297
f 4296 4297 4237
f 4239 4238 4298
f 4297 4298 4238
f 4240 4239 4299
f 4298 4299 4239
f 4241 4240 4300
f 4299 4300 4240
f 4301 4242 4300
f 4300 4242 4241
f 4302 4243 4301
f 4242 4301 4243
f 4303 4244 4302
f 4243 4302 4244
f 4304 4245 4303
f 4244 4303 4245
f 4305 4246 4304
f 4245 4304 4246
f 4306 4247 4305
f 4199 4258 4200
f 4246 4305 4247
f 4258 4199 4257
f 4257 4198 4256
f 4261 4202 4260
f 4201 4260 4202
f 4260 4201 4259
f 4185 4244 4186
f 4246 4187 4245
f 4187 4186 4245
f 4247 4188 4246
f 4187 4246 4188
f 4248 4189 4247
f 4188 4247 4189
f 4189 4248 4190
f 4190 4248 4249
f 4190 4249 4191
f 4250 4191 4249
f 4191 4250 4192
f 4251 4192 4250
f 4192 4251 4193
f 4276 4277 4217
f 4252 4193 4251
f 4253 4194 4252
f 4194 4253 4195
f 4254 4195 4253
f 4195 4254 4196
f 4196 4254 4255
f 4196 4255 4197
f 4256 4197 4255
f 4197 4256 4198
f 4198 4257 4199
f 4202 4261 4203
f 4307 4248 4306
f 4248 4307 4249
f 4289 4290 4230
f 4232 4231 4291
f 4290 4291 4231
f 4233 4232 4292
f 4291 4292 4232
f 4234 4233 4293
f 4292 4293 4233
f 4285 4286 4226
f 4184 4243 4185
f 4244 4185 4243
f 4183 4242 4184
f 4135 4194 4136
f 4195 4136 4194
f 4136 4195 4137
f 4137 4195 4196
f 4137 4196 4138
f 4197 4138 4196
f 4138 4197 4139
f 4198 4139 4197
f 4139 4198 4140
f 4199 4140 4198
f 4140 4199 4141
f 4200 4141 4199
f 4141 4200 4142
f 4201 4142 4200
f 4142 4201 4143
f 4143 4201 4202
f 4231 4230 4290
f 4247 4306 4248
f 4229 4288 4289
f 4287 4288 4228
f 4308 4249 4307
f 4249 4308 4250
f 4309 4250 4308
f 4250 4309 4251
f 4294 4295 4235
f 4236 4235 4295
f 4293 4294 4234
f 4235 4234 4294
f 4278 4279 4219
f 4220 4219 4279
f 4279 4280 4220
f 4221 4220 4280
f 4222 4221 4281
f 4280 4281 4221
f 4223 4222 4282
f 4281 4282 4222
f 4224 4223 4283
f 4282 4283 4223
f 4225 4224 4284
f 4284 4224 4283
f 4226 4225 4285
f 4284 4285 4225
f 4277 4278 4218
f 4227 4226 4286
f 4228 4227 4287
f 4286 4287 4227
f 4229 4228 4288
f 4230 4229 4289
f 4143 4202 4144
f 4217 4216 4276
f 4157 4215 4216
f 4037 4036 4096
f 4096 4097 4037
f 4038 4037 4097
f 4097 4039 4038
f 3981 4038 4039
f 4098 4099 4039
f 4039 4099 4040
f 4041 4040 4100
f 4099 4100 4040
f 4042 4041 4101
f 4100 4101 4041
f 4043 4042 4102
f 4101 4102 4042
f 4044 4043 4103
f 4102 4103 4043
f 4045 4044 4104
f 4103 4104 4044
f 4046 4045 4105
f 4104 4105 4045
f 4047 4046 4106
f 4105 4106 4046
f 4048 4047 4107
f 4106 4107 4047
f 4049 4048 4108
f 4108 4048 4107
f 4034 4093 4035
f 4092 4093 4034
f 4095 4096 4036
f 4033 4092 4034
f 4095 4036 4094
f 4094 4035 4093
f 4046 4047 3987
f 3989 3988 4048
f 4047 4048 3988
f 3990 3989 4049
f 4048 4049 3989
f 3991 3990 4050
f 4049 4050 3990
f 4075 4016 4074
f 3992 3991 4051
f 3993 3992 4052
f 4051 4052 3992
f 3994 3993 4053
f 3993 4052 4053
f 3995 3994 4054
f 4053 4054 3994
f 3996 3995 4055
f 4054 4055 3995
f 3997 3996 4056
f 4055 4056 3996
f 3998 3997 4057
f 4057 3997 4056
f 3999 3998 4058
f 4058 3998 4057
f 4050 4051 3991
f 4108 4109 4049
f 4016 4075 4017
f 4017 4076 4018
f 4035 4094 4036
f 4275 4276 4216
f 4092 4033 4091
f 4018 4077 4019
f 4176 4177 4117
f 4262 4203 4261
f 4203 4262 4204
f 4263 4204 4262
f 4204 4263 4205
f 4264 4205 4263
f 4205 4264 4206
f 4265 4206 4264
f 4206 4265 4207
f 4266 4207 4265
f 4207 4266 4208
f 4208 4266 4267
f 4208 4267 4209
f 4268 4209 4267
f 4209 4268 4210
f 4269 4210 4268
f 4210 4269 4211
f 4270 4211 4269
f 4211 4270 4212
f 4271 4212 4270
f 4212 4271 4213
f 4271 4272 4213
f 4272 4273 4213
f 4214 4213 4273
f 4273 4274 4214
f 4215 4214 4274
f 4274 4216 4215
f 4118 4117 4177
f 4077 4018 4076
f 4175 4176 4116
f 4032 4091 4033
f 4078 4019 4077
f 4019 4078 4020
f 4079 4020 4078
f 4020 4079 4021
f 4080 4021 4079
f 4021 4080 4022
f 4081 4022 4080
f 4022 4081 4023
f 4082 4023 4081
f 4023 4082 4024
f 4083 4024 4082
f 4024 4083 4025
f 4076 4017 4075
f 4084 4025 4083
f 4084 4085 4026
f 4026 4085 4027
f 4086 4027 4085
f 4027 4086 4028
f 4087 4028 4086
f 4028 4087 4029
f 4088 4029 4087
f 4029 4088 4030
f 4089 4030 4088
f 4030 4089 4031
f 4090 4031 4089
f 4031 4090 4032
f 4032 4090 4091
f 4025 4084 4026
f 4203 4144 4202
f 4144 4203 4145
f 4204 4145 4203
f 3015 2980 3014
f 2980 3015 2981
f 2981 3015 3016
f 2981 3016 2982
f 3017 2982 3016
f 2982 3017 2983
f 3043 3008 3042
f 3018 2983 3017
f 3019 2984 3018
f 2984 3019 2950
f 2950 3019 2985
f 2985 3020 2986
f 3021 2986 3020
f 2986 3021 2987
f 3022 2987 3021
f 3023 2988 3022
f 2987 3022 2988
f 3024 2989 3023
f 2988 3023 2989
f 3025 2990 3024
f 2989 3024 2990
f 3026 2991 3025
f 2983 3018 2984
f 3010 3011 2975
f 3007 3042 3008
f 3046 3047 3009
f 3010 3009 3047
f 2979 3014 2980
f 3047 3048 3010
f 3013 3014 2979
f 3013 2978 3012
f 2997 3032 2998
f 3034 2999 3033
f 2998 3033 2999
f 3035 3000 3034
f 2999 3034 3000
f 3036 3001 3035
f 3000 3035 3001
f 3037 3002 3036
f 3001 3036 3002
f 3038 3003 3037
f 3002 3037 3003
f 3039 3004 3038
f 3038 3004 3003
f 3040 3005 3039
f 3004 3039 3005
f 3041 3006 3040
f 3005 3040 3006
f 3042 3007 3041
f 3006 3041 3007
f 3028 2993 3027
f 2991 3026 2992
f 3027 2992 3026
f 2990 3025 2991
f 2976 2975 3011
f 2976 3011 2977
f 3012 2977 3011
f 2977 3012 2978
f 2978 3013 2979
f 3033 2998 3032
f 3011 3010 3048
f 3049 3012 3011
f 2997 2962 2996
f 2961 2996 2962
f 2998 2963 2997
f 2962 2997 2963
f 2999 2964 2998
f 2984 2949 2983
f 2948 2983 2949
f 2983 2948 2982
f 2947 2982 2948
f 2963 2998 2964
f 2939 2974 2940
f 2940 2975 2941
f 2976 2941 2975
f 2941 2976 2942
f 2977 2942 2976
f 2942 2977 2943
f 2978 2943 2977
f 2943 2978 2944
f 2979 2944 2978
f 2944 2979 2945
f 2980 2945 2979
f 2945 2980 2946
f 2946 2980 2981
f 2946 2981 2947
f 2982 2947 2981
f 2975 2940 2974
f 3009 3010 2974
f 2960 2995 2961
f 3048 3049 3011
f 2996 2961 2995
f 2995 2960 2994
f 3049 3050 3012
f 3013 3012 3050
f 3013 3050 3014
f 3051 3014 3050
f 3014 3051 3015
f 3052 3015 3051
f 2974 3010 2975
f 2949 2984 2915
f 2915 2984 2950
f 2950 2985 2951
f 2985 2986 2951
f 2951 2986 2952
f 2986 2987 2952
f 2988 2953 2987
f 2952 2987 2953
f 2989 2954 2988
f 2953 2988 2954
f 2990 2955 2989
f 2954 2989 2955
f 2991 2956 2990
f 2955 2990 2956
f 2992 2957 2991
f 2956 2991 2957
f 2993 2958 2992
f 2957 2992 2958
f 2994 2959 2993
f 2993 2959 2958
f 2959 2994 2960
f 2997 2996 3031
f 3032 2997 3031
f 2995 3030 2996
f 4187 4128 4186
f 4127 4186 4128
f 4188 4129 4187
f 4187 4129 4128
f 4189 4130 4188
f 4129 4188 4130
f 4130 4189 4131
f 4190 4131 4189
f 4131 4190 4132
f 4191 4132 4190
f 4132 4191 4133
f 4192 4133 4191
f 4125 4184 4126
f 4150 4209 4151
f 4151 4209 4210
f 4151 4210 4152
f 4227 4228 4168
f 4170 4169 4229
f 4169 4228 4229
f 4171 4170 4230
f 4229 4230 4170
f 4172 4171 4231
f 4171 4230 4231
f 4173 4172 4232
f 4231 4232 4172
f 4174 4173 4233
f 4232 4233 4173
f 4126 4185 4127
f 4175 4174 4234
f 4186 4127 4185
f 4209 4150 4208
f 4145 4204 4146
f 4205 4146 4204
f 4146 4205 4147
f 4205 4206 4147
f 4147 4206 4148
f 4207 4148 4206
f 4148 4207 4149
f 4208 4149 4207
f 4149 4208 4150
f 4194 4135 4193
f 4134 4193 4135
f 4193 4134 4192
f 4133 4192 4134
f 4119 4118 4178
f 4177 4178 4118
f 4120 4119 4179
f 4178 4179 4119
f 4121 4120 4180
f 4179 4180 4120
f 4181 4122 4180
f 4121 4180 4122
f 4182 4123 4181
f 4122 4181 4123
f 4183 4124 4182
f 4123 4182 4124
f 4184 4125 4183
f 4124 4183 4125
f 4185 4126 4184
f 4233 4234 4174
f 4176 4175 4235
f 4169 4168 4228
f 4217 4218 4158
f 4168 4167 4227
f 4159 4158 4218
f 4159 4219 4160
f 4219 4220 4160
f 4220 4161 4160
f 4220 4221 4161
f 4162 4161 4221
f 4163 4162 4222
f 4222 4162 4221
f 4164 4163 4223
f 4222 4223 4163
f 4165 4164 4224
f 4223 4224 4164
f 4166 4165 4225
f 4165 4224 4225
f 4167 4166 4226
f 4218 4219 4159
f 3394 3444 3395
f 3444 3394 3443
f 3393 3443 3394
f 2992 3027 2993
f 3029 2994 3028
f 2993 3028 2994
f 3030 2995 3029
f 2994 3029 2995
f 3031 2996 3030
f 4158 4157 4217
f 4216 4217 4157
f 4157 4098 4156
f 4215 4157 4156
f 4175 4234 4235
f 4235 4236 4176
f 4178 4177 4237
f 4236 4237 4177
f 4179 4178 4238
f 4237 4238 4178
f 4180 4179 4239
f 4238 4239 4179
f 4181 4180 4240
f 4180 4239 4240
f 4241 4182 4240
f 4181 4240 4182
f 4242 4183 4241
f 3988 3987 4047
f 4182 4241 4183
f 4177 4176 4236
f 4251 4310 4252
f 4226 4227 4167
f 4225 4226 4166
f 4211 4152 4210
f 4152 4211 4153
f 4211 4212 4153
f 4153 4212 4154
f 4213 4154 4212
f 4213 4214 4154
f 4155 4154 4214
f 4214 4215 4155
f 4156 4155 4215
f 4243 4184 4242
f 5818 5759 5817
f 4045 4046 3986
f 4045 3985 4044
f 4488 4547 4489
f 4548 4489 4547
f 4489 4548 4490
f 4549 4490 4548
f 4490 4549 4491
f 4550 4491 4549
f 4491 4550 4492
f 4551 4492 4550
f 4492 4551 4493
f 4493 4551 4552
f 4493 4552 4494
f 4552 4553 4494
f 4494 4553 4495
f 4546 4487 4545
f 4554 4495 4553
f 4555 4496 4554
f 4496 4555 4497
f 4556 4497 4555
f 4497 4556 4498
f 4557 4498 4556
f 4498 4557 4499
f 4499 4557 4558
f 4499 4558 4500
f 4559 4500 4558
f 4500 4559 4501
f 4501 4559 4560
f 4501 4560 4502
f 4547 4488 4546
f 4561 4502 4560
f 4562 4503 4561
f 4563 4504 4562
f 4506 4565 4507
f 4566 4507 4565
f 4507 4566 4508
f 4567 4508 4566
f 4567 4568 4508
f 4509 4508 4568
f 4568 4569 4509
f 4510 4509 4569
f 4569 4511 4510
f 4452 4510 4511
f 4570 4571 4511
f 4512 4511 4571
f 4571 4572 4512
f 4513 4512 4572
f 4572 4573 4513
f 4514 4513 4573
f 4573 4574 4514
f 4514 4574 4515
f 4516 4515 4575
f 4574 4575 4515
f 4517 4516 4576
f 4575 4576 4516
f 4518 4517 4577
f 4576 4577 4517
f 4519 4518 4578
f 4577 4578 4518
f 4504 4563 4505
f 4503 4562 4504
f 4565 4506 4564
f 4502 4561 4503
f 4512 4513 4453
f 4404 4403 4463
f 4461 4462 4402
f 4403 4402 4462
f 4460 4461 4401
f 4446 4387 4445
f 4387 4446 4388
f 4447 4388 4446
f 4388 4447 4389
f 4448 4389 4447
f 4389 4448 4390
f 4449 4390 4448
f 4449 4450 4390
f 4391 4390 4450
f 4450 4451 4391
f 4451 4392 4391
f 4451 4393 4392
f 4334 4392 4393
f 4452 4453 4393
f 4419 4418 4478
f 4394 4393 4453
f 4395 4394 4454
f 4454 4455 4395
f 4395 4455 4396
f 4455 4456 4396
f 4397 4396 4456
f 4398 4397 4457
f 4456 4457 4397
f 4476 4477 4417
f 4495 4554 4496
f 4418 4417 4477
f 4417 4416 4476
f 4453 4452 4512
f 4511 4512 4452
f 4462 4463 4403
f 4405 4404 4464
f 4463 4464 4404
f 4406 4405 4465
f 4464 4465 4405
f 4407 4406 4466
f 4465 4466 4406
f 4408 4407 4467
f 4466 4467 4407
f 4409 4408 4468
f 4467 4468 4408
f 4410 4409 4469
f 4468 4469 4409
f 4411 4410 4470
f 4469 4470 4410
f 4412 4411 4471
f 4470 4471 4411
f 4413 4412 4472
f 4471 4472 4412
f 4414 4413 4473
f 4472 4473 4413
f 4415 4414 4474
f 4473 4474 4414
f 4416 4415 4475
f 4474 4475 4415
f 4475 4476 4416
f 4399 4398 4458
f 4505 4564 4506
f 4487 4546 4488
f 4350 4351 4291
f 4293 4292 4352
f 4351 4352 4292
f 4286 4285 4345
f 4294 4293 4353
f 4295 4294 4354
f 4354 4294 4353
f 4296 4295 4355
f 4295 4354 4355
f 4297 4296 4356
f 4355 4356 4296
f 4298 4297 4357
f 4356 4357 4297
f 4299 4298 4358
f 4298 4357 4358
f 4300 4299 4359
f 4358 4359 4299
f 4301 4300 4360
f 4359 4360 4300
f 4352 4353 4293
f 4385 4444 4386
f 4445 4386 4444
f 4386 4445 4387
f 4472 4471 4531
f 4531 4471 4530
f 4473 4472 4532
f 4532 4472 4531
f 4292 4291 4351
f 4474 4473 4533
f 4349 4350 4290
f 4289 4348 4349
f 4369 4310 4368
f 4310 4369 4311
f 4311 4369 4370
f 4311 4370 4312
f 4371 4312 4370
f 4312 4371 4313
f 4372 4313 4371
f 4313 4372 4314
f 4373 4314 4372
f 4314 4373 4315
f 4374 4315 4373
f 4315 4374 4316
f 4375 4316 4374
f 4316 4375 4317
f 4376 4317 4375
f 4317 4376 4318
f 4302 4361 4303
f 4362 4303 4361
f 4301 4360 4302
f 4361 4302 4360
f 4287 4286 4346
f 4346 4286 4345
f 4288 4287 4347
f 4346 4347 4287
f 4289 4288 4348
f 4347 4348 4288
f 4290 4289 4349
f 4291 4290 4350
f 4564 4505 4563
f 4532 4533 4473
f 4533 4534 4474
f 4458 4457 4517
f 4516 4517 4457
f 4459 4458 4518
f 4517 4518 4458
f 4460 4459 4519
f 4519 4459 4518
f 4461 4460 4520
f 4519 4520 4460
f 4545 4486 4544
f 4462 4461 4521
f 4463 4462 4522
f 4521 4522 4462
f 4464 4463 4523
f 4522 4523 4463
f 4465 4464 4524
f 4524 4464 4523
f 4466 4465 4525
f 4525 4465 4524
f 4467 4466 4526
f 4525 4526 4466
f 4468 4467 4527
f 4526 4527 4467
f 4469 4468 4528
f 4527 4528 4468
f 4520 4521 4461
f 4454 4453 4513
f 4486 4545 4487
f 4456 4515 4516
f 4475 4474 4534
f 4457 4456 4516
f 4514 4515 4455
f 4476 4475 4535
f 4534 4535 4475
f 4477 4476 4536
f 4535 4536 4476
f 4478 4477 4537
f 4537 4477 4536
f 4538 4479 4537
f 4478 4537 4479
f 4539 4480 4538
f 4479 4538 4480
f 4540 4481 4539
f 4480 4539 4481
f 4541 4482 4540
f 4481 4540 4482
f 4542 4483 4541
f 4482 4541 4483
f 4543 4484 4542
f 4483 4542 4484
f 4544 4485 4543
f 4484 4543 4485
f 4485 4544 4486
f 4470 4529 4530
f 4471 4470 4530
f 4528 4529 4469
f 4470 4469 4529
f 4513 4514 4454
f 4455 4454 4514
f 4456 4455 4515
f 4457 4458 4398
f 4400 4399 4459
f 4458 4459 4399
f 4167 4168 4108
f 4110 4109 4169
f 4168 4169 4109
f 4111 4110 4170
f 4169 4170 4110
f 4112 4111 4171
f 4171 4111 4170
f 4113 4112 4172
f 4171 4172 4112
f 4114 4113 4173
f 4172 4173 4113
f 4115 4114 4174
f 4173 4174 4114
f 4116 4115 4175
f 4174 4175 4115
f 4160 4161 4101
f 4100 4159 4160
f 4101 4100 4160
f 4158 4159 4099
f 4144 4085 4143
f 4085 4144 4086
f 4145 4086 4144
f 4086 4145 4087
f 4087 4145 4146
f 4087 4146 4088
f 4147 4088 4146
f 4088 4147 4089
f 4109 4108 4168
f 4148 4089 4147
f 4107 4166 4167
f 4165 4166 4106
f 4118 4119 4059
f 4061 4060 4120
f 4119 4120 4060
f 4121 4062 4120
f 4061 4120 4062
f 4122 4063 4121
f 4062 4121 4063
f 4123 4064 4122
f 4063 4122 4064
f 4124 4065 4123
f 4064 4123 4065
f 4125 4066 4124
f 4065 4124 4066
f 4117 4118 4058
f 4050 4109 4110
f 4083 4142 4084
f 4084 4143 4085
f 4161 4102 4101
f 4161 4162 4102
f 4103 4102 4162
f 4104 4103 4163
f 4163 4103 4162
f 4105 4104 4164
f 4104 4163 4164
f 4106 4105 4165
f 4164 4165 4105
f 4107 4106 4166
f 4108 4107 4167
f 4060 4059 4119
f 4089 4148 4090
f 4090 4149 4091
f 4005 4064 4006
f 4066 4007 4065
f 4006 4065 4007
f 4067 4008 4066
f 4008 4007 4066
f 4068 4009 4067
f 4008 4067 4009
f 4069 4010 4068
f 4009 4068 4010
f 4070 4011 4069
f 4011 4010 4069
f 4011 4070 4012
f 4070 4071 4012
f 4012 4071 4013
f 4072 4013 4071
f 4013 4072 4014
f 4014 4072 4073
f 4014 4073 4015
f 4074 4015 4073
f 4015 4074 4016
f 4059 4060 4000
f 4001 4000 4060
f 4058 4059 3999
f 4000 3999 4059
f 3985 3984 4044
f 4043 4044 3984
f 3986 3985 4045
f 4065 4006 4064
f 4090 4148 4149
f 4004 4063 4005
f 4003 4062 4004
f 4150 4091 4149
f 4091 4150 4092
f 4143 4084 4142
f 4151 4092 4150
f 4093 4151 4152
f 4093 4152 4094
f 4152 4153 4094
f 4094 4153 4095
f 4154 4095 4153
f 4154 4155 4095
f 4155 4096 4095
f 4155 4156 4096
f 4156 4097 4096
f 4156 4098 4097
f 4039 4097 4098
f 4157 4158 4098
f 4099 4098 4158
f 4100 4099 4159
f 4092 4151 4093
f 4117 4116 4176
f 4051 4050 4110
f 4050 4049 4109
f 4061 4002 4060
f 4001 4060 4002
f 4062 4003 4061
f 4002 4061 4003
f 4063 4004 4062
f 4064 4005 4063
f 4059 4058 4118
f 4142 4083 4141
f 4116 4117 4057
f 4508 4509 4449
f 4450 4449 4509
f 4509 4510 4450
f 4451 4450 4510
f 4510 4452 4451
f 4393 4451 4452
f 4504 4445 4503
f 4252 4311 4253
f 4436 4495 4437
f 4435 4494 4436
f 4480 4421 4479
f 4479 4421 4420
f 4481 4422 4480
f 4421 4480 4422
f 4482 4423 4481
f 4481 4423 4422
f 4483 4424 4482
f 4423 4482 4424
f 4484 4425 4483
f 4424 4483 4425
f 4485 4426 4484
f 4425 4484 4426
f 4426 4485 4427
f 4486 4427 4485
f 4495 4436 4494
f 4427 4486 4428
f 4428 4487 4429
f 4508 4449 4507
f 4488 4429 4487
f 4448 4507 4449
f 4447 4506 4448
f 4401 4400 4460
f 4459 4460 4400
f 4402 4401 4461
f 4453 4454 4394
f 4477 4478 4418
f 4479 4420 4478
f 4419 4478 4420
f 4437 4496 4438
f 4497 4438 4496
f 4438 4497 4439
f 4498 4439 4497
f 4439 4498 4440
f 4498 4499 4440
f 4440 4499 4441
f 4441 4499 4500
f 4441 4500 4442
f 4501 4442 4500
f 4442 4501 4443
f 4502 4443 4501
f 4443 4502 4444
f 4503 4444 4502
f 4496 4437 4495
f 4444 4503 4445
f 4445 4504 4446
f 4505 4446 4504
f 4446 4505 4447
f 4506 4447 4505
f 4507 4448 4506
f 4429 4488 4430
f 4489 4430 4488
f 4430 4489 4431
f 4137 4078 4136
f 4078 4137 4079
f 4138 4079 4137
f 4079 4138 4080
f 4139 4080 4138
f 4080 4139 4081
f 4140 4081 4139
f 4081 4140 4082
f 4141 4082 4140
f 4082 4141 4083
f 4067 4126 4068
f 4127 4068 4126
f 4125 4067 4066
f 4126 4067 4125
f 4052 4051 4111
f 4110 4111 4051
f 4053 4052 4112
f 4111 4112 4052
f 4054 4053 4113
f 4112 4113 4053
f 4055 4054 4114
f 4113 4114 4054
f 4056 4055 4115
f 4115 4055 4114
f 4057 4056 4116
f 4115 4116 4056
f 4058 4057 4117
f 4077 4136 4078
f 4136 4077 4135
f 4076 4135 4077
f 4135 4076 4134
f 4431 4489 4490
f 4431 4490 4432
f 4432 4490 4491
f 4432 4491 4433
f 4492 4433 4491
f 4433 4492 4434
f 4493 4434 4492
f 4434 4493 4435
f 4494 4435 4493
f 4487 4428 4486
f 3445 3395 3444
f 4311 4252 4310
f 4310 4251 4309
f 3987 3986 4046
f 4128 4069 4127
f 4129 4070 4128
f 4069 4128 4070
f 4070 4129 4071
f 4130 4071 4129
f 4071 4130 4072
f 4131 4072 4130
f 4072 4131 4073
f 4132 4073 4131
f 4073 4132 4074
f 4133 4074 4132
f 4074 4133 4075
f 4134 4075 4133
f 4075 4134 4076
f 4127 4069 4068
f 5759 5818 5760
f 5760 5818 5819
f 5820 5761 5819
f 5629 5630 5570
f 5571 5570 5630
f 5630 5631 5571
f 5572 5571 5631
f 5631 5573 5572
f 5572 5573 5514
f 5632 5633 5573
f 5574 5573 5633
f 5633 5634 5574
f 5574 5634 5575
f 5634 5635 5575
f 5576 5575 5635
f 5576 5635 5577
f 5628 5629 5569
f 5587 5528 5586
f 5527 5526 5585
f 5586 5527 5585
f 5536 5478 5477
f 5538 5479 5537
f 5478 5537 5479
f 5539 5480 5538
f 5479 5538 5480
f 5540 5481 5539
f 5480 5539 5481
f 5541 5482 5540
f 5481 5540 5482
f 5542 5483 5541
f 5570 5569 5629
f 5482 5541 5483
f 5628 5569 5568
f 5627 5628 5568
f 5648 5589 5647
f 5588 5647 5589
f 5649 5590 5648
f 5648 5590 5589
f 5650 5591 5649
f 5590 5649 5591
f 5651 5592 5650
f 5592 5591 5650
f 5652 5593 5651
f 5651 5593 5592
f 5578 5637 5579
f 5637 5578 5636
f 5577 5636 5578
f 5636 5577 5635
f 5562 5561 5621
f 5621 5622 5562
f 5563 5562 5622
f 5622 5623 5563
f 5564 5563 5623
f 5623 5624 5564
f 5565 5564 5624
f 5624 5625 5565
f 5566 5565 5625
f 5625 5626 5566
f 5567 5566 5626
f 5626 5627 5567
f 5568 5567 5627
f 5561 5560 5620
f 5587 5646 5588
f 5543 5484 5542
f 5544 5485 5543
f 5466 5525 5467
f 5527 5468 5526
f 5552 5493 5551
f 5467 5526 5468
f 5468 5527 5469
f 5529 5470 5528
f 5469 5528 5470
f 5530 5471 5529
f 5529 5471 5470
f 5531 5472 5530
f 5471 5530 5472
f 5532 5473 5531
f 5531 5473 5472
f 5533 5474 5532
f 5532 5474 5473
f 5534 5475 5533
f 5533 5475 5474
f 5535 5476 5534
f 5528 5469 5527
f 5492 5551 5493
f 5553 5494 5552
f 5493 5552 5494
f 5570 5571 5511
f 5512 5511 5571
f 5571 5572 5512
f 5513 5512 5572
f 5572 5514 5513
f 5526 5467 5525
f 5484 5483 5542
f 5465 5524 5466
f 5464 5523 5465
f 5543 5485 5484
f 5545 5486 5544
f 5485 5544 5486
f 5546 5487 5545
f 5486 5545 5487
f 5547 5488 5546
f 5487 5546 5488
f 5548 5489 5547
f 5488 5547 5489
f 5549 5490 5548
f 5489 5548 5490
f 5550 5491 5549
f 5549 5491 5490
f 5551 5492 5550
f 5491 5550 5492
f 5537 5478 5536
f 5476 5535 5477
f 5536 5477 5535
f 5475 5534 5476
f 5461 5460 5520
f 5461 5520 5462
f 5462 5520 5521
f 5462 5521 5463
f 5522 5463 5521
f 5463 5522 5464
f 5523 5464 5522
f 5524 5465 5523
f 5525 5466 5524
f 5455 5513 5514
f 5647 5588 5646
f 5646 5587 5645
f 5432 5374 5373
f 5434 5375 5433
f 5374 5433 5375
f 5368 5367 5426
f 5518 5519 5459
f 5459 5519 5460
f 5519 5520 5460
f 5605 5546 5604
f 5545 5604 5546
f 5606 5547 5605
f 5547 5546 5605
f 5607 5548 5606
f 5547 5606 5548
f 5608 5549 5607
f 5548 5607 5549
f 5609 5550 5608
f 5550 5549 5608
f 5610 5551 5609
f 5550 5609 5551
f 5611 5552 5610
f 5551 5610 5552
f 5612 5553 5611
f 5552 5611 5553
f 5613 5554 5612
f 5553 5612 5554
f 5614 5555 5613
f 5554 5613 5555
f 5433 5374 5432
f 5615 5556 5614
f 5372 5431 5373
f 5371 5430 5372
f 5376 5435 5377
f 5436 5377 5435
f 5375 5434 5376
f 5435 5376 5434
f 5420 5361 5419
f 5360 5419 5361
f 5421 5362 5420
f 5361 5420 5362
f 5422 5363 5421
f 5421 5363 5362
f 5423 5364 5422
f 5363 5422 5364
f 5424 5365 5423
f 5364 5423 5365
f 5425 5366 5424
f 5365 5424 5366
f 5426 5367 5425
f 5366 5425 5367
f 5419 5360 5418
f 5427 5368 5426
f 5428 5369 5427
f 5368 5427 5369
f 5429 5370 5428
f 5369 5428 5370
f 5430 5371 5429
f 5370 5429 5371
f 5431 5372 5430
f 5432 5373 5431
f 5587 5586 5645
f 5555 5614 5556
f 5616 5557 5556
f 5599 5540 5598
f 5539 5598 5540
f 5600 5541 5599
f 5599 5541 5540
f 5601 5542 5600
f 5541 5600 5542
f 5602 5543 5601
f 5542 5601 5543
f 5535 5594 5536
f 5527 5586 5528
f 5619 5620 5560
f 5620 5621 5561
f 5638 5579 5637
f 5579 5638 5580
f 5639 5580 5638
f 5580 5639 5581
f 5640 5581 5639
f 5581 5640 5582
f 5641 5582 5640
f 5642 5583 5641
f 5641 5583 5582
f 5643 5584 5642
f 5583 5642 5584
f 5644 5585 5643
f 5584 5643 5585
f 5645 5586 5644
f 5585 5644 5586
f 5538 5597 5539
f 5615 5616 5556
f 5598 5539 5597
f 5597 5538 5596
f 5616 5617 5557
f 5558 5557 5617
f 5617 5618 5558
f 5559 5558 5618
f 5618 5619 5559
f 5544 5603 5545
f 5604 5545 5603
f 5543 5602 5544
f 5603 5544 5602
f 5588 5529 5587
f 5529 5528 5587
f 5589 5530 5588
f 5530 5529 5588
f 5590 5531 5589
f 5530 5589 5531
f 5591 5532 5590
f 5532 5531 5590
f 5592 5533 5591
f 5532 5591 5533
f 5593 5534 5592
f 5533 5592 5534
f 5594 5535 5593
f 5534 5593 5535
f 5559 5619 5560
f 5595 5536 5594
f 5596 5537 5595
f 5536 5595 5537
f 5537 5596 5538
f 5450 5451 5391
f 5573 5574 5514
f 5574 5575 5515
f 5176 5175 5235
f 5233 5234 5174
f 5175 5174 5234
f 5173 5232 5233
f 5159 5158 5218
f 5218 5160 5159
f 5101 5159 5160
f 5219 5220 5160
f 5161 5160 5220
f 5220 5221 5161
f 5161 5221 5162
f 5221 5222 5162
f 5162 5222 5163
f 5222 5223 5163
f 5164 5163 5223
f 5223 5224 5164
f 5164 5224 5165
f 5224 5225 5165
f 5158 5157 5217
f 5166 5165 5225
f 5167 5166 5226
f 5226 5227 5167
f 5168 5167 5227
f 5169 5168 5228
f 5227 5228 5168
f 5170 5169 5229
f 5228 5229 5169
f 5189 5248 5190
f 5171 5170 5230
f 5249 5190 5248
f 5248 5189 5247
f 5216 5217 5157
f 5217 5218 5158
f 5234 5235 5175
f 5177 5176 5236
f 5235 5236 5176
f 5178 5177 5237
f 5236 5237 5177
f 5179 5178 5238
f 5237 5238 5178
f 5239 5180 5238
f 5179 5238 5180
f 5240 5181 5239
f 5180 5239 5181
f 5241 5182 5240
f 5240 5182 5181
f 5242 5183 5241
f 5182 5241 5183
f 5243 5184 5242
f 5183 5242 5184
f 5244 5185 5243
f 5184 5243 5185
f 5245 5186 5244
f 5185 5244 5186
f 5246 5187 5245
f 5186 5245 5187
f 5247 5188 5246
f 5187 5246 5188
f 5188 5247 5189
f 5124 5183 5125
f 5230 5170 5229
f 5230 5231 5171
f 5087 5146 5088
f 5147 5088 5146
f 5088 5147 5089
f 5148 5089 5147
f 5089 5148 5090
f 5074 5133 5075
f 5134 5075 5133
f 5073 5132 5074
f 5133 5074 5132
f 5059 5058 5118
f 5117 5118 5058
f 5060 5059 5119
f 5118 5119 5059
f 5061 5060 5120
f 5120 5060 5119
f 5062 5061 5121
f 5120 5121 5061
f 5063 5062 5122
f 5121 5122 5062
f 5123 5064 5122
f 5063 5122 5064
f 5124 5065 5123
f 5064 5123 5065
f 5149 5090 5148
f 5125 5066 5124
f 5126 5067 5125
f 5066 5125 5067
f 5087 5145 5146
f 5172 5171 5231
f 5086 5145 5087
f 5085 5144 5086
f 5173 5172 5232
f 5231 5232 5172
f 5174 5173 5233
f 5225 5226 5166
f 5250 5191 5249
f 5184 5125 5183
f 5183 5124 5182
f 5135 5076 5134
f 5075 5134 5076
f 5136 5077 5135
f 5076 5135 5077
f 5137 5078 5136
f 5077 5136 5078
f 5138 5079 5137
f 5078 5137 5079
f 5139 5080 5138
f 5079 5138 5080
f 5140 5081 5139
f 5080 5139 5081
f 5141 5082 5140
f 5081 5140 5082
f 5082 5141 5083
f 5142 5083 5141
f 5083 5142 5084
f 5142 5143 5084
f 5084 5143 5085
f 5085 5143 5144
f 5144 5145 5086
f 5515 5514 5574
f 5132 5191 5133
f 5199 5140 5198
f 5497 5556 5498
f 5557 5498 5556
f 5557 5558 5498
f 5558 5499 5498
f 5558 5559 5499
f 5500 5499 5559
f 5559 5560 5500
f 5501 5500 5560
f 5510 5509 5569
f 5560 5561 5501
f 5561 5562 5502
f 5503 5502 5562
f 5562 5563 5503
f 5503 5563 5504
f 5563 5564 5504
f 5505 5504 5564
f 5564 5565 5505
f 5506 5505 5565
f 5565 5566 5506
f 5507 5506 5566
f 5566 5567 5507
f 5508 5507 5567
f 5567 5568 5508
f 5509 5508 5568
f 5502 5501 5561
f 5058 5057 5117
f 5385 5326 5325
f 5496 5555 5497
f 5325 5324 5384
f 5556 5497 5555
f 5555 5496 5554
f 5516 5515 5575
f 5575 5576 5516
f 5517 5516 5576
f 5576 5577 5517
f 5518 5517 5577
f 5511 5510 5570
f 5518 5577 5519
f 5519 5578 5520
f 5579 5520 5578
f 5520 5579 5521
f 5579 5580 5521
f 5521 5580 5522
f 5581 5522 5580
f 5522 5581 5523
f 5582 5523 5581
f 5583 5524 5582
f 5523 5582 5524
f 5584 5525 5583
f 5524 5583 5525
f 5585 5526 5584
f 5525 5584 5526
f 5578 5519 5577
f 5385 5386 5326
f 5569 5570 5510
f 5568 5569 5509
f 5554 5495 5553
f 5494 5553 5495
f 5554 5496 5495
f 5139 5198 5140
f 5142 5201 5143
f 5143 5202 5144
f 5125 5184 5126
f 5186 5127 5185
f 5126 5185 5127
f 5187 5128 5186
f 5127 5186 5128
f 5188 5129 5187
f 5128 5187 5129
f 5189 5130 5188
f 5130 5129 5188
f 5190 5131 5189
f 5130 5189 5131
f 5191 5132 5190
f 5131 5190 5132
f 5157 5156 5216
f 5192 5133 5191
f 5193 5134 5192
f 5133 5192 5134
f 5194 5135 5193
f 5134 5193 5135
f 5195 5136 5194
f 5135 5194 5136
f 5196 5137 5195
f 5136 5195 5137
f 5197 5138 5196
f 5137 5196 5138
f 5198 5139 5197
f 5138 5197 5139
f 5185 5126 5184
f 5202 5143 5201
f 5200 5141 5199
f 5201 5142 5200
f 5203 5144 5202
f 5144 5203 5145
f 5204 5145 5203
f 5145 5204 5146
f 5146 5204 5205
f 5146 5205 5147
f 5206 5147 5205
f 5147 5206 5148
f 5207 5148 5206
f 5148 5207 5149
f 5208 5149 5207
f 5149 5208 5150
f 5209 5150 5208
f 5150 5209 5151
f 5210 5151 5209
f 5210 5211 5151
f 5152 5151 5211
f 5211 5212 5152
f 5153 5152 5212
f 5212 5213 5153
f 5154 5153 5213
f 5213 5214 5154
f 5214 5155 5154
f 5214 5215 5155
f 5156 5155 5215
f 5215 5216 5156
f 5141 5200 5142
f 5140 5199 5141
f 5391 5390 5450
f 5449 5450 5390
f 5390 5389 5449
f 4743 4684 4742
f 4684 4743 4685
f 4685 4743 4744
f 4744 4745 4685
f 4686 4685 4745
f 4745 4746 4686
f 4672 4730 4731
f 4671 4730 4672
f 4730 4671 4729
f 4670 4729 4671
f 4656 4655 4715
f 4714 4715 4655
f 4716 4657 4715
f 4715 4657 4656
f 4717 4658 4716
f 4657 4716 4658
f 4718 4659 4717
f 4658 4717 4659
f 4719 4660 4718
f 4659 4718 4660
f 4720 4661 4719
f 4660 4719 4661
f 4721 4662 4720
f 4662 4661 4720
f 4687 4686 4746
f 4722 4663 4721
f 4723 4664 4722
f 4683 4742 4684
f 4663 4722 4664
f 4683 4741 4742
f 4741 4682 4740
f 4770 4769 4829
f 4829 4769 4828
f 4771 4770 4830
f 4770 4829 4830
f 4822 4823 4763
f 4721 4780 4722
f 4781 4722 4780
f 4720 4779 4721
f 4672 4731 4673
f 4732 4673 4731
f 4673 4732 4674
f 4733 4674 4732
f 4674 4733 4675
f 4734 4675 4733
f 4675 4734 4676
f 4676 4734 4735
f 4676 4735 4677
f 4736 4677 4735
f 4677 4736 4678
f 4736 4737 4678
f 4678 4737 4679
f 4738 4679 4737
f 4679 4738 4680
f 4739 4680 4738
f 4680 4739 4681
f 4740 4681 4739
f 4681 4740 4682
f 4682 4741 4683
f 4827 4828 4768
f 4724 4665 4723
f 4725 4666 4724
f 4714 4773 4715
f 4775 4716 4774
f 4715 4774 4716
f 4776 4717 4775
f 4717 4716 4775
f 4777 4718 4776
f 4717 4776 4718
f 4778 4719 4777
f 4718 4777 4719
f 4779 4720 4778
f 4719 4778 4720
f 4780 4721 4779
f 4714 4713 4773
f 4788 4847 4789
f 4763 4764 4704
f 4763 4703 4762
f 4689 4688 4748
f 4748 4749 4689
f 4690 4689 4749
f 4749 4750 4690
f 4691 4690 4750
f 4750 4751 4691
f 4692 4691 4751
f 4693 4692 4752
f 4692 4751 4752
f 4694 4693 4753
f 4752 4753 4693
f 4774 4715 4773
f 4723 4665 4664
f 4772 4773 4713
f 4706 4705 4765
f 4665 4724 4666
f 4666 4725 4667
f 4726 4667 4725
f 4667 4726 4668
f 4727 4668 4726
f 4668 4727 4669
f 4728 4669 4727
f 4669 4728 4670
f 4729 4670 4728
f 4662 4721 4663
f 4746 4688 4687
f 4629 4687 4688
f 4747 4748 4688
f 4764 4765 4705
f 4707 4706 4766
f 4765 4766 4706
f 4708 4707 4767
f 4766 4767 4707
f 4709 4708 4768
f 4767 4768 4708
f 4710 4709 4769
f 4768 4769 4709
f 4711 4710 4770
f 4769 4770 4710
f 4712 4711 4771
f 4770 4771 4711
f 4713 4712 4772
f 4771 4772 4712
f 4695 4694 4754
f 4769 4768 4828
f 4768 4767 4827
f 4722 4781 4723
f 4783 4724 4782
f 4723 4782 4724
f 4784 4725 4783
f 4724 4783 4725
f 4725 4784 4726
f 4785 4726 4784
f 4726 4785 4727
f 4786 4727 4785
f 4727 4786 4728
f 4787 4728 4786
f 4728 4787 4729
f 4788 4729 4787
f 4729 4788 4730
f 4755 4754 4814
f 4730 4788 4789
f 4790 4731 4789
f 4731 4790 4732
f 4791 4732 4790
f 4732 4791 4733
f 4792 4733 4791
f 4733 4792 4734
f 4793 4734 4792
f 4734 4793 4735
f 4794 4735 4793
f 4735 4794 4736
f 4795 4736 4794
f 4797 4738 4796
f 4736 4795 4737
f 4738 4797 4739
f 4739 4798 4740
f 4800 4741 4799
f 4741 4800 4742
f 4801 4742 4800
f 4742 4801 4743
f 4802 4743 4801
f 4802 4803 4743
f 4744 4743 4803
f 4803 4804 4744
f 4745 4744 4804
f 4804 4805 4745
f 4746 4745 4805
f 4805 4747 4746
f 4746 4747 4688
f 4806 4807 4747
f 4748 4747 4807
f 4807 4808 4748
f 4749 4748 4808
f 4808 4809 4749
f 4750 4749 4809
f 4809 4810 4750
f 4750 4810 4751
f 4752 4751 4811
f 4810 4811 4751
f 4753 4752 4812
f 4752 4811 4812
f 4754 4753 4813
f 4812 4813 4753
f 4798 4739 4797
f 4826 4827 4767
f 4796 4737 4795
f 4730 4789 4731
f 4787 4846 4788
f 4772 4831 4832
f 4773 4772 4832
f 4830 4831 4771
f 4772 4771 4831
f 4757 4756 4816
f 4815 4816 4756
f 4758 4757 4817
f 4816 4817 4757
f 4759 4758 4818
f 4817 4818 4758
f 4760 4759 4819
f 4819 4759 4818
f 4761 4760 4820
f 4819 4820 4760
f 4762 4761 4821
f 4820 4821 4761
f 4763 4762 4822
f 4822 4762 4821
f 4756 4755 4815
f 4764 4763 4823
f 4765 4764 4824
f 4823 4824 4764
f 4766 4765 4825
f 4824 4825 4765
f 4767 4766 4826
f 4825 4826 4766
f 4787 4845 4846
f 4737 4796 4738
f 4786 4845 4787
f 4785 4844 4786
f 4782 4723 4781
f 4813 4814 4754
f 4814 4815 4755
f 4833 4774 4832
f 4832 4774 4773
f 4834 4775 4833
f 4774 4833 4775
f 4835 4776 4834
f 4775 4834 4776
f 4836 4777 4835
f 4776 4835 4777
f 4837 4778 4836
f 4777 4836 4778
f 4838 4779 4837
f 4837 4779 4778
f 4839 4780 4838
f 4779 4838 4780
f 4840 4781 4839
f 4780 4839 4781
f 4841 4782 4840
f 4840 4782 4781
f 4842 4783 4841
f 4782 4841 4783
f 4843 4784 4842
f 4784 4783 4842
f 4844 4785 4843
f 4784 4843 4785
f 4845 4786 4844
f 4753 4754 4694
f 4696 4695 4755
f 4705 4704 4764
f 5404 5405 5345
f 5346 5345 5405
f 5405 5406 5346
f 5347 5346 5406
f 5407 5348 5406
f 5406 5348 5347
f 5408 5349 5407
f 5348 5407 5349
f 5409 5350 5408
f 5349 5408 5350
f 5410 5351 5409
f 5350 5409 5351
f 5411 5352 5410
f 5351 5410 5352
f 5412 5353 5411
f 5352 5411 5353
f 5413 5354 5412
f 5353 5412 5354
f 5414 5355 5413
f 5354 5413 5355
f 5415 5356 5414
f 5355 5414 5356
f 5416 5357 5415
f 5356 5415 5357
f 5417 5358 5416
f 5357 5416 5358
f 5402 5403 5343
f 5345 5344 5404
f 5343 5342 5402
f 5403 5404 5344
f 5391 5451 5392
f 5490 5431 5489
f 5430 5489 5431
f 5491 5432 5490
f 5431 5490 5432
f 5492 5433 5491
f 5432 5491 5433
f 5493 5434 5492
f 5433 5492 5434
f 5486 5427 5485
f 5494 5435 5493
f 5495 5436 5494
f 5436 5435 5494
f 5496 5437 5495
f 5436 5495 5437
f 5497 5438 5496
f 5437 5496 5438
f 5438 5497 5439
f 5498 5439 5497
f 5498 5499 5439
f 5440 5439 5499
f 5499 5500 5440
f 5441 5440 5500
f 5500 5501 5441
f 5442 5441 5501
f 5434 5493 5435
f 5459 5458 5518
f 5393 5392 5452
f 5344 5343 5403
f 5429 5488 5430
f 5401 5402 5342
f 5327 5326 5386
f 5358 5417 5359
f 5359 5418 5360
f 5437 5378 5436
f 5436 5378 5377
f 5378 5437 5379
f 5438 5379 5437
f 5379 5438 5380
f 5439 5380 5438
f 5439 5440 5380
f 5381 5380 5440
f 5440 5441 5381
f 5382 5381 5441
f 5441 5442 5382
f 5383 5382 5442
f 5442 5443 5383
f 5383 5443 5384
f 5443 5444 5384
f 5385 5384 5444
f 5444 5445 5385
f 5386 5385 5445
f 5445 5446 5386
f 5446 5387 5386
f 5446 5447 5387
f 5388 5387 5447
f 5447 5448 5388
f 5388 5448 5389
f 5448 5449 5389
f 5451 5452 5392
f 5342 5341 5401
f 5393 5394 5334
f 5340 5400 5341
f 5386 5387 5327
f 5328 5327 5387
f 5387 5388 5328
f 5328 5388 5329
f 5388 5389 5329
f 5330 5329 5389
f 5389 5390 5330
f 5331 5330 5390
f 5390 5391 5331
f 5332 5331 5391
f 5391 5392 5332
f 5333 5332 5392
f 5392 5393 5333
f 5418 5359 5417
f 5334 5333 5393
f 5334 5394 5335
f 5394 5395 5335
f 5395 5336 5335
f 5395 5337 5336
f 5278 5336 5337
f 5396 5397 5337
f 5397 5338 5337
f 5397 5398 5338
f 5398 5339 5338
f 5398 5399 5339
f 5340 5339 5399
f 5399 5400 5340
f 5400 5401 5341
f 5489 5430 5488
f 5429 5428 5487
f 5488 5429 5487
f 5416 5475 5417
f 5477 5418 5476
f 5417 5476 5418
f 5478 5419 5477
f 5418 5477 5419
f 5479 5420 5478
f 5419 5478 5420
f 5480 5421 5479
f 5420 5479 5421
f 5481 5422 5480
f 5421 5480 5422
f 5482 5423 5481
f 5423 5422 5481
f 5483 5424 5482
f 5423 5482 5424
f 5484 5425 5483
f 5424 5483 5425
f 5470 5411 5469
f 5409 5468 5410
f 5469 5410 5468
f 5408 5467 5409
f 5394 5393 5453
f 5453 5454 5394
f 5454 5395 5394
f 5454 5396 5395
f 5395 5396 5337
f 5455 5456 5396
f 5476 5417 5475
f 5397 5396 5456
f 5415 5474 5416
f 5415 5414 5473
f 4755 4695 4754
f 4755 4756 4696
f 4698 4697 4757
f 4756 4757 4697
f 4699 4698 4758
f 4757 4758 4698
f 4700 4699 4759
f 4758 4759 4699
f 4701 4700 4760
f 4759 4760 4700
f 4702 4701 4761
f 4760 4761 4701
f 4703 4702 4762
f 4762 4702 4761
f 4704 4703 4763
f 4697 4696 4756
f 4521 4520 4580
f 5056 5115 5116
f 5116 5117 5057
f 5410 5469 5411
f 5471 5412 5470
f 5411 5470 5412
f 5472 5413 5471
f 5471 5413 5412
f 5473 5414 5472
f 5414 5413 5472
f 5474 5415 5473
f 5475 5416 5474
f 5456 5457 5397
f 5398 5397 5457
f 5457 5458 5398
f 5507 5508 5448
f 5449 5448 5508
f 5508 5509 5449
f 5450 5449 5509
f 5509 5510 5450
f 5451 5450 5510
f 5510 5511 5451
f 5452 5451 5511
f 5511 5512 5452
f 5453 5452 5512
f 5512 5513 5453
f 5454 5453 5513
f 5513 5455 5454
f 5396 5454 5455
f 5514 5515 5455
f 5456 5455 5515
f 5515 5516 5456
f 5516 5457 5456
f 5516 5517 5457
f 5457 5517 5458
f 5517 5518 5458
f 5444 5443 5503
f 5502 5503 5443
f 5443 5442 5502
f 5501 5502 5442
f 5487 5428 5486
f 5427 5486 5428
f 5448 5447 5507
f 5506 5507 5447
f 5447 5446 5506
f 5505 5506 5446
f 5399 5398 5458
f 5458 5459 5399
f 5399 5459 5400
f 5459 5460 5400
f 5485 5426 5484
f 5401 5400 5460
f 5401 5461 5402
f 5461 5462 5402
f 5403 5402 5462
f 5462 5463 5403
f 5404 5403 5463
f 5463 5464 5404
f 5404 5464 5405
f 5127 5068 5126
f 5465 5406 5464
f 5466 5407 5465
f 5406 5465 5407
f 5467 5408 5466
f 5466 5408 5407
f 5468 5409 5467
f 5460 5461 5401
f 5452 5453 5393
f 5425 5484 5426
f 5426 5485 5427
f 5503 5504 5444
f 5445 5444 5504
f 5504 5505 5445
f 5446 5445 5505
f 5464 5406 5405
f 5067 5126 5068
f 5128 5069 5127
f 5127 5069 5068
f 3045 3046 8043
f 3046 3009 8045
f 3043 3044 8046
f 3009 2974 8047
f 2974 2939 8049
f 2973 3008 8042
f 3082 3045 8051
f 3118 3119 8053
f 3081 3118 8054
f 3044 3081 8056
f 2870 2903 8058
f 2904 2871 8060
f 2871 2838 8062
f 2838 2805 8063
f 2837 2870 8065
f 2938 2973 8067
f 2903 2938 8069
f 2939 2904 8070
f 3279 3321 8072
f 3321 3322 8074
f 3323 3324 8075
f 3324 3280 8077
f 3278 3279 8078
f 3237 3278 8079
f 3280 3238 8081
f 3366 3411 8083
f 3411 3412 8085
f 3008 3043 8041
f 3412 3415 8086
f 3468 3469 8039
f 3521 3468 8037
f 2432 2476 7983
f 2738 2703 7993
f 2702 2737 7995
f 2737 2736 7997
f 2736 2771 7999
f 2667 2702 8000
f 2703 2668 8002
f 2805 2772 8004
f 2804 2837 8006
f 2739 2738 8008
f 2772 2739 8009
f 2771 2804 8011
f 2557 2518 8013
f 2558 2557 8015
f 2595 2558 8016
f 2556 2555 8018
f 2555 2594 8020
f 2478 2477 8021
f 2518 2478 8022
f 2517 2516 8024
f 2516 2556 8026
f 2631 2630 8027
f 2630 2667 8029
f 2633 2632 8030
f 2668 2633 8031
f 2594 2631 8033
f 2632 2595 8035
f 3469 3416 8038
f 2433 2432 7991
f 3416 3417 8088
f 3322 3366 8091
f 7896 7894 7577
f 7897 7898 7671
f 7899 7900 7672
f 7901 7902 7673
f 7903 7904 7674
f 7905 7906 7675
f 7907 7908 7617
f 7909 7910 7618
f 7910 7911 7638
f 7912 7913 7636
f 7913 7914 7637
f 7915 7916 7597
f 7917 7918 7616
f 7919 7917 7598
f 7920 7921 7615
f 7922 7920 7614
f 7923 7924 7666
f 7925 7926 7668
f 7927 7928 7669
f 7924 7929 7667
f 7930 7931 7659
f 7932 7933 7660
f 7934 7935 7661
f 7935 7936 7670
f 7937 7938 7658
f 7939 7940 7654
f 7941 7939 7653
f 7894 7895 7578
f 3417 3367 8090
f 7892 7893 7561
f 7890 7888 7564
f 3367 3368 8093
f 3368 3323 8095
f 3158 3159 8096
f 3159 3120 8098
f 3196 3197 8099
f 3157 3196 8100
f 3120 3082 8102
f 3119 3157 8104
f 3197 3237 8106
f 3238 3239 8108
f 3239 3198 8110
f 3198 3158 8111
f 7866 7867 7547
f 7868 7866 7536
f 7869 7870 7535
f 7871 7872 7562
f 7873 7871 7548
f 7874 7875 3413
f 7875 7876 3414
f 7876 7877 3415
f 7878 7879 7596
f 7880 7878 7580
f 7881 7882 7593
f 7882 7883 7594
f 7884 7885 7595
f 7886 7887 7563
f 7888 7889 7579
f 7891 7892 7560
f 7942 7943 7655
f 2386 2433 7989
f 2389 2388 7986
f 7432 7817 7818
f 7433 7819 7820
f 7388 7826 7829
f 7387 7824 7825
f 7375 7836 7837
f 7376 7838 7839
f 7377 7840 7841
f 7378 7842 7843
f 7379 7844 7845
f 7380 7846 7864
f 7386 7831 7823
f 7380 7864 7805
f 7381 7865 7847
f 7381 7803 7865
f 7382 7848 7849
f 7383 7850 7851
f 7384 7852 7832
f 7385 7833 7830
f 7547 7536 7866
f 7536 7535 7868
f 7535 3521 7869
f 7562 7548 7871
f 7548 7547 7873
f 3413 7561 7874
f 3414 3413 7875
f 3415 3414 7876
f 7596 7580 7878
f 7431 7815 7816
f 7580 7579 7880
f 7430 7828 7863
f 7429 7862 7834
f 7502 7757 7758
f 7464 7764 7766
f 7465 7767 7768
f 7466 7858 7808
f 7466 7769 7858
f 7467 7822 7859
f 7467 7859 7770
f 7469 7773 7774
f 7470 7775 7776
f 7468 7771 7772
f 7519 7760 7860
f 7519 7860 7780
f 7520 7781 7782
f 7521 7783 7784
f 7522 7785 7786
f 7524 7789 7790
f 7525 7791 7792
f 7526 7793 7794
f 7527 7795 7796
f 7528 7861 7741
f 7528 7797 7861
f 7523 7787 7788
f 7324 7801 7804
f 7323 7799 7800
f 7427 7809 7810
f 7428 7811 7812
f 7429 7813 7862
f 7430 7863 7814
f 2434 2389 7987
f 7593 7615 7881
f 7595 7594 7884
f 7654 7653 7939
f 7653 7669 7941
f 7655 7654 7942
f 7656 7655 7944
f 7641 7640 7946
f 7657 7641 7947
f 7639 7638 7949
f 7640 7639 7951
f 2332 2386 7953
f 2333 2332 7954
f 2334 2333 7956
f 2336 2335 7958
f 2337 2336 7960
f 2338 2337 7962
f 2339 2338 7964
f 2387 2339 7965
f 2276 2334 7967
f 2277 2276 7968
f 2278 2277 7970
f 2279 2278 7972
f 2280 2279 7974
f 2335 2280 7975
f 2477 2436 7977
f 2436 2435 7979
f 2435 2434 7980
f 2476 2517 7982
f 2388 2387 7984
f 7658 7657 7937
f 7594 7593 7882
f 7670 7661 7935
f 7660 7659 7932
f 7563 7562 7886
f 7579 7564 7888
f 7564 7563 7890
f 7560 7578 7891
f 7561 7560 7892
f 7578 7577 7894
f 7577 7595 7896
f 7671 7670 7897
f 7672 7671 7899
f 7673 7672 7901
f 7674 7673 7903
f 7675 7674 7905
f 7617 7616 7907
f 7618 7617 7909
f 7638 7618 7910
f 7636 7656 7912
f 7637 7636 7913
f 7597 7596 7915
f 7616 7598 7917
f 7598 7597 7919
f 7615 7614 7920
f 7614 7637 7922
f 7666 7675 7923
f 7668 7667 7925
f 7669 7668 7927
f 7667 7666 7924
f 7659 7658 7930
f 7661 7660 7934
f 7944 7945 7656
f 7946 7947 7641
f 7947 7948 7657
f 2335 8132 7958
f 2336 7959 7960
f 2337 7961 7962
f 2338 7963 7964
f 2277 7969 7970
f 2278 7971 7972
f 2279 7973 7974
f 2435 7981 7979
f 2434 7988 8133
f 2434 8133 7980
f 2433 8134 7989
f 2517 8135 7982
f 2433 7992 8134
f 2387 7966 8136
f 2387 8136 7984
f 2388 7985 7986
f 2386 7990 7953
f 2703 8003 7993
f 2702 7996 8000
f 2737 8137 7995
f 2737 7998 8137
f 2667 8001 8029
f 2668 8032 8002
f 2772 8010 8004
f 2804 8007 8011
f 2738 7994 8138
f 2738 8138 8008
f 2335 7976 8132
f 2771 8012 7999
f 2334 8131 7967
f 2333 7955 7956
f 7616 8123 7907
f 7616 7918 8123
f 7617 7908 7909
f 7637 7914 8124
f 7637 8124 7922
f 7596 8125 7915
f 7596 7879 8125
f 7597 7916 7919
f 7615 8126 7881
f 7615 7921 8126
f 7667 7929 7925
f 7668 7926 7927
f 7669 8127 7941
f 7669 7928 8127
f 7657 8128 7937
f 7657 7948 8128
f 7658 7938 7930
f 7659 7931 7932
f 7660 7933 7934
f 7654 7940 7942
f 7655 7943 7944
f 7656 7945 8129
f 7656 8129 7912
f 7638 7911 8130
f 7638 8130 7949
f 7639 7950 7951
f 7640 7952 7946
f 2334 7957 8131
f 7675 7906 8122
f 2518 8023 8013
f 2557 8139 8015
f 2838 8064 8062
f 2837 8066 8006
f 2938 8068 8153
f 2938 8153 8069
f 2904 8152 8070
f 3322 8154 8074
f 3322 8092 8154
f 3323 8155 8095
f 3323 8076 8155
f 3279 8073 8156
f 3279 8156 8078
f 3280 8082 8077
f 3412 8157 8085
f 3412 8087 8157
f 3416 8089 8158
f 3416 8158 8038
f 3366 8084 8091
f 3367 8159 8090
f 3367 8094 8159
f 3158 8160 8111
f 3158 8097 8160
f 3197 8107 8161
f 3197 8161 8099
f 3120 8103 8098
f 3157 8101 8104
f 3237 8080 8106
f 3238 8162 8081
f 2805 8005 8063
f 2557 8014 8139
f 2904 8061 8152
f 3081 8055 8056
f 2556 8140 8026
f 2556 8019 8140
f 2477 8141 8021
f 2477 7978 8141
f 2517 8025 8142
f 2517 8142 8135
f 2631 8143 8033
f 2631 8028 8143
f 2632 8036 8144
f 2632 8144 8030
f 2594 8034 8020
f 2595 8017 8035
f 3468 8040 8145
f 3468 8146 8147
f 3468 8148 8149
f 3468 8149 8146
f 3468 8145 8148
f 3468 8147 8037
f 3045 8150 8051
f 3045 8044 8150
f 3044 8057 8046
f 2939 8071 8049
f 3009 8048 8045
f 2973 8050 8067
f 3082 8052 8102
f 3119 8105 8151
f 3119 8151 8053
f 2870 8059 8065
f 7675 8122 7923
f 7674 7904 7905
f 7673 8121 7903
f 8002 8003 2703
f 8004 8005 2805
f 8006 8007 2804
f 8008 8009 2739
f 8009 8010 2772
f 8011 8012 2771
f 8013 8014 2557
f 8015 8016 2558
f 8016 8017 2595
f 8018 8019 2556
f 8020 8018 2555
f 8021 8022 2478
f 8022 8023 2518
f 8024 8025 2517
f 8026 8024 2516
f 8027 8028 2631
f 8029 8027 2630
f 8030 8031 2633
f 8031 8032 2668
f 8033 8034 2594
f 8035 8036 2632
f 8037 7869 3521
f 8038 8039 3469
f 8039 8040 3468
f 8041 8042 3008
f 8043 8044 3045
f 8045 8043 3046
f 8000 8001 2667
f 8046 8041 3043
f 7999 7997 2736
f 7995 7996 2702
f 7949 7950 7639
f 7951 7952 7640
f 7953 7954 2332
f 7954 7955 2333
f 7956 7957 2334
f 7958 7959 2336
f 7960 7961 2337
f 7962 7963 2338
f 7964 7965 2339
f 7965 7966 2387
f 7967 7968 2276
f 7968 7969 2277
f 7970 7971 2278
f 7972 7973 2279
f 7974 7975 2280
f 7975 7976 2335
f 7977 7978 2477
f 7979 7977 2436
f 7980 7981 2435
f 7982 7983 2476
f 7984 7985 2388
f 7986 7987 2389
f 7987 7988 2434
f 7989 7990 2386
f 7991 7992 2433
f 7983 7991 2432
f 7993 7994 2738
f 7997 7998 2737
f 8047 8048 3009
f 8049 8047 2974
f 8042 8050 2973
f 8104 8105 3119
f 8106 8107 3197
f 8108 8109 3238
f 8110 8108 3239
f 8111 8112 3198
f 7535 8113 7868
f 7535 7870 8113
f 7547 8114 7873
f 7547 7867 8114
f 3415 7877 8086
f 7579 8115 7880
f 7579 7889 8115
f 7594 7883 7884
f 7595 7885 8116
f 7595 8116 7896
f 7562 8117 7886
f 7562 7872 8117
f 7563 7887 7890
f 7561 7893 8118
f 7561 8118 7874
f 7578 7895 8119
f 7578 8119 7891
f 7670 7936 8120
f 7670 8120 7897
f 7671 7898 7899
f 7672 7900 7901
f 7673 7902 8121
f 8102 8103 3120
f 8100 8101 3157
f 8099 8100 3196
f 8098 8096 3159
f 8051 8052 3082
f 8053 8054 3118
f 8054 8055 3081
f 8056 8057 3044
f 8058 8059 2870
f 8060 8061 2904
f 8062 8060 2871
f 8063 8064 2838
f 8065 8066 2837
f 8067 8068 2938
f 8069 8058 2903
f 8070 8071 2939
f 8072 8073 3279
f 7501 7762 7756
f 8074 8072 3321
f 8077 8075 3324
f 8078 8079 3278
f 8079 8080 3237
f 8081 8082 3280
f 8083 8084 3366
f 8085 8083 3411
f 8086 8087 3412
f 8088 8089 3416
f 8090 8088 3417
f 8091 8092 3322
f 8093 8094 3367
f 8095 8093 3368
f 8096 8097 3158
f 8075 8076 3323
f 4740 4799 4741
f 7500 7755 7761
f 7499 7779 7857
f 5314 5373 5315
f 5375 5316 5374
f 5315 5374 5316
f 5376 5317 5375
f 5316 5375 5317
f 5377 5318 5376
f 5317 5376 5318
f 5378 5319 5377
f 5318 5377 5319
f 5319 5378 5320
f 5379 5320 5378
f 5320 5379 5321
f 5380 5321 5379
f 5321 5380 5322
f 5381 5322 5380
f 5381 5382 5322
f 5323 5322 5382
f 5382 5383 5323
f 5324 5323 5383
f 5383 5384 5324
f 5309 5368 5310
f 5369 5310 5368
f 5308 5367 5309
f 5368 5309 5367
f 5353 5294 5352
f 5294 5293 5352
f 5354 5295 5353
f 5374 5315 5373
f 5294 5353 5295
f 5313 5372 5314
f 5312 5371 5313
f 5266 5265 5325
f 5325 5326 5266
f 5351 5292 5350
f 5267 5266 5326
f 5268 5267 5327
f 5327 5328 5268
f 5269 5268 5328
f 5328 5329 5269
f 5329 5270 5269
f 5329 5330 5270
f 5330 5271 5270
f 5330 5331 5271
f 5272 5271 5331
f 5331 5332 5272
f 5273 5272 5332
f 5332 5333 5273
f 5274 5273 5333
f 5333 5334 5274
f 5326 5327 5267
f 5319 5260 5318
f 5291 5350 5292
f 5292 5351 5293
f 5370 5311 5369
f 5310 5369 5311
f 5371 5312 5370
f 5311 5370 5312
f 5372 5313 5371
f 5373 5314 5372
f 5324 5325 5265
f 5355 5296 5354
f 5356 5297 5355
f 5270 5271 5211
f 5212 5211 5271
f 5271 5272 5212
f 5213 5212 5272
f 5272 5273 5213
f 5214 5213 5273
f 5273 5274 5214
f 5215 5214 5274
f 5274 5275 5215
f 5216 5215 5275
f 5275 5276 5216
f 5217 5216 5276
f 5276 5277 5217
f 5218 5217 5277
f 5277 5219 5218
f 5160 5218 5219
f 5278 5279 5219
f 5220 5219 5279
f 5279 5280 5220
f 5221 5220 5280
f 5280 5281 5221
f 5222 5221 5281
f 5281 5282 5222
f 5223 5222 5282
f 5282 5283 5223
f 5209 5208 5268
f 5267 5268 5208
f 5211 5210 5270
f 5295 5354 5296
f 5269 5270 5210
f 5268 5269 5209
f 5296 5355 5297
f 5357 5298 5356
f 5356 5298 5297
f 5358 5299 5357
f 5298 5357 5299
f 5359 5300 5358
f 5358 5300 5299
f 5352 5293 5351
f 5360 5301 5359
f 5361 5302 5360
f 5301 5360 5302
f 5362 5303 5361
f 5302 5361 5303
f 5363 5304 5362
f 5362 5304 5303
f 5364 5305 5363
f 5304 5363 5305
f 5365 5306 5364
f 5305 5364 5306
f 5366 5307 5365
f 5306 5365 5307
f 5367 5308 5366
f 5307 5366 5308
f 5359 5301 5300
f 5317 5259 5258
f 5318 5259 5317
f 5257 5316 5258
f 5210 5209 5269
f 5267 5208 5266
f 5265 5264 5324
f 5323 5264 5322
f 5119 5118 5178
f 5177 5178 5118
f 5120 5119 5179
f 5119 5178 5179
f 5121 5120 5180
f 5179 5180 5120
f 5181 5122 5180
f 5121 5180 5122
f 5182 5123 5181
f 5122 5181 5123
f 5109 5108 5168
f 5108 5107 5167
f 5166 5167 5107
f 5106 5166 5107
f 5151 5092 5150
f 5092 5151 5093
f 5152 5093 5151
f 5093 5152 5094
f 5153 5094 5152
f 5153 5154 5094
f 5095 5094 5154
f 5154 5155 5095
f 5096 5095 5155
f 5155 5156 5096
f 5097 5096 5156
f 5156 5157 5097
f 5098 5097 5157
f 5176 5177 5117
f 5157 5158 5098
f 5118 5117 5177
f 5117 5116 5176
f 5129 5070 5128
f 5069 5128 5070
f 5130 5071 5129
f 5070 5129 5071
f 5131 5072 5130
f 5130 5072 5071
f 5132 5073 5131
f 5072 5131 5073
f 5065 5124 5066
f 5123 5182 5124
f 5090 5149 5091
f 5091 5150 5092
f 5108 5167 5168
f 5110 5109 5169
f 5169 5109 5168
f 5111 5110 5170
f 5169 5170 5110
f 5112 5111 5171
f 5170 5171 5111
f 5113 5112 5172
f 5112 5171 5172
f 5114 5113 5173
f 5172 5173 5113
f 5115 5114 5174
f 5173 5174 5114
f 5116 5115 5175
f 5174 5175 5115
f 5116 5175 5176
f 5323 5324 5264
f 5150 5091 5149
f 5100 5099 5159
f 5284 5283 5343
f 5343 5344 5284
f 5285 5284 5344
f 5344 5345 5285
f 5286 5285 5345
f 5345 5346 5286
f 5346 5287 5286
f 5288 5287 5347
f 5346 5347 5287
f 5289 5288 5348
f 5288 5347 5348
f 5290 5289 5349
f 5349 5289 5348
f 5350 5291 5349
f 5290 5349 5291
f 5335 5336 5276
f 5275 5335 5276
f 5334 5335 5275
f 5275 5274 5334
f 5259 5318 5260
f 5260 5319 5261
f 5320 5261 5319
f 5261 5320 5262
f 5321 5262 5320
f 5262 5321 5263
f 5322 5263 5321
f 5263 5322 5264
f 5342 5343 5283
f 5099 5098 5158
f 5283 5282 5342
f 5281 5341 5282
f 5159 5101 5100
f 5100 5101 5042
f 5160 5161 5101
f 5102 5101 5161
f 5161 5162 5102
f 5103 5102 5162
f 5162 5163 5103
f 5104 5103 5163
f 5163 5164 5104
f 5104 5164 5105
f 5164 5165 5105
f 5106 5105 5165
f 5165 5166 5106
f 5158 5159 5099
f 5190 5249 5191
f 5251 5192 5250
f 5191 5250 5192
f 5277 5276 5336
f 5336 5278 5277
f 5277 5278 5219
f 5337 5338 5278
f 5279 5278 5338
f 5338 5339 5279
f 5280 5279 5339
f 5339 5340 5280
f 5281 5280 5340
f 5340 5341 5281
f 5341 5342 5282
f 5207 5266 5208
f 5252 5193 5251
f 5251 5193 5192
f 7376 7375 7837
f 7377 7376 7839
f 7378 7377 7841
f 7379 7378 7843
f 7380 7379 7845
f 7382 7381 7847
f 7383 7382 7849
f 7384 7383 7851
f 7732 7733 7493
f 7734 7735 7495
f 7736 7737 7496
f 7733 7738 7494
f 7739 7740 7514
f 7741 7739 7513
f 7742 7743 7515
f 7744 7745 7516
f 7746 7747 7517
f 7748 7749 7518
f 7750 7751 7498
f 7752 7753 7473
f 7754 7755 7500
f 7756 7757 7502
f 7758 7759 7503
f 7759 7760 7519
f 7761 7762 7501
f 7763 7764 7464
f 7765 7763 7463
f 7375 7374 7835
f 7766 7767 7465
f 7374 7429 7834
f 7386 7385 7830
f 7521 7520 7782
f 7522 7521 7784
f 7523 7522 7786
f 7524 7523 7788
f 7525 7524 7790
f 7526 7525 7792
f 7527 7526 7794
f 7528 7527 7796
f 7323 7322 7798
f 7324 7323 7800
f 7381 7325 7802
f 7325 7324 7804
f 7322 7380 7805
f 7426 7425 7806
f 7425 7466 7808
f 7427 7426 7807
f 7428 7427 7810
f 7429 7428 7812
f 7431 7430 7814
f 7432 7431 7816
f 7433 7432 7818
f 7434 7433 7820
f 7467 7434 7821
f 7387 7386 7823
f 7388 7387 7825
f 7430 7389 7827
f 7389 7388 7829
f 7385 7384 7832
f 7520 7519 7780
f 7768 7769 7466
f 7772 7773 7469
f 7829 7827 7389
f 7830 7831 7386
f 7832 7833 7385
f 7834 7835 7374
f 7835 7836 7375
f 7837 7838 7376
f 7839 7840 7377
f 7841 7842 7378
f 7843 7844 7379
f 7845 7846 7380
f 7847 7848 7382
f 7849 7850 7383
f 7851 7852 7384
f 7494 7738 7734
f 7495 7735 7736
f 7496 7853 7765
f 7496 7737 7853
f 7514 7740 7742
f 7515 7743 7744
f 7516 7745 7746
f 7517 7747 7748
f 7518 7854 7732
f 7518 7749 7854
f 7497 7778 7855
f 7497 7855 7856
f 7497 7856 7750
f 7498 7751 7752
f 7827 7828 7430
f 7770 7771 7468
f 7825 7826 7388
f 7821 7822 7467
f 7774 7775 7470
f 7776 7777 7471
f 7777 7778 7497
f 7753 7779 7499
f 7780 7781 7520
f 7782 7783 7521
f 7784 7785 7522
f 7786 7787 7523
f 7788 7789 7524
f 7790 7791 7525
f 7792 7793 7526
f 7794 7795 7527
f 7796 7797 7528
f 7798 7799 7323
f 7800 7801 7324
f 7802 7803 7381
f 7804 7802 7325
f 7805 7798 7322
f 7806 7807 7426
f 7808 7806 7425
f 7807 7809 7427
f 7810 7811 7428
f 7812 7813 7429
f 7814 7815 7431
f 7816 7817 7432
f 7818 7819 7433
f 7820 7821 7434
f 7823 7824 7387
f 7499 7473 7753
f 7497 7471 7777
f 7471 7470 7776
f 5284 5285 5225
f 5242 5301 5243
f 5303 5244 5302
f 5243 5302 5244
f 5304 5245 5303
f 5244 5303 5245
f 5305 5246 5304
f 5245 5304 5246
f 5306 5247 5305
f 5305 5247 5246
f 5307 5248 5306
f 5247 5306 5248
f 5308 5249 5307
f 5248 5307 5249
f 5309 5250 5308
f 5302 5243 5301
f 5249 5308 5250
f 5250 5309 5251
f 5311 5252 5310
f 5251 5310 5252
f 5312 5253 5311
f 5311 5253 5252
f 5313 5254 5312
f 5253 5312 5254
f 5314 5255 5313
f 5254 5313 5255
f 5315 5256 5314
f 5225 5224 5284
f 5255 5314 5256
f 5283 5284 5224
f 5266 5207 5265
f 5253 5194 5252
f 5193 5252 5194
f 5254 5195 5253
f 5195 5194 5253
f 5255 5196 5254
f 5195 5254 5196
f 5256 5197 5255
f 5196 5255 5197
f 5257 5198 5256
f 5197 5256 5198
f 5258 5199 5257
f 5198 5257 5199
f 5223 5283 5224
f 5259 5200 5258
f 5260 5201 5259
f 5200 5259 5201
f 5201 5260 5202
f 5202 5260 5261
f 5202 5261 5203
f 5203 5261 5262
f 5203 5262 5204
f 5263 5204 5262
f 5204 5263 5205
f 5263 5264 5205
f 5205 5264 5206
f 5265 5206 5264
f 5206 5265 5207
f 5199 5258 5200
f 5316 5257 5315
f 5256 5315 5257
f 5317 5258 5316
f 5239 5298 5240
f 5300 5241 5299
f 5234 5233 5293
f 7493 7518 7732
f 7495 7494 7734
f 7496 7495 7736
f 7494 7493 7733
f 7514 7513 7739
f 7513 7528 7741
f 7515 7514 7742
f 7516 7515 7744
f 7517 7516 7746
f 7518 7517 7748
f 7498 7497 7750
f 7473 7498 7752
f 7500 7499 7754
f 7502 7501 7756
f 7503 7502 7758
f 7519 7503 7759
f 7501 7500 7761
f 7464 7463 7763
f 7463 7496 7765
f 7465 7464 7766
f 7466 7465 7768
f 7468 7467 7770
f 7469 7468 7772
f 7470 7469 7774
f 5299 5240 5298
f 5238 5297 5239
f 5298 5239 5297
f 5237 5296 5238
f 5310 5251 5309
f 5384 5385 5325
f 5241 5300 5242
f 5240 5299 5241
f 5226 5225 5285
f 5285 5286 5226
f 5226 5286 5227
f 5286 5287 5227
f 5228 5227 5287
f 5229 5228 5288
f 5228 5287 5288
f 5230 5229 5289
f 5288 5289 5229
f 7499 7857 7754
f 5231 5230 5290
f 5232 5231 5291
f 5290 5291 5231
f 5233 5232 5292
f 5301 5242 5300
f 5292 5232 5291
f 5293 5233 5292
f 5235 5234 5294
f 5293 5294 5234
f 5236 5235 5295
f 5294 5295 5235
f 5237 5236 5296
f 5295 5296 5236
f 5297 5238 5296
f 5289 5290 5230
f 3941 3940 4000
f 4799 4740 4798
f 4655 4654 4714
f 6221 6220 6280
f 6279 6280 6220
f 6164 6221 6223
f 6223 6221 6280
f 6222 6223 6281
f 6282 6281 6223
f 6224 6222 6283
f 6283 6222 6281
f 6225 6224 6284
f 6283 6284 6224
f 6226 6225 6285
f 6285 6225 6284
f 6227 6226 6286
f 6286 6226 6285
f 6228 6227 6287
f 6286 6287 6227
f 6229 6228 6288
f 6287 6288 6228
f 6229 6288 6230
f 6289 6230 6288
f 6216 6215 6275
f 6273 6274 6214
f 6215 6214 6274
f 6272 6273 6213
f 6258 6199 6257
f 6199 6258 6200
f 6259 6200 6258
f 6278 6279 6219
f 6200 6259 6201
f 6220 6219 6279
f 6219 6218 6278
f 6633 6574 6632
f 6574 6633 6575
f 6583 6642 6584
f 6633 6634 6575
f 6576 6517 6634
f 6576 6635 6577
f 6636 6577 6635
f 6577 6636 6578
f 6637 6578 6636
f 6578 6637 6579
f 6638 6579 6637
f 6579 6638 6580
f 6638 6639 6580
f 6580 6639 6581
f 6640 6581 6639
f 6581 6640 6582
f 6641 6582 6640
f 6582 6641 6583
f 6575 6634 6517
f 5594 5653 5595
f 6399 6400 6458
f 6341 6398 6400
f 6275 6215 6274
f 6217 6216 6276
f 6275 6276 6216
f 6218 6217 6277
f 6217 6276 6277
f 6277 6278 6218
f 6573 6632 6574
f 6201 6259 6260
f 6261 6202 6260
f 6251 6310 6252
f 6252 6310 6311
f 6252 6311 6253
f 6253 6311 6312
f 6253 6312 6254
f 6313 6254 6312
f 6254 6313 6255
f 6314 6255 6313
f 6255 6314 6256
f 6315 6256 6314
f 6256 6315 6257
f 6316 6257 6315
f 6257 6316 6258
f 6317 6258 6316
f 6258 6317 6259
f 6318 6259 6317
f 6259 6318 6260
f 6319 6260 6318
f 6261 6260 6320
f 6320 6260 6319
f 6262 6261 6321
f 6321 6261 6320
f 6263 6262 6322
f 6321 6322 6262
f 6264 6263 6323
f 6308 6249 6307
f 6248 6307 6249
f 6310 6251 6309
f 6201 6260 6202
f 6250 6309 6251
f 6249 6308 6250
f 6203 6202 6262
f 6262 6202 6261
f 6204 6203 6263
f 6262 6263 6203
f 6205 6204 6264
f 6263 6264 6204
f 6206 6205 6265
f 6230 6289 6231
f 6264 6265 6205
f 6206 6265 6266
f 6208 6207 6267
f 6207 6266 6267
f 6209 6208 6268
f 6267 6268 6208
f 6210 6209 6269
f 6268 6269 6209
f 6211 6210 6270
f 6269 6270 6210
f 6212 6211 6271
f 6270 6271 6211
f 6213 6212 6272
f 6271 6272 6212
f 6214 6213 6273
f 6207 6206 6266
f 6198 6257 6199
f 6231 6289 6290
f 6291 6232 6290
f 6309 6250 6308
f 6306 6307 6248
f 6632 6573 6631
f 6631 6572 6630
f 6562 6561 6621
f 6620 6621 6561
f 6563 6562 6622
f 6621 6622 6562
f 6564 6563 6623
f 6622 6623 6563
f 6565 6564 6624
f 6623 6624 6564
f 6566 6565 6625
f 6609 6610 6550
f 6551 6550 6610
f 6608 6609 6549
f 6550 6549 6609
f 6534 6593 6535
f 6594 6535 6593
f 6535 6594 6536
f 6595 6536 6594
f 6536 6595 6537
f 6596 6537 6595
f 6537 6596 6538
f 6596 6597 6538
f 6538 6597 6539
f 6597 6598 6539
f 6539 6598 6540
f 6598 6599 6540
f 6540 6599 6541
f 6600 6541 6599
f 6619 6620 6560
f 6624 6625 6565
f 6561 6560 6620
f 6560 6559 6619
f 6706 6647 6705
f 6647 6706 6648
f 6648 6706 6707
f 6648 6707 6649
f 6708 6649 6707
f 6649 6708 6650
f 6709 6650 6708
f 6643 6701 6702
f 6660 6601 6659
f 6600 6659 6601
f 6659 6600 6658
f 6552 6551 6611
f 6610 6611 6551
f 6553 6552 6612
f 6612 6552 6611
f 6554 6553 6613
f 6612 6613 6553
f 6555 6554 6614
f 6613 6614 6554
f 6556 6555 6615
f 6555 6614 6615
f 6557 6556 6616
f 6615 6616 6556
f 6558 6557 6617
f 6616 6617 6557
f 6559 6558 6618
f 6617 6618 6558
f 6618 6619 6559
f 6572 6631 6573
f 6541 6600 6542
f 6602 6543 6601
f 6651 6592 6650
f 6652 6593 6651
f 6593 6652 6594
f 6653 6594 6652
f 6594 6653 6595
f 6595 6653 6654
f 6595 6654 6596
f 6655 6596 6654
f 6596 6655 6597
f 6656 6597 6655
f 6597 6656 6598
f 6598 6656 6657
f 6598 6657 6599
f 6658 6599 6657
f 6599 6658 6600
f 6592 6651 6593
f 6459 6458 6400
f 6643 6584 6642
f 6642 6583 6641
f 6626 6627 6567
f 6569 6568 6628
f 6627 6628 6568
f 6570 6569 6629
f 6629 6569 6628
f 6570 6629 6571
f 6630 6571 6629
f 6571 6630 6572
f 6584 6643 6585
f 6542 6601 6543
f 6591 6650 6592
f 6590 6649 6591
f 6543 6602 6544
f 6603 6544 6602
f 6544 6603 6545
f 6604 6545 6603
f 6545 6604 6546
f 6605 6546 6604
f 6546 6605 6547
f 6606 6547 6605
f 6548 6547 6607
f 6607 6547 6606
f 6549 6548 6608
f 6607 6608 6548
f 6601 6542 6600
f 6567 6566 6626
f 6625 6626 6566
f 6568 6567 6627
f 6585 6643 6644
f 6585 6644 6586
f 6644 6645 6586
f 6586 6645 6587
f 6587 6645 6646
f 6587 6646 6588
f 6647 6588 6646
f 6588 6647 6589
f 6648 6589 6647
f 6589 6648 6590
f 6649 6590 6648
f 6650 6591 6649
f 6646 6705 6647
f 6247 6306 6248
f 6292 6233 6291
f 6236 6177 6235
f 6177 6236 6178
f 6236 6237 6178
f 6178 6237 6179
f 6238 6179 6237
f 6179 6238 6180
f 6239 6180 6238
f 6232 6173 6231
f 6265 6264 6324
f 6323 6324 6264
f 6266 6265 6325
f 6350 6409 6351
f 6410 6351 6409
f 6351 6410 6352
f 6411 6352 6410
f 6352 6411 6353
f 6412 6353 6411
f 6353 6412 6354
f 6413 6354 6412
f 6354 6413 6355
f 6414 6355 6413
f 6355 6414 6356
f 6356 6414 6415
f 6356 6415 6357
f 6416 6357 6415
f 6357 6416 6358
f 6416 6417 6358
f 6176 6235 6177
f 6358 6417 6359
f 6235 6176 6234
f 6234 6175 6233
f 6195 6253 6254
f 6195 6254 6196
f 6255 6196 6254
f 6196 6255 6197
f 6241 6182 6240
f 6181 6240 6182
f 6240 6181 6239
f 6180 6239 6181
f 6166 6165 6225
f 6224 6225 6165
f 6167 6166 6226
f 6166 6225 6226
f 6168 6167 6227
f 6226 6227 6167
f 6169 6168 6228
f 6228 6168 6227
f 6170 6169 6229
f 6228 6229 6169
f 6171 6170 6230
f 6170 6229 6230
f 6171 6230 6172
f 6231 6172 6230
f 6165 6163 6224
f 6172 6231 6173
f 6173 6232 6174
f 6174 6232 6233
f 6174 6233 6175
f 6175 6234 6176
f 6194 6253 6195
f 6418 6359 6417
f 6419 6360 6418
f 6343 6342 6402
f 6401 6402 6342
f 6343 6402 6344
f 6402 6403 6344
f 6344 6403 6345
f 6404 6345 6403
f 6345 6404 6346
f 6405 6346 6404
f 6346 6405 6347
f 6406 6347 6405
f 6347 6406 6348
f 6407 6348 6406
f 6341 6400 6399
f 6391 6392 6332
f 6365 6424 6366
f 6366 6425 6367
f 6442 6443 6383
f 6385 6384 6444
f 6443 6444 6384
f 6386 6385 6445
f 6444 6445 6385
f 6387 6386 6446
f 6445 6446 6386
f 6388 6387 6447
f 6387 6446 6447
f 6389 6388 6448
f 6388 6447 6448
f 6399 6401 6340
f 6359 6418 6360
f 6342 6340 6401
f 6424 6365 6423
f 6360 6419 6361
f 6420 6361 6419
f 6361 6420 6362
f 6362 6420 6421
f 6362 6421 6363
f 6422 6363 6421
f 6363 6422 6364
f 6423 6364 6422
f 6364 6423 6365
f 6350 6408 6409
f 6349 6408 6350
f 6349 6407 6408
f 6348 6407 6349
f 6334 6333 6393
f 6392 6393 6333
f 6335 6334 6394
f 6393 6394 6334
f 6336 6335 6395
f 6395 6335 6394
f 6337 6336 6396
f 6395 6396 6336
f 6338 6337 6397
f 6397 6337 6396
f 6339 6338 6398
f 6397 6398 6338
f 6282 6339 6341
f 6398 6341 6339
f 6340 6341 6399
f 6232 6291 6233
f 6253 6194 6252
f 6252 6193 6251
f 6256 6197 6255
f 6207 6208 6148
f 6150 6149 6209
f 6149 6208 6209
f 6151 6150 6210
f 6210 6150 6209
f 6152 6151 6211
f 6210 6211 6151
f 6153 6152 6212
f 6212 6152 6211
f 6154 6153 6213
f 6212 6213 6153
f 6155 6154 6214
f 6213 6214 6154
f 6156 6155 6215
f 6214 6215 6155
f 6157 6156 6216
f 6156 6215 6216
f 6216 6217 6157
f 6158 6157 6217
f 6217 6218 6158
f 6218 6159 6158
f 6218 6219 6159
f 6160 6159 6219
f 6219 6220 6160
f 6160 6220 6161
f 6162 6161 6221
f 6256 6257 6198
f 6220 6221 6161
f 6322 6323 6263
f 6306 6247 6305
f 6233 6292 6234
f 6234 6292 6293
f 6234 6293 6235
f 6294 6235 6293
f 6235 6294 6236
f 6295 6236 6294
f 6236 6295 6237
f 6296 6237 6295
f 6237 6296 6238
f 6297 6238 6296
f 6238 6297 6239
f 6298 6239 6297
f 6231 6290 6232
f 6239 6298 6240
f 6240 6299 6241
f 6300 6241 6299
f 6241 6300 6242
f 6300 6301 6242
f 6242 6301 6243
f 6243 6301 6302
f 6243 6302 6244
f 6303 6244 6302
f 6244 6303 6245
f 6304 6245 6303
f 6245 6304 6246
f 6305 6246 6304
f 6246 6305 6247
f 6299 6240 6298
f 6193 6252 6194
f 6104 6162 6164
f 6149 6148 6208
f 6204 6205 6145
f 6147 6146 6206
f 6139 6198 6140
f 6197 6256 6198
f 6222 6164 6223
f 6222 6224 6163
f 6182 6241 6183
f 6242 6183 6241
f 6183 6242 6184
f 6243 6184 6242
f 6184 6243 6185
f 6244 6185 6243
f 6185 6244 6186
f 6245 6186 6244
f 6186 6245 6187
f 6187 6245 6246
f 6187 6246 6188
f 6247 6188 6246
f 6188 6247 6189
f 6248 6189 6247
f 6189 6248 6190
f 6249 6190 6248
f 6190 6249 6191
f 6250 6191 6249
f 6191 6250 6192
f 6251 6192 6250
f 6192 6251 6193
f 6146 6145 6205
f 6164 6162 6221
f 6203 6204 6144
f 6202 6203 6143
f 6206 6207 6147
f 6148 6147 6207
f 6205 6206 6146
f 6191 6132 6190
f 6132 6191 6133
f 6192 6133 6191
f 6133 6192 6134
f 6193 6134 6192
f 6134 6193 6135
f 6194 6135 6193
f 6135 6194 6136
f 6195 6136 6194
f 6136 6195 6137
f 6195 6196 6137
f 6137 6196 6138
f 6197 6138 6196
f 6138 6197 6139
f 6163 6164 6222
f 6198 6139 6197
f 6199 6140 6198
f 6140 6199 6141
f 6199 6200 6141
f 6141 6200 6142
f 6201 6142 6200
f 6142 6201 6143
f 6202 6143 6201
f 6144 6143 6203
f 6145 6144 6204
f 6705 6646 6704
f 6645 6704 6646
f 6704 6645 6703
f 6475 6534 6476
f 6535 6476 6534
f 6476 6535 6477
f 6536 6477 6535
f 6477 6536 6478
f 6537 6478 6536
f 6478 6537 6479
f 6538 6479 6537
f 6479 6538 6480
f 6539 6480 6538
f 6480 6539 6481
f 6540 6481 6539
f 6481 6540 6482
f 6541 6482 6540
f 6534 6475 6533
f 6526 6467 6525
f 6500 6499 6559
f 6501 6500 6560
f 6577 6518 6576
f 6518 6577 6519
f 6578 6519 6577
f 6519 6578 6520
f 6579 6520 6578
f 6520 6579 6521
f 6580 6521 6579
f 6521 6580 6522
f 6580 6581 6522
f 6474 6533 6475
f 6522 6581 6523
f 6558 6498 6557
f 6473 6532 6474
f 6494 6493 6553
f 6552 6553 6493
f 6495 6494 6554
f 6494 6553 6554
f 6496 6495 6555
f 6554 6555 6495
f 6497 6496 6556
f 6555 6556 6496
f 6498 6497 6557
f 6556 6557 6497
f 6499 6498 6558
f 6542 6543 6484
f 6483 6542 6484
f 6483 6541 6542
f 6482 6541 6483
f 6467 6526 6468
f 6527 6468 6526
f 6468 6527 6469
f 6528 6469 6527
f 6469 6528 6470
f 6529 6470 6528
f 6470 6529 6471
f 6529 6530 6471
f 6471 6530 6472
f 6531 6472 6530
f 6472 6531 6473
f 6531 6532 6473
f 6533 6474 6532
f 6551 6552 6492
f 6582 6523 6581
f 6583 6524 6582
f 6507 6506 6566
f 6565 6566 6506
f 6508 6507 6567
f 6558 6559 6499
f 6507 6566 6567
f 6567 6568 6508
f 6510 6509 6569
f 6568 6569 6509
f 6511 6510 6570
f 6569 6570 6510
f 6512 6511 6571
f 6570 6571 6511
f 6513 6512 6572
f 6571 6572 6512
f 6513 6572 6514
f 6573 6514 6572
f 6514 6573 6515
f 6574 6515 6573
f 6515 6574 6516
f 6509 6508 6568
f 6532 6591 6533
f 6466 6525 6467
f 6465 6524 6466
f 6417 6476 6418
f 6477 6418 6476
f 6418 6477 6419
f 6477 6478 6419
f 6564 6565 6505
f 6523 6582 6524
f 6506 6505 6565
f 6505 6504 6564
f 6524 6583 6525
f 6584 6525 6583
f 6525 6584 6526
f 6585 6526 6584
f 6526 6585 6527
f 6586 6527 6585
f 6527 6586 6528
f 6587 6528 6586
f 6528 6587 6529
f 6587 6588 6529
f 6529 6588 6530
f 6589 6530 6588
f 6530 6589 6531
f 6590 6531 6589
f 6531 6590 6532
f 6591 6532 6590
f 6517 6576 6518
f 6517 6459 6575
f 6516 6575 6459
f 6574 6575 6516
f 6500 6559 6560
f 6502 6501 6561
f 6560 6561 6501
f 6503 6502 6562
f 6561 6562 6502
f 6504 6503 6563
f 6562 6563 6503
f 6564 6504 6563
f 6419 6478 6420
f 6493 6492 6552
f 6492 6491 6551
f 5743 5742 5802
f 5802 5803 5743
f 5803 5744 5743
f 5737 5736 5796
f 5821 5762 5820
f 5761 5820 5762
f 5822 5763 5821
f 5779 5838 5780
f 5840 5781 5839
f 5780 5839 5781
f 5841 5782 5840
f 5781 5840 5782
f 5842 5783 5841
f 5783 5782 5841
f 5843 5784 5842
f 5783 5842 5784
f 5844 5785 5843
f 5784 5843 5785
f 5845 5786 5844
f 5785 5844 5786
f 5846 5787 5845
f 5839 5780 5838
f 5786 5845 5787
f 5846 5788 5787
f 5848 5789 5847
f 5788 5847 5789
f 5849 5790 5848
f 5801 5802 5742
f 5789 5848 5790
f 5742 5741 5801
f 5740 5800 5741
f 5746 5745 5805
f 5804 5805 5745
f 5745 5744 5804
f 5803 5804 5744
f 5789 5730 5788
f 5729 5788 5730
f 5790 5731 5789
f 5730 5789 5731
f 5731 5790 5732
f 5791 5732 5790
f 5791 5792 5732
f 5733 5732 5792
f 5792 5793 5733
f 5733 5793 5734
f 5793 5794 5734
f 5735 5734 5794
f 5794 5795 5735
f 5736 5735 5795
f 5760 5819 5761
f 5795 5796 5736
f 5796 5797 5737
f 5738 5737 5797
f 5797 5798 5738
f 5738 5798 5739
f 5798 5799 5739
f 5740 5739 5799
f 5799 5800 5740
f 5800 5801 5741
f 6491 6550 6551
f 5790 5849 5791
f 5850 5851 5791
f 5833 5774 5832
f 5773 5832 5774
f 5834 5775 5833
f 5774 5833 5775
f 5835 5776 5834
f 5775 5834 5776
f 5836 5777 5835
f 5835 5777 5776
f 5837 5778 5836
f 5830 5771 5829
f 6130 6189 6131
f 6131 6189 6190
f 6131 6190 6132
f 6484 6543 6485
f 6544 6485 6543
f 6485 6544 6486
f 6545 6486 6544
f 6486 6545 6487
f 6546 6487 6545
f 6487 6546 6488
f 6547 6488 6546
f 6488 6547 6489
f 6548 6489 6547
f 6490 6489 6549
f 6549 6489 6548
f 6491 6490 6550
f 6549 6550 6490
f 5772 5831 5773
f 5850 5791 5849
f 5832 5773 5831
f 5831 5772 5830
f 5791 5851 5792
f 5851 5852 5792
f 5793 5792 5852
f 5852 5853 5793
f 5793 5853 5794
f 5853 5854 5794
f 5847 5788 5846
f 6189 6130 6188
f 5778 5837 5779
f 5778 5777 5836
f 5762 5821 5763
f 5823 5764 5822
f 5763 5822 5764
f 5824 5765 5823
f 5765 5764 5823
f 5825 5766 5824
f 5765 5824 5766
f 5826 5767 5825
f 5766 5825 5767
f 5827 5768 5826
f 5767 5826 5768
f 5828 5769 5827
f 5768 5827 5769
f 5829 5770 5828
f 5838 5779 5837
f 5769 5828 5770
f 5770 5829 5771
f 5771 5830 5772
f 6478 6479 6420
f 6420 6479 6421
f 6421 6479 6480
f 6677 6617 6676
f 6618 6617 6677
f 6616 6675 6676
f 6602 6660 6661
f 6602 6661 6603
f 6603 6661 6662
f 6603 6662 6604
f 6663 6604 6662
f 6604 6663 6605
f 6664 6605 6663
f 6606 6605 6665
f 6664 6665 6605
f 6607 6606 6666
f 6606 6665 6666
f 6608 6607 6667
f 6666 6667 6607
f 6609 6608 6668
f 6633 6692 6634
f 6667 6668 6608
f 6609 6668 6669
f 6611 6610 6670
f 6669 6670 6610
f 6612 6611 6671
f 6670 6671 6611
f 6613 6612 6672
f 6671 6672 6612
f 6614 6613 6673
f 6619 6618 6678
f 6672 6673 6613
f 6692 6633 6691
f 6691 6632 6690
f 6592 6593 6534
f 6618 6677 6678
f 6620 6619 6679
f 6679 6619 6678
f 6621 6620 6680
f 6680 6620 6679
f 6622 6621 6681
f 6680 6681 6621
f 6623 6622 6682
f 6681 6682 6622
f 6624 6623 6683
f 6623 6682 6683
f 6625 6624 6684
f 6683 6684 6624
f 6626 6625 6685
f 6684 6685 6625
f 6627 6626 6686
f 6685 6686 6626
f 6628 6627 6687
f 6686 6687 6627
f 6628 6687 6629
f 6688 6629 6687
f 6629 6688 6630
f 6688 6689 6630
f 6630 6689 6631
f 6631 6689 6690
f 6631 6690 6632
f 6632 6691 6633
f 6533 6592 6534
f 6615 6614 6674
f 6616 6615 6675
f 6723 6724 6664
f 6666 6665 6725
f 6724 6725 6665
f 6667 6666 6726
f 6710 6711 6652
f 6651 6710 6652
f 6710 6651 6709
f 6650 6709 6651
f 6635 6694 6636
f 6695 6636 6694
f 6636 6695 6637
f 6637 6695 6696
f 6637 6696 6638
f 6697 6638 6696
f 6638 6697 6639
f 6698 6639 6697
f 6639 6698 6640
f 6699 6640 6698
f 6640 6699 6641
f 6700 6641 6699
f 6641 6700 6642
f 6701 6642 6700
f 6634 6693 6576
f 6642 6701 6643
f 6643 6702 6644
f 6703 6644 6702
f 6644 6703 6645
f 6665 6664 6724
f 6673 6674 6614
f 6723 6664 6722
f 6722 6663 6721
f 6674 6675 6615
f 6617 6616 6676
f 6610 6609 6669
f 6601 6660 6602
f 6692 6693 6634
f 6635 6576 6693
f 6652 6711 6653
f 6653 6711 6712
f 6653 6712 6654
f 6654 6712 6713
f 6654 6713 6655
f 6714 6655 6713
f 6655 6714 6656
f 6715 6656 6714
f 6656 6715 6657
f 6715 6716 6657
f 6657 6716 6658
f 6658 6716 6717
f 6658 6717 6659
f 6718 6659 6717
f 6659 6718 6660
f 6719 6660 6718
f 6660 6719 6661
f 6720 6661 6719
f 6661 6720 6662
f 6721 6662 6720
f 6662 6721 6663
f 6663 6722 6664
f 6592 6533 6591
f 6442 6441 6501
f 6449 6448 6508
f 6403 6462 6404
f 6463 6404 6462
f 6404 6463 6405
f 6464 6405 6463
f 6405 6464 6406
f 6465 6406 6464
f 6406 6465 6407
f 6466 6407 6465
f 6490 6491 6431
f 6407 6466 6408
f 6408 6467 6409
f 6468 6409 6467
f 6409 6468 6410
f 6469 6410 6468
f 6410 6469 6411
f 6470 6411 6469
f 6411 6470 6412
f 6471 6412 6470
f 6412 6471 6413
f 6472 6413 6471
f 6413 6472 6414
f 6473 6414 6472
f 6414 6473 6415
f 6474 6415 6473
f 6467 6408 6466
f 6525 6466 6524
f 6433 6432 6492
f 6462 6403 6461
f 6434 6433 6493
f 6402 6461 6403
f 6401 6460 6402
f 6421 6480 6422
f 6481 6422 6480
f 6422 6481 6423
f 6482 6423 6481
f 6423 6482 6424
f 6483 6424 6482
f 6424 6483 6425
f 6484 6425 6483
f 6425 6484 6426
f 6485 6426 6484
f 6426 6485 6427
f 6486 6427 6485
f 6427 6486 6428
f 6428 6486 6487
f 6428 6487 6429
f 6488 6429 6487
f 6429 6488 6430
f 6489 6430 6488
f 6430 6489 6431
f 6490 6431 6489
f 6432 6431 6491
f 6417 6475 6476
f 6416 6475 6417
f 6475 6416 6474
f 6415 6474 6416
f 6399 6458 6401
f 6460 6401 6458
f 6461 6402 6460
f 6509 6510 6450
f 6452 6451 6511
f 6451 6510 6511
f 6493 6494 6434
f 6436 6435 6495
f 6494 6495 6435
f 6437 6436 6496
f 6495 6496 6436
f 6438 6437 6497
f 6496 6497 6437
f 6439 6438 6498
f 6497 6498 6438
f 6440 6439 6499
f 6498 6499 6439
f 6441 6440 6500
f 6492 6432 6491
f 6499 6500 6440
f 6500 6501 6441
f 6443 6442 6502
f 6502 6442 6501
f 6444 6443 6503
f 6502 6503 6443
f 6445 6444 6504
f 6503 6504 6444
f 6446 6445 6505
f 6445 6504 6505
f 6447 6446 6506
f 6505 6506 6446
f 6448 6447 6507
f 6507 6447 6506
f 6435 6434 6494
f 6493 6433 6492
f 6507 6508 6448
f 6450 6449 6509
f 6453 6452 6512
f 6452 6511 6512
f 6454 6453 6513
f 6512 6513 6453
f 6455 6454 6514
f 6513 6514 6454
f 6456 6455 6515
f 6515 6455 6514
f 6457 6456 6516
f 6515 6516 6456
f 6400 6457 6459
f 6516 6459 6457
f 6459 6517 6458
f 6390 6389 6449
f 6518 6458 6517
f 6519 6460 6518
f 6460 6519 6461
f 6520 6461 6519
f 6461 6520 6462
f 6521 6462 6520
f 6462 6521 6463
f 6521 6522 6463
f 6463 6522 6464
f 6464 6522 6523
f 6464 6523 6465
f 6524 6465 6523
f 6451 6450 6510
f 6508 6509 6449
f 6458 6518 6460
f 6448 6449 6389
f 6391 6390 6450
f 6449 6450 6390
f 4932 4931 4991
f 4955 5014 4956
f 5016 4957 5015
f 5015 4957 4956
f 4974 5033 4975
f 5034 4975 5033
f 4975 5034 4976
f 5035 4976 5034
f 4976 5035 4977
f 5036 4977 5035
f 5036 5037 4977
f 5037 4978 4977
f 5037 5038 4978
f 5038 4979 4978
f 5038 5039 4979
f 4980 4979 5039
f 5039 5040 4980
f 4981 4980 5040
f 5033 4974 5032
f 5040 5041 4981
f 5041 4983 4982
f 4924 4982 4983
f 5042 5043 4983
f 4984 4983 5043
f 5043 5044 4984
f 4984 5044 4985
f 5044 5045 4985
f 4939 4938 4998
f 4986 4985 5045
f 4996 4997 4937
f 4995 4996 4936
f 4998 4938 4997
f 4865 4923 4924
f 4983 4984 4924
f 4925 4924 4984
f 4984 4985 4925
f 4926 4925 4985
f 4985 4986 4926
f 4927 4926 4986
f 4986 4987 4927
f 4927 4987 4928
f 4987 4988 4928
f 4928 4988 4929
f 4930 4929 4989
f 4988 4989 4929
f 4931 4930 4990
f 5015 4956 5014
f 4989 4990 4930
f 4990 4991 4931
f 4933 4932 4992
f 4991 4992 4932
f 4934 4933 4993
f 4992 4993 4933
f 4935 4934 4994
f 4993 4994 4934
f 4936 4935 4995
f 4994 4995 4935
f 4937 4936 4996
f 4938 4937 4997
f 4940 4939 4999
f 5045 5046 4986
f 5046 5047 4987
f 4969 5028 4970
f 5029 4970 5028
f 4970 5029 4971
f 5030 4971 5029
f 4971 5030 4972
f 5031 4972 5030
f 5024 4965 5023
f 5057 5056 5116
f 4848 4789 4847
f 4847 4788 4846
f 4605 4664 4606
f 4665 4606 4664
f 4666 4607 4665
f 4606 4665 4607
f 4607 4666 4608
f 4667 4608 4666
f 4608 4667 4609
f 4668 4609 4667
f 4609 4668 4610
f 4669 4610 4668
f 4610 4669 4611
f 4670 4611 4669
f 4611 4670 4612
f 4671 4612 4670
f 4612 4671 4613
f 4672 4613 4671
f 4613 4672 4614
f 4969 5027 5028
f 4987 4986 5046
f 4968 5027 4969
f 4967 5026 4968
f 4988 4987 5047
f 5047 5048 4988
f 4989 4988 5048
f 4982 4981 5041
f 4789 4848 4790
f 4973 5032 4974
f 4972 5031 4973
f 5017 4958 5016
f 4957 5016 4958
f 5018 4959 5017
f 4958 5017 4959
f 5019 4960 5018
f 4959 5018 4960
f 5020 4961 5019
f 5019 4961 4960
f 5021 4962 5020
f 4961 5020 4962
f 5022 4963 5021
f 4962 5021 4963
f 4963 5022 4964
f 5023 4964 5022
f 4973 5031 5032
f 4964 5023 4965
f 4965 5024 4966
f 5025 4966 5024
f 4966 5025 4967
f 5026 4967 5025
f 5027 4968 5026
f 4673 4614 4672
f 4998 4999 4939
f 4954 5013 4955
f 5044 5104 5045
f 5104 5105 5045
f 5105 5046 5045
f 5105 5106 5046
f 5047 5046 5106
f 5106 5107 5047
f 5048 5047 5107
f 5049 5048 5108
f 5107 5108 5048
f 5050 5049 5109
f 5108 5109 5049
f 5051 5050 5110
f 5109 5110 5050
f 5052 5051 5111
f 5110 5111 5051
f 5053 5052 5112
f 5111 5112 5052
f 5054 5053 5113
f 5112 5113 5053
f 5055 5054 5114
f 5114 5054 5113
f 5056 5055 5115
f 5114 5115 5055
f 5100 5042 5041
f 5041 5040 5100
f 5099 5100 5040
f 5040 5039 5099
f 5103 5104 5044
f 5084 5025 5083
f 5044 5043 5103
f 5043 5042 5102
f 5054 5055 4995
f 4997 4996 5056
f 5055 5056 4996
f 4998 4997 5057
f 5056 5057 4997
f 5023 5081 5082
f 4999 4998 5058
f 5000 4999 5059
f 5058 5059 4999
f 5001 5000 5060
f 5060 5000 5059
f 5002 5001 5061
f 5060 5061 5001
f 5003 5002 5062
f 5061 5062 5002
f 5004 5003 5063
f 5062 5063 5003
f 5005 5004 5064
f 5063 5064 5004
f 5065 5006 5064
f 5064 5006 5005
f 5058 4998 5057
f 5049 5050 4990
f 5023 5082 5024
f 5024 5083 5025
f 5042 4983 5041
f 5101 5102 5042
f 5102 5103 5043
f 4941 4940 5000
f 5025 5084 5026
f 5026 5085 5027
f 4942 4941 5001
f 5000 5001 4941
f 4943 4942 5002
f 5001 5002 4942
f 4944 4943 5003
f 4943 5002 5003
f 4945 4944 5004
f 4944 5003 5004
f 4946 4945 5005
f 5004 5005 4945
f 4947 4946 5006
f 5005 5006 4946
f 5007 4948 5006
f 4947 5006 4948
f 5008 4949 5007
f 4949 4948 5007
f 5009 4950 5008
f 4949 5008 4950
f 5010 4951 5009
f 4950 5009 4951
f 5011 4952 5010
f 4951 5010 4952
f 5012 4953 5011
f 5011 4953 4952
f 5013 4954 5012
f 4953 5012 4954
f 5014 4955 5013
f 4999 5000 4940
f 5085 5026 5084
f 4990 4989 5049
f 4991 4990 5050
f 5086 5027 5085
f 5027 5086 5028
f 5087 5028 5086
f 5028 5087 5029
f 5029 5087 5088
f 5029 5088 5030
f 5089 5030 5088
f 5030 5089 5031
f 5090 5031 5089
f 5031 5090 5032
f 5083 5024 5082
f 5091 5032 5090
f 5092 5033 5091
f 5033 5092 5034
f 5093 5034 5092
f 5034 5093 5035
f 5094 5035 5093
f 5035 5094 5036
f 5095 5036 5094
f 5095 5096 5036
f 5037 5036 5096
f 5096 5097 5037
f 5038 5037 5097
f 5097 5098 5038
f 5038 5098 5039
f 5098 5099 5039
f 5032 5091 5033
f 5048 5049 4989
f 4614 4673 4615
f 4615 4673 4674
f 4615 4674 4616
f 4527 4526 4586
f 4585 4586 4526
f 4528 4527 4587
f 4586 4587 4527
f 4612 4553 4611
f 4529 4528 4588
f 4530 4529 4589
f 4588 4589 4529
f 4531 4530 4590
f 4589 4590 4530
f 4532 4531 4591
f 4590 4591 4531
f 4533 4532 4592
f 4591 4592 4532
f 4534 4533 4593
f 4592 4593 4533
f 4535 4534 4594
f 4593 4594 4534
f 4536 4535 4595
f 4594 4595 4535
f 4587 4588 4528
f 4645 4646 4586
f 4553 4612 4554
f 4554 4613 4555
f 4571 4631 4572
f 4631 4632 4572
f 4572 4632 4573
f 4584 4585 4525
f 4632 4633 4573
f 4526 4525 4585
f 4525 4524 4584
f 4604 4545 4603
f 4544 4603 4545
f 4545 4604 4546
f 4546 4604 4605
f 4546 4605 4547
f 4606 4547 4605
f 4547 4606 4548
f 4607 4548 4606
f 4548 4607 4549
f 4608 4549 4607
f 4549 4608 4550
f 4609 4550 4608
f 4550 4609 4551
f 4610 4551 4609
f 4551 4610 4552
f 4611 4552 4610
f 4552 4611 4553
f 4596 4597 4537
f 4538 4537 4597
f 4595 4596 4536
f 4537 4536 4596
f 4522 4521 4581
f 4580 4581 4521
f 4523 4522 4582
f 4581 4582 4522
f 4524 4523 4583
f 4582 4583 4523
f 4583 4584 4524
f 4543 4602 4544
f 4574 4573 4633
f 4633 4634 4574
f 4557 4616 4558
f 4617 4558 4616
f 4558 4617 4559
f 4618 4559 4617
f 4559 4618 4560
f 4619 4560 4618
f 4560 4619 4561
f 4620 4561 4619
f 4561 4620 4562
f 4613 4554 4612
f 4621 4562 4620
f 4563 4621 4622
f 4563 4622 4564
f 4623 4564 4622
f 4564 4623 4565
f 4565 4623 4624
f 4565 4624 4566
f 4625 4566 4624
f 4566 4625 4567
f 4567 4625 4626
f 4626 4627 4567
f 4568 4567 4627
f 4627 4628 4568
f 4569 4568 4628
f 4628 4570 4569
f 4562 4621 4563
f 4712 4713 4653
f 4616 4557 4615
f 4575 4574 4634
f 4556 4615 4557
f 4555 4614 4556
f 4576 4575 4635
f 4635 4575 4634
f 4577 4576 4636
f 4635 4636 4576
f 4578 4577 4637
f 4636 4637 4577
f 4579 4578 4638
f 4638 4578 4637
f 4580 4579 4639
f 4638 4639 4579
f 4581 4580 4640
f 4639 4640 4580
f 4582 4581 4641
f 4640 4641 4581
f 4583 4582 4642
f 4641 4642 4582
f 4584 4583 4643
f 4642 4643 4583
f 4585 4584 4644
f 4643 4644 4584
f 4586 4585 4645
f 4644 4645 4585
f 4630 4631 4571
f 4570 4630 4571
f 4629 4630 4570
f 4569 4570 4511
f 4555 4613 4614
f 4615 4556 4614
f 4603 4544 4602
f 4542 4601 4543
f 4602 4543 4601
f 4597 4656 4598
f 4658 4599 4657
f 4598 4657 4599
f 4659 4600 4658
f 4599 4658 4600
f 4660 4601 4659
f 4600 4659 4601
f 4661 4602 4660
f 4601 4660 4602
f 4662 4603 4661
f 4602 4661 4603
f 4654 4655 4595
f 4646 4647 4587
f 4620 4679 4621
f 4621 4680 4622
f 4697 4698 4638
f 4640 4639 4699
f 4698 4699 4639
f 4641 4640 4700
f 4699 4700 4640
f 4642 4641 4701
f 4700 4701 4641
f 4643 4642 4702
f 4701 4702 4642
f 4644 4643 4703
f 4702 4703 4643
f 4645 4644 4704
f 4657 4598 4656
f 4644 4703 4704
f 4655 4656 4596
f 4596 4595 4655
f 4675 4616 4674
f 4616 4675 4617
f 4676 4617 4675
f 4617 4676 4618
f 4677 4618 4676
f 4618 4677 4619
f 4678 4619 4677
f 4619 4678 4620
f 4604 4663 4605
f 4664 4605 4663
f 4662 4604 4603
f 4663 4604 4662
f 4589 4588 4648
f 4647 4648 4588
f 4590 4589 4649
f 4648 4649 4589
f 4591 4590 4650
f 4649 4650 4590
f 4592 4591 4651
f 4650 4651 4591
f 4593 4592 4652
f 4651 4652 4592
f 4594 4593 4653
f 4652 4653 4593
f 4595 4594 4654
f 4654 4594 4653
f 4678 4679 4620
f 4597 4596 4656
f 4646 4645 4705
f 4704 4705 4645
f 4647 4646 4706
f 4570 4628 4629
f 4630 4629 4689
f 4689 4690 4630
f 4631 4630 4690
f 4690 4691 4631
f 4632 4631 4691
f 4691 4692 4632
f 4632 4692 4633
f 4634 4633 4693
f 4692 4693 4633
f 4635 4634 4694
f 4693 4694 4634
f 4636 4635 4695
f 4694 4695 4635
f 4637 4636 4696
f 4688 4689 4629
f 4654 4653 4713
f 4588 4587 4647
f 4587 4586 4646
f 4598 4539 4597
f 4597 4539 4538
f 4599 4540 4598
f 4539 4598 4540
f 4600 4541 4599
f 4540 4599 4541
f 4601 4542 4600
f 4600 4542 4541
f 4680 4621 4679
f 4687 4629 4628
f 4627 4687 4628
f 4686 4687 4627
f 4706 4646 4705
f 4648 4647 4707
f 4706 4707 4647
f 4649 4648 4708
f 4708 4648 4707
f 4650 4649 4709
f 4708 4709 4649
f 4651 4650 4710
f 4709 4710 4650
f 4652 4651 4711
f 4710 4711 4651
f 4653 4652 4712
f 4711 4712 4652
f 4996 4995 5055
f 4639 4638 4698
f 4638 4637 4697
f 4636 4695 4696
f 4681 4622 4680
f 4622 4681 4623
f 4682 4623 4681
f 4623 4682 4624
f 4683 4624 4682
f 4624 4683 4625
f 4684 4625 4683
f 4625 4684 4626
f 4685 4626 4684
f 4685 4686 4626
f 4627 4626 4686
f 4696 4697 4637
f 4713 4714 4654
f 4994 5053 5054
f 5052 5053 4993
f 6300 6359 6301
f 6360 6301 6359
f 6301 6360 6302
f 6361 6302 6360
f 6302 6361 6303
f 6362 6303 6361
f 6303 6362 6304
f 6363 6304 6362
f 6304 6363 6305
f 6364 6305 6363
f 6305 6364 6306
f 6365 6306 6364
f 6315 6373 6374
f 6306 6365 6307
f 6307 6366 6308
f 6367 6308 6366
f 6308 6367 6309
f 6368 6309 6367
f 6309 6368 6310
f 6369 6310 6368
f 6310 6369 6311
f 6370 6311 6369
f 6311 6370 6312
f 6371 6312 6370
f 6312 6371 6313
f 6372 6313 6371
f 6313 6372 6314
f 6359 6300 6358
f 6373 6314 6372
f 6299 6358 6300
f 6315 6374 6316
f 6377 6378 6318
f 6320 6319 6379
f 6378 6379 6319
f 6321 6320 6380
f 6379 6380 6320
f 6322 6321 6381
f 6380 6381 6321
f 6323 6322 6382
f 6381 6382 6322
f 6375 6316 6374
f 6324 6323 6383
f 6325 6324 6384
f 6383 6384 6324
f 6326 6325 6385
f 6384 6385 6325
f 6327 6326 6386
f 6386 6326 6385
f 6328 6327 6387
f 6386 6387 6327
f 6329 6328 6388
f 6387 6388 6328
f 6330 6329 6389
f 6388 6389 6329
f 6331 6330 6390
f 6389 6390 6330
f 6382 6383 6323
f 6457 6400 6398
f 6314 6373 6315
f 6319 6318 6378
f 6365 6366 6307
f 5593 5652 5594
f 4931 4932 4872
f 4873 4872 4932
f 4930 4931 4871
f 4915 4916 4857
f 4857 4916 4858
f 4917 4858 4916
f 4858 4917 4859
f 4918 4859 4917
f 4859 4918 4860
f 4919 4860 4918
f 4860 4919 4861
f 4920 4861 4919
f 4920 4921 4861
f 4921 4862 4861
f 4921 4922 4862
f 4922 4863 4862
f 4922 4923 4863
f 4889 4888 4948
f 4923 4864 4863
f 4865 4806 4864
f 4924 4925 4865
f 4866 4865 4925
f 4925 4926 4866
f 4867 4866 4926
f 4926 4927 4867
f 4867 4927 4868
f 4927 4928 4868
f 4874 4873 4933
f 5654 5595 5653
f 4946 4947 4887
f 4946 4886 4945
f 5653 5594 5652
f 4932 4933 4873
f 4875 4874 4934
f 4933 4934 4874
f 4876 4875 4935
f 4934 4935 4875
f 4877 4876 4936
f 4935 4936 4876
f 4878 4877 4937
f 4936 4937 4877
f 4879 4878 4938
f 4937 4938 4878
f 4880 4879 4939
f 4939 4879 4938
f 4881 4880 4940
f 4939 4940 4880
f 4882 4881 4941
f 4940 4941 4881
f 4883 4882 4942
f 4942 4882 4941
f 4884 4883 4943
f 4942 4943 4883
f 4885 4884 4944
f 4943 4944 4884
f 4886 4885 4945
f 4944 4945 4885
f 4887 4886 4946
f 4888 4887 4947
f 4869 4868 4928
f 6377 6318 6376
f 6375 6376 6317
f 6373 6432 6374
f 6425 6366 6424
f 6433 6374 6432
f 6433 6434 6374
f 6376 6375 6435
f 6435 6375 6434
f 6377 6376 6436
f 6435 6436 6376
f 6378 6377 6437
f 6437 6377 6436
f 6379 6378 6438
f 6437 6438 6378
f 6380 6379 6439
f 6438 6439 6379
f 6381 6380 6440
f 6440 6380 6439
f 6382 6381 6441
f 6375 6374 6434
f 6333 6332 6392
f 6390 6391 6331
f 6332 6331 6391
f 6340 6342 6281
f 6284 6283 6343
f 6342 6343 6283
f 6285 6284 6344
f 6343 6344 6284
f 6286 6285 6345
f 6432 6373 6431
f 6344 6345 6285
f 6372 6431 6373
f 6371 6430 6372
f 6392 6391 6451
f 6450 6451 6391
f 6393 6392 6452
f 6451 6452 6392
f 6394 6393 6453
f 6393 6452 6453
f 6395 6394 6454
f 6453 6454 6394
f 6396 6395 6455
f 6455 6395 6454
f 6397 6396 6456
f 6455 6456 6396
f 6398 6397 6457
f 6456 6457 6397
f 6384 6383 6443
f 6441 6442 6382
f 6383 6382 6442
f 6441 6381 6440
f 6426 6367 6425
f 6367 6426 6368
f 6427 6368 6426
f 6368 6427 6369
f 6428 6369 6427
f 6369 6428 6370
f 6429 6370 6428
f 6370 6429 6371
f 6430 6371 6429
f 6430 6431 6372
f 6317 6376 6318
f 6287 6286 6346
f 6288 6287 6347
f 6328 6329 6269
f 6271 6270 6330
f 6329 6330 6270
f 6272 6271 6331
f 6330 6331 6271
f 6273 6272 6332
f 6297 6356 6298
f 6332 6272 6331
f 6332 6333 6273
f 6275 6274 6334
f 6334 6274 6333
f 6276 6275 6335
f 6334 6335 6275
f 6277 6276 6336
f 6336 6276 6335
f 6278 6277 6337
f 6336 6337 6277
f 6279 6278 6338
f 6337 6338 6278
f 6280 6279 6339
f 6338 6339 6279
f 6223 6280 6282
f 6274 6273 6333
f 6357 6298 6356
f 6298 6357 6299
f 6358 6299 6357
f 6316 6375 6317
f 6270 6269 6329
f 6345 6346 6286
f 6328 6268 6327
f 6327 6267 6326
f 6346 6347 6287
f 6288 6347 6289
f 6347 6348 6289
f 6289 6348 6290
f 6349 6290 6348
f 6290 6349 6291
f 6291 6349 6350
f 6291 6350 6292
f 6351 6292 6350
f 6292 6351 6293
f 6352 6293 6351
f 6293 6352 6294
f 6294 6352 6353
f 6294 6353 6295
f 6354 6295 6353
f 6295 6354 6296
f 6296 6354 6355
f 6296 6355 6297
f 6356 6297 6355
f 6283 6281 6342
f 6341 6340 6282
f 6281 6282 6340
f 6339 6282 6280
f 6325 6265 6324
f 6267 6266 6326
f 6325 6326 6266
f 6268 6267 6327
f 6269 6268 6328
f 4928 4929 4869
f 4870 4869 4929
f 4871 4870 4930
f 4848 4907 4849
f 4908 4849 4907
f 4849 4908 4850
f 4909 4850 4908
f 4850 4909 4851
f 4910 4851 4909
f 4851 4910 4852
f 4852 4910 4911
f 4852 4911 4853
f 4912 4853 4911
f 4853 4912 4854
f 4913 4854 4912
f 4854 4913 4855
f 4839 4898 4840
f 4899 4840 4898
f 4838 4897 4839
f 4898 4839 4897
f 4824 4823 4883
f 4882 4883 4823
f 4825 4824 4884
f 4883 4884 4824
f 4826 4825 4885
f 4884 4885 4825
f 4827 4826 4886
f 4885 4886 4826
f 4828 4827 4887
f 4886 4887 4827
f 4907 4848 4906
f 4829 4828 4888
f 4847 4906 4848
f 4846 4905 4847
f 4799 4858 4800
f 4859 4800 4858
f 4800 4859 4801
f 4860 4801 4859
f 4801 4860 4802
f 4861 4802 4860
f 4861 4862 4802
f 4803 4802 4862
f 4862 4863 4803
f 4804 4803 4863
f 4863 4864 4804
f 4797 4856 4798
f 4855 4914 4856
f 4881 4821 4880
f 4881 4882 4822
f 4900 4841 4899
f 4840 4899 4841
f 4901 4842 4900
f 4841 4900 4842
f 4902 4843 4901
f 4842 4901 4843
f 4903 4844 4902
f 4902 4844 4843
f 4844 4903 4845
f 4904 4845 4903
f 4845 4904 4846
f 4905 4846 4904
f 4905 4906 4847
f 4858 4799 4857
f 4887 4888 4828
f 4888 4889 4829
f 5013 5072 5014
f 5074 5015 5073
f 5014 5073 5015
f 5075 5016 5074
f 5015 5074 5016
f 5076 5017 5075
f 5016 5075 5017
f 5077 5018 5076
f 5017 5076 5018
f 5078 5019 5077
f 5018 5077 5019
f 5079 5020 5078
f 5019 5078 5020
f 5080 5021 5079
f 5020 5079 5021
f 5081 5022 5080
f 5021 5080 5022
f 5022 5081 5023
f 5008 5007 5066
f 5067 5008 5066
f 5006 5065 5007
f 5066 5007 5065
f 4992 4991 5051
f 5050 5051 4991
f 4993 4992 5052
f 5052 4992 5051
f 4994 4993 5053
f 5073 5014 5072
f 4830 4829 4889
f 5012 5071 5013
f 5070 5012 5011
f 4823 4822 4882
f 4831 4830 4890
f 4891 4832 4890
f 4831 4890 4832
f 4892 4833 4891
f 4832 4891 4833
f 4893 4834 4892
f 4833 4892 4834
f 4894 4835 4893
f 4834 4893 4835
f 4895 4836 4894
f 4835 4894 4836
f 4896 4837 4895
f 4836 4895 4837
f 4897 4838 4896
f 4837 4896 4838
f 4889 4890 4830
f 4981 4982 4922
f 4923 4922 4982
f 4982 4924 4923
f 5068 5009 5067
f 5008 5067 5009
f 5069 5010 5068
f 5009 5068 5010
f 5070 5011 5069
f 5010 5069 5011
f 5071 5012 5070
f 5072 5013 5071
f 4798 4857 4799
f 4857 4798 4856
f 4856 4797 4855
f 4920 4919 4979
f 4979 4980 4920
f 4921 4920 4980
f 4980 4981 4921
f 4966 4907 4965
f 4906 4965 4907
f 4965 4906 4964
f 4905 4964 4906
f 4950 4891 4949
f 4890 4949 4891
f 4951 4892 4950
f 4891 4950 4892
f 4952 4893 4951
f 4892 4951 4893
f 4953 4894 4952
f 4893 4952 4894
f 4954 4895 4953
f 4894 4953 4895
f 4955 4896 4954
f 4895 4954 4896
f 4956 4897 4955
f 4896 4955 4897
f 4949 4890 4948
f 4957 4898 4956
f 4958 4899 4957
f 4898 4957 4899
f 4959 4900 4958
f 4978 4979 4919
f 4899 4958 4900
f 4978 4919 4977
f 4977 4918 4976
f 4930 4870 4929
f 4872 4871 4931
f 4923 4865 4864
f 4856 4915 4857
f 4947 4948 4888
f 4889 4948 4890
f 4907 4966 4908
f 4967 4908 4966
f 4908 4967 4909
f 4909 4967 4968
f 4909 4968 4910
f 4910 4968 4969
f 4910 4969 4911
f 4911 4969 4970
f 4911 4970 4912
f 4971 4912 4970
f 4912 4971 4913
f 4972 4913 4971
f 4913 4972 4914
f 4973 4914 4972
f 4914 4973 4915
f 4974 4915 4973
f 4915 4974 4916
f 4975 4916 4974
f 4916 4975 4917
f 4976 4917 4975
f 4917 4976 4918
f 4918 4977 4919
f 4960 4901 4959
f 4900 4959 4901
f 4961 4902 4960
f 4818 4817 4877
f 4876 4877 4817
f 4819 4818 4878
f 4877 4878 4818
f 4820 4819 4879
f 4878 4879 4819
f 4821 4820 4880
f 4879 4880 4820
f 4865 4866 4806
f 4747 4805 4806
f 4864 4806 4805
f 4805 4804 4864
f 4849 4790 4848
f 4790 4849 4791
f 4850 4791 4849
f 4791 4850 4792
f 4851 4792 4850
f 4792 4851 4793
f 4852 4793 4851
f 4793 4852 4794
f 4853 4794 4852
f 4794 4853 4795
f 4854 4795 4853
f 4795 4854 4796
f 4855 4796 4854
f 4796 4855 4797
f 4822 4821 4881
f 4876 4816 4875
f 4817 4816 4876
f 4874 4875 4815
f 4816 4815 4875
f 4901 4960 4902
f 4962 4903 4961
f 4902 4961 4903
f 4903 4962 4904
f 4963 4904 4962
f 4904 4963 4905
f 4964 4905 4963
f 4956 4898 4897
f 4922 4921 4981
f 4915 4856 4914
f 4914 4855 4913
f 4807 4806 4866
f 4866 4867 4807
f 4995 4994 5054
f 4808 4807 4867
f 4809 4808 4868
f 4868 4869 4809
f 4810 4809 4869
f 4869 4870 4810
f 4810 4870 4811
f 4812 4811 4871
f 4870 4871 4811
f 4813 4812 4872
f 4871 4872 4812
f 4814 4813 4873
f 4872 4873 4813
f 4815 4814 4874
f 4873 4874 4814
f 4867 4868 4808
f 3238 8109 8162
f 3998 3999 3939
f 3997 3998 3938
f 2499 2500 2458
f 2460 2459 2501
f 2501 2459 2500
f 2493 2494 2452
f 2461 2460 2502
f 2462 2461 2503
f 2461 2502 2503
f 2463 2462 2504
f 2462 2503 2504
f 2464 2463 2505
f 2504 2505 2463
f 2465 2464 2506
f 2505 2506 2464
f 2466 2465 2507
f 2506 2507 2465
f 2467 2466 2508
f 2507 2508 2466
f 2468 2467 2509
f 2508 2509 2467
f 2501 2502 2460
f 2424 2425 2376
f 2476 2432 2431
f 2389 2434 2390
f 2435 2390 2434
f 2390 2435 2391
f 2436 2391 2435
f 2391 2436 2392
f 2459 2458 2500
f 2437 2392 2436
f 2498 2499 2457
f 2497 2498 2456
f 2436 2477 2437
f 2492 2493 2451
f 2452 2451 2493
f 2453 2452 2494
f 2471 2470 2512
f 2511 2512 2470
f 2472 2471 2513
f 2512 2513 2471
f 2473 2472 2514
f 2513 2514 2472
f 2474 2473 2515
f 2514 2515 2473
f 2475 2474 2516
f 2515 2516 2474
f 2476 2475 2517
f 2516 2517 2475
f 2510 2511 2469
f 2470 2469 2511
f 2509 2510 2468
f 2469 2468 2510
f 2454 2453 2495
f 2494 2495 2453
f 2455 2454 2496
f 2495 2496 2454
f 2456 2455 2497
f 2455 2496 2497
f 2457 2456 2498
f 2458 2457 2499
f 2451 2450 2492
f 2392 2437 2393
f 2393 2438 2394
f 2463 2464 2418
f 2420 2419 2465
f 2464 2465 2419
f 2421 2420 2466
f 2465 2466 2420
f 2422 2421 2467
f 2466 2467 2421
f 2423 2422 2468
f 2422 2467 2468
f 2424 2423 2469
f 2468 2469 2423
f 2425 2424 2470
f 2469 2470 2424
f 2426 2425 2471
f 2470 2471 2425
f 2427 2426 2472
f 2426 2471 2472
f 2428 2427 2473
f 2473 2427 2472
f 2429 2428 2474
f 2473 2474 2428
f 2430 2429 2475
f 2475 2429 2474
f 2476 2431 2475
f 2430 2475 2431
f 2462 2416 2461
f 2417 2416 2462
f 2419 2418 2464
f 2438 2393 2437
f 2463 2417 2462
f 2445 2400 2444
f 2439 2394 2438
f 2394 2439 2395
f 2440 2395 2439
f 2395 2440 2396
f 2396 2440 2441
f 2396 2441 2397
f 2442 2397 2441
f 2397 2442 2398
f 2398 2442 2443
f 2425 2426 2377
f 2379 2378 2427
f 2426 2427 2378
f 2380 2379 2428
f 2427 2428 2379
f 2429 2381 2428
f 2380 2428 2381
f 2430 2382 2429
f 2381 2429 2382
f 2431 2383 2430
f 2430 2383 2382
f 2432 2384 2431
f 2383 2431 2384
f 2433 2385 2432
f 2398 2443 2399
f 2384 2432 2385
f 2385 2433 2386
f 2444 2399 2443
f 2418 2417 2463
f 2415 2460 2461
f 2491 2492 2450
f 2490 2450 2449
f 2300 2299 2355
f 2355 2356 2300
f 2301 2300 2356
f 2356 2302 2301
f 2243 2301 2302
f 2357 2358 2302
f 2303 2302 2358
f 2358 2359 2303
f 2304 2303 2359
f 2359 2360 2304
f 2305 2304 2360
f 2360 2361 2305
f 2305 2361 2306
f 2361 2362 2306
f 2307 2306 2362
f 2308 2307 2363
f 2362 2363 2307
f 2309 2308 2364
f 2363 2364 2308
f 2310 2309 2365
f 2364 2365 2309
f 2311 2310 2366
f 2365 2366 2310
f 2312 2311 2367
f 2366 2367 2311
f 2313 2312 2368
f 2298 2297 2353
f 2354 2355 2299
f 2352 2353 2297
f 2299 2298 2354
f 2336 2281 2335
f 2308 2309 2249
f 2251 2250 2310
f 2309 2310 2250
f 2252 2251 2311
f 2310 2311 2251
f 2253 2252 2312
f 2311 2312 2252
f 2254 2253 2313
f 2312 2313 2253
f 2255 2254 2314
f 2313 2314 2254
f 2314 2315 2255
f 2257 2256 2316
f 2316 2256 2315
f 2258 2257 2317
f 2316 2317 2257
f 2259 2258 2318
f 2318 2258 2317
f 2260 2259 2319
f 2318 2319 2259
f 2261 2260 2320
f 2319 2320 2260
f 2262 2261 2321
f 2320 2321 2261
f 2263 2262 2322
f 2256 2255 2315
f 2314 2313 2369
f 2353 2354 2298
f 2405 2449 2450
f 2297 2296 2352
f 2281 2336 2282
f 2377 2376 2425
f 2378 2377 2426
f 2478 2437 2477
f 2437 2478 2438
f 2479 2438 2478
f 2438 2479 2439
f 2480 2439 2479
f 2439 2480 2440
f 2481 2440 2480
f 2440 2481 2441
f 2441 2481 2482
f 2441 2482 2442
f 2483 2442 2482
f 2442 2483 2443
f 2484 2443 2483
f 2443 2484 2444
f 2485 2444 2484
f 2444 2485 2445
f 2486 2445 2485
f 2445 2486 2446
f 2487 2446 2486
f 2446 2487 2447
f 2488 2447 2487
f 2447 2488 2448
f 2489 2448 2488
f 2489 2490 2448
f 2490 2449 2448
f 2306 2307 2247
f 2351 2352 2296
f 2344 2289 2343
f 2350 2351 2295
f 2282 2336 2337
f 2282 2337 2283
f 2338 2283 2337
f 2283 2338 2284
f 2339 2284 2338
f 2284 2339 2285
f 2340 2285 2339
f 2285 2340 2286
f 2341 2286 2340
f 2286 2341 2287
f 2342 2287 2341
f 2287 2342 2288
f 2343 2288 2342
f 2280 2335 2281
f 2288 2343 2289
f 2289 2344 2290
f 2345 2290 2344
f 2290 2345 2291
f 2346 2291 2345
f 2291 2346 2292
f 2347 2292 2346
f 2292 2347 2293
f 2293 2347 2348
f 2293 2348 2294
f 2349 2294 2348
f 2349 2350 2294
f 2295 2294 2350
f 2295 2351 2296
f 2250 2249 2309
f 2416 2415 2461
f 2446 2401 2445
f 2151 2092 2150
f 2091 2150 2092
f 2152 2093 2151
f 2092 2151 2093
f 2153 2094 2152
f 2093 2152 2094
f 2154 2095 2153
f 2147 2088 2146
f 2170 2171 2111
f 2045 2104 2046
f 2044 2103 2045
f 2055 2056 1996
f 1997 1996 2056
f 2056 2057 1997
f 1998 1997 2057
f 2057 2058 1998
f 1999 1998 2058
f 2058 2059 1999
f 2000 1999 2059
f 2059 2060 2000
f 2001 2000 2060
f 2060 2061 2001
f 2002 2001 2061
f 2061 2062 2002
f 2003 2002 2062
f 2062 2063 2003
f 2004 2003 2063
f 2090 2149 2091
f 2063 2064 2004
f 2150 2091 2149
f 2149 2090 2148
f 2109 2168 2110
f 2169 2110 2168
f 2169 2170 2110
f 2111 2110 2170
f 2156 2097 2155
f 2154 2096 2095
f 2155 2096 2154
f 2094 2153 2095
f 2138 2139 2079
f 2081 2080 2140
f 2140 2080 2139
f 2082 2081 2141
f 2140 2141 2081
f 2083 2082 2142
f 2142 2082 2141
f 2084 2083 2143
f 2142 2143 2083
f 2144 2085 2143
f 2084 2143 2085
f 2145 2086 2144
f 2085 2144 2086
f 2146 2087 2145
f 2138 2078 2137
f 2086 2145 2087
f 2087 2146 2088
f 2148 2089 2147
f 2088 2147 2089
f 2089 2148 2090
f 2109 2167 2168
f 2005 2004 2064
f 2006 2005 2065
f 1988 2047 1989
f 2048 1989 2047
f 1989 2048 1990
f 2049 1990 2048
f 1990 2049 1991
f 2050 1991 2049
f 1991 2050 1992
f 2051 1992 2050
f 2051 2052 1992
f 1992 2052 1993
f 2052 2053 1993
f 2053 1994 1993
f 2045 2046 1987
f 2104 2045 2103
f 2070 2071 2011
f 2071 2072 2012
f 2088 2030 2029
f 2090 2031 2089
f 2030 2089 2031
f 2091 2032 2090
f 2031 2090 2032
f 2092 2033 2091
f 2032 2091 2033
f 2093 2034 2092
f 2033 2092 2034
f 2094 2035 2093
f 2034 2093 2035
f 2047 1988 2046
f 2064 2065 2005
f 1987 2046 1988
f 2010 2070 2011
f 2065 2007 2006
f 2006 2007 1948
f 2066 2067 2007
f 2008 2007 2067
f 2067 2068 2008
f 2009 2008 2068
f 2068 2069 2009
f 2010 2009 2069
f 2069 2070 2010
f 1995 2055 1996
f 2054 2055 1995
f 2054 1995 1994
f 2053 2054 1994
f 2039 1980 2038
f 1979 2038 1980
f 2040 1981 2039
f 1981 1980 2039
f 2041 1982 2040
f 2040 1982 1981
f 2042 1983 2041
f 1982 2041 1983
f 2043 1984 2042
f 1983 2042 1984
f 1984 2043 1985
f 2044 1985 2043
f 1985 2044 1986
f 2044 2045 1986
f 1986 2045 1987
f 2400 2445 2401
f 2108 2167 2109
f 2107 2166 2108
f 2245 2305 2246
f 2122 2123 2063
f 2064 2063 2123
f 2123 2124 2064
f 2065 2064 2124
f 2124 2066 2065
f 2007 2065 2066
f 2125 2126 2066
f 2067 2066 2126
f 2126 2127 2067
f 2127 2068 2067
f 2127 2128 2068
f 2068 2128 2069
f 2128 2129 2069
f 2070 2069 2129
f 2129 2130 2070
f 2071 2070 2130
f 2130 2131 2071
f 2072 2071 2131
f 2131 2132 2072
f 2072 2132 2073
f 2074 2073 2133
f 2132 2133 2073
f 2075 2074 2134
f 2074 2133 2134
f 2076 2075 2135
f 2134 2135 2075
f 2305 2306 2246
f 2077 2076 2136
f 2247 2246 2306
f 2459 2460 2414
f 2401 2446 2402
f 2447 2402 2446
f 2447 2448 2402
f 2402 2448 2403
f 2448 2449 2403
f 2449 2404 2403
f 2449 2405 2404
f 2357 2404 2405
f 2450 2451 2405
f 2406 2405 2451
f 2451 2452 2406
f 2407 2406 2452
f 2399 2444 2400
f 2452 2453 2407
f 2453 2454 2408
f 2409 2408 2454
f 2410 2409 2455
f 2409 2454 2455
f 2411 2410 2456
f 2455 2456 2410
f 2412 2411 2457
f 2456 2457 2411
f 2413 2412 2458
f 2458 2412 2457
f 2414 2413 2459
f 2458 2459 2413
f 2415 2414 2460
f 2408 2407 2453
f 2167 2108 2166
f 2135 2136 2076
f 2062 2122 2063
f 2119 2120 2060
f 2061 2060 2120
f 2113 2054 2053
f 2104 2105 2046
f 2079 2078 2138
f 2080 2079 2139
f 2096 2155 2097
f 2157 2098 2156
f 2097 2156 2098
f 2158 2099 2157
f 2098 2157 2099
f 2159 2100 2158
f 2099 2158 2100
f 2100 2159 2101
f 2160 2101 2159
f 2101 2160 2102
f 2161 2102 2160
f 2102 2161 2103
f 2162 2103 2161
f 2103 2162 2104
f 2163 2104 2162
f 2104 2163 2105
f 2164 2105 2163
f 2105 2164 2106
f 2165 2106 2164
f 2106 2165 2107
f 2166 2107 2165
f 2060 2059 2119
f 2078 2077 2137
f 2118 2119 2059
f 2117 2118 2058
f 2121 2122 2062
f 2061 2121 2062
f 2120 2121 2061
f 2046 2105 2047
f 2106 2047 2105
f 2047 2106 2048
f 2107 2048 2106
f 2048 2107 2049
f 2108 2049 2107
f 2049 2108 2050
f 2109 2050 2108
f 2050 2109 2051
f 2051 2109 2110
f 2110 2111 2051
f 2052 2051 2111
f 2111 2112 2052
f 2053 2052 2112
f 2137 2077 2136
f 2112 2113 2053
f 2113 2114 2054
f 2055 2054 2114
f 2114 2115 2055
f 2115 2056 2055
f 2115 2116 2056
f 2057 2056 2116
f 2116 2117 2057
f 2058 2057 2117
f 2059 2058 2118
f 2249 2248 2308
f 2307 2308 2248
f 2248 2247 2307
f 622 621 681
f 681 621 680
f 623 622 682
f 682 622 681
f 624 623 683
f 682 683 623
f 625 624 684
f 683 684 624
f 626 625 685
f 684 685 625
f 627 626 686
f 686 626 685
f 628 627 687
f 686 687 627
f 629 628 688
f 687 688 628
f 630 629 689
f 688 689 629
f 631 630 690
f 689 690 630
f 632 631 691
f 690 691 631
f 633 632 692
f 691 692 632
f 634 633 693
f 692 693 633
f 635 634 694
f 679 680 620
f 678 679 619
f 621 620 680
f 661 602 660
f 573 572 632
f 631 632 572
f 574 573 633
f 632 633 573
f 575 574 634
f 633 634 574
f 576 575 635
f 634 635 575
f 577 576 636
f 601 660 602
f 576 635 636
f 577 636 637
f 579 578 638
f 637 638 578
f 580 579 639
f 579 638 639
f 581 580 640
f 639 640 580
f 582 581 641
f 640 641 581
f 582 641 583
f 642 583 641
f 583 642 584
f 643 584 642
f 584 643 585
f 578 577 637
f 570 569 629
f 662 603 661
f 630 631 571
f 620 619 679
f 619 618 678
f 628 568 627
f 569 568 628
f 567 626 627
f 520 519 579
f 578 579 519
f 521 520 580
f 579 580 520
f 522 521 581
f 580 581 521
f 523 522 582
f 581 582 522
f 523 582 524
f 524 582 583
f 524 583 525
f 584 525 583
f 525 584 526
f 585 526 584
f 526 585 527
f 586 527 585
f 527 586 528
f 587 528 586
f 528 587 529
f 588 529 587
f 529 588 530
f 589 530 588
f 530 589 531
f 590 531 589
f 670 611 669
f 677 678 618
f 676 677 617
f 675 676 616
f 603 662 604
f 663 604 662
f 604 663 605
f 664 605 663
f 605 664 606
f 665 606 664
f 606 665 607
f 666 607 665
f 607 666 608
f 667 608 666
f 608 667 609
f 667 668 609
f 609 668 610
f 669 610 668
f 602 661 603
f 610 669 611
f 611 670 612
f 671 612 670
f 612 671 613
f 672 613 671
f 613 672 614
f 673 614 672
f 615 614 674
f 673 674 614
f 616 615 675
f 675 615 674
f 617 616 676
f 618 617 677
f 531 590 473
f 572 571 631
f 571 570 630
f 484 425 483
f 425 484 426
f 485 426 484
f 426 485 427
f 486 427 485
f 427 486 428
f 487 428 486
f 428 487 429
f 487 488 429
f 429 488 430
f 489 430 488
f 430 489 431
f 490 431 489
f 431 490 432
f 491 432 490
f 432 491 433
f 492 433 491
f 418 477 419
f 418 476 477
f 417 476 418
f 476 417 475
f 460 461 401
f 403 402 462
f 461 462 402
f 404 403 463
f 462 463 403
f 405 404 464
f 424 483 425
f 463 464 404
f 424 482 483
f 482 423 481
f 375 434 376
f 376 435 377
f 436 377 435
f 377 436 378
f 437 378 436
f 378 437 379
f 438 379 437
f 379 438 380
f 380 438 439
f 381 380 440
f 439 440 380
f 382 381 441
f 381 440 441
f 383 382 442
f 441 442 382
f 376 434 435
f 493 434 492
f 401 400 460
f 402 401 461
f 419 477 478
f 419 478 420
f 478 479 420
f 420 479 421
f 421 479 480
f 421 480 422
f 480 481 422
f 422 481 423
f 423 482 424
f 629 630 570
f 405 464 406
f 406 465 407
f 590 649 532
f 591 532 649
f 591 650 592
f 651 592 650
f 592 651 593
f 652 593 651
f 593 652 594
f 594 652 653
f 594 653 595
f 654 595 653
f 595 654 596
f 655 596 654
f 596 655 597
f 656 597 655
f 597 656 598
f 657 598 656
f 598 657 599
f 658 599 657
f 599 658 600
f 600 658 659
f 600 659 601
f 660 601 659
f 586 645 587
f 645 586 644
f 585 644 586
f 644 585 643
f 628 629 569
f 649 590 648
f 465 406 464
f 589 648 590
f 588 647 589
f 466 407 465
f 407 466 408
f 467 408 466
f 408 467 409
f 459 460 400
f 468 409 467
f 469 410 468
f 410 469 411
f 470 411 469
f 411 470 412
f 471 412 470
f 412 471 413
f 471 472 413
f 413 472 355
f 414 355 472
f 414 473 415
f 474 415 473
f 415 474 416
f 475 416 474
f 416 475 417
f 409 468 410
f 559 560 500
f 502 501 561
f 501 560 561
f 646 587 645
f 587 646 588
f 647 588 646
f 648 589 647
f 473 590 532
f 532 591 533
f 592 533 591
f 2364 2363 2412
f 2411 2412 2363
f 2365 2364 2413
f 2412 2413 2364
f 2366 2365 2414
f 2413 2414 2365
f 2367 2366 2415
f 2414 2415 2366
f 2368 2367 2416
f 2415 2416 2367
f 2369 2368 2417
f 2416 2417 2368
f 2370 2369 2418
f 2417 2418 2369
f 2371 2370 2419
f 2418 2419 2370
f 2372 2371 2420
f 2419 2420 2371
f 2373 2372 2421
f 2420 2421 2372
f 2374 2373 2422
f 2421 2422 2373
f 2375 2374 2423
f 2422 2423 2374
f 2376 2375 2424
f 2361 2360 2409
f 2408 2409 2360
f 2411 2362 2410
f 2360 2359 2408
f 2363 2362 2411
f 2409 2410 2361
f 2319 2318 2374
f 2373 2374 2318
f 2320 2319 2375
f 2374 2375 2319
f 2321 2320 2376
f 2375 2376 2320
f 2322 2321 2377
f 2342 2390 2343
f 2376 2377 2321
f 2377 2378 2322
f 2324 2323 2379
f 2378 2379 2323
f 2380 2325 2379
f 2324 2379 2325
f 2381 2326 2380
f 2325 2380 2326
f 2382 2327 2381
f 2326 2381 2327
f 2383 2328 2382
f 2327 2382 2328
f 2384 2329 2383
f 2329 2328 2383
f 2385 2330 2384
f 2323 2322 2378
f 2315 2314 2370
f 2391 2343 2390
f 2344 2391 2392
f 2362 2361 2410
f 2373 2317 2372
f 2407 2408 2359
f 2393 2345 2392
f 2368 2312 2367
f 2264 2323 2265
f 2325 2266 2324
f 2265 2324 2266
f 2326 2267 2325
f 2266 2325 2267
f 2327 2268 2326
f 2267 2326 2268
f 2328 2269 2327
f 2269 2268 2327
f 2329 2270 2328
f 2269 2328 2270
f 2330 2271 2329
f 2270 2329 2271
f 2331 2272 2330
f 2271 2330 2272
f 2332 2273 2331
f 2272 2331 2273
f 2273 2332 2274
f 2333 2274 2332
f 2274 2333 2275
f 2334 2275 2333
f 2275 2334 2276
f 2324 2265 2323
f 2323 2263 2322
f 2264 2263 2323
f 2322 2262 2321
f 2368 2369 2313
f 2344 2392 2345
f 2424 2375 2423
f 2407 2359 2358
f 2345 2393 2346
f 2394 2346 2393
f 2346 2394 2347
f 2395 2347 2394
f 2347 2395 2348
f 2396 2348 2395
f 2348 2396 2349
f 2397 2349 2396
f 2349 2397 2350
f 2398 2350 2397
f 2350 2398 2351
f 2399 2351 2398
f 2343 2391 2344
f 2351 2399 2352
f 2352 2400 2353
f 2401 2353 2400
f 2401 2402 2353
f 2353 2402 2354
f 2402 2403 2354
f 2354 2403 2355
f 2403 2404 2355
f 2404 2356 2355
f 2404 2357 2356
f 2302 2356 2357
f 2405 2406 2357
f 2358 2357 2406
f 2406 2407 2358
f 2400 2352 2399
f 2318 2317 2373
f 2371 2372 2316
f 2317 2316 2372
f 516 515 575
f 574 575 515
f 517 516 576
f 575 576 516
f 569 509 568
f 534 593 535
f 594 535 593
f 535 594 536
f 553 611 612
f 553 612 554
f 554 612 613
f 554 613 555
f 614 555 613
f 556 555 615
f 614 615 555
f 557 556 616
f 615 616 556
f 558 557 617
f 616 617 557
f 559 558 618
f 617 618 558
f 560 559 619
f 552 611 553
f 618 619 559
f 619 620 560
f 562 561 621
f 620 621 561
f 573 574 514
f 563 562 622
f 515 514 574
f 514 513 573
f 533 592 534
f 578 518 577
f 519 518 578
f 576 577 517
f 518 517 577
f 503 502 562
f 561 562 502
f 504 503 563
f 562 563 503
f 505 504 564
f 563 564 504
f 506 505 565
f 564 565 505
f 507 506 566
f 565 566 506
f 508 507 567
f 567 507 566
f 509 508 568
f 567 568 508
f 593 534 592
f 510 509 569
f 511 510 570
f 569 570 510
f 512 511 571
f 570 571 511
f 513 512 572
f 572 512 571
f 572 573 513
f 622 562 621
f 564 563 623
f 622 623 563
f 546 605 547
f 606 547 605
f 547 606 548
f 548 606 607
f 548 607 549
f 608 549 607
f 549 608 550
f 609 550 608
f 550 609 551
f 543 602 544
f 903 962 904
f 963 904 962
f 964 905 963
f 963 905 904
f 2339 2387 2340
f 2388 2340 2387
f 2340 2388 2341
f 2389 2341 2388
f 2341 2389 2342
f 2390 2342 2389
f 2331 2386 2332
f 2330 2385 2331
f 2386 2331 2385
f 2329 2384 2330
f 2370 2314 2369
f 2316 2315 2371
f 2370 2371 2315
f 546 604 605
f 545 604 546
f 545 603 604
f 544 603 545
f 565 564 624
f 623 624 564
f 566 565 625
f 624 625 565
f 567 566 626
f 626 566 625
f 568 567 627
f 561 560 620
f 636 635 695
f 611 552 610
f 610 551 609
f 595 536 594
f 536 595 537
f 2095 2036 2094
f 595 596 537
f 597 538 596
f 538 597 539
f 598 539 597
f 539 598 540
f 540 598 599
f 540 599 541
f 599 600 541
f 541 600 542
f 601 542 600
f 542 601 543
f 551 610 552
f 602 543 601
f 603 544 602
f 537 596 538
f 459 399 458
f 2035 2094 2036
f 2036 2095 2037
f 2523 2562 2524
f 2549 2548 2588
f 2563 2524 2562
f 2564 2525 2563
f 2525 2564 2526
f 2565 2526 2564
f 2526 2565 2527
f 2566 2527 2565
f 2527 2566 2528
f 2567 2528 2566
f 2528 2567 2529
f 2568 2529 2567
f 2529 2568 2530
f 2530 2568 2569
f 2569 2531 2530
f 2491 2530 2531
f 2570 2571 2531
f 2524 2563 2525
f 2587 2588 2548
f 2549 2588 2589
f 2558 2595 2559
f 2596 2559 2595
f 2559 2596 2560
f 2597 2560 2596
f 2560 2597 2561
f 2598 2561 2597
f 2561 2598 2562
f 2562 2523 2561
f 2551 2550 2590
f 2522 2561 2523
f 2521 2560 2522
f 2578 2579 2539
f 2541 2540 2580
f 2579 2580 2540
f 2542 2541 2581
f 2580 2581 2541
f 2543 2542 2582
f 2542 2581 2582
f 2544 2543 2583
f 2543 2582 2583
f 2545 2544 2584
f 2583 2584 2544
f 2546 2545 2585
f 2584 2585 2545
f 2547 2546 2586
f 2585 2586 2546
f 2548 2547 2587
f 2586 2587 2547
f 2572 2573 2533
f 2572 2533 2532
f 2571 2572 2532
f 2532 2531 2571
f 2518 2557 2519
f 2557 2558 2519
f 2519 2558 2520
f 2559 2520 2558
f 2520 2559 2521
f 2560 2521 2559
f 2561 2522 2560
f 2540 2539 2579
f 2589 2590 2550
f 2590 2591 2551
f 2498 2497 2538
f 2537 2538 2497
f 2499 2498 2539
f 2538 2539 2498
f 2500 2499 2540
f 2539 2540 2499
f 2485 2525 2486
f 2525 2485 2524
f 2484 2524 2485
f 2524 2484 2523
f 2501 2500 2541
f 2478 2518 2479
f 2518 2519 2479
f 2479 2519 2480
f 2480 2519 2520
f 2480 2520 2481
f 2521 2481 2520
f 2481 2521 2482
f 2522 2482 2521
f 2482 2522 2483
f 2523 2483 2522
f 2483 2523 2484
f 2540 2541 2500
f 2541 2542 2501
f 2503 2502 2543
f 2542 2543 2502
f 2504 2503 2544
f 2536 2537 2496
f 2552 2551 2591
f 2497 2496 2537
f 2496 2495 2536
f 2553 2552 2592
f 2591 2592 2552
f 2554 2553 2593
f 2592 2593 2553
f 2555 2554 2594
f 2593 2594 2554
f 2550 2549 2589
f 2599 2562 2598
f 2526 2486 2525
f 2486 2526 2487
f 2527 2487 2526
f 2487 2527 2488
f 2528 2488 2527
f 2488 2528 2489
f 2529 2489 2528
f 2489 2529 2490
f 2490 2529 2530
f 2530 2491 2490
f 2450 2490 2491
f 2531 2532 2491
f 2492 2491 2532
f 2532 2533 2492
f 2493 2492 2533
f 2533 2534 2493
f 2494 2493 2534
f 2495 2494 2535
f 2494 2534 2535
f 2535 2536 2495
f 2543 2544 2503
f 2577 2578 2538
f 2576 2577 2537
f 2824 2791 2823
f 2799 2798 2832
f 2800 2799 2833
f 2832 2833 2799
f 2801 2800 2834
f 2833 2834 2800
f 2802 2801 2835
f 2834 2835 2801
f 2803 2802 2836
f 2835 2836 2802
f 2804 2803 2837
f 2837 2803 2836
f 2832 2798 2831
f 2739 2772 2740
f 2773 2740 2772
f 2740 2773 2741
f 2741 2773 2774
f 2741 2774 2742
f 2775 2742 2774
f 2742 2775 2743
f 2776 2743 2775
f 2743 2776 2744
f 2777 2744 2776
f 2744 2777 2745
f 2778 2745 2777
f 2745 2778 2746
f 2779 2746 2778
f 2830 2831 2797
f 2746 2779 2747
f 2798 2797 2831
f 2797 2796 2830
f 2818 2785 2817
f 2819 2786 2818
f 2818 2786 2785
f 2820 2787 2819
f 2787 2786 2819
f 2821 2788 2820
f 2787 2820 2788
f 2822 2789 2821
f 2788 2821 2789
f 2774 2807 2775
f 2807 2774 2806
f 2773 2806 2774
f 2806 2773 2805
f 2823 2790 2822
f 2772 2805 2773
f 2789 2822 2790
f 2791 2790 2823
f 2825 2792 2824
f 2791 2824 2792
f 2826 2793 2825
f 2792 2825 2793
f 2794 2793 2827
f 2826 2827 2793
f 2795 2794 2828
f 2827 2828 2794
f 2796 2795 2829
f 2828 2829 2795
f 2829 2830 2796
f 2539 2538 2578
f 2780 2747 2779
f 2781 2748 2780
f 2756 2789 2757
f 2790 2791 2757
f 2759 2758 2792
f 2791 2792 2758
f 2760 2759 2793
f 2792 2793 2759
f 2761 2760 2794
f 2793 2794 2760
f 2762 2761 2795
f 2794 2795 2761
f 2763 2762 2796
f 2795 2796 2762
f 2764 2763 2797
f 2796 2797 2763
f 2765 2764 2798
f 2758 2757 2791
f 1978 2037 1979
f 2654 2653 2689
f 2653 2652 2688
f 2534 2533 2573
f 2535 2534 2574
f 2573 2574 2534
f 2536 2535 2575
f 2575 2535 2574
f 2537 2536 2576
f 2575 2576 2536
f 2538 2537 2577
f 2766 2765 2799
f 2747 2780 2748
f 2790 2757 2789
f 2789 2756 2788
f 2748 2781 2714
f 2714 2781 2749
f 2749 2782 2750
f 2799 2800 2766
f 2768 2767 2801
f 2800 2801 2767
f 2769 2768 2802
f 2801 2802 2768
f 2770 2769 2803
f 2769 2802 2803
f 2771 2770 2804
f 2804 2770 2803
f 2767 2766 2800
f 2688 2689 2653
f 2798 2799 2765
f 2797 2798 2764
f 2783 2750 2782
f 2750 2783 2751
f 2784 2751 2783
f 2751 2784 2752
f 2785 2752 2784
f 2786 2753 2785
f 2752 2785 2753
f 2787 2754 2786
f 2753 2786 2754
f 2788 2755 2787
f 2754 2787 2755
f 2755 2788 2756
f 2784 2817 2785
f 2505 2504 2545
f 2506 2505 2546
f 2609 2572 2571
f 2609 2610 2572
f 2573 2572 2610
f 2574 2573 2611
f 2611 2573 2610
f 2575 2574 2612
f 2611 2612 2574
f 2576 2575 2613
f 2612 2613 2575
f 2577 2576 2614
f 2613 2614 2576
f 2578 2577 2615
f 2577 2614 2615
f 2579 2578 2616
f 2608 2609 2571
f 2595 2632 2596
f 2633 2596 2632
f 2596 2633 2597
f 2634 2597 2633
f 2597 2634 2598
f 2635 2598 2634
f 2598 2635 2599
f 2636 2599 2635
f 2599 2636 2600
f 2600 2637 2601
f 2638 2601 2637
f 2601 2638 2602
f 2608 2571 2607
f 2639 2602 2638
f 2570 2607 2571
f 2569 2606 2531
f 2589 2588 2626
f 2625 2626 2588
f 2590 2589 2627
f 2626 2627 2589
f 2591 2590 2628
f 2627 2628 2590
f 2592 2591 2629
f 2628 2629 2591
f 2593 2592 2630
f 2630 2592 2629
f 2594 2593 2631
f 2630 2631 2593
f 2581 2580 2618
f 2617 2579 2616
f 2580 2579 2617
f 2615 2616 2578
f 2564 2600 2601
f 2564 2601 2565
f 2602 2565 2601
f 2565 2602 2566
f 2603 2566 2602
f 2566 2603 2567
f 2604 2567 2603
f 2567 2604 2568
f 2605 2568 2604
f 2568 2605 2569
f 2606 2569 2605
f 2531 2606 2570
f 2624 2625 2587
f 2602 2639 2603
f 2603 2640 2604
f 1327 1268 1326
f 1268 1267 1326
f 1328 1269 1327
f 1268 1327 1269
f 1329 1270 1328
f 1269 1328 1270
f 1330 1271 1329
f 1270 1329 1271
f 1331 1272 1330
f 1330 1272 1271
f 1257 1316 1258
f 1316 1257 1315
f 1256 1315 1257
f 1315 1256 1314
f 1300 1241 1299
f 1241 1300 1242
f 1301 1242 1300
f 1242 1301 1243
f 1302 1243 1301
f 1243 1302 1244
f 1303 1244 1302
f 1244 1303 1245
f 1304 1245 1303
f 1245 1304 1246
f 1304 1305 1246
f 1246 1305 1247
f 1306 1247 1305
f 1266 1325 1267
f 2640 2603 2639
f 1326 1267 1325
f 1266 1265 1325
f 2641 2604 2640
f 2604 2641 2605
f 2642 2605 2641
f 2605 2642 2606
f 2606 2642 2643
f 2606 2643 2570
f 2607 2570 2643
f 2637 2600 2636
f 2687 2688 2652
f 2038 1979 2037
f 1977 2036 1978
f 2037 1978 2036
f 1317 1258 1316
f 1258 1317 1259
f 1318 1259 1317
f 1319 1260 1318
f 1259 1318 1260
f 1320 1261 1319
f 1260 1319 1261
f 1321 1262 1320
f 1261 1320 1262
f 1322 1263 1321
f 1262 1321 1263
f 1264 1263 1323
f 1322 1323 1263
f 1265 1264 1324
f 1323 1324 1264
f 1324 1325 1265
f 2545 2504 2544
f 2588 2587 2625
f 2587 2586 2624
f 2630 2629 2667
f 2666 2667 2629
f 2662 2663 2625
f 2626 2625 2663
f 2661 2662 2624
f 2625 2624 2662
f 2646 2647 2609
f 2610 2609 2647
f 2611 2610 2648
f 2647 2648 2610
f 2612 2611 2649
f 2648 2649 2611
f 2613 2612 2650
f 2649 2650 2612
f 2614 2613 2651
f 2650 2651 2613
f 2615 2614 2652
f 2651 2652 2614
f 2616 2615 2653
f 2652 2653 2615
f 2617 2616 2654
f 2618 2617 2655
f 2617 2654 2655
f 2619 2618 2656
f 2655 2656 2618
f 2620 2619 2657
f 2656 2657 2619
f 2665 2666 2628
f 2621 2620 2658
f 2629 2628 2666
f 2628 2627 2665
f 2545 2546 2505
f 2507 2506 2547
f 2546 2547 2506
f 2508 2507 2548
f 2548 2507 2547
f 2509 2508 2549
f 2548 2549 2508
f 2502 2501 2542
f 2510 2509 2550
f 2511 2510 2551
f 2550 2551 2510
f 2512 2511 2552
f 2551 2552 2511
f 2513 2512 2553
f 2552 2553 2512
f 2514 2513 2554
f 2553 2554 2513
f 2515 2514 2555
f 2554 2555 2514
f 2516 2515 2556
f 2555 2556 2515
f 2549 2550 2509
f 2562 2599 2563
f 2600 2563 2599
f 2563 2600 2564
f 2627 2626 2664
f 2663 2664 2626
f 2665 2627 2664
f 2623 2624 2586
f 2657 2658 2620
f 2658 2659 2621
f 2651 2650 2686
f 2685 2686 2650
f 2652 2651 2687
f 2686 2687 2651
f 2637 2672 2638
f 2672 2637 2671
f 2636 2671 2637
f 2671 2636 2670
f 2633 2668 2634
f 2669 2634 2668
f 2634 2669 2635
f 2670 2635 2669
f 2635 2670 2636
f 2608 2645 2609
f 2645 2608 2644
f 2607 2644 2608
f 2617 2618 2580
f 2582 2581 2619
f 2618 2619 2581
f 2583 2582 2620
f 2619 2620 2582
f 2584 2583 2621
f 2620 2621 2583
f 2585 2584 2622
f 2621 2622 2584
f 2586 2585 2623
f 2622 2623 2585
f 2685 2649 2684
f 2622 2621 2659
f 2650 2649 2685
f 2649 2648 2684
f 2623 2622 2660
f 2659 2660 2622
f 2624 2623 2661
f 2660 2661 2623
f 2653 2654 2616
f 2646 2609 2645
f 2673 2638 2672
f 2638 2673 2639
f 2673 2674 2639
f 2639 2674 2640
f 2675 2640 2674
f 2640 2675 2641
f 2676 2641 2675
f 2641 2676 2642
f 2677 2642 2676
f 2642 2677 2643
f 2678 2643 2677
f 2643 2678 2607
f 2644 2607 2678
f 2644 2679 2645
f 2680 2645 2679
f 2645 2680 2646
f 2681 2646 2680
f 2646 2681 2647
f 2682 2647 2681
f 2647 2682 2648
f 2648 2682 2683
f 2683 2684 2648
f 2817 2784 2816
f 2783 2816 2784
f 2816 2783 2815
f 2275 2216 2274
f 2216 2275 2217
f 2276 2217 2275
f 2217 2276 2218
f 2277 2218 2276
f 2218 2277 2219
f 2278 2219 2277
f 2219 2278 2220
f 2279 2220 2278
f 2220 2279 2221
f 2221 2279 2280
f 2273 2214 2272
f 2221 2280 2222
f 2222 2281 2223
f 2282 2223 2281
f 2223 2282 2224
f 2283 2224 2282
f 2224 2283 2225
f 2225 2283 2284
f 2225 2284 2226
f 2285 2226 2284
f 2226 2285 2227
f 2286 2227 2285
f 2227 2286 2228
f 2287 2228 2286
f 2228 2287 2229
f 2288 2229 2287
f 2215 2274 2216
f 2281 2222 2280
f 2214 2273 2215
f 2229 2288 2230
f 2234 2233 2293
f 2293 2294 2234
f 2235 2234 2294
f 2294 2295 2235
f 2236 2235 2295
f 2295 2296 2236
f 2237 2236 2296
f 2296 2297 2237
f 2237 2297 2238
f 2297 2298 2238
f 2239 2238 2298
f 2298 2299 2239
f 2240 2239 2299
f 2299 2300 2240
f 2241 2240 2300
f 2300 2301 2241
f 2301 2242 2241
f 2301 2243 2242
f 2184 2242 2243
f 2302 2303 2243
f 2244 2243 2303
f 2303 2304 2244
f 2245 2244 2304
f 2304 2305 2245
f 2290 2231 2289
f 2230 2289 2231
f 2289 2230 2288
f 2274 2215 2273
f 2292 2293 2233
f 2180 2179 2239
f 2179 2178 2238
f 2129 2128 2188
f 2187 2188 2128
f 2172 2173 2113
f 2114 2113 2173
f 2173 2174 2114
f 2115 2114 2174
f 2174 2175 2115
f 2116 2115 2175
f 2175 2176 2116
f 2117 2116 2176
f 2176 2177 2117
f 2118 2117 2177
f 2177 2178 2118
f 2119 2118 2178
f 2178 2179 2119
f 2120 2119 2179
f 2144 2203 2145
f 2179 2180 2120
f 2180 2181 2121
f 2122 2121 2181
f 2181 2182 2122
f 2123 2122 2182
f 2182 2183 2123
f 2123 2183 2124
f 2183 2125 2124
f 2066 2124 2125
f 2184 2185 2125
f 2188 2189 2129
f 2238 2239 2179
f 2130 2129 2189
f 2202 2203 2143
f 2189 2190 2130
f 2131 2130 2190
f 2190 2191 2131
f 2132 2131 2191
f 2133 2132 2192
f 2191 2192 2132
f 2134 2133 2193
f 2192 2193 2133
f 2135 2134 2194
f 2193 2194 2134
f 2136 2135 2195
f 2194 2195 2135
f 2137 2136 2196
f 2136 2195 2196
f 2138 2137 2197
f 2196 2197 2137
f 2139 2138 2198
f 2197 2198 2138
f 2140 2139 2199
f 2198 2199 2139
f 2141 2140 2200
f 2199 2200 2140
f 2142 2141 2201
f 2200 2201 2141
f 2143 2142 2202
f 2201 2202 2142
f 2144 2143 2203
f 2204 2145 2203
f 2126 2125 2185
f 2233 2232 2292
f 2232 2231 2291
f 2020 2019 2079
f 2012 2011 2071
f 2079 2019 2078
f 2079 2080 2020
f 2022 2021 2081
f 2080 2081 2021
f 2023 2022 2082
f 2081 2082 2022
f 2024 2023 2083
f 2082 2083 2023
f 2084 2025 2083
f 2024 2083 2025
f 2085 2026 2084
f 2025 2084 2026
f 2086 2027 2085
f 2026 2085 2027
f 2087 2028 2086
f 2021 2020 2080
f 2112 2111 2171
f 2171 2172 2112
f 2113 2112 2172
f 2256 2257 2197
f 2199 2198 2258
f 2198 2257 2258
f 2200 2199 2259
f 2258 2259 2199
f 2201 2200 2260
f 2077 2078 2018
f 2259 2260 2200
f 2019 2018 2078
f 2018 2017 2077
f 2097 2038 2096
f 2037 2096 2038
f 2098 2039 2097
f 2038 2097 2039
f 2099 2040 2098
f 2039 2098 2040
f 2100 2041 2099
f 2040 2099 2041
f 2101 2042 2100
f 2041 2100 2042
f 2042 2101 2043
f 2043 2101 2102
f 2043 2102 2044
f 2044 2102 2103
f 2089 2030 2088
f 2028 2087 2029
f 2088 2029 2087
f 2027 2086 2028
f 2013 2012 2072
f 2072 2073 2013
f 2014 2013 2073
f 2073 2074 2014
f 2015 2014 2074
f 2016 2015 2075
f 2074 2075 2015
f 2017 2016 2076
f 2075 2076 2016
f 2076 2077 2017
f 2291 2292 2232
f 2202 2201 2261
f 2203 2202 2262
f 2185 2184 2244
f 2244 2245 2185
f 2186 2185 2245
f 2245 2246 2186
f 2187 2186 2246
f 2246 2247 2187
f 2272 2213 2271
f 2188 2187 2247
f 2189 2188 2248
f 2248 2249 2189
f 2249 2190 2189
f 2191 2190 2250
f 2250 2190 2249
f 2192 2191 2251
f 2250 2251 2191
f 2193 2192 2252
f 2251 2252 2192
f 2194 2193 2253
f 2252 2253 2193
f 2195 2194 2254
f 2254 2194 2253
f 2196 2195 2255
f 2247 2248 2188
f 2239 2240 2180
f 2212 2271 2213
f 2213 2272 2214
f 2290 2291 2231
f 2243 2244 2184
f 2201 2260 2261
f 2125 2183 2184
f 2183 2182 2242
f 2262 2202 2261
f 2204 2203 2263
f 2262 2263 2203
f 2264 2205 2263
f 2204 2263 2205
f 2265 2206 2264
f 2205 2264 2206
f 2266 2207 2265
f 2206 2265 2207
f 2267 2208 2266
f 2207 2266 2208
f 2268 2209 2267
f 2208 2267 2209
f 2269 2210 2268
f 2209 2268 2210
f 2270 2211 2269
f 2210 2269 2211
f 2271 2212 2270
f 2211 2270 2212
f 2198 2197 2257
f 2196 2255 2256
f 2197 2196 2256
f 2254 2255 2195
f 2181 2180 2240
f 2240 2241 2181
f 2181 2241 2182
f 2241 2242 2182
f 2242 2184 2183
f 2185 2186 2126
f 2127 2126 2186
f 2186 2187 2127
f 2659 2658 2694
f 2693 2694 2658
f 2660 2659 2695
f 2694 2695 2659
f 2661 2660 2696
f 2695 2696 2660
f 2662 2661 2697
f 2663 2662 2698
f 2697 2698 2662
f 2664 2663 2699
f 2698 2699 2663
f 2665 2664 2700
f 2699 2700 2664
f 2666 2665 2701
f 2700 2701 2665
f 2667 2666 2702
f 2701 2702 2666
f 2696 2697 2661
f 2730 2731 2695
f 2681 2715 2716
f 2681 2716 2682
f 2717 2682 2716
f 2682 2717 2683
f 2718 2683 2717
f 2683 2718 2684
f 2684 2718 2719
f 2685 2684 2720
f 2692 2693 2657
f 2719 2720 2684
f 2658 2657 2693
f 2657 2656 2692
f 2747 2712 2746
f 2712 2747 2713
f 2748 2713 2747
f 2713 2748 2679
f 2741 2706 2740
f 2679 2748 2714
f 2750 2715 2749
f 2715 2750 2716
f 2751 2716 2750
f 2716 2751 2717
f 2717 2751 2752
f 2717 2752 2718
f 2753 2718 2752
f 2754 2719 2753
f 2718 2753 2719
f 2755 2720 2754
f 2719 2754 2720
f 2756 2721 2755
f 2720 2755 2721
f 2722 2721 2757
f 2714 2749 2715
f 2697 2696 2732
f 2696 2695 2731
f 2655 2654 2690
f 2654 2689 2690
f 2656 2655 2691
f 2690 2691 2655
f 2691 2692 2656
f 2711 2746 2712
f 2686 2685 2721
f 2687 2686 2722
f 2709 2674 2708
f 2674 2709 2675
f 2710 2675 2709
f 2675 2710 2676
f 2711 2676 2710
f 2676 2711 2677
f 2712 2677 2711
f 2677 2712 2678
f 2712 2713 2678
f 2678 2713 2644
f 2671 2706 2672
f 2808 2775 2807
f 2775 2808 2776
f 2809 2776 2808
f 2776 2809 2777
f 2810 2777 2809
f 2777 2810 2778
f 2811 2778 2810
f 2778 2811 2779
f 2812 2779 2811
f 2779 2812 2780
f 2813 2780 2812
f 2780 2813 2781
f 2781 2813 2814
f 2781 2814 2749
f 2782 2749 2814
f 2782 2815 2783
f 2673 2708 2674
f 2720 2721 2685
f 2673 2707 2708
f 2707 2672 2706
f 2722 2686 2721
f 2688 2687 2723
f 2722 2723 2687
f 2689 2688 2724
f 2723 2724 2688
f 2690 2689 2725
f 2724 2725 2689
f 2691 2690 2726
f 2725 2726 2690
f 2692 2691 2727
f 2726 2727 2691
f 2693 2692 2728
f 2727 2728 2692
f 2694 2693 2729
f 2729 2693 2728
f 2695 2694 2730
f 2729 2730 2694
f 2680 2715 2681
f 2715 2680 2714
f 2679 2714 2680
f 2679 2644 2713
f 2668 2703 2669
f 2704 2669 2703
f 2669 2704 2670
f 2705 2670 2704
f 2670 2705 2671
f 2706 2671 2705
f 2672 2707 2673
f 2745 2746 2711
f 2710 2745 2711
f 2745 2710 2744
f 2177 2176 2236
f 2236 2237 2177
f 2178 2177 2237
f 2237 2238 2178
f 2230 2231 2171
f 2163 2221 2222
f 2221 2162 2220
f 2146 2205 2147
f 2207 2148 2206
f 2147 2206 2148
f 2208 2149 2207
f 2148 2207 2149
f 2209 2150 2208
f 2208 2150 2149
f 2210 2151 2209
f 2150 2209 2151
f 2211 2152 2210
f 2151 2210 2152
f 2212 2153 2211
f 2152 2211 2153
f 2213 2154 2212
f 2162 2221 2163
f 2153 2212 2154
f 2154 2213 2155
f 2215 2156 2214
f 2155 2214 2156
f 2156 2215 2157
f 2235 2236 2176
f 2216 2157 2215
f 2176 2175 2235
f 2175 2174 2234
f 2128 2127 2187
f 2121 2120 2180
f 2205 2146 2204
f 2145 2204 2146
f 2206 2147 2205
f 2223 2164 2222
f 2164 2223 2165
f 2224 2165 2223
f 2165 2224 2166
f 2225 2166 2224
f 2166 2225 2167
f 2226 2167 2225
f 2167 2226 2168
f 2227 2168 2226
f 2168 2227 2169
f 2228 2169 2227
f 2169 2228 2170
f 2229 2170 2228
f 2170 2229 2171
f 2163 2222 2164
f 2230 2171 2229
f 2171 2231 2172
f 2231 2232 2172
f 2173 2172 2232
f 2232 2233 2173
f 2174 2173 2233
f 2233 2234 2174
f 2234 2235 2175
f 2157 2216 2158
f 2217 2158 2216
f 2158 2217 2159
f 2762 2763 2727
f 2729 2728 2764
f 2763 2764 2728
f 2730 2729 2765
f 2764 2765 2729
f 2731 2730 2766
f 2765 2766 2730
f 2732 2731 2767
f 2766 2767 2731
f 2733 2732 2768
f 2767 2768 2732
f 2734 2733 2769
f 2768 2769 2733
f 2735 2734 2770
f 2769 2770 2734
f 2736 2735 2771
f 2770 2771 2735
f 2724 2723 2759
f 2758 2722 2757
f 2723 2722 2758
f 2756 2757 2721
f 2742 2707 2741
f 2707 2742 2708
f 2743 2708 2742
f 2708 2743 2709
f 2744 2709 2743
f 2709 2744 2710
f 2728 2727 2763
f 2761 2762 2726
f 2727 2726 2762
f 2760 2761 2725
f 2218 2159 2217
f 2159 2218 2160
f 2219 2160 2218
f 2160 2219 2161
f 2220 2161 2219
f 2161 2220 2162
f 2214 2155 2213
f 2703 2738 2704
f 2739 2704 2738
f 2704 2739 2705
f 2698 2697 2733
f 2697 2732 2733
f 2699 2698 2734
f 2096 2037 2095
f 2733 2734 2698
f 2734 2735 2699
f 2701 2700 2736
f 2735 2736 2700
f 2702 2701 2737
f 2736 2737 2701
f 2740 2705 2739
f 2731 2732 2696
f 2705 2740 2706
f 2706 2741 2707
f 2758 2759 2723
f 2725 2724 2760
f 2759 2760 2724
f 2726 2725 2761
f 2700 2699 2735
f 434 375 433
f 374 433 375
f 374 432 433
f 210 209 269
f 268 269 209
f 211 210 270
f 269 270 210
f 212 211 271
f 270 271 211
f 213 212 272
f 271 272 212
f 214 213 273
f 272 273 213
f 215 214 274
f 273 274 214
f 216 215 275
f 209 208 268
f 232 291 233
f 167 166 226
f 166 165 225
f 116 176 118
f 177 118 176
f 118 177 4
f 4 177 119
f 119 178 120
f 179 120 178
f 121 120 180
f 179 180 120
f 122 121 181
f 180 181 121
f 267 268 208
f 123 122 182
f 266 267 207
f 208 207 267
f 228 227 287
f 286 287 227
f 228 287 229
f 288 229 287
f 229 288 230
f 289 230 288
f 230 289 231
f 290 231 289
f 231 290 232
f 291 232 290
f 218 217 277
f 275 276 216
f 217 216 276
f 274 275 215
f 260 201 259
f 201 260 202
f 261 202 260
f 202 261 203
f 203 261 262
f 204 203 263
f 262 263 203
f 205 204 264
f 263 264 204
f 206 205 265
f 264 265 205
f 207 206 266
f 265 266 206
f 259 200 258
f 285 286 226
f 181 182 122
f 183 124 182
f 96 94 166
f 165 166 94
f 191 132 190
f 98 96 167
f 100 98 168
f 167 168 98
f 102 100 169
f 100 168 169
f 102 169 104
f 170 104 169
f 104 170 106
f 171 106 170
f 106 171 108
f 172 108 171
f 108 172 110
f 173 110 172
f 110 173 112
f 112 173 174
f 166 167 96
f 224 225 165
f 132 191 133
f 133 192 134
f 209 210 150
f 152 151 211
f 210 211 151
f 153 152 212
f 211 212 152
f 164 165 91
f 123 182 124
f 94 91 165
f 91 89 164
f 124 183 125
f 184 125 183
f 125 184 126
f 126 184 185
f 126 185 127
f 186 127 185
f 127 186 128
f 187 128 186
f 128 187 129
f 188 129 187
f 129 188 130
f 189 130 188
f 130 189 131
f 189 190 131
f 131 190 132
f 176 116 175
f 114 175 116
f 175 114 174
f 112 174 114
f 83 82 160
f 159 160 82
f 85 83 161
f 160 161 83
f 161 162 85
f 87 85 162
f 162 163 87
f 89 87 163
f 163 164 89
f 154 153 213
f 227 226 286
f 226 225 285
f 7666 7667 7650
f 7652 7651 7668
f 7668 7651 7667
f 7653 7652 7669
f 7668 7669 7652
f 7642 7657 7658
f 7641 7657 7642
f 184 243 185
f 244 185 243
f 185 244 186
f 245 186 244
f 186 245 187
f 246 187 245
f 187 246 188
f 247 188 246
f 188 247 189
f 248 189 247
f 189 248 190
f 249 190 248
f 190 249 191
f 250 191 249
f 191 250 192
f 251 192 250
f 192 251 193
f 252 193 251
f 193 252 194
f 253 194 252
f 7651 7650 7667
f 194 253 195
f 7665 7666 7649
f 7664 7665 7648
f 7613 7612 7636
f 7636 7637 7613
f 7614 7613 7637
f 7608 7607 7631
f 7674 7675 7665
f 7666 7665 7675
f 7673 7674 7664
f 7661 7670 7662
f 7671 7662 7670
f 7662 7671 7663
f 7672 7663 7671
f 7663 7672 7664
f 7673 7664 7672
f 7665 7664 7674
f 7642 7658 7643
f 7658 7659 7643
f 7643 7659 7644
f 7644 7659 7660
f 7644 7660 7645
f 7660 7661 7645
f 7645 7661 7646
f 7662 7646 7661
f 7646 7662 7647
f 7663 7647 7662
f 7647 7663 7648
f 7648 7663 7664
f 7649 7648 7665
f 7650 7649 7666
f 284 285 225
f 254 195 253
f 255 196 254
f 178 237 179
f 238 179 237
f 180 179 239
f 238 239 179
f 181 180 240
f 239 240 180
f 182 181 241
f 240 241 181
f 234 175 233
f 225 226 166
f 199 258 200
f 200 259 201
f 276 277 217
f 219 218 278
f 277 278 218
f 220 219 279
f 278 279 219
f 221 220 280
f 279 280 220
f 222 221 281
f 280 281 221
f 223 222 282
f 281 282 222
f 224 223 283
f 282 283 223
f 225 224 284
f 283 284 224
f 119 236 178
f 195 254 196
f 177 236 119
f 176 235 177
f 256 197 255
f 196 255 197
f 257 198 256
f 197 256 198
f 198 257 199
f 243 184 242
f 183 242 184
f 242 183 241
f 182 241 183
f 168 167 227
f 226 227 167
f 169 168 228
f 227 228 168
f 169 228 170
f 229 170 228
f 170 229 171
f 230 171 229
f 171 230 172
f 231 172 230
f 172 231 173
f 232 173 231
f 173 232 174
f 233 174 232
f 258 199 257
f 174 233 175
f 175 234 176
f 235 176 234
f 236 177 235
f 7635 7636 7612
f 212 213 153
f 154 213 214
f 410 351 409
f 350 409 351
f 409 350 408
f 394 334 393
f 336 335 395
f 395 335 394
f 337 336 396
f 396 336 395
f 338 337 397
f 396 397 337
f 339 338 398
f 397 398 338
f 340 339 399
f 398 399 339
f 341 340 400
f 399 400 340
f 342 341 401
f 393 333 392
f 400 401 341
f 401 402 342
f 344 343 403
f 402 403 343
f 345 344 404
f 403 404 344
f 346 345 405
f 404 405 345
f 346 405 347
f 351 410 352
f 347 405 406
f 425 366 424
f 423 424 365
f 335 334 394
f 411 352 410
f 352 411 353
f 412 353 411
f 353 412 354
f 413 354 412
f 354 413 296
f 355 296 413
f 355 414 356
f 415 356 414
f 356 415 357
f 416 357 415
f 357 416 358
f 417 358 416
f 358 417 359
f 418 359 417
f 359 418 360
f 419 360 418
f 360 419 361
f 420 361 419
f 361 420 362
f 421 362 420
f 362 421 363
f 422 363 421
f 363 422 364
f 423 364 422
f 364 423 365
f 365 424 366
f 334 333 393
f 347 406 348
f 348 407 349
f 322 323 263
f 265 264 324
f 264 323 324
f 266 265 325
f 309 310 251
f 250 309 251
f 250 308 309
f 249 308 250
f 234 293 235
f 294 235 293
f 235 294 236
f 295 236 294
f 236 295 178
f 237 178 295
f 237 296 238
f 297 238 296
f 238 297 239
f 298 239 297
f 239 298 240
f 299 240 298
f 240 299 241
f 300 241 299
f 324 325 265
f 241 300 242
f 242 301 243
f 302 243 301
f 243 302 244
f 264 263 323
f 407 348 406
f 322 262 321
f 321 262 320
f 408 349 407
f 349 408 350
f 343 342 402
f 233 292 234
f 300 359 301
f 299 358 300
f 251 310 252
f 311 252 310
f 252 311 253
f 312 253 311
f 253 312 254
f 313 254 312
f 254 313 255
f 313 314 255
f 255 314 256
f 315 256 314
f 256 315 257
f 316 257 315
f 257 316 258
f 317 258 316
f 258 317 259
f 259 317 318
f 259 318 260
f 260 318 319
f 260 319 261
f 320 261 319
f 261 320 262
f 263 262 322
f 155 154 214
f 359 360 301
f 316 374 375
f 197 138 196
f 137 196 138
f 198 139 197
f 138 197 139
f 199 140 198
f 139 198 140
f 140 199 141
f 192 133 191
f 200 141 199
f 201 142 200
f 142 201 143
f 202 143 201
f 143 202 144
f 203 144 202
f 145 144 204
f 203 204 144
f 146 145 205
f 204 205 145
f 147 146 206
f 205 206 146
f 148 147 207
f 206 207 147
f 149 148 208
f 141 200 142
f 158 159 80
f 292 233 291
f 293 234 292
f 136 195 137
f 318 377 319
f 196 137 195
f 135 194 136
f 156 155 215
f 214 215 155
f 157 156 216
f 215 216 156
f 158 157 217
f 216 217 157
f 159 158 218
f 217 218 158
f 160 159 219
f 218 219 159
f 161 160 220
f 220 160 219
f 162 161 221
f 220 221 161
f 163 162 222
f 221 222 162
f 164 163 223
f 222 223 163
f 165 164 224
f 223 224 164
f 151 150 210
f 208 209 149
f 150 149 209
f 207 208 148
f 193 134 192
f 134 193 135
f 194 135 193
f 136 194 195
f 368 309 367
f 378 319 377
f 379 320 378
f 302 361 303
f 303 361 362
f 303 362 304
f 363 304 362
f 304 363 305
f 364 305 363
f 305 364 306
f 365 306 364
f 306 365 307
f 307 365 366
f 307 366 308
f 367 308 366
f 392 332 391
f 308 367 309
f 309 368 310
f 369 310 368
f 310 369 311
f 370 311 369
f 311 370 312
f 370 371 312
f 312 371 313
f 372 313 371
f 313 372 314
f 314 372 373
f 314 373 315
f 374 315 373
f 315 374 316
f 361 302 360
f 319 378 320
f 301 360 302
f 375 376 317
f 320 379 321
f 380 321 379
f 322 321 381
f 321 380 381
f 323 322 382
f 381 382 322
f 324 323 383
f 382 383 323
f 325 324 384
f 384 324 383
f 326 325 385
f 384 385 325
f 327 326 386
f 326 385 386
f 328 327 387
f 386 387 327
f 329 328 388
f 387 388 328
f 330 329 389
f 389 329 388
f 331 330 390
f 389 390 330
f 332 331 391
f 390 391 331
f 333 332 392
f 377 318 376
f 317 376 318
f 316 375 317
f 7634 7635 7611
f 7612 7611 7635
f 7633 7634 7610
f 25 7722 7721
f 23 25 7721
f 7723 47 7722
f 27 7723 7722
f 25 27 7722
f 7724 47 7723
f 29 7724 7723
f 27 29 7723
f 7725 47 7724
f 31 7725 7724
f 29 31 7724
f 7726 47 7725
f 23 7721 7720
f 3464 7545 7546
f 3463 7545 3464
f 3518 7545 3463
f 3464 7546 3462
f 3462 7546 3465
f 7548 7537 7547
f 7537 7536 7547
f 7548 7549 7538
f 7537 7548 7538
f 3659 7549 7550
f 3659 7550 3661
f 3659 3660 7549
f 3660 7538 7549
f 3654 7550 7551
f 7722 47 7721
f 3654 7551 3649
f 21 23 7720
f 9 11 7714
f 38 40 7728
f 7730 47 7729
f 42 7730 7729
f 40 42 7729
f 7731 47 7730
f 44 7731 7730
f 42 44 7730
f 7731 46 47
f 44 46 7731
f 36 7727 7726
f 7727 47 7726
f 31 34 7725
f 34 7726 7725
f 13 7716 7715
f 11 13 7715
f 7717 47 7716
f 15 7717 7716
f 13 15 7716
f 7718 47 7717
f 17 7718 7717
f 15 17 7717
f 7719 47 7718
f 19 7719 7718
f 17 19 7718
f 7720 47 7719
f 21 7720 7719
f 19 21 7719
f 7721 47 7720
f 40 7729 7728
f 3519 7545 3518
f 7534 7544 7545
f 3661 7550 3658
f 3649 7551 3650
f 7563 7549 7562
f 7548 7562 7549
f 7564 7550 7563
f 7563 7550 7549
f 7564 7565 7551
f 7551 7550 7564
f 3653 7565 7566
f 3653 7566 3655
f 3652 7551 7565
f 7565 3653 3652
f 3779 7566 7567
f 3780 3779 7567
f 3782 7566 3779
f 3657 7566 3782
f 3656 7566 3657
f 3655 7566 3656
f 3781 7567 3778
f 3780 7567 3781
f 3713 7568 3714
f 3716 7568 3713
f 3717 7569 3719
f 3647 3648 7552
f 3712 7552 3648
f 3647 7552 3644
f 3645 7552 7553
f 3517 7534 3519
f 7545 3519 7534
f 3587 7538 3660
f 7532 7543 7533
f 7544 7534 7533
f 3521 7535 3525
f 3526 3523 7536
f 3522 7536 3523
f 7536 3522 7535
f 3525 7535 3522
f 3584 3583 7537
f 3582 7537 3583
f 3582 7536 7537
f 3526 7536 3527
f 3527 7536 3582
f 3588 7538 3586
f 7538 3588 7537
f 3658 7550 3654
f 3584 7537 3588
f 3586 7538 3587
f 3639 7539 3640
f 3646 7539 3639
f 3636 7539 7540
f 3640 7539 3636
f 3637 7540 7530
f 3636 7540 3637
f 7530 7540 7541
f 7541 7531 7530
f 7541 7542 7531
f 7532 7531 7542
f 7542 7543 7532
f 7543 7544 7533
f 3644 7552 3645
f 7729 47 7728
f 38 7728 7727
f 53 55 7681
f 7676 61 63
f 7676 63 7677
f 59 7676 7677
f 57 59 7677
f 7678 57 7677
f 65 7678 7677
f 63 65 7677
f 7678 65 7679
f 57 7678 7679
f 55 57 7679
f 7680 55 7679
f 67 7680 7679
f 65 67 7679
f 7680 67 7681
f 55 7680 7681
f 59 61 7676
f 7693 88 7692
f 109 7693 7692
f 107 109 7692
f 7694 88 7693
f 47 49 7705
f 7704 117 7706
f 77 7704 7706
f 75 77 7706
f 7707 75 7706
f 2 7707 7706
f 7681 67 7682
f 117 2 7706
f 53 7681 7682
f 88 90 7692
f 69 7683 7682
f 67 69 7682
f 7684 97 99
f 95 97 7684
f 7684 99 7685
f 95 7684 7685
f 93 95 7685
f 7686 93 7685
f 101 7686 7685
f 99 101 7685
f 7686 101 7687
f 93 7686 7687
f 92 93 7687
f 7688 92 7687
f 103 7688 7687
f 101 103 7687
f 7689 92 7688
f 105 7689 7688
f 103 105 7688
f 7689 105 7690
f 92 7689 7690
f 90 92 7690
f 7691 90 7690
f 107 7691 7690
f 105 107 7690
f 7691 107 7692
f 90 7691 7692
f 51 53 7682
f 36 38 7727
f 7707 2 7708
f 73 75 7708
f 7697 86 7696
f 115 7697 7696
f 113 115 7696
f 7697 115 7698
f 86 7697 7698
f 84 86 7698
f 7715 47 7714
f 7698 115 7699
f 81 84 7699
f 7700 81 7699
f 117 7700 7699
f 115 117 7699
f 7700 117 7701
f 81 7700 7701
f 79 81 7701
f 7683 69 7702
f 51 7683 7702
f 49 51 7702
f 7703 49 7702
f 71 7703 7702
f 69 71 7702
f 7701 117 7704
f 84 7698 7699
f 11 7715 7714
f 7716 47 7715
f 34 36 7726
f 7728 47 7727
f 111 113 7695
f 75 7707 7708
f 113 7696 7695
f 86 88 7695
f 7709 47 7705
f 73 7709 7705
f 71 73 7705
f 2 7710 7708
f 7710 47 7709
f 7709 73 7708
f 7710 7709 7708
f 7711 47 7710
f 1 7711 7710
f 2 1 7710
f 7712 47 7711
f 5 7712 7711
f 1 5 7711
f 7713 47 7712
f 7 7713 7712
f 5 7 7712
f 7714 47 7713
f 9 7714 7713
f 7 9 7713
f 49 7703 7705
f 7703 71 7705
f 77 79 7704
f 79 7701 7704
f 111 7694 7693
f 109 111 7693
f 7694 111 7695
f 88 7694 7695
f 7696 86 7695
f 3646 7553 7539
f 3645 7553 3646
f 7539 7553 7554
f 7591 7592 7573
f 7574 7573 7592
f 7592 7593 7574
f 7574 7593 7575
f 7593 7594 7575
f 7587 7569 7568
f 7618 7638 7619
f 7639 7619 7638
f 7640 7620 7639
f 7619 7639 7620
f 7641 7621 7640
f 7621 7620 7640
f 7622 7621 7641
f 7642 7622 7641
f 7623 7622 7642
f 7643 7623 7642
f 7624 7623 7643
f 7644 7624 7643
f 7625 7624 7644
f 7645 7625 7644
f 7626 7625 7645
f 7646 7626 7645
f 7626 7646 7627
f 7647 7627 7646
f 7627 7647 7628
f 7647 7648 7628
f 7628 7648 7629
f 7573 7572 7591
f 7649 7629 7648
f 7590 7591 7572
f 7589 7590 7571
f 7558 7557 7576
f 3776 7583 3777
f 3778 7582 3776
f 7577 7576 7595
f 7594 7595 7576
f 7576 7575 7594
f 3772 7583 7584
f 3772 7584 3773
f 3772 3775 7583
f 3777 7583 3775
f 3769 7584 3767
f 3769 3770 7584
f 3773 7584 3770
f 3722 7585 3723
f 3725 7585 3722
f 7585 3725 3731
f 3716 7586 7568
f 3718 7586 3716
f 3724 7586 3718
f 3724 7585 7586
f 3778 7567 7582
f 3723 7585 3724
f 7568 7586 7587
f 7588 7570 7569
f 7587 7588 7569
f 7588 7589 7570
f 7571 7570 7589
f 7571 7590 7572
f 7560 7559 7578
f 7630 7629 7650
f 7650 7651 7630
f 3751 7623 7624
f 3751 7624 3750
f 3740 3743 7624
f 3743 3746 7624
f 3740 7624 7625
f 3740 7625 3741
f 3741 7625 3744
f 3744 7625 7626
f 3744 7626 3745
f 7604 3736 7626
f 3745 7626 3739
f 3736 3739 7626
f 3736 7604 3737
f 7626 7627 7604
f 7605 7604 7627
f 7628 7605 7627
f 7606 7605 7628
f 7629 7606 7628
f 7630 7607 7606
f 3750 7624 3746
f 7630 7606 7629
f 7630 7631 7607
f 7609 7608 7632
f 7631 7632 7608
f 7610 7609 7633
f 7633 7609 7632
f 7611 7610 7634
f 3748 7623 3751
f 7631 7630 7651
f 3748 3747 7623
f 3753 7622 7623
f 7632 7631 7652
f 7651 7652 7631
f 7633 7632 7653
f 7652 7653 7632
f 7634 7633 7654
f 7653 7654 7633
f 7635 7634 7655
f 7654 7655 7634
f 7655 7656 7635
f 7656 7636 7635
f 7629 7649 7650
f 7617 7599 7616
f 7598 7616 7599
f 7618 7600 7617
f 7599 7617 7600
f 7601 7600 7618
f 7619 7601 7618
f 7620 7602 7619
f 7619 7602 7601
f 7620 7621 7603
f 7603 7602 7620
f 3757 7621 7622
f 3757 7622 3759
f 3755 7603 7621
f 3755 7621 3757
f 3753 3752 7622
f 3759 7622 3752
f 3753 7623 3747
f 7577 7578 7559
f 7577 7559 7558
f 7576 7577 7558
f 3634 7531 3580
f 3643 7531 3634
f 3574 7531 7529
f 3581 7531 3573
f 3573 7531 3574
f 7532 7529 7531
f 3576 3578 7532
f 3578 7529 7532
f 3576 7532 7533
f 3576 7533 3577
f 3514 3515 7533
f 3577 7533 3515
f 3520 3514 7533
f 3717 7568 7569
f 3721 3720 7569
f 3767 7600 3768
f 3764 7601 7602
f 3764 7602 3766
f 3764 3763 7601
f 3771 7601 3763
f 3760 3762 7603
f 7602 7603 3762
f 3760 7603 3758
f 3762 3761 7602
f 3766 7602 3761
f 3754 7603 3755
f 3758 7603 3754
f 3643 7530 7531
f 3737 7604 3733
f 3581 3580 7531
f 3642 7530 3643
f 7554 7540 7539
f 7554 7555 7540
f 7541 7540 7555
f 7555 7556 7541
f 7542 7541 7556
f 7556 7557 7542
f 3650 7551 3652
f 7557 7543 7542
f 7544 7543 7558
f 7558 7559 7544
f 7545 7544 7559
f 7559 7560 7545
f 7560 7546 7545
f 7546 7560 7561
f 7561 3466 7546
f 3465 7546 3466
f 3467 3466 7561
f 3467 7561 3413
f 7557 7558 7543
f 3714 7568 3717
f 3516 7534 3517
f 3520 7533 7534
f 3520 7534 3516
f 3574 7529 3575
f 3575 7529 3579
f 3579 7529 3578
f 3637 7530 3641
f 3641 7530 3642
f 3733 7604 3734
f 7605 3734 7604
f 3734 7605 3738
f 7591 7614 7592
f 7614 7615 7592
f 7593 7592 7615
f 7589 7588 7611
f 3721 7569 7570
f 7580 7565 7579
f 7564 7579 7565
f 7581 7566 7580
f 7566 7565 7580
f 7581 7582 7567
f 7567 7566 7581
f 3719 7569 3720
f 3712 7570 7552
f 3711 7570 3712
f 3721 7570 3711
f 7552 7570 7571
f 7552 7571 7553
f 7571 7572 7553
f 7554 7553 7572
f 7572 7573 7554
f 7555 7554 7573
f 7573 7574 7555
f 7556 7555 7574
f 7574 7575 7556
f 7557 7556 7575
f 3776 7582 7583
f 7575 7576 7557
f 7613 7614 7591
f 7591 7590 7613
f 7612 7613 7590
f 7590 7589 7612
f 3730 3729 7605
f 3732 7605 3729
f 3738 7605 3732
f 3730 7605 7606
f 3730 7606 3728
f 3731 7607 7585
f 3726 7607 3731
f 3726 7606 7607
f 3728 7606 3726
f 7608 7586 7585
f 7585 7607 7608
f 7587 7586 7609
f 7609 7586 7608
f 303 244 302
f 3767 7584 7600
f 3768 7600 7601
f 7584 7583 7599
f 7588 7587 7610
f 7597 7581 7596
f 7596 7581 7580
f 7598 7582 7597
f 7581 7597 7582
f 7599 7583 7598
f 7598 7583 7582
f 7599 7600 7584
f 7609 7610 7587
f 7611 7588 7610
f 7611 7612 7589
f 3768 7601 3771
f 244 303 245
f 304 245 303
f 245 304 246
f 875 934 876
f 936 877 935
f 876 935 877
f 877 936 878
f 937 878 936
f 878 937 879
f 929 930 870
f 879 937 938
f 939 880 938
f 880 939 881
f 940 881 939
f 881 940 882
f 940 941 882
f 882 941 883
f 942 883 941
f 883 942 884
f 943 884 942
f 884 943 885
f 944 885 943
f 885 944 827
f 886 827 944
f 886 945 887
f 879 938 880
f 837 896 838
f 896 837 895
f 836 895 837
f 846 788 787
f 935 876 934
f 848 789 847
f 874 933 934
f 932 933 873
f 953 894 952
f 894 953 895
f 954 895 953
f 895 954 896
f 896 954 955
f 896 955 897
f 956 897 955
f 897 956 898
f 956 957 898
f 898 957 899
f 958 899 957
f 899 958 900
f 959 900 958
f 900 959 901
f 960 901 959
f 901 960 902
f 961 902 960
f 902 961 903
f 962 903 961
f 888 947 889
f 947 888 946
f 887 946 888
f 946 887 945
f 930 931 871
f 873 872 932
f 931 932 872
f 874 873 933
f 875 874 934
f 893 952 894
f 788 847 789
f 848 849 789
f 772 831 773
f 832 773 831
f 773 832 774
f 833 774 832
f 774 833 775
f 775 833 834
f 775 834 776
f 835 776 834
f 776 835 777
f 836 777 835
f 777 836 778
f 803 802 862
f 837 778 836
f 838 779 837
f 779 838 780
f 839 780 838
f 780 839 781
f 840 781 839
f 781 840 782
f 841 782 840
f 782 841 783
f 842 783 841
f 783 842 784
f 843 784 842
f 784 843 785
f 844 785 843
f 785 844 786
f 831 772 830
f 790 789 849
f 771 830 772
f 845 786 844
f 791 790 850
f 849 850 790
f 792 791 851
f 850 851 791
f 793 792 852
f 851 852 792
f 794 793 853
f 852 853 793
f 795 794 854
f 853 854 794
f 796 795 855
f 855 795 854
f 797 796 856
f 855 856 796
f 798 797 857
f 857 797 856
f 799 798 858
f 857 858 798
f 800 799 859
f 858 859 799
f 801 800 860
f 859 860 800
f 802 801 861
f 860 861 801
f 847 788 846
f 786 845 787
f 846 787 845
f 829 830 771
f 778 837 779
f 952 893 951
f 950 951 892
f 680 679 739
f 738 739 679
f 681 680 740
f 739 740 680
f 682 681 741
f 740 741 681
f 683 682 742
f 741 742 682
f 684 683 743
f 742 743 683
f 685 684 744
f 743 744 684
f 736 737 677
f 769 828 770
f 829 770 828
f 770 829 771
f 856 855 915
f 914 915 855
f 857 856 916
f 856 915 916
f 858 857 917
f 916 917 857
f 859 858 918
f 858 917 918
f 860 859 919
f 918 919 859
f 861 860 920
f 738 678 737
f 919 920 860
f 679 678 738
f 729 670 728
f 698 697 757
f 756 757 697
f 699 698 758
f 757 758 698
f 699 758 700
f 759 700 758
f 700 759 701
f 760 701 759
f 701 760 702
f 745 746 686
f 687 686 746
f 744 745 685
f 686 685 745
f 730 671 729
f 671 670 729
f 731 672 730
f 671 730 672
f 673 672 732
f 731 732 672
f 674 673 733
f 732 733 673
f 675 674 734
f 674 733 734
f 676 675 735
f 734 735 675
f 677 676 736
f 735 736 676
f 678 677 737
f 892 951 893
f 862 861 921
f 863 862 922
f 904 845 903
f 928 929 869
f 905 846 904
f 906 847 905
f 846 905 847
f 907 848 906
f 847 906 848
f 849 848 908
f 907 908 848
f 850 849 909
f 908 909 849
f 851 850 910
f 909 910 850
f 852 851 911
f 910 911 851
f 853 852 912
f 911 912 852
f 846 845 904
f 897 838 896
f 871 870 930
f 872 871 931
f 948 889 947
f 889 948 890
f 890 948 949
f 890 949 891
f 891 949 950
f 891 950 892
f 844 903 845
f 920 921 861
f 903 844 902
f 902 843 901
f 921 922 862
f 864 863 923
f 923 863 922
f 865 864 924
f 923 924 864
f 866 865 925
f 924 925 865
f 867 866 926
f 925 926 866
f 868 867 927
f 926 927 867
f 869 868 928
f 927 928 868
f 870 869 929
f 914 854 913
f 855 854 914
f 912 913 853
f 854 853 913
f 838 897 839
f 839 897 898
f 839 898 840
f 899 840 898
f 840 899 841
f 900 841 899
f 841 900 842
f 901 842 900
f 842 901 843
f 843 902 844
f 861 862 802
f 804 803 863
f 862 863 803
f 556 497 555
f 498 497 557
f 556 557 497
f 499 498 558
f 557 558 498
f 500 499 559
f 558 559 499
f 485 544 486
f 544 485 543
f 484 543 485
f 484 542 543
f 469 527 528
f 469 528 470
f 529 470 528
f 470 529 471
f 530 471 529
f 471 530 472
f 531 472 530
f 472 531 414
f 473 414 531
f 473 532 474
f 474 532 533
f 474 533 475
f 534 475 533
f 475 534 476
f 527 468 526
f 476 534 535
f 496 555 497
f 477 535 536
f 555 496 554
f 553 554 495
f 506 507 447
f 449 448 508
f 507 508 448
f 450 449 509
f 508 509 449
f 502 442 501
f 494 435 493
f 467 526 468
f 468 527 469
f 545 486 544
f 486 545 487
f 546 487 545
f 487 546 488
f 547 488 546
f 488 547 489
f 548 489 547
f 489 548 490
f 548 549 490
f 490 549 491
f 550 491 549
f 491 550 492
f 551 492 550
f 492 551 493
f 552 493 551
f 493 552 494
f 553 494 552
f 494 553 495
f 495 554 496
f 448 447 507
f 477 536 478
f 478 537 479
f 452 453 393
f 395 394 454
f 394 453 454
f 396 395 455
f 454 455 395
f 397 396 456
f 455 456 396
f 398 397 457
f 456 457 397
f 399 398 458
f 457 458 398
f 400 399 459
f 444 384 443
f 385 384 444
f 442 443 383
f 384 383 443
f 368 427 369
f 428 369 427
f 369 428 370
f 370 428 429
f 370 429 371
f 429 430 371
f 371 430 372
f 431 372 430
f 372 431 373
f 432 373 431
f 373 432 374
f 394 393 453
f 537 478 536
f 451 452 392
f 450 451 391
f 537 538 479
f 479 538 480
f 538 539 480
f 480 539 481
f 539 540 481
f 481 540 482
f 541 482 540
f 482 541 483
f 542 483 541
f 483 542 484
f 476 535 477
f 501 500 560
f 434 493 435
f 433 492 434
f 386 385 445
f 444 445 385
f 387 386 446
f 445 446 386
f 388 387 447
f 446 447 387
f 389 388 448
f 447 448 388
f 390 389 449
f 449 389 448
f 391 390 450
f 450 390 449
f 392 391 451
f 393 392 452
f 506 446 505
f 447 446 506
f 504 505 445
f 637 636 696
f 820 879 821
f 819 878 820
f 805 804 864
f 863 864 804
f 806 805 865
f 864 865 805
f 807 806 866
f 866 806 865
f 808 807 867
f 866 867 807
f 809 808 868
f 867 868 808
f 810 809 869
f 868 869 809
f 811 810 870
f 870 810 869
f 879 820 878
f 812 811 871
f 813 812 872
f 871 872 812
f 814 813 873
f 872 873 813
f 815 814 874
f 873 874 814
f 816 815 875
f 815 874 875
f 888 829 887
f 876 817 875
f 895 836 894
f 894 835 893
f 821 880 822
f 881 822 880
f 822 881 823
f 881 882 823
f 823 882 824
f 883 824 882
f 824 883 825
f 884 825 883
f 825 884 826
f 885 826 884
f 826 885 768
f 827 768 885
f 827 886 828
f 887 828 886
f 880 821 879
f 828 887 829
f 829 888 830
f 889 830 888
f 830 889 831
f 890 831 889
f 831 890 832
f 891 832 890
f 832 891 833
f 891 892 833
f 833 892 834
f 892 893 834
f 834 893 835
f 835 894 836
f 875 817 816
f 817 876 818
f 877 818 876
f 525 466 524
f 466 525 467
f 510 511 451
f 452 451 511
f 509 510 450
f 451 450 510
f 435 494 436
f 494 495 436
f 436 495 437
f 496 437 495
f 437 496 438
f 496 497 438
f 439 438 498
f 497 498 438
f 440 439 499
f 498 499 439
f 441 440 500
f 499 500 440
f 442 441 501
f 500 501 441
f 526 467 525
f 443 442 502
f 444 443 503
f 502 503 443
f 445 444 504
f 503 504 444
f 446 445 505
f 465 524 466
f 524 465 523
f 464 523 465
f 522 523 463
f 818 877 819
f 819 877 878
f 871 811 870
f 694 695 635
f 693 694 634
f 453 452 512
f 511 512 452
f 454 453 513
f 512 513 453
f 455 454 514
f 514 454 513
f 456 455 515
f 515 455 514
f 755 756 696
f 457 456 516
f 458 457 517
f 517 457 516
f 459 458 518
f 517 518 458
f 460 459 519
f 518 519 459
f 461 460 520
f 519 520 460
f 462 461 521
f 520 521 461
f 463 462 522
f 521 522 462
f 464 463 523
f 515 516 456
f 1247 1306 1248
f 697 696 756
f 696 695 755
f 147 148 58
f 62 60 149
f 148 149 60
f 62 149 64
f 150 64 149
f 64 150 66
f 151 66 150
f 68 66 152
f 151 152 66
f 70 68 153
f 152 153 68
f 72 70 154
f 154 70 153
f 74 72 155
f 154 155 72
f 76 74 156
f 155 156 74
f 78 76 157
f 157 76 156
f 48 142 50
f 142 48 141
f 45 141 48
f 141 45 140
f 126 16 125
f 16 126 18
f 127 18 126
f 18 127 20
f 60 58 148
f 128 20 127
f 146 147 56
f 145 146 54
f 80 77 78
f 123 124 10
f 81 79 82
f 82 83 81
f 84 81 83
f 83 85 84
f 86 84 85
f 85 87 86
f 88 86 87
f 87 89 88
f 90 88 89
f 89 91 90
f 92 90 91
f 93 92 94
f 91 94 92
f 95 93 96
f 94 96 93
f 80 82 79
f 66 65 64
f 12 124 14
f 14 125 16
f 142 143 50
f 50 143 52
f 144 52 143
f 54 52 145
f 144 145 52
f 56 54 146
f 58 56 147
f 79 77 80
f 20 128 22
f 22 129 24
f 36 35 38
f 39 40 37
f 37 40 38
f 41 42 39
f 40 39 42
f 43 44 41
f 42 41 44
f 45 46 43
f 44 43 46
f 32 31 30
f 46 45 47
f 47 48 49
f 50 49 48
f 49 50 51
f 52 51 50
f 53 51 54
f 52 54 51
f 55 53 56
f 54 56 53
f 57 55 58
f 58 55 56
f 59 57 60
f 58 60 57
f 61 59 62
f 59 60 62
f 45 48 47
f 366 425 367
f 37 38 35
f 129 22 128
f 34 33 36
f 31 32 34
f 130 24 129
f 24 130 26
f 131 26 130
f 26 131 28
f 132 28 131
f 28 132 30
f 14 124 125
f 133 30 132
f 134 32 133
f 32 134 33
f 135 33 134
f 136 35 135
f 33 135 35
f 137 37 136
f 35 136 37
f 138 39 137
f 39 37 137
f 139 41 138
f 39 138 41
f 140 43 139
f 41 139 43
f 43 140 45
f 30 133 32
f 63 64 65
f 63 62 64
f 61 62 63
f 33 34 32
f 35 36 33
f 29 30 31
f 76 78 75
f 76 73 74
f 354 295 353
f 295 354 237
f 296 237 354
f 296 355 297
f 355 356 297
f 297 356 298
f 356 357 298
f 298 357 299
f 358 299 357
f 285 284 344
f 342 343 283
f 284 283 343
f 341 342 282
f 326 327 267
f 269 268 328
f 327 328 268
f 270 269 329
f 328 329 269
f 271 270 330
f 329 330 270
f 272 271 331
f 330 331 271
f 273 272 332
f 331 332 272
f 274 273 333
f 333 273 332
f 275 274 334
f 294 353 295
f 325 326 266
f 353 294 352
f 352 293 351
f 305 246 304
f 246 305 247
f 306 247 305
f 247 306 248
f 306 307 248
f 248 307 249
f 308 249 307
f 301 242 300
f 359 300 358
f 267 266 326
f 268 267 327
f 343 344 284
f 286 285 345
f 344 345 285
f 287 286 346
f 345 346 286
f 287 346 288
f 347 288 346
f 288 347 289
f 348 289 347
f 289 348 290
f 349 290 348
f 290 349 291
f 350 291 349
f 291 350 292
f 351 292 350
f 292 351 293
f 293 352 294
f 77 75 78
f 333 334 274
f 277 276 336
f 116 115 114
f 115 116 117
f 118 117 116
f 117 118 2
f 4 2 118
f 4 119 3
f 3 119 120
f 6 3 121
f 120 121 3
f 8 6 122
f 122 6 121
f 10 8 123
f 122 123 8
f 12 10 124
f 98 100 97
f 99 97 100
f 96 98 95
f 97 95 98
f 65 66 67
f 68 67 66
f 69 67 70
f 68 70 67
f 71 69 72
f 70 72 69
f 73 71 74
f 72 74 71
f 75 73 76
f 113 114 115
f 334 335 275
f 114 113 112
f 112 111 110
f 335 336 276
f 278 277 337
f 277 336 337
f 279 278 338
f 337 338 278
f 280 279 339
f 338 339 279
f 281 280 340
f 339 340 280
f 282 281 341
f 340 341 281
f 283 282 342
f 276 275 335
f 82 80 159
f 158 78 157
f 80 78 158
f 99 100 101
f 102 101 100
f 101 102 103
f 104 103 102
f 103 104 105
f 106 105 104
f 105 106 107
f 108 107 106
f 107 108 109
f 110 109 108
f 109 110 111
f 111 112 113
f 27 28 29
f 1 2 3
f 4 3 2
f 752 751 811
f 810 811 751
f 744 803 804
f 828 769 827
f 762 703 761
f 761 702 760
f 713 654 712
f 654 713 655
f 655 713 714
f 655 714 656
f 715 656 714
f 656 715 657
f 716 657 715
f 657 716 658
f 717 658 716
f 658 717 659
f 718 659 717
f 659 718 660
f 719 660 718
f 660 719 661
f 661 719 720
f 661 720 662
f 721 662 720
f 662 721 663
f 722 663 721
f 663 722 664
f 723 664 722
f 750 809 810
f 664 723 665
f 751 750 810
f 750 749 809
f 754 753 813
f 811 812 752
f 753 752 812
f 738 737 797
f 797 737 796
f 739 738 798
f 797 798 738
f 740 739 799
f 799 739 798
f 741 740 800
f 799 800 740
f 742 741 801
f 741 800 801
f 743 742 802
f 802 742 801
f 744 743 803
f 802 803 743
f 737 736 796
f 745 744 804
f 746 745 805
f 804 805 745
f 747 746 806
f 805 806 746
f 748 747 807
f 806 807 747
f 749 748 808
f 807 808 748
f 808 809 749
f 812 813 753
f 723 724 665
f 725 666 724
f 648 707 649
f 708 649 707
f 649 708 591
f 650 591 708
f 650 709 651
f 651 709 710
f 651 710 652
f 644 703 645
f 702 761 703
f 669 727 728
f 669 728 670
f 688 687 747
f 746 747 687
f 689 688 748
f 747 748 688
f 690 689 749
f 748 749 689
f 691 690 750
f 750 690 749
f 692 691 751
f 750 751 691
f 693 692 752
f 751 752 692
f 694 693 753
f 752 753 693
f 695 694 754
f 753 754 694
f 707 648 706
f 665 724 666
f 647 706 648
f 646 705 647
f 666 725 667
f 726 667 725
f 667 726 668
f 727 668 726
f 653 712 654
f 712 653 711
f 652 711 653
f 711 652 710
f 696 636 695
f 638 637 697
f 696 697 637
f 639 638 698
f 697 698 638
f 640 639 699
f 698 699 639
f 640 699 641
f 700 641 699
f 641 700 642
f 701 642 700
f 642 701 643
f 702 643 701
f 643 702 644
f 668 727 669
f 703 644 702
f 704 645 703
f 645 704 646
f 705 646 704
f 706 647 705
f 768 827 769
f 768 709 826
f 767 826 709
f 722 781 723
f 782 723 781
f 723 782 724
f 783 724 782
f 724 783 725
f 783 784 725
f 725 784 726
f 785 726 784
f 726 785 727
f 786 727 785
f 727 786 728
f 728 786 787
f 788 729 787
f 728 787 729
f 789 730 788
f 730 729 788
f 790 731 789
f 730 789 731
f 732 731 791
f 790 791 731
f 733 732 792
f 791 792 732
f 734 733 793
f 792 793 733
f 735 734 794
f 793 794 734
f 720 779 721
f 781 722 780
f 720 778 779
f 721 780 722
f 427 368 426
f 5 1 6
f 6 1 3
f 7 5 8
f 6 8 5
f 9 7 10
f 8 10 7
f 11 9 12
f 10 12 9
f 30 29 28
f 11 12 13
f 13 14 15
f 14 16 15
f 15 16 17
f 18 17 16
f 17 18 19
f 20 19 18
f 19 20 21
f 22 21 20
f 21 22 23
f 23 22 24
f 23 24 25
f 26 25 24
f 25 26 27
f 28 27 26
f 14 13 12
f 426 367 425
f 367 426 368
f 780 721 779
f 719 778 720
f 778 719 777
f 763 704 762
f 795 796 736
f 755 754 814
f 813 814 754
f 756 755 815
f 814 815 755
f 757 756 816
f 816 756 815
f 758 757 817
f 816 817 757
f 758 817 759
f 817 818 759
f 759 818 760
f 819 760 818
f 760 819 761
f 820 761 819
f 761 820 762
f 821 762 820
f 762 821 763
f 822 763 821
f 763 822 764
f 823 764 822
f 764 823 765
f 765 823 824
f 765 824 766
f 766 824 825
f 766 825 767
f 825 826 767
f 795 735 794
f 703 762 704
f 711 770 712
f 718 777 719
f 704 763 705
f 764 705 763
f 705 764 706
f 765 706 764
f 706 765 707
f 766 707 765
f 707 766 708
f 708 766 767
f 708 767 650
f 709 650 767
f 709 768 710
f 768 769 710
f 710 769 711
f 754 755 695
f 736 735 795
f 771 712 770
f 712 771 713
f 771 772 713
f 713 772 714
f 714 772 773
f 714 773 715
f 774 715 773
f 715 774 716
f 775 716 774
f 716 775 717
f 776 717 775
f 717 776 718
f 777 718 776
f 770 711 769
f 1332 1273 1331
f 1307 1248 1306
f 1308 1249 1307
f 6757 6816 6758
f 6816 6817 6758
f 6758 6817 6759
f 6818 6759 6817
f 6759 6818 6760
f 6760 6818 6819
f 6760 6819 6761
f 6820 6761 6819
f 6761 6820 6762
f 6821 6762 6820
f 6762 6821 6763
f 6822 6763 6821
f 6763 6822 6764
f 6822 6823 6764
f 6764 6823 6765
f 6765 6823 6824
f 6765 6824 6766
f 6824 6825 6766
f 6766 6825 6767
f 6826 6767 6825
f 6752 6811 6694
f 6811 6752 6810
f 6751 6810 6752
f 6810 6751 6809
f 6794 6795 6735
f 6737 6736 6796
f 6795 6796 6736
f 6816 6757 6815
f 6738 6737 6797
f 6756 6815 6757
f 6755 6814 6756
f 7111 7110 7170
f 7170 7171 7111
f 7163 7104 7162
f 7112 7111 7171
f 7113 7112 7172
f 7172 7173 7113
f 7114 7113 7173
f 7173 7174 7114
f 7115 7114 7174
f 7174 7175 7115
f 7116 7115 7175
f 7175 7176 7116
f 7117 7116 7176
f 7176 7177 7117
f 7118 7117 7177
f 7177 7178 7118
f 7118 7178 7119
f 7178 7179 7119
f 7171 7172 7112
f 6995 6996 6936
f 6936 6935 6995
f 6994 6995 6935
f 6753 6694 6811
f 6753 6812 6754
f 6813 6754 6812
f 6754 6813 6755
f 6814 6755 6813
f 6815 6756 6814
f 7169 7170 7110
f 6797 6737 6796
f 6797 6798 6738
f 6789 6788 6848
f 6847 6848 6788
f 6790 6789 6849
f 6789 6848 6849
f 6791 6790 6850
f 6849 6850 6790
f 6792 6791 6851
f 6851 6791 6850
f 6793 6792 6852
f 6851 6852 6792
f 6794 6793 6853
f 6853 6793 6852
f 6795 6794 6854
f 6853 6854 6794
f 6796 6795 6855
f 6854 6855 6795
f 6797 6796 6856
f 6855 6856 6796
f 6857 6798 6856
f 6797 6856 6798
f 6858 6799 6857
f 6857 6799 6798
f 6799 6858 6800
f 6859 6800 6858
f 6800 6859 6801
f 6844 6845 6785
f 6786 6785 6845
f 6846 6847 6787
f 6739 6738 6798
f 6788 6787 6847
f 6787 6786 6846
f 6740 6739 6799
f 6798 6799 6739
f 6740 6799 6741
f 6800 6741 6799
f 6741 6800 6742
f 6801 6742 6800
f 6742 6801 6743
f 6767 6826 6768
f 6802 6743 6801
f 6803 6744 6802
f 6744 6803 6745
f 6804 6745 6803
f 6745 6804 6746
f 6805 6746 6804
f 6746 6805 6747
f 6806 6747 6805
f 6747 6806 6748
f 6807 6748 6806
f 6748 6807 6749
f 6808 6749 6807
f 6749 6808 6750
f 6809 6750 6808
f 6750 6809 6751
f 6743 6802 6744
f 6736 6735 6795
f 6827 6768 6826
f 6828 6769 6827
f 6845 6846 6786
f 6843 6844 6784
f 7110 7109 7169
f 7109 7108 7168
f 7097 7156 7098
f 7098 7157 7099
f 7158 7099 7157
f 7099 7158 7100
f 7159 7100 7158
f 7100 7159 7101
f 7160 7101 7159
f 7101 7160 7102
f 7102 7160 7161
f 7102 7161 7103
f 7146 7088 7087
f 7147 7088 7146
f 7086 7145 7087
f 7146 7087 7145
f 7072 7071 7131
f 7071 7130 7131
f 7073 7072 7132
f 7131 7132 7072
f 7074 7073 7133
f 7132 7133 7073
f 7075 7074 7134
f 7133 7134 7074
f 7076 7075 7135
f 7135 7075 7134
f 7077 7076 7136
f 7135 7136 7076
f 7078 7077 7137
f 7157 7098 7156
f 7136 7137 7077
f 7096 7155 7097
f 7095 7154 7096
f 7182 7242 7183
f 7242 7243 7183
f 7184 7183 7243
f 7243 7244 7184
f 7244 7185 7184
f 7244 7245 7185
f 7186 7185 7245
f 7245 7246 7186
f 7238 7239 7179
f 7071 7070 7130
f 7138 7137 7197
f 7137 7136 7196
f 7148 7089 7147
f 7088 7147 7089
f 7149 7090 7148
f 7148 7090 7089
f 7150 7091 7149
f 7091 7090 7149
f 7151 7092 7150
f 7091 7150 7092
f 7152 7093 7151
f 7092 7151 7093
f 7153 7094 7152
f 7093 7152 7094
f 7154 7095 7153
f 7094 7153 7095
f 7155 7096 7154
f 7156 7097 7155
f 7168 7169 7109
f 7162 7103 7161
f 7080 7079 7139
f 7187 7188 7128
f 7130 7129 7189
f 7188 7189 7129
f 7131 7130 7190
f 7189 7190 7130
f 7132 7131 7191
f 7131 7190 7191
f 7133 7132 7192
f 7191 7192 7132
f 7134 7133 7193
f 7192 7193 7133
f 7135 7134 7194
f 7193 7194 7134
f 7136 7135 7195
f 7194 7195 7135
f 7180 7181 7121
f 7121 7120 7180
f 7179 7180 7120
f 7120 7119 7179
f 7163 7164 7105
f 7105 7164 7106
f 7165 7106 7164
f 7106 7165 7048
f 7107 7048 7165
f 7166 7167 7107
f 7107 7167 7108
f 7167 7168 7108
f 7129 7128 7188
f 7079 7078 7138
f 7128 7127 7187
f 7126 7186 7127
f 7139 7079 7138
f 7081 7080 7140
f 7139 7140 7080
f 7082 7081 7141
f 7141 7081 7140
f 7083 7082 7142
f 7142 7082 7141
f 7084 7083 7143
f 7143 7083 7142
f 7144 7085 7143
f 7084 7143 7085
f 7145 7086 7144
f 7085 7144 7086
f 7137 7138 7078
f 7196 7136 7195
f 7103 7162 7104
f 7104 7163 7105
f 7122 7121 7181
f 7181 7182 7122
f 7123 7122 7182
f 7182 7183 7123
f 7123 7183 7124
f 7183 7184 7124
f 7125 7124 7184
f 7184 7185 7125
f 7126 7125 7185
f 7185 7186 7126
f 7186 7187 7127
f 7241 7242 7182
f 6785 6784 6844
f 6829 6770 6828
f 6772 6773 6714
f 6714 6773 6715
f 6774 6715 6773
f 6715 6774 6716
f 6774 6775 6716
f 6716 6775 6717
f 6776 6717 6775
f 6768 6769 6710
f 6801 6860 6802
f 6802 6860 6861
f 6802 6861 6803
f 6946 6947 6887
f 6888 6887 6947
f 6947 6948 6888
f 6889 6888 6948
f 6948 6949 6889
f 6890 6889 6949
f 6949 6950 6890
f 6891 6890 6950
f 6892 6891 6951
f 6950 6951 6891
f 6893 6892 6952
f 6951 6952 6892
f 6894 6893 6953
f 6952 6953 6893
f 6895 6894 6954
f 6894 6953 6954
f 6713 6772 6714
f 6896 6895 6955
f 6771 6772 6713
f 6771 6712 6770
f 6790 6791 6731
f 6733 6732 6792
f 6791 6792 6732
f 6734 6733 6793
f 6778 6719 6777
f 6718 6777 6719
f 6777 6718 6776
f 6717 6776 6718
f 6702 6761 6703
f 6762 6703 6761
f 6703 6762 6704
f 6763 6704 6762
f 6704 6763 6705
f 6705 6763 6764
f 6705 6764 6706
f 6765 6706 6764
f 6706 6765 6707
f 6766 6707 6765
f 6707 6766 6708
f 6767 6708 6766
f 6708 6767 6709
f 6768 6709 6767
f 6701 6760 6702
f 6709 6768 6710
f 6710 6769 6711
f 6770 6711 6769
f 6711 6770 6712
f 6712 6771 6713
f 6732 6731 6791
f 6895 6954 6955
f 6955 6956 6896
f 6938 6939 6879
f 6880 6879 6939
f 6939 6940 6880
f 6881 6880 6940
f 6940 6941 6881
f 6882 6881 6941
f 6941 6942 6882
f 6883 6882 6942
f 6942 6943 6883
f 6884 6883 6943
f 6943 6944 6884
f 6884 6944 6885
f 6937 6878 6936
f 6870 6928 6929
f 6903 6902 6962
f 6904 6903 6963
f 6921 6979 6980
f 6921 6980 6922
f 6981 6922 6980
f 6922 6981 6923
f 6923 6981 6982
f 6923 6982 6924
f 6983 6924 6982
f 6924 6983 6925
f 6984 6925 6983
f 6925 6984 6926
f 6985 6926 6984
f 6879 6878 6938
f 6897 6896 6956
f 6937 6938 6878
f 6960 6961 6901
f 6898 6897 6957
f 6956 6957 6897
f 6899 6898 6958
f 6957 6958 6898
f 6900 6899 6959
f 6958 6959 6899
f 6901 6900 6960
f 6959 6960 6900
f 6902 6901 6961
f 6887 6886 6946
f 6945 6946 6886
f 6886 6885 6945
f 6944 6945 6885
f 6870 6929 6812
f 6871 6812 6929
f 6871 6930 6872
f 6872 6930 6931
f 6872 6931 6873
f 6932 6873 6931
f 6873 6932 6874
f 6933 6874 6932
f 6874 6933 6875
f 6934 6875 6933
f 6875 6934 6876
f 6935 6876 6934
f 6876 6935 6877
f 6936 6877 6935
f 6877 6936 6878
f 6769 6828 6770
f 6790 6730 6789
f 6788 6789 6729
f 6792 6793 6733
f 6745 6686 6744
f 6686 6745 6687
f 6746 6687 6745
f 6687 6746 6688
f 6747 6688 6746
f 6688 6747 6689
f 6748 6689 6747
f 6689 6748 6690
f 6749 6690 6748
f 6690 6749 6691
f 6750 6691 6749
f 6691 6750 6692
f 6692 6750 6751
f 6692 6751 6693
f 6752 6693 6751
f 6693 6752 6635
f 6752 6694 6635
f 6694 6753 6695
f 6754 6695 6753
f 6695 6754 6696
f 6755 6696 6754
f 6696 6755 6697
f 6756 6697 6755
f 6697 6756 6698
f 6698 6756 6757
f 6698 6757 6699
f 6793 6794 6734
f 6758 6699 6757
f 6801 6859 6860
f 6843 6783 6842
f 6770 6829 6771
f 6829 6830 6771
f 6771 6830 6772
f 6831 6772 6830
f 6772 6831 6773
f 6832 6773 6831
f 6773 6832 6774
f 6774 6832 6833
f 6774 6833 6775
f 6775 6833 6834
f 6775 6834 6776
f 6776 6834 6835
f 6768 6827 6769
f 6776 6835 6777
f 6777 6836 6778
f 6837 6778 6836
f 6778 6837 6779
f 6838 6779 6837
f 6779 6838 6780
f 6839 6780 6838
f 6781 6780 6840
f 6839 6840 6780
f 6782 6781 6841
f 6840 6841 6781
f 6783 6782 6842
f 6841 6842 6782
f 6784 6783 6843
f 6836 6777 6835
f 6731 6730 6790
f 6699 6758 6700
f 6685 6744 6686
f 6741 6742 6682
f 6684 6683 6743
f 6677 6676 6736
f 6735 6734 6794
f 6760 6701 6759
f 6761 6702 6760
f 6719 6778 6720
f 6779 6720 6778
f 6720 6779 6721
f 6779 6780 6721
f 6721 6780 6722
f 6781 6722 6780
f 6723 6722 6782
f 6782 6722 6781
f 6724 6723 6783
f 6723 6782 6783
f 6725 6724 6784
f 6783 6784 6724
f 6726 6725 6785
f 6725 6784 6785
f 6727 6726 6786
f 6786 6726 6785
f 6728 6727 6787
f 6786 6787 6727
f 6729 6728 6788
f 6787 6788 6728
f 6730 6729 6789
f 6683 6682 6742
f 6759 6700 6758
f 6740 6741 6681
f 6739 6740 6680
f 6744 6685 6743
f 6684 6743 6685
f 6742 6743 6683
f 6728 6668 6727
f 6670 6669 6729
f 6728 6729 6669
f 6671 6670 6730
f 6729 6730 6670
f 6672 6671 6731
f 6671 6730 6731
f 6673 6672 6732
f 6731 6732 6672
f 6674 6673 6733
f 6732 6733 6673
f 6675 6674 6734
f 6733 6734 6674
f 6676 6675 6735
f 6700 6759 6701
f 6734 6735 6675
f 6735 6736 6676
f 6678 6677 6737
f 6736 6737 6677
f 6679 6678 6738
f 6678 6737 6738
f 6680 6679 6739
f 6739 6679 6738
f 6681 6680 6740
f 6682 6681 6741
f 7181 7241 7182
f 7240 7241 7181
f 7181 7180 7240
f 7012 7011 7071
f 7013 7012 7072
f 7071 7072 7012
f 7014 7013 7073
f 7072 7073 7013
f 7015 7014 7074
f 7073 7074 7014
f 7016 7015 7075
f 7074 7075 7015
f 7017 7016 7076
f 7075 7076 7016
f 7018 7017 7077
f 7077 7017 7076
f 7019 7018 7078
f 7077 7078 7018
f 7071 7011 7070
f 7004 7003 7063
f 7096 7037 7095
f 7097 7038 7096
f 7055 7054 7114
f 7114 7115 7055
f 7056 7055 7115
f 7115 7116 7056
f 7057 7056 7116
f 7116 7117 7057
f 7058 7057 7117
f 7117 7118 7058
f 7094 7036 7035
f 7118 7059 7058
f 7069 7070 7010
f 7010 7009 7069
f 7029 7088 7030
f 7090 7031 7089
f 7030 7089 7031
f 7091 7032 7090
f 7090 7032 7031
f 7092 7033 7091
f 7032 7091 7033
f 7093 7034 7092
f 7092 7034 7033
f 7094 7035 7093
f 7034 7093 7035
f 7095 7036 7094
f 7020 7079 7080
f 7021 7020 7080
f 7078 7079 7019
f 7020 7019 7079
f 7063 7064 7004
f 7005 7004 7064
f 7064 7065 7005
f 7065 7006 7005
f 7065 7066 7006
f 7007 7006 7066
f 7066 7067 7007
f 7007 7067 7008
f 7067 7068 7008
f 7009 7008 7068
f 7068 7069 7009
f 7011 7010 7070
f 7089 7030 7088
f 7118 7119 7059
f 7119 7120 7060
f 7102 7043 7101
f 7043 7102 7044
f 7044 7102 7103
f 7044 7103 7045
f 7036 7095 7037
f 7045 7103 7104
f 7105 7046 7104
f 7046 7105 7047
f 7106 7047 7105
f 7047 7106 6989
f 7048 6989 7106
f 7048 7107 7049
f 7108 7049 7107
f 7108 7109 7049
f 7050 7049 7109
f 7109 7110 7050
f 7051 7050 7110
f 7110 7111 7051
f 7052 7051 7111
f 7111 7112 7052
f 7045 7104 7046
f 7070 7069 7129
f 7062 7063 7003
f 7061 7062 7002
f 6955 6954 7014
f 7013 7014 6954
f 6956 6955 7015
f 7042 7101 7043
f 7060 7059 7119
f 7101 7042 7100
f 7100 7041 7099
f 7061 7060 7120
f 7120 7121 7061
f 7062 7061 7121
f 7121 7122 7062
f 7062 7122 7063
f 7122 7123 7063
f 7064 7063 7123
f 7123 7124 7064
f 7065 7064 7124
f 7124 7125 7065
f 7066 7065 7125
f 7125 7126 7066
f 7067 7066 7126
f 7126 7127 7067
f 7068 7067 7127
f 7127 7128 7068
f 7069 7068 7128
f 7113 7114 7054
f 7054 7053 7113
f 7112 7113 7053
f 7053 7052 7112
f 7096 7038 7037
f 7098 7039 7097
f 7038 7097 7039
f 7039 7098 7040
f 7040 7098 7099
f 7040 7099 7041
f 7041 7100 7042
f 7015 6955 7014
f 7028 7087 7029
f 7086 7087 7027
f 1588 1646 1647
f 1588 1647 1589
f 1648 1589 1647
f 1589 1648 1590
f 1649 1590 1648
f 1590 1649 1591
f 1650 1591 1649
f 1643 1584 1642
f 1609 1608 1668
f 1667 1668 1608
f 1610 1609 1669
f 1685 1686 1626
f 1628 1627 1687
f 1686 1687 1627
f 1629 1628 1688
f 1687 1688 1628
f 1630 1629 1689
f 1688 1689 1629
f 1690 1631 1689
f 1630 1689 1631
f 1691 1632 1690
f 1631 1690 1632
f 1692 1633 1691
f 1632 1691 1633
f 1693 1634 1692
f 1627 1626 1686
f 1633 1692 1634
f 1587 1646 1588
f 1634 1693 1635
f 1646 1587 1645
f 1645 1586 1644
f 1664 1665 1605
f 1607 1606 1666
f 1665 1666 1606
f 1608 1607 1667
f 1593 1592 1652
f 1651 1652 1592
f 1651 1592 1650
f 1591 1650 1592
f 1636 1577 1635
f 1576 1635 1577
f 1637 1578 1636
f 1577 1636 1578
f 1578 1637 1579
f 1579 1637 1638
f 1579 1638 1580
f 1639 1580 1638
f 1580 1639 1581
f 1639 1640 1581
f 1581 1640 1582
f 1641 1582 1640
f 1582 1641 1583
f 1642 1583 1641
f 1666 1667 1607
f 1583 1642 1584
f 1584 1643 1585
f 1585 1643 1644
f 1585 1644 1586
f 1586 1645 1587
f 7088 7029 7087
f 1695 1636 1694
f 1636 1695 1637
f 1619 1618 1678
f 1678 1618 1677
f 1620 1619 1679
f 1678 1679 1619
f 1621 1620 1680
f 1680 1620 1679
f 1622 1621 1681
f 1680 1681 1621
f 1623 1622 1682
f 1681 1682 1622
f 1624 1623 1683
f 1682 1683 1623
f 1625 1624 1684
f 1618 1617 1677
f 7022 7021 7081
f 7021 7080 7081
f 7023 7022 7082
f 7081 7082 7022
f 7024 7023 7083
f 7082 7083 7023
f 7025 7024 7084
f 7083 7084 7024
f 7026 7025 7085
f 7084 7085 7025
f 7027 7026 7086
f 7085 7086 7026
f 7028 7027 7087
f 1676 1677 1617
f 1635 1694 1636
f 1675 1676 1616
f 1617 1616 1676
f 1696 1637 1695
f 1637 1696 1638
f 1697 1638 1696
f 1638 1697 1639
f 1698 1639 1697
f 1639 1698 1640
f 1699 1640 1698
f 1640 1699 1641
f 1641 1699 1700
f 1641 1700 1642
f 1694 1635 1693
f 1709 1768 1710
f 1684 1685 1625
f 1683 1684 1624
f 1668 1669 1609
f 1611 1610 1670
f 1669 1670 1610
f 1612 1611 1671
f 1670 1671 1611
f 1613 1612 1672
f 1671 1672 1612
f 1614 1613 1673
f 1673 1613 1672
f 1615 1614 1674
f 1674 1614 1673
f 1616 1615 1675
f 1675 1615 1674
f 1626 1625 1685
f 6957 6956 7016
f 7015 7016 6956
f 6958 6957 7017
f 7154 7213 7155
f 7214 7155 7213
f 7153 7212 7154
f 7213 7154 7212
f 7139 7138 7198
f 7197 7198 7138
f 7140 7139 7199
f 7198 7199 7139
f 7141 7140 7200
f 7199 7200 7140
f 7201 7142 7200
f 7141 7200 7142
f 7202 7143 7201
f 7143 7142 7201
f 7203 7144 7202
f 7143 7202 7144
f 7204 7145 7203
f 7144 7203 7145
f 7170 7169 7229
f 7205 7146 7204
f 7206 7147 7205
f 7146 7205 7147
f 7207 7148 7206
f 7147 7206 7148
f 7208 7149 7207
f 7148 7207 7149
f 7209 7150 7208
f 7228 7229 7169
f 7149 7208 7150
f 7169 7168 7228
f 7168 7167 7227
f 7128 7129 7069
f 7070 7129 7130
f 7215 7156 7214
f 7155 7214 7156
f 7216 7157 7215
f 7156 7215 7157
f 7157 7216 7158
f 7217 7158 7216
f 7158 7217 7159
f 7218 7159 7217
f 7159 7218 7160
f 7219 7160 7218
f 7160 7219 7161
f 7220 7161 7219
f 7161 7220 7162
f 7221 7162 7220
f 7162 7221 7163
f 7222 7163 7221
f 7163 7222 7164
f 7223 7164 7222
f 7164 7223 7165
f 7224 7165 7223
f 7165 7224 7107
f 7166 7107 7224
f 7225 7226 7166
f 7167 7166 7226
f 7226 7227 7167
f 7227 7228 7168
f 6936 6996 6937
f 7210 7151 7209
f 7211 7152 7210
f 7200 7259 7201
f 7261 7202 7260
f 7201 7260 7202
f 7262 7203 7261
f 7202 7261 7203
f 7189 7188 7248
f 7246 7247 7187
f 7188 7187 7247
f 7187 7186 7246
f 7172 7171 7231
f 7231 7232 7172
f 7232 7173 7172
f 7232 7233 7173
f 7233 7174 7173
f 7233 7234 7174
f 7174 7234 7175
f 7234 7235 7175
f 7176 7175 7235
f 7235 7236 7176
f 7177 7176 7236
f 7236 7237 7177
f 7237 7178 7177
f 7237 7238 7178
f 7170 7230 7171
f 7238 7179 7178
f 7180 7179 7239
f 7239 7240 7180
f 7260 7201 7259
f 7150 7209 7151
f 7199 7258 7200
f 7257 7258 7198
f 7151 7210 7152
f 7212 7153 7211
f 7152 7211 7153
f 7146 7145 7204
f 7196 7197 7137
f 7229 7230 7170
f 7230 7231 7171
f 7247 7248 7188
f 7190 7189 7249
f 7248 7249 7189
f 7191 7190 7250
f 7249 7250 7190
f 7192 7191 7251
f 7250 7251 7191
f 7193 7192 7252
f 7251 7252 7192
f 7194 7193 7253
f 7253 7193 7252
f 7195 7194 7254
f 7254 7194 7253
f 7196 7195 7255
f 7254 7255 7195
f 7197 7196 7256
f 7256 7196 7255
f 7198 7197 7257
f 7256 7257 7197
f 7199 7198 7258
f 7259 7200 7258
f 7038 6979 7037
f 6985 7044 6986
f 7044 6985 7043
f 6940 6939 6999
f 6999 7000 6940
f 6941 6940 7000
f 7000 7001 6941
f 6942 6941 7001
f 7001 7002 6942
f 6943 6942 7002
f 7002 7003 6943
f 6944 6943 7003
f 7027 7028 6968
f 7003 7004 6944
f 7004 7005 6945
f 6945 7005 6946
f 7005 7006 6946
f 6947 6946 7006
f 7006 7007 6947
f 6948 6947 7007
f 7007 7008 6948
f 6949 6948 7008
f 7008 7009 6949
f 6950 6949 7009
f 6951 6950 7010
f 7009 7010 6950
f 6952 6951 7011
f 7010 7011 6951
f 6945 6944 7004
f 7002 7062 7003
f 6998 6999 6939
f 6970 6969 7029
f 6939 6938 6998
f 6938 6937 6997
f 6957 7016 7017
f 6959 6958 7018
f 7017 7018 6958
f 6960 6959 7019
f 7018 7019 6959
f 6961 6960 7020
f 7019 7020 6960
f 6962 6961 7021
f 7021 6961 7020
f 6963 6962 7022
f 7022 6962 7021
f 6964 6963 7023
f 7022 7023 6963
f 6965 6964 7024
f 7024 6964 7023
f 6966 6965 7025
f 7024 7025 6965
f 6967 6966 7026
f 7025 7026 6966
f 6968 6967 7027
f 7027 6967 7026
f 6969 6968 7028
f 7013 6953 7012
f 6954 6953 7013
f 7011 7012 6952
f 6953 6952 7012
f 6996 6997 6937
f 6997 6998 6938
f 6971 6970 7030
f 7047 6988 7046
f 6988 7047 6930
f 7031 6972 7030
f 6971 7030 6972
f 7032 6973 7031
f 6972 7031 6973
f 7033 6974 7032
f 6973 7032 6974
f 7034 6975 7033
f 7033 6975 6974
f 7035 6976 7034
f 6975 7034 6976
f 7036 6977 7035
f 6976 7035 6977
f 7037 6978 7036
f 7028 7029 6969
f 7036 6978 6977
f 7037 6979 6978
f 6979 7038 6980
f 7039 6980 7038
f 6980 7039 6981
f 7040 6981 7039
f 6981 7040 6982
f 7041 6982 7040
f 6982 7041 6983
f 7042 6983 7041
f 6983 7042 6984
f 7043 6984 7042
f 6984 7043 6985
f 7029 7030 6970
f 7045 6986 7044
f 6986 7045 6987
f 7046 6987 7045
f 7047 6989 6930
f 6989 7048 6990
f 7049 6990 7048
f 6990 7049 6991
f 7050 6991 7049
f 7050 7051 6991
f 6992 6991 7051
f 7051 7052 6992
f 6993 6992 7052
f 7052 7053 6993
f 6993 7053 6994
f 7053 7054 6994
f 6995 6994 7054
f 6926 6985 6927
f 7054 7055 6995
f 7055 7056 6996
f 6997 6996 7056
f 7056 7057 6997
f 6998 6997 7057
f 7057 7058 6998
f 6999 6998 7058
f 7058 7059 6999
f 7000 6999 7059
f 7059 7060 7000
f 7001 7000 7060
f 7060 7061 7001
f 7002 7001 7061
f 6987 7046 6988
f 6996 6995 7055
f 6986 6927 6985
f 6927 6986 6928
f 6987 6928 6986
f 7342 7397 7398
f 7398 7343 7342
f 7284 7342 7343
f 7399 7400 7343
f 7344 7343 7400
f 7400 7401 7344
f 7345 7344 7401
f 7401 7402 7345
f 7346 7345 7402
f 7371 7370 7426
f 7402 7403 7346
f 7403 7404 7347
f 7348 7347 7404
f 7404 7405 7348
f 7349 7348 7405
f 7405 7406 7349
f 7349 7406 7350
f 7406 7407 7350
f 7407 7351 7350
f 7407 7408 7351
f 7352 7351 7408
f 7408 7409 7352
f 7353 7352 7409
f 7409 7410 7353
f 7354 7353 7410
f 7347 7346 7403
f 7428 7372 7427
f 7341 7397 7342
f 7372 7371 7427
f 7397 7341 7396
f 7340 7395 7396
f 7360 7359 7416
f 7416 7417 7360
f 7361 7360 7417
f 7417 7418 7361
f 7361 7418 7362
f 7418 7419 7362
f 7362 7419 7363
f 7364 7363 7420
f 7419 7420 7363
f 7365 7364 7421
f 7420 7421 7364
f 7366 7365 7422
f 7421 7422 7365
f 7367 7366 7423
f 7422 7423 7366
f 7368 7367 7424
f 7423 7424 7367
f 7369 7368 7425
f 7424 7425 7368
f 7370 7369 7426
f 7425 7426 7369
f 7427 7371 7426
f 7356 7355 7412
f 7411 7412 7355
f 7354 7411 7355
f 7410 7411 7354
f 7339 7395 7340
f 7340 7396 7341
f 7415 7416 7359
f 7429 7373 7428
f 7389 7430 7390
f 3860 3801 3859
f 3860 3861 3801
f 3801 3861 3802
f 3861 3804 3802
f 3681 3802 3804
f 3803 3804 3862
f 3863 3862 3804
f 3805 3803 3864
f 3862 3864 3803
f 3806 3805 3865
f 3864 3865 3805
f 3807 3806 3866
f 3865 3866 3806
f 3808 3807 3867
f 3866 3867 3807
f 3809 3808 3868
f 3867 3868 3808
f 3810 3809 3869
f 3868 3869 3809
f 3811 3810 3870
f 3869 3870 3810
f 3812 3811 3871
f 3871 3811 3870
f 3813 3812 3872
f 3812 3871 3872
f 3814 3813 3873
f 3872 3873 3813
f 3800 3859 3801
f 7431 7390 7430
f 6725 6726 6666
f 6726 6727 6667
f 7390 7431 7391
f 7432 7391 7431
f 7391 7432 7392
f 7433 7392 7432
f 7392 7433 7393
f 7393 7433 7434
f 7393 7434 7394
f 7435 7394 7434
f 7395 7435 7436
f 7395 7436 7396
f 7436 7437 7396
f 7396 7437 7397
f 7438 7397 7437
f 7397 7438 7398
f 7439 7398 7438
f 7439 7399 7398
f 7398 7399 7343
f 7440 7441 7399
f 7400 7399 7441
f 7441 7442 7400
f 7400 7442 7401
f 7442 7443 7401
f 7394 7435 7395
f 7484 7485 7451
f 7372 7428 7373
f 7373 7429 7374
f 6669 6668 6728
f 6668 6667 6727
f 3815 3814 3874
f 7358 7415 7359
f 7357 7414 7358
f 7311 7312 7252
f 7313 7254 7312
f 7305 7306 7246
f 7394 7338 7393
f 7338 7394 7339
f 7395 7339 7394
f 7461 7462 7420
f 7422 7421 7463
f 7462 7463 7421
f 7423 7422 7464
f 7463 7464 7422
f 7424 7423 7465
f 7464 7465 7423
f 7425 7424 7466
f 7465 7466 7424
f 7421 7420 7462
f 7460 7461 7419
f 7420 7419 7461
f 7459 7460 7418
f 7403 7445 7404
f 7445 7446 7404
f 7405 7404 7446
f 7446 7447 7405
f 7406 7405 7447
f 7447 7448 7406
f 7407 7406 7448
f 7448 7449 7407
f 7253 7252 7312
f 7408 7407 7449
f 7310 7311 7251
f 7309 7310 7250
f 7254 7313 7255
f 7314 7255 7313
f 7253 7312 7254
f 7239 7238 7298
f 7298 7299 7239
f 7239 7299 7240
f 7299 7300 7240
f 7240 7300 7241
f 7300 7301 7241
f 7242 7241 7301
f 7301 7302 7242
f 7243 7242 7302
f 7302 7303 7243
f 7244 7243 7303
f 7303 7304 7244
f 7245 7244 7304
f 7304 7305 7245
f 7238 7237 7297
f 7246 7245 7305
f 7246 7306 7247
f 7248 7247 7307
f 7307 7247 7306
f 7249 7248 7308
f 7307 7308 7248
f 7250 7249 7309
f 7308 7309 7249
f 7251 7250 7310
f 7252 7251 7311
f 7414 7415 7358
f 7449 7450 7408
f 7450 7451 7409
f 7475 7476 7442
f 7443 7442 7476
f 7476 7477 7443
f 7444 7443 7477
f 7477 7478 7444
f 7445 7444 7478
f 7478 7479 7445
f 7446 7445 7479
f 7479 7480 7446
f 7447 7446 7480
f 7480 7481 7447
f 7448 7447 7481
f 7481 7482 7448
f 7449 7448 7482
f 7482 7483 7449
f 7450 7449 7483
f 7483 7484 7450
f 7469 7436 7468
f 7435 7468 7436
f 7468 7435 7467
f 7434 7467 7435
f 7403 7402 7444
f 7443 7444 7402
f 7401 7443 7402
f 7412 7413 7356
f 7357 7356 7413
f 7413 7414 7357
f 7442 7441 7475
f 7409 7408 7450
f 7474 7475 7441
f 7473 7474 7440
f 7410 7409 7451
f 7451 7452 7410
f 7411 7410 7452
f 7411 7453 7412
f 7453 7454 7412
f 7413 7412 7454
f 7454 7455 7413
f 7413 7455 7414
f 7455 7456 7414
f 7414 7456 7415
f 7456 7457 7415
f 7416 7415 7457
f 7457 7458 7416
f 7417 7416 7458
f 7418 7417 7459
f 7458 7459 7417
f 7419 7418 7460
f 7452 7453 7411
f 7444 7445 7403
f 7436 7469 7437
f 7470 7437 7469
f 7437 7470 7438
f 7471 7438 7470
f 7471 7472 7438
f 7439 7438 7472
f 7472 7440 7439
f 7399 7439 7440
f 7441 7440 7474
f 3859 3800 3858
f 3799 3858 3800
f 3799 3857 3858
f 3663 3785 3786
f 3663 3786 3664
f 3787 3664 3786
f 3664 3787 3665
f 3788 3665 3787
f 3665 3788 3666
f 3789 3666 3788
f 3666 3789 3667
f 3790 3667 3789
f 3657 3783 3651
f 3774 3840 3841
f 3685 3684 3808
f 3686 3685 3809
f 3825 3826 3702
f 3704 3703 3827
f 3826 3827 3703
f 3705 3704 3828
f 3827 3828 3704
f 3706 3705 3829
f 3828 3829 3705
f 3707 3706 3830
f 3829 3830 3706
f 3708 3707 3831
f 3831 3707 3830
f 3709 3708 3832
f 3831 3832 3708
f 3710 3709 3833
f 3662 3785 3663
f 3832 3833 3709
f 3785 3662 3784
f 3783 3784 3651
f 3804 3803 3681
f 3682 3680 3805
f 3803 3805 3680
f 3683 3682 3806
f 3806 3682 3805
f 3684 3683 3807
f 3792 3669 3791
f 3668 3791 3669
f 3791 3668 3790
f 3667 3790 3668
f 3770 3769 3765
f 3771 3765 3768
f 3763 3765 3771
f 3772 3773 3774
f 3770 3765 3774
f 3775 3772 3774
f 3770 3774 3773
f 3776 3777 3774
f 3778 3776 3774
f 3779 3780 3774
f 3781 3774 3780
f 3778 3774 3781
f 3775 3774 3777
f 3782 3779 3783
f 3806 3807 3683
f 3779 3774 3783
f 3657 3782 3783
f 3651 3784 3662
f 3680 3681 3803
f 3834 3715 3710
f 3727 3715 3834
f 3816 3817 3693
f 3695 3694 3818
f 3817 3818 3694
f 3696 3695 3819
f 3695 3818 3819
f 3697 3696 3820
f 3819 3820 3696
f 3698 3697 3821
f 3820 3821 3697
f 3699 3698 3822
f 3698 3821 3822
f 3700 3699 3823
f 3822 3823 3699
f 3701 3700 3824
f 3694 3693 3817
f 3769 3767 3765
f 3849 3907 3908
f 3909 3850 3908
f 3935 3934 3994
f 3993 3994 3934
f 3936 3935 3995
f 3994 3995 3935
f 3937 3936 3996
f 3995 3996 3936
f 3938 3937 3997
f 3996 3997 3937
f 3939 3938 3998
f 3815 3816 3692
f 3833 3834 3710
f 3807 3808 3684
f 3814 3815 3691
f 3835 3727 3834
f 3735 3727 3835
f 3735 3835 3836
f 3742 3735 3836
f 3837 3742 3836
f 3749 3742 3837
f 3838 3749 3837
f 3756 3749 3838
f 3839 3756 3838
f 3765 3756 3839
f 3840 3765 3839
f 3703 3702 3826
f 3701 3824 3825
f 3702 3701 3825
f 3823 3824 3700
f 3808 3809 3685
f 3687 3686 3810
f 3809 3810 3686
f 3688 3687 3811
f 3811 3687 3810
f 3689 3688 3812
f 3811 3812 3688
f 3690 3689 3813
f 3812 3813 3689
f 3691 3690 3814
f 3813 3814 3690
f 3692 3691 3815
f 3693 3692 3816
f 3802 3681 3679
f 3606 3679 3681
f 3802 3679 3801
f 3850 3791 3849
f 3842 3783 3841
f 3816 3815 3875
f 3817 3816 3876
f 3892 3893 3833
f 3834 3893 3835
f 3894 3835 3893
f 3835 3894 3836
f 3895 3836 3894
f 3836 3895 3837
f 3896 3837 3895
f 3837 3896 3838
f 3896 3897 3838
f 3838 3897 3839
f 3839 3897 3898
f 3839 3898 3840
f 3899 3840 3898
f 3840 3899 3841
f 3900 3841 3899
f 3841 3900 3842
f 3901 3842 3900
f 3842 3901 3843
f 3902 3843 3901
f 3843 3902 3844
f 3903 3844 3902
f 3844 3903 3845
f 3904 3845 3903
f 3857 3798 3856
f 3845 3904 3846
f 3797 3856 3798
f 3796 3855 3797
f 3798 3857 3799
f 3783 3842 3784
f 3843 3784 3842
f 3784 3843 3785
f 3844 3785 3843
f 3785 3844 3786
f 3845 3786 3844
f 3786 3845 3787
f 3846 3787 3845
f 3787 3846 3788
f 3847 3788 3846
f 3788 3847 3789
f 3848 3789 3847
f 3789 3848 3790
f 3849 3790 3848
f 3873 3874 3814
f 3790 3849 3791
f 3791 3850 3792
f 3851 3792 3850
f 3792 3851 3793
f 3852 3793 3851
f 3793 3852 3794
f 3853 3794 3852
f 3794 3853 3795
f 3853 3854 3795
f 3795 3854 3796
f 3855 3796 3854
f 3856 3797 3855
f 3846 3904 3905
f 3846 3905 3847
f 3906 3847 3905
f 3888 3889 3829
f 3831 3830 3890
f 3889 3890 3830
f 3832 3831 3891
f 3825 3824 3884
f 3848 3907 3849
f 3783 3774 3841
f 3774 3765 3840
f 3669 3792 3670
f 3670 3792 3793
f 3670 3793 3671
f 3794 3671 3793
f 3671 3794 3672
f 3794 3795 3672
f 3672 3795 3673
f 3796 3673 3795
f 3673 3796 3674
f 3797 3674 3796
f 3674 3797 3675
f 3798 3675 3797
f 3675 3798 3676
f 3676 3798 3799
f 3676 3799 3677
f 3800 3677 3799
f 3677 3800 3678
f 3801 3678 3800
f 3678 3801 3679
f 3830 3829 3889
f 3887 3888 3828
f 3829 3828 3888
f 3886 3887 3827
f 3847 3906 3848
f 3907 3848 3906
f 3834 3833 3893
f 3891 3892 3832
f 3833 3832 3892
f 3891 3831 3890
f 3875 3876 3816
f 3818 3817 3877
f 3876 3877 3817
f 3819 3818 3878
f 3877 3878 3818
f 3820 3819 3879
f 3878 3879 3819
f 7315 7256 7314
f 3821 3820 3880
f 3822 3821 3881
f 3880 3881 3821
f 3823 3822 3882
f 3881 3882 3822
f 3824 3823 3883
f 3875 3815 3874
f 3882 3883 3823
f 3884 3824 3883
f 3826 3825 3885
f 3885 3825 3884
f 3827 3826 3886
f 3885 3886 3826
f 3828 3827 3887
f 3879 3880 3820
f 1606 1605 1665
f 7269 7328 7270
f 7268 7327 7269
f 6838 6837 6897
f 6837 6896 6897
f 6839 6838 6898
f 6897 6898 6838
f 6840 6839 6899
f 6898 6899 6839
f 6841 6840 6900
f 6899 6900 6840
f 6842 6841 6901
f 6901 6841 6900
f 6843 6842 6902
f 6901 6902 6842
f 6911 6851 6910
f 6844 6843 6903
f 6845 6844 6904
f 6903 6904 6844
f 6846 6845 6905
f 6904 6905 6845
f 6847 6846 6906
f 6905 6906 6846
f 6848 6847 6907
f 6907 6847 6906
f 6849 6848 6908
f 6907 6908 6848
f 6850 6849 6909
f 6908 6909 6849
f 6851 6850 6910
f 6896 6837 6895
f 6909 6910 6850
f 6836 6895 6837
f 6853 6852 6912
f 6855 6914 6856
f 6916 6857 6915
f 6856 6915 6857
f 6917 6858 6916
f 6858 6857 6916
f 6918 6859 6917
f 6858 6917 6859
f 6919 6860 6918
f 6859 6918 6860
f 6911 6912 6852
f 6860 6919 6861
f 6861 6920 6862
f 6921 6862 6920
f 6862 6921 6863
f 6922 6863 6921
f 6863 6922 6864
f 6923 6864 6922
f 6864 6923 6865
f 6865 6923 6924
f 6865 6924 6866
f 6925 6866 6924
f 6866 6925 6867
f 6926 6867 6925
f 6867 6926 6868
f 6927 6868 6926
f 6920 6861 6919
f 7263 7204 7262
f 6852 6851 6911
f 6915 6856 6914
f 6902 6903 6843
f 7264 7205 7263
f 7458 7457 7491
f 7490 7491 7457
f 7459 7458 7492
f 7491 7492 7458
f 7460 7459 7493
f 7492 7493 7459
f 7493 7494 7460
f 7462 7461 7495
f 7494 7495 7461
f 7463 7462 7496
f 7495 7496 7462
f 7461 7460 7494
f 7493 7492 7518
f 7502 7503 7477
f 7503 7478 7477
f 7503 7504 7478
f 7478 7504 7479
f 7504 7505 7479
f 7480 7479 7505
f 7505 7506 7480
f 7480 7506 7481
f 7506 7507 7481
f 7482 7481 7507
f 7507 7508 7482
f 7482 7508 7483
f 7508 7509 7483
f 7484 7483 7509
f 7489 7490 7456
f 7203 7262 7204
f 7457 7456 7490
f 7456 7455 7489
f 7204 7263 7205
f 7511 7510 7526
f 7525 7526 7510
f 7512 7511 7527
f 7527 7511 7526
f 7513 7512 7528
f 7527 7528 7512
f 7525 7509 7524
f 7510 7509 7525
f 7523 7524 7508
f 7509 7508 7524
f 7504 7503 7519
f 7505 7504 7520
f 7519 7520 7504
f 7506 7505 7521
f 7520 7521 7505
f 7507 7506 7522
f 7521 7522 7506
f 7508 7507 7523
f 7522 7523 7507
f 7517 7518 7492
f 7516 7517 7491
f 7453 7452 7486
f 7486 7487 7453
f 7454 7453 7487
f 7487 7488 7454
f 7488 7455 7454
f 7488 7489 7455
f 7485 7484 7510
f 6913 6914 6854
f 6912 6913 6853
f 6911 6910 6970
f 6902 6961 6962
f 6969 6970 6910
f 6970 6971 6911
f 6913 6912 6972
f 6972 6912 6971
f 6973 6914 6972
f 6913 6972 6914
f 6974 6915 6973
f 6914 6973 6915
f 6975 6916 6974
f 6915 6974 6916
f 6976 6917 6975
f 6916 6975 6917
f 6977 6918 6976
f 6917 6976 6918
f 6978 6919 6977
f 6912 6911 6971
f 6869 6928 6870
f 6869 6927 6928
f 6868 6927 6869
f 6879 6820 6878
f 6820 6879 6821
f 6880 6821 6879
f 6821 6880 6822
f 6881 6822 6880
f 6822 6881 6823
f 6968 6969 6909
f 6882 6823 6881
f 6910 6909 6969
f 6909 6908 6968
f 6928 6987 6929
f 6929 6987 6988
f 6929 6988 6871
f 6930 6871 6988
f 6930 6989 6931
f 6990 6931 6989
f 6931 6990 6932
f 6991 6932 6990
f 6932 6991 6933
f 6992 6933 6991
f 6933 6992 6934
f 6993 6934 6992
f 6993 6994 6934
f 6935 6934 6994
f 6920 6979 6921
f 6978 6920 6919
f 6979 6920 6978
f 6918 6977 6919
f 6962 6963 6903
f 6905 6904 6964
f 6963 6964 6904
f 6906 6905 6965
f 6964 6965 6905
f 6907 6906 6966
f 6966 6906 6965
f 6908 6907 6967
f 6966 6967 6907
f 6967 6968 6908
f 6855 6854 6914
f 6823 6882 6824
f 6824 6883 6825
f 6866 6807 6865
f 6807 6866 6808
f 6867 6808 6866
f 6808 6867 6809
f 6868 6809 6867
f 6809 6868 6810
f 6834 6893 6835
f 6869 6810 6868
f 6811 6869 6870
f 6811 6870 6753
f 6812 6753 6870
f 6812 6871 6813
f 6872 6813 6871
f 6813 6872 6814
f 6873 6814 6872
f 6814 6873 6815
f 6815 6873 6874
f 6815 6874 6816
f 6816 6874 6875
f 6816 6875 6817
f 6876 6817 6875
f 6817 6876 6818
f 6810 6869 6811
f 6893 6894 6835
f 6835 6894 6836
f 6895 6836 6894
f 6854 6853 6913
f 6806 6865 6807
f 6883 6824 6882
f 6865 6806 6864
f 6864 6805 6863
f 6884 6825 6883
f 6825 6884 6826
f 6884 6885 6826
f 6826 6885 6827
f 6886 6827 6885
f 6827 6886 6828
f 6887 6828 6886
f 6828 6887 6829
f 6888 6829 6887
f 6829 6888 6830
f 6889 6830 6888
f 6830 6889 6831
f 6890 6831 6889
f 6831 6890 6832
f 6891 6832 6890
f 6832 6891 6833
f 6892 6833 6891
f 6833 6892 6834
f 6892 6893 6834
f 6819 6878 6820
f 6819 6877 6878
f 6818 6877 6819
f 6877 6818 6876
f 6862 6803 6861
f 6803 6862 6804
f 6863 6804 6862
f 6804 6863 6805
f 6805 6864 6806
f 7509 7510 7484
f 7486 7485 7511
f 7510 7511 7485
f 7224 7283 7166
f 7225 7166 7283
f 7284 7285 7225
f 7285 7226 7225
f 7285 7286 7226
f 7227 7226 7286
f 7286 7287 7227
f 7228 7227 7287
f 7287 7288 7228
f 7229 7228 7288
f 7288 7289 7229
f 7230 7229 7289
f 7289 7290 7230
f 7230 7290 7231
f 7290 7291 7231
f 7232 7231 7291
f 7291 7292 7232
f 7233 7232 7292
f 7292 7293 7233
f 7234 7233 7293
f 7293 7294 7234
f 7235 7234 7294
f 7294 7295 7235
f 7236 7235 7295
f 7295 7296 7236
f 7281 7222 7280
f 7221 7280 7222
f 7283 7224 7282
f 7280 7221 7279
f 7223 7282 7224
f 7222 7281 7223
f 7310 7309 7369
f 7368 7369 7309
f 7311 7310 7370
f 7369 7370 7310
f 7371 7312 7370
f 7311 7370 7312
f 7372 7313 7371
f 7305 7304 7364
f 7312 7371 7313
f 7372 7314 7313
f 7374 7315 7373
f 7314 7373 7315
f 7375 7316 7374
f 7316 7315 7374
f 7376 7317 7375
f 7316 7375 7317
f 7377 7318 7376
f 7318 7317 7376
f 7378 7319 7377
f 7318 7377 7319
f 7379 7320 7378
f 7319 7378 7320
f 7380 7321 7379
f 7373 7314 7372
f 7337 7393 7338
f 7331 7272 7330
f 7330 7271 7329
f 7282 7223 7281
f 7367 7368 7308
f 7220 7279 7221
f 7205 7264 7206
f 7297 7298 7238
f 7256 7255 7314
f 7316 7257 7315
f 7315 7257 7256
f 7317 7258 7316
f 7257 7316 7258
f 7318 7259 7317
f 7259 7258 7317
f 7319 7260 7318
f 7259 7318 7260
f 7320 7261 7319
f 7260 7319 7261
f 7321 7262 7320
f 7262 7261 7320
f 7322 7263 7321
f 7262 7321 7263
f 7323 7264 7322
f 7322 7264 7263
f 7324 7265 7323
f 7264 7323 7265
f 7325 7266 7324
f 7265 7324 7266
f 7326 7267 7325
f 7267 7266 7325
f 7327 7268 7326
f 7267 7326 7268
f 7328 7269 7327
f 7296 7297 7237
f 7265 7206 7264
f 7329 7271 7270
f 7279 7220 7278
f 7266 7207 7265
f 7206 7265 7207
f 7267 7208 7266
f 7207 7266 7208
f 7268 7209 7267
f 7208 7267 7209
f 7269 7210 7268
f 7209 7268 7210
f 7270 7211 7269
f 7210 7269 7211
f 7271 7212 7270
f 7270 7212 7211
f 7237 7236 7296
f 7272 7213 7271
f 7273 7214 7272
f 7213 7272 7214
f 7274 7215 7273
f 7214 7273 7215
f 7275 7216 7274
f 7215 7274 7216
f 7276 7217 7275
f 7216 7275 7217
f 7217 7276 7218
f 7277 7218 7276
f 7218 7277 7219
f 7219 7277 7278
f 7219 7278 7220
f 7212 7271 7213
f 7309 7308 7368
f 7366 7367 7307
f 7308 7307 7367
f 7351 7352 7292
f 7293 7292 7352
f 7352 7353 7293
f 7294 7293 7353
f 7353 7354 7294
f 7295 7294 7354
f 7354 7355 7295
f 7355 7296 7295
f 7355 7356 7296
f 7297 7296 7356
f 7356 7357 7297
f 7297 7357 7298
f 7357 7358 7298
f 7299 7298 7358
f 7358 7359 7299
f 7300 7299 7359
f 7359 7360 7300
f 7360 7301 7300
f 7360 7361 7301
f 7302 7301 7361
f 7361 7362 7302
f 7303 7302 7362
f 7362 7363 7303
f 7289 7288 7348
f 7347 7348 7288
f 7287 7347 7288
f 7346 7347 7287
f 7292 7291 7351
f 7332 7273 7331
f 7350 7351 7291
f 7349 7350 7290
f 7487 7486 7512
f 7511 7512 7486
f 7488 7487 7513
f 7512 7513 7487
f 7489 7488 7514
f 7514 7488 7513
f 7490 7489 7515
f 7514 7515 7489
f 7491 7490 7516
f 7515 7516 7490
f 7492 7491 7517
f 7477 7476 7502
f 7501 7502 7476
f 7476 7475 7501
f 7500 7501 7475
f 7497 7498 7471
f 7472 7471 7498
f 7498 7473 7472
f 7440 7472 7473
f 7474 7473 7499
f 7499 7500 7474
f 7475 7474 7500
f 7485 7486 7452
f 7451 7485 7452
f 7451 7450 7484
f 7348 7349 7289
f 7349 7290 7289
f 7291 7290 7350
f 7272 7331 7273
f 7333 7274 7332
f 7273 7332 7274
f 7383 7327 7382
f 7326 7382 7327
f 7384 7328 7383
f 7328 7327 7383
f 7385 7329 7384
f 7328 7384 7329
f 7386 7330 7385
f 7329 7385 7330
f 7387 7331 7386
f 7330 7386 7331
f 7388 7332 7387
f 7332 7331 7387
f 7389 7333 7388
f 7332 7388 7333
f 7390 7334 7389
f 7333 7389 7334
f 7391 7335 7390
f 7334 7390 7335
f 7335 7391 7336
f 7392 7336 7391
f 7336 7392 7337
f 7393 7337 7392
f 7380 7322 7321
f 7320 7379 7321
f 7365 7305 7364
f 7307 7306 7366
f 7365 7366 7306
f 7325 7381 7326
f 7382 7326 7381
f 7306 7305 7365
f 7363 7364 7304
f 7334 7275 7333
f 7333 7275 7274
f 7335 7276 7334
f 7275 7334 7276
f 7276 7335 7277
f 7277 7335 7336
f 7277 7336 7278
f 7337 7278 7336
f 7278 7337 7279
f 7338 7279 7337
f 7304 7303 7363
f 7279 7338 7280
f 7280 7339 7281
f 7329 7270 7328
f 7281 7339 7340
f 7341 7282 7340
f 7282 7341 7283
f 7283 7341 7342
f 7342 7284 7283
f 7225 7283 7284
f 7343 7344 7284
f 7285 7284 7344
f 7344 7345 7285
f 7286 7285 7345
f 7345 7346 7286
f 7287 7286 7346
f 7339 7280 7338
f 7271 7330 7272
f 7281 7340 7282
f 3940 3939 3999
f 1605 1604 1664
f 1603 1663 1604
f 979 980 920
f 921 920 980
f 965 906 964
f 905 964 906
f 966 907 965
f 965 907 906
f 908 907 967
f 966 967 907
f 909 908 968
f 967 968 908
f 910 909 969
f 968 969 909
f 911 910 970
f 969 970 910
f 912 911 971
f 970 971 911
f 996 937 995
f 913 912 972
f 914 913 973
f 973 913 972
f 915 914 974
f 914 973 974
f 916 915 975
f 974 975 915
f 917 916 976
f 975 976 916
f 918 917 977
f 922 921 981
f 976 977 917
f 921 980 981
f 935 994 936
f 923 922 982
f 922 981 982
f 924 923 983
f 982 983 923
f 925 924 984
f 983 984 924
f 926 925 985
f 984 985 925
f 927 926 986
f 985 986 926
f 928 927 987
f 986 987 927
f 929 928 988
f 987 988 928
f 930 929 989
f 988 989 929
f 931 930 990
f 989 990 930
f 932 931 991
f 990 991 931
f 933 932 992
f 991 992 932
f 934 933 993
f 992 993 933
f 994 935 993
f 934 993 935
f 995 936 994
f 936 995 937
f 971 970 1030
f 919 918 978
f 920 919 979
f 1028 968 1027
f 970 969 1029
f 1029 969 1028
f 955 1014 956
f 1014 955 1013
f 954 1013 955
f 1013 954 1012
f 998 939 997
f 939 998 940
f 999 940 998
f 940 999 941
f 1000 941 999
f 941 1000 942
f 1001 942 1000
f 942 1001 943
f 1002 943 1001
f 943 1002 944
f 1003 944 1002
f 944 1003 886
f 945 886 1003
f 945 1004 946
f 997 938 996
f 1005 946 1004
f 1006 947 1005
f 947 1006 948
f 1007 948 1006
f 948 1007 949
f 969 968 1028
f 977 978 918
f 1027 967 1026
f 966 1025 1026
f 978 979 919
f 971 972 912
f 1029 1030 970
f 937 996 938
f 938 997 939
f 1015 956 1014
f 956 1015 957
f 957 1015 1016
f 957 1016 958
f 1017 958 1016
f 958 1017 959
f 1017 1018 959
f 959 1018 960
f 1019 960 1018
f 960 1019 961
f 1020 961 1019
f 961 1020 962
f 1021 962 1020
f 962 1021 963
f 1021 1022 963
f 1023 964 1022
f 963 1022 964
f 1024 965 1023
f 1023 965 964
f 1025 966 1024
f 1024 966 965
f 967 966 1026
f 968 967 1027
f 1008 949 1007
f 972 971 1031
f 1013 1072 1014
f 977 976 1036
f 1035 1036 976
f 978 977 1037
f 1036 1037 977
f 979 978 1038
f 1037 1038 978
f 1004 945 1062
f 980 979 1039
f 981 980 1040
f 1039 1040 980
f 982 981 1041
f 1041 981 1040
f 983 982 1042
f 1041 1042 982
f 984 983 1043
f 1042 1043 983
f 985 984 1044
f 1043 1044 984
f 986 985 1045
f 1045 985 1044
f 987 986 1046
f 1045 1046 986
f 1038 1039 979
f 1030 1031 971
f 1004 1063 1005
f 1005 1064 1006
f 1023 1022 1081
f 1034 1035 975
f 1083 1024 1082
f 976 975 1035
f 975 974 1034
f 1054 995 1053
f 994 1053 995
f 995 1054 996
f 1055 996 1054
f 996 1055 997
f 1056 997 1055
f 997 1056 998
f 1057 998 1056
f 998 1057 999
f 999 1057 1058
f 999 1058 1000
f 1058 1059 1000
f 1000 1059 1001
f 1060 1001 1059
f 1001 1060 1002
f 1061 1002 1060
f 1002 1061 1003
f 1003 1061 1062
f 1003 1062 945
f 1047 1048 988
f 989 988 1048
f 1046 1047 987
f 988 987 1047
f 973 972 1032
f 1031 1032 972
f 974 973 1033
f 973 1032 1033
f 1033 1034 974
f 1038 1037 1097
f 1082 1024 1023
f 1024 1083 1025
f 1007 1066 1008
f 1067 1008 1066
f 1008 1067 1009
f 1068 1009 1067
f 1009 1068 1010
f 1069 1010 1068
f 1010 1069 1011
f 1070 1011 1069
f 1011 1070 1012
f 1012 1070 1071
f 1012 1071 1013
f 1064 1005 1063
f 1072 1013 1071
f 1073 1014 1072
f 1014 1073 1015
f 1015 1073 1074
f 1015 1074 1016
f 1016 1074 1075
f 1016 1075 1017
f 1075 1076 1017
f 1017 1076 1018
f 1077 1018 1076
f 1018 1077 1019
f 1078 1019 1077
f 1019 1078 1020
f 1020 1078 1079
f 1020 1079 1021
f 1066 1007 1065
f 1084 1025 1083
f 1006 1065 1007
f 1080 1021 1079
f 1026 1025 1085
f 1085 1025 1084
f 1027 1026 1086
f 1085 1086 1026
f 1028 1027 1087
f 1086 1087 1027
f 1029 1028 1088
f 1087 1088 1028
f 1030 1029 1089
f 1088 1089 1029
f 1031 1030 1090
f 1089 1090 1030
f 1032 1031 1091
f 1090 1091 1031
f 1033 1032 1092
f 1091 1092 1032
f 1034 1033 1093
f 1092 1093 1033
f 1035 1034 1094
f 1093 1094 1034
f 1036 1035 1095
f 1094 1095 1035
f 1037 1036 1096
f 1095 1096 1036
f 1082 1023 1081
f 1081 1022 1080
f 1021 1080 1022
f 1065 1006 1064
f 993 1052 994
f 949 1008 950
f 950 1009 951
f 1121 1062 1120
f 1062 1121 1004
f 1063 1004 1121
f 1063 1122 1064
f 1123 1064 1122
f 1064 1123 1065
f 1124 1065 1123
f 1065 1124 1066
f 1066 1124 1125
f 1066 1125 1067
f 1067 1125 1126
f 1067 1126 1068
f 1127 1068 1126
f 1068 1127 1069
f 1128 1069 1127
f 1069 1128 1070
f 1129 1070 1128
f 1070 1129 1071
f 1115 1056 1114
f 1055 1114 1056
f 1054 1113 1055
f 1114 1055 1113
f 1040 1039 1099
f 1098 1099 1039
f 1041 1040 1100
f 1099 1100 1040
f 1042 1041 1101
f 1061 1120 1062
f 1041 1100 1101
f 1120 1061 1119
f 1060 1118 1119
f 1139 1198 1140
f 1148 1147 1207
f 1149 1148 1208
f 1207 1208 1148
f 1150 1149 1209
f 1208 1209 1149
f 1151 1150 1210
f 1209 1210 1150
f 1152 1151 1211
f 1210 1211 1151
f 1153 1152 1212
f 1211 1212 1152
f 1154 1153 1213
f 1212 1213 1153
f 1155 1154 1214
f 1213 1214 1154
f 1147 1206 1207
f 1164 1165 1105
f 1106 1105 1165
f 1163 1164 1104
f 1056 1115 1057
f 1057 1115 1116
f 1057 1116 1058
f 1117 1058 1116
f 1058 1117 1059
f 1118 1059 1117
f 1059 1118 1060
f 1060 1119 1061
f 1205 1206 1146
f 1043 1042 1102
f 1044 1043 1103
f 1152 1092 1151
f 1094 1093 1153
f 1152 1153 1093
f 1095 1094 1154
f 1153 1154 1094
f 1096 1095 1155
f 1154 1155 1095
f 1097 1096 1156
f 1090 1089 1149
f 1155 1156 1096
f 1156 1157 1097
f 1099 1098 1158
f 1157 1158 1098
f 1100 1099 1159
f 1159 1099 1158
f 1101 1100 1160
f 1159 1160 1100
f 1102 1101 1161
f 1161 1101 1160
f 1103 1102 1162
f 1161 1162 1102
f 1104 1103 1163
f 1162 1163 1103
f 1105 1104 1164
f 1098 1097 1157
f 1232 1173 1231
f 1147 1148 1088
f 1093 1092 1152
f 1101 1102 1042
f 1091 1150 1151
f 1150 1090 1149
f 1102 1103 1043
f 1045 1044 1104
f 1103 1104 1044
f 1046 1045 1105
f 1105 1045 1104
f 1130 1071 1129
f 1047 1046 1106
f 1048 1047 1107
f 1106 1107 1047
f 1049 1048 1108
f 1107 1108 1048
f 1050 1049 1109
f 1108 1109 1049
f 1051 1050 1110
f 1110 1050 1109
f 1110 1111 1051
f 1051 1111 1052
f 1112 1053 1111
f 1052 1111 1053
f 1113 1054 1112
f 1053 1112 1054
f 1105 1106 1046
f 1071 1130 1072
f 1130 1131 1072
f 1072 1131 1073
f 1089 1148 1149
f 1091 1090 1150
f 1092 1091 1151
f 1009 950 1008
f 1147 1146 1206
f 1146 1145 1205
f 1134 1193 1135
f 1194 1135 1193
f 1135 1194 1136
f 1195 1136 1194
f 1136 1195 1137
f 1137 1195 1196
f 1137 1196 1138
f 1197 1138 1196
f 1123 1182 1124
f 1182 1123 1181
f 1122 1181 1123
f 1122 1063 1180
f 1165 1166 1106
f 1108 1107 1167
f 1166 1167 1107
f 1109 1108 1168
f 1167 1168 1108
f 1110 1109 1169
f 1109 1168 1169
f 1169 1170 1110
f 1111 1110 1170
f 1171 1112 1170
f 1111 1170 1112
f 1172 1113 1171
f 1112 1171 1113
f 1173 1114 1172
f 1138 1197 1139
f 1134 1192 1193
f 1113 1172 1114
f 1133 1192 1134
f 1132 1191 1133
f 1010 951 1009
f 951 1010 952
f 1011 952 1010
f 952 1011 953
f 1012 953 1011
f 953 1012 954
f 946 1005 947
f 1037 1096 1097
f 1039 1038 1098
f 1097 1098 1038
f 1183 1124 1182
f 1124 1183 1125
f 1184 1125 1183
f 1125 1184 1126
f 1185 1126 1184
f 1126 1185 1127
f 1186 1127 1185
f 1127 1186 1128
f 1187 1128 1186
f 1128 1187 1129
f 1187 1188 1129
f 1129 1188 1130
f 1189 1130 1188
f 1130 1189 1131
f 1190 1131 1189
f 1131 1190 1132
f 1191 1132 1190
f 1192 1133 1191
f 1204 1205 1145
f 1115 1173 1174
f 1175 1116 1174
f 1166 1165 1225
f 1224 1225 1165
f 1167 1166 1226
f 1225 1226 1166
f 1168 1167 1227
f 1226 1227 1167
f 1169 1168 1228
f 1228 1168 1227
f 1228 1229 1169
f 1170 1169 1229
f 1230 1171 1229
f 1170 1229 1171
f 1231 1172 1230
f 1215 1216 1156
f 1157 1156 1216
f 1215 1155 1214
f 1156 1155 1215
f 1140 1199 1141
f 1200 1141 1199
f 1201 1142 1200
f 1141 1200 1142
f 1202 1143 1201
f 1142 1201 1143
f 1144 1143 1203
f 1202 1203 1143
f 1145 1144 1204
f 1204 1144 1203
f 1224 1164 1223
f 1115 1174 1116
f 1165 1164 1224
f 1164 1163 1223
f 1116 1175 1117
f 1176 1117 1175
f 1117 1176 1118
f 1177 1118 1176
f 1118 1177 1119
f 1119 1177 1178
f 1119 1178 1120
f 1179 1120 1178
f 1120 1179 1121
f 1180 1121 1179
f 1121 1180 1063
f 1114 1173 1115
f 1107 1106 1166
f 1198 1139 1197
f 1199 1140 1198
f 1158 1157 1217
f 1216 1217 1157
f 1159 1158 1218
f 1217 1218 1158
f 1160 1159 1219
f 1218 1219 1159
f 1161 1160 1220
f 1219 1220 1160
f 1162 1161 1221
f 1220 1221 1161
f 1163 1162 1222
f 1221 1222 1162
f 1222 1223 1163
f 1053 994 1052
f 1051 1052 992
f 993 992 1052
f 1227 1226 1286
f 1285 1286 1226
f 1228 1227 1287
f 1286 1287 1227
f 1287 1288 1228
f 1229 1228 1288
f 1288 1289 1229
f 1230 1229 1289
f 1290 1231 1289
f 1230 1289 1231
f 1291 1232 1290
f 1231 1290 1232
f 1232 1291 1233
f 1292 1233 1291
f 1233 1292 1234
f 1234 1292 1293
f 1234 1293 1235
f 1294 1235 1293
f 1235 1294 1236
f 1295 1236 1294
f 1236 1295 1237
f 1296 1237 1295
f 1237 1296 1238
f 1238 1296 1297
f 1238 1297 1239
f 1283 1223 1282
f 1224 1223 1283
f 1285 1225 1284
f 1282 1222 1281
f 1226 1225 1285
f 1225 1224 1284
f 1177 1236 1178
f 1237 1178 1236
f 1178 1237 1179
f 1238 1179 1237
f 1179 1238 1180
f 1239 1180 1238
f 1180 1239 1122
f 1206 1205 1265
f 1181 1122 1239
f 1241 1182 1240
f 1182 1241 1183
f 1242 1183 1241
f 1183 1242 1184
f 1243 1184 1242
f 1184 1243 1185
f 1243 1244 1185
f 1185 1244 1186
f 1245 1186 1244
f 1186 1245 1187
f 1245 1246 1187
f 1187 1246 1188
f 1247 1188 1246
f 1188 1247 1189
f 1181 1240 1182
f 1239 1298 1181
f 1264 1265 1205
f 1265 1266 1206
f 1283 1284 1224
f 1236 1177 1235
f 1223 1222 1282
f 1266 1267 1207
f 1366 1367 1307
f 1452 1393 1451
f 1392 1451 1393
f 1453 1394 1452
f 1393 1452 1394
f 1454 1395 1453
f 1394 1453 1395
f 1455 1396 1454
f 1395 1454 1396
f 1456 1397 1455
f 1396 1455 1397
f 1457 1398 1456
f 1397 1456 1398
f 1458 1399 1457
f 1398 1457 1399
f 1459 1400 1458
f 1399 1458 1400
f 1460 1401 1459
f 1400 1459 1401
f 1461 1402 1460
f 1401 1460 1402
f 1462 1403 1461
f 1402 1461 1403
f 1463 1404 1462
f 1403 1462 1404
f 1464 1405 1463
f 1463 1405 1404
f 1307 1306 1366
f 1208 1207 1267
f 1365 1366 1306
f 1280 1281 1221
f 1209 1208 1268
f 1208 1267 1268
f 1210 1209 1269
f 1268 1269 1209
f 1211 1210 1270
f 1210 1269 1270
f 1212 1211 1271
f 1270 1271 1211
f 1213 1212 1272
f 1272 1212 1271
f 1214 1213 1273
f 1272 1273 1213
f 1207 1206 1266
f 1215 1214 1274
f 1216 1215 1275
f 1275 1215 1274
f 1217 1216 1276
f 1275 1276 1216
f 1218 1217 1277
f 1276 1277 1217
f 1219 1218 1278
f 1277 1278 1218
f 1220 1219 1279
f 1278 1279 1219
f 1221 1220 1280
f 1279 1280 1220
f 1222 1221 1281
f 1273 1274 1214
f 1465 1406 1464
f 1176 1235 1177
f 1175 1234 1176
f 1298 1357 1240
f 1299 1240 1357
f 1358 1359 1299
f 1300 1299 1359
f 1359 1360 1300
f 1301 1300 1360
f 1360 1361 1301
f 1302 1301 1361
f 1361 1362 1302
f 1362 1303 1302
f 1362 1363 1303
f 1304 1303 1363
f 1363 1364 1304
f 1305 1304 1364
f 1364 1365 1305
f 1291 1290 1350
f 1349 1350 1290
f 1290 1289 1349
f 1348 1349 1289
f 1275 1274 1334
f 1333 1334 1274
f 1276 1275 1335
f 1334 1335 1275
f 1277 1276 1336
f 1335 1336 1276
f 1278 1277 1337
f 1336 1337 1277
f 1357 1298 1356
f 1279 1278 1338
f 1297 1356 1298
f 1296 1355 1297
f 1249 1308 1250
f 1309 1250 1308
f 1250 1309 1251
f 1310 1251 1309
f 1251 1310 1252
f 1311 1252 1310
f 1252 1311 1253
f 1312 1253 1311
f 1253 1312 1254
f 1313 1254 1312
f 1254 1313 1255
f 1314 1255 1313
f 1255 1314 1256
f 1248 1307 1249
f 1240 1299 1241
f 1331 1273 1272
f 1332 1333 1273
f 1350 1351 1291
f 1292 1291 1351
f 1351 1352 1292
f 1292 1352 1293
f 1352 1353 1293
f 1293 1353 1294
f 1353 1354 1294
f 1295 1294 1354
f 1295 1354 1296
f 1355 1296 1354
f 1297 1355 1356
f 1235 1176 1234
f 1337 1338 1278
f 1338 1339 1279
f 1195 1254 1196
f 1254 1255 1196
f 1196 1255 1197
f 1256 1197 1255
f 1197 1256 1198
f 1257 1198 1256
f 1198 1257 1199
f 1199 1257 1258
f 1199 1258 1200
f 1259 1200 1258
f 1260 1201 1259
f 1200 1259 1201
f 1261 1202 1260
f 1201 1260 1202
f 1262 1203 1261
f 1202 1261 1203
f 1204 1203 1263
f 1203 1262 1263
f 1205 1204 1264
f 1264 1204 1263
f 1190 1249 1191
f 1248 1249 1190
f 1189 1248 1190
f 1248 1189 1247
f 1233 1174 1232
f 1174 1233 1175
f 1234 1175 1233
f 1254 1195 1253
f 1280 1279 1339
f 1194 1253 1195
f 1193 1252 1194
f 1281 1280 1340
f 1339 1340 1280
f 1274 1273 1333
f 1282 1281 1341
f 1283 1282 1342
f 1341 1342 1282
f 1284 1283 1343
f 1343 1283 1342
f 1285 1284 1344
f 1343 1344 1284
f 1286 1285 1345
f 1344 1345 1285
f 1287 1286 1346
f 1345 1346 1286
f 1346 1347 1287
f 1347 1288 1287
f 1347 1348 1288
f 1288 1348 1289
f 1340 1341 1281
f 1306 1305 1365
f 1240 1181 1298
f 1297 1298 1239
f 1250 1191 1249
f 1191 1250 1192
f 1192 1250 1251
f 1192 1251 1193
f 1193 1251 1252
f 1253 1194 1252
f 1405 1464 1406
f 1465 1466 1406
f 1391 1450 1392
f 1317 1376 1318
f 1377 1318 1376
f 1378 1319 1377
f 1318 1377 1319
f 1379 1320 1378
f 1319 1378 1320
f 1380 1321 1379
f 1320 1379 1321
f 1381 1322 1380
f 1321 1380 1322
f 1382 1323 1381
f 1374 1375 1315
f 1339 1398 1340
f 1400 1341 1399
f 1340 1399 1341
f 1417 1418 1358
f 1359 1358 1418
f 1418 1419 1359
f 1419 1360 1359
f 1419 1420 1360
f 1420 1361 1360
f 1420 1421 1361
f 1362 1361 1421
f 1421 1422 1362
f 1363 1362 1422
f 1422 1423 1363
f 1364 1363 1423
f 1317 1316 1376
f 1423 1424 1364
f 1375 1376 1316
f 1314 1374 1315
f 1395 1336 1394
f 1335 1394 1336
f 1396 1337 1395
f 1336 1395 1337
f 1397 1338 1396
f 1337 1396 1338
f 1398 1339 1397
f 1338 1397 1339
f 1384 1325 1383
f 1323 1382 1324
f 1383 1324 1382
f 1323 1322 1381
f 1308 1307 1367
f 1367 1368 1308
f 1368 1309 1308
f 1368 1369 1309
f 1310 1309 1369
f 1369 1370 1310
f 1311 1310 1370
f 1370 1371 1311
f 1312 1311 1371
f 1371 1372 1312
f 1312 1372 1313
f 1372 1373 1313
f 1314 1313 1373
f 1373 1374 1314
f 1399 1340 1398
f 1316 1315 1375
f 1334 1393 1335
f 1365 1364 1424
f 1424 1425 1365
f 1348 1347 1407
f 1357 1356 1416
f 1407 1408 1348
f 1408 1409 1349
f 1350 1349 1409
f 1409 1410 1350
f 1410 1351 1350
f 1410 1411 1351
f 1352 1351 1411
f 1411 1412 1352
f 1352 1412 1353
f 1412 1413 1353
f 1354 1353 1413
f 1413 1414 1354
f 1355 1354 1414
f 1414 1415 1355
f 1356 1355 1415
f 1349 1348 1408
f 1441 1440 1500
f 1172 1231 1173
f 1171 1230 1172
f 990 989 1049
f 1048 1049 989
f 991 990 1050
f 1049 1050 990
f 992 991 1051
f 1050 1051 991
f 1406 1407 1347
f 1299 1357 1358
f 1346 1406 1347
f 1345 1404 1346
f 1425 1426 1366
f 1366 1426 1367
f 1426 1427 1367
f 1368 1367 1427
f 1427 1428 1368
f 1369 1368 1428
f 1428 1429 1369
f 1370 1369 1429
f 1429 1430 1370
f 1371 1370 1430
f 1430 1431 1371
f 1372 1371 1431
f 1431 1432 1372
f 1373 1372 1432
f 1366 1365 1425
f 1173 1232 1174
f 1416 1358 1357
f 1415 1416 1356
f 1401 1342 1400
f 1341 1400 1342
f 1402 1343 1401
f 1342 1401 1343
f 1403 1344 1402
f 1344 1343 1402
f 1404 1345 1403
f 1344 1403 1345
f 1405 1346 1404
f 1405 1406 1346
f 1394 1335 1393
f 1334 1333 1392
f 1393 1334 1392
f 1449 1390 1448
f 1389 1448 1390
f 1382 1441 1383
f 1434 1375 1374
f 1466 1467 1407
f 1467 1468 1408
f 1426 1425 1485
f 1485 1486 1426
f 1427 1426 1486
f 1486 1487 1427
f 1428 1427 1487
f 1487 1488 1428
f 1429 1428 1488
f 1488 1489 1429
f 1429 1489 1430
f 1489 1490 1430
f 1430 1490 1431
f 1490 1491 1431
f 1432 1431 1491
f 1491 1492 1432
f 1432 1492 1433
f 1492 1493 1433
f 1493 1434 1433
f 1435 1434 1494
f 1493 1494 1434
f 1436 1435 1495
f 1494 1495 1435
f 1388 1447 1389
f 1437 1436 1496
f 1448 1389 1447
f 1447 1388 1446
f 1451 1392 1450
f 1390 1449 1391
f 1450 1391 1449
f 1434 1435 1375
f 1376 1375 1435
f 1435 1436 1376
f 1377 1376 1436
f 1378 1377 1437
f 1436 1437 1377
f 1379 1378 1438
f 1437 1438 1378
f 1380 1379 1439
f 1438 1439 1379
f 1381 1380 1440
f 1439 1440 1380
f 1441 1382 1440
f 1381 1440 1382
f 1407 1406 1466
f 1442 1383 1441
f 1443 1384 1442
f 1383 1442 1384
f 1444 1385 1443
f 1384 1443 1385
f 1445 1386 1444
f 1386 1385 1444
f 1446 1387 1445
f 1386 1445 1387
f 1387 1446 1388
f 1436 1495 1496
f 1438 1437 1497
f 1496 1497 1437
f 1421 1420 1480
f 1480 1481 1421
f 1422 1421 1481
f 1481 1482 1422
f 1422 1482 1423
f 1482 1483 1423
f 1475 1417 1416
f 1433 1434 1374
f 1373 1433 1374
f 1432 1433 1373
f 1324 1383 1325
f 1385 1326 1384
f 1326 1325 1384
f 1386 1327 1385
f 1326 1385 1327
f 1387 1328 1386
f 1386 1328 1327
f 1388 1329 1387
f 1387 1329 1328
f 1389 1330 1388
f 1329 1388 1330
f 1390 1331 1389
f 1330 1389 1331
f 1391 1332 1390
f 1331 1390 1332
f 1392 1333 1391
f 1391 1333 1332
f 1479 1480 1420
f 1419 1479 1420
f 1478 1479 1419
f 1419 1418 1478
f 1439 1438 1498
f 1497 1498 1438
f 1440 1439 1499
f 1498 1499 1439
f 1484 1485 1425
f 1425 1424 1484
f 1483 1484 1424
f 1423 1483 1424
f 1409 1408 1468
f 1468 1469 1409
f 1410 1409 1469
f 1469 1470 1410
f 1411 1410 1470
f 1146 1147 1087
f 1470 1471 1411
f 1471 1472 1412
f 1412 1472 1413
f 1472 1473 1413
f 1413 1473 1414
f 1473 1474 1414
f 1415 1414 1474
f 1474 1475 1415
f 1408 1407 1467
f 1475 1416 1415
f 1358 1416 1417
f 1476 1477 1417
f 1418 1417 1477
f 1477 1478 1418
f 1412 1411 1471
f 1132 1073 1131
f 1073 1132 1074
f 1133 1074 1132
f 1627 1628 1568
f 1570 1569 1629
f 1628 1629 1569
f 1630 1571 1629
f 1570 1629 1571
f 1631 1572 1630
f 1571 1630 1572
f 1632 1573 1631
f 1572 1631 1573
f 1633 1574 1632
f 1573 1632 1574
f 1560 1559 1619
f 1617 1618 1558
f 1559 1558 1618
f 1616 1617 1557
f 1543 1542 1602
f 1602 1603 1543
f 1603 1544 1543
f 1603 1604 1544
f 1545 1544 1604
f 1604 1605 1545
f 1546 1545 1605
f 1605 1606 1546
f 1547 1546 1606
f 1606 1607 1547
f 1607 1548 1547
f 1549 1548 1608
f 1569 1568 1628
f 1548 1607 1608
f 1626 1627 1567
f 1625 1626 1566
f 1519 1578 1520
f 1580 1521 1579
f 1521 1520 1579
f 1521 1580 1522
f 1522 1580 1581
f 1522 1581 1523
f 1582 1523 1581
f 1523 1582 1524
f 1583 1524 1582
f 1516 1575 1517
f 1568 1508 1567
f 1600 1601 1541
f 1601 1602 1542
f 1619 1559 1618
f 1561 1560 1620
f 1619 1620 1560
f 1562 1561 1621
f 1620 1621 1561
f 1563 1562 1622
f 1621 1622 1562
f 1564 1563 1623
f 1622 1623 1563
f 1565 1564 1624
f 1624 1564 1623
f 1566 1565 1625
f 1565 1624 1625
f 1567 1566 1626
f 1568 1567 1627
f 1579 1520 1578
f 1550 1549 1609
f 1609 1549 1608
f 1525 1466 1524
f 1466 1525 1467
f 1526 1467 1525
f 1467 1526 1468
f 1527 1468 1526
f 1468 1527 1469
f 1469 1527 1528
f 1469 1528 1470
f 1529 1470 1528
f 1470 1529 1471
f 1530 1471 1529
f 1471 1530 1472
f 1531 1472 1530
f 1531 1532 1472
f 1472 1532 1473
f 1532 1533 1473
f 1458 1517 1459
f 1518 1459 1517
f 1457 1516 1458
f 1517 1458 1516
f 1443 1442 1502
f 1501 1502 1442
f 1444 1443 1503
f 1502 1503 1443
f 1445 1444 1504
f 1444 1503 1504
f 1446 1445 1505
f 1465 1524 1466
f 1542 1541 1601
f 1524 1465 1523
f 1463 1522 1464
f 1610 1550 1609
f 1552 1551 1611
f 1610 1611 1551
f 1553 1552 1612
f 1611 1612 1552
f 1554 1553 1613
f 1613 1553 1612
f 1555 1554 1614
f 1613 1614 1554
f 1556 1555 1615
f 1614 1615 1555
f 1557 1556 1616
f 1615 1616 1556
f 1558 1557 1617
f 1551 1550 1610
f 1634 1575 1633
f 1509 1508 1568
f 1508 1507 1567
f 1519 1460 1518
f 1459 1518 1460
f 1520 1461 1519
f 1460 1519 1461
f 1521 1462 1520
f 1461 1520 1462
f 1522 1463 1521
f 1462 1521 1463
f 1523 1464 1522
f 1464 1523 1465
f 1504 1505 1445
f 1518 1577 1519
f 1517 1576 1518
f 1909 1968 1910
f 1961 1962 1902
f 1769 1770 1710
f 1953 1954 1894
f 1952 1953 1893
f 1878 1937 1879
f 1879 1937 1938
f 1879 1938 1880
f 1939 1880 1938
f 1880 1939 1881
f 1940 1881 1939
f 1881 1940 1882
f 1941 1882 1940
f 1941 1942 1882
f 1883 1882 1942
f 1942 1943 1883
f 1884 1883 1943
f 1943 1944 1884
f 1884 1944 1885
f 1893 1953 1894
f 1944 1945 1885
f 1945 1946 1886
f 1887 1886 1946
f 1946 1947 1887
f 1947 1888 1887
f 1947 1889 1888
f 1830 1888 1889
f 1969 1910 1968
f 1948 1949 1889
f 1909 1908 1967
f 1907 1966 1908
f 1877 1936 1878
f 1937 1878 1936
f 1954 1955 1895
f 1895 1955 1896
f 1955 1956 1896
f 1896 1956 1897
f 1898 1897 1957
f 1956 1957 1897
f 1899 1898 1958
f 1957 1958 1898
f 1900 1899 1959
f 1958 1959 1899
f 1901 1900 1960
f 1959 1960 1900
f 1902 1901 1961
f 1960 1961 1901
f 1895 1894 1954
f 1903 1902 1962
f 1963 1904 1962
f 1903 1962 1904
f 1964 1905 1963
f 1904 1963 1905
f 1965 1906 1964
f 1905 1964 1906
f 1966 1907 1965
f 1965 1907 1906
f 1967 1908 1966
f 1968 1909 1967
f 1578 1519 1577
f 1890 1889 1949
f 1891 1890 1950
f 1537 1597 1538
f 1597 1598 1538
f 1539 1538 1598
f 1598 1599 1539
f 1540 1539 1599
f 1599 1600 1540
f 1585 1526 1584
f 1525 1584 1526
f 1583 1584 1525
f 1524 1583 1525
f 1510 1509 1569
f 1568 1569 1509
f 1570 1511 1569
f 1510 1569 1511
f 1571 1512 1570
f 1511 1570 1512
f 1572 1513 1571
f 1512 1571 1513
f 1573 1514 1572
f 1513 1572 1514
f 1574 1515 1573
f 1514 1573 1515
f 1575 1516 1574
f 1515 1574 1516
f 1541 1540 1600
f 1576 1517 1575
f 1577 1518 1576
f 1596 1597 1537
f 1949 1950 1890
f 1536 1596 1537
f 1535 1595 1536
f 1950 1951 1891
f 1892 1891 1951
f 1951 1952 1892
f 1893 1892 1952
f 1886 1885 1945
f 1442 1441 1501
f 1769 1710 1768
f 1709 1767 1768
f 1526 1585 1527
f 1586 1527 1585
f 1527 1586 1528
f 1587 1528 1586
f 1528 1587 1529
f 1588 1529 1587
f 1529 1588 1530
f 1589 1530 1588
f 1530 1589 1531
f 1590 1531 1589
f 1531 1590 1532
f 1532 1590 1591
f 1532 1591 1533
f 1592 1533 1591
f 1592 1593 1533
f 1533 1593 1534
f 1593 1535 1534
f 1476 1534 1535
f 1594 1595 1535
f 1595 1596 1536
f 1447 1446 1506
f 1506 1446 1505
f 1448 1447 1507
f 1735 1736 1676
f 1694 1753 1695
f 1754 1695 1753
f 1695 1754 1696
f 1755 1696 1754
f 1696 1755 1697
f 1697 1755 1756
f 1697 1756 1698
f 1757 1698 1756
f 1698 1757 1699
f 1758 1699 1757
f 1699 1758 1700
f 1759 1700 1758
f 1700 1759 1701
f 1760 1701 1759
f 1701 1760 1702
f 1761 1702 1760
f 1702 1761 1703
f 1762 1703 1761
f 1703 1762 1704
f 1763 1704 1762
f 1704 1763 1705
f 1764 1705 1763
f 1705 1764 1706
f 1765 1706 1764
f 1706 1765 1707
f 1766 1707 1765
f 1734 1735 1675
f 1707 1766 1708
f 1643 1702 1644
f 1717 1718 1658
f 1704 1645 1703
f 1645 1704 1646
f 1705 1646 1704
f 1646 1705 1647
f 1647 1705 1706
f 1647 1706 1648
f 1707 1648 1706
f 1648 1707 1649
f 1708 1649 1707
f 1649 1708 1650
f 1709 1650 1708
f 1650 1709 1651
f 1676 1675 1735
f 1710 1651 1709
f 1711 1652 1710
f 1711 1653 1652
f 1594 1652 1653
f 1712 1713 1653
f 1654 1653 1713
f 1713 1714 1654
f 1655 1654 1714
f 1714 1715 1655
f 1656 1655 1715
f 1715 1716 1656
f 1716 1657 1656
f 1716 1717 1657
f 1658 1657 1717
f 1651 1710 1652
f 1644 1703 1645
f 1767 1708 1766
f 1693 1752 1694
f 1751 1692 1750
f 1750 1692 1691
f 1743 1744 1684
f 1702 1643 1701
f 1642 1701 1643
f 1701 1642 1700
f 1652 1594 1593
f 1535 1593 1594
f 1653 1654 1594
f 1595 1594 1654
f 1654 1655 1595
f 1596 1595 1655
f 1655 1656 1596
f 1596 1656 1597
f 1656 1657 1597
f 1598 1597 1657
f 1657 1658 1598
f 1599 1598 1658
f 1658 1659 1599
f 1600 1599 1659
f 1659 1660 1600
f 1601 1600 1660
f 1660 1661 1601
f 1602 1601 1661
f 1661 1662 1602
f 1603 1602 1662
f 1662 1663 1603
f 1690 1749 1691
f 1708 1767 1709
f 1750 1691 1749
f 1749 1690 1748
f 1753 1694 1752
f 1692 1751 1693
f 1752 1693 1751
f 1678 1677 1737
f 1736 1737 1677
f 1679 1678 1738
f 1738 1678 1737
f 1680 1679 1739
f 1739 1679 1738
f 1681 1680 1740
f 1739 1740 1680
f 1682 1681 1741
f 1740 1741 1681
f 1683 1682 1742
f 1741 1742 1682
f 1684 1683 1743
f 1742 1743 1683
f 1677 1676 1736
f 1685 1684 1744
f 1686 1685 1745
f 1744 1745 1685
f 1687 1686 1746
f 1686 1745 1746
f 1688 1687 1747
f 1746 1747 1687
f 1748 1689 1747
f 1688 1747 1689
f 1689 1748 1690
f 1703 1644 1702
f 1659 1658 1718
f 1718 1719 1659
f 1555 1556 1496
f 1498 1497 1557
f 1556 1557 1497
f 1499 1498 1558
f 1557 1558 1498
f 1500 1499 1559
f 1558 1559 1499
f 1501 1500 1560
f 1559 1560 1500
f 1502 1501 1561
f 1560 1561 1501
f 1503 1502 1562
f 1561 1562 1502
f 1504 1503 1563
f 1563 1503 1562
f 1505 1504 1564
f 1563 1564 1504
f 1506 1505 1565
f 1564 1565 1505
f 1507 1506 1566
f 1565 1566 1506
f 1493 1492 1552
f 1550 1551 1491
f 1492 1491 1551
f 1490 1550 1491
f 1417 1475 1476
f 1535 1536 1476
f 1497 1496 1556
f 1477 1476 1536
f 1554 1555 1495
f 1553 1554 1494
f 1506 1507 1447
f 1508 1449 1507
f 1448 1507 1449
f 1474 1473 1533
f 1509 1450 1508
f 1510 1451 1509
f 1450 1509 1451
f 1511 1452 1510
f 1510 1452 1451
f 1512 1453 1511
f 1452 1511 1453
f 1513 1454 1512
f 1453 1512 1454
f 1514 1455 1513
f 1454 1513 1455
f 1515 1456 1514
f 1455 1514 1456
f 1516 1457 1515
f 1456 1515 1457
f 1449 1508 1450
f 1566 1567 1507
f 1533 1534 1474
f 1534 1476 1475
f 1551 1552 1492
f 1494 1493 1553
f 1493 1552 1553
f 1495 1494 1554
f 1496 1495 1555
f 1536 1537 1477
f 1478 1477 1537
f 1537 1538 1478
f 1663 1662 1722
f 1664 1663 1723
f 1723 1663 1722
f 1665 1664 1724
f 1723 1724 1664
f 1666 1665 1725
f 1724 1725 1665
f 1667 1666 1726
f 1726 1666 1725
f 1668 1667 1727
f 1726 1727 1667
f 1669 1668 1728
f 1727 1728 1668
f 1670 1669 1729
f 1728 1729 1669
f 1671 1670 1730
f 1729 1730 1670
f 1672 1671 1731
f 1730 1731 1671
f 1673 1672 1732
f 1731 1732 1672
f 1674 1673 1733
f 1732 1733 1673
f 1675 1674 1734
f 1733 1734 1674
f 1719 1720 1660
f 1660 1659 1719
f 1721 1722 1662
f 1662 1661 1721
f 1720 1721 1661
f 1720 1661 1660
f 1479 1478 1538
f 1538 1539 1479
f 1480 1479 1539
f 1539 1540 1480
f 1480 1540 1481
f 1540 1541 1481
f 1481 1541 1482
f 1541 1542 1482
f 1474 1534 1475
f 1483 1482 1542
f 1484 1483 1543
f 1543 1544 1484
f 1485 1484 1544
f 1936 1877 1935
f 1544 1545 1485
f 1545 1546 1486
f 1486 1546 1487
f 1546 1547 1487
f 1488 1487 1547
f 1547 1548 1488
f 1489 1488 1548
f 1548 1549 1489
f 1490 1489 1549
f 1549 1550 1490
f 1542 1543 1483
f 1574 1633 1575
f 1635 1576 1634
f 1575 1634 1576
f 1485 1545 1486
f 1663 1664 1604
f 1912 1853 1911
f 1858 1917 1859
f 1883 1824 1882
f 1824 1883 1825
f 1884 1825 1883
f 1825 1884 1826
f 1885 1826 1884
f 1878 1819 1877
f 1901 1902 1842
f 1777 1776 1836
f 1776 1775 1835
f 1786 1787 1727
f 1729 1728 1788
f 1728 1787 1788
f 1730 1729 1789
f 1788 1789 1729
f 1731 1730 1790
f 1789 1790 1730
f 1732 1731 1791
f 1790 1791 1731
f 1733 1732 1792
f 1791 1792 1732
f 1734 1733 1793
f 1792 1793 1733
f 1735 1734 1794
f 1793 1794 1734
f 1736 1735 1795
f 1794 1795 1735
f 1737 1736 1796
f 1823 1882 1824
f 1795 1796 1736
f 1882 1823 1881
f 1881 1822 1880
f 1900 1901 1841
f 1843 1842 1902
f 1827 1887 1828
f 1886 1887 1827
f 1827 1826 1886
f 1885 1886 1826
f 1811 1870 1812
f 1870 1871 1812
f 1812 1871 1813
f 1813 1871 1872
f 1813 1872 1814
f 1873 1814 1872
f 1814 1873 1815
f 1874 1815 1873
f 1815 1874 1816
f 1816 1874 1875
f 1816 1875 1817
f 1876 1817 1875
f 1817 1876 1818
f 1877 1818 1876
f 1810 1869 1811
f 1818 1877 1819
f 1819 1878 1820
f 1820 1878 1879
f 1820 1879 1821
f 1880 1821 1879
f 1821 1880 1822
f 1822 1881 1823
f 1842 1841 1901
f 1738 1737 1797
f 1739 1738 1798
f 1721 1720 1780
f 1780 1781 1721
f 1722 1721 1781
f 1723 1722 1782
f 1722 1781 1782
f 1724 1723 1783
f 1782 1783 1723
f 1725 1724 1784
f 1783 1784 1724
f 1726 1725 1785
f 1777 1778 1718
f 1835 1836 1776
f 1801 1802 1742
f 1802 1803 1743
f 1761 1820 1762
f 1821 1762 1820
f 1762 1821 1763
f 1822 1763 1821
f 1763 1822 1764
f 1823 1764 1822
f 1764 1823 1765
f 1824 1765 1823
f 1765 1824 1766
f 1825 1766 1824
f 1766 1825 1767
f 1826 1767 1825
f 1767 1826 1768
f 1779 1780 1720
f 1796 1797 1737
f 1720 1719 1779
f 1719 1718 1778
f 1797 1798 1738
f 1740 1739 1799
f 1798 1799 1739
f 1741 1740 1800
f 1799 1800 1740
f 1742 1741 1801
f 1800 1801 1741
f 1728 1727 1787
f 1785 1786 1726
f 1727 1726 1786
f 1785 1725 1784
f 1711 1710 1770
f 1770 1712 1711
f 1653 1711 1712
f 1771 1772 1712
f 1712 1772 1713
f 1772 1773 1713
f 1714 1713 1773
f 1773 1774 1714
f 1714 1774 1715
f 1774 1775 1715
f 1716 1715 1775
f 1775 1776 1716
f 1716 1776 1717
f 1776 1777 1717
f 1743 1742 1802
f 1718 1717 1777
f 1778 1779 1719
f 1827 1768 1826
f 1899 1900 1840
f 1898 1899 1839
f 1855 1796 1854
f 1795 1854 1796
f 1856 1797 1855
f 1796 1855 1797
f 1798 1797 1857
f 1856 1857 1797
f 1799 1798 1858
f 1857 1858 1798
f 1800 1799 1859
f 1858 1859 1799
f 1801 1800 1860
f 1859 1860 1800
f 1802 1801 1861
f 1860 1861 1801
f 1803 1802 1862
f 1802 1861 1862
f 1804 1803 1863
f 1862 1863 1803
f 1805 1804 1864
f 1863 1864 1804
f 1865 1806 1864
f 1805 1864 1806
f 1866 1807 1865
f 1806 1865 1807
f 1867 1808 1866
f 1807 1866 1808
f 1868 1809 1867
f 1794 1853 1795
f 1808 1867 1809
f 1500 1501 1441
f 1080 1139 1081
f 1074 1133 1075
f 1075 1133 1134
f 1075 1134 1076
f 1135 1076 1134
f 1076 1135 1077
f 1135 1136 1077
f 1077 1136 1078
f 1136 1137 1078
f 1078 1137 1079
f 1138 1079 1137
f 1079 1138 1080
f 1089 1088 1148
f 1139 1080 1138
f 1140 1081 1139
f 1081 1140 1082
f 1141 1082 1140
f 1142 1083 1141
f 1141 1083 1082
f 1143 1084 1142
f 1142 1084 1083
f 1085 1084 1144
f 1143 1144 1084
f 1086 1085 1145
f 1144 1145 1085
f 1087 1086 1146
f 1145 1146 1086
f 1088 1087 1147
f 1440 1499 1500
f 1841 1840 1900
f 1854 1795 1853
f 1853 1794 1852
f 1786 1785 1845
f 1836 1837 1777
f 1809 1868 1810
f 1811 1869 1870
f 1887 1888 1828
f 1829 1828 1888
f 1888 1830 1829
f 1771 1829 1830
f 1889 1890 1830
f 1831 1830 1890
f 1890 1891 1831
f 1831 1891 1832
f 1891 1892 1832
f 1833 1832 1892
f 1892 1893 1833
f 1834 1833 1893
f 1893 1894 1834
f 1835 1834 1894
f 1894 1895 1835
f 1836 1835 1895
f 1895 1896 1836
f 1837 1836 1896
f 1896 1897 1837
f 1837 1897 1838
f 1897 1898 1838
f 1839 1838 1898
f 1840 1839 1899
f 1852 1793 1851
f 1793 1852 1794
f 1792 1791 1850
f 1790 1849 1791
f 1792 1851 1793
f 1837 1778 1777
f 1837 1838 1778
f 1779 1778 1838
f 1838 1839 1779
f 1780 1779 1839
f 1781 1780 1840
f 1840 1780 1839
f 1782 1781 1841
f 1841 1781 1840
f 1783 1782 1842
f 1841 1842 1782
f 1784 1783 1843
f 1842 1843 1783
f 1785 1784 1844
f 1869 1810 1868
f 1843 1844 1784
f 1844 1845 1785
f 1787 1786 1846
f 1846 1786 1845
f 1847 1788 1846
f 1787 1846 1788
f 1848 1789 1847
f 1788 1847 1789
f 1849 1790 1848
f 1789 1848 1790
f 1850 1791 1849
f 1851 1792 1850
f 1768 1827 1769
f 1828 1769 1827
f 1828 1829 1769
f 1949 1948 2008
f 2008 2009 1949
f 1949 2009 1950
f 2009 2010 1950
f 1951 1950 2010
f 2010 2011 1951
f 1952 1951 2011
f 2011 2012 1952
f 1945 1944 2004
f 1953 1952 2012
f 1954 1953 2013
f 2013 2014 1954
f 1955 1954 2014
f 2014 2015 1955
f 1956 1955 2015
f 1957 1956 2016
f 2015 2016 1956
f 1958 1957 2017
f 2016 2017 1957
f 1959 1958 2018
f 2017 2018 1958
f 1960 1959 2019
f 2018 2019 1959
f 1961 1960 2020
f 2012 2013 1953
f 1971 1912 1970
f 1910 1969 1911
f 2007 2008 1948
f 1970 1911 1969
f 1889 1947 1948
f 1946 2006 1947
f 1966 2025 1967
f 2027 1968 2026
f 1967 2026 1968
f 2028 1969 2027
f 2027 1969 1968
f 2029 1970 2028
f 1969 2028 1970
f 2030 1971 2029
f 1970 2029 1971
f 2031 1972 2030
f 1971 2030 1972
f 2032 1973 2031
f 2031 1973 1972
f 2033 1974 2032
f 1973 2032 1974
f 2034 1975 2033
f 1974 2033 1975
f 2035 1976 2034
f 1975 2034 1976
f 2036 1977 2035
f 1976 2035 1977
f 1963 1962 2022
f 2020 2021 1961
f 1962 1961 2021
f 2019 2020 1960
f 1946 1945 2005
f 2005 2006 1946
f 2006 1948 1947
f 2026 1967 2025
f 1861 1920 1862
f 1921 1863 1862
f 1905 1846 1904
f 1845 1904 1846
f 1906 1847 1905
f 1846 1905 1847
f 1907 1848 1906
f 1847 1906 1848
f 1908 1849 1907
f 1848 1907 1849
f 1909 1850 1908
f 1849 1908 1850
f 1910 1851 1909
f 1909 1851 1850
f 1911 1852 1910
f 1876 1935 1877
f 1851 1910 1852
f 1911 1853 1852
f 1913 1854 1912
f 1853 1912 1854
f 1914 1855 1913
f 1854 1913 1855
f 1915 1856 1914
f 1855 1914 1856
f 1916 1857 1915
f 1856 1915 1857
f 1917 1858 1916
f 1857 1916 1858
f 1918 1859 1917
f 1844 1903 1845
f 1922 1863 1921
f 1860 1859 1918
f 1860 1919 1861
f 1923 1864 1922
f 1863 1922 1864
f 1924 1865 1923
f 1923 1865 1864
f 1925 1866 1924
f 1924 1866 1865
f 1926 1867 1925
f 1866 1925 1867
f 1927 1868 1926
f 1867 1926 1868
f 1868 1927 1869
f 1928 1869 1927
f 1869 1928 1870
f 1929 1870 1928
f 1870 1929 1871
f 1929 1930 1871
f 1871 1930 1872
f 1931 1872 1930
f 1872 1931 1873
f 1932 1873 1931
f 1873 1932 1874
f 1932 1933 1874
f 1874 1933 1875
f 1934 1875 1933
f 1875 1934 1876
f 1935 1876 1934
f 1921 1862 1920
f 1920 1861 1919
f 1965 2024 1966
f 2025 1966 2024
f 1964 2023 1965
f 1811 1752 1810
f 1752 1811 1753
f 1812 1753 1811
f 1753 1812 1754
f 1813 1754 1812
f 1754 1813 1755
f 1755 1813 1814
f 1755 1814 1756
f 1815 1756 1814
f 1756 1815 1757
f 1816 1757 1815
f 1757 1816 1758
f 1758 1816 1817
f 1758 1817 1759
f 1818 1759 1817
f 1751 1810 1752
f 1903 1844 1902
f 1902 1844 1843
f 1904 1845 1903
f 1929 1988 1930
f 1989 1930 1988
f 1930 1989 1931
f 1990 1931 1989
f 1931 1990 1932
f 1932 1990 1991
f 1932 1991 1933
f 1992 1933 1991
f 1744 1743 1803
f 1992 1993 1933
f 1750 1809 1751
f 1749 1808 1750
f 1770 1769 1829
f 1829 1771 1770
f 1771 1712 1770
f 1830 1831 1771
f 1771 1831 1772
f 1831 1832 1772
f 1773 1772 1832
f 1832 1833 1773
f 1773 1833 1774
f 1833 1834 1774
f 1775 1774 1834
f 1834 1835 1775
f 1820 1761 1819
f 1760 1819 1761
f 1819 1760 1818
f 1759 1818 1760
f 1745 1744 1804
f 1804 1744 1803
f 1746 1745 1805
f 1804 1805 1745
f 1747 1746 1806
f 1805 1806 1746
f 1807 1748 1806
f 1747 1806 1748
f 1808 1749 1807
f 1748 1807 1749
f 1809 1750 1808
f 1810 1751 1809
f 1933 1993 1934
f 1993 1994 1934
f 1935 1934 1994
f 1976 1918 1917
f 1978 1919 1977
f 1918 1977 1919
f 1944 1943 2003
f 1979 1920 1978
f 1980 1921 1979
f 1920 1979 1921
f 1981 1922 1980
f 1922 1921 1980
f 1982 1923 1981
f 1981 1923 1922
f 1983 1924 1982
f 1924 1923 1982
f 1984 1925 1983
f 1924 1983 1925
f 1985 1926 1984
f 1925 1984 1926
f 1926 1985 1927
f 1986 1927 1985
f 1919 1978 1920
f 1911 1970 1912
f 2003 2004 1944
f 2004 2005 1945
f 2022 1962 2021
f 1964 1963 2023
f 2022 2023 1963
f 2024 1965 2023
f 1977 1918 1976
f 1916 1975 1917
f 1976 1917 1975
f 1915 1974 1916
f 1994 1995 1935
f 1936 1935 1995
f 1995 1996 1936
f 1937 1936 1996
f 1996 1997 1937
f 1938 1937 1997
f 1997 1998 1938
f 1939 1938 1998
f 1998 1999 1939
f 1940 1939 1999
f 1999 2000 1940
f 1941 1940 2000
f 2000 2001 1941
f 1919 1860 1918
f 1941 2001 1942
f 1943 1942 2002
f 2002 2003 1943
f 1988 1929 1987
f 1928 1987 1929
f 1986 1987 1928
f 1927 1986 1928
f 1972 1913 1971
f 1912 1971 1913
f 1973 1914 1972
f 1972 1914 1913
f 1974 1915 1973
f 1914 1973 1915
f 1975 1916 1974
f 2001 2002 1942
f 3198 8112 8110

